Name,Total Return,CAGR,Annual Volatility,Sharpe,Max Drawdown,Daily Observations
Strategy,0.9263893972986208,0.1930588523504695,0.14418072343571814,1.1581892138602177,-0.13738853936110085,936
SPY,1.0757349124524866,0.2172854525234993,0.1590332690406044,1.1900882983685936,-0.18755226260622682,936
QQQ,1.6687684421225542,0.30249483498641294,0.21060791233040954,1.2652027018821759,-0.2276830534342097,936
VTI,1.0521700908528606,0.21354934836685868,0.16111905273347749,1.1577143080760912,-0.19303593854923262,936
