Name,Total Return,CAGR,Annual Volatility,Sharpe,Max Drawdown,Daily Observations
Strategy,0.7995533236640642,0.1711833149926294,0.14335402640190112,1.0348738274062814,-0.13738850626055077,937
SPY,1.081294738470807,0.21790588400288025,0.15895135694153809,1.193828677161783,-0.18755234489427353,937
QQQ,1.6437885597958766,0.29883835446691154,0.21057961197725147,1.2519803791282065,-0.22768308447040153,937
VTI,1.0580768814795638,0.21423693257398546,0.16103698167301764,1.161743069186168,-0.19303602127955555,937
