Name,Total Return,CAGR,Annual Volatility,Sharpe,Max Drawdown,Daily Observations
Strategy,0.7542828833746054,0.16318553353382526,0.14152496600679337,0.9979499920492048,-0.13738883411503666,937
SPY,1.072955772535154,0.21659159662132077,0.15895253229802106,1.1870226712160645,-0.18755231324828714,937
QQQ,1.6291406079281288,0.2968990423671547,0.21067514437635973,1.244408763514778,-0.22768317249200054,937
VTI,1.0480106846499888,0.2126368361455977,0.16104061257772212,1.1535255134652762,-0.19303593854923318,937
