Ticker,ANGL,ARKF,ARKG,ARKK,ARKQ,ARKW,AVDE,AVDV,AVEM,AVUS,AVUV,BBCA,BBJP,BKLN,BLOK,BLV,BND,BNDX,BOTZ,CIBR,DIA,DIV,DIVO,DSI,DVYE,EAGG,EBND,ECH,EEMV,EFAV,EFG,EFV,EIDO,EIS,EMXC,EPOL,ESGD,ESGE,ESGU,EWA,EWD,EWG,EWH,EWI,EWL,EWM,EWN,EWP,EWQ,EWS,EWT,EWU,EWW,EWY,EZA,FDN,FEZ,FNDA,FNDC,FNDE,FNDF,FTCS,GDX,GDXJ,GLDM,GNR,GOVT,GSIE,GSLC,HEFA,HYD,IBB,ICLN,ICVT,IGV,IHI,INDA,IXC,IXN,JEPI,JEPQ,JETS,JMOM,JQUA,KBE,KCE,KIE,KOMP,KSA,LIT,LQD,MCHI,MGC,MLPA,MOAT,OIH,PAVE,PBW,PFFD,PHO,PICK,PKW,QCLN,QQQJ,QQQM,QTEC,QYLD,REM,RSP,RYLD,SCHA,SCHP,SCZ,SDIV,SHYG,SLV,SLVP,SMH,SMIN,SPY,SPYD,SPYX,SUSB,SUSC,TAN,TDIV,THD,TMFC,TUR,UAE,URA,USHY,USMV,VBK,VBR,VCLT,VEA,VGIT,VGK,VGLT,VIG,VIGI,VMBS,VNQ,VNQI,VO,VOE,VOT,VPL,VSGX,VT,VTI,VTV,VUG,VWO,VWOB,VXUS,VYMI,WCLD,XAR,XBI,XHB,XLB,XLC,XLE,XLF,XLI,XLK,XLP,XLU,XLV,XLY,XME,XOP,XRT,XSOE,XT,XYLD
ANGL,1.0,0.6412178579500858,0.6105274121342172,0.6493118449748844,0.6441009912492988,0.6290101842109823,0.6803022635957826,0.6489369436589614,0.5732159286181251,0.7393728476620949,0.6441850076625292,0.6375978078521437,0.5891147308812225,0.6683551233578194,0.5529180013357505,0.5949226818995365,0.6092655465752967,0.49359640429344703,0.6789533607666395,0.5763894320042502,0.6939902612055927,0.6050597731605283,0.6484691175254286,0.7264873701176454,0.49777472800659567,0.6051370088859302,0.6325893043847367,0.4533656592877579,0.554869401516333,0.6279069303047373,0.6890835498243156,0.6329190657733306,0.37384816726177433,0.5526202503535782,0.5714343302646216,0.5369012175707826,0.688456514998477,0.5640366385862332,0.7395577258895919,0.6614282498780083,0.6232522876279335,0.6328049825729555,0.36927633954324945,0.616545361101488,0.6022885667303024,0.4268782649839504,0.6480684367262634,0.5761792507316487,0.6205702314717866,0.5952128281738838,0.5275672193348174,0.5886668520795734,0.4791272961503604,0.46376201111817333,0.5268573999386194,0.6549273837952937,0.6508045689001688,0.7048644543068424,0.6894402815879522,0.5288558676562789,0.6565587847204691,0.655026638892417,0.35718033113068237,0.3843651756974937,0.23637393320392042,0.5148357149807147,0.4750847382406726,0.6935320358535175,0.7390679366353624,0.6096429113514484,0.5678528121022113,0.6193487107079916,0.5498139719046522,0.6375441950133172,0.6023418866436527,0.5910880843005457,0.4593619053053353,0.3199348460140131,0.635234431325032,0.67013277746708,0.6216121302842909,0.5485039061575491,0.7154334221265698,0.741142792144509,0.5238259959772872,0.6760283398146102,0.47673603284050314,0.7029647200679224,0.34477706142313624,0.4736225967088936,0.7294245699170187,0.3710826117893652,0.7191280678859762,0.39396476242485484,0.7501169599467536,0.3420516558043808,0.6510674033541104,0.5804395683809519,0.6985199153278271,0.698135104601945,0.5121885542143669,0.6989358361929501,0.6078379685736305,0.7341718193715449,0.6828719449894862,0.6557030789132755,0.6073168729381007,0.6714355567578764,0.7550625267363278,0.6254513563998637,0.71981426252399,0.49836399118079167,0.6934497388101885,0.6356709407395479,0.9566610046557494,0.2578449502749034,0.3680568697397024,0.5696590889961938,0.3967605174729046,0.7357383854962158,0.6329419126818255,0.7323598314931109,0.6574373887870808,0.7227463217530984,0.49302276190278543,0.6512708039234276,0.462481059174982,0.6912337137187072,0.21079799180676262,0.3079014467405147,0.4183845360600456,0.9627906660741178,0.6642775314936212,0.7358805545761998,0.7040499761728154,0.6964534066520208,0.692177495192088,0.48978239043013183,0.6656678635698662,0.471475679644034,0.7217673011901226,0.6935503480985638,0.5878319713786556,0.6734703023390111,0.6268285746024203,0.7608828614492438,0.7128721750587058,0.739180130430224,0.6297205811044413,0.6770008688785785,0.7555398095113051,0.746724598638132,0.685097387135309,0.694810194619358,0.571829216109625,0.8046984584475878,0.6841024216675572,0.6480805969942932,0.5893361679012666,0.589705830995382,0.5836233077461699,0.6614673798251967,0.6396151128928275,0.6414041936925007,0.2968825310503552,0.6073812996867223,0.6674934042506375,0.6333207589675243,0.4176130387746882,0.4505548232335573,0.5208774397948343,0.6904453008222847,0.5026061208780416,0.3344156031919529,0.6377382779093097,0.5714821559214107,0.7341204777574133,0.6197776316026976
ARKF,0.6412178579500858,1.0,0.7722269270381931,0.9514621567267448,0.8428733468804518,0.9745433353839889,0.6272918977192835,0.5949338924636848,0.5996754123458687,0.7712029285482473,0.6366755087308148,0.6450225955283129,0.5551089720888946,0.5692299779122545,0.8392976590786332,0.22297646427284754,0.21780319049446684,0.18795699300031038,0.7880694307930921,0.7703619153095538,0.6650948119978327,0.4355696337860693,0.586979914721462,0.7879049132301449,0.45326723858105167,0.21856137942294832,0.43798839556602154,0.4047026071121266,0.5556909712527915,0.5044474145194512,0.6855988575236924,0.5377336368413936,0.3465956165026654,0.6390499401456683,0.584050445274756,0.48933578100576036,0.6397028433143971,0.6071655098920427,0.7956059254308329,0.599642893603858,0.609960657771527,0.6047026215269912,0.3812518376666745,0.5523848638079009,0.5063828648566593,0.4052132848442056,0.671094616413103,0.501539601250043,0.5652095949953474,0.6238627139881272,0.5566103289808769,0.49927223651209574,0.42770588743645493,0.4829820852767169,0.4830046625484729,0.8886238229285497,0.6171846918689137,0.7111182825782334,0.6309287304218352,0.5286441251745583,0.5812386008005946,0.5324230756078729,0.2716767950289067,0.3146561546576679,0.11889200784301383,0.44121092939435114,0.10372047098795066,0.6428198348333647,0.7817044618174462,0.6256894267866249,0.23838605679774208,0.6197465966502986,0.5509970261001313,0.8038174497582735,0.8283981153820942,0.5800214742393557,0.4717494183511054,0.23701871749667464,0.7365079931268593,0.5824747206582218,0.6924565974987311,0.6254438325751074,0.7842236926745263,0.7534041009951445,0.546468041697726,0.7774426067484443,0.43798072887834405,0.8572721830083898,0.34274130568355665,0.5451183307799813,0.3496928222006148,0.44580444556435395,0.7844279777440978,0.3394073157392974,0.7465685931644716,0.2956248576110416,0.6256596116359101,0.7181710412775386,0.5273981137170537,0.6194437890479617,0.47682425560222,0.6741117617580782,0.7120204699838164,0.8486302993852725,0.804162530191874,0.8053133689798013,0.7062830006406801,0.5343402512497648,0.718634786172962,0.6981877467580091,0.7769275426328017,0.16363206551609058,0.6495413495303033,0.5615117734158702,0.6737987744693567,0.22385839832453144,0.3256858278183943,0.6562849205088945,0.4156541819044652,0.7785103382102863,0.4785102473746056,0.7843007644090108,0.29036213088608176,0.3365323094973387,0.5272181779061145,0.691796644621134,0.403029429939514,0.8086394284281307,0.22245138367686534,0.3297272651893333,0.5205447074739933,0.6648037478701436,0.5707716779553142,0.8566346804125174,0.6851815198886251,0.33235899483114734,0.6507058544735614,0.1086893671174675,0.611841578592791,0.10978478110976037,0.6631044603751938,0.6563902815090256,0.21818014096570362,0.5240854013525212,0.5530374286196852,0.789755547383051,0.6298061445488153,0.8606249123870308,0.5950914714359776,0.6682113433265292,0.786965435034152,0.8047973526553224,0.5887879445280666,0.8266787108286826,0.614596041127402,0.5192620884459597,0.6629326465531339,0.5613452619780632,0.8500546961101846,0.6402678125525613,0.6587073489750738,0.5767625932101145,0.5613345163751108,0.750635297642188,0.2206320175285641,0.6216464936123213,0.6215832611028237,0.7378544375423035,0.23109845906264778,0.2428359890772031,0.38780328545616133,0.8038641177854932,0.5152910216545072,0.3070352544570406,0.7101481935487852,0.6231428821976326,0.8327149139149296,0.653627615236018
ARKG,0.6105274121342172,0.7722269270381931,1.0,0.8703189383502159,0.7564174406208894,0.7685644508251389,0.5688847390153662,0.5379394887312379,0.5453494501728462,0.6817783451618498,0.6258144566989041,0.5565637741671108,0.5201835585728323,0.4679714985869031,0.6785387888557483,0.29147494212224867,0.2893977918347182,0.23810835377982567,0.69523155078819,0.6378754993659713,0.603296741253505,0.4518573143801918,0.5148067988572842,0.6700102489979609,0.41279327627289425,0.2873688660763052,0.427502908121876,0.4072097935449176,0.5168118563135492,0.4761002783945978,0.6299761618510437,0.49213680382349406,0.3316207705541799,0.5452710035642827,0.5323048119847741,0.4224177468610474,0.5858797969092299,0.5543866698196497,0.6781015927528731,0.544217633551053,0.5517097096174721,0.5193191584130255,0.3638359516640976,0.48083671901015723,0.5107231051317999,0.34967491887200625,0.583912830459725,0.4516999894643629,0.5137287132820727,0.5299808285280486,0.5070149502781314,0.4532685023199172,0.3827758692052928,0.4501627731828706,0.46020995852135066,0.7102820473665641,0.5410467984663273,0.7047713534039134,0.5841489397596243,0.4768957658872476,0.5335762682161339,0.49732983684070287,0.3005335904207974,0.3273998710133935,0.15873448070595778,0.41029718702231144,0.18085465787340513,0.5797456906742762,0.6679958314764306,0.5540303568366001,0.2703966262092196,0.8015747729343992,0.5769372545238483,0.7135464304661934,0.6451860769611742,0.5769384469973294,0.40754004491976237,0.18119630705083864,0.6082254157688695,0.5283674037473995,0.5698447907679057,0.5887353754028385,0.6742920421470259,0.6652138814113435,0.5122393618280533,0.6627173018147077,0.3585467355145291,0.8092470310923172,0.2865929930881565,0.5379000146085243,0.3952597609947978,0.3999463908463064,0.6543690868782304,0.2837265913491309,0.7047653185674932,0.2791663513905477,0.5960259471300298,0.7342784476942149,0.5030100781397047,0.6186221741446375,0.4463952139639648,0.6045161505852424,0.7089330823894429,0.7962992943962482,0.6614894919327347,0.6829548196737665,0.5812857344464031,0.552037150247528,0.6749319242397833,0.6511663647790986,0.7781402016969041,0.20415574898754862,0.5980999110613019,0.5399335234767965,0.6226008782624036,0.22019954902223865,0.33715430604659014,0.5656211259004972,0.36017832310303327,0.6624916535757489,0.4852351486274321,0.6664474409084,0.3323759967200001,0.38714207024987507,0.5719410134790625,0.6095456654321396,0.39576149571563496,0.648309937360668,0.1625146422913351,0.2976322679669322,0.4493328824437004,0.6188137510720045,0.5202069744111172,0.822962288815928,0.6721399528895506,0.3817784816044687,0.5948493951363245,0.19181740346921228,0.5553239168310684,0.1917809003266777,0.5973397123281575,0.613998026988313,0.27848598228157206,0.5349447950919387,0.5345453601052507,0.7172438262320647,0.6017493481284977,0.7571249161501491,0.5584526506686458,0.6136609886751961,0.6896384516069616,0.6968001721803243,0.5632124110668985,0.667820099056297,0.5504280854555919,0.49523119774176494,0.6050697588360514,0.50762076825728,0.7074661396093243,0.611699608174923,0.8402511453229408,0.6036703887403497,0.5403170292578917,0.6070003826058901,0.177871845780322,0.513073258307365,0.5797887189379844,0.6078672903735877,0.21319612664317963,0.26817249977425944,0.49772053771089847,0.6712768352868315,0.5045474696034585,0.25934083363443505,0.6729841093153506,0.5628604798954148,0.7693233773704855,0.5379451383095359
ARKK,0.6493118449748844,0.9514621567267448,0.8703189383502159,1.0,0.8884410481626888,0.9672078494128937,0.6106886517949962,0.5793545531932014,0.6033964674688443,0.7693722680286852,0.6501712516057364,0.6170820340065893,0.5612188191103672,0.5447397592336415,0.8212927031794853,0.24329870205025755,0.23690714152967035,0.20057806002779768,0.7873197047392334,0.7450134086268598,0.6567131105785767,0.4387744574339165,0.5670432209357428,0.7828164226943181,0.4401729121429934,0.2372369131020558,0.4193473322008661,0.40938299354232427,0.5584468168441553,0.4778259734992823,0.676000873738159,0.5175265395250744,0.33993519475214323,0.621866316651767,0.5913137468980176,0.4621212755337747,0.6243519204463217,0.6132892510135822,0.7864168246770307,0.5912953434915965,0.5886877017109241,0.5731560896821504,0.3862273906650501,0.5271919811264338,0.49420268008144436,0.387900043123333,0.6530557037665653,0.4832898107999665,0.5414665759886412,0.6003224359748962,0.5720317232579875,0.47609587448040314,0.4220886265071791,0.5021830435436759,0.48134115727691745,0.8562948520064857,0.5914492606737979,0.728329642879916,0.61842631997435,0.5218125478232275,0.570979131645186,0.5112736101854145,0.27931917869592343,0.3153364729486489,0.13108662093433396,0.43467750108185815,0.12249363696914087,0.6238696842893117,0.7703166233066092,0.6132007037677287,0.24901253338205387,0.6815829665099579,0.5873460614622477,0.8095342406076002,0.7853276546290308,0.5658402762703763,0.44845695341356523,0.2194893900907158,0.7357188185640744,0.5675878339333528,0.6996512913828794,0.631833136499483,0.7750359336356616,0.7430791729690155,0.5484204111808144,0.7549465231878622,0.3979319886720531,0.8813930975754916,0.33174722738124907,0.5783912288323099,0.36754251044947794,0.442500061558768,0.7756487363169312,0.3267800284669196,0.7438924698597164,0.3058205505811085,0.6351621875965912,0.7701289393691448,0.5310858141439795,0.6168337741068047,0.4798822816524115,0.6596405896034802,0.7732304184482914,0.8580304033579527,0.803602727386429,0.8056942940450182,0.6986066468068518,0.5474857819933366,0.7160232635219359,0.7022257090627253,0.8031328474597268,0.17430384378806643,0.6337378285364463,0.5552891272422327,0.6747932887480591,0.22626614593960406,0.32979997286957785,0.6714227728102755,0.3973000739848272,0.7716243446832765,0.4791592038409179,0.7769372075505803,0.30008230224350596,0.35539611170264407,0.5668478897675361,0.7014268923477988,0.41388316218762855,0.7937079856326719,0.2008803705006951,0.3273550533654891,0.5209402961911407,0.6641157623565288,0.5465156268379349,0.8750204144648704,0.6941000037787595,0.3535389164363398,0.6387919497848479,0.12747043378227912,0.5885867940581467,0.1298597892502185,0.6529347747091026,0.6393865948972701,0.23401528963278204,0.5228620519240265,0.5406416814089186,0.7827867838377592,0.6260718278014332,0.8523660502043453,0.6046274741520759,0.6607016978527992,0.7790279756405485,0.8002568727053454,0.5889545664497151,0.8134181067217808,0.6093577533809809,0.5096271298277799,0.6533781551123615,0.5419581445594,0.8158237727430807,0.6652949405677443,0.7300541822747019,0.5865686361645557,0.5548322853127134,0.7282744123734837,0.21014888595305356,0.5849366831175478,0.6287356754471841,0.7376338707752125,0.21035232024068276,0.24770672850248737,0.4026064192820473,0.8180473256858861,0.5283519131530802,0.3000318566774016,0.7168940439079808,0.6247865827820587,0.8434915274842851,0.6381290912839565
ARKQ,0.6441009912492988,0.8428733468804518,0.7564174406208894,0.8884410481626888,1.0,0.8655316305943935,0.6883265422347992,0.6631492268978655,0.6836705313816259,0.8239631272405326,0.6996980901604354,0.6796458652287151,0.635506964837118,0.5541667920954576,0.7923648350872534,0.22028788273010877,0.20942691908752487,0.18742658321435635,0.850398831123944,0.7241718171456246,0.711008015978367,0.47499566504843804,0.6403892272947841,0.834985460781987,0.5121992439940665,0.21234119451855776,0.4347303765207574,0.4715727009090194,0.6260051947916148,0.5034904185974588,0.7377165653639745,0.5893238115798232,0.361259331050277,0.6569308217527297,0.6901802290845841,0.5215714322191203,0.6913951759799037,0.683817872000311,0.8310056124468671,0.6588194275256654,0.6415168496468618,0.6252200037941482,0.4300988453659194,0.5805443186744859,0.5202649418531573,0.44618169440951666,0.7227403884668832,0.5194490940875836,0.5904197972000945,0.6207423823863484,0.6690329028872781,0.5445413330844039,0.4886542025154768,0.5832945222128076,0.5501631886259157,0.7938782207661341,0.6499915132647011,0.7663489426768285,0.6862302152078273,0.599566715646816,0.6539836902630503,0.5394346302264516,0.3471452392280916,0.3829449638270768,0.20417444041391936,0.5313444397856237,0.09470644486438912,0.69046454329823,0.8146280694295508,0.6900353560346921,0.24036305289341936,0.6217823508399688,0.6340692586829821,0.8442379163142958,0.7457208064252229,0.5403321268200761,0.47380152153117383,0.29236714184767315,0.8108783581888471,0.6252835804130458,0.7590826598629131,0.6410408714653494,0.8408026638323065,0.7872231429777468,0.5673645586964648,0.7486891739832859,0.41565601734104046,0.9234837397604737,0.37726782162355665,0.6292078510239322,0.35037034996117394,0.4539888755366528,0.8232321526853905,0.3700943908023997,0.7363624483891275,0.3979728532692394,0.7363206033270296,0.8157824610165213,0.5466783723323095,0.6467840154249892,0.5910512263003194,0.6916612933524655,0.8255935374902157,0.8666462724822911,0.842959891083538,0.8355895369184955,0.7417807124466984,0.5658405653426474,0.7494586999999007,0.7489927178229565,0.8345022569691356,0.17968270038541465,0.6925339277889336,0.5971687021660351,0.6715059874566678,0.2880443843152295,0.39601976906292113,0.774628453848837,0.42281407541851446,0.8219516566072401,0.5005505727098917,0.8229480888494058,0.2806660111535416,0.33543426853229924,0.5931088283344803,0.7863204802277552,0.4732439829865028,0.8175174014881432,0.24178098646090115,0.3774776732190666,0.62961145887554,0.6547708103614119,0.5646021671863981,0.8870131734603023,0.7376839066600533,0.33553890611409387,0.7139751352119201,0.0953247686567193,0.6470893186771742,0.10198450536860403,0.7105884275332471,0.6806259427723087,0.20999791926852585,0.5144191293269691,0.5648549458471337,0.8061837937984679,0.6696681151053628,0.8594678620064549,0.692558335861562,0.7306562717809587,0.8370396531643256,0.8433357547326977,0.6565995016852822,0.836320857161825,0.6715821968078264,0.5058511700410713,0.7285891559709683,0.6182570888212471,0.7120647985651432,0.8082394489894851,0.6401585485087653,0.5926620680481527,0.6223958040477302,0.6873609943070266,0.272812799386023,0.6070722381728103,0.7324568446463553,0.8078302667347014,0.21858234035888327,0.29910436128996815,0.3904500372206589,0.8200958780026258,0.6478818300438172,0.3477686562995351,0.6857137315748519,0.6926722318712163,0.8683635048546009,0.6933368221068842
ARKW,0.6290101842109823,0.9745433353839889,0.7685644508251389,0.9672078494128937,0.8655316305943935,1.0,0.6011739503160707,0.5718171264925518,0.5974318136791895,0.7629483520928012,0.6196667209943333,0.6157645868473153,0.5421809127253365,0.5612867498359323,0.8520562962009195,0.20765023622010417,0.20301327589485876,0.17810739126714942,0.7907304572086196,0.7753178962470394,0.6422101046547155,0.4121067512743085,0.5593628516746761,0.7908529793798564,0.43090452554730013,0.20301723732147584,0.40234342056081535,0.3926079208644213,0.5505522341392944,0.46732880093428525,0.6654614111683608,0.5049058318926603,0.3385484364868786,0.627509412857057,0.58599068427528,0.46286416355667404,0.6129762375663395,0.6053399601979035,0.7924218547066468,0.5825304461846751,0.5826686817568403,0.5732301879927203,0.3687403112089841,0.5233231782727787,0.4713380596596673,0.39359159706206553,0.6546243348446208,0.4749177662128155,0.533614680996101,0.5988598726835594,0.574867762952809,0.46801216677674173,0.41637009245072387,0.4916959768553214,0.4590137522031507,0.8845469951329437,0.5894148593153063,0.6957452845771389,0.6066747364679549,0.5143621450555108,0.5578873905564149,0.4959252994894908,0.26639461665354097,0.3080102095718595,0.1216498141816006,0.42397618864754255,0.08761293321077566,0.6128231011726715,0.7750798550898012,0.6051974145491629,0.23035014659173544,0.6035189794677028,0.5601473930132429,0.8111601851436793,0.8217253966560866,0.549566761390979,0.4506899572311254,0.2244283529581895,0.7543104468066879,0.558211644612013,0.7108652139857994,0.6056676572014048,0.7806315984846498,0.7430963713118653,0.5202192434910765,0.7503461297281508,0.3992789586296259,0.8608303375092541,0.3338030384502864,0.5526965253233582,0.3349036914761492,0.43525166271238735,0.7864293512063162,0.3334737960550392,0.7281922093011376,0.2916194751045393,0.6107486785170039,0.7320233857509759,0.5198149953518348,0.5909720879805607,0.46651672171503245,0.6450739009861822,0.7375559519983742,0.842300327869868,0.8204722679165634,0.8197323387100686,0.7129959857630473,0.5154659222142631,0.6963538476626379,0.6872301519635425,0.7674904707718959,0.1555370695716972,0.623243273071884,0.5344431339182056,0.66319351194408,0.22385135045050997,0.3229401953148909,0.6812757381678088,0.39409218122687417,0.7760520338003515,0.4497500311912193,0.782264451165641,0.2765523390131291,0.3218175566159942,0.5313479985152971,0.704754158274323,0.39856348980534834,0.8166737364007712,0.21664425992166259,0.31816986005116793,0.516348726109477,0.652661118008124,0.5433299511741032,0.8501242738716521,0.6630850316362591,0.31887585677657837,0.6276952521824829,0.09542317597126006,0.5810887231418533,0.09427926558800373,0.644308254211858,0.6253078309900586,0.20351840446680208,0.4997431537824432,0.5197204872352379,0.7723089899782648,0.6029596966169036,0.8524443648249105,0.5875784117922254,0.6517134579457045,0.7771467762132135,0.8014077106584142,0.5655396375409802,0.8354636583985375,0.6055354186553722,0.49689758756018615,0.6433869223107461,0.5318851462655386,0.8398915934190208,0.6351715502231348,0.6513298501727995,0.5526916631915543,0.5330505837423806,0.7439313335940533,0.20980979603565972,0.5829477064254328,0.6039887789677122,0.7573814166712491,0.20186383042838932,0.22667906784107272,0.35841413933370087,0.8158555779136384,0.5098059649792199,0.3018106923427816,0.6947580892092827,0.6193884389209436,0.8326212363550651,0.6477201777979597
AVDE,0.6803022635957826,0.6272918977192835,0.5688847390153662,0.6106886517949962,0.6883265422347992,0.6011739503160707,1.0,0.9676128252095695,0.8103142467211829,0.811279481726777,0.72349100484385,0.8551165197550206,0.8393877352960646,0.6120417914820528,0.6182837850936832,0.28406914591963395,0.2914155452632223,0.23537125201902495,0.7966035957453951,0.5629342387882189,0.7684078215307268,0.6521690504470009,0.7542409132001103,0.7702414488134145,0.7404906154231219,0.29073585899633564,0.7090866940295005,0.6265171253444277,0.7867855948541687,0.8810109423575831,0.9441024036657659,0.9692141210363637,0.484172911171681,0.6432363897944487,0.8016865379544857,0.7751769100086376,0.984734154881344,0.7933147083454876,0.7853920030975146,0.8810220065449106,0.8893491531067815,0.9095500907818491,0.5824010919311068,0.8966791553062532,0.8307521498345063,0.5965016939781317,0.8769997537669654,0.8519916742914508,0.9062667614765654,0.7759681436209697,0.7147471946705033,0.9071557118922813,0.6556001661070249,0.6522295918876918,0.7408942460761542,0.6212925529472128,0.9290937574385633,0.7681158680905732,0.9705621121466241,0.7952196844854323,0.9779853755296667,0.6773026137515729,0.537693572530789,0.5684953240725511,0.3649698756416672,0.7872566769062792,0.174078875610748,0.9854649488893737,0.7820260227437479,0.8752709606502018,0.3266548404455241,0.6021607610442513,0.6298862081017657,0.6998015571040754,0.5577375055405221,0.5905016725053917,0.621285297287953,0.46767917179352775,0.7075809287350874,0.7201701057323325,0.6727889834611592,0.6528740451336712,0.7743392412000732,0.7828877079354307,0.5922544969342565,0.7256552827735475,0.5483845234689424,0.7615715779287822,0.456369262001505,0.6471730023304134,0.4246756499974342,0.5418967384808794,0.766088865103078,0.4478782964332943,0.7430967194219555,0.49007170696598995,0.7482839944316995,0.6225067891909525,0.587726020567569,0.7085372979928216,0.799651198516862,0.7504218836139585,0.6486383080722244,0.7672462771800173,0.7092085372841874,0.682456153487341,0.6707746107840452,0.6512679837255592,0.8039296694977228,0.7077625571491702,0.7691608960216446,0.2413251346020959,0.9687055367804834,0.8054864476779439,0.7074011779296454,0.43345737638008186,0.556116892843408,0.6547065397253866,0.533586747060364,0.7838406128702224,0.6832041768043595,0.7776243692705516,0.3849419229091649,0.41210037692030277,0.5448263376657686,0.7130850281699909,0.6283701163019814,0.7078983403299538,0.2948792095320077,0.40790643535865106,0.5831030176168915,0.6877268408029813,0.6686086528631335,0.7555022470772771,0.7710585543861292,0.3990651253958426,0.9860228231061519,0.18016969381147022,0.963482897757148,0.16101265478301716,0.7721494963977282,0.9378391195638298,0.30645322624255933,0.6293379839789658,0.8370547581924556,0.8022978625426339,0.7806202812310904,0.7550817900030194,0.8928554438113115,0.9529395729754847,0.8986047423242371,0.7942918819512303,0.7802750848753531,0.7077888455086347,0.8037813101166381,0.629866242736411,0.9713347901898937,0.9687419759835054,0.504201979569965,0.6597967123115049,0.5342400417400355,0.6425219327248584,0.7983747322527565,0.6365074787870618,0.3966940539287196,0.6994470581592386,0.7605670300496609,0.6757384890684055,0.43674187240611567,0.43061044737771953,0.538220204164788,0.686392737119156,0.6881859504157851,0.40073358475255577,0.6156462806950431,0.7937554577839568,0.8217659453984392,0.699919494689772
AVDV,0.6489369436589614,0.5949338924636848,0.5379394887312379,0.5793545531932014,0.6631492268978655,0.5718171264925518,0.9676128252095695,1.0,0.787643064714696,0.7726179897498927,0.7124667573778245,0.8416638858539504,0.8298819760425353,0.5864543829095717,0.5984553500693981,0.2610934201605863,0.2725130368852364,0.22095381007713105,0.7674146484298283,0.5349406745387453,0.716812751946965,0.6435449369523359,0.7124085974778,0.7202570591377789,0.733743715828089,0.27406984404437756,0.687030482404079,0.6286161270934159,0.7612957226127823,0.8245384177319789,0.8813403432279567,0.9298777633959276,0.47847598588974105,0.633033269557958,0.7794672439826756,0.7422464035582226,0.9319544790794817,0.7664394796595196,0.7374344474878776,0.8514907170962,0.8459686324778639,0.8464892440547875,0.5571789857557012,0.8359840756884834,0.7587798850270995,0.5853166537076032,0.816901101565807,0.796002922794356,0.8325884749527728,0.7417213121852974,0.6926227404368931,0.8571331137712143,0.6361051165083359,0.6314669423084371,0.7380721226828706,0.5834030063733945,0.85597854451426,0.7450725163756999,0.9659977298356599,0.7784178832374528,0.9484425987081719,0.6220172675354043,0.575466416004192,0.6093489009183102,0.4197435193286882,0.8059338009447405,0.1611613227512483,0.9374227857383228,0.7327982245281304,0.8142552021911748,0.30606494015736274,0.5505169691088936,0.6197911133744329,0.6724320682848002,0.5202111167410939,0.5448992951167057,0.5921413047805419,0.4970904237307288,0.6614325113116191,0.6704354953083421,0.6376516512144693,0.6191855533409033,0.7300472051263504,0.729822196372076,0.5751926188720528,0.6936315430921197,0.5104169104400206,0.7343492389502633,0.46014500688802656,0.6430465190435871,0.39594776871209525,0.5200792378891704,0.7168029941543959,0.46308358114003095,0.698829141067579,0.5226588286875865,0.721605815569446,0.6154692529119226,0.5645026944749375,0.6594823541927936,0.8107865001737224,0.7156562217633102,0.6326004375480243,0.7249881661361808,0.6619227662849582,0.6383784047043578,0.6332329083139194,0.6334903996996395,0.7625576969172838,0.6798182267913336,0.7423413044470162,0.24421348629541126,0.9626971093214013,0.7982948063885305,0.6706959212800155,0.47054698186082206,0.5967011007735187,0.6141013513384441,0.517224924101731,0.7359988893596457,0.6623192639076652,0.7279767983421012,0.36363370683267404,0.38465502678634106,0.5433694428516177,0.6715609548283117,0.6192972427624176,0.659269373356636,0.28825274734804934,0.4025489589910016,0.5942614510084889,0.6526611163355657,0.6158167079987128,0.7223492167363332,0.7460637855977481,0.37020237792548205,0.944741811662296,0.16945316049991802,0.9001265784470843,0.14547352211191875,0.7183166907804756,0.8797580969977056,0.28970109884931017,0.60364912730145,0.8204459532256825,0.7636403876478534,0.7498328363746029,0.7138953562070958,0.8787457303736832,0.9122099676457432,0.8529623327263923,0.7489634854221678,0.7398964661859249,0.6602735908436513,0.7809783596149878,0.5977143347609063,0.9333182992896218,0.9365359835932561,0.4761701787809854,0.648511136187857,0.5016530049156497,0.6039986425873597,0.7766217624709927,0.6002446928458643,0.42942113092247874,0.658787491254563,0.7238111121621932,0.6292239933457371,0.3907428630018911,0.4128119543404994,0.4775203803340085,0.6445772878689583,0.7074599417028115,0.4405320746428698,0.5847557733214716,0.7659549146008275,0.779627723135728,0.6630469152351369
AVEM,0.5732159286181251,0.5996754123458687,0.5453494501728462,0.6033964674688443,0.6836705313816259,0.5974318136791895,0.8103142467211829,0.787643064714696,1.0,0.7049886016548841,0.582927169861524,0.6886180632404221,0.700543613221821,0.5225202422195965,0.6055161907219078,0.2256058655658225,0.23172355967983793,0.1953784836731045,0.750903407180374,0.5186869026650877,0.614693973880636,0.4524722084749811,0.5686262408740087,0.7008818830978056,0.8161593725258033,0.23268105348535142,0.6640473445154323,0.6027525223812549,0.9387126092678445,0.6426448932158597,0.8121088789386826,0.7537651503345547,0.4533175866884301,0.5927376400344606,0.9362055161021469,0.6573073232204789,0.8092993541375763,0.9845132777518946,0.7002246288712072,0.7567304790098219,0.7149660596490167,0.7189389752899537,0.706588789099487,0.690116264076562,0.6148525288935046,0.591012172654889,0.7999508065430853,0.6467043758950803,0.7144612959401946,0.7252761387752259,0.8541142929330633,0.6958242574971965,0.6107744008338899,0.836114234659524,0.7678393786555207,0.5879023351599939,0.7635524773513871,0.6448115448159986,0.8197222704880788,0.9278090120270187,0.8242981137991378,0.46260625670074357,0.5051385544668929,0.5337614125148628,0.3614625716955374,0.6703950920933236,0.14003986039715097,0.7935337993161442,0.684257501742786,0.7355703568727762,0.28297168811291235,0.5263306758508198,0.6355019717629289,0.7325849882239578,0.5237903878217826,0.434861674938569,0.6227226044987195,0.33048970671842925,0.7468811273267755,0.5537310266510129,0.6481010741770555,0.573944467132368,0.7151517456845004,0.6847762090346642,0.4287655394495067,0.5885641438054068,0.31131401477441145,0.7360348473214046,0.43782187051118887,0.715645204843891,0.34410057052257065,0.7542934860934117,0.6932529211642672,0.32836506689098766,0.6107474590120967,0.3957277061619516,0.6285740897961665,0.6416448922704174,0.47538704299205586,0.5457496396515058,0.7762160322340378,0.5744190176196008,0.67833853531813,0.7340665342372781,0.7025830507253276,0.7144353611535847,0.6436378429927674,0.5134465784788298,0.6474154945526057,0.620934468871353,0.6828638897827799,0.1618660131370133,0.784049886073546,0.7445997652110645,0.5916847611542425,0.4375137681863986,0.5281819905260821,0.7206235300202641,0.5572061067003932,0.6962062713546374,0.4685133472167082,0.6902905969496963,0.30314849548874795,0.3332929525502361,0.5842011274512657,0.7063744926491275,0.6640185734488186,0.6516740956814355,0.2859307752844544,0.4337218079239073,0.5777433478361299,0.5710731178770286,0.4866380741851325,0.6972597846814779,0.6208630420263234,0.3245822244319565,0.8474170238327221,0.13231312222665803,0.7660734387967877,0.12225511431609111,0.6154802327996705,0.7592054709738999,0.24297649371035415,0.4509276354051806,0.7247954057498499,0.6735525717840937,0.5924184559157267,0.690175296308264,0.8596032114206191,0.914774499463488,0.8167810965164808,0.7055926003949508,0.6032642473965166,0.6727918027124241,0.9660006710572081,0.5247743623314194,0.9112911382909524,0.8154190424227032,0.4669075703992267,0.5539160175329988,0.4965452089261381,0.5233358224639165,0.6449654467798487,0.5376168215522898,0.2723177243630479,0.4904331120490165,0.6180401700479361,0.6991077597148612,0.24515298600290095,0.2806820449791672,0.353965512788045,0.6084230392677278,0.6329692736863928,0.29653495188285084,0.5213768571296651,0.9809115014676512,0.796157471456649,0.6125217146074489
AVUS,0.7393728476620949,0.7712029285482473,0.6817783451618498,0.7693722680286852,0.8239631272405326,0.7629483520928012,0.811279481726777,0.7726179897498927,0.7049886016548841,1.0,0.8852861555479221,0.8209572902763993,0.7138781793241205,0.672386568225119,0.7330600071581468,0.22466472867660972,0.20401242606506503,0.1680864092323888,0.8533561797254114,0.7396031695218508,0.9299139472833075,0.7160942673465598,0.888727516252018,0.9573856330155112,0.5892381382898338,0.2045540096744175,0.48679003173917385,0.5291915313150062,0.651432716274876,0.6368746262249192,0.819617190539069,0.7487009927275936,0.4164713752005486,0.6955487423239255,0.7240951839944992,0.6250710311688248,0.8118086336732768,0.6911924874898431,0.9770298692061523,0.7798474523488536,0.7305440955800769,0.7308867028282863,0.45756552384981564,0.7083020699753666,0.6419717605366829,0.5134055288514958,0.7940834133956719,0.65084180590934,0.7160601571350932,0.6771802026710875,0.6901355929193731,0.7003330405454847,0.560417852690068,0.5766306631062726,0.576493702931519,0.8198509587442486,0.7679844748018994,0.9216106224526448,0.7913554546191424,0.6564674392720279,0.7904656539433809,0.8115138080291312,0.3372186853628615,0.37197306991157314,0.14981444067389876,0.6948126039636477,0.06849632350342803,0.8241323058810339,0.9798515396235465,0.8347034011179769,0.26253661672090217,0.693206816787536,0.5978582418889459,0.8059842975471586,0.7584956525292935,0.6910244764652504,0.573060135668481,0.4947955254470584,0.8618792183193786,0.8752169880394204,0.8401680037163438,0.7309657157854939,0.9578018971545806,0.9649572395263672,0.7495899102010205,0.883444159445445,0.6680590350397267,0.8922068180280315,0.44283741125953335,0.5987355101744515,0.3787176412757346,0.4213059230986574,0.961730622790543,0.5347119490984387,0.8970606982198982,0.5626771415293501,0.89774193009697,0.7025732509082854,0.6321071150556823,0.8357605917124313,0.6735221315421809,0.9213943368361627,0.7480633943146191,0.9126588192562904,0.9045815606291315,0.8592650737378704,0.8404035214578454,0.6989327698772689,0.9556788987787643,0.8588745524540202,0.9333958299916603,0.1852724923507837,0.7852991307074624,0.7182545324771955,0.7761892890375908,0.26261064772873893,0.3835793871071689,0.7938168435185097,0.4967222811157002,0.976944157036396,0.7654395661051,0.9699848701274996,0.29578326238090297,0.3647972384160897,0.5489031207090934,0.88027092617718,0.5123789480358333,0.9089996951085738,0.27499474665734874,0.40769906401136097,0.5585238452102456,0.7521698726669408,0.813297829839884,0.9241854030077892,0.9242299036899128,0.36710763235824967,0.8254925763990335,0.06513024945425015,0.7740192069065829,0.08480296043949312,0.9381516706116837,0.8012441729937244,0.20723617665030875,0.688451634731854,0.6492594202024815,0.961221977662662,0.906400767693583,0.9320675474685975,0.7611192005222597,0.8052829323203283,0.9665377597089203,0.9851774331445076,0.9138887727645874,0.9084150229972566,0.6945520170224188,0.5819363942056212,0.8192997078422184,0.7688379502085962,0.6899502795923407,0.760601973994578,0.6339372326628994,0.7470722329113132,0.8317718135683161,0.8027531789834217,0.48299600338121396,0.8443913598260152,0.9009639189171769,0.8680694379193666,0.46981782616580997,0.45489751701701175,0.6174291630837188,0.8696563826792539,0.7027811800592765,0.5271183332008129,0.7902228389216612,0.6994562860033472,0.9051986145003718,0.8569723486636989
AVUV,0.6441850076625292,0.6366755087308148,0.6258144566989041,0.6501712516057364,0.6996980901604354,0.6196667209943333,0.72349100484385,0.7124667573778245,0.582927169861524,0.8852861555479221,1.0,0.768046944187856,0.6116573098072321,0.5945402248341063,0.630792879015474,0.18539266824965728,0.16238901322420643,0.12175863658306825,0.6914669845327154,0.5878168299882676,0.8164430115332797,0.7941101658685605,0.786531258744992,0.7585702269791734,0.5371142859365157,0.16618700107879167,0.4202396535471814,0.4954641652541248,0.5262217366291134,0.5542497298396445,0.6673501230459712,0.6942480684803395,0.3526917390288806,0.5776831331071873,0.5890258415914289,0.553688364237766,0.6995747918320816,0.5667476391179656,0.7851979679919436,0.700714181359673,0.6322219933530627,0.6211648428441986,0.41173235048223666,0.6241371652352107,0.5436522084385296,0.43172084467898764,0.6478883120219866,0.5721096721463598,0.6260089336154643,0.5749564957851248,0.5564790577245109,0.6423871435301577,0.5011333825076507,0.44692623105788876,0.508179931097914,0.6301343790244254,0.6521527646540216,0.9683414508330235,0.7114090477308769,0.5722814223009756,0.7169571121649353,0.716284841597334,0.2790254044353104,0.3164628861208615,0.11119226422050771,0.7101500326173766,0.045308544444852106,0.719023890487043,0.7961951158329647,0.7197350246938563,0.21587188615946015,0.5988378720835811,0.5175485605872214,0.6796317902616529,0.5701678583041574,0.5719676990405922,0.4667058238148793,0.5795711727410889,0.6245204359921026,0.7373191223258636,0.6303520076790176,0.7168095576094908,0.7830495921246914,0.7990735049565063,0.8741061453753387,0.8380823164134464,0.6813754660210033,0.8084432740742484,0.4111908084625018,0.5413689814037371,0.32068737232190747,0.35809639468037197,0.7465331830727489,0.5814835070916512,0.8016597599163822,0.6688711311526094,0.8773522941682051,0.663151610959977,0.6015798676838916,0.7968059176517559,0.6363554289902751,0.8948040064936017,0.6700842645094457,0.7828650912176258,0.6661386483017444,0.6606646636439388,0.6289740916845286,0.7165107902536959,0.8890300157671013,0.8125649235839224,0.9350603291929512,0.16531921908264222,0.6966936157466522,0.7218485942728489,0.6813555246066415,0.203390561956784,0.33070833056646215,0.6010325009494283,0.3999869883047425,0.7825568078690412,0.8147751529765689,0.7698803533470413,0.24347779049856105,0.3070798668576324,0.506085033601159,0.7095676191541442,0.4227862879655492,0.6703297210870661,0.24531265580527395,0.34559110600704257,0.4644698602634934,0.65942836934814,0.6730921434241206,0.846754426732724,0.9680303938596173,0.3116449777983755,0.7131338964111074,0.03729039876566088,0.6706445676498618,0.06488252629795374,0.8025356784855292,0.681761998409886,0.16887110765583602,0.6658146006276208,0.603535127770779,0.8713102326655691,0.8904118406101852,0.7839299635498393,0.6436795899921655,0.6784321779977567,0.8048807645555243,0.8125375622005014,0.8539949570285047,0.6668002616324096,0.5833335489202893,0.4997413815945383,0.7031735843581184,0.7092874334878786,0.5846579356751983,0.6952490082250654,0.5617260310157882,0.7674315593694953,0.7981682231515526,0.624801941858001,0.5800267782287841,0.8007123076710115,0.8314310566258966,0.6294853964357859,0.4061070094010123,0.3942984139823731,0.5092497672799481,0.7261234721276706,0.716315410686438,0.6343915882371425,0.8198896888838515,0.5696746347405178,0.7438992811896459,0.6782256662808859
BBCA,0.6375978078521437,0.6450225955283129,0.5565637741671108,0.6170820340065893,0.6796458652287151,0.6157645868473153,0.8551165197550206,0.8416638858539504,0.6886180632404221,0.8209572902763993,0.768046944187856,1.0,0.6741122417794418,0.5785220211558906,0.6183564176056907,0.2432774804848899,0.24706589024237072,0.21044612382394529,0.7138202659508812,0.5963265692161942,0.7770128232343161,0.7159798926908633,0.7900503933145906,0.7567059441210008,0.6650817783917968,0.25012641729441126,0.5843159652730583,0.5777612978907178,0.6457818872801693,0.7260897971527371,0.775856478026135,0.8072706869319394,0.4307035891256166,0.5891961269934615,0.6804393773924524,0.6516707137581287,0.814688974845236,0.6715036388430301,0.7825232549626262,0.8447353738803757,0.7395337420170929,0.7216758414520552,0.49642405910521276,0.7195179621411101,0.67588903226203,0.5329606232595007,0.7201529915813424,0.6834958035455063,0.7112773107332039,0.6966097245780378,0.6118484295846622,0.7898052302532511,0.5986435902154101,0.5257506462268344,0.6673218703639274,0.6309610752177105,0.7399738990577818,0.7869314126051937,0.8309197207643426,0.6954426261342428,0.8294211876130714,0.7017083458767446,0.5641574355320564,0.5902240958996235,0.3729682247750259,0.8285101305965908,0.1378930055263426,0.8431021589114319,0.7819514467298223,0.7379902602762005,0.28494688104485194,0.5665646982261126,0.5972884495210132,0.6750517961587743,0.5929094324918627,0.589255215938161,0.5251720526691642,0.5954779625303417,0.6510770527616241,0.7385272870944689,0.6536859132563765,0.6009916917503224,0.7672272725542342,0.7795859948381264,0.6320195148416285,0.7392802247410548,0.5874344837122177,0.753245161978469,0.43924645789088534,0.5910514280965958,0.37214143703603664,0.4588282589351943,0.7575022113846501,0.5740681352507473,0.7429768534032848,0.5876247552462206,0.750935479157417,0.6237260430888422,0.5784388264653287,0.7019219504476767,0.7661968943308489,0.7764305073510357,0.632742060266466,0.7511128711283331,0.6770043972727842,0.6449068930684624,0.6464162472878835,0.6641224867239234,0.8171877156207522,0.7283383227819942,0.7800086311987712,0.259092764609087,0.8093048812244267,0.7738760565869167,0.6633290272122578,0.4404196902028591,0.5769591361062806,0.5839126271832196,0.4536003190250957,0.7796052797588674,0.738456937658133,0.7699489258994588,0.3248529124085062,0.358338781083803,0.5271284649215023,0.694880015608892,0.5393172435423867,0.6935014337313828,0.253673702388699,0.3617445080221142,0.6176683559987497,0.6469773561960367,0.7105008742195211,0.7590089736175989,0.7956183238384946,0.35032818661993725,0.8403663311651214,0.14565935996533805,0.7868351643766099,0.1298882352016212,0.7786651027472368,0.8246873558750192,0.2655132331140478,0.6597586885018953,0.7309261475371636,0.8210141216171905,0.8112473225076846,0.7619807829371784,0.7402058178980594,0.8011801808620159,0.8437119728222295,0.7929428119141295,0.8059557714670669,0.6882131456162492,0.6936671679802241,0.5541949713577821,0.8301612192131967,0.846703611048133,0.5466865399944316,0.6739666288570384,0.5112188609170272,0.6029939989238223,0.7948949355815276,0.6297875800235652,0.5401958993862229,0.7324372896353027,0.7589449046476952,0.6418299833048948,0.4481393175686077,0.4963369523143224,0.5298787395319975,0.6723625768002359,0.7425574891353274,0.5524188519484956,0.6313183408218684,0.6672188763726719,0.7641717161718016,0.6986401337582006
BBJP,0.5891147308812225,0.5551089720888946,0.5201835585728323,0.5612188191103672,0.635506964837118,0.5421809127253365,0.8393877352960646,0.8298819760425353,0.700543613221821,0.7138781793241205,0.6116573098072321,0.6741122417794418,1.0,0.49561629563681353,0.5487062534003702,0.26619681173023224,0.26817030130251635,0.22572027125170188,0.7741393971143031,0.5230382287484727,0.6651472288247929,0.48847872464864456,0.6229070934027982,0.6982964340442502,0.5771656338598276,0.26739161645205334,0.5545125863983765,0.4993601316104522,0.6765405341052804,0.7390737432166087,0.8365640610882791,0.8028720493453523,0.4068846935777034,0.5517080051094309,0.7260484283998775,0.5876751390419571,0.849043480378053,0.684497706662929,0.7061490252115706,0.72365235640517,0.6845163621678588,0.6920260862348713,0.44325551067439034,0.6715411690253511,0.6264665686171428,0.5021943982914007,0.7150564131528315,0.6293733353326635,0.6739468350071289,0.6532682629656078,0.6668254600557,0.6661315319060535,0.5302282719122309,0.6135390288906194,0.5802071658533207,0.5711234137795621,0.7160673623309075,0.6572710093461711,0.8437425524761059,0.6458706602482175,0.8499280636793781,0.5546568271011826,0.4165730040253083,0.44225811262910475,0.2964261463843588,0.5923926969506726,0.1677326146242208,0.835615080974384,0.7020917163363517,0.795095169145741,0.26850957714557794,0.5247597945021153,0.5035240142080956,0.6252694441730156,0.5183592202766986,0.49770667747347513,0.5434765658518147,0.33052451256071114,0.6826713560561082,0.6170701433151022,0.6368565737838828,0.545696459108942,0.705697304895324,0.694662027580592,0.4953321668510987,0.625147978984952,0.4164944687764716,0.6749910464333356,0.37549801038217684,0.5431511913790639,0.3800422695990744,0.40606544738339445,0.6967933993230467,0.3325351025828255,0.6331587292493241,0.3869246822919854,0.6568930636176679,0.5376593272033116,0.49536575181649445,0.5973318265115972,0.64940241068451,0.6301600403244981,0.568261386347182,0.670091091501533,0.6727290855060551,0.6545208808026186,0.6312458471270493,0.5174234636026074,0.6759867910596916,0.6262927091589695,0.6750195989074269,0.19715952094421174,0.8390277205820424,0.6086447168773661,0.6087118790272227,0.3374396661592945,0.43707428214353383,0.6394762025611185,0.473175208528929,0.7066994142395631,0.5163894562517402,0.7017711897717184,0.3302399101944386,0.36947668744381146,0.4332421296992869,0.6573919077545015,0.5352075062687086,0.6576664350331346,0.2337658797807958,0.3670730258992318,0.5139989920130621,0.5851809024357298,0.5546039969422414,0.6728663797426567,0.6471174895827806,0.36216596776314525,0.8541821921066682,0.16990103964708922,0.7317027437471768,0.16295233430180855,0.665591975018863,0.8225908342468449,0.2761160417001519,0.4913252668390021,0.6864057515543669,0.6821253505149881,0.6328767188846927,0.6728543511467194,0.9343447652343368,0.8313442471132074,0.7912188587904563,0.7114833114711842,0.6512087027403985,0.659619338649534,0.6695602451606691,0.5250892657669497,0.8344952137029262,0.7944425278894536,0.45137549968332363,0.5915953160666348,0.47794154567773944,0.5659220178677146,0.6406164250895635,0.5741689297609668,0.28983844495524896,0.5687709245339371,0.6599384271540287,0.6518027272495628,0.32256010451493694,0.31764949178665963,0.4452899650981725,0.6204059309673765,0.5661919650904591,0.30557619821260434,0.5197784538767732,0.6861572249109169,0.7349892308398008,0.6225908771254518
BKLN,0.6683551233578194,0.5692299779122545,0.4679714985869031,0.5447397592336415,0.5541667920954576,0.5612867498359323,0.6120417914820528,0.5864543829095717,0.5225202422195965,0.672386568225119,0.5945402248341063,0.5785220211558906,0.49561629563681353,1.0,0.5150768325050232,0.22138606823280446,0.1931418504977519,0.141545451087675,0.5997103043763468,0.5360102541223188,0.6175978544005407,0.5141779765808905,0.5915706440928249,0.6431157833887523,0.4507102260273257,0.19525465576879647,0.4111754856728257,0.4135952232734896,0.48868354665295183,0.5057441289164042,0.5997785406573433,0.5781710490845438,0.3412226956795464,0.5117954240850999,0.5106365333631484,0.49661351133991305,0.6098336921512779,0.5216440222101868,0.6606912770905733,0.5726948306724856,0.5539408727347186,0.576588693273029,0.33684852306129887,0.5780412749373879,0.4945018437899565,0.3946974345955159,0.5860168638077816,0.5162720787875535,0.5604367081701728,0.5526708709416067,0.4887001090567028,0.5415083215936002,0.4036824930869283,0.3964098184814065,0.40795193419342224,0.5846323945408605,0.5894769444099153,0.6171516989574646,0.6043869668186506,0.4841316144871984,0.5936246725323359,0.5475529272091064,0.23409706314085657,0.26745940848950167,0.1097706506216502,0.4998608208726104,0.08975318322257253,0.6243493273136036,0.6580125711537835,0.6092723152460534,0.39732823604919143,0.4814761601893097,0.4244144605909019,0.5878764875242174,0.5489157805141001,0.4909985423421202,0.4401620158006461,0.3873912905741254,0.5764064156002526,0.5955241853540937,0.5916157438102246,0.5314465888138621,0.637974088268878,0.6474832790309722,0.5063011878694803,0.6254413908671849,0.4801478423170404,0.6051589601979454,0.3624859867651787,0.429577525504427,0.3479999734796444,0.37225371458408607,0.6471158986554317,0.4448403804621305,0.6337898010888395,0.39251615933248307,0.564179666772108,0.4734760688722584,0.5559414959523552,0.5584355461583915,0.4619544929426893,0.637185448828208,0.5067682659967012,0.6440708858309827,0.605135286595152,0.587579067575513,0.6022102615075875,0.5404633038300511,0.6569908803760879,0.5978156728338372,0.6238317970115147,0.17530775813983426,0.5997983110596645,0.5534329704461572,0.7123585689446764,0.15049176942316705,0.2644058583033964,0.5114067685994127,0.36317562690856553,0.6601480432200508,0.5370825345660116,0.6506479713315755,0.2759489232174077,0.335878662110569,0.37398654355531064,0.5742583863301686,0.39909430645498006,0.6219214116682504,0.22262389574394129,0.31458236352565266,0.38027010166708697,0.6983509035880852,0.5498709836090505,0.6278660148645018,0.6262289450578954,0.3340217129041939,0.6129796427437275,0.06787300519147209,0.601232983033469,0.10968578787366114,0.6247457550099799,0.596627722085426,0.19085147814165057,0.5007778028356102,0.5028777361279213,0.6638539664171426,0.6233944870753789,0.6451414894965164,0.5359947605336556,0.6050614008378494,0.6771121325025724,0.6690412773668633,0.6067533869740558,0.6245782916614112,0.5402868023217472,0.5054069722677234,0.6145084967681517,0.5905218589696487,0.5248399895488647,0.5192296126296219,0.4511709372487148,0.49268542438097,0.5641685096761594,0.5604483465083605,0.3670569466933219,0.6031796532527333,0.5851127567410171,0.5732939204869751,0.32621702598605035,0.2958025206361091,0.40090277033564703,0.6044768542514026,0.4638672370641327,0.3979422338219813,0.536221375597112,0.5308661658090141,0.6317294682398045,0.6177124751502608
BLOK,0.5529180013357505,0.8392976590786332,0.6785387888557483,0.8212927031794853,0.7923648350872534,0.8520562962009195,0.6182837850936832,0.5984553500693981,0.6055161907219078,0.7330600071581468,0.630792879015474,0.6183564176056907,0.5487062534003702,0.5150768325050232,1.0,0.16407148122681262,0.15696682042769944,0.15294443065902044,0.7456577122796237,0.6459187936240502,0.6393169834767154,0.418091388188065,0.5733501940818708,0.736743764342259,0.45285558326483194,0.15842889649498182,0.40366439178304,0.3997380148487135,0.5568140885048103,0.46460500537142035,0.6603382363859156,0.5316303431825062,0.34919674936160233,0.598227043259922,0.6175893936344351,0.47917961399417547,0.6221037692709028,0.6059429630850094,0.7384909836886059,0.5994053870065336,0.5753423109485394,0.5732042472464636,0.3678954162000991,0.5331258415468847,0.4718005631467089,0.4057900020680124,0.641236701432207,0.48535667134411914,0.5443383933225682,0.5537754684430639,0.5912375905382818,0.4925868531579301,0.42870528118781553,0.5273620868664387,0.4683298584048627,0.7310346402526645,0.5930094941112002,0.6844013284215713,0.6150077419933097,0.5333033098555351,0.5863110010081573,0.47366311873318717,0.31540997494362905,0.3604869859289949,0.17809114354035024,0.47282029853045376,0.04978774345339138,0.6228657776060067,0.7272720776078235,0.6081026276465158,0.2013973811978149,0.5548786959682891,0.5340233069867787,0.7848557264983984,0.6832240253398586,0.48205633065000997,0.4448244250500421,0.2572752243734323,0.7141286444435494,0.5522340468005454,0.6617637072574182,0.6008021713592514,0.7425068035445,0.6920719626971753,0.5274993282887473,0.730422973395724,0.38458953361455106,0.8449103679538484,0.3534717989998577,0.5405467586432879,0.2821046101066819,0.3935496187362684,0.7327096332051496,0.34571256995167854,0.6511579380432225,0.33945424655961404,0.6359701613231435,0.7002264492864266,0.46378618102794095,0.5556150120670699,0.5252893567777063,0.630535245489437,0.6947506410460033,0.7636452169380967,0.7431718522397471,0.7295968022050185,0.6609556588334632,0.49037947232850887,0.6628366261326365,0.6642485679229205,0.7467638049090546,0.12515104846677827,0.6222936916893177,0.5304536589874999,0.590117804239948,0.27165494564169884,0.37546307194212997,0.6628780760478789,0.39260824820390755,0.7291589443181137,0.45420997427448806,0.7318771570200439,0.2255645419905426,0.2646575907159039,0.49938238536039603,0.6882373981657604,0.39581517083275847,0.7328641406410413,0.21938002564256606,0.3458031125929851,0.547819825623738,0.5763827616830709,0.5013345842497853,0.7900653472309771,0.6559478044017608,0.26881639332060875,0.6402962679310553,0.058222876143086535,0.5887706099782848,0.05520943805461791,0.6283639604863427,0.6133383363494452,0.1578571015246992,0.4611724090741225,0.5200390471181721,0.7218820488173379,0.5968540796675256,0.7701018468589833,0.6087837072933853,0.6545801652587442,0.7455661536450569,0.7509070393150493,0.5802785480869812,0.7474606187042421,0.5981034653221103,0.4425843689197489,0.6527937848417583,0.558772497573976,0.64606977012381,0.639469126714629,0.5851025288894623,0.52472078730787,0.5453481089054538,0.6355727188614673,0.240692533758277,0.573256891909475,0.6180639722063814,0.7082633116113272,0.2074793869656746,0.2452936674548854,0.3425398902521761,0.7133505661471656,0.5731208136656997,0.31471139294117134,0.619698545767911,0.6157050449232344,0.7633756713907841,0.6195760617992078
BLV,0.5949226818995365,0.22297646427284754,0.29147494212224867,0.24329870205025755,0.22028788273010877,0.20765023622010417,0.28406914591963395,0.2610934201605863,0.2256058655658225,0.22466472867660972,0.18539266824965728,0.2432774804848899,0.26619681173023224,0.22138606823280446,0.16407148122681262,1.0,0.9496870537432933,0.771248785823965,0.2499047620128198,0.19958899823337087,0.23469804508194414,0.2726337248955444,0.21297839077623296,0.24571164910347498,0.21416907514244496,0.9420788788479572,0.5577664136521749,0.21510860648403277,0.25031815025585125,0.37613701594229026,0.3151971808868016,0.2548816116228459,0.17658646751831822,0.20902179867391804,0.23109897096120094,0.22244254449607417,0.30107286293228097,0.22344488314749825,0.24719826019393368,0.3026104408361834,0.2586579195639034,0.26440821335169523,0.15125813423448245,0.22339988756304033,0.3398536259562205,0.2178407138217898,0.23741240857808893,0.25650734632562744,0.2567236162274799,0.25114686806983977,0.20189691501437,0.24743298623127855,0.2403473484714711,0.213077626357212,0.27146129310503375,0.21706624452598944,0.2561668942784051,0.25961125862695533,0.3243083387261083,0.20528727855506407,0.26820995293272,0.2646314610247521,0.25758540297726906,0.25592580669391046,0.2330575199615221,0.13390401907424784,0.8916697270973917,0.29688398797819354,0.24545914258858323,0.1595386727813921,0.6554273239455807,0.2938137022599903,0.2888064795598877,0.23136074051182556,0.20488130447102612,0.2661114761748115,0.15197479958697177,-0.02288205865115971,0.19821805500861694,0.24509689894049752,0.18555781019475404,0.17830980460368587,0.2262625507333661,0.2678974512146471,0.12711928736698494,0.22406606014156272,0.10098123189406903,0.25739905041247196,0.08957560211071741,0.17367331899731864,0.9552556111292669,0.13151692382514613,0.2266400945433455,0.054221644901281014,0.3090424196990326,-0.03404143869427893,0.21598508926729332,0.22812213372720247,0.4948176987193186,0.3249809984936399,0.17390765491436994,0.22065308920021842,0.2350938435978245,0.2631433635630391,0.2177434189254136,0.20699814518776433,0.17045253861501056,0.3904224862474686,0.28144654220791115,0.18632698947705043,0.2641336427462308,0.7795452566725128,0.3213872144220494,0.2948661691242481,0.5281789214816983,0.16286024012406544,0.22549699188577432,0.1526078177757088,0.11932250495800975,0.23965807739583037,0.2805768130576455,0.24250256703222223,0.7704700642890754,0.9495680870497986,0.24762805396932244,0.20856918678198763,0.2501881206223765,0.21928436937922058,0.02617071263861941,0.07470478043834072,0.08869087546645302,0.5566632889854736,0.2866699179997119,0.28065099093595086,0.2500104565467019,0.9660001452932349,0.30162399611887614,0.8509277033538047,0.28555217867967664,0.9724969408900577,0.2649508765078505,0.3327333780105548,0.874748908094742,0.4119037707989288,0.3798148700542346,0.28136792061753985,0.26967058921239323,0.26485934993712734,0.28887636141490264,0.2966764402230474,0.2723162119437216,0.2469372320896737,0.23035689386225966,0.22247506798862837,0.2141201212479064,0.7285213830938656,0.28773698730141345,0.2649257599008098,0.22647325690793987,0.1942907108266122,0.25848050011219753,0.3882736560023615,0.25010380790959613,0.2148293897409051,-0.03904064894293624,0.14648780063155872,0.2073054960956454,0.18690113815469295,0.229553333952231,0.3296156983158204,0.2471778330151142,0.2524395402488,0.14251244876639288,-0.03086050352706012,0.23682660898816907,0.22379756567329992,0.28775267928278997,0.1639605605107513
BND,0.6092655465752967,0.21780319049446684,0.2893977918347182,0.23690714152967035,0.20942691908752487,0.20301327589485876,0.2914155452632223,0.2725130368852364,0.23172355967983793,0.20401242606506503,0.16238901322420643,0.24706589024237072,0.26817030130251635,0.1931418504977519,0.15696682042769944,0.9496870537432933,1.0,0.8220519071647373,0.23769300530757279,0.18416315123331095,0.21697254872497077,0.26916519637714836,0.18997405859156677,0.22966395736633002,0.21907016951483788,0.9871864074265639,0.6015549420819712,0.22167760962628075,0.2708002877981854,0.407993204385246,0.32008807053068467,0.25794702033024697,0.18843194013614567,0.20269846984462944,0.2389971983248062,0.2186423220311436,0.30580509334341005,0.23019773034955562,0.2305364889564143,0.31362254282828483,0.2695930122096092,0.26690036866152783,0.1494775986611645,0.22415474481774447,0.3616578364411615,0.23788454206761742,0.2365989850481946,0.2489293962761282,0.259366301014897,0.25105753420336624,0.19910430761659967,0.2558868335133228,0.2364558512442837,0.2239551948300108,0.2971400274811616,0.2096570575821475,0.2543773002372654,0.2411112052532937,0.33715774809895516,0.20867438494097718,0.2726688490536752,0.25448060213893475,0.3092602683555814,0.3063031230931594,0.29804017558461754,0.13133139711409145,0.9365702542702565,0.3000617456746423,0.22807201443255648,0.12420006118839444,0.6630391468782528,0.29133552642866306,0.30290487846241254,0.2211212077640519,0.19330214820977068,0.2581984387589519,0.15740082217694476,-0.03800964666380877,0.185907141076742,0.22865569024823443,0.17658919841125753,0.14253472804189862,0.20832902568180384,0.2511553992280087,0.0948845149494308,0.20135524461095516,0.07294972998234286,0.24404322828582764,0.09887550185724106,0.16892994879070186,0.9440574301760621,0.13218583692666871,0.21100080123841503,0.057777829287792744,0.2981817558879524,-0.05097823862257715,0.19356888708174386,0.22306745255251498,0.4686084115022086,0.31525239907338837,0.1742934650017341,0.20006055996776134,0.2283006229335332,0.25074232185707473,0.20605408877660972,0.19177222140014935,0.14844754202414237,0.39055954163762674,0.26406749525803147,0.1585422784214264,0.2461632700922479,0.8295190402151028,0.33517295586972706,0.2954344150644456,0.537287144537922,0.20420015360155733,0.26727272650350414,0.1345945769618766,0.12993895440798583,0.22202708263537804,0.2681854131200024,0.22710465440082578,0.8856092146152813,0.9472332263095403,0.25184841355680226,0.1933872517876697,0.25963454625008814,0.20698931174099458,0.03150721564726389,0.08015234111874274,0.10990116357061033,0.5703773112085276,0.2832275281087331,0.26421256401784976,0.2269823101714677,0.9148313752434276,0.30801479682377425,0.9567674210427626,0.2901881917786238,0.9350496625310629,0.2491287131165139,0.34336618301459515,0.9603797242156291,0.4100962943532312,0.3919475344041042,0.2647511154421057,0.25226612941575277,0.25040412716784705,0.29842681207709687,0.30367099282130566,0.26362450368786344,0.22893016541907227,0.21303379409757597,0.21008028338819398,0.21863000216816741,0.7379230947796883,0.2937771798335844,0.2713033758256538,0.21510912196107693,0.19188222966521046,0.26166691478858417,0.3872090429051453,0.23496917991032917,0.2105550430975738,-0.05796475916541486,0.11725734730225967,0.19207977914605115,0.17286334339102957,0.23466103556473472,0.33414785412491116,0.2432891506702056,0.23879259554483476,0.14521893340662817,-0.05404509974099256,0.22919330675415528,0.22901822336177224,0.2810709004247923,0.1380266203853877
BNDX,0.49359640429344703,0.18795699300031038,0.23810835377982567,0.20057806002779768,0.18742658321435635,0.17810739126714942,0.23537125201902495,0.22095381007713105,0.1953784836731045,0.1680864092323888,0.12175863658306825,0.21044612382394529,0.22572027125170188,0.141545451087675,0.15294443065902044,0.771248785823965,0.8220519071647373,1.0,0.19344169389250593,0.1602521973812493,0.19079149451396632,0.20678860984710767,0.15864394536340148,0.19537422484007583,0.1606959062115133,0.8093667151809392,0.4625218962442082,0.1877044092666924,0.23317336642431094,0.32540714396384374,0.27595195693624386,0.18882828857912073,0.12475401093110959,0.18877010961284715,0.20940628624695778,0.15359059039111472,0.2476427836617361,0.19340377915728615,0.19666546114276257,0.2543825743031402,0.22069194110925644,0.20595514958227953,0.11120548203727208,0.16371268476655154,0.30641717447564093,0.18313900409521283,0.1908522861321458,0.1777484928050252,0.1909116471576227,0.15939955115144813,0.16707298735411383,0.2161092939594142,0.1911508511448655,0.1917793449930526,0.2618399508386755,0.18413829237888854,0.19408149018173207,0.19911475478568974,0.2772481735186769,0.1577469534699629,0.20371402080687934,0.21355194849275055,0.2913032965734736,0.28827904853866115,0.28059008250542095,0.07183682769078062,0.7773240179191725,0.2389727271965305,0.19734219509986803,0.12311802529614445,0.567632261136378,0.24176529220186171,0.2607348785141609,0.19746195085545165,0.15971117529033477,0.199475552978585,0.15970441660157128,-0.09973633183467338,0.166356347452119,0.19515427921086145,0.16179082579376378,0.13740232412906295,0.18252966120511363,0.2096435782537721,0.06137681838578088,0.1655670026460618,0.050198875706243054,0.21464464551449583,0.06760450219537234,0.11049831495683152,0.7629997755930059,0.09347527757467797,0.18272035317460503,0.008074961689649338,0.24235022574801898,-0.08097111732140737,0.1820765373611765,0.1770579243903139,0.36311953517533946,0.263140273127625,0.1392623938326942,0.1622831999854788,0.18239085034726502,0.21600367057572245,0.1819620096156434,0.16688205099392464,0.13029320646097167,0.3058778368221755,0.21607648563447127,0.1271163335830255,0.20323615779567905,0.6794487689621277,0.28606948800375837,0.2172380237586508,0.4352530461392088,0.20852486939770634,0.2535241506866943,0.12291543933182708,0.13419084192016845,0.18762040544029773,0.2049445039076552,0.19655458830924766,0.7313800586385957,0.7694302331175941,0.20645578683286167,0.16859926443140205,0.20912378697724693,0.18330973868156536,0.023731733657201645,0.09704775268849566,0.0905225032829862,0.46993612537581814,0.24723708613131298,0.21750416698752215,0.1829936238205408,0.731814325744765,0.2538385494668526,0.811713130559188,0.23302445984733922,0.7691313393638406,0.2108591187578539,0.29032987064573657,0.7876304046989923,0.34561746976988483,0.35161182724599804,0.2222064633468352,0.20346091279991113,0.21831507715468285,0.2547073532268405,0.26162999324467034,0.2228502317853114,0.19294060920680633,0.17894523013795924,0.18476449437935497,0.18033474744857084,0.6020741045097582,0.24173746316452294,0.2008826509508952,0.1634982105838258,0.2103754843060923,0.2198977517151421,0.32564664442037633,0.18631335551797007,0.18859242568284096,-0.10681030515302238,0.0923647383323976,0.18787037468801862,0.15367422740278758,0.18947080110012374,0.3015538723425512,0.19742693983076257,0.20456014088628602,0.13353543925668854,-0.11262418634225954,0.17848033556483295,0.19369024209816507,0.23617460075978441,0.1157109659633692
BOTZ,0.6789533607666395,0.7880694307930921,0.69523155078819,0.7873197047392334,0.850398831123944,0.7907304572086196,0.7966035957453951,0.7674146484298283,0.750903407180374,0.8533561797254114,0.6914669845327154,0.7138202659508812,0.7741393971143031,0.5997103043763468,0.7456577122796237,0.2499047620128198,0.23769300530757279,0.19344169389250593,1.0,0.738942189962394,0.7430041004624701,0.48721841631200025,0.6707345314841425,0.8798429796999382,0.5605614660742803,0.2372909124208929,0.5239603259349677,0.5047958757539699,0.6997080077542112,0.6216526905498686,0.8564937989356753,0.700640713043095,0.40495127539910286,0.6824614603288605,0.7650228303940898,0.599241370134894,0.8102172756478816,0.7448253262330844,0.871315434867731,0.7231999216828853,0.7369910087975221,0.7316411407158376,0.4782912681995758,0.6765141329820104,0.627829579477424,0.4991501834169137,0.8188262687793005,0.6147688555186043,0.7000041049583501,0.6729704176593478,0.7483103583846882,0.6341815273983757,0.5403152560522696,0.6454891895333565,0.5891535640348401,0.8065807490915443,0.7604654812488222,0.7677881441490392,0.797481389463265,0.6644676574253449,0.7653255711320174,0.5973991628101752,0.37171048178652566,0.41215558657690177,0.22222260084802184,0.5749442337469206,0.11522967196198276,0.8027281438617426,0.8598022532390075,0.7850123163934373,0.29779581437802527,0.617675481580806,0.6222840326590249,0.8134498210172569,0.7647213051925583,0.6146361278248886,0.5487805805648094,0.2952060725855369,0.8726284984675101,0.6745707564623116,0.7815594798594726,0.6462421694016589,0.8729465627406657,0.8423783554910148,0.550274636492721,0.7607388336798317,0.43391475336732793,0.8729161623628734,0.3881770290885083,0.6338537628541205,0.3855396388617168,0.4789649927425808,0.8640829269948799,0.36515049348007667,0.7829701347618306,0.3880509269111261,0.7628574902166081,0.7246972438368172,0.568655530649249,0.7021711023899568,0.6445293641478054,0.7197147412390316,0.750962755070625,0.8680951572483055,0.8765425893288608,0.8722343802919083,0.7824461980607177,0.5804699321359362,0.7842210679852305,0.7392150787066427,0.8196609383926166,0.18420028069251343,0.8064121196168736,0.6302045335996658,0.7080873603271581,0.3077003703650884,0.4186362893769361,0.8316917546409658,0.4771116177939565,0.863864158631859,0.5247765392596103,0.8638375866913471,0.3124226822479251,0.3720119659122305,0.5710369168920123,0.8228931975606777,0.5476868729184551,0.858077181095251,0.2620762878236364,0.37976766833028164,0.5955020960619885,0.6883817819240752,0.6116451505306292,0.8661655718319601,0.7450953783140228,0.3689837457800697,0.8256012588058973,0.11684159249159003,0.7568875551154982,0.12572396845914285,0.7563598935320363,0.7933625793269005,0.23832298000825183,0.542134287665234,0.6388102780015171,0.8291211529321981,0.695933771959444,0.8761163224336006,0.8098967039145835,0.8341295238659193,0.8987830474696875,0.8760107274818797,0.6867388795219647,0.8756105872937755,0.7347171289825564,0.5676108858119512,0.8298508722697643,0.7160201303889903,0.7078190783403325,0.709106571863804,0.5998566153058028,0.6426411657724341,0.6917419457566264,0.7231730335227231,0.26792509839482787,0.6332616820212227,0.7513914906185696,0.8559685421137129,0.26181613199377357,0.2906242705300303,0.4534123967079968,0.783217742101209,0.6250376996410313,0.33105070516007656,0.660614787952821,0.7585476639286495,0.9127261416297991,0.7377480982836732
CIBR,0.5763894320042502,0.7703619153095538,0.6378754993659713,0.7450134086268598,0.7241718171456246,0.7753178962470394,0.5629342387882189,0.5349406745387453,0.5186869026650877,0.7396031695218508,0.5878168299882676,0.5963265692161942,0.5230382287484727,0.5360102541223188,0.6459187936240502,0.19958899823337087,0.18416315123331095,0.1602521973812493,0.738942189962394,1.0,0.6574217152964583,0.4149272310228254,0.5901364605324483,0.7739065457784833,0.3730227186133107,0.18135832059004528,0.33456760687793885,0.34720616584732683,0.4822464996869665,0.45671027461733144,0.6284961165433965,0.4717842123610157,0.29497107641658726,0.5916914671046394,0.5291916662524816,0.43271212331459324,0.5783275876179955,0.5157892752033939,0.7791175465197422,0.5494748433848141,0.5350492819708969,0.5328704535559021,0.2990155491791107,0.47425210180523464,0.4438086132093865,0.3751467981182453,0.6070961417103803,0.4314479271299096,0.48353361987378035,0.5327903144600962,0.5422460508059627,0.44602959692461064,0.3746954979239842,0.4278264186301918,0.40407029883124573,0.8378601854435545,0.5433487595857792,0.6551481115335,0.5641002067195163,0.4474516095340398,0.5262428743657093,0.5545639183975134,0.26082278634979217,0.2944252736837481,0.10528241993688232,0.42664337840333644,0.08045050009301175,0.5832906078963733,0.7696970173357538,0.5836919554778345,0.23261186366096073,0.549483594258904,0.4828580901606961,0.7175283790178845,0.903471747106232,0.5321728875562389,0.41877725659450865,0.2646399073190316,0.758967336630999,0.607547887284956,0.6995989745680864,0.49985632798842566,0.7882304400835658,0.7840713572302874,0.4724132581552997,0.6921849824037953,0.4428997342190707,0.7567927311551285,0.29032820672727194,0.45251387847908375,0.3131208499012595,0.32561629854371626,0.7681594718478065,0.35255184350072666,0.7199688337918771,0.3213967259300422,0.5955909273017985,0.5888758563250958,0.4848762107653142,0.6001071752030034,0.44121143642357863,0.6377931649967242,0.6069708559742354,0.7926369337734167,0.7873065348840942,0.8342811262883455,0.7030695288282479,0.47764511399688186,0.6905660851288263,0.6556797348615858,0.711265864474106,0.16846993042593242,0.5745389993051447,0.46941072508918835,0.6069244288403329,0.1859558810819055,0.29484409506596587,0.6582466597965272,0.3539480586369498,0.7635315479071578,0.43508203949814334,0.76558598220053,0.24577294699083577,0.3051590561977767,0.4495663429841567,0.7488763425449033,0.37622781840873404,0.7850131962474446,0.1678138900693789,0.2666063844650164,0.45584279578361186,0.59096952488005,0.6357717188823785,0.7857568220732263,0.6333842792543893,0.30237037809485734,0.5885283256352193,0.08223069464874441,0.5401686537048844,0.09682264740682285,0.6824814462291977,0.6103180386682017,0.1831714466396086,0.46948839856843994,0.4439701109665549,0.748793276897499,0.591354647693192,0.8211691109046249,0.5528855211951252,0.592368218052776,0.7420434703911262,0.7787810362799726,0.5851216159725573,0.7976478300106308,0.5142910977716914,0.4447565324943222,0.5885920148176742,0.49329926550216746,0.874645730654501,0.5995691745219998,0.5491091092965942,0.4969264650560137,0.5311739959808129,0.6602066393933015,0.25624855737327334,0.5731112844227487,0.5966619384658236,0.7792683441388066,0.22147757068884918,0.22880855643959433,0.40700297244890354,0.6923200448312686,0.48629833271916695,0.3344384838001678,0.6045537214798665,0.5292805119062587,0.7977922209730671,0.6534305883391175
DIA,0.6939902612055927,0.6650948119978327,0.603296741253505,0.6567131105785767,0.711008015978367,0.6422101046547155,0.7684078215307268,0.716812751946965,0.614693973880636,0.9299139472833075,0.8164430115332797,0.7770128232343161,0.6651472288247929,0.6175978544005407,0.6393169834767154,0.23469804508194414,0.21697254872497077,0.19079149451396632,0.7430041004624701,0.6574217152964583,1.0,0.7214877792126168,0.9441205100619987,0.8859490067837337,0.5469532567828208,0.21473964608331306,0.4635646544216479,0.46908537605418676,0.5916384606176576,0.653052522633857,0.7701999753101776,0.7344480883374929,0.39588428763935307,0.6262127108133424,0.6356229300448163,0.592238792126412,0.7769869217750631,0.6024393442825985,0.9130358849413788,0.7324741748189536,0.6923875985778103,0.7053616611006062,0.4159863404009347,0.6881011040600628,0.6617416672295865,0.49435915176289785,0.7132495577171214,0.6409319179391038,0.6981783181290733,0.6238757773475704,0.589964770921164,0.7000452128717862,0.5191760743576703,0.4902284719246094,0.5388984599076387,0.7147234514634723,0.7322259378767938,0.856423448387903,0.7387222369395536,0.5974043403192059,0.7497285157073298,0.8777251269711907,0.3158045828368066,0.3392342961842254,0.1371704751347772,0.6312975364543965,0.0950666898090138,0.7918305808686505,0.9237430175214588,0.8001309789883305,0.2524211700123926,0.6849138970386454,0.5068227890018056,0.6967294129682164,0.6837230571273152,0.6930301303355949,0.5552225306847558,0.43465288147138437,0.7445408767206642,0.9056351685337687,0.7494954437508297,0.6983101984163864,0.8745797229304535,0.9200211124068526,0.7239227619384755,0.8452074787587708,0.7217578821532756,0.7915764389950356,0.42484310466908254,0.5097053820947658,0.37549378236251013,0.3599123028965918,0.896536371507742,0.47727670644945186,0.8703664745692119,0.48536074416386366,0.8383696814676004,0.5784375746732957,0.5778795362641908,0.8266254427912295,0.6049362473349934,0.908229488718833,0.6123687775969548,0.8195741558969808,0.7922557970738845,0.7292788461891685,0.7593596694184901,0.66044109198689,0.9307082918725547,0.7854069449513076,0.850090305379828,0.19448741011308213,0.7371416305388307,0.669359256906556,0.7223914434802257,0.23752389267901428,0.34734033662542774,0.6413226898473926,0.4787988784125151,0.916087623563894,0.7825964910986222,0.9109065962176186,0.299937504753255,0.3636133049762151,0.44671216529277563,0.7878422944452143,0.47934850949767904,0.8248749507137668,0.2615457289737976,0.39029527262719377,0.4859765212898778,0.6986527312147609,0.8694563601636892,0.8255018672041776,0.8731852811387792,0.36581028183625114,0.7784251844153088,0.0897560581689297,0.7498522339623241,0.10435355011814662,0.9543949929428682,0.7842890461354647,0.2162590678046572,0.6908339213890049,0.6230822611991631,0.9050167200554908,0.8949161802305403,0.8420033369239595,0.6932831521190986,0.745750648324321,0.8999217096834848,0.9176680876465515,0.9378955126865284,0.8071571863479836,0.6170782477895045,0.5507901659567028,0.7613853045847716,0.7454291839443159,0.6076627746807833,0.721357974563332,0.5856320446163484,0.7119681648799259,0.8123157241842353,0.7309414447847283,0.4253660126973093,0.8780733861524407,0.8846424963292358,0.7556619655198299,0.5783145326801387,0.49474292135904585,0.7224863228026679,0.7950359339499297,0.6242350399956104,0.4313254260677303,0.7313333430659468,0.6077333070586641,0.801162955252417,0.8185744372619933
DIV,0.6050597731605283,0.4355696337860693,0.4518573143801918,0.4387744574339165,0.47499566504843804,0.4121067512743085,0.6521690504470009,0.6435449369523359,0.4524722084749811,0.7160942673465598,0.7941101658685605,0.7159798926908633,0.48847872464864456,0.5141779765808905,0.418091388188065,0.2726337248955444,0.26916519637714836,0.20678860984710767,0.48721841631200025,0.4149272310228254,0.7214877792126168,1.0,0.7490370528572111,0.5991170047970192,0.5116223475252306,0.2726028329327333,0.4431610965329923,0.4480773781681926,0.42391746079674253,0.6124960543335698,0.5522131111334596,0.6668261850439651,0.34193544968501477,0.4532181413299757,0.43569171590605915,0.49180447216100776,0.6229886300791126,0.431438989791134,0.6373138468249547,0.6446264800509279,0.5514159677514805,0.5426982710420355,0.3684586204461556,0.5692939509077954,0.5776226581391443,0.406076130877204,0.49881767935968885,0.5504351716751231,0.5677552098971782,0.5130946794316712,0.38083712983433876,0.6519201703630074,0.45560364627847205,0.3107428174226575,0.453404996346151,0.4278989924106058,0.5577676699505151,0.7909046412463283,0.6420864991037428,0.4990741640254575,0.6519252852314815,0.755321905772856,0.3005551617065744,0.3164649186394903,0.14766272355925314,0.6740406850455851,0.16346754872122005,0.6495655990535731,0.6535631681116981,0.5956283646869994,0.2703836665246491,0.5322071575381326,0.44965496164710606,0.4639689678409075,0.3833206540557633,0.5757368812810935,0.3933605438474276,0.5968410785843014,0.4036998830155381,0.742882713101041,0.4658540456831275,0.5247548648966853,0.5981953514776405,0.6735987363910938,0.7048126204134666,0.6656881671788238,0.6815952487525985,0.593918738857321,0.38557609771473395,0.41239410908485347,0.3782636704280277,0.2947804689925145,0.5941960116665845,0.6464217064127252,0.7104453181708574,0.5760587402814866,0.6833401752765039,0.480370955737712,0.565383473999937,0.7128166528710332,0.5310354250235284,0.7828361949259371,0.4783484068833785,0.5925962174624403,0.4619019975734265,0.4109515218052981,0.47292008516204365,0.7634609669775818,0.806675839673318,0.661864815004229,0.72690782505749,0.28372471305234015,0.627001886993316,0.7399956629809911,0.6167688138016059,0.19293818634623003,0.3189629041742138,0.34235105582368475,0.34185835138902243,0.6395353400819083,0.9130359569538684,0.6271792303103548,0.3240072072285306,0.3704311110583449,0.41498159824057357,0.5336742487686905,0.3692835846175207,0.494312256211747,0.2130254942580405,0.2628800331564272,0.3363112766797016,0.6107828907623822,0.7457708609305681,0.635094904162206,0.8186948371857532,0.36556876999735904,0.6260579688822046,0.16215187569107695,0.6163068202807277,0.17452912081613928,0.7428791936472785,0.6342114102169221,0.2738485046202813,0.7878008848189135,0.6241101856598753,0.7531328147605136,0.8602129721816507,0.5990296693231455,0.5186181773747969,0.5691728067394595,0.6638079041932053,0.6567328749885838,0.8316024381548068,0.4710718402883899,0.46900908868545443,0.5035189068302963,0.6042630616278669,0.6788250254829126,0.40301766538164635,0.5499012504783491,0.4456185721864088,0.6164531533889879,0.7285301049941806,0.5175154577587812,0.5862653626010941,0.7058931977501833,0.6973847232157875,0.41118353244918804,0.6347995225860263,0.6492861417818732,0.6013163746515144,0.5431517806120816,0.5584359353696153,0.5780452527284127,0.6306256391816493,0.4231403092050889,0.5731032658004632,0.5926184275110895
DIVO,0.6484691175254286,0.586979914721462,0.5148067988572842,0.5670432209357428,0.6403892272947841,0.5593628516746761,0.7542409132001103,0.7124085974778,0.5686262408740087,0.888727516252018,0.786531258744992,0.7900503933145906,0.6229070934027982,0.5915706440928249,0.5733501940818708,0.21297839077623296,0.18997405859156677,0.15864394536340148,0.6707345314841425,0.5901364605324483,0.9441205100619987,0.7490370528572111,1.0,0.8256945388133707,0.5506909027763186,0.1901256302894274,0.4472313143967914,0.46163151011187925,0.5434330735431705,0.653682781927755,0.7238407032886207,0.7325095255909293,0.39089672272970183,0.5702361141159069,0.5773963717088636,0.575385241025986,0.7484584404434862,0.5516909502509902,0.861465490789202,0.7365349487866091,0.6630545638040648,0.6706727858183493,0.40287354999304353,0.6680055634533356,0.645599964578131,0.4843280787806958,0.6589907226859248,0.6257299807753482,0.6704450082049731,0.6041513007071158,0.5286405171042082,0.7184323658809887,0.5120713736300545,0.4258707939543595,0.5144193870607146,0.6361143530107057,0.6953777825168752,0.8083477669597414,0.7174653181882802,0.5809404415472184,0.7353132796458113,0.8910338973590828,0.3382990746054503,0.3581623006116492,0.15590732104032362,0.6824872897816854,0.07764898850570703,0.7703499520041945,0.8766319295707263,0.7623466960180243,0.22767445502692607,0.6288594284115622,0.4655923751275941,0.6247031561472259,0.6048244044136586,0.6818028409166282,0.5160096046437381,0.5259494368460861,0.6666620600801054,0.905009002002884,0.6960751651307452,0.6317439610458688,0.8266653575134387,0.8778999036936056,0.6861404123864477,0.7964843506995986,0.7254677216260151,0.7212022242004893,0.41151884658939347,0.4708253066925164,0.34395485376144413,0.34685754747460606,0.8436827211821817,0.5272724453874671,0.814525870220672,0.5329252556567473,0.8009865065659308,0.5149301556479892,0.5519135276288321,0.7907270824823686,0.6146516715134521,0.8825071009753729,0.5468729951919805,0.7539603142141025,0.7209061184403861,0.6449915673525757,0.7171577556896226,0.6287868234360678,0.900276165170836,0.750765988486609,0.7884394671232107,0.1935006115088282,0.7102344544500071,0.6753260907167832,0.6720432745628978,0.2423251156105973,0.3617210450514538,0.5638274388217688,0.4495571930598769,0.8668830173414791,0.7971606419696855,0.8592159389964228,0.27109026951166815,0.33337142642840134,0.40896491411314684,0.7299591017349624,0.4629697334662569,0.7628157360998188,0.24474548752123804,0.3597034469688025,0.4639993897780968,0.6510317896608431,0.8752396254980118,0.7564684432405709,0.835642430139629,0.33744632358492965,0.7483475210596712,0.06488306709541307,0.7264966021098703,0.08999263419298267,0.9336862575648511,0.7594168473557272,0.18714407253100065,0.6907128992493939,0.6098830429253117,0.868523929492002,0.8866001731097948,0.7828916177702986,0.6492362437502659,0.7014515878861921,0.8530641151617506,0.8664545768974663,0.935695333465305,0.7389251939464664,0.580296826961107,0.5149779374757715,0.7282939813132611,0.7456930251050353,0.5286840367520015,0.6882714855587955,0.5174419459963492,0.6537135942529765,0.8035150062866319,0.6853763727123905,0.5135085926287432,0.8600830362473729,0.8547441443534229,0.6806576691696543,0.6328876977417888,0.5376256977062953,0.7173660417837283,0.7298191287043562,0.6268286235079589,0.4971479211868498,0.6719858139960462,0.5536396472705618,0.729147481967515,0.7948851146417786
DSI,0.7264873701176454,0.7879049132301449,0.6700102489979609,0.7828164226943181,0.834985460781987,0.7908529793798564,0.7702414488134145,0.7202570591377789,0.7008818830978056,0.9573856330155112,0.7585702269791734,0.7567059441210008,0.6982964340442502,0.6431157833887523,0.736743764342259,0.24571164910347498,0.22966395736633002,0.19537422484007583,0.8798429796999382,0.7739065457784833,0.8859490067837337,0.5991170047970192,0.8256945388133707,1.0,0.5523819883715817,0.2272380879119006,0.48323572708586127,0.48663586282256405,0.6496967105621188,0.6171951505376099,0.8231612327985053,0.6902779067022469,0.40993525933705033,0.6932200572263769,0.7231214294697333,0.5951177574293158,0.7869625055236457,0.6912439129439162,0.9869349021258205,0.7371516590339832,0.7096690993580792,0.7200220896243573,0.43421452124098864,0.6763439780519869,0.6269178890265568,0.5054576457490048,0.800223621730748,0.6173533138693231,0.6929534951877152,0.6611435942312589,0.7098549168658139,0.6475281253170819,0.5274169394975962,0.5856024810313576,0.5573484943994996,0.854984351371385,0.7540467743904655,0.8275923348257244,0.7562287921783607,0.6343658391054293,0.7409634401757814,0.764663377561346,0.32529504209463556,0.3566469070873589,0.14344321402565302,0.5865464487232184,0.09409851935606997,0.7936378473992003,0.9818698111299966,0.8034681314482273,0.27586396637116645,0.6755173699958239,0.5771688860006535,0.7960773337310594,0.8229485648234338,0.6862333947703854,0.5675594071247583,0.35129437530239843,0.925500246515651,0.8392793837969441,0.874345389755523,0.6714508401370513,0.9517482413012074,0.9568972922618317,0.6317429150630598,0.8358280837389829,0.5728492510905124,0.8636301009541756,0.4049648029763522,0.5817141091409337,0.39405316874560536,0.41936179564644294,0.9848169635168584,0.4327976503689185,0.8772747675774949,0.42112637343421366,0.8197990487227925,0.6692158055563376,0.5960512980922801,0.7863071578803622,0.612059895882112,0.8343412104638138,0.7269413130462853,0.8996639741960778,0.9583557471606772,0.903422990672874,0.8688991794061086,0.6338188678902358,0.8942507158223216,0.7991390412903118,0.8576658015399504,0.1893168268947958,0.758377845461656,0.6468460131263569,0.7615053004853851,0.2554567801804787,0.3667312901792067,0.8461987612491655,0.49400935904677284,0.9851927300329049,0.6539031025228029,0.9852706590899056,0.3113300966848594,0.3799333487810879,0.5183056164667416,0.9015521591644432,0.5106026547721056,0.9608954961695547,0.2675753318586881,0.39115225963171907,0.5467943319077583,0.740839082388182,0.79332493473852,0.8879498609527273,0.8209044579166792,0.3810821116463344,0.7984599722909574,0.09596847861858201,0.7494307367215167,0.1090210319071897,0.9073271204618221,0.7892599661625227,0.229393189962326,0.6435290903027026,0.61475788896768,0.9122568217662679,0.8132538982044065,0.9242295903357355,0.7441011115380629,0.7945165743038543,0.9584989060014746,0.9834844853860841,0.8285590809800162,0.9653928576718572,0.6894776359112866,0.5815598676644979,0.7969630385385336,0.7111149650382415,0.7169579314989427,0.7142382430581774,0.6173774882923772,0.6863492813690816,0.7555888666485887,0.819745729205591,0.33193472764374987,0.7659607171129297,0.8315795213480083,0.9329096947173688,0.436837350327408,0.41101165659690847,0.5919846347883676,0.8764987303603232,0.6187286849645938,0.3875720685082811,0.7206207235783655,0.7030191196517833,0.9172003310823306,0.852970161649295
DVYE,0.49777472800659567,0.45326723858105167,0.41279327627289425,0.4401729121429934,0.5121992439940665,0.43090452554730013,0.7404906154231219,0.733743715828089,0.8161593725258033,0.5892381382898338,0.5371142859365157,0.6650817783917968,0.5771656338598276,0.4507102260273257,0.45285558326483194,0.21416907514244496,0.21907016951483788,0.1606959062115133,0.5605614660742803,0.3730227186133107,0.5469532567828208,0.5116223475252306,0.5506909027763186,0.5523819883715817,1.0,0.21827060502747483,0.6775685445255888,0.6190064418318469,0.7658773702756893,0.6267785172354664,0.6688313369808188,0.7369722582986843,0.4604405021595308,0.47938275339210384,0.7354120072596454,0.6478544365449855,0.7200163999574246,0.7952381426338099,0.5650283277933814,0.725321248433009,0.6352269861485002,0.6403120059081931,0.6648704197001093,0.6542349649186041,0.562770625127539,0.5513543606843563,0.6473905705870548,0.6205884669404921,0.6513700176072577,0.6667541220824277,0.6317301576873281,0.6902949114490464,0.5854590669390792,0.5764244824392524,0.6954358912485188,0.43656795296007406,0.6741676596863907,0.5607353660231329,0.7317032177498548,0.9052814424624154,0.7539468032053788,0.4542044028775281,0.47131886991015215,0.4949277011761804,0.35448108927445193,0.7243917128005078,0.1369080102154147,0.7212429720123574,0.5565051820400466,0.63441605527252,0.2604621336445169,0.4357733445927321,0.5166754998205921,0.5338402665044081,0.3852829331973741,0.38897628765944764,0.5112105911923356,0.4386322337365162,0.5224590465781224,0.5186089412535857,0.4892079857343549,0.4733410528388907,0.5461270743558989,0.5528924075298138,0.40499600826733034,0.5113282661717816,0.35117813108495965,0.5743861330655673,0.4161604147086039,0.619498924955242,0.31445236098195833,0.6569326122795628,0.551193797282408,0.3771606439650808,0.5286381416728293,0.44925129936387576,0.5241687338792582,0.4932832750325967,0.4192698111868917,0.480934216770814,0.7576611113713567,0.5257957652597378,0.5125164463820779,0.5685534396285012,0.5113445102832395,0.5005516837893669,0.49872084105522013,0.48884343334909075,0.5754610056519367,0.5354046062710739,0.5576649358166335,0.18103221044270346,0.6990023708627218,0.8269373644577742,0.5174885698103804,0.4288075306767389,0.49029239593945867,0.48965391655688256,0.45552763008098723,0.5642090741230992,0.5153122346860256,0.555227492301498,0.2839550814792163,0.3066334371938225,0.46007760020528976,0.5275585386126714,0.5861650217867022,0.49825582982735417,0.2734355617405792,0.3365207064830808,0.4667632841239279,0.49531235971132925,0.45958137110647773,0.5431086069586526,0.5578849844135642,0.299037434062813,0.7359510330688165,0.12704217855593383,0.6965871104677277,0.12713339382939554,0.5356987682614769,0.6704062394125471,0.23595290187067386,0.45221303655994705,0.6867475130224792,0.5736403083256455,0.5675816769021221,0.5315842400361457,0.689778368885146,0.764957433929301,0.6792171193272075,0.5720973004122984,0.5655119455633448,0.5010440884494054,0.8281490190880098,0.4961460934337606,0.7880067018736243,0.8042236571120285,0.3509561391410953,0.44106505238365135,0.3982366219077942,0.41954741143702723,0.6170171245548866,0.44277360960063483,0.3644071854532178,0.47846111843536526,0.5138878895843301,0.49137542834308817,0.31160936094758107,0.32235472357868983,0.3555785883805132,0.48259484164988714,0.5912273645500976,0.35804417189865445,0.4292933982057835,0.7773472608441035,0.6197346332297591,0.5312837081055433
EAGG,0.6051370088859302,0.21856137942294832,0.2873688660763052,0.2372369131020558,0.21234119451855776,0.20301723732147584,0.29073585899633564,0.27406984404437756,0.23268105348535142,0.2045540096744175,0.16618700107879167,0.25012641729441126,0.26739161645205334,0.19525465576879647,0.15842889649498182,0.9420788788479572,0.9871864074265639,0.8093667151809392,0.2372909124208929,0.18135832059004528,0.21473964608331306,0.2726028329327333,0.1901256302894274,0.2272380879119006,0.21827060502747483,1.0,0.5955335807270322,0.22501815135027634,0.2710601267443308,0.40245457497778464,0.3178442921035721,0.2567314409206791,0.18573493271532202,0.20070741299948602,0.23741287447559192,0.2150799430249101,0.3039883049250847,0.23198786488209047,0.22831283529036925,0.31256164448577783,0.2698083541956801,0.2630551701018367,0.15330664307031935,0.22256097551239837,0.3569150075338985,0.23314999759472674,0.23870793425171533,0.24827173160390473,0.25631321026753595,0.25282585967829274,0.20254969696777955,0.254582249135028,0.23949190523099906,0.2211532826215773,0.2985867362579796,0.2076323776839166,0.25173686388319505,0.2449711278691069,0.33672530791272043,0.2089747874187141,0.2721792266456648,0.2524940962385191,0.3100674668550433,0.3078632665491701,0.29638664265088294,0.13613755222754703,0.9310466574698598,0.29911151171061756,0.2258366014620631,0.12151295627593772,0.6609238057078166,0.28680445480405986,0.30288630816397466,0.21841638153929321,0.1860670399456444,0.2588390836637573,0.14954164871510683,-0.032227675559584903,0.1832246525744211,0.22545732717524047,0.17880084375628905,0.14158443983995378,0.2083220841515568,0.2488941420418244,0.09870863215064771,0.2020976671118758,0.07459687923883555,0.24626633464610087,0.09888576516325494,0.16940214572851853,0.9364547259778868,0.13841546237612137,0.20830460880939636,0.05889489961614961,0.2970355392453234,-0.04243774348289211,0.1996592756023647,0.228008182492866,0.46965837719289366,0.31461975572726497,0.1789394174434416,0.20166600955184763,0.2319151579487817,0.25086876274618614,0.20255188361245222,0.1891941599322116,0.14731074567425972,0.3914816682281587,0.26469968816990197,0.16064343322584723,0.24812755721504584,0.8247071408594747,0.3349728163530422,0.296681362596615,0.5350340468574454,0.20048819638317333,0.2656548668689294,0.13586126791945172,0.124160353213328,0.2203127021577833,0.2707630279794647,0.2242545613204951,0.8746862942620682,0.9410568132507234,0.2523569461083328,0.19289682819519416,0.25761703369934763,0.20188113986200062,0.017756159753147913,0.07519269525993401,0.11189778322913685,0.5676848019946974,0.27877786252862136,0.2648564396241159,0.2305694860748938,0.909392592876863,0.3062818880427519,0.9460400803862866,0.28727691624682467,0.925954050465205,0.24772898018212108,0.3399800156854411,0.9511899792130996,0.41166504944109816,0.39494983343023926,0.2656098525624783,0.2548454158361322,0.2507280473242366,0.29701527282152496,0.3017461628313475,0.2622847796544996,0.22772027538341735,0.21382540780165604,0.20667160725489106,0.22045478965323914,0.7320909168985188,0.29346674744696444,0.2705967571227953,0.21183169804684976,0.19579001871652754,0.2544677271686289,0.3865224885865259,0.23731019982227775,0.20937999032227525,-0.052682248303451036,0.11757966896679349,0.19819906300143433,0.1696142955483067,0.2292412368451617,0.33223357909519496,0.23704272715370353,0.23526391699768032,0.1474401134436414,-0.04887378990364347,0.2320143738485343,0.22998321223198337,0.27939842329954806,0.1371999024332681
EBND,0.6325893043847367,0.43798839556602154,0.427502908121876,0.4193473322008661,0.4347303765207574,0.40234342056081535,0.7090866940295005,0.687030482404079,0.6640473445154323,0.48679003173917385,0.4202396535471814,0.5843159652730583,0.5545125863983765,0.4111754856728257,0.40366439178304,0.5577664136521749,0.6015549420819712,0.4625218962442082,0.5239603259349677,0.33456760687793885,0.4635646544216479,0.4431610965329923,0.4472313143967914,0.48323572708586127,0.6775685445255888,0.5955335807270322,1.0,0.5763523036984293,0.6710514108963995,0.6965715957428855,0.6711511649921833,0.6916765308206706,0.43753498347408515,0.44626441105742254,0.648581871113337,0.6213349877780324,0.7041210494227105,0.6591435732405374,0.48627187302347585,0.6666876835435602,0.6332420908758406,0.6757371722046728,0.4774681823330517,0.6405251636899859,0.6251364678955781,0.5204269636175309,0.6193938596975389,0.6346637511851283,0.667705857765657,0.6080097587617243,0.5399419850660179,0.6456291957645517,0.5693986370508747,0.5477813853760691,0.6720856957675019,0.40981772719996873,0.6720978926756185,0.4831597791810848,0.7257711479847364,0.6710493242940571,0.6994690773964612,0.4214373777429279,0.5222649439580979,0.5419312025773242,0.42715051193018583,0.5312580199208152,0.5146260534186461,0.6997223653043215,0.48114005442233376,0.46383347632694344,0.4829717909919969,0.4290229799389121,0.4825597338621957,0.4728981468285954,0.3565732664091851,0.4046022463549121,0.472427569689258,0.20249098137682642,0.45077418791464163,0.4292123384972771,0.4075451045084286,0.42524571022356145,0.4641661831208038,0.48683313087781205,0.331617195165637,0.4466339782745378,0.2755276783056497,0.4964110008195792,0.2997811646052775,0.47603819920632034,0.6304839032491854,0.4623453039617931,0.4703186479622002,0.23558254738316,0.49833200770701347,0.21442582408128474,0.4423814098889601,0.4279776936312997,0.5122841903236607,0.4784266428472342,0.5788901224660721,0.44691664553710353,0.43519707019760356,0.5062675835143218,0.4438313574341383,0.4302327899373284,0.38346539690249953,0.5051177327058894,0.506904859142571,0.400746679765083,0.48526382241931726,0.4745382892938262,0.711803748283014,0.655581579088446,0.6191744606306321,0.41546435764998096,0.5110220891742504,0.4002303429633132,0.4093370042802359,0.4818535496512731,0.4499468681559529,0.48248009911219425,0.6124803227678717,0.6283126243644445,0.41286652422577697,0.4470188617816553,0.5712300349829869,0.4398945452753823,0.22494801811674578,0.28291713587946243,0.38379712233999785,0.6253181294251549,0.42877085015852623,0.4894898674296672,0.47336002949163974,0.5962970159219255,0.7100683934393877,0.5362946039263783,0.6978909735805867,0.48889194825356763,0.47637941182600185,0.6710963005960974,0.6104114770937477,0.49113702555177446,0.6950973062887902,0.5089359263117461,0.4906238085421545,0.4819226017872312,0.6456263526910475,0.7147877195297487,0.60128196832986,0.49176022052523677,0.46376708303100767,0.4452248748619416,0.6609656865500267,0.7243661088653176,0.720303848230275,0.7191450042055647,0.34539843980051493,0.36671524009186285,0.3952979445465125,0.47428019143622374,0.53283285955888,0.40393537042146466,0.13400255281484014,0.39354517704226527,0.4308700899181261,0.4138864384503603,0.32007963245390214,0.3467582667109894,0.3541125881554769,0.4446313851536554,0.4510309164345294,0.13259743516705078,0.40592592969401337,0.6533894748017839,0.5637596535623066,0.3963057904321917
ECH,0.4533656592877579,0.4047026071121266,0.4072097935449176,0.40938299354232427,0.4715727009090194,0.3926079208644213,0.6265171253444277,0.6286161270934159,0.6027525223812549,0.5291915313150062,0.4954641652541248,0.5777612978907178,0.4993601316104522,0.4135952232734896,0.3997380148487135,0.21510860648403277,0.22167760962628075,0.1877044092666924,0.5047958757539699,0.34720616584732683,0.46908537605418676,0.4480773781681926,0.46163151011187925,0.48663586282256405,0.6190064418318469,0.22501815135027634,0.5763523036984293,1.0,0.5770279233503423,0.5174739910759613,0.5723396122317639,0.6054368239273993,0.35906994294734873,0.4364207655105434,0.593148747035876,0.5134028834157659,0.6059819796593916,0.5912004315133077,0.49687785648820487,0.5977006559618928,0.550889935629474,0.5463431024021174,0.42756556953778235,0.5485986324575303,0.4897236047930456,0.4471631715799237,0.554814028217392,0.5312358861576397,0.5399724513767938,0.5198342317572294,0.4899939771291089,0.5573737420419987,0.5288628229839726,0.49091660387758485,0.582012763953164,0.39671826594302584,0.568409134851278,0.5208897410595243,0.6253809595089682,0.6046828210480782,0.620298836259975,0.4015847971352595,0.42563238462779357,0.4541594336650922,0.30129395659193275,0.5927733673668195,0.14378087954741492,0.6059509383717155,0.4920328130237745,0.5111332685342713,0.24684803559151272,0.39759661029272786,0.4937672232224296,0.49082871321148963,0.3323456518127808,0.36721374661799183,0.4002142838380745,0.33212636438028864,0.453507871090963,0.43162084392545796,0.4273523551606854,0.4285858161126987,0.49439541102471113,0.48213864961793174,0.3984058624645164,0.4577325420596134,0.32129252909576467,0.5263738610232923,0.3316876808058009,0.5832201442449859,0.2988330585931708,0.4120405907677356,0.48029672380915306,0.32970799247144345,0.480129023184351,0.3786127140502895,0.5043661699695131,0.4814604334948304,0.41368323912047017,0.4561718888135438,0.6287773587730292,0.47441513319117334,0.5137070562790809,0.518253640906285,0.4525246656194795,0.44604023812957583,0.41403090789685326,0.45722164732977616,0.5202487396850835,0.4571861911106711,0.5214912736849225,0.2050355658961232,0.6041715219523602,0.5935113047215256,0.4670182171957597,0.36674559510633337,0.46228164233735963,0.4362288551779101,0.35563413140206823,0.493897370248015,0.45017991667373175,0.48817992830515217,0.2653413873230541,0.30372659467095364,0.4410065487541028,0.45022055850137405,0.4450180047553649,0.4406541959332621,0.20521386351378013,0.32704240881254026,0.4404140893604247,0.45903187237986853,0.3876091056354148,0.5075625449761595,0.5179954531142151,0.28198764794513864,0.6211916159700825,0.14980756215672905,0.5853004614507857,0.1408756299693255,0.4662297705206493,0.5577654064128779,0.2384998998471243,0.39893322213527815,0.548695923041972,0.5248023737164754,0.5169969684535047,0.49004916053807707,0.5773484648773131,0.6234706733621558,0.5786858960880246,0.5071570677537829,0.4926526106262454,0.4426519452896567,0.5942940891137707,0.44681765790599787,0.6381859848121706,0.634752779842064,0.31517043031741965,0.4481121057105252,0.3723995400716376,0.4174571553224368,0.5634000475734203,0.391910700963447,0.2870037002271577,0.4394609724649013,0.49122478700038397,0.42881145203664656,0.2348772625659806,0.28867302171562403,0.2954532856562541,0.4432365400181287,0.5462704795772881,0.2850645746835717,0.41950935398821243,0.5797109409064629,0.5541442267312886,0.42575469291546464
EEMV,0.554869401516333,0.5556909712527915,0.5168118563135492,0.5584468168441553,0.6260051947916148,0.5505522341392944,0.7867855948541687,0.7612957226127823,0.9387126092678445,0.651432716274876,0.5262217366291134,0.6457818872801693,0.6765405341052804,0.48868354665295183,0.5568140885048103,0.25031815025585125,0.2708002877981854,0.23317336642431094,0.6997080077542112,0.4822464996869665,0.5916384606176576,0.42391746079674253,0.5434330735431705,0.6496967105621188,0.7658773702756893,0.2710601267443308,0.6710514108963995,0.5770279233503423,1.0,0.6680524685113242,0.7900521919454753,0.7388926431803525,0.45769886000015836,0.5625797950115786,0.904863475913681,0.6347028348386654,0.7885667068095639,0.93760383133268,0.6509474018113891,0.7340395550299249,0.7016185699309444,0.7012135335405132,0.6552036197711868,0.6738759222458972,0.6382285686341246,0.6117743926235567,0.7471940858570996,0.6465421937712234,0.7047236611178431,0.702214662740534,0.803708272322949,0.685900275937861,0.5771582877847221,0.802424149121295,0.7379411905267901,0.5420549677682746,0.7392463505399767,0.598560622167984,0.8000460106725218,0.8744480013411473,0.796493766880396,0.4624481176655641,0.5142318176940893,0.5361992725489144,0.3805257664059245,0.6163571762685714,0.1870032082538386,0.774071774287996,0.637972957473062,0.6880231180479232,0.29924056703712454,0.5112807541706402,0.6011611519653174,0.6898995991789972,0.48197941292309043,0.43530858517934273,0.6408169307861968,0.265446810535027,0.6846157444633827,0.5283800736893163,0.5971291047548017,0.5475135721571396,0.6646336769554335,0.6469080343805853,0.39671958734428847,0.549935149758312,0.3090265299753905,0.6815922890881491,0.4990013300608636,0.6629772666539552,0.36572382738179926,0.6926812550467235,0.644228429099693,0.271989903391793,0.5868139879991209,0.3302983655891984,0.5775338483996237,0.575967447608248,0.44255430892054093,0.5237923364990614,0.7284677903778157,0.5418279428146905,0.6129970805009601,0.6844060534815214,0.6469087352752653,0.6540465664648577,0.5929865028670788,0.49515805682550523,0.6153148208769379,0.5640111593680458,0.6368296127382634,0.20074751414796127,0.7679587424255233,0.6994121117243535,0.5720063827468687,0.43344731204451353,0.5162980879346987,0.6415251300370236,0.550459096709861,0.6478121792088549,0.4541581645997976,0.6442923244084391,0.3421561306598272,0.3557006809870193,0.5326562946496134,0.6444751089722061,0.6700766727593802,0.6008995643189392,0.2767220927201249,0.4854899661363609,0.5348156287735081,0.5522615368570712,0.48638047680500734,0.6485422785312136,0.5762478973182318,0.33953768267502504,0.8240997162664991,0.18840001041999246,0.7507718539460702,0.1540485688362268,0.5899853724544825,0.7471815610859324,0.284106600704678,0.44711536400507645,0.7218462330151141,0.6340933694872342,0.5634625371998515,0.6449281999252436,0.8333520245918886,0.8888963113752872,0.7726339493651294,0.6562633604870464,0.5789155434060163,0.6184220997000172,0.9143671845327889,0.5238788363619127,0.8802281965324388,0.795444604222468,0.43093327030345385,0.5304286327405512,0.4800420373463424,0.5054444661421416,0.616268916917783,0.5053401761245602,0.20954626680926577,0.471869631360209,0.5825323711566441,0.6382269151858192,0.26946042096781503,0.28601758798622273,0.3745226677101534,0.5651492267455704,0.5838276348038477,0.22029823702023443,0.4796739204197054,0.9299502888798084,0.741678603575107,0.566246763574751
EFAV,0.6279069303047373,0.5044474145194512,0.4761002783945978,0.4778259734992823,0.5034904185974588,0.46732880093428525,0.8810109423575831,0.8245384177319789,0.6426448932158597,0.6368746262249192,0.5542497298396445,0.7260897971527371,0.7390737432166087,0.5057441289164042,0.46460500537142035,0.37613701594229026,0.407993204385246,0.32540714396384374,0.6216526905498686,0.45671027461733144,0.653052522633857,0.6124960543335698,0.653682781927755,0.6171951505376099,0.6267785172354664,0.40245457497778464,0.6965715957428855,0.5174739910759613,0.6680524685113242,1.0,0.8492701126032618,0.8857529017932564,0.43674864970135496,0.5251998211280454,0.6255312412561029,0.6740034239613326,0.8923883586091307,0.6332804329862451,0.6319456320508767,0.7868056941751348,0.7884429654889166,0.8124763303534404,0.49048570876907077,0.8011083596146655,0.8718544513780874,0.5580727207648956,0.7321559823642309,0.7849141236685917,0.8272419666170899,0.7241040406370546,0.5308371889982701,0.8522551319114321,0.5632743207957718,0.5057075128394343,0.6412900165213025,0.4935261164938716,0.8202882381928862,0.6127993528842696,0.8687667035371629,0.6513886322987164,0.8613282459363184,0.6824869489478709,0.4818242603064349,0.4969065392167229,0.3425377088535349,0.6236267109614761,0.3093353085886798,0.8930748789453855,0.6354743756635585,0.7233815579677026,0.38102437577244885,0.5693881789441557,0.5236920498357297,0.5234486628420754,0.44872729320477167,0.5864991543598281,0.5469870299764371,0.3441684084642942,0.5161484814811935,0.6532277370431114,0.49677435164935846,0.4833999025549296,0.6057396156976699,0.6582131982894491,0.4575161949705214,0.5761786172074552,0.5329133273141873,0.5818424576949627,0.37801063876560204,0.48659065263977064,0.4936048194574919,0.4510338285078912,0.6101342869294625,0.3469347814647803,0.6510459121781298,0.3076346532011307,0.5679107012010407,0.4467214540632219,0.5292144829808811,0.6448753337529567,0.6089691190071589,0.618457251159339,0.46255879813583956,0.6158656845488277,0.5406374625550312,0.5009340618178766,0.5217208627853264,0.5876692118854209,0.690604003793433,0.5554713583391567,0.6025177594132303,0.32297005414478375,0.8718893590131803,0.7072809431614915,0.6381300618633508,0.3374055690916577,0.46265198199588226,0.43848576296844377,0.45434125566161615,0.6285380744279074,0.6363524987282991,0.6288212813320049,0.48874351315162334,0.4874297659409266,0.4299289171286405,0.532833831824733,0.5484785078388463,0.5643781849900634,0.22457718040509966,0.32411855346343127,0.4260280048575457,0.6339669202306042,0.684424772168789,0.5977707199321461,0.6242149561385592,0.4591606804538133,0.8742004549262536,0.32790273248695617,0.8815518017011582,0.2728877601703979,0.6842737043275995,0.905027786490132,0.41922876046413005,0.6382356884635225,0.8113573751555029,0.6758227622665112,0.6831954489628937,0.6093673496368365,0.7664936841515444,0.8291593059051175,0.7456396836863938,0.6371873455379944,0.6790765162108051,0.5501311063527179,0.6516197143294794,0.6178769950558731,0.8440825921395418,0.8738702507418817,0.4248676503301094,0.5212306410283056,0.4931320469475565,0.574159048898624,0.6776460306242649,0.5457669221449295,0.26900967337446696,0.5870790205084769,0.6049852794478872,0.4877587478910817,0.558430670026724,0.48585384914159685,0.5952536691094836,0.5480226796545192,0.4907913212707699,0.2587261830195266,0.5064538477824304,0.6310202435904829,0.669632650374022,0.560068749099734
EFG,0.6890835498243156,0.6855988575236924,0.6299761618510437,0.676000873738159,0.7377165653639745,0.6654614111683608,0.9441024036657659,0.8813403432279567,0.8121088789386826,0.819617190539069,0.6673501230459712,0.775856478026135,0.8365640610882791,0.5997785406573433,0.6603382363859156,0.3151971808868016,0.32008807053068467,0.27595195693624386,0.8564937989356753,0.6284961165433965,0.7701999753101776,0.5522131111334596,0.7238407032886207,0.8231612327985053,0.6688313369808188,0.3178442921035721,0.6711511649921833,0.5723396122317639,0.7900521919454753,0.8492701126032618,1.0,0.8786821912877661,0.45310306482463036,0.6698113718079876,0.8134977576837884,0.7152218995193447,0.9717525672492424,0.8065317301785075,0.8275024389897325,0.8373442401874324,0.8841664072135986,0.8983373707071465,0.5602456960958226,0.8460511532099245,0.843406581390585,0.5757947010019033,0.9235122355947817,0.7912034667898319,0.8971380445557061,0.7623030501491608,0.7462604117951617,0.8332386713759261,0.6150351910222667,0.6849086038259984,0.6963776073066716,0.6986978601869691,0.9323594410170779,0.7476296702837864,0.9216210235488995,0.7526203477974874,0.9115388019820577,0.6727381190742996,0.47326482174101303,0.5029807365832859,0.3040206415387467,0.6475419901277234,0.2030611816436381,0.960087913806163,0.8220310264144357,0.8894359835117643,0.3431724413732698,0.6475098536147474,0.6316741476548009,0.7452210576953107,0.6379176993007497,0.6301578634299302,0.6238783559029396,0.3020293915747453,0.7956323358610051,0.7256129373256252,0.7318919465135321,0.6592675904935051,0.8250080385680364,0.8240813985164194,0.5314151108582106,0.7241435953332903,0.486223375998323,0.7967831878357657,0.41715174540375116,0.636393400137639,0.4515262458292848,0.5406288777897311,0.8154183858764704,0.33542090819847803,0.766719563961712,0.3605214484341764,0.7428524202731428,0.6407863140446285,0.5790087886738047,0.7280605989296474,0.7141008118899458,0.7237862798842495,0.6791747185736956,0.8181404928274145,0.7937563182412484,0.7753030032950312,0.7320229971224756,0.6112068673371323,0.7970914835408558,0.7077520050849562,0.7742008486713411,0.2351277900212597,0.9326917436604046,0.7236099246448443,0.7152566927231866,0.37179741578064684,0.4902904114174659,0.7413860583358319,0.5323578413011756,0.8238698616217834,0.5938442187571497,0.8247219895591301,0.40261731073296086,0.4385292202838719,0.549108347819341,0.7690143917600172,0.6092340514773668,0.780582206510915,0.27530133985183936,0.4077635726776197,0.559389510449617,0.6989043981561677,0.677737420438127,0.7955642261961772,0.737363561269804,0.42773310358531796,0.9679586087083294,0.2068163587764261,0.9460166136760592,0.19397122394551947,0.7863011977155641,0.9514807626467752,0.327869452058162,0.6044651540277185,0.7903271341920137,0.8106716713090734,0.7340688867439776,0.809884115597482,0.8903298565132473,0.954449413339538,0.918202546098339,0.8312387264596242,0.7414414093300499,0.7877755312568726,0.7990371749416092,0.6300102072366714,0.9563240384566735,0.879652787771066,0.5698066186081638,0.6648237404516036,0.579800880317692,0.6645262332846115,0.7526627345742074,0.683521790150182,0.2446080655614873,0.65741863921912,0.757935239949453,0.7631116725522692,0.41062419278124757,0.38729342217795837,0.5570721149228289,0.736161486821832,0.6147955614043518,0.2729177385779081,0.6260497597117576,0.8125024236844216,0.8768153262518193,0.71882483625331
EFV,0.6329190657733306,0.5377336368413936,0.49213680382349406,0.5175265395250744,0.5893238115798232,0.5049058318926603,0.9692141210363637,0.9298777633959276,0.7537651503345547,0.7487009927275936,0.6942480684803395,0.8072706869319394,0.8028720493453523,0.5781710490845438,0.5316303431825062,0.2548816116228459,0.25794702033024697,0.18882828857912073,0.700640713043095,0.4717842123610157,0.7344480883374929,0.6668261850439651,0.7325095255909293,0.6902779067022469,0.7369722582986843,0.2567314409206791,0.6916765308206706,0.6054368239273993,0.7388926431803525,0.8857529017932564,0.8786821912877661,1.0,0.47326126127508256,0.57237095799937,0.7424230264996119,0.7723642899879682,0.9606398424201742,0.7360223172367322,0.7111038798086828,0.8523239277403588,0.8495445538794715,0.895892071157325,0.562919935919878,0.9073030102919694,0.821691425783103,0.5740622048203257,0.8136445729662322,0.8784453616758637,0.9011788888549664,0.7532813537038342,0.648408805896557,0.9250304254710541,0.6310482109822523,0.5925846445630274,0.7072642793171633,0.5259345527066659,0.9117035968302172,0.7224064906822747,0.9313734872931514,0.7711263511271947,0.9749369978743012,0.6640296414502604,0.48275520529872196,0.5076994090821947,0.31688924895193255,0.7782061581023032,0.14763288935126317,0.9609868385461443,0.71079980895783,0.8512179460685296,0.2959635990402067,0.557687532785053,0.5579974422493164,0.6064580925593003,0.46297009872611067,0.5542666290756187,0.5952259478542579,0.4938418856820255,0.6065565221626946,0.6916098830974596,0.5922706683477057,0.622200342810204,0.6875257746717102,0.7149312926115914,0.592428509177883,0.6783009234424373,0.5732911352927551,0.6707408105448341,0.4423897972905447,0.5876964586159181,0.3885610174797013,0.5067402583509854,0.6903127435181087,0.4511692180994422,0.692690214777177,0.48978129066994847,0.6853998953319942,0.5358432283200231,0.5512590897476498,0.6602344633150097,0.7681556011910425,0.7215505187447285,0.5545356472661725,0.6800790296454845,0.6094038909454206,0.574770814215906,0.5930286279632575,0.6343043184971389,0.7613059545421941,0.6595618199958909,0.7043803348132919,0.20866936069024178,0.9251040844520434,0.7995267621975923,0.6626348660418065,0.38806060439309237,0.4955474068074775,0.5509922766171113,0.5081887000088084,0.7127697322177078,0.697004077196338,0.7042490587184272,0.35054092969709005,0.3769973546945772,0.4777232555247134,0.6277257608880098,0.5982707471476074,0.6196431217209843,0.2809361741197893,0.3878391993956541,0.5093797922985651,0.639843500609498,0.6397749898626123,0.6680786599038184,0.7357771509578674,0.36693776829680885,0.9518491763330122,0.14818432089836855,0.9481265325052538,0.13718394546464432,0.7291528191326779,0.8969403026499413,0.27619278649096674,0.6090668544424624,0.8188586936152825,0.7397135745480932,0.7590099933665047,0.6632603065477649,0.844613239761647,0.9051080687129187,0.834235046175619,0.7208053012187825,0.7630086080141125,0.6119956956745695,0.7537147009934178,0.5950279513951559,0.9311696076071425,0.9812015758384723,0.42342905010819903,0.5893638471294732,0.48090023648648755,0.5961591294953271,0.766055440489552,0.5727214345876213,0.4157537765391719,0.695547681628206,0.7076795600322413,0.5740053337554268,0.4690137474776229,0.42799514112629816,0.5376394211987313,0.6121166928972301,0.6313552519463859,0.3980482138309165,0.5683786090883114,0.7321512620975849,0.7321386776063846,0.6509014380927243
EIDO,0.37384816726177433,0.3465956165026654,0.3316207705541799,0.33993519475214323,0.361259331050277,0.3385484364868786,0.484172911171681,0.47847598588974105,0.4533175866884301,0.4164713752005486,0.3526917390288806,0.4307035891256166,0.4068846935777034,0.3412226956795464,0.34919674936160233,0.17658646751831822,0.18843194013614567,0.12475401093110959,0.40495127539910286,0.29497107641658726,0.39588428763935307,0.34193544968501477,0.39089672272970183,0.40993525933705033,0.4604405021595308,0.18573493271532202,0.43753498347408515,0.35906994294734873,0.45769886000015836,0.43674864970135496,0.45310306482463036,0.47326126127508256,1.0,0.3167660653261432,0.4709343557287107,0.38322796154733835,0.4795243992398974,0.4456632439481569,0.4176208492623002,0.4829519050184918,0.4323573735915066,0.4341748132396521,0.31699989567357895,0.4392958653276414,0.4074959484781658,0.44768419674213716,0.42506517784657205,0.4113577757466175,0.4290144747690352,0.46569860342442204,0.3981200484949225,0.4236751190090346,0.3623673285613519,0.3650053087217748,0.43173569844421716,0.33536107331848775,0.44416575040440837,0.3902188006666074,0.4903475797131179,0.45703464451524417,0.4817385276207519,0.3492014792026056,0.2946733205763575,0.3211051822600363,0.1907395827681781,0.3969120304190046,0.1234175684363299,0.48020945073090326,0.41275222384124055,0.4069009442063088,0.16845941318997806,0.33171290045428287,0.3235954607966723,0.35657273919162263,0.3138167237531608,0.3337163614101822,0.386779515353,0.22282332824089318,0.37380150407525964,0.3941538990182836,0.3751041423669105,0.35091091876594516,0.3870911896763791,0.40593040823595833,0.2857359017613403,0.3757911433662615,0.2483194515303059,0.38842326188267107,0.30728737851867377,0.35320871341034116,0.2447227784582506,0.27947553337933995,0.4084311590551974,0.2206116970980334,0.42057559901389874,0.25556396733111475,0.35796770954451046,0.31642961930997465,0.32363040577698177,0.36896942905558583,0.4252135002988243,0.3791112987121659,0.3366652389280089,0.39333311524835496,0.37555628502118255,0.34302094948026796,0.3604761173706178,0.334449402872956,0.4151772386130579,0.3687746327583598,0.3877083173514103,0.15482872053120508,0.47703356699179006,0.4303002305732486,0.3840761739917349,0.25439782352796914,0.30744820667198847,0.3258315355846636,0.3195860235184819,0.4190189651646083,0.3640905177373774,0.4149537933941946,0.2378183213060052,0.24147716853343884,0.2790491818583412,0.38143143168262583,0.47618063789711856,0.3774885594499912,0.2234393028242804,0.31248311941355345,0.28988001778258904,0.37074864667392166,0.3462653673287379,0.3921255004690347,0.3862345519066192,0.23003005262812157,0.4851850477209951,0.1334829920894298,0.45974146768818364,0.11482839898181224,0.39810058664421666,0.4742173229791524,0.18683225779943546,0.3628832241154949,0.46267943235467257,0.4098007374506727,0.39561392868964174,0.39042645029666884,0.4551819633672341,0.4826977814305217,0.4667342846723486,0.419843153092207,0.38907607743578565,0.386137595144395,0.4611139019938793,0.34914217548946946,0.4952238461667898,0.4996102058119771,0.2777595046566544,0.3319801632256717,0.31043310365808474,0.308380475720767,0.4138389404122335,0.3475287797211143,0.19521784781994048,0.33848038415537784,0.3765907025729804,0.36063934851475926,0.25027080833110554,0.23144388190652007,0.2879799611872984,0.36834862738243923,0.3335629891141996,0.20068637629544545,0.30322221817858747,0.44966981566542286,0.4195158639598192,0.3776709350241842
EIS,0.5526202503535782,0.6390499401456683,0.5452710035642827,0.621866316651767,0.6569308217527297,0.627509412857057,0.6432363897944487,0.633033269557958,0.5927376400344606,0.6955487423239255,0.5776831331071873,0.5891961269934615,0.5517080051094309,0.5117954240850999,0.598227043259922,0.20902179867391804,0.20269846984462944,0.18877010961284715,0.6824614603288605,0.5916914671046394,0.6262127108133424,0.4532181413299757,0.5702361141159069,0.6932200572263769,0.47938275339210384,0.20070741299948602,0.44626441105742254,0.4364207655105434,0.5625797950115786,0.5251998211280454,0.6698113718079876,0.57237095799937,0.3167660653261432,1.0,0.6070151321475324,0.4981235297394506,0.64648679685509,0.5826252366956385,0.702955459782515,0.5893202990296624,0.6038207577707156,0.6032354117521197,0.3788164728692143,0.5600889367817267,0.5173344925584484,0.41346685852939374,0.6512203928241388,0.5187208656944853,0.5682351585070324,0.5368712204070013,0.5726799684304414,0.5253209182444638,0.43344131614119286,0.511154197711552,0.4852233129916042,0.6382264646147514,0.6185714646509032,0.6418279965956913,0.6495249733848825,0.5272827290843299,0.609013487971173,0.5059939141380523,0.2820412594024426,0.3136273685677644,0.15734411154202257,0.4760857916617021,0.11277260822737874,0.6388534555280452,0.6943207405188306,0.6172418400523128,0.2693092818341547,0.5099749626884895,0.5220265726201541,0.6630447981417646,0.585741831513127,0.49620640251503534,0.4531500008537289,0.246020387975816,0.6697006873306909,0.5622860949665096,0.6360060925191473,0.544937591447803,0.6931856797136039,0.678274491578073,0.49274555933497216,0.6279267164814373,0.39319138690161,0.7046786073527385,0.3610785078381547,0.48180873727907886,0.31432897867007803,0.35772441681876144,0.6956332300621574,0.3157243265169714,0.6343677668934885,0.3070558117726598,0.6022551030980874,0.5727183066701697,0.47179345756679497,0.5585852740731982,0.5194155232113623,0.5966314980401651,0.6003913880325836,0.7057022813677981,0.6918075486646161,0.6725318488225281,0.6166347445497914,0.504243967852057,0.6505210643181244,0.5951493927682447,0.6727302009570971,0.179216614528395,0.6643664735150326,0.5495739271040132,0.5737614500248892,0.2251777783202876,0.3147917506896459,0.6221928160310176,0.40187109607813415,0.6963446015838493,0.4885006253546638,0.6992438955976112,0.25968927031866834,0.30176758987023056,0.4847662988097173,0.6425267827336445,0.4056323473477154,0.6836263240500403,0.24327052625061787,0.36300529878745724,0.4475587939929471,0.5639669627884054,0.5234665228381616,0.6932083518892186,0.622696839164271,0.2986983472837612,0.65931735405935,0.11373455860863052,0.6225522366705675,0.11261855836070303,0.6251544518352439,0.6192341692322666,0.20719673965906515,0.4821396533669595,0.5636012672512803,0.6742087595423464,0.5968512373775919,0.685464516575641,0.6088353537754729,0.659701981010367,0.7222919221861669,0.7073898108838896,0.5848463460271777,0.6893829275195956,0.5730768432901959,0.4793015175835342,0.6593926237837028,0.5881839177207436,0.5614679711186127,0.5668002174307728,0.49709085543187614,0.5208518048434607,0.5636448324263889,0.5980506280880904,0.21734472333973331,0.554343041597003,0.603881374766175,0.6618056414949206,0.26821844128764294,0.27269866690306915,0.39514802236212554,0.6412914928151398,0.5107017003439908,0.26447303891426294,0.5514522842637095,0.5911564373458369,0.7213778793579813,0.5868306462107408
EMXC,0.5714343302646216,0.584050445274756,0.5323048119847741,0.5913137468980176,0.6901802290845841,0.58599068427528,0.8016865379544857,0.7794672439826756,0.9362055161021469,0.7240951839944992,0.5890258415914289,0.6804393773924524,0.7260484283998775,0.5106365333631484,0.6175893936344351,0.23109897096120094,0.2389971983248062,0.20940628624695778,0.7650228303940898,0.5291916662524816,0.6356229300448163,0.43569171590605915,0.5773963717088636,0.7231214294697333,0.7354120072596454,0.23741287447559192,0.648581871113337,0.593148747035876,0.904863475913681,0.6255312412561029,0.8134977576837884,0.7424230264996119,0.4709343557287107,0.6070151321475324,1.0,0.6535024725103603,0.8056738182874517,0.9256454813937203,0.7196947738966333,0.7468148720779157,0.7064992220055841,0.7203508994777384,0.5330211941655603,0.6896556059531328,0.6110692788294979,0.5839057082944759,0.7893121370880318,0.653803879255765,0.704096488665276,0.686636035376698,0.8952229147286036,0.6771526148163866,0.6102502243951511,0.896715444725148,0.7209665649003814,0.5827332679669681,0.7584680722194318,0.653716128911108,0.8105071814380904,0.8262397086457223,0.8286730781107837,0.4665613243695592,0.5003893008830032,0.5297070991919214,0.36573692462172896,0.637599849124601,0.1396897327997013,0.788428970599265,0.7048378553097642,0.7347950772389679,0.2664519754622294,0.5079381520627845,0.619174884643172,0.7366976632843035,0.5268696062840047,0.42666787019331265,0.6647012599090975,0.3031535286889295,0.7884752974519402,0.5642490829094712,0.6781452238541054,0.5863633665530575,0.7459608018467019,0.7038094313870534,0.4457460058639647,0.5994091387356274,0.31010231875668115,0.7352779018798642,0.46440705463875054,0.632759130181251,0.34898091104666584,0.5132341538542129,0.7157207867438288,0.3052787837053931,0.6112309793224228,0.3963549043674592,0.6597097806630707,0.6230906617871826,0.4837930458819759,0.55730335850372,0.7412349755988142,0.5851285694817303,0.6713011602750725,0.7224328600825214,0.7260980573882989,0.7295968936377459,0.6571298415262129,0.5092930505737887,0.6533144034320245,0.6266009237610586,0.6969574923875574,0.18165375950828266,0.7773625016834187,0.6686469354659463,0.5884476632385811,0.4354150679265873,0.52083135743131,0.7567625955491822,0.5828178905975719,0.7180457761732204,0.4595001891524371,0.7129614513109326,0.30901201334449885,0.3377107877091592,0.534263369775169,0.7362524779870273,0.6511702376082963,0.6681214108670911,0.30112784902205475,0.4718652776792289,0.5880254859973189,0.5663002794530395,0.4904957074215113,0.70521423581131,0.6281841801499461,0.32945386919592795,0.8525054754601964,0.14244638757850758,0.7581629417257456,0.1280461056363134,0.6326835006248502,0.7425359221188755,0.252708271418249,0.43872438032885813,0.6746698369901147,0.6795905999687413,0.5977381180995406,0.6986105046029215,0.8833395320914462,0.8972672700620331,0.8206266919134695,0.7242655937145069,0.6197931260876852,0.690995121487139,0.8646836877790882,0.5220434564825149,0.8879369775668353,0.7881516022891459,0.4441742028226533,0.5893731355895622,0.47989618012389185,0.5353277645395146,0.639600826620844,0.5318739050457345,0.25259130796198426,0.5041189282872299,0.6524091204135376,0.7352266847454215,0.23436945250138638,0.28205018617524585,0.34830413521189624,0.6130490140418943,0.6327316526714836,0.27185740661837454,0.5186197818404412,0.9241743358928981,0.7817005864102674,0.6246548122138961
EPOL,0.5369012175707826,0.48933578100576036,0.4224177468610474,0.4621212755337747,0.5215714322191203,0.46286416355667404,0.7751769100086376,0.7422464035582226,0.6573073232204789,0.6250710311688248,0.553688364237766,0.6516707137581287,0.5876751390419571,0.49661351133991305,0.47917961399417547,0.22244254449607417,0.2186423220311436,0.15359059039111472,0.599241370134894,0.43271212331459324,0.592238792126412,0.49180447216100776,0.575385241025986,0.5951177574293158,0.6478544365449855,0.2150799430249101,0.6213349877780324,0.5134028834157659,0.6347028348386654,0.6740034239613326,0.7152218995193447,0.7723642899879682,0.38322796154733835,0.4981235297394506,0.6535024725103603,1.0,0.7649899524577349,0.6474007143681823,0.6071149446943938,0.6715560266923636,0.7110447436796427,0.7672649791462884,0.45401150813746943,0.7627347572182921,0.6322562884443557,0.4933485379251217,0.7064067113170378,0.7324693138326418,0.7480333111804628,0.622743401140486,0.5445786059029012,0.7163994709335335,0.5489294892626155,0.512473993610823,0.6132631967582373,0.4818030990521147,0.7708813497294295,0.5895231910051144,0.7577668342815855,0.6637093909981789,0.7686151694404054,0.5151345095608298,0.4064780608904595,0.43420280298388464,0.2672354797461133,0.6138051176762237,0.11863229202034284,0.7679445352461194,0.6035539091011172,0.6640547078079215,0.26049595634548006,0.44853242296668533,0.4907063913281705,0.5311337929123389,0.4344802995632919,0.4340104174967989,0.5413452417622172,0.3549609922500924,0.5475534636706402,0.5470285354845613,0.49825833543832315,0.5220964014530057,0.5918083134873529,0.5974883174087678,0.4777907267356563,0.5686991471104639,0.4389664355377384,0.5859044436522377,0.39423887206974195,0.502629794992512,0.3346437121710808,0.44482970398713656,0.594688329456998,0.36672137960176143,0.569064762808936,0.3724383681350381,0.5593380006840539,0.4838774265213567,0.44787350166632023,0.5312091323011379,0.6235493700048711,0.5839304006495919,0.5001485030640705,0.5937886889838471,0.5496449427056793,0.5295095644379317,0.5271809268285337,0.5167016127941301,0.6156436934275986,0.5561245728416105,0.5873129012104807,0.16434698350013172,0.7504361003268507,0.648985161699845,0.5568750181782501,0.3315594539510651,0.4247092241483561,0.5046988206737016,0.46103552667293063,0.6076873399108093,0.5304309987776957,0.6027649701263094,0.29726808943238003,0.3229966868199129,0.4241673153111802,0.5511666259040519,0.5246563750962079,0.5488669813974225,0.2870647606917453,0.3527478682768226,0.42186458950158995,0.5400524200961606,0.5079254969356702,0.5736834558010343,0.5970765517541274,0.3174029268507408,0.7647153635186223,0.12593636415202483,0.7808003430026449,0.11981806480793888,0.59718073132294,0.7041028547953837,0.23634054798639903,0.45961268762485724,0.6336280124098786,0.6092248121243944,0.602445764738654,0.5649485466587932,0.6489933079003707,0.7401652059080728,0.6981150103136051,0.6143495324389384,0.5962391178659321,0.5505001243809501,0.6599766035719057,0.5202168155438035,0.7629366995598222,0.7759803231580222,0.40091199656627735,0.49092896963585764,0.4038420686457111,0.4740007501371462,0.6198987741333583,0.49092312894373696,0.28387605544857164,0.559582517599571,0.5716726149902822,0.5248930756779958,0.3462453694935901,0.3155526473825671,0.3990954980925561,0.5373571635121593,0.5188934200308947,0.27900928197351005,0.4939252605161012,0.6453102205001358,0.6293763112343005,0.5512166021664515
ESGD,0.688456514998477,0.6397028433143971,0.5858797969092299,0.6243519204463217,0.6913951759799037,0.6129762375663395,0.984734154881344,0.9319544790794817,0.8092993541375763,0.8118086336732768,0.6995747918320816,0.814688974845236,0.849043480378053,0.6098336921512779,0.6221037692709028,0.30107286293228097,0.30580509334341005,0.2476427836617361,0.8102172756478816,0.5783275876179955,0.7769869217750631,0.6229886300791126,0.7484584404434862,0.7869625055236457,0.7200163999574246,0.3039883049250847,0.7041210494227105,0.6059819796593916,0.7885667068095639,0.8923883586091307,0.9717525672492424,0.9606398424201742,0.4795243992398974,0.64648679685509,0.8056738182874517,0.7649899524577349,1.0,0.798228167973211,0.7994970840765482,0.8686043598529637,0.8944599509989308,0.9251296347950797,0.5771350432024352,0.900015161178199,0.8573321854673739,0.590198989220237,0.9017901079873304,0.8558053467073368,0.924866823774786,0.7820382224197928,0.7213922424625145,0.8994463569597528,0.6436882106486054,0.6633192478440528,0.7231345981015924,0.6420662312397777,0.9506298034014321,0.7576245695338174,0.955239694240466,0.7835384723865642,0.9696912101999623,0.6881420120313594,0.49016000725606407,0.519344487291801,0.3202006511650836,0.7276002802811201,0.1873965151457996,0.9894245771603839,0.7961270614525796,0.8963639483613147,0.3334513511754411,0.6256915621608033,0.6180199150446275,0.7038875450392615,0.5794476871598127,0.6103713693013547,0.6308077163040233,0.4048166206779811,0.7333747636246075,0.7310117427304986,0.6913009718731348,0.6599758111853585,0.7867038446644206,0.7988421429505754,0.5752443978221773,0.7247075035831282,0.5423185845703684,0.7625511209774175,0.44279085487949166,0.6309425239087624,0.44102725287310657,0.539127628016901,0.7829882504061234,0.40329494033541485,0.7569998063718603,0.4358431644715059,0.7376123085019843,0.6127801458831942,0.5861540116014711,0.7177139920123872,0.7580613547536437,0.7450833188571232,0.643471924303906,0.779137451277694,0.7338455065691948,0.7069347183871504,0.6890684559972845,0.6403824890075954,0.8047435332543171,0.7059357156211844,0.7646411476939914,0.23569987032195894,0.9586892612122918,0.7811661726142253,0.7159750725966192,0.3902826416237342,0.5067939686972227,0.6751308742277272,0.5384606042991439,0.7980615399566815,0.6601374751955961,0.7941117290053666,0.3937184323686527,0.42857992519944793,0.5345070382415281,0.727644225561123,0.6223760657992766,0.7307471860619702,0.2895831852180767,0.4142097561917381,0.555152486380421,0.6964287351201774,0.6808973663903398,0.7610941881022736,0.7579885695099567,0.4180672102415849,0.990329733272878,0.18990138888741312,0.9750806767875592,0.17759362177891216,0.783790076246542,0.9554750006153916,0.31889226060095655,0.6261823642237887,0.8282275223409609,0.8029007407523726,0.7684227538418735,0.7670461051568009,0.897488308647746,0.9607057973207582,0.9075599534630803,0.8057680965418496,0.7740495512014499,0.7312949571572642,0.8014039702100889,0.6380967375882568,0.973872367436839,0.954263052760965,0.5226970045234398,0.648627589601012,0.5523883256401003,0.6528272567264989,0.7790574282318398,0.6538923614897425,0.3366672518526172,0.6956214039665807,0.7568367823513581,0.7000142634574603,0.4480086440759402,0.41814823463139317,0.563169917795597,0.7012777498421374,0.6390461961104773,0.34324889070149495,0.6171476226582373,0.7993356162739554,0.8370831796684249,0.7078378772356518
ESGE,0.5640366385862332,0.6071655098920427,0.5543866698196497,0.6132892510135822,0.683817872000311,0.6053399601979035,0.7933147083454876,0.7664394796595196,0.9845132777518946,0.6911924874898431,0.5667476391179656,0.6715036388430301,0.684497706662929,0.5216440222101868,0.6059429630850094,0.22344488314749825,0.23019773034955562,0.19340377915728615,0.7448253262330844,0.5157892752033939,0.6024393442825985,0.431438989791134,0.5516909502509902,0.6912439129439162,0.7952381426338099,0.23198786488209047,0.6591435732405374,0.5912004315133077,0.93760383133268,0.6332804329862451,0.8065317301785075,0.7360223172367322,0.4456632439481569,0.5826252366956385,0.9256454813937203,0.6474007143681823,0.798228167973211,1.0,0.6895040544353586,0.7423853138854444,0.7102990949760035,0.7132157317264114,0.7163940213662805,0.6815745366017022,0.6086908329075591,0.584129022879595,0.7962805543475738,0.6371358253579599,0.7093292073084538,0.7261370346342498,0.8400388174018236,0.6799294238527681,0.6052026790562294,0.8282565134935677,0.7649652983994384,0.592702083512866,0.7580505346596941,0.6327301710154718,0.8044448177227305,0.9195548955133988,0.8064889414258971,0.450602552588487,0.48340171072185967,0.5101197642055273,0.3469479304871679,0.6404598546096659,0.1383262865758588,0.781423619923816,0.6726865072197471,0.7207773037231618,0.2833528020301701,0.5234992731116025,0.6216598435319058,0.7291612865454647,0.5208704242723134,0.4326609158077858,0.6005706409199258,0.30094354846354265,0.7394533832277917,0.5373806796271897,0.6398831099540215,0.5732106087461015,0.7024252616308998,0.6718043136897583,0.42523188470431644,0.5842185911841629,0.30070948278493487,0.7325790081425212,0.44890997177507813,0.7170341916153636,0.3406488770569857,0.7869510768695068,0.682873100362368,0.3001081805677437,0.6068137744014167,0.3709487076490815,0.6119637505176418,0.6377908044130982,0.4713950792793555,0.5371271938562963,0.7494226296941664,0.5629789413020634,0.6713824295438688,0.731904305895017,0.6981660121758553,0.7102290146919775,0.6376523182842798,0.5079436679893261,0.635188037356766,0.6105969082425471,0.67280098594005,0.15496594835842856,0.7725645267372179,0.7270915743636462,0.5821198040012023,0.41442806855905245,0.5030290916680069,0.7117321543820527,0.5161054816456494,0.685325675952724,0.45155470079240706,0.6808341215824494,0.30048411450711704,0.32956236795998406,0.5741788088399422,0.6938654289526781,0.6554481719535485,0.6471617070133519,0.2672184165650778,0.43117153825312765,0.557532623066166,0.5630183298292949,0.47095046824043496,0.6905743438400701,0.6077904267247547,0.3210528924966695,0.8344091051504743,0.13257780727845628,0.7566744534635861,0.12243940580808199,0.6020640179929113,0.7519267227699482,0.24152491167261197,0.43866514357811665,0.7166036798108381,0.6628868469328693,0.5765605107943009,0.6848399944794369,0.8446236614788998,0.9092709877131645,0.8063968013372703,0.6951904702765838,0.5840407520704645,0.6685106553079363,0.9706770521162543,0.5174968052515418,0.9030096511306184,0.7972703126118759,0.4729770584791801,0.5415270051475826,0.4976959970153615,0.5189946053042614,0.6288160573809112,0.5417371349864061,0.24493987862251262,0.4828133785636242,0.6031692626064121,0.6901159519450273,0.23784575523440726,0.2564861321320459,0.3424441901124445,0.6076420895683705,0.6057537487572846,0.2726287920824986,0.5216246341205937,0.9889645904274671,0.7916576766753863,0.6022264697252045
ESGU,0.7395577258895919,0.7956059254308329,0.6781015927528731,0.7864168246770307,0.8310056124468671,0.7924218547066468,0.7853920030975146,0.7374344474878776,0.7002246288712072,0.9770298692061523,0.7851979679919436,0.7825232549626262,0.7061490252115706,0.6606912770905733,0.7384909836886059,0.24719826019393368,0.2305364889564143,0.19666546114276257,0.871315434867731,0.7791175465197422,0.9130358849413788,0.6373138468249547,0.861465490789202,0.9869349021258205,0.5650283277933814,0.22831283529036925,0.48627187302347585,0.49687785648820487,0.6509474018113891,0.6319456320508767,0.8275024389897325,0.7111038798086828,0.4176208492623002,0.702955459782515,0.7196947738966333,0.6071149446943938,0.7994970840765482,0.6895040544353586,1.0,0.7562666030670873,0.7197695815293761,0.7273761387471461,0.44139653695177095,0.6874273161141211,0.6392326888878391,0.5111119950811055,0.7993913785394478,0.6317218931323559,0.7010283828382398,0.6763436764845555,0.6988738877590734,0.6680965365693694,0.5332103640439537,0.5779688335992288,0.5636814883577599,0.8667893164826378,0.760462889573007,0.8480137549900756,0.7684125148461403,0.6419150920131093,0.7571510008551622,0.7957560750553907,0.3338558656854024,0.36594582324107633,0.14756967522264225,0.6206494563121179,0.09415736962007973,0.8077091070556757,0.9953594346106992,0.8196968052046024,0.2761532340903063,0.692042727130328,0.585310032770121,0.802428610730685,0.8193141688145329,0.7046960917687145,0.5754240736671498,0.40143387557819643,0.9122709903360892,0.867744167295168,0.876702210392663,0.6838776460887867,0.962482830151547,0.9722920693257122,0.655450500905088,0.8512124609549037,0.6099861895490408,0.8736210816940049,0.424422985505398,0.5813050481710903,0.3990510299576382,0.4222493745697661,0.9941631937563333,0.46923025390492434,0.8926473955991255,0.46014687400277027,0.8342215611050138,0.676942376026381,0.609003145278045,0.8045298638760793,0.6271211036726828,0.8656152091135788,0.7297907915242708,0.910160778698653,0.9559249443398758,0.8970580051178623,0.8756162839175403,0.6546429433336477,0.9191217205511729,0.8211813478294152,0.8750895833445909,0.19955491408141807,0.7690257742107994,0.6699953901907416,0.774790802571257,0.26154512082041664,0.37595321089391187,0.823333567630685,0.5007579108748347,0.997538613858565,0.6921049492620589,0.9951753521427853,0.31743616447866524,0.3856107750608896,0.5281700347719479,0.9012536668566022,0.5139832645237137,0.9640028123195719,0.27124864064136456,0.4039142205157515,0.5497206011731823,0.7523044660446806,0.8223611318102236,0.9014858813572382,0.8459449884305308,0.3861368778910138,0.8102737709317538,0.09454409795528554,0.7605730472322773,0.10778217188433208,0.9328785603955225,0.8014828851533248,0.229452533925851,0.66663129258125,0.6272807127605352,0.9338448498826316,0.8449634425569671,0.9360870468151835,0.7500851593155564,0.7994104518585321,0.9702202120550384,0.9966710228216273,0.8642142917161691,0.9640618934951439,0.6918665670827712,0.5894240114313245,0.8065238493683199,0.7325887354349638,0.7233691130396671,0.7314030191943813,0.6303263424501878,0.6963298943050101,0.7772287512784968,0.8362610988254684,0.3848160924497154,0.7997503673369231,0.8534868564739552,0.9213597602790053,0.4637233880201682,0.44181299618729053,0.6223368716281416,0.8864234820263969,0.6396980382531204,0.4326553551371681,0.7386574221732843,0.7006989783375739,0.9210785621112687,0.8712304051848323
EWA,0.6614282498780083,0.599642893603858,0.544217633551053,0.5912953434915965,0.6588194275256654,0.5825304461846751,0.8810220065449106,0.8514907170962,0.7567304790098219,0.7798474523488536,0.700714181359673,0.8447353738803757,0.72365235640517,0.5726948306724856,0.5994053870065336,0.3026104408361834,0.31362254282828483,0.2543825743031402,0.7231999216828853,0.5494748433848141,0.7324741748189536,0.6446264800509279,0.7365349487866091,0.7371516590339832,0.725321248433009,0.31256164448577783,0.6666876835435602,0.5977006559618928,0.7340395550299249,0.7868056941751348,0.8373442401874324,0.8523239277403588,0.4829519050184918,0.5893202990296624,0.7468148720779157,0.6715560266923636,0.8686043598529637,0.7423853138854444,0.7562666030670873,1.0,0.767233177639897,0.7559808099544737,0.5615238827576194,0.7464187312406912,0.7222938523315001,0.5954082480193136,0.752926791164148,0.7148554634636067,0.7626406377504511,0.7466080108914254,0.6743317300228371,0.8150250581493844,0.6137784847765417,0.611649324909219,0.7072855399503711,0.6015431529742713,0.785931331841115,0.7365209634042966,0.8644780556744572,0.756953334796337,0.868423701297489,0.6536681367121633,0.5448127869724941,0.5700024527140103,0.36390229236876803,0.7834188012982196,0.20197434106402837,0.8776733283019945,0.7538871361845094,0.7552553189227703,0.3246527971865716,0.5651139981806215,0.5821803685246871,0.6649651051016429,0.5513851226879635,0.5755761176592434,0.5428909705183926,0.4888814820830135,0.6692254967650617,0.7064081619063173,0.6615686181539617,0.5842052328566644,0.7372791767827157,0.751183220629821,0.5606874526741136,0.6896404032234313,0.5088247260368108,0.7228109477307396,0.4501608374427044,0.620310022541439,0.4265345487485739,0.5162496875090755,0.7392373433629348,0.4612738267602311,0.7139815543589342,0.5061394296069681,0.7116809114523495,0.5890947708430073,0.5718691961224939,0.6759521635711031,0.7990698105740452,0.714604459019569,0.6131312312740493,0.7236802402585012,0.6795248299020187,0.6488060131399904,0.6425235677182799,0.6182705264428122,0.7708230027089398,0.683548640159726,0.7352899015794279,0.2740399110442354,0.8479290765596158,0.7732844873364786,0.6852599819602304,0.42384406048048906,0.5458947333919625,0.6120720956655257,0.46029336665778736,0.7559539209345911,0.6698238395107771,0.7500363431463625,0.39138097849104897,0.4141949489713305,0.5118341933919054,0.6902443463650492,0.612434459092908,0.6820578764182026,0.2478390665597249,0.39037034779749463,0.5673805137072326,0.6630222367735993,0.6577210754657631,0.7258102302887952,0.7358249913335839,0.4021390375690828,0.8824502606298082,0.2128227347614433,0.8242018398657208,0.1933945614086365,0.744240346972908,0.8449204651820323,0.327250378980505,0.632407409342295,0.7798300813298957,0.7691238996261339,0.7506681002010076,0.7242640554410974,0.8301035229461963,0.8574453163304085,0.8434248614881962,0.7653781041155809,0.7510807107024985,0.680910462924625,0.7516643786696796,0.5885915336639065,0.8784127147098004,0.886651123021235,0.4955120006734453,0.6318424079168388,0.5075697606836445,0.5938613358910909,0.7590493322557973,0.6118428703411671,0.42876896546286947,0.6576684120050318,0.7150556345340568,0.6465828299169513,0.43881179397784525,0.45455125720392037,0.5200217229021793,0.6563627124667983,0.7003908971142998,0.43314657061599066,0.5848005834564729,0.7356533049144269,0.7687599350012695,0.678285551256646
EWD,0.6232522876279335,0.609960657771527,0.5517097096174721,0.5886877017109241,0.6415168496468618,0.5826686817568403,0.8893491531067815,0.8459686324778639,0.7149660596490167,0.7305440955800769,0.6322219933530627,0.7395337420170929,0.6845163621678588,0.5539408727347186,0.5753423109485394,0.2586579195639034,0.2695930122096092,0.22069194110925644,0.7369910087975221,0.5350492819708969,0.6923875985778103,0.5514159677514805,0.6630545638040648,0.7096690993580792,0.6352269861485002,0.2698083541956801,0.6332420908758406,0.550889935629474,0.7016185699309444,0.7884429654889166,0.8841664072135986,0.8495445538794715,0.4323573735915066,0.6038207577707156,0.7064992220055841,0.7110447436796427,0.8944599509989308,0.7102990949760035,0.7197695815293761,0.767233177639897,1.0,0.8800213733232678,0.5175140836973617,0.8261848917399285,0.789735209877275,0.5290344050913626,0.8429537081581381,0.7758569907343945,0.8614205156890987,0.6929404518484307,0.6342658620217626,0.7949413888475786,0.5722389476199887,0.5709130644029508,0.6639042818251105,0.610680675918531,0.8857356214806174,0.6947946783073414,0.8651336187882468,0.6942217057973217,0.8530443979058057,0.6157134078900653,0.4432878652223939,0.4688899368155432,0.2781323784401583,0.6456615242472156,0.1611269894208922,0.8881826417488751,0.7165751850916411,0.7921854979706481,0.3025000522267072,0.5647099410804782,0.5871112378260517,0.6366950782656041,0.545656980561184,0.5644214340595936,0.5857443754303397,0.3233462833999707,0.6566857043831676,0.6431261665828214,0.6023803829372447,0.6100821664548174,0.7076139333594057,0.7222964043101456,0.5269558793993476,0.6728405619692015,0.4822562328190536,0.7068807500303128,0.39281418985894967,0.5810553378624893,0.38623512584631314,0.4954447765617622,0.7006191824337064,0.3321076922691599,0.7007495283488738,0.35299829371137864,0.6793146267699576,0.5861814241915559,0.5363439720675439,0.6791692575838769,0.6798368072124451,0.6794573663188298,0.609093766535434,0.7222836312334003,0.6644924732429933,0.6452687385498942,0.6034201474361901,0.5946760346066884,0.7356799880844356,0.6222947906101356,0.7030579154548314,0.20296763021223296,0.8883231914105044,0.7048723309230944,0.6455153534848879,0.34479031836870877,0.4587367432545919,0.6014601587563921,0.495008373451384,0.7147816255163446,0.6021796965907668,0.7148111848284531,0.3565491234363652,0.37420106519985236,0.5170524236364038,0.65749788488906,0.5476712892590568,0.6661758317806687,0.25791338089038546,0.3468896403024196,0.49385363944509253,0.6358882790965281,0.6064596431949273,0.7073016467032834,0.6927266115075522,0.3606645607840444,0.8879033139878146,0.1744564172184537,0.9120043552716914,0.14771453334141524,0.7050712759552518,0.85728501049246,0.2860185425079836,0.5906190307838163,0.7631032233140638,0.7413293257799795,0.7015147325158212,0.7122470036591912,0.7497273328927476,0.8619828453761401,0.8170600240235975,0.7267891099808398,0.6810468051939268,0.6678148569233241,0.7207076987209038,0.5893270002816392,0.8725105347551304,0.8399033945827254,0.5114276482811319,0.5780605696390436,0.5098487946130014,0.6211525872364829,0.7184848916013598,0.6086346356483207,0.26154079630639904,0.6328765772234468,0.690606078546797,0.6280360128558613,0.38044432647195386,0.36809127278367876,0.47728550959393434,0.6555405277667186,0.5701296323171379,0.27259340854069697,0.591021069115591,0.7170421869143385,0.7699396293485554,0.6169524435220871
EWG,0.6328049825729555,0.6047026215269912,0.5193191584130255,0.5731560896821504,0.6252200037941482,0.5732301879927203,0.9095500907818491,0.8464892440547875,0.7189389752899537,0.7308867028282863,0.6211648428441986,0.7216758414520552,0.6920260862348713,0.576588693273029,0.5732042472464636,0.26440821335169523,0.26690036866152783,0.20595514958227953,0.7316411407158376,0.5328704535559021,0.7053616611006062,0.5426982710420355,0.6706727858183493,0.7200220896243573,0.6403120059081931,0.2630551701018367,0.6757371722046728,0.5463431024021174,0.7012135335405132,0.8124763303534404,0.8983373707071465,0.895892071157325,0.4341748132396521,0.6032354117521197,0.7203508994777384,0.7672649791462884,0.9251296347950797,0.7132157317264114,0.7273761387471461,0.7559808099544737,0.8800213733232678,1.0,0.49673283338493657,0.9107292181917316,0.7995097067742203,0.5241747533858688,0.868490736319507,0.8559878251609763,0.9254728029364714,0.7037969902458004,0.6410569312620611,0.8280149939710416,0.5821207281268598,0.5860535158288767,0.659938873980208,0.6077612737143938,0.9614441921038124,0.6824132115456178,0.871723085596374,0.6937123294354367,0.8862856443023681,0.6246914761276282,0.4196465709736889,0.45013099539159085,0.2559968920721006,0.6188200039350066,0.15420348040644627,0.9202115873050558,0.7228934477639032,0.8246918854987149,0.30378652577606996,0.5417114250820526,0.5521290075285852,0.6323290179286429,0.5557989898341179,0.5631288698394612,0.5960939670506612,0.3042493097905786,0.6677650567229022,0.6491243284206585,0.6143563071870519,0.6387291915830117,0.7071945679219289,0.725026699692534,0.5305702622521785,0.6750629624445544,0.514737069187058,0.6908207954377591,0.3897282246553917,0.5522324221840891,0.3995923869790984,0.4775595905043797,0.7121570346012253,0.33244924012459776,0.6989534450419063,0.3324289023344624,0.6537323229252436,0.5465091275845219,0.5292976792124146,0.6581791735703995,0.6484218234322664,0.6822061512913592,0.5725537496455652,0.7107395523077192,0.6706631631943588,0.6445538349441122,0.6229715180092091,0.5806438045600539,0.7310758423294509,0.6289458718336798,0.6862870461677667,0.1956757932697134,0.8877918530101878,0.6982030714004874,0.6631070694212893,0.32784673162140987,0.43964616682670665,0.6049788635394283,0.5049210601161593,0.7246830302939555,0.5942536724493024,0.724802944254278,0.3583070126119452,0.385315210426996,0.4771153132473062,0.6594801775396743,0.5661080148836002,0.6734503720204806,0.2812021780837133,0.37004766139020645,0.47396694925732985,0.646314733171329,0.6151939463268878,0.6862721163017016,0.6844067546909655,0.3770396865926459,0.910088033007933,0.15792881590010424,0.9535365251403839,0.14636293780834952,0.7086128345330515,0.8673156601613096,0.27870704215199776,0.5589811890696934,0.7471839846593129,0.727612580748275,0.6924326923555607,0.6967522383442755,0.7538128411490248,0.8769580230363452,0.8256166384636556,0.731865463717699,0.6836200093380533,0.6756283798765801,0.7192114873016817,0.6069145288645739,0.889352323722934,0.8729917924998624,0.5061802291973306,0.5747076274280599,0.4828952179327156,0.5986951691318143,0.7065766034760791,0.6126763334696235,0.2373226573457141,0.6515100478210141,0.6760510097444665,0.6369318592263379,0.40833092300898854,0.3542505292176384,0.48892473465320896,0.6545613086287161,0.5379779013459106,0.2439769336076893,0.5836762023490474,0.7200280561547713,0.7641251332900771,0.6397032595869835
EWH,0.36927633954324945,0.3812518376666745,0.3638359516640976,0.3862273906650501,0.4300988453659194,0.3687403112089841,0.5824010919311068,0.5571789857557012,0.706588789099487,0.45756552384981564,0.41173235048223666,0.49642405910521276,0.44325551067439034,0.33684852306129887,0.3678954162000991,0.15125813423448245,0.1494775986611645,0.11120548203727208,0.4782912681995758,0.2990155491791107,0.4159863404009347,0.3684586204461556,0.40287354999304353,0.43421452124098864,0.6648704197001093,0.15330664307031935,0.4774681823330517,0.42756556953778235,0.6552036197711868,0.49048570876907077,0.5602456960958226,0.562919935919878,0.31699989567357895,0.3788164728692143,0.5330211941655603,0.45401150813746943,0.5771350432024352,0.7163940213662805,0.44139653695177095,0.5615238827576194,0.5175140836973617,0.49673283338493657,1.0,0.4820633416069418,0.44745618732769876,0.4263490995607289,0.5520158476612548,0.45207267536621737,0.516249509085372,0.5610561974114271,0.49375440868351933,0.5248662688577325,0.4618900221631602,0.4617536668767366,0.5848915833686541,0.3728535278788594,0.5388002015929312,0.44861805585094383,0.5840823452226515,0.7718806626950394,0.5768205790324028,0.33298668852313007,0.3502259779412525,0.3643973115604944,0.25901031288131543,0.5346972765174339,0.09881036795373153,0.5648676298682005,0.4332997010558655,0.5157520334639046,0.21236381933066312,0.36892114361070055,0.4354408332761971,0.45953817061243146,0.3042927863292192,0.31917496887603003,0.3046967576079987,0.2949531124434972,0.41618693951277236,0.38481684511198283,0.39970844368254443,0.38002680984515697,0.4210469806388682,0.4342040996868589,0.2923664115342137,0.4057460120825314,0.22203498003506958,0.4854438399792703,0.2910038477527423,0.5915350374360993,0.22690402378124708,0.8021952153340003,0.42856800204161516,0.2490307669779135,0.4397673711805003,0.3007721559382039,0.41756825927407576,0.4408720593982904,0.31856192641585307,0.37793032220561157,0.5990155138108391,0.3998048084915965,0.4439921992699106,0.49358354803951365,0.4126311234905088,0.4259298214345371,0.3911732622538778,0.38802417302056436,0.45154150334408744,0.4140871541206688,0.44724502823338685,0.10159983263643321,0.5594053823856253,0.6404401627807987,0.38362054115310645,0.326952097010043,0.3721430685509891,0.4143364195202986,0.24526470357213015,0.43752972076113433,0.38409549972837953,0.43264704885730076,0.20124540013719522,0.2202159116663404,0.43818239738921705,0.43319028965776113,0.4925549803877846,0.3970232149529041,0.18201295843207566,0.24617445138176594,0.350904086288749,0.3682734642098847,0.32824442750432614,0.44647841400494986,0.43863842679924314,0.21346116762964723,0.5846689469465756,0.08056872127536344,0.5454928017980308,0.0830172835051887,0.41157951243927976,0.5558807543576809,0.15867944850833465,0.35582626765843367,0.6230556720357402,0.4542677243804799,0.42735243141702894,0.4415384378865529,0.564164294650592,0.637796566121595,0.5465621014223699,0.4469927255945531,0.4191149253238308,0.40337654767320297,0.752860919498029,0.3547906239916365,0.6532643231927118,0.6208357828636948,0.30112390884287904,0.34046011436671975,0.33023984810300916,0.3585554693716797,0.48032467028703435,0.3668779113189117,0.24679266347110554,0.34228839950349155,0.4028392896262671,0.39051661565525275,0.20819413725460278,0.21423662933695647,0.262606850658899,0.40139929288514725,0.43853640502748226,0.25205507135055544,0.3563387071790577,0.6992324651783796,0.5398316468951535,0.38863342437363974
EWI,0.616545361101488,0.5523848638079009,0.48083671901015723,0.5271919811264338,0.5805443186744859,0.5233231782727787,0.8966791553062532,0.8359840756884834,0.690116264076562,0.7083020699753666,0.6241371652352107,0.7195179621411101,0.6715411690253511,0.5780412749373879,0.5331258415468847,0.22339988756304033,0.22415474481774447,0.16371268476655154,0.6765141329820104,0.47425210180523464,0.6881011040600628,0.5692939509077954,0.6680055634533356,0.6763439780519869,0.6542349649186041,0.22256097551239837,0.6405251636899859,0.5485986324575303,0.6738759222458972,0.8011083596146655,0.8460511532099245,0.9073030102919694,0.4392958653276414,0.5600889367817267,0.6896556059531328,0.7627347572182921,0.900015161178199,0.6815745366017022,0.6874273161141211,0.7464187312406912,0.8261848917399285,0.9107292181917316,0.4820633416069418,1.0,0.7742718481346514,0.5114836244754569,0.8143379440302568,0.8933161943368223,0.9128220257057869,0.6926837798440166,0.5959978876430474,0.8371170083114644,0.5755556219555998,0.5559908987768651,0.644572689622272,0.539755825756944,0.9283207706584897,0.6681932604914297,0.8467587557827155,0.6845007231413274,0.8842601127331701,0.6150411815259291,0.4078324914983521,0.4372922757061137,0.2495652492186566,0.6525346727777935,0.1130332364397332,0.9011411501502928,0.685697162316009,0.8095701006653134,0.2852339407287221,0.5191992376569671,0.5503346029539924,0.5840026496599665,0.48082897742943786,0.5299610888807224,0.5677735876252451,0.3813311605465342,0.6054324001708974,0.6389778602457685,0.5700030596675021,0.6172484240954205,0.6668629256494093,0.6819585006129432,0.5413135985659153,0.6536669964875217,0.5342212091579163,0.6539254462531741,0.3927399454189835,0.5337151800223647,0.3608567454723439,0.4575953515024404,0.6726621687107055,0.35947569486259556,0.6553065690674958,0.3995985731372663,0.6370017237773112,0.519301324765939,0.5124130048774025,0.6282181695816199,0.6534284651788653,0.6732589126014545,0.5446150333415732,0.6617691146091239,0.6098257415249179,0.5726496360420574,0.5820397019974971,0.587114815626515,0.7105907487318481,0.6199879227012748,0.6613809418363485,0.1698277652760447,0.8567381314212189,0.7111791672334308,0.6477152942028576,0.32970767796624895,0.41941656795585125,0.5446942592086309,0.4876762573461371,0.6885722238823498,0.6085815565685829,0.6834723259566421,0.32226306599148774,0.3501943712595747,0.4676511704728791,0.5995697984861175,0.5479889088719982,0.6177011245935309,0.2633316384322831,0.37208853695795335,0.4596555422583555,0.6247124752909157,0.5901361225830103,0.6449048170182675,0.6779115491145055,0.33998729621623874,0.8868003803483168,0.1152118308592717,0.9293486234191606,0.10577424343250225,0.6834634126122272,0.8264802791709835,0.2374266256769582,0.554281815123253,0.7355343008888294,0.7018512216638426,0.691014185849799,0.6515732416578811,0.7295701166640889,0.8420425916392416,0.7919665006251452,0.694804019331301,0.6862165917684505,0.6198365274318297,0.6915619161324149,0.5796472053837035,0.8642576971935482,0.8838719928902197,0.4368503268532652,0.5649296888002026,0.45635188776398156,0.566776044477168,0.6989377154804578,0.5654679777727596,0.30541004512638753,0.6599868063803617,0.6643911697584783,0.5748738163334992,0.40327983602379475,0.37195583039529645,0.47655684010550503,0.6129664731301857,0.533205290378783,0.3010683400783486,0.55444928435879,0.6837021106856507,0.704931532424727,0.6197128100134917
EWL,0.6022885667303024,0.5063828648566593,0.5107231051317999,0.49420268008144436,0.5202649418531573,0.4713380596596673,0.8307521498345063,0.7587798850270995,0.6148525288935046,0.6419717605366829,0.5436522084385296,0.67588903226203,0.6264665686171428,0.4945018437899565,0.4718005631467089,0.3398536259562205,0.3616578364411615,0.30641717447564093,0.627829579477424,0.4438086132093865,0.6617416672295865,0.5776226581391443,0.645599964578131,0.6269178890265568,0.562770625127539,0.3569150075338985,0.6251364678955781,0.4897236047930456,0.6382285686341246,0.8718544513780874,0.843406581390585,0.821691425783103,0.4074959484781658,0.5173344925584484,0.6110692788294979,0.6322562884443557,0.8573321854673739,0.6086908329075591,0.6392326888878391,0.7222938523315001,0.789735209877275,0.7995097067742203,0.44745618732769876,0.7742718481346514,1.0,0.5102921674385813,0.7445153746476265,0.7459538886174852,0.8307153046970666,0.6547329434684004,0.5329911605071114,0.8038584126410794,0.5423510633380842,0.5021714308361668,0.5996938580115402,0.504997147244816,0.8193589078386888,0.6133811937522122,0.8020189387868091,0.6059846515054822,0.7988625634331898,0.6583248026242142,0.4288034141607526,0.44379975312296466,0.2831455168541828,0.5682835436740195,0.25646172133305645,0.8513426664674558,0.641701217707117,0.7346257469123536,0.3478260661844094,0.5938003555822505,0.4993286497831704,0.5303872486126859,0.44455542776093787,0.5939256820876584,0.5337201280713022,0.26586369235071117,0.5295612507337406,0.6443651542637683,0.5107420759928374,0.5394106114013111,0.6119083698830841,0.6585310545042659,0.45935174649958205,0.5844639656330871,0.5041765079133712,0.5914294763786416,0.3615484575820436,0.4755840119161608,0.4521643424189656,0.41409430983870027,0.6205133515821164,0.2985226551457725,0.6672887659612055,0.2753847495639386,0.5817551543527246,0.45783898622640123,0.5133660565205733,0.6468319132136134,0.5824130192077918,0.622354407026562,0.4765581486966953,0.6286454129104958,0.5552530480532311,0.5166147082387954,0.5191300416762418,0.5855616520071771,0.6920867978139583,0.5482715188682755,0.6101261615991479,0.2772358137425497,0.8149208944172998,0.6628807777499396,0.6164878474781005,0.30303439485521577,0.41721934538236183,0.46028794309938925,0.44875428479403856,0.6374335949149796,0.6091277624334256,0.6395397583840579,0.4367431193778199,0.446734668188005,0.42558344850655017,0.544210941135408,0.5142591928087569,0.5747405805187142,0.2247854094342788,0.339354249235754,0.39007170542615266,0.6081749700198629,0.6457445164820511,0.6061395168759037,0.6240522281088414,0.42576012690185094,0.8367056332535506,0.27602374782966305,0.8823546260262831,0.24064308739464962,0.6786458498894244,0.8740560142967699,0.3671066367822497,0.6103754232067388,0.7396298998133684,0.6727745680755003,0.6709229179157769,0.616307414773321,0.6832470431654681,0.7995014261985613,0.7373435323177223,0.6448918414166581,0.6689786257812319,0.5663466999144122,0.6216702918978527,0.5681335768245641,0.8063925366325967,0.8069545064486139,0.418664642794103,0.5224000264289101,0.5003322629792962,0.5795112063076004,0.6727009266864818,0.5499007127933768,0.20842993150275066,0.5952568440865796,0.625160334156108,0.503687370005373,0.5020267910190283,0.43789692806067665,0.5954773998021661,0.5654776903748365,0.4668913109351158,0.20719840525978758,0.5108065131436484,0.612939589349092,0.6717084374106385,0.5600138551532695
EWM,0.4268782649839504,0.4052132848442056,0.34967491887200625,0.387900043123333,0.44618169440951666,0.39359159706206553,0.5965016939781317,0.5853166537076032,0.591012172654889,0.5134055288514958,0.43172084467898764,0.5329606232595007,0.5021943982914007,0.3946974345955159,0.4057900020680124,0.2178407138217898,0.23788454206761742,0.18313900409521283,0.4991501834169137,0.3751467981182453,0.49435915176289785,0.406076130877204,0.4843280787806958,0.5054576457490048,0.5513543606843563,0.23314999759472674,0.5204269636175309,0.4471631715799237,0.6117743926235567,0.5580727207648956,0.5757947010019033,0.5740622048203257,0.44768419674213716,0.41346685852939374,0.5839057082944759,0.4933485379251217,0.590198989220237,0.584129022879595,0.5111119950811055,0.5954082480193136,0.5290344050913626,0.5241747533858688,0.4263490995607289,0.5114836244754569,0.5102921674385813,1.0,0.5189796685807961,0.5088238686831315,0.5305746307759255,0.5576778091303611,0.5184783789849138,0.5394329368839383,0.4364686713890529,0.48585918654030785,0.5260664438123914,0.40190583036184413,0.5438194200676848,0.4780867611395108,0.6118839774575585,0.5838993187720507,0.5911188651415181,0.44497459398171474,0.3763218934696786,0.38764862129651095,0.26267485920422284,0.48369410793206674,0.17685508748736697,0.5944176789809121,0.5121468721769002,0.4800914229634811,0.2534871939871943,0.38128838499987966,0.41887413092674575,0.4560130365644575,0.37709000931503506,0.3942472495528127,0.44530111902111863,0.2484125125731711,0.47351968597663086,0.48160873513404523,0.4540145456946332,0.41331100613463795,0.4868443426788901,0.5043976071648701,0.3335483826007694,0.44483843393896394,0.3132352294055743,0.4851751867936012,0.3432567115851414,0.4230674286203176,0.3038276905892789,0.3997472204913108,0.5048833719797116,0.2664593015519511,0.4887172124390497,0.28356385636316683,0.4545944432627331,0.38671518135892635,0.38156443011794444,0.44073906252511375,0.5269632035354258,0.4694028304780965,0.4131287172726152,0.49809178313382485,0.4663881815092649,0.439682363742314,0.44901139582325733,0.3956075911946508,0.5074223289885835,0.44010634161692275,0.4715957421542961,0.18196001472766005,0.5856566374869021,0.5252864777420562,0.4395462497715259,0.30867845184308285,0.3796858527149588,0.416959553593414,0.40397815378136626,0.5120914952547586,0.42970591787947554,0.5130385948549735,0.29675775885425315,0.2996114763290431,0.3540904525080952,0.4719447250961523,0.5509842697512856,0.47005881295739516,0.20916115326522855,0.3640845514225792,0.3669690413560061,0.4206547798174163,0.44615101453157446,0.4728642790128484,0.47430501541802544,0.28510260446517827,0.6018560989035221,0.18155307003262577,0.5654502053569411,0.1393737171800235,0.5025277809950727,0.5797746055408299,0.24357437110826977,0.40227009346371634,0.5647627393330609,0.5018297198702245,0.48617884907031306,0.4762168957303336,0.5751947751406584,0.6112923488177734,0.5804012932653714,0.5150600738120235,0.48617804432546635,0.4733702847946266,0.5919919974221822,0.39086554194861856,0.6186461286918971,0.603572104529168,0.3259310995016084,0.41794358380745406,0.32469685298642526,0.40577341847133136,0.5135073995193689,0.4100225567124641,0.20718240299272353,0.40985753259237817,0.4598411781178861,0.45273871740259714,0.3388003440062352,0.30361865539162747,0.3623192519169452,0.4488890887777357,0.43447524339773164,0.21678002200494306,0.3943290890583562,0.5762116544720121,0.5279887594256816,0.45876470573420425
EWN,0.6480684367262634,0.671094616413103,0.583912830459725,0.6530557037665653,0.7227403884668832,0.6546243348446208,0.8769997537669654,0.816901101565807,0.7999508065430853,0.7940834133956719,0.6478883120219866,0.7201529915813424,0.7150564131528315,0.5860168638077816,0.641236701432207,0.23741240857808893,0.2365989850481946,0.1908522861321458,0.8188262687793005,0.6070961417103803,0.7132495577171214,0.49881767935968885,0.6589907226859248,0.800223621730748,0.6473905705870548,0.23870793425171533,0.6193938596975389,0.554814028217392,0.7471940858570996,0.7321559823642309,0.9235122355947817,0.8136445729662322,0.42506517784657205,0.6512203928241388,0.7893121370880318,0.7064067113170378,0.9017901079873304,0.7962805543475738,0.7993913785394478,0.752926791164148,0.8429537081581381,0.868490736319507,0.5520158476612548,0.8143379440302568,0.7445153746476265,0.5189796685807961,1.0,0.7486112220253062,0.8549288020874913,0.7066929092634159,0.7368221056909483,0.760378670765511,0.5851377525376339,0.6576138039356909,0.6655478579929563,0.685526896849812,0.9206334269407228,0.7174192579278933,0.8506014668935309,0.7361863103516293,0.8462334518628406,0.5928173340849737,0.39376561104148095,0.4283051844259698,0.23218265854670836,0.6149413575962845,0.12422395716970701,0.8883289485755741,0.7886753337113054,0.8348132439765124,0.2834593676549748,0.5747620156147163,0.6155569988070452,0.740244947842162,0.6119250304940569,0.5609641690608811,0.5885451673120039,0.301843418470681,0.8063320147510267,0.6559329218051033,0.7193178561341945,0.6453140336046924,0.8008808015571823,0.7856023996710644,0.5161874056967303,0.6935295450709781,0.44329042961731785,0.7766370728067314,0.39143820769778814,0.6349995302054833,0.37762038587773566,0.5578227503550331,0.7895555431975038,0.3274240698395053,0.729482051122119,0.3660149683925271,0.7144395746253476,0.647557966647761,0.5402308529304589,0.6755577714710925,0.6761826503860501,0.6862785957114047,0.6946185703424073,0.8012964892184602,0.7928831333463744,0.794454711858977,0.7175432763950921,0.5763130452887603,0.7528899720043356,0.67880261465562,0.7456244526068898,0.15693434081821592,0.8605506911481019,0.692252159321757,0.6786503001872249,0.32798894059021927,0.4273694768636247,0.7926096258136676,0.5027518000878024,0.7957312688876645,0.5399043257927059,0.794489983978751,0.32327121738436493,0.36427816238276095,0.5496216465505457,0.7801180927344555,0.5682831752465654,0.7629422950379822,0.27473513532130966,0.37975262031996265,0.528546574081414,0.6643404731028972,0.5941676431474928,0.7673808559764844,0.706017704003709,0.35717503086458197,0.8995282036614983,0.12294692524730093,0.9015294590385513,0.11729509628579053,0.733795794813811,0.8441752769385952,0.24776293153250506,0.534268876556378,0.711010576346683,0.7720101385797844,0.6858078441399822,0.7825169694233264,0.7933235747925126,0.9000985930615198,0.8774849063038862,0.8025854242878602,0.6847485019438779,0.7765808816091545,0.7894030297530056,0.5847628679929572,0.9018312480666992,0.8171677824366382,0.5500028152079782,0.6130109053696978,0.5243946196619881,0.6284049633670403,0.7006753368895327,0.6567802861267827,0.2442245570084993,0.6200616312428149,0.7150913564318143,0.7744315656073915,0.33033906835110816,0.3040329213220915,0.454836807687779,0.7132077763454183,0.5866543621964821,0.2810293964415596,0.6076714632590309,0.805465082744207,0.8573099355751613,0.6883407368665454
EWP,0.5761792507316487,0.501539601250043,0.4516999894643629,0.4832898107999665,0.5194490940875836,0.4749177662128155,0.8519916742914508,0.796002922794356,0.6467043758950803,0.65084180590934,0.5721096721463598,0.6834958035455063,0.6293733353326635,0.5162720787875535,0.48535667134411914,0.25650734632562744,0.2489293962761282,0.1777484928050252,0.6147688555186043,0.4314479271299096,0.6409319179391038,0.5504351716751231,0.6257299807753482,0.6173533138693231,0.6205884669404921,0.24827173160390473,0.6346637511851283,0.5312358861576397,0.6465421937712234,0.7849141236685917,0.7912034667898319,0.8784453616758637,0.4113577757466175,0.5187208656944853,0.653803879255765,0.7324693138326418,0.8558053467073368,0.6371358253579599,0.6317218931323559,0.7148554634636067,0.7758569907343945,0.8559878251609763,0.45207267536621737,0.8933161943368223,0.7459538886174852,0.5088238686831315,0.7486112220253062,1.0,0.8546819544607134,0.6593913086293585,0.5550734282328135,0.8142501123845896,0.5639037192817502,0.5221928481924322,0.619356928627852,0.4859873766205327,0.8723279505459132,0.6178739646264553,0.8055890626655314,0.6432573134924802,0.84372861086895,0.574301379689389,0.41034531796552803,0.43024305782506406,0.2548859368786293,0.6074587111894023,0.1447808472077742,0.8561999584246823,0.6301897021054115,0.7463787709281268,0.28875895441137833,0.5104515561561092,0.5627318184559006,0.5417168459916181,0.4288658921037724,0.5067777877157709,0.545502987451385,0.3367811710364522,0.5512797247166701,0.603465896160739,0.5167397515472189,0.5787272707379552,0.6098448612332502,0.6291567470744976,0.5147094707314415,0.6019653762856227,0.5103510831639234,0.6009375550642208,0.375161051543863,0.4964571479372658,0.37619669195585526,0.41211486726101026,0.6164764553568326,0.3353766762714188,0.6059624001771771,0.34550653536967474,0.5737330881024211,0.4875690578403268,0.501109050522321,0.5827417670573206,0.6125193755095735,0.6259608872291428,0.5076059851909287,0.609481439152078,0.5526500642173121,0.5136663207432608,0.5393391189537021,0.5741770984585151,0.6610494322517123,0.5794666021787523,0.6149873880958898,0.19981381963745298,0.8119953719428311,0.6797687181751069,0.6016460802256894,0.3180770302060637,0.4146622803695835,0.4825975419489207,0.4817304614925058,0.6322885968639042,0.5941707587141135,0.6289054020318716,0.3245355492119357,0.364806420719287,0.46523257032299864,0.5467510431527006,0.5064694154884847,0.5597043959256616,0.23527235247700032,0.34723658299962773,0.4290379994128051,0.5855031620350077,0.5614074917441522,0.594959067013003,0.6283706288665286,0.36079798554701664,0.8418024868638435,0.14431308164181667,0.8850013137156982,0.14557918804326078,0.6384258709718348,0.7790979862553313,0.25470885518206027,0.5487421272399554,0.7208991639261231,0.6524378913038972,0.6515691312929993,0.5988785720401221,0.6889517219340722,0.7973550136526636,0.7364676711140811,0.6392741254105682,0.6485127088663947,0.560102957986459,0.6460735810736055,0.5515387174696657,0.8178794004133956,0.854658253596882,0.3933349955351155,0.5110678489761199,0.4463944150052194,0.5286195679838237,0.6424051259122594,0.5264926395215341,0.26508344999869904,0.6147478359586133,0.602925040030875,0.5197356969394319,0.3899658949897078,0.38775177338604183,0.4761293758864349,0.54875188028399,0.4944474936078762,0.2554035472795289,0.5068394678550233,0.6340894179015103,0.6552745094591083,0.5858822578499246
EWQ,0.6205702314717866,0.5652095949953474,0.5137287132820727,0.5414665759886412,0.5904197972000945,0.533614680996101,0.9062667614765654,0.8325884749527728,0.7144612959401946,0.7160601571350932,0.6260089336154643,0.7112773107332039,0.6739468350071289,0.5604367081701728,0.5443383933225682,0.2567236162274799,0.259366301014897,0.1909116471576227,0.7000041049583501,0.48353361987378035,0.6981783181290733,0.5677552098971782,0.6704450082049731,0.6929534951877152,0.6513700176072577,0.25631321026753595,0.667705857765657,0.5399724513767938,0.7047236611178431,0.8272419666170899,0.8971380445557061,0.9011788888549664,0.4290144747690352,0.5682351585070324,0.704096488665276,0.7480333111804628,0.924866823774786,0.7093292073084538,0.7010283828382398,0.7626406377504511,0.8614205156890987,0.9254728029364714,0.516249509085372,0.9128220257057869,0.8307153046970666,0.5305746307759255,0.8549288020874913,0.8546819544607134,1.0,0.6978283187354529,0.6155023115620306,0.8444837570680239,0.5917630921313486,0.5762673727504082,0.6524685843001867,0.5632094225435612,0.9693922712441312,0.6813821506658229,0.8650007773720741,0.7050492088867785,0.8883580895875928,0.6306055705248633,0.4061363014120659,0.4339229623887311,0.24941280528872325,0.6410899037604599,0.14997566799650794,0.9207917053013632,0.7005644860451932,0.823382686838758,0.297408089540874,0.5515283204936317,0.53775639562347,0.6038558168161203,0.5004035358686314,0.554906035725863,0.5838703519683521,0.3374562411557776,0.6270939968044041,0.6506153634714305,0.577699397370354,0.6436574386499796,0.6803138267716592,0.7040696401122573,0.5269911640346604,0.6473202187004498,0.5134888749211303,0.6643141425188432,0.3918268831456072,0.5534900295443986,0.3897021541505926,0.49788012061674164,0.6846471745012003,0.3334277542229177,0.6883702868938958,0.35024037083823506,0.6586632797958457,0.5261129292260538,0.5183083976035143,0.6640192848824025,0.6594402123303672,0.679021861703818,0.5500886660890701,0.688817408331352,0.6311664212646484,0.6010643826473852,0.5894261509370733,0.5936648869344029,0.727865369424604,0.615925559991327,0.675809276243594,0.18942766111071688,0.8751154662935412,0.7182184817713508,0.6529963391211362,0.3220492296116045,0.41987695304580863,0.5704968401544721,0.4881959096090292,0.7008541179671793,0.6085638496129979,0.6985001922076286,0.3496994815771747,0.3775513061895156,0.46491360397919884,0.6296086405535635,0.5596002426997626,0.6369599655180118,0.2766339786439586,0.3575586603061587,0.45779705043268676,0.6369729293530703,0.606915643079039,0.66546851451023,0.6889027739131276,0.3706813875004419,0.9072236079177751,0.15032224881392475,0.9586003568184668,0.13916865014248467,0.7012227067987836,0.865315550080481,0.2731151264992564,0.5722074833096339,0.7580620514356798,0.7177752901576867,0.6977366384309756,0.6727976304512502,0.7429618063249371,0.8694155723815116,0.8096115507469885,0.7085982823704119,0.6902133698313658,0.637486674286767,0.7188702747705842,0.593120009231122,0.8869568771153173,0.8805969338314291,0.456751570086037,0.5551313204315093,0.47905722201012196,0.6117997020165307,0.719508475269407,0.5843893459406356,0.26382459211984477,0.6387312126840347,0.6785567210765382,0.5963506623432693,0.4346377147519634,0.36826144833064633,0.5046918694783763,0.6311710850890822,0.5355599746541666,0.26966398537402597,0.5780712659167394,0.7136001716161982,0.7326985444174131,0.6177382897954349
EWS,0.5952128281738838,0.6238627139881272,0.5299808285280486,0.6003224359748962,0.6207423823863484,0.5988598726835594,0.7759681436209697,0.7417213121852974,0.7252761387752259,0.6771802026710875,0.5749564957851248,0.6966097245780378,0.6532682629656078,0.5526708709416067,0.5537754684430639,0.25114686806983977,0.25105753420336624,0.15939955115144813,0.6729704176593478,0.5327903144600962,0.6238757773475704,0.5130946794316712,0.6041513007071158,0.6611435942312589,0.6667541220824277,0.25282585967829274,0.6080097587617243,0.5198342317572294,0.702214662740534,0.7241040406370546,0.7623030501491608,0.7532813537038342,0.46569860342442204,0.5368712204070013,0.686636035376698,0.622743401140486,0.7820382224197928,0.7261370346342498,0.6763436764845555,0.7466080108914254,0.6929404518484307,0.7037969902458004,0.5610561974114271,0.6926837798440166,0.6547329434684004,0.5576778091303611,0.7066929092634159,0.6593913086293585,0.6978283187354529,1.0,0.6360090099984256,0.709828536523519,0.5416071110495525,0.5621019505398147,0.6205441595383376,0.5945733984646835,0.7254252632658893,0.6294187112500216,0.7655460653235997,0.7202309478520541,0.7635465758239954,0.5523998913325848,0.41686327306665505,0.4411615803939278,0.2618913922130299,0.6039392493393716,0.1501246901623814,0.786607439682212,0.668943088844483,0.7078514616006655,0.29107192340950216,0.5451279198026833,0.51811568142998,0.6285592319474937,0.5394162300100527,0.5328571072083162,0.520323305996149,0.3528154281772868,0.6197727356780507,0.5986465546915926,0.5899987091492364,0.5585316636444617,0.6601725775777342,0.664821838211696,0.48219642017413017,0.6321848050999381,0.447703227625699,0.6643873027777405,0.38760857179815095,0.5712806786566202,0.37678461694404125,0.5624303005034343,0.6623131514721387,0.3511666272459945,0.64168471650005,0.3672844197280333,0.5738276209865228,0.5491813999071362,0.5033675766402917,0.5744967400037752,0.6196202814814143,0.6168045275390517,0.5580783302322452,0.6897687689184643,0.6305464518881022,0.6198222124639388,0.594796424331587,0.5340867915915188,0.6680478479646548,0.6306023734725608,0.6452419454798328,0.16759598349797483,0.7534724200744075,0.6839969501303745,0.6251543930910421,0.3175242807071328,0.43273749891215135,0.5608957175049849,0.4585090354328135,0.6728887416453356,0.5345123100898126,0.6697314060457347,0.34454504011355475,0.3674694116704751,0.4717383740461894,0.6151010784004729,0.5729805837716455,0.6305503686932066,0.2176274445773389,0.36318606895551364,0.4783516219836853,0.6003527476714527,0.5609315025945989,0.6691616713603694,0.6259464885197897,0.35725814580844373,0.7847259504452735,0.1481919143887028,0.7471552832213898,0.14123495697813213,0.6379235052884102,0.7625461520686603,0.25885465828131726,0.5228604584319771,0.690970836214082,0.6803446690210926,0.6251405421165623,0.6729477898759872,0.7313622674241022,0.7850459583459048,0.7586035556721455,0.6834911587758076,0.6153959850611125,0.6365465095019992,0.7432045968983371,0.5438493045449847,0.7998997252743165,0.7771050230508011,0.5232739969403657,0.5397877228939584,0.5034974246067025,0.5125055300058505,0.6227722424869689,0.5753999191519742,0.29530059302211514,0.5705273807862477,0.5943004104850417,0.5937965571171487,0.35268424065301635,0.33469361307117773,0.43827632676280104,0.6010898989095206,0.5196951938733471,0.31250487745002126,0.5306689457296598,0.7249009074707843,0.7214057278684145,0.6149622543176271
EWT,0.5275672193348174,0.5566103289808769,0.5070149502781314,0.5720317232579875,0.6690329028872781,0.574867762952809,0.7147471946705033,0.6926227404368931,0.8541142929330633,0.6901355929193731,0.5564790577245109,0.6118484295846622,0.6668254600557,0.4887001090567028,0.5912375905382818,0.20189691501437,0.19910430761659967,0.16707298735411383,0.7483103583846882,0.5422460508059627,0.589964770921164,0.38083712983433876,0.5286405171042082,0.7098549168658139,0.6317301576873281,0.20254969696777955,0.5399419850660179,0.4899939771291089,0.803708272322949,0.5308371889982701,0.7462604117951617,0.648408805896557,0.3981200484949225,0.5726799684304414,0.8952229147286036,0.5445786059029012,0.7213922424625145,0.8400388174018236,0.6988738877590734,0.6743317300228371,0.6342658620217626,0.6410569312620611,0.49375440868351933,0.5959978876430474,0.5329911605071114,0.5184783789849138,0.7368221056909483,0.5550734282328135,0.6155023115620306,0.6360090099984256,1.0,0.5946553636127594,0.5062202628848099,0.7658819508150619,0.6098445197291338,0.5829016347864031,0.678766276927669,0.6139933008213986,0.7235720544478877,0.7635120276253947,0.7278145113573039,0.42160489421372355,0.4094132489662477,0.43823735149524823,0.28256550315488815,0.5618941864611796,0.10629066265018496,0.7068349059978478,0.6825454089353055,0.6815592717644722,0.25222146504216675,0.46508301790903483,0.5596018239138487,0.6755404583841855,0.550995789442523,0.3973907576541525,0.5052148377338848,0.2797692626478066,0.7886939062647303,0.5238379586730684,0.6852622898862201,0.5434529058795113,0.7135501391894353,0.6762893039310056,0.4051089539209374,0.5758855192909653,0.26484677091837294,0.6944126263914363,0.362512651907914,0.5988359504271863,0.3140547602116652,0.483587265663418,0.6982609461696815,0.29162775075130193,0.5893672952840916,0.3587554458379338,0.617237206979134,0.5986730256214404,0.4443748638801814,0.5162464942391837,0.6529090040877299,0.5430520885030466,0.640558889081931,0.694057457219422,0.72221846469347,0.7345151813785765,0.6485265713300915,0.4648502831481608,0.6108123948203696,0.5918774370623102,0.6523151285531286,0.144731144066026,0.6987055419849013,0.5925035664630123,0.5507908679694026,0.35446411992760485,0.4312366897544198,0.7807850551750251,0.43561048673051606,0.6967116636004113,0.4013563534674225,0.6916211682912335,0.26046752881103447,0.3025621101788595,0.5041973534535424,0.7471804106518464,0.5837493414465976,0.6701909846363726,0.23410213159798343,0.38248365234033466,0.5297193820775772,0.5244604127793937,0.4437573350270729,0.6729243911385101,0.5861732164581667,0.3033217892978484,0.757467956569224,0.099484374330214,0.6723335401839521,0.10125178973968127,0.5964303591411974,0.673334397587344,0.21176699840053845,0.3956818228254623,0.5841610424053884,0.6383416481284679,0.5409304247867937,0.673775581272532,0.7853008520711907,0.8163884848378513,0.7711149546118976,0.7000820148795779,0.5567840154563753,0.6926099710793406,0.8065311743174007,0.45689609991160307,0.7993628928558605,0.6951901418402178,0.461753528869974,0.5336207256162566,0.4409472442727853,0.5032656708844674,0.5759908828354179,0.5159153038657738,0.2392628815620047,0.4514279481494667,0.6022217393512095,0.7432165528855746,0.17181264513475505,0.22031686959557384,0.2995954607552711,0.5955223813826496,0.572708726711768,0.2771626995291157,0.49000684531070543,0.8405292597219187,0.7626010855460256,0.6008934094747715
EWU,0.5886668520795734,0.49927223651209574,0.4532685023199172,0.47609587448040314,0.5445413330844039,0.46801216677674173,0.9071557118922813,0.8571331137712143,0.6958242574971965,0.7003330405454847,0.6423871435301577,0.7898052302532511,0.6661315319060535,0.5415083215936002,0.4925868531579301,0.24743298623127855,0.2558868335133228,0.2161092939594142,0.6341815273983757,0.44602959692461064,0.7000452128717862,0.6519201703630074,0.7184323658809887,0.6475281253170819,0.6902949114490464,0.254582249135028,0.6456291957645517,0.5573737420419987,0.685900275937861,0.8522551319114321,0.8332386713759261,0.9250304254710541,0.4236751190090346,0.5253209182444638,0.6771526148163866,0.7163994709335335,0.8994463569597528,0.6799294238527681,0.6680965365693694,0.8150250581493844,0.7949413888475786,0.8280149939710416,0.5248662688577325,0.8371170083114644,0.8038584126410794,0.5394329368839383,0.760378670765511,0.8142501123845896,0.8444837570680239,0.709828536523519,0.5946553636127594,1.0,0.5762923526197037,0.5278018829674314,0.6815090895498307,0.4818553175337713,0.8456946011809734,0.6690554448765811,0.8583225526527607,0.7206842644876927,0.897765612943468,0.6594359219612992,0.4865820669050237,0.5070477855519332,0.3192537541930981,0.7618554124815743,0.15293490018748768,0.9034591023103375,0.6690219374387975,0.7932928085017447,0.29823265479084077,0.540425512790787,0.5268859053075902,0.5672176134161228,0.43612980789115957,0.5506291044290997,0.5576732163595908,0.49942909027165605,0.5543576885925803,0.6745686810951628,0.5585299735390388,0.5576823588246306,0.6485760563630977,0.6790178704472339,0.5400994692559126,0.6313197879875428,0.5574730922557357,0.6205107612322196,0.4189326272530239,0.5457795350717918,0.371541041750803,0.48351485921975523,0.6479481218684897,0.45840731263754503,0.6555290273019894,0.47662628525575196,0.6362914874955393,0.48832753004220086,0.5164264156379326,0.6292635270060211,0.7365890394407161,0.6774116155032532,0.5067989297601352,0.6397903647676284,0.5611602933550359,0.5252608671999693,0.5620638892410375,0.5919914708291751,0.7236349660153347,0.616473914050832,0.6480301075852442,0.22167456896911825,0.8560561961122736,0.7632786703852127,0.6173388987592189,0.38983818763016553,0.4906479906971527,0.49639064378684367,0.4733141963406204,0.6692401868026873,0.6695792478335839,0.661526322543104,0.3432347481513268,0.3598481133085898,0.4461309856812021,0.5790481516476423,0.5517154188802976,0.5781756671154057,0.27024810988735043,0.36201893493563253,0.494913428292108,0.5981610989385383,0.6432574165714383,0.6197530798586869,0.6863774995987855,0.3506380554597087,0.8890825147230502,0.15666464572495303,0.9173981559834818,0.13836713258231692,0.7033784538405571,0.857024243932653,0.27782112409835685,0.5927409016885758,0.7700043320778565,0.7020723282590413,0.7237631339411723,0.6266208036801652,0.7359077511336872,0.8414217530354735,0.7823843841505271,0.6757060677204695,0.7368506241233967,0.5678786593529278,0.7056463653107836,0.5571938463077438,0.8700609154466936,0.9177236402719513,0.39319540860327623,0.5605911279577743,0.44890188293581307,0.5342741976339582,0.7330295719724795,0.5275987282604403,0.41798755304703267,0.6584706316677774,0.665285068424193,0.5255740026938307,0.4918234508345839,0.4491359641589848,0.5604925801110934,0.5628147649710261,0.6084352590502362,0.3958164255172133,0.5184629948578101,0.675588064863414,0.6839160254642646,0.6217675481608691
EWW,0.4791272961503604,0.42770588743645493,0.3827758692052928,0.4220886265071791,0.4886542025154768,0.41637009245072387,0.6556001661070249,0.6361051165083359,0.6107744008338899,0.560417852690068,0.5011333825076507,0.5986435902154101,0.5302282719122309,0.4036824930869283,0.42870528118781553,0.2403473484714711,0.2364558512442837,0.1911508511448655,0.5403152560522696,0.3746954979239842,0.5191760743576703,0.45560364627847205,0.5120713736300545,0.5274169394975962,0.5854590669390792,0.23949190523099906,0.5693986370508747,0.5288628229839726,0.5771582877847221,0.5632743207957718,0.6150351910222667,0.6310482109822523,0.3623673285613519,0.43344131614119286,0.6102502243951511,0.5489294892626155,0.6436882106486054,0.6052026790562294,0.5332103640439537,0.6137784847765417,0.5722389476199887,0.5821207281268598,0.4618900221631602,0.5755556219555998,0.5423510633380842,0.4364686713890529,0.5851377525376339,0.5639037192817502,0.5917630921313486,0.5416071110495525,0.5062202628848099,0.5762923526197037,1.0,0.47972557907207464,0.5876167153364967,0.4194869566634583,0.6089747470937292,0.535396389989873,0.6344531435439457,0.623965251133884,0.6461828390258395,0.4431132551199239,0.4183610925009947,0.44616392505398184,0.3033597108142855,0.5673573587806877,0.1449823769165362,0.6451881201296717,0.5324721393816079,0.5809988545342355,0.25195201585277727,0.4101832983577054,0.47186235085148265,0.5072038563589679,0.37264550101145444,0.375998152833344,0.3923909194824686,0.3209106128522995,0.4843639914677221,0.5004670565956323,0.459492820905349,0.4651176312394481,0.5440084468154983,0.5312972301096993,0.40509392279304907,0.48078595139053354,0.3667793459138562,0.5414967283373635,0.3478274109991255,0.47560249781605907,0.32919156633975694,0.41374450803729695,0.5186282520620272,0.3215517972498653,0.48860436072538477,0.34559619725287777,0.5446312520679052,0.4628272650399762,0.43506585342785303,0.4790108525483181,0.5932881469830713,0.5168951597592991,0.48032279953257356,0.5399879334948273,0.48962446583111846,0.47392035376905245,0.4710771124757089,0.46158552055956,0.5478367857780183,0.5169526847861442,0.5382071576168792,0.21081928648575013,0.6234643339194991,0.5901018175772701,0.48422244377535434,0.36050466201641157,0.4663856997571358,0.46649638038407437,0.32987804852841335,0.5338608044029474,0.46349163372010915,0.5308842058082334,0.28555933493333047,0.3238843115388696,0.4233884172574722,0.4941128303809057,0.472579527412956,0.4701200851552262,0.2022074867286946,0.29349844538677256,0.4458956088083887,0.474478456381001,0.45058051467965987,0.5302517944662632,0.535879944113258,0.315511313056913,0.6525209912028473,0.15327478468438174,0.6242652489459726,0.15843980503472585,0.5179355492576354,0.6110665931725994,0.24983894348767038,0.41577748726334957,0.5708390344660687,0.554426615770283,0.5408503315726048,0.5229329036527764,0.5972582130406247,0.6486811456721967,0.6130607981369796,0.544062890319207,0.5362400539511625,0.47541063739562134,0.6096327287813997,0.45663416419385155,0.6641711676222437,0.6667561272622984,0.33461908993057204,0.46702323671199547,0.3611484576584622,0.4413984863347345,0.5684834024560775,0.42722737631289415,0.27025214559511607,0.4626881368361704,0.5352013665210901,0.4646620188236993,0.30740720729481924,0.3148153848657202,0.3293625678514795,0.4692523303617508,0.5122380997993874,0.26927534670147807,0.42130038900603645,0.59557122360142,0.5635423190227152,0.4939961094854905
EWY,0.46376201111817333,0.4829820852767169,0.4501627731828706,0.5021830435436759,0.5832945222128076,0.4916959768553214,0.6522295918876918,0.6314669423084371,0.836114234659524,0.5766306631062726,0.44692623105788876,0.5257506462268344,0.6135390288906194,0.3964098184814065,0.5273620868664387,0.213077626357212,0.2239551948300108,0.1917793449930526,0.6454891895333565,0.4278264186301918,0.4902284719246094,0.3107428174226575,0.4258707939543595,0.5856024810313576,0.5764244824392524,0.2211532826215773,0.5477813853760691,0.49091660387758485,0.802424149121295,0.5057075128394343,0.6849086038259984,0.5925846445630274,0.3650053087217748,0.511154197711552,0.896715444725148,0.512473993610823,0.6633192478440528,0.8282565134935677,0.5779688335992288,0.611649324909219,0.5709130644029508,0.5860535158288767,0.4617536668767366,0.5559908987768651,0.5021714308361668,0.48585918654030785,0.6576138039356909,0.5221928481924322,0.5762673727504082,0.5621019505398147,0.7658819508150619,0.5278018829674314,0.47972557907207464,1.0,0.5972366170293487,0.4696259154513965,0.6228160150204015,0.5146992685402048,0.6848362552693208,0.6722363394949141,0.7101435244514291,0.33023252078568127,0.43900725789662975,0.4593225892219835,0.3396220283404173,0.5058913647658065,0.14447272708334039,0.6418810593971602,0.5628717113508886,0.5856485078663922,0.2321595397525316,0.4061071058747523,0.5350830997953003,0.6437667412242631,0.42140149279978334,0.32151871571409185,0.4576094645281847,0.20391602768435846,0.6868269706482606,0.4248124131528338,0.567111093044984,0.46418087342303377,0.6191927353685476,0.5702375080436753,0.31177957962123143,0.453110367195592,0.17169358138534885,0.6162110208136418,0.3275412711398698,0.5602491261466906,0.30151467562878953,0.4421605884763142,0.5773214280899027,0.19750123498885036,0.47715819354488065,0.29586203854172305,0.5236558178512412,0.5310812741667391,0.39324252364819207,0.42873305059145383,0.6257776203428466,0.43675205356832975,0.5763509661126319,0.600171763164508,0.6101764777469858,0.629764724799552,0.5337096128821543,0.3908375469581647,0.5091284382277957,0.49525585311160575,0.5674807355635357,0.16149704410423246,0.6317934135363208,0.5222604767918115,0.46845716358721534,0.3897215880595171,0.4484653633005521,0.6546469358511846,0.3952681304577595,0.5765984241278389,0.324440785950756,0.5734917777890294,0.25807476887387854,0.29226927626312,0.4630131410205475,0.6125916380822327,0.5520537668697606,0.5371548915605833,0.21894320551659904,0.3838645630140827,0.5146002002386606,0.45453134640709764,0.3619699565163639,0.5815250503511591,0.4817385070736552,0.284334893216834,0.7297129765327127,0.1498104530104856,0.614572488742981,0.13370799173490788,0.48815508631404675,0.5941009211020236,0.2338620558826967,0.33168116817847343,0.5523675940009218,0.5363731065267684,0.45135021249053403,0.5714313635493541,0.8148199745209429,0.7658877579603771,0.6740993300993121,0.5813900253704452,0.4773381769528375,0.5642976848848886,0.7067160643104087,0.4161855040777583,0.7509905243493652,0.6310369595041171,0.35037671847866064,0.48785311735630227,0.3807924189112475,0.4337175129158572,0.5009246474199934,0.42139708537297615,0.16353382839744224,0.34525080792997637,0.5182818650373455,0.6282014558575725,0.157950834821375,0.2087405573562903,0.25363859811828354,0.4829168204848016,0.5220080042541763,0.18096752755582962,0.4047285232306215,0.8242278717059444,0.6591970072231818,0.4796920009439494
EZA,0.5268573999386194,0.4830046625484729,0.46020995852135066,0.48134115727691745,0.5501631886259157,0.4590137522031507,0.7408942460761542,0.7380721226828706,0.7678393786555207,0.576493702931519,0.508179931097914,0.6673218703639274,0.5802071658533207,0.40795193419342224,0.4683298584048627,0.27146129310503375,0.2971400274811616,0.2618399508386755,0.5891535640348401,0.40407029883124573,0.5388984599076387,0.453404996346151,0.5144193870607146,0.5573484943994996,0.6954358912485188,0.2985867362579796,0.6720856957675019,0.582012763953164,0.7379411905267901,0.6412900165213025,0.6963776073066716,0.7072642793171633,0.43173569844421716,0.4852233129916042,0.7209665649003814,0.6132631967582373,0.7231345981015924,0.7649652983994384,0.5636814883577599,0.7072855399503711,0.6639042818251105,0.659938873980208,0.5848915833686541,0.644572689622272,0.5996938580115402,0.5260664438123914,0.6655478579929563,0.619356928627852,0.6524685843001867,0.6205441595383376,0.6098445197291338,0.6815090895498307,0.5876167153364967,0.5972366170293487,1.0,0.45477383781909114,0.6817268750966639,0.5572358467472203,0.7385653649432409,0.7628931653526804,0.7268579609808233,0.44351265235905746,0.6486179269152796,0.652571334424597,0.5067758721236164,0.6521203666056485,0.21229255058943639,0.7200898437937573,0.5549163265217594,0.5904553654745106,0.2736026403650144,0.460792954516947,0.5345720800043847,0.5647932475999526,0.40543708923080196,0.43613772407728324,0.4811770392921372,0.2923271798172675,0.5404539086630266,0.49846302170845297,0.5128598692503403,0.4844635492553431,0.561060645964117,0.556812032034865,0.3874573338016428,0.5067272100797834,0.30329953070784804,0.590675867144131,0.4272883552623182,0.5920022986825826,0.36674141274719746,0.5952293967141429,0.5510980216402769,0.29011673403135463,0.5412223720986374,0.3383879381752795,0.532159305377824,0.5191326788501589,0.4389538413923486,0.4995890061214366,0.7342685927921063,0.5067074256365354,0.5347166113959887,0.5842783758523517,0.527114882254341,0.5165471838633758,0.49739670505654415,0.5027624342799786,0.5650907940206479,0.5183512121505421,0.5662689233016088,0.2514249854209061,0.7180039309650122,0.6759879198323308,0.5366326913165457,0.5641682828439305,0.635225923306728,0.5064051917606441,0.41574717255142607,0.5610935827456397,0.47051433790933544,0.5564460623673713,0.3501334139512308,0.3599459755327667,0.4803373938560503,0.539174212680812,0.6014967102273747,0.5085473552600253,0.23510825864628987,0.37529191784172555,0.5303864978553756,0.5241953816461399,0.45299846144590605,0.5674741046379367,0.5471002301033518,0.3408614834973302,0.7426047373033052,0.22777329478732344,0.7055137955793335,0.19060301952918665,0.5362959378007887,0.6897868233184271,0.31693897789852793,0.4453037392258789,0.6847031106220094,0.5713179205789076,0.5395899547197062,0.5540071523532111,0.6915623931872136,0.7679673487240575,0.6765501658811106,0.5710007599819679,0.5374522310360352,0.516221992530131,0.7736380270185964,0.5019924404230807,0.7764732352886944,0.753306297146489,0.36536300249504156,0.49937565555063335,0.4187883580503517,0.4609111416468365,0.6120161675556238,0.44211821528062045,0.23208876149628085,0.4473442101963616,0.5285241338772467,0.5075181962657161,0.2966486954338729,0.32877928216969476,0.3713751841921954,0.4960776945535649,0.6205889248914129,0.24165356053492365,0.4606738903722633,0.7529629346937341,0.6370191058989755,0.49939009270148504
FDN,0.6549273837952937,0.8886238229285497,0.7102820473665641,0.8562948520064857,0.7938782207661341,0.8845469951329437,0.6212925529472128,0.5834030063733945,0.5879023351599939,0.8198509587442486,0.6301343790244254,0.6309610752177105,0.5711234137795621,0.5846323945408605,0.7310346402526645,0.21706624452598944,0.2096570575821475,0.18413829237888854,0.8065807490915443,0.8378601854435545,0.7147234514634723,0.4278989924106058,0.6361143530107057,0.854984351371385,0.43656795296007406,0.2076323776839166,0.40981772719996873,0.39671826594302584,0.5420549677682746,0.4935261164938716,0.6986978601869691,0.5259345527066659,0.33536107331848775,0.6382264646147514,0.5827332679669681,0.4818030990521147,0.6420662312397777,0.592702083512866,0.8667893164826378,0.6015431529742713,0.610680675918531,0.6077612737143938,0.3728535278788594,0.539755825756944,0.504997147244816,0.40190583036184413,0.685526896849812,0.4859873766205327,0.5632094225435612,0.5945733984646835,0.5829016347864031,0.4818553175337713,0.4194869566634583,0.4696259154513965,0.45477383781909114,1.0,0.6228029256633886,0.7069349271137584,0.6246174417167354,0.52144702224454,0.5756154637197572,0.5877257226024241,0.2524474114534281,0.2910331521340079,0.09325600371858515,0.43988086687267397,0.08880529563501756,0.6451686392653909,0.8531669736943307,0.6553571183414929,0.24075142327638807,0.60701262139526,0.5139471025760044,0.7749235088749707,0.8980352680708141,0.6036634228701795,0.48640496366577574,0.24222581626632508,0.8089655518195525,0.6491752944011104,0.7708186457071655,0.601659012209125,0.8303858129918417,0.8300709431804639,0.5208180373027776,0.7540099483650013,0.44697672673151956,0.8151310311085876,0.34563333156969833,0.5100003978205031,0.35269696979177717,0.4167114124814709,0.8651763429504886,0.34136145432221926,0.8077908664786503,0.29669920400161665,0.6418165843636378,0.6465742018874796,0.5310039594404078,0.64901643561818,0.47132790887910203,0.7003272958352265,0.6693171574068794,0.8607822749090038,0.8915115095389793,0.8755393622315383,0.7772799228055958,0.535728540927652,0.7478039980436465,0.6910472148484763,0.7624312850623527,0.17202567322896778,0.6418773170264791,0.5374525973429345,0.6934451495071237,0.20238299626158848,0.30025959326525514,0.7082142549212014,0.4205215237705921,0.8528571283073887,0.4781641560702279,0.8575353357173945,0.29226744612015076,0.3419201769111961,0.48745635923141367,0.7649474482441322,0.41514820573195815,0.904173513053895,0.21901767695037547,0.3248291281388825,0.4771063763146369,0.679662920104434,0.6411263066692742,0.8453633588024495,0.6836051135635917,0.3358143295668195,0.6492198334221306,0.09673817151585795,0.6082907708418794,0.09710391645769482,0.7218926954899936,0.6645287342993845,0.2105266450362474,0.518455886457605,0.515358217960082,0.8094198419885525,0.6397120759670125,0.8867628206568594,0.5991334892105032,0.6623439297447623,0.826422292165233,0.865751058420534,0.6144617752178834,0.9130402118133976,0.6012893220429907,0.525043985036819,0.6581840556940595,0.5504348086725989,0.8816380173340826,0.6079521929857885,0.615596514777115,0.580613866657172,0.580609399218741,0.8692210172418916,0.22842665153849256,0.6336975549890387,0.6415218159310638,0.8224234332979236,0.25956923156608136,0.23946084634062775,0.4245543138854891,0.8473525477020565,0.49860845590823316,0.3141131694048042,0.7014025608897798,0.6099538121735161,0.8601844315375966,0.7128318995298221
FEZ,0.6508045689001688,0.6171846918689137,0.5410467984663273,0.5914492606737979,0.6499915132647011,0.5894148593153063,0.9290937574385633,0.85597854451426,0.7635524773513871,0.7679844748018994,0.6521527646540216,0.7399738990577818,0.7160673623309075,0.5894769444099153,0.5930094941112002,0.2561668942784051,0.2543773002372654,0.19408149018173207,0.7604654812488222,0.5433487595857792,0.7322259378767938,0.5577676699505151,0.6953777825168752,0.7540467743904655,0.6741676596863907,0.25173686388319505,0.6720978926756185,0.568409134851278,0.7392463505399767,0.8202882381928862,0.9323594410170779,0.9117035968302172,0.44416575040440837,0.6185714646509032,0.7584680722194318,0.7708813497294295,0.9506298034014321,0.7580505346596941,0.760462889573007,0.785931331841115,0.8857356214806174,0.9614441921038124,0.5388002015929312,0.9283207706584897,0.8193589078386888,0.5438194200676848,0.9206334269407228,0.8723279505459132,0.9693922712441312,0.7254252632658893,0.678766276927669,0.8456946011809734,0.6089747470937292,0.6228160150204015,0.6817268750966639,0.6228029256633886,1.0,0.712796150998429,0.8862124620549142,0.7375052668949763,0.9089916929376454,0.6398329307772346,0.4199900879251021,0.4502390545091664,0.2553862661419726,0.6517106782473271,0.13918575056199678,0.9419429025033478,0.7567322109834077,0.8612632412254922,0.29964157519110707,0.5704870958228223,0.5767929857304719,0.6617814310170128,0.5593366385374097,0.5764543359569709,0.6069185054329302,0.3377804468180942,0.7117871212997997,0.6772125768538737,0.6511828703670444,0.6631094792223986,0.7452383372466613,0.7571190367222783,0.5429009124722388,0.6868834168637351,0.5140909073155656,0.7203129506738795,0.4101249612882384,0.5878570879045546,0.39576673925753203,0.521092041736555,0.7470542189266413,0.3453845766825522,0.7227667058916697,0.3689919493571263,0.6951289656793287,0.574853547721844,0.5406382146970625,0.6857629968121697,0.6853231931230127,0.7044982115935556,0.6071298429165725,0.744072193610992,0.7082824287324053,0.6858149935408869,0.6524235249502168,0.6006489250775876,0.7581778384538805,0.659158572041447,0.7175410731762808,0.18094126062581747,0.895421309747992,0.7262825864639665,0.6844774412032374,0.3439821835764468,0.44154848994316814,0.6644488103448895,0.5106975712013092,0.7591805891968086,0.6042759222805262,0.7576853266744068,0.3457053151596565,0.3817997253905337,0.5015056227372316,0.7005892553816923,0.5803825729327473,0.7034481265489745,0.2834814459705693,0.3856705715407451,0.4936325383418938,0.6666936977032867,0.6257873086040301,0.7171685601217622,0.7143804358540965,0.3762883966419952,0.936769264750223,0.13831735574392134,0.9729977588986043,0.133643114581192,0.7386088900222852,0.8857503762347987,0.2660663232393445,0.5706417415643311,0.7553591127801611,0.7562154555785279,0.7150156397117815,0.728010051449067,0.786599740406473,0.9079840428803614,0.8610109390855568,0.7657900609829247,0.7128734844046388,0.7080721786686816,0.7618993691424408,0.6097782743513834,0.9214306818233998,0.8959567228638436,0.5024442531294941,0.5953937239912456,0.5026872783760856,0.629714998593376,0.7346643488043717,0.6273782524691571,0.26737455990876263,0.6600673595844806,0.7124949275540446,0.6789655160981004,0.4152304252722541,0.3597812075677533,0.5075706678387398,0.678566889829149,0.5650668841670601,0.2756174164456544,0.604541280791254,0.7625676212823438,0.7965017222930354,0.6646335229014481
FNDA,0.7048644543068424,0.7111182825782334,0.7047713534039134,0.728329642879916,0.7663489426768285,0.6957452845771389,0.7681158680905732,0.7450725163756999,0.6448115448159986,0.9216106224526448,0.9683414508330235,0.7869314126051937,0.6572710093461711,0.6171516989574646,0.6844013284215713,0.25961125862695533,0.2411112052532937,0.19911475478568974,0.7677881441490392,0.6551481115335,0.856423448387903,0.7909046412463283,0.8083477669597414,0.8275923348257244,0.5607353660231329,0.2449711278691069,0.4831597791810848,0.5208897410595243,0.598560622167984,0.6127993528842696,0.7476296702837864,0.7224064906822747,0.3902188006666074,0.6418279965956913,0.653716128911108,0.5895231910051144,0.7576245695338174,0.6327301710154718,0.8480137549900756,0.7365209634042966,0.6947946783073414,0.6824132115456178,0.44861805585094383,0.6681932604914297,0.6133811937522122,0.4780867611395108,0.7174192579278933,0.6178739646264553,0.6813821506658229,0.6294187112500216,0.6139933008213986,0.6690554448765811,0.535396389989873,0.5146992685402048,0.5572358467472203,0.7069349271137584,0.712796150998429,1.0,0.765859071584443,0.6136245250878866,0.7526943283651809,0.7601500283501582,0.3243137326246323,0.3593451451392711,0.14223013407183926,0.6757602754576872,0.12022915622467864,0.7722724821003142,0.8576168371963347,0.7639910661804609,0.27549238540394294,0.6710522714814396,0.5897808537022535,0.7516312476465236,0.6437345367449968,0.6464873277348383,0.5171072955310019,0.4701564299400436,0.7002590296846037,0.7886602735333114,0.6947824385572522,0.7623584061933684,0.8447188521643817,0.8641461090246669,0.8451078261068515,0.8714584761028406,0.6763652350543102,0.876585190888337,0.4226357050829902,0.5836469345318975,0.39636237830737137,0.3987853363688223,0.809652920003273,0.518600696605215,0.8663111799483997,0.5700309536984216,0.904488634192967,0.7209135483314976,0.6378122413347341,0.8588671244420814,0.6480602961273575,0.9111483560658512,0.7342628468214177,0.8626261898885127,0.7427137854087662,0.7365994712822915,0.689451763110484,0.7617112216054591,0.9351636500703023,0.8430381724576042,0.9761129001241584,0.21323226334815884,0.7571704215089462,0.7413953199692003,0.7371569953592375,0.23636822621499048,0.37049221502834073,0.6622608670657856,0.448714980829126,0.8430693329548432,0.8261069412929232,0.836141101505216,0.3133225255924931,0.38215852394557603,0.566241957434769,0.7693459766811342,0.47145241007886457,0.7428920454239738,0.2534810179913043,0.3796596390671599,0.48613167664168866,0.7183291692252503,0.7326037171422063,0.9165285702470882,0.9863142320232409,0.3847290694644402,0.7717514825626245,0.11112746088707104,0.7291780979569582,0.13536534636244968,0.8540902259383801,0.7494921062641322,0.2449666136876939,0.7453016854145978,0.6695591534622566,0.9271664606620165,0.9188082778298534,0.858673384758463,0.7021399266232248,0.7487167509661741,0.868495998723071,0.8729293512486416,0.8757589872603849,0.7442613507821335,0.6414441351639727,0.5703301340275382,0.7636798783899819,0.7380733403689038,0.6566091369307335,0.7409130520614817,0.6281874828642574,0.8215321515881068,0.8312097962020873,0.6857996405360004,0.4650546969026447,0.8050397385002002,0.8691791032377703,0.7027960730127238,0.44561645077255907,0.44364936191014037,0.5680238013441933,0.7928752206827634,0.7072780380421511,0.5206931016119452,0.8535194705923789,0.638022087601195,0.8263301244624897,0.7233683062327728
FNDC,0.6894402815879522,0.6309287304218352,0.5841489397596243,0.61842631997435,0.6862302152078273,0.6066747364679549,0.9705621121466241,0.9659977298356599,0.8197222704880788,0.7913554546191424,0.7114090477308769,0.8309197207643426,0.8437425524761059,0.6043869668186506,0.6150077419933097,0.3243083387261083,0.33715774809895516,0.2772481735186769,0.797481389463265,0.5641002067195163,0.7387222369395536,0.6420864991037428,0.7174653181882802,0.7562287921783607,0.7317032177498548,0.33672530791272043,0.7257711479847364,0.6253809595089682,0.8000460106725218,0.8687667035371629,0.9216210235488995,0.9313734872931514,0.4903475797131179,0.6495249733848825,0.8105071814380904,0.7577668342815855,0.955239694240466,0.8044448177227305,0.7684125148461403,0.8644780556744572,0.8651336187882468,0.871723085596374,0.5840823452226515,0.8467587557827155,0.8020189387868091,0.6118839774575585,0.8506014668935309,0.8055890626655314,0.8650007773720741,0.7655460653235997,0.7235720544478877,0.8583225526527607,0.6344531435439457,0.6848362552693208,0.7385653649432409,0.6246174417167354,0.8862124620549142,0.765859071584443,1.0,0.7924848533761251,0.954712192246482,0.6557102581040004,0.5439115536335836,0.5742291227262258,0.38030820545277827,0.7551362924694429,0.2234524745937564,0.9557464240154347,0.7641369310667923,0.8238982470511643,0.36253578858888436,0.5902444142573284,0.6420447900409897,0.698980696067878,0.5580648436359091,0.5871480848442131,0.6176860391554289,0.4276731530519508,0.6979148963131224,0.6920626799468063,0.6582588557239,0.6388613012820429,0.7558736723454025,0.7659009393994884,0.5761140767509441,0.707639405706466,0.512001967061128,0.7593818960273014,0.4513089495422871,0.6542132481512267,0.4596010025265448,0.5491518675425243,0.7476633267989846,0.42615947147325456,0.7400309216980892,0.45879918471185677,0.7317398195559047,0.6336792630947412,0.5930334518865614,0.7033248285957173,0.7765299861585511,0.7269885118529313,0.6544834040766904,0.7609132390232402,0.7001970924645954,0.6784240026913011,0.6533755767839533,0.6620295618984274,0.7892785350813823,0.6906377070084813,0.7666849880839279,0.2766521147449658,0.9774713592275306,0.7987181792457598,0.7111360112564491,0.42284380187301124,0.5549832261130342,0.6437681505953379,0.5323594754682335,0.7652579206905175,0.6726224253163117,0.7603780883121962,0.4226229979134288,0.4479236425252688,0.5641126338566576,0.7019719606681545,0.6490645001504041,0.6950831044505658,0.29627071465807847,0.4111958298386141,0.5834706740717188,0.6952179886436927,0.6492350451828908,0.7538808556511941,0.7612163553059087,0.4328586381628859,0.9671366958540005,0.22948824831336828,0.9234717165853195,0.2043231604862134,0.7481990059542359,0.91639252351199,0.35245930599563213,0.6402713949997898,0.8601405895636607,0.7899758268844567,0.7627543314229807,0.7481936323241872,0.9055441184288118,0.9457370094264334,0.8822697318739882,0.7783595337689508,0.7511492565743026,0.6979396139317401,0.8079361669112133,0.6478776491157917,0.9576822165538038,0.9385228539919566,0.5182414369057192,0.6452955574048509,0.5372193022043975,0.655781245236723,0.7785220625950875,0.6345792233063977,0.363490908784784,0.6625499044531294,0.7363353986457782,0.6627283419785281,0.4307865638559231,0.428515266238524,0.5140435843839678,0.6847122600960414,0.6684973100608168,0.37719433679034364,0.6176799308811434,0.8053284860712354,0.8200105478760177,0.670122420318123
FNDE,0.5288558676562789,0.5286441251745583,0.4768957658872476,0.5218125478232275,0.599566715646816,0.5143621450555108,0.7952196844854323,0.7784178832374528,0.9278090120270187,0.6564674392720279,0.5722814223009756,0.6954426261342428,0.6458706602482175,0.4841316144871984,0.5333033098555351,0.20528727855506407,0.20867438494097718,0.1577469534699629,0.6644676574253449,0.4474516095340398,0.5974043403192059,0.4990741640254575,0.5809404415472184,0.6343658391054293,0.9052814424624154,0.2089747874187141,0.6710493242940571,0.6046828210480782,0.8744480013411473,0.6513886322987164,0.7526203477974874,0.7711263511271947,0.45703464451524417,0.5272827290843299,0.8262397086457223,0.6637093909981789,0.7835384723865642,0.9195548955133988,0.6419150920131093,0.756953334796337,0.6942217057973217,0.6937123294354367,0.7718806626950394,0.6845007231413274,0.6059846515054822,0.5838993187720507,0.7361863103516293,0.6432573134924802,0.7050492088867785,0.7202309478520541,0.7635120276253947,0.7206842644876927,0.623965251133884,0.6722363394949141,0.7628931653526804,0.52144702224454,0.7375052668949763,0.6136245250878866,0.7924848533761251,1.0,0.8046530522784741,0.47443438563132867,0.49453440221038925,0.5198533784781911,0.3606673230270438,0.7266420264815487,0.12139052580578528,0.7737611290502264,0.6301704316892058,0.7039226512800877,0.2592024532070167,0.47964184948308414,0.5693742154575369,0.6308921121310094,0.4603215136959264,0.4132547669349769,0.5589845867922077,0.4135241630772375,0.6346149593258328,0.5507613528554304,0.5772197853093038,0.5330375887310943,0.6277466738936506,0.627098373196632,0.4299264638396891,0.5639496643354519,0.3453032499798838,0.6610058327276205,0.46138856814081536,0.7005837044900336,0.31789412328542804,0.7953227959360131,0.631226708109736,0.3663957491113365,0.5917518337043342,0.43253332838235964,0.582194888560304,0.5756206044945615,0.4329889503452897,0.5212475867080455,0.7874645195551961,0.5688221042237562,0.5949480441378568,0.66094094565648,0.6095624757574338,0.611153809288741,0.5756840651287426,0.5146636438714753,0.627124323012324,0.5827917430046688,0.6212994711045413,0.1557002016000027,0.7596884320638623,0.8077079918442626,0.551728492255786,0.44589128925154414,0.517025533701431,0.6084275551086051,0.4815080229476369,0.639806826471774,0.5150288962559355,0.6321040291093335,0.2806335637141153,0.3076597913364309,0.5298774899005033,0.6326106195987743,0.6426830086741813,0.5835688801923149,0.29815781522505086,0.38079963581812726,0.5257181069293136,0.5280884165870081,0.4817873892928765,0.6202309655584232,0.6036492846742071,0.30173243176465275,0.8025190824336211,0.11179671823200366,0.749884316655024,0.10559773731939266,0.5923623001702114,0.7360941642092174,0.22261815779598024,0.46266256954697305,0.7316935886781515,0.6335022646925796,0.5981816446186766,0.6124480478191333,0.7714820697674662,0.8605028675370687,0.7629527097781519,0.6474298879749658,0.6008079540434379,0.5920553486328817,0.9481619644852213,0.5097701451151275,0.8724258283960925,0.8423907465532731,0.41824273461349953,0.48697603184904914,0.43930646575229676,0.4780213823434914,0.6536850753160657,0.5009238387205205,0.3429140748858234,0.5046708689039286,0.5725584768948419,0.5983104501235422,0.2976354041820659,0.30479753490180134,0.3634916134836368,0.5544331111525921,0.6188214504190076,0.34716179694494576,0.4852648519554732,0.9022250634929817,0.7218444453345226,0.5832738237251559
FNDF,0.6565587847204691,0.5812386008005946,0.5335762682161339,0.570979131645186,0.6539836902630503,0.5578873905564149,0.9779853755296667,0.9484425987081719,0.8242981137991378,0.7904656539433809,0.7169571121649353,0.8294211876130714,0.8499280636793781,0.5936246725323359,0.5863110010081573,0.26820995293272,0.2726688490536752,0.20371402080687934,0.7653255711320174,0.5262428743657093,0.7497285157073298,0.6519252852314815,0.7353132796458113,0.7409634401757814,0.7539468032053788,0.2721792266456648,0.6994690773964612,0.620298836259975,0.796493766880396,0.8613282459363184,0.9115388019820577,0.9749369978743012,0.4817385276207519,0.609013487971173,0.8286730781107837,0.7686151694404054,0.9696912101999623,0.8064889414258971,0.7571510008551622,0.868423701297489,0.8530443979058057,0.8862856443023681,0.5768205790324028,0.8842601127331701,0.7988625634331898,0.5911188651415181,0.8462334518628406,0.84372861086895,0.8883580895875928,0.7635465758239954,0.7278145113573039,0.897765612943468,0.6461828390258395,0.7101435244514291,0.7268579609808233,0.5756154637197572,0.9089916929376454,0.7526943283651809,0.954712192246482,0.8046530522784741,1.0,0.650535606085696,0.5118670649557858,0.5403219753731245,0.35225507509849324,0.8008655901367014,0.15756635117003312,0.9666388704995547,0.753829551333625,0.867287365400659,0.3099687754772051,0.5693537310742771,0.6047863708272015,0.6755761813058574,0.5163607601677858,0.5509386609134581,0.6046088649418206,0.5015758112229092,0.6921558115937515,0.7001174262583916,0.6550582866167983,0.6356821418484899,0.746937331452767,0.7594100922786423,0.5832451906278074,0.6951802273923106,0.5281600181366739,0.7308707528291986,0.45648934342329583,0.6363112899741358,0.403451161575027,0.5244341259573924,0.739036837933935,0.45746343780548343,0.7187085999137454,0.5167009037624608,0.7275099704471961,0.5989012281129918,0.5698846923754649,0.6772384871314489,0.8071266634119796,0.7314333562602895,0.6244720417826519,0.7324783779041385,0.67983235026584,0.6561481784090714,0.6456380134152947,0.637004710297582,0.7831011608226688,0.6912603980042138,0.748707486215217,0.22373689173756398,0.9381260411641063,0.8012946589726748,0.6829705928658846,0.42250529588278374,0.5292115590133097,0.6381103908744958,0.5179917701544476,0.7586133431391413,0.6810549941745724,0.7489869727279466,0.3589289391330356,0.39068364251322324,0.5238142756707443,0.6986984151502342,0.6318620318648819,0.6709022170116559,0.28807012254085523,0.405131358502719,0.5636022710438967,0.6602936100094079,0.6415082697235983,0.721205370997656,0.7562946825465215,0.38187214092801003,0.9785952285392936,0.16012406904421544,0.9384785106919743,0.14890699894572634,0.7486813743342489,0.9057271564840137,0.2904966949477112,0.5991059440973597,0.8118006785588587,0.7721917084615664,0.7664723029165096,0.7153861576830329,0.9154131097479747,0.942387802565568,0.8772952164106891,0.7668016126924914,0.7740717900221565,0.6703811703040603,0.7964511586597226,0.6072983925138913,0.9638335101401799,0.9731625012103787,0.4624684350404782,0.62716215471018,0.5008104185927299,0.6236865805989761,0.7847080828967363,0.6013511904468329,0.42709472798788656,0.6759598116770316,0.7387951226621524,0.6549610102200625,0.43501667120937837,0.41538544789106885,0.517175517088299,0.6517938381065408,0.6787414788177751,0.42148764442442627,0.5951307950239872,0.8021443080545162,0.7894635210066332,0.6817213133605378
FTCS,0.655026638892417,0.5324230756078729,0.49732983684070287,0.5112736101854145,0.5394346302264516,0.4959252994894908,0.6773026137515729,0.6220172675354043,0.46260625670074357,0.8115138080291312,0.716284841597334,0.7017083458767446,0.5546568271011826,0.5475529272091064,0.47366311873318717,0.2646314610247521,0.25448060213893475,0.21355194849275055,0.5973991628101752,0.5545639183975134,0.8777251269711907,0.755321905772856,0.8910338973590828,0.764663377561346,0.4542044028775281,0.2524940962385191,0.4214373777429279,0.4015847971352595,0.4624481176655641,0.6824869489478709,0.6727381190742996,0.6640296414502604,0.3492014792026056,0.5059939141380523,0.4665613243695592,0.5151345095608298,0.6881420120313594,0.450602552588487,0.7957560750553907,0.6536681367121633,0.6157134078900653,0.6246914761276282,0.33298668852313007,0.6150411815259291,0.6583248026242142,0.44497459398171474,0.5928173340849737,0.574301379689389,0.6306055705248633,0.5523998913325848,0.42160489421372355,0.6594359219612992,0.4431132551199239,0.33023252078568127,0.44351265235905746,0.5877257226024241,0.6398329307772346,0.7601500283501582,0.6557102581040004,0.47443438563132867,0.650535606085696,1.0,0.2656427558384231,0.27750886442353606,0.10329407279308962,0.5594060008108394,0.14998951303558505,0.7092247586332278,0.8201244451133127,0.684896693275804,0.26145472343118564,0.6621867606259056,0.4148424592554558,0.51855223803187,0.5643129366992807,0.7558447043845802,0.49693344066133527,0.4037315856849097,0.5604125133728091,0.9057595692373657,0.5888021579049474,0.5652998993713673,0.7508712338414119,0.8508301000545733,0.633643584533556,0.7456462111783526,0.7806352461697755,0.6381587160052368,0.340463665263214,0.4037555998353508,0.3914441022418251,0.28728002032010214,0.7678249766283873,0.4481496572788154,0.8272005001715068,0.3951011373072276,0.7420583146865881,0.4318192780963937,0.5372099205141565,0.8412609466409741,0.4873221687297015,0.8523383503800742,0.46436946102995974,0.7069157562281331,0.6399916497433618,0.5652064491048178,0.6297781392830838,0.6274129682541457,0.8909007898764442,0.6797328957267998,0.7277436854055669,0.2202772221118364,0.65993260064958,0.6035118539325722,0.6699169844543983,0.15466038761109094,0.26855692888080224,0.4569417277389443,0.4162490208844929,0.7985129087472808,0.8123978890886155,0.7950284136521755,0.33311834813420105,0.38445899750053136,0.3605188428921865,0.6415696797928112,0.39636221511357095,0.6936715789074793,0.2083397618288892,0.2953083908994553,0.33513568228295043,0.6591247355193935,0.9450849001396318,0.7035885948512244,0.7978673777130685,0.3780846033334051,0.6761804478879133,0.14336123314592378,0.6794599746511097,0.1464848809767024,0.9199316881629087,0.7369351681237909,0.24941872863531353,0.7500731571172848,0.5837881274792387,0.8462366892666675,0.8842519676047588,0.7412742881445497,0.5611844628009547,0.6260415487236276,0.7773301293415716,0.7990594461268263,0.9060021055895717,0.6638525009832987,0.48679564855182134,0.5249186430020515,0.6477514786211337,0.6669026934731265,0.5127613709131561,0.6273887976584805,0.528106000561711,0.6764680090801511,0.7920208306563027,0.6525145704914067,0.3974233186468672,0.8215705786171236,0.8119432351849083,0.578016876583361,0.7565155485099103,0.5894763815925543,0.8022820644386947,0.6812670237461335,0.49231685095850297,0.3886472764756153,0.6635082099490249,0.4570415395003635,0.6743409376422456,0.7214073120202222
GDX,0.35718033113068237,0.2716767950289067,0.3005335904207974,0.27931917869592343,0.3471452392280916,0.26639461665354097,0.537693572530789,0.575466416004192,0.5051385544668929,0.3372186853628615,0.2790254044353104,0.5641574355320564,0.4165730040253083,0.23409706314085657,0.31540997494362905,0.25758540297726906,0.3092602683555814,0.2913032965734736,0.37171048178652566,0.26082278634979217,0.3158045828368066,0.3005551617065744,0.3382990746054503,0.32529504209463556,0.47131886991015215,0.3100674668550433,0.5222649439580979,0.42563238462779357,0.5142318176940893,0.4818242603064349,0.47326482174101303,0.48275520529872196,0.2946733205763575,0.2820412594024426,0.5003893008830032,0.4064780608904595,0.49016000725606407,0.48340171072185967,0.3338558656854024,0.5448127869724941,0.4432878652223939,0.4196465709736889,0.3502259779412525,0.4078324914983521,0.4288034141607526,0.3763218934696786,0.39376561104148095,0.41034531796552803,0.4061363014120659,0.41686327306665505,0.4094132489662477,0.4865820669050237,0.4183610925009947,0.43900725789662975,0.6486179269152796,0.2524474114534281,0.4199900879251021,0.3243137326246323,0.5439115536335836,0.49453440221038925,0.5118670649557858,0.2656427558384231,1.0,0.9812327212420837,0.8089765483266194,0.5965244567923419,0.25894512525395713,0.49458551637928283,0.32549965572415707,0.3236600219538211,0.2395828796782513,0.3018020460226485,0.4142527934772341,0.37559900653970446,0.2394643040713823,0.2773573362631212,0.28517558208531674,0.24077535568158015,0.32386315722889997,0.3014671534591253,0.33162887766518023,0.22071078356745916,0.3467915667641309,0.3321387577252592,0.11865798352985543,0.2618039073695017,0.11980758774186279,0.37856003514279424,0.2622111406866729,0.3990392277341314,0.32139835450210874,0.3178924462139274,0.3207525943713818,0.21315902649681012,0.318281459420132,0.26647017454128746,0.3317005897605576,0.34880020400378736,0.26081417171719884,0.3017569271500378,0.624679903033909,0.2686214300749708,0.3439076865056772,0.36183759330087617,0.30453241533562364,0.30212600395865635,0.3000684306009779,0.2984504241772179,0.33675536028295155,0.3032816225479588,0.3397079963338032,0.3207293872405943,0.5024303130228892,0.4402051692323885,0.3398616819618751,0.7646942247748367,0.93751109524638,0.2973238958254574,0.26437686391594395,0.32967044231758663,0.2941431298150971,0.3268578133251782,0.34915042742791536,0.319471605392493,0.3288278492025237,0.32940901498620073,0.46934997331512346,0.2821934567542568,0.14273242032997624,0.2374792661857019,0.5104309028196015,0.3386052072167058,0.3209560191523412,0.3609663436996121,0.30755785663076024,0.2854686842885934,0.5251514649817276,0.3010293962369641,0.4634926807449548,0.21237499426099718,0.32465347105480113,0.48484767991059097,0.3214429256806507,0.32018278950187545,0.4846275654256486,0.35671135125531994,0.33839501793721916,0.3459741488932119,0.5074255823813516,0.5167269054463672,0.42907512508616746,0.33769114174970893,0.33841479188165885,0.2914396343613126,0.4789751758880334,0.3607629140818102,0.5320423792550194,0.5235725380380934,0.18810973130045916,0.37920496653480074,0.280221616812618,0.2612383899373901,0.47525195418412836,0.24282044745490297,0.19412285508847285,0.20530447649941633,0.32490577822963085,0.3005592977731804,0.20195033106642948,0.3313108701556232,0.240963424250046,0.24553779064495052,0.6294805902601267,0.1872019873448182,0.22093586240100752,0.46986922779281504,0.39666337072887903,0.28853727361559434
GDXJ,0.3843651756974937,0.3146561546576679,0.3273998710133935,0.3153364729486489,0.3829449638270768,0.3080102095718595,0.5684953240725511,0.6093489009183102,0.5337614125148628,0.37197306991157314,0.3164628861208615,0.5902240958996235,0.44225811262910475,0.26745940848950167,0.3604869859289949,0.25592580669391046,0.3063031230931594,0.28827904853866115,0.41215558657690177,0.2944252736837481,0.3392342961842254,0.3164649186394903,0.3581623006116492,0.3566469070873589,0.4949277011761804,0.3078632665491701,0.5419312025773242,0.4541594336650922,0.5361992725489144,0.4969065392167229,0.5029807365832859,0.5076994090821947,0.3211051822600363,0.3136273685677644,0.5297070991919214,0.43420280298388464,0.519344487291801,0.5101197642055273,0.36594582324107633,0.5700024527140103,0.4688899368155432,0.45013099539159085,0.3643973115604944,0.4372922757061137,0.44379975312296466,0.38764862129651095,0.4283051844259698,0.43024305782506406,0.4339229623887311,0.4411615803939278,0.43823735149524823,0.5070477855519332,0.44616392505398184,0.4593225892219835,0.652571334424597,0.2910331521340079,0.4502390545091664,0.3593451451392711,0.5742291227262258,0.5198533784781911,0.5403219753731245,0.27750886442353606,0.9812327212420837,1.0,0.7992824324702127,0.6146764187361455,0.2501384962503721,0.524747490272907,0.3556017537468325,0.35406403653761626,0.24458505551143078,0.3178827409504579,0.4369899428850508,0.4089567814348767,0.2768506749392838,0.2892221615868574,0.3104753168167244,0.2641469479889428,0.35752884330355356,0.3191068306388234,0.3616147490876667,0.2542187063295836,0.3797379676992934,0.3602848431955019,0.14912648863902955,0.2954596657531843,0.13999376076292974,0.41842784040512676,0.27870858230799544,0.42672566333006745,0.32765542421020616,0.3348193434411661,0.35246249104858246,0.23732120063885812,0.34179424826231586,0.2943124761550298,0.3645951389279364,0.3870696749011378,0.2852430154389347,0.32358907329621495,0.6497704789553633,0.29530350572265884,0.3750342117272829,0.3957984032933766,0.3379083738122805,0.3365803851952697,0.33340326466175424,0.3201928079652663,0.3630070020181155,0.3383009491266962,0.37739771292971624,0.32433609315767026,0.5343617064107152,0.4697902901033237,0.37141384513189246,0.771482672459857,0.958575050759719,0.32983257595386895,0.28875143219400473,0.3610393861581593,0.3054710246018496,0.3575864813484021,0.3540097173200317,0.32561074489786995,0.35368244868369275,0.35734017666891593,0.48578201052562303,0.31583152602581827,0.1678648681429382,0.25685617167600194,0.5448472342852758,0.3697084255001825,0.33162929607567554,0.3985300587102517,0.3411499967925473,0.2918789091422049,0.5548192239257754,0.29259252027358057,0.4920242861566813,0.20453132251440262,0.34505961229700044,0.5119818132731264,0.3196468584774244,0.32694378787831574,0.49906990813118335,0.38615714306924503,0.360440192897913,0.37963030230956596,0.5338592946632449,0.5476290259694552,0.4621942286499811,0.37098806811140594,0.35671998834417007,0.327053672190491,0.5077620899648077,0.38236936551229456,0.5627208431463705,0.5502565341806732,0.22699204150438973,0.4083801574122492,0.3054540120872869,0.2798083600797988,0.49115987188515164,0.2758395560116025,0.2160771659513396,0.23157709408976132,0.3529406624264684,0.3335704268228932,0.19529797517940684,0.3177152074738586,0.23853489555415477,0.2784443255645091,0.6592979206854482,0.21861798150520423,0.25090303211118264,0.49904021995642933,0.4318486197722565,0.3171687058685406
GLDM,0.23637393320392042,0.11889200784301383,0.15873448070595778,0.13108662093433396,0.20417444041391936,0.1216498141816006,0.3649698756416672,0.4197435193286882,0.3614625716955374,0.14981444067389876,0.11119226422050771,0.3729682247750259,0.2964261463843588,0.1097706506216502,0.17809114354035024,0.2330575199615221,0.29804017558461754,0.28059008250542095,0.22222260084802184,0.10528241993688232,0.1371704751347772,0.14766272355925314,0.15590732104032362,0.14344321402565302,0.35448108927445193,0.29638664265088294,0.42715051193018583,0.30129395659193275,0.3805257664059245,0.3425377088535349,0.3040206415387467,0.31688924895193255,0.1907395827681781,0.15734411154202257,0.36573692462172896,0.2672354797461133,0.3202006511650836,0.3469479304871679,0.14756967522264225,0.36390229236876803,0.2781323784401583,0.2559968920721006,0.25901031288131543,0.2495652492186566,0.2831455168541828,0.26267485920422284,0.23218265854670836,0.2548859368786293,0.24941280528872325,0.2618913922130299,0.28256550315488815,0.3192537541930981,0.3033597108142855,0.3396220283404173,0.5067758721236164,0.09325600371858515,0.2553862661419726,0.14223013407183926,0.38030820545277827,0.3606673230270438,0.35225507509849324,0.10329407279308962,0.8089765483266194,0.7992824324702127,1.0,0.4301192303297216,0.28088271760797445,0.3184899436730193,0.14034396594294601,0.1429851838949163,0.2149239135211636,0.15032155976817724,0.2910477707551188,0.2212207931347472,0.09400824252576685,0.12940238926923936,0.15628281286284568,0.1635347976011073,0.17205801065061496,0.12416865216294308,0.18215698019447363,0.08003563482400264,0.16414428704404188,0.14591418520099098,-0.0028290252521101546,0.08566332994986378,-0.021022299768200126,0.21342303850318037,0.16735933110381115,0.2690767340296176,0.2700873905149421,0.22404042761154233,0.14270721529564329,0.11121022943169778,0.14686830765492323,0.16329657764310032,0.15754927914435188,0.2255684581135466,0.16068346418223817,0.12816594377370147,0.4659784670723737,0.08498529826191681,0.20464525925137766,0.1786124347761027,0.1421393492797847,0.15349509586220927,0.14214815093953628,0.17049444777957057,0.1459547208518824,0.1355307329396726,0.15743730538777245,0.32061878042650904,0.3441679979448774,0.28925615177328734,0.21385384915554523,0.7844646181451173,0.751684436824613,0.16545409632400981,0.13468700820793517,0.1470528983694903,0.12854058345510289,0.14424692315314575,0.33064075655977404,0.270638264685517,0.22430123260978568,0.1623254115529953,0.37789808792071045,0.11652592815379424,0.08457347836934556,0.14492139079719868,0.38516564188567015,0.21558068716131892,0.13930028747243625,0.1774099595479791,0.12577166851245097,0.23361738999369366,0.35244681969838004,0.3192975143768375,0.29005675551951693,0.21878207135598352,0.13909948612977693,0.30255967472149137,0.30399678983580725,0.1629587874664092,0.34382579290729454,0.16573483988816123,0.15484942974536486,0.15976099350862447,0.36803024937912715,0.34954991619056375,0.23893391222580193,0.15124235498856547,0.1562106055823963,0.12696873293813607,0.3350111453646204,0.2650397955436564,0.3612283751686796,0.3573467961017821,0.04660941123383658,0.2426955106305668,0.13206011061746492,0.12266490904119737,0.27868161906621847,0.09883820267525072,0.12047516091461362,0.038922997331211344,0.16155169451987691,0.1453984862229946,0.08551385023264747,0.21092803031752538,0.10355750846261069,0.08418411223568131,0.44692640553483065,0.10549029149499506,0.07533616870480433,0.32623108395891537,0.2188915434086919,0.13061713968974864
GNR,0.5148357149807147,0.44121092939435114,0.41029718702231144,0.43467750108185815,0.5313444397856237,0.42397618864754255,0.7872566769062792,0.8059338009447405,0.6703950920933236,0.6948126039636477,0.7101500326173766,0.8285101305965908,0.5923926969506726,0.4998608208726104,0.47282029853045376,0.13390401907424784,0.13133139711409145,0.07183682769078062,0.5749442337469206,0.42664337840333644,0.6312975364543965,0.6740406850455851,0.6824872897816854,0.5865464487232184,0.7243917128005078,0.13613755222754703,0.5312580199208152,0.5927733673668195,0.6163571762685714,0.6236267109614761,0.6475419901277234,0.7782061581023032,0.3969120304190046,0.4760857916617021,0.637599849124601,0.6138051176762237,0.7276002802811201,0.6404598546096659,0.6206494563121179,0.7834188012982196,0.6456615242472156,0.6188200039350066,0.5346972765174339,0.6525346727777935,0.5682835436740195,0.48369410793206674,0.6149413575962845,0.6074587111894023,0.6410899037604599,0.6039392493393716,0.5618941864611796,0.7618554124815743,0.5673573587806877,0.5058913647658065,0.6521203666056485,0.43988086687267397,0.6517106782473271,0.6757602754576872,0.7551362924694429,0.7266420264815487,0.8008655901367014,0.5594060008108394,0.5965244567923419,0.6146764187361455,0.4301192303297216,1.0,0.03714456855187276,0.7458130470941957,0.6179115760421855,0.6497240225528006,0.19816800434290013,0.4436718666860916,0.5331355052449015,0.5547465296903135,0.3997002885346615,0.4260057976418703,0.420129231030919,0.7947511582752614,0.5086785406826942,0.6023050167772066,0.5278612671937299,0.4652196478429556,0.612171245058123,0.6252866029607713,0.5074352363804912,0.5775374450736542,0.45967779950887866,0.613386463828889,0.42435190961094826,0.6112958919202378,0.24790257772857688,0.47527448586341275,0.5956606302429642,0.6299208833326938,0.6063409274617325,0.7516791938260333,0.660850455608726,0.5453714482797514,0.45415274157832125,0.5540563741904048,0.8783980371018182,0.6602204350571124,0.55607351620381,0.6038804293666685,0.5135957104600967,0.5032637093994682,0.5152668724873016,0.5479069048965739,0.6907929252171076,0.607695134876181,0.6512140566258274,0.1896614805174014,0.7131340657827017,0.7731590104292725,0.5384384474910435,0.5082978256817308,0.6091167257866561,0.4862002455744129,0.35992174024921936,0.6237875818851153,0.6746067951818562,0.5992611560242921,0.21444792471499438,0.23908191351004238,0.4851615642023195,0.5680367231258858,0.5253114812953172,0.5105858162406316,0.2320627103991864,0.2957131645919855,0.5677496263587745,0.5162607313832895,0.5488831940879637,0.6080843181843845,0.6924321941400642,0.23313694814215574,0.7528805403345428,0.037632184681789,0.7026054984744634,0.031851820214659717,0.6267386446414543,0.6821547015123359,0.1538557155179603,0.5112173306497869,0.6353810301661482,0.6758240993960283,0.7144626863000023,0.5891249383115892,0.6782577552700874,0.7056725211853218,0.7105773368632822,0.6352262362875178,0.7147455189029647,0.5063649559168001,0.6661781570572454,0.43409457519846056,0.7582184792059392,0.8165306120348241,0.363849482438546,0.5480674437593295,0.3844933631735188,0.4748670354761764,0.7879579921714381,0.45937632027090397,0.7383695125708977,0.5763137715716544,0.6413315910322751,0.49441195608109256,0.36093012473621033,0.3974613433806725,0.4163017210669369,0.5029469738090766,0.8088760722129087,0.7138958520086695,0.4998828163376563,0.6274572004491974,0.6232084735724168,0.5728583920235691
GOVT,0.4750847382406726,0.10372047098795066,0.18085465787340513,0.12249363696914087,0.09470644486438912,0.08761293321077566,0.174078875610748,0.1611613227512483,0.14003986039715097,0.06849632350342803,0.045308544444852106,0.1378930055263426,0.1677326146242208,0.08975318322257253,0.04978774345339138,0.8916697270973917,0.9365702542702565,0.7773240179191725,0.11522967196198276,0.08045050009301175,0.0950666898090138,0.16346754872122005,0.07764898850570703,0.09409851935606997,0.1369080102154147,0.9310466574698598,0.5146260534186461,0.14378087954741492,0.1870032082538386,0.3093353085886798,0.2030611816436381,0.14763288935126317,0.1234175684363299,0.11277260822737874,0.1396897327997013,0.11863229202034284,0.1873965151457996,0.1383262865758588,0.09415736962007973,0.20197434106402837,0.1611269894208922,0.15420348040644627,0.09881036795373153,0.1130332364397332,0.25646172133305645,0.17685508748736697,0.12422395716970701,0.1447808472077742,0.14997566799650794,0.1501246901623814,0.10629066265018496,0.15293490018748768,0.1449823769165362,0.14447272708334039,0.21229255058943639,0.08880529563501756,0.13918575056199678,0.12022915622467864,0.2234524745937564,0.12139052580578528,0.15756635117003312,0.14998951303558505,0.25894512525395713,0.2501384962503721,0.28088271760797445,0.03714456855187276,1.0,0.18099728523195457,0.09323597191915396,0.0047940662158487465,0.6108403969693799,0.1925731906880571,0.20059074462252052,0.1093555129576655,0.0854157335635123,0.1645847852505282,0.069423351159922,-0.1086033242032949,0.06465971228414803,0.11419629623880019,0.05895894498766577,0.040559656497841205,0.07863901111721758,0.12053253891700151,-0.003842704023999338,0.08104770881048465,-0.013050985945379831,0.11668732411823753,0.043256994483763994,0.07898247518754248,0.8492690264137353,0.088904270911165,0.07646440506866707,-0.028681857102905214,0.17267618401063814,-0.12999608258828815,0.08199071679089431,0.10289922740143297,0.34268657952180753,0.20320809074996968,0.08628104059869354,0.07590254291949033,0.10972549946286474,0.12472680146207565,0.07603295039032983,0.07236019190210023,0.03451937744953859,0.2775785854257111,0.13456580875798016,0.04280560614359815,0.11927270048745016,0.7929841853693614,0.2166035139045979,0.1908908984956333,0.39338387245376494,0.16334159057063222,0.2099034396031085,0.0225159986092527,0.058095630906431495,0.08652444209743293,0.16236164058175534,0.09283793584717477,0.8077969342302496,0.855865129019616,0.15203601003771763,0.07009801307726893,0.19322552447200203,0.08093074470897227,-0.019829283995842568,0.03573747864010316,0.015172059123131538,0.429509564879427,0.17379573237609128,0.13634944597434848,0.10512573603408541,0.8221808373198648,0.18871357199177824,0.9323120948698735,0.17367408415676658,0.9119147133770641,0.12573451048864343,0.22846283241655208,0.891475044927211,0.31454538477272864,0.29868518414826256,0.13431191055173497,0.13040152650622622,0.12145880300225811,0.19224535650854352,0.19133705976486026,0.12889396237627518,0.09257203126020182,0.09325455398927937,0.07901736149079898,0.12889675830314729,0.6239892888590066,0.17685479963542564,0.16097679478106058,0.1161874072089012,0.08696826194645645,0.15839000500294084,0.28738328285355846,0.12998864333395072,0.08740158474775246,-0.12293968998374862,0.0029726953820391516,0.07815632262257287,0.05039736850941036,0.17174667617894662,0.26111947141643765,0.16615050105668272,0.11306727186187479,0.051321251999662566,-0.13236184217357608,0.12023636912999615,0.1368296227947353,0.15169793261879813,0.024278440859224246
GSIE,0.6935320358535175,0.6428198348333647,0.5797456906742762,0.6238696842893117,0.69046454329823,0.6128231011726715,0.9854649488893737,0.9374227857383228,0.7935337993161442,0.8241323058810339,0.719023890487043,0.8431021589114319,0.835615080974384,0.6243493273136036,0.6228657776060067,0.29688398797819354,0.3000617456746423,0.2389727271965305,0.8027281438617426,0.5832906078963733,0.7918305808686505,0.6495655990535731,0.7703499520041945,0.7936378473992003,0.7212429720123574,0.29911151171061756,0.6997223653043215,0.6059509383717155,0.774071774287996,0.8930748789453855,0.960087913806163,0.9609868385461443,0.48020945073090326,0.6388534555280452,0.788428970599265,0.7679445352461194,0.9894245771603839,0.781423619923816,0.8077091070556757,0.8776733283019945,0.8881826417488751,0.9202115873050558,0.5648676298682005,0.9011411501502928,0.8513426664674558,0.5944176789809121,0.8883289485755741,0.8561999584246823,0.9207917053013632,0.786607439682212,0.7068349059978478,0.9034591023103375,0.6451881201296717,0.6418810593971602,0.7200898437937573,0.6451686392653909,0.9419429025033478,0.7722724821003142,0.9557464240154347,0.7737611290502264,0.9666388704995547,0.7092247586332278,0.49458551637928283,0.524747490272907,0.3184899436730193,0.7458130470941957,0.18099728523195457,1.0,0.8060222979649737,0.8924799460907267,0.3308667674658742,0.6239867277842676,0.6137412847496648,0.6967572443535641,0.587305498346698,0.621807772907711,0.6272550357272382,0.4320415902921739,0.7249734635525159,0.751125275722471,0.6931328435162041,0.6719713942270127,0.7921762005313049,0.8077236817209664,0.5945636116314371,0.739480998098541,0.5687553095937584,0.763308518581503,0.44787497973670337,0.6267763608252621,0.4384310013051007,0.5297989008453297,0.7899955554454874,0.4264024492180677,0.7672164332894802,0.457197948095109,0.7491422750385016,0.6108402675165641,0.5900074034546454,0.7303542189233233,0.7608779770706171,0.7652638694294606,0.6389584454900039,0.7819677657631695,0.731534860720103,0.7000937299555295,0.6953754138081476,0.6559515517068307,0.8197288703202855,0.7214595575260244,0.774394828285224,0.23874934078204665,0.9569312913693342,0.7936573084805418,0.7248971296750606,0.3878069951466511,0.5095480518042151,0.6617099309121885,0.5351291267654433,0.8085809771358854,0.6833140481319595,0.8028719635331748,0.39142124293186564,0.42493565838248565,0.5312796406412155,0.7271976703244739,0.6222366498776759,0.7342601647261764,0.28946032640364877,0.41342181218495927,0.5578808496833446,0.7021780794675877,0.7009113144478538,0.766428966071346,0.7754067436726318,0.4158660001343935,0.9851250030992377,0.18232668768256788,0.971642145983301,0.17125661175995976,0.7984582071582784,0.9544582557053076,0.3134481513726861,0.6419643672321602,0.8276518193955059,0.8147788508191481,0.7872723870560623,0.7726858746909729,0.8832068408622137,0.9496914245135709,0.9102619519429516,0.8158738650264968,0.7911629693815322,0.733782538106845,0.7901403828100375,0.6356475002088172,0.9667922145173284,0.957759649039113,0.529914619118341,0.6580626477208484,0.5480251459623048,0.6565766236172239,0.7947888191124395,0.6623002264647336,0.364071818524203,0.715835544477329,0.7686849061402651,0.6951219575256653,0.46708859916161005,0.4375569232622052,0.5728714434988934,0.7090507730214402,0.6505605458562531,0.3716669144428148,0.6285167038927233,0.7822260885558953,0.831413259733878,0.7259063319363105
GSLC,0.7390679366353624,0.7817044618174462,0.6679958314764306,0.7703166233066092,0.8146280694295508,0.7750798550898012,0.7820260227437479,0.7327982245281304,0.684257501742786,0.9798515396235465,0.7961951158329647,0.7819514467298223,0.7020917163363517,0.6580125711537835,0.7272720776078235,0.24545914258858323,0.22807201443255648,0.19734219509986803,0.8598022532390075,0.7696970173357538,0.9237430175214588,0.6535631681116981,0.8766319295707263,0.9818698111299966,0.5565051820400466,0.2258366014620631,0.48114005442233376,0.4920328130237745,0.637972957473062,0.6354743756635585,0.8220310264144357,0.71079980895783,0.41275222384124055,0.6943207405188306,0.7048378553097642,0.6035539091011172,0.7961270614525796,0.6726865072197471,0.9953594346106992,0.7538871361845094,0.7165751850916411,0.7228934477639032,0.4332997010558655,0.685697162316009,0.641701217707117,0.5121468721769002,0.7886753337113054,0.6301897021054115,0.7005644860451932,0.668943088844483,0.6825454089353055,0.6690219374387975,0.5324721393816079,0.5628717113508886,0.5549163265217594,0.8531669736943307,0.7567322109834077,0.8576168371963347,0.7641369310667923,0.6301704316892058,0.753829551333625,0.8201244451133127,0.32549965572415707,0.3556017537468325,0.14034396594294601,0.6179115760421855,0.09323597191915396,0.8060222979649737,1.0,0.817470922276502,0.2733628123683481,0.6928024052615019,0.5690827403122152,0.788382050850193,0.8082728277492593,0.7147571009009758,0.5725562961431325,0.4005901049981569,0.8966787593176085,0.884151331080666,0.8681625182805005,0.6894650460706575,0.9623133206139358,0.9776416624312719,0.6668120167721282,0.8570919002349837,0.6353452617045077,0.8663578479203968,0.420144157524613,0.5658423834943968,0.39686766145407254,0.4066742233407601,0.9892267751439549,0.4701921455291244,0.895300322229641,0.45894521339437644,0.8453310993307122,0.6591826800986872,0.6089691803745911,0.8199635959677093,0.6195814101218083,0.883879995179072,0.7114507457463227,0.906319162056743,0.9422912641577547,0.8812185461803046,0.8671376790119761,0.6581078600852097,0.9297525460058121,0.8249361380999842,0.879002596025468,0.19505582514487496,0.7646309174571758,0.6687597683622621,0.7736135004587802,0.2521984408820649,0.36608288228393326,0.8058915545142267,0.49633385773344,0.9951116753359435,0.7082396010988891,0.9931644580850784,0.3165310517158665,0.38355833271181883,0.5133982249736757,0.8929439972374184,0.5047550004784546,0.9541164517366425,0.26898567643475174,0.4016345910831956,0.5371020854176942,0.7509631570691649,0.8415317358419288,0.8995807312383571,0.858671785483877,0.38399720413999694,0.8052032961026867,0.09301414482768558,0.7581449905270691,0.10692929956870345,0.9446056214514196,0.8001851853239155,0.22661458813614524,0.6780383605405691,0.6258932422505787,0.9406625711736922,0.8615667482717834,0.9340306088814746,0.7423563763340272,0.790694698023651,0.9659003597228519,0.9946936262264136,0.8788735236015367,0.9527187497792551,0.6762129764777055,0.5850489017497372,0.7983773464856958,0.7306042080450582,0.7119374293155006,0.7336276307711911,0.6246907081815083,0.713242162768254,0.7873715359426795,0.834152994984025,0.3862583812616248,0.8131216100960127,0.8644190174539275,0.9069232925264662,0.49331730456043316,0.45251113646970365,0.6402089231322726,0.8812545543471384,0.6368558568056841,0.4309480097750593,0.750850648624659,0.6834074777434563,0.908175599119272,0.8720737355427982
HEFA,0.6096429113514484,0.6256894267866249,0.5540303568366001,0.6132007037677287,0.6900353560346921,0.6051974145491629,0.8752709606502018,0.8142552021911748,0.7355703568727762,0.8347034011179769,0.7197350246938563,0.7379902602762005,0.795095169145741,0.6092723152460534,0.6081026276465158,0.1595386727813921,0.12420006118839444,0.12311802529614445,0.7850123163934373,0.5836919554778345,0.8001309789883305,0.5956283646869994,0.7623466960180243,0.8034681314482273,0.63441605527252,0.12151295627593772,0.46383347632694344,0.5111332685342713,0.6880231180479232,0.7233815579677026,0.8894359835117643,0.8512179460685296,0.4069009442063088,0.6172418400523128,0.7347950772389679,0.6640547078079215,0.8963639483613147,0.7207773037231618,0.8196968052046024,0.7552553189227703,0.7921854979706481,0.8246918854987149,0.5157520334639046,0.8095701006653134,0.7346257469123536,0.4800914229634811,0.8348132439765124,0.7463787709281268,0.823382686838758,0.7078514616006655,0.6815592717644722,0.7932928085017447,0.5809988545342355,0.5856485078663922,0.5904553654745106,0.6553571183414929,0.8612632412254922,0.7639910661804609,0.8238982470511643,0.7039226512800877,0.867287365400659,0.684896693275804,0.3236600219538211,0.35406403653761626,0.1429851838949163,0.6497240225528006,0.0047940662158487465,0.8924799460907267,0.817470922276502,1.0,0.2146995770010144,0.6056826670794436,0.5397995208345174,0.6930673173263159,0.5906804868424717,0.5808376475467186,0.5977063627905308,0.40162175496812924,0.7479820271187091,0.7587612011192177,0.7137361463279126,0.6853555041923842,0.8082376639077835,0.8108902787232584,0.6116239494987514,0.7461631002340495,0.5770346757264939,0.753095680588796,0.4251758418259916,0.5748197116347311,0.292907328488886,0.47356513301377823,0.8063308821554233,0.4194064188033527,0.7432429592524631,0.4487204568062711,0.7578745938422342,0.5877426516049302,0.5430671443785123,0.704753278562992,0.6691579943662523,0.7650642688833987,0.6241254869316994,0.77466514776295,0.7536051603926088,0.7229982888591862,0.7264309254214758,0.6043590280178001,0.8053759589325802,0.7456768090043152,0.7711080008396273,0.07809582291317345,0.8320651896300643,0.7017960075022583,0.6541156034723938,0.26369954878401136,0.3627433279154737,0.7004056550352532,0.5113218167361447,0.8213062764996156,0.6327469508856984,0.813656620274214,0.20366208947457484,0.2771504922652416,0.4847564426953376,0.7426806731710085,0.5197385326179943,0.7498746099874061,0.2801112894854101,0.40958031485671187,0.5096561419091236,0.6196105688754343,0.6725810758213712,0.7627178922492694,0.7708422482091127,0.2896939757553272,0.8890810549317526,-0.01879127653486015,0.868315703579085,0.03553083670482519,0.793836125455986,0.8584836598921171,0.13345469669159724,0.5709656576938251,0.6861894419397176,0.8020747554379098,0.7625691356984309,0.7719330945188032,0.8142606810455525,0.8620811398737486,0.8824396055560486,0.8258743667280687,0.7833662546136196,0.7516823835500434,0.7270758996287249,0.5159039772646046,0.8760308172328927,0.8426687360658103,0.5207278542640172,0.6558605329677747,0.5282730610132428,0.6230531564345456,0.7505269164953843,0.6621943722278135,0.35680191597700434,0.7258690855764941,0.7791379367710357,0.7265860417262296,0.4030658125908713,0.37528007909299715,0.5512972729635492,0.7135128311628879,0.5968625255837485,0.3734715867145847,0.6249673623358245,0.7250473780278779,0.8119153245256373,0.7543245924918027
HYD,0.5678528121022113,0.23838605679774208,0.2703966262092196,0.24901253338205387,0.24036305289341936,0.23035014659173544,0.3266548404455241,0.30606494015736274,0.28297168811291235,0.26253661672090217,0.21587188615946015,0.28494688104485194,0.26850957714557794,0.39732823604919143,0.2013973811978149,0.6554273239455807,0.6630391468782528,0.567632261136378,0.29779581437802527,0.23261186366096073,0.2524211700123926,0.2703836665246491,0.22767445502692607,0.27586396637116645,0.2604621336445169,0.6609238057078166,0.4829717909919969,0.24684803559151272,0.29924056703712454,0.38102437577244885,0.3431724413732698,0.2959635990402067,0.16845941318997806,0.2693092818341547,0.2664519754622294,0.26049595634548006,0.3334513511754411,0.2833528020301701,0.2761532340903063,0.3246527971865716,0.3025000522267072,0.30378652577606996,0.21236381933066312,0.2852339407287221,0.3478260661844094,0.2534871939871943,0.2834593676549748,0.28875895441137833,0.297408089540874,0.29107192340950216,0.25222146504216675,0.29823265479084077,0.25195201585277727,0.2321595397525316,0.2736026403650144,0.24075142327638807,0.29964157519110707,0.27549238540394294,0.36253578858888436,0.2592024532070167,0.3099687754772051,0.26145472343118564,0.2395828796782513,0.24458505551143078,0.2149239135211636,0.19816800434290013,0.6108403969693799,0.3308667674658742,0.2733628123683481,0.2146995770010144,1.0,0.26203690197804286,0.3007625112540754,0.2912890418736504,0.24842547344291369,0.23954495042549273,0.1971695131809625,0.06235339123303997,0.2410409086953288,0.2628574074506677,0.22928050395772986,0.2030670942532957,0.26419241065142696,0.2902713520961999,0.1520887735410261,0.2478556393760988,0.15300471023917137,0.2764703417593982,0.10920092059517425,0.22100942322974618,0.6638606656417104,0.21317915485935535,0.2600081602214462,0.12842067136455496,0.3079389808601368,0.04424248631572897,0.229430796778432,0.24568933166424237,0.46841516122495525,0.31148539062093833,0.21347103693824016,0.25143231249597525,0.26236287884020826,0.29853757260195884,0.25216652817257085,0.2510174193539001,0.2159916651739382,0.3977112635965375,0.30462858843961127,0.21006247174197837,0.2777301564794671,0.5306442745222434,0.3599714930907911,0.31632274790028064,0.5207308753733967,0.13810694566227716,0.22033783896571177,0.20020055185431868,0.14727594403875754,0.2683502101034352,0.28875940837852543,0.268668405066289,0.6044879468398088,0.6593387234033794,0.25360075662627435,0.2470630732400878,0.2517226866978344,0.2534687026624151,0.03494863251064616,0.0992747429743587,0.1516321865717675,0.5519514694468943,0.2848034548355414,0.2893667911862932,0.27093723696828675,0.6452536009341827,0.3359470732854365,0.6063664167520022,0.3275086588830239,0.6201533333665186,0.2747141131980121,0.36036357924392315,0.6383694600223396,0.3980253758626394,0.39759164400561287,0.31018600242499234,0.29390857652412755,0.2935881074913739,0.3052334549101873,0.3375297692654949,0.3121271108158646,0.2771369865234139,0.2540580289874856,0.25929131832116514,0.2886703428105149,0.5907737321873124,0.3344105719124752,0.306200951217154,0.2459653226182977,0.21980338669757418,0.2536344665868571,0.3546943396762113,0.26004105359263563,0.23829568270124535,0.03360503559603568,0.18628824858962142,0.23260367447295296,0.22971213136581303,0.21573417983018847,0.2889338025906482,0.2180996984482029,0.2773957944170344,0.1639757417857243,0.03484374637312468,0.2510689994648952,0.2884948853063921,0.320806117665643,0.20464942650168902
IBB,0.6193487107079916,0.6197465966502986,0.8015747729343992,0.6815829665099579,0.6217823508399688,0.6035189794677028,0.6021607610442513,0.5505169691088936,0.5263306758508198,0.693206816787536,0.5988378720835811,0.5665646982261126,0.5247597945021153,0.4814761601893097,0.5548786959682891,0.2938137022599903,0.29133552642866306,0.24176529220186171,0.617675481580806,0.549483594258904,0.6849138970386454,0.5322071575381326,0.6288594284115622,0.6755173699958239,0.4357733445927321,0.28680445480405986,0.4290229799389121,0.39759661029272786,0.5112807541706402,0.5693881789441557,0.6475098536147474,0.557687532785053,0.33171290045428287,0.5099749626884895,0.5079381520627845,0.44853242296668533,0.6256915621608033,0.5234992731116025,0.692042727130328,0.5651139981806215,0.5647099410804782,0.5417114250820526,0.36892114361070055,0.5191992376569671,0.5938003555822505,0.38128838499987966,0.5747620156147163,0.5104515561561092,0.5515283204936317,0.5451279198026833,0.46508301790903483,0.540425512790787,0.4101832983577054,0.4061071058747523,0.460792954516947,0.60701262139526,0.5704870958228223,0.6710522714814396,0.5902444142573284,0.47964184948308414,0.5693537310742771,0.6621867606259056,0.3018020460226485,0.3178827409504579,0.15032155976817724,0.4436718666860916,0.1925731906880571,0.6239867277842676,0.6928024052615019,0.6056826670794436,0.26203690197804286,1.0,0.5214540616102851,0.6287293837009241,0.5578010955316923,0.6493681826254906,0.4563724986669503,0.2270958731762578,0.564185142752618,0.6656196835582219,0.5436541022925552,0.5411822081284671,0.6782550052615735,0.7072921353716374,0.49016044184826235,0.6301455541338179,0.46630715803159695,0.7056014587678402,0.28775461287332116,0.47798657554738866,0.4030680580116135,0.3742972647694043,0.6699043857989765,0.3070375945188932,0.7186846363192234,0.28645275215706084,0.5950312955900992,0.5867997112940369,0.4971558383096965,0.657556137735277,0.45048399568923747,0.6496639869785557,0.5935445525409361,0.7696473016720238,0.6262680291823759,0.603517742615347,0.5917782477587786,0.5599025741605469,0.7170928267486468,0.6601322055647467,0.7295976907409929,0.20773463996370653,0.6061941021342259,0.5580347817224455,0.6290938135959919,0.21148463718105098,0.31760913620499165,0.507543769573177,0.4142285751492351,0.6838853810428898,0.5705325599608172,0.6872329599462639,0.3409347754037767,0.39814393205192994,0.4948759007184868,0.5876834962603292,0.39467764942177835,0.6284646471481733,0.17483805300811875,0.29022524446149633,0.3799428347769924,0.6190152434702717,0.6785687726230728,0.7569552467674228,0.6714153198832832,0.3886628493098103,0.6197720485937752,0.1946851144944934,0.6052382867014907,0.18973110032732304,0.6929601726331961,0.6709362694807959,0.28029378193374194,0.5951714152589026,0.550359123385366,0.7209907059658263,0.6634114185121122,0.7115483720155406,0.5518677172339013,0.6212814167178269,0.700573526081818,0.7050250305556973,0.6717305923707825,0.6332296230076719,0.5366825302684504,0.4979678522783761,0.6206370451712213,0.5644605418433247,0.5725884580974085,0.5647348702077459,0.9098243394937127,0.5929464146196257,0.5959016713333739,0.585644019025637,0.21634320897539747,0.5638873223593149,0.6156836332233191,0.5675263713061351,0.4005348016734859,0.3631738898261451,0.7485513837911689,0.61879885629124,0.4603680353569602,0.2619561393990844,0.6176648779563807,0.5317084040591861,0.7319295480965686,0.5971737394373225
ICLN,0.5498139719046522,0.5509970261001313,0.5769372545238483,0.5873460614622477,0.6340692586829821,0.5601473930132429,0.6298862081017657,0.6197911133744329,0.6355019717629289,0.5978582418889459,0.5175485605872214,0.5972884495210132,0.5035240142080956,0.4244144605909019,0.5340233069867787,0.2888064795598877,0.30290487846241254,0.2607348785141609,0.6222840326590249,0.4828580901606961,0.5068227890018056,0.44965496164710606,0.4655923751275941,0.5771688860006535,0.5166754998205921,0.30288630816397466,0.4825597338621957,0.4937672232224296,0.6011611519653174,0.5236920498357297,0.6316741476548009,0.5579974422493164,0.3235954607966723,0.5220265726201541,0.619174884643172,0.4907063913281705,0.6180199150446275,0.6216598435319058,0.585310032770121,0.5821803685246871,0.5871112378260517,0.5521290075285852,0.4354408332761971,0.5503346029539924,0.4993286497831704,0.41887413092674575,0.6155569988070452,0.5627318184559006,0.53775639562347,0.51811568142998,0.5596018239138487,0.5268859053075902,0.47186235085148265,0.5350830997953003,0.5345720800043847,0.5139471025760044,0.5767929857304719,0.5897808537022535,0.6420447900409897,0.5693742154575369,0.6047863708272015,0.4148424592554558,0.4142527934772341,0.4369899428850508,0.2910477707551188,0.5331355052449015,0.20059074462252052,0.6137412847496648,0.5690827403122152,0.5397995208345174,0.3007625112540754,0.5214540616102851,1.0,0.6773419320058724,0.44669154557633756,0.377637076760625,0.4308854591111359,0.2816842375124824,0.5695022754632297,0.47469569256558236,0.5014358753383369,0.4645222681578209,0.6023367580412757,0.5718635013623529,0.37048524119446097,0.499134816909954,0.24936916354752048,0.7184479643529437,0.33347177113217036,0.6157615290308992,0.38612241591771557,0.43448027952454826,0.5631295700159452,0.31320579347140554,0.5506790570674409,0.3308442030154073,0.5591332204081434,0.8293858974058351,0.5039695630760744,0.5269317270157372,0.5603398900488448,0.49510049065157824,0.8625611888126364,0.6801740925084085,0.571275448291016,0.5815055623253989,0.5067968687213609,0.5231989917767111,0.585918237301708,0.5475491927125601,0.6394541440330489,0.2732896035236471,0.6399366852974471,0.5655641243595346,0.5405959054883905,0.3352184400345038,0.4364165882164727,0.547403321359389,0.4028520672419775,0.5762812814456099,0.45995026223446295,0.5714253727982358,0.3430528055726488,0.3810753554422957,0.9160616175522559,0.563128432134304,0.44210334890638797,0.5299557694599156,0.21035471564335267,0.2887577031563452,0.5339677288971798,0.5461360293127603,0.44796163987420157,0.6701832872479939,0.5660168682849304,0.36359560887882714,0.6431368024568918,0.219002265025723,0.6025010653155916,0.2008550625441504,0.5298517921193965,0.5957380758712232,0.30718581484378843,0.5015507744919495,0.5877539391828527,0.6275571368812178,0.5538261638409108,0.6363479759239399,0.598829796367948,0.6568076944638792,0.6460001613762936,0.5966324781453655,0.518288136183571,0.5560429866154794,0.6159252666691977,0.49618687005312306,0.6618070489924275,0.5908011061885917,0.458588235103077,0.5463675401643178,0.5213911595891945,0.5058652857094699,0.5540183041727639,0.44253812490280386,0.24161590014891907,0.39239526410249287,0.5488947628325779,0.5492623597679542,0.218377549578326,0.41422330259219325,0.3242190308662961,0.5416660579836289,0.5428658920176556,0.29108666570676467,0.5150944982600669,0.6240198522726274,0.7050219109365052,0.47374029936251305
ICVT,0.6375441950133172,0.8038174497582735,0.7135464304661934,0.8095342406076002,0.8442379163142958,0.8111601851436793,0.6998015571040754,0.6724320682848002,0.7325849882239578,0.8059842975471586,0.6796317902616529,0.6750517961587743,0.6252694441730156,0.5878764875242174,0.7848557264983984,0.23136074051182556,0.2211212077640519,0.19746195085545165,0.8134498210172569,0.7175283790178845,0.6967294129682164,0.4639689678409075,0.6247031561472259,0.7960773337310594,0.5338402665044081,0.21841638153929321,0.4728981468285954,0.49082871321148963,0.6898995991789972,0.5234486628420754,0.7452210576953107,0.6064580925593003,0.35657273919162263,0.6630447981417646,0.7366976632843035,0.5311337929123389,0.7038875450392615,0.7291612865454647,0.802428610730685,0.6649651051016429,0.6366950782656041,0.6323290179286429,0.45953817061243146,0.5840026496599665,0.5303872486126859,0.4560130365644575,0.740244947842162,0.5417168459916181,0.6038558168161203,0.6285592319474937,0.6755404583841855,0.5672176134161228,0.5072038563589679,0.6437667412242631,0.5647932475999526,0.7749235088749707,0.6617814310170128,0.7516312476465236,0.698980696067878,0.6308921121310094,0.6755761813058574,0.51855223803187,0.37559900653970446,0.4089567814348767,0.2212207931347472,0.5547465296903135,0.1093555129576655,0.6967572443535641,0.788382050850193,0.6930673173263159,0.2912890418736504,0.6287293837009241,0.6773419320058724,1.0,0.710623413031674,0.5173009101062203,0.4931286704848331,0.2948335484585135,0.7924431829428955,0.6175715463527771,0.7147996912585577,0.644826614137171,0.8443571376502587,0.7793298220299179,0.5376439051198176,0.7246403393188174,0.397355311853398,0.8924957171447591,0.3566807138245399,0.6277097980360024,0.354502914726937,0.4853879508050056,0.7867979269440212,0.3664341567280794,0.6996898763699257,0.3883921844971796,0.7242246603576636,0.7845559503434609,0.575468716189877,0.6299370930193972,0.6224590519271032,0.6812273191139364,0.8140682204449565,0.8797168946793897,0.8061731063563632,0.8294401833908958,0.7196900584741235,0.5446854955182868,0.7424042202272932,0.7300736347437641,0.8294482067026767,0.18077467636813155,0.6941081805770016,0.5954357070573735,0.6607527361655133,0.30890539718431337,0.42514552718647025,0.747022034823741,0.4482918184477556,0.7894175295580036,0.493748155934918,0.7875370765646664,0.2846284631451139,0.34124204388905016,0.6143412766888233,0.7580807316457551,0.4870660969620975,0.7697924546262713,0.24925664092900737,0.37900458760656364,0.6146792117581488,0.6489170539914803,0.5621187542194811,0.8772419557709579,0.7224709814168297,0.336122816350221,0.7327510025056195,0.10800133828412856,0.661264573475203,0.1205761466508133,0.694370434550402,0.6793265142987581,0.22487319214994228,0.5144236491581599,0.5777508098127998,0.8101366686375431,0.6702781249557415,0.864546186615881,0.7192702646184769,0.7583308384708219,0.8280280164751838,0.8139559846626159,0.6582678551743194,0.7936985102809097,0.7052516551005761,0.5325452318586286,0.7526743921178652,0.6335188949214158,0.6838191966679398,0.7138511562924301,0.6368116160303239,0.5944146375304359,0.6379067036439209,0.6490037668906732,0.26874542572588717,0.5893991942272971,0.7117271220453467,0.7843859049164296,0.21129972376246456,0.30335580710633714,0.40351509280063547,0.7355307880369655,0.6570316776048905,0.3393301416772698,0.655524334585921,0.7405889940879875,0.8531708701713429,0.6675663931722285
IGV,0.6023418866436527,0.8283981153820942,0.6451860769611742,0.7853276546290308,0.7457208064252229,0.8217253966560866,0.5577375055405221,0.5202111167410939,0.5237903878217826,0.7584956525292935,0.5701678583041574,0.5929094324918627,0.5183592202766986,0.5489157805141001,0.6832240253398586,0.20488130447102612,0.19330214820977068,0.15971117529033477,0.7647213051925583,0.903471747106232,0.6837230571273152,0.3833206540557633,0.6048244044136586,0.8229485648234338,0.3852829331973741,0.1860670399456444,0.3565732664091851,0.3323456518127808,0.48197941292309043,0.44872729320477167,0.6379176993007497,0.46297009872611067,0.3138167237531608,0.585741831513127,0.5268696062840047,0.4344802995632919,0.5794476871598127,0.5208704242723134,0.8193141688145329,0.5513851226879635,0.545656980561184,0.5557989898341179,0.3042927863292192,0.48082897742943786,0.44455542776093787,0.37709000931503506,0.6119250304940569,0.4288658921037724,0.5004035358686314,0.5394162300100527,0.550995789442523,0.43612980789115957,0.37264550101145444,0.42140149279978334,0.40543708923080196,0.8980352680708141,0.5593366385374097,0.6437345367449968,0.5580648436359091,0.4603215136959264,0.5163607601677858,0.5643129366992807,0.2394643040713823,0.2768506749392838,0.09400824252576685,0.3997002885346615,0.0854157335635123,0.587305498346698,0.8082728277492593,0.5906804868424717,0.24842547344291369,0.5578010955316923,0.44669154557633756,0.710623413031674,1.0,0.5747470539884457,0.4286644898841434,0.2328993948660313,0.7941813360885077,0.6235709940202885,0.7243409629081162,0.5196642009451293,0.7988430212869659,0.8057075290933291,0.4654528284913548,0.7258208393871239,0.44007036037895697,0.7583723780192168,0.3072777027031323,0.45481656514132285,0.32733858649153513,0.3440062266478413,0.8148884445575332,0.3301415965327776,0.758513601459061,0.27671891459656905,0.5799661268883552,0.5755797020277861,0.4937020868231464,0.6108447179126024,0.4205580133208311,0.6489506767230092,0.58846998806798,0.8026611863088653,0.8310739119848309,0.8527732891658609,0.7281758951935375,0.4785128729983204,0.6965883981350596,0.6521774980575606,0.6987406719274719,0.16296707036840624,0.5734291865261881,0.47321991082720327,0.6398723459240279,0.1904001533419607,0.28198394869673415,0.6661542710019982,0.36972151553370614,0.8031860277471041,0.424278475132395,0.8076602015970378,0.2596067141570458,0.3153471642811655,0.42725057212219375,0.7640009157347817,0.38340388684086724,0.8471735565500856,0.1854500294010612,0.2825078127463582,0.4578399411092707,0.6246609096169276,0.643851442430469,0.7909447669423014,0.6217549666414177,0.31531882206504813,0.5863933187531453,0.08673967817255548,0.5458904527310313,0.09538279003396964,0.6949477520288435,0.6216801781460015,0.19473479855887682,0.4768910640073557,0.4417198096589822,0.7557184592865906,0.5868192358733149,0.8387529862771557,0.541189852644616,0.595344728927523,0.7660237989832792,0.8133212309831267,0.5713151477304395,0.8611962083527933,0.5306109535623462,0.4686430519296062,0.590562143392798,0.48657713730282576,0.9108386605998025,0.5818431015224174,0.5521941625038892,0.5055233832560235,0.5246532137705459,0.7320426706083778,0.22452587267042004,0.5973080178233898,0.5827370113867832,0.8200978386465417,0.22048782247723056,0.2083140465154201,0.41601101470697766,0.74563492055954,0.46047477306641,0.30824973029733144,0.6044214886882202,0.5379837958868228,0.8033390025206122,0.6790064040470507
IHI,0.5910880843005457,0.5800214742393557,0.5769384469973294,0.5658402762703763,0.5403321268200761,0.549566761390979,0.5905016725053917,0.5448992951167057,0.434861674938569,0.6910244764652504,0.5719676990405922,0.589255215938161,0.49770667747347513,0.4909985423421202,0.48205633065000997,0.2661114761748115,0.2581984387589519,0.199475552978585,0.6146361278248886,0.5321728875562389,0.6930301303355949,0.5757368812810935,0.6818028409166282,0.6862333947703854,0.38897628765944764,0.2588390836637573,0.4046022463549121,0.36721374661799183,0.43530858517934273,0.5864991543598281,0.6301578634299302,0.5542666290756187,0.3337163614101822,0.49620640251503534,0.42666787019331265,0.4340104174967989,0.6103713693013547,0.4326609158077858,0.7046960917687145,0.5755761176592434,0.5644214340595936,0.5631288698394612,0.31917496887603003,0.5299610888807224,0.5939256820876584,0.3942472495528127,0.5609641690608811,0.5067777877157709,0.554906035725863,0.5328571072083162,0.3973907576541525,0.5506291044290997,0.375998152833344,0.32151871571409185,0.43613772407728324,0.6036634228701795,0.5764543359569709,0.6464873277348383,0.5871480848442131,0.4132547669349769,0.5509386609134581,0.7558447043845802,0.2773573362631212,0.2892221615868574,0.12940238926923936,0.4260057976418703,0.1645847852505282,0.621807772907711,0.7147571009009758,0.5808376475467186,0.23954495042549273,0.6493681826254906,0.377637076760625,0.5173009101062203,0.5747470539884457,1.0,0.4274256905892454,0.24827471243154534,0.5281680095950996,0.7289528477060943,0.5456569600534564,0.5167714910629612,0.6612023584733794,0.725757714688413,0.4958306615657707,0.6477832700054732,0.5554996828477552,0.6094764865952087,0.2989605246764855,0.36076520618362495,0.37550777106376426,0.30705753302917393,0.683019094763749,0.342695375320991,0.7470406775001659,0.26354691413355397,0.5871009908865659,0.422418453780402,0.4807689881425449,0.7117575098512002,0.41583243712891504,0.6923656469641333,0.4435922112615842,0.6840570285143499,0.605431414053317,0.566010767335553,0.5855218784462944,0.5483154787923029,0.7526876166360341,0.6055985533655042,0.6457615451765027,0.21191723866527126,0.593573334906574,0.5247670187219986,0.6128119656126234,0.16491850597135993,0.2888210870258399,0.4567400020820931,0.37880776996427823,0.7017221103371292,0.6251029352700261,0.7057490759374928,0.32150160659356836,0.370240894923736,0.3510038323202478,0.5701526232658807,0.3723594749847497,0.6439093150376529,0.1618872854178603,0.2729749380415825,0.33120792437365315,0.6029980449540615,0.7447236065393148,0.6760530473200607,0.6596320114173331,0.3608328940839591,0.6007610500163341,0.164700629003764,0.6016956044845679,0.16416143479668424,0.7465141755397716,0.6609243136396314,0.24827861676724278,0.6543685744448748,0.5283098162962945,0.7389907809173417,0.7050134849327406,0.7068225119689022,0.5049971607625735,0.574613204580417,0.6919835502096885,0.7088346821594719,0.7029204158689291,0.6396108921533314,0.4625338606193858,0.48256164432830523,0.5827018198997992,0.5570809567414589,0.5518603360101904,0.5231461980841587,0.5480374650824741,0.5732178589593472,0.6269261257567785,0.6168602643738578,0.24433143827949105,0.6385637633333309,0.6265141942938145,0.5375440382830856,0.5393419274347142,0.45204441986682936,0.769946466483557,0.6147533362309467,0.40563767784094923,0.271308887052878,0.5699642479087536,0.4407180601011049,0.6594341786842647,0.6236546578543823
INDA,0.4593619053053353,0.4717494183511054,0.40754004491976237,0.44845695341356523,0.47380152153117383,0.4506899572311254,0.621285297287953,0.5921413047805419,0.6227226044987195,0.573060135668481,0.4667058238148793,0.5251720526691642,0.5434765658518147,0.4401620158006461,0.4448244250500421,0.15197479958697177,0.15740082217694476,0.15970441660157128,0.5487805805648094,0.41877725659450865,0.5552225306847558,0.3933605438474276,0.5160096046437381,0.5675594071247583,0.5112105911923356,0.14954164871510683,0.472427569689258,0.4002142838380745,0.6408169307861968,0.5469870299764371,0.6238783559029396,0.5952259478542579,0.386779515353,0.4531500008537289,0.6647012599090975,0.5413452417622172,0.6308077163040233,0.6005706409199258,0.5754240736671498,0.5428909705183926,0.5857443754303397,0.5960939670506612,0.3046967576079987,0.5677735876252451,0.5337201280713022,0.44530111902111863,0.5885451673120039,0.545502987451385,0.5838703519683521,0.520323305996149,0.5052148377338848,0.5576732163595908,0.3923909194824686,0.4576094645281847,0.4811770392921372,0.48640496366577574,0.6069185054329302,0.5171072955310019,0.6176860391554289,0.5589845867922077,0.6046088649418206,0.49693344066133527,0.28517558208531674,0.3104753168167244,0.15628281286284568,0.420129231030919,0.069423351159922,0.6272550357272382,0.5725562961431325,0.5977063627905308,0.1971695131809625,0.4563724986669503,0.4308854591111359,0.4931286704848331,0.4286644898841434,0.4274256905892454,1.0,0.18795149686562143,0.5287040640937399,0.5112417781314583,0.47004885581812705,0.49636824175229355,0.5592868527253636,0.5652298096436937,0.42746033177867093,0.522428691148994,0.40668442290145074,0.5236533647746683,0.36756264602604144,0.3798333781231837,0.25447832812316823,0.3157155869970438,0.5707888649749892,0.23980857994152693,0.5248504373052104,0.2349945189469616,0.49092028356597833,0.41367307130308156,0.3746927553034832,0.48869224134633577,0.4629886946726204,0.5240177196737792,0.44507072591269503,0.5485679968284104,0.5336358684560242,0.500235640001828,0.49288111604755996,0.43278177351175284,0.5530397484941312,0.4919822143547114,0.5269981649330002,0.09620333118918138,0.6245293107967461,0.48702901010830024,0.4810886010866054,0.20613965593026456,0.2983079067454621,0.4712797837687922,0.8746301260363629,0.574758279449778,0.43444592644236146,0.573861893981727,0.23903892300003501,0.24364386350329215,0.35982579709295737,0.5221750434091355,0.46581624475492867,0.5418030619413442,0.2627548613012672,0.3789212557717591,0.3735699383595806,0.46809668965804074,0.48917863139539425,0.5315193675006982,0.5192343144157545,0.23647422337168245,0.6332048005345918,0.08021804169954722,0.6216116082432545,0.06388544847126684,0.5587576476525626,0.6333725948300285,0.16257074107709113,0.4255563936223962,0.5475081711034833,0.5572600798239437,0.5198400130191871,0.5432414989723677,0.5792570644418495,0.6545724562994557,0.6334475704039656,0.579182621763496,0.5311221066081997,0.5407954112501276,0.6293220136434101,0.43230644327293855,0.6550803487399085,0.6065053313611736,0.3733913192246381,0.4221341678927737,0.42281513606923515,0.44848813111108127,0.5098519332785022,0.4684278200390477,0.158066504972352,0.5172580164193216,0.5083984083868678,0.5039060312979069,0.3096599876941034,0.2642866498422519,0.4066723213049098,0.5263618517338995,0.3824633532639775,0.16349569314114873,0.45981196297080534,0.6263470667383954,0.5727419140368174,0.505622237132936
IXC,0.3199348460140131,0.23701871749667464,0.18119630705083864,0.2194893900907158,0.29236714184767315,0.2244283529581895,0.46767917179352775,0.4970904237307288,0.33048970671842925,0.4947955254470584,0.5795711727410889,0.5954779625303417,0.33052451256071114,0.3873912905741254,0.2572752243734323,-0.02288205865115971,-0.03800964666380877,-0.09973633183467338,0.2952060725855369,0.2646399073190316,0.43465288147138437,0.5968410785843014,0.5259494368460861,0.35129437530239843,0.4386322337365162,-0.032227675559584903,0.20249098137682642,0.33212636438028864,0.265446810535027,0.3441684084642942,0.3020293915747453,0.4938418856820255,0.22282332824089318,0.246020387975816,0.3031535286889295,0.3549609922500924,0.4048166206779811,0.30094354846354265,0.40143387557819643,0.4888814820830135,0.3233462833999707,0.3042493097905786,0.2949531124434972,0.3813311605465342,0.26586369235071117,0.2484125125731711,0.301843418470681,0.3367811710364522,0.3374562411557776,0.3528154281772868,0.2797692626478066,0.49942909027165605,0.3209106128522995,0.20391602768435846,0.2923271798172675,0.24222581626632508,0.3377804468180942,0.4701564299400436,0.4276731530519508,0.4135241630772375,0.5015758112229092,0.4037315856849097,0.24077535568158015,0.2641469479889428,0.1635347976011073,0.7947511582752614,-0.1086033242032949,0.4320415902921739,0.4005901049981569,0.40162175496812924,0.06235339123303997,0.2270958731762578,0.2816842375124824,0.2948335484585135,0.2328993948660313,0.24827471243154534,0.18795149686562143,1.0,0.25912607327098275,0.4358502975829597,0.3167764211216896,0.22283150607352933,0.3905666031748062,0.4113361212852297,0.3940301187311013,0.3838529962435232,0.40080481182990224,0.3537170711545458,0.31438093690696284,0.32513558284812466,0.06437712159321132,0.23996480163659697,0.37969775095132113,0.7556768082283722,0.38698757744968154,0.8684718346602073,0.4286843428490462,0.3134167847641714,0.3099323708545553,0.3236476818205688,0.5122578191750197,0.49985566542761317,0.3082911829738691,0.3450773669757695,0.27585107240380535,0.2658330452534248,0.3240726329101382,0.3812212686080296,0.4873335520311873,0.44222455371590946,0.42819156141118014,0.10559745665492588,0.38224968353998795,0.5408706884899004,0.3471472740026205,0.21316842928069346,0.268719945887072,0.2520202926694045,0.15874868696352487,0.40846897206383675,0.556785783680605,0.37041225205117945,0.04131639335305474,0.05999538216279463,0.2639544829076964,0.34665197886028254,0.2642038505812722,0.2904971210071042,0.11382732516082977,0.13478616358273976,0.36495788038807925,0.3268431259657712,0.39239264509850474,0.3681507717522848,0.5008964018422793,0.06406764549650654,0.41816765128112865,-0.10962938420907102,0.3813890324390961,-0.09646623531820117,0.4251452193615552,0.3724872052894452,-0.02243666325200841,0.33016114790047624,0.3211770084763262,0.4619791530622875,0.5374867168975709,0.36068015987327606,0.35704753767650044,0.3507014271950499,0.43188238879377544,0.41481086650339083,0.5596593010889224,0.27900591176458883,0.33892287340252275,0.21001158186314905,0.4143115759013496,0.5238492830560671,0.21985620038091827,0.3566217357930103,0.18886574328878886,0.23266291934341174,0.4928196453376776,0.27672448030833974,0.9791388594444581,0.4412848958645256,0.4316476537911692,0.26718615679547736,0.25258165063612664,0.3012788717033544,0.2709486634772835,0.27523979726645803,0.5231544721070548,0.9196814730794246,0.3036162188946675,0.28668671794862927,0.33509890655832203,0.4099792217189111
IXN,0.635234431325032,0.7365079931268593,0.6082254157688695,0.7357188185640744,0.8108783581888471,0.7543104468066879,0.7075809287350874,0.6614325113116191,0.7468811273267755,0.8618792183193786,0.6245204359921026,0.6510770527616241,0.6826713560561082,0.5764064156002526,0.7141286444435494,0.19821805500861694,0.185907141076742,0.166356347452119,0.8726284984675101,0.758967336630999,0.7445408767206642,0.4036998830155381,0.6666620600801054,0.925500246515651,0.5224590465781224,0.1832246525744211,0.45077418791464163,0.453507871090963,0.6846157444633827,0.5161484814811935,0.7956323358610051,0.6065565221626946,0.37380150407525964,0.6697006873306909,0.7884752974519402,0.5475534636706402,0.7333747636246075,0.7394533832277917,0.9122709903360892,0.6692254967650617,0.6566857043831676,0.6677650567229022,0.41618693951277236,0.6054324001708974,0.5295612507337406,0.47351968597663086,0.8063320147510267,0.5512797247166701,0.6270939968044041,0.6197727356780507,0.7886939062647303,0.5543576885925803,0.4843639914677221,0.6868269706482606,0.5404539086630266,0.8089655518195525,0.7117871212997997,0.7002590296846037,0.6979148963131224,0.6346149593258328,0.6921558115937515,0.5604125133728091,0.32386315722889997,0.35752884330355356,0.17205801065061496,0.5086785406826942,0.06465971228414803,0.7249734635525159,0.8966787593176085,0.7479820271187091,0.2410409086953288,0.564185142752618,0.5695022754632297,0.7924431829428955,0.7941813360885077,0.5281680095950996,0.5287040640937399,0.25912607327098275,1.0,0.6768312108940413,0.8750580399773731,0.5853074632980453,0.9072457607481461,0.869661079499783,0.4745587111697856,0.7047531350897592,0.3691128756806048,0.8166796402897397,0.3704963180021541,0.5732603518743202,0.33309436086237354,0.41781539590917194,0.9237935793525565,0.3229010048097816,0.7417452611661467,0.35139144445435694,0.7189199315487728,0.6575760361961124,0.5064472885431981,0.6381534476275578,0.5854352840856824,0.669649107240786,0.7217703065919574,0.8430122652991644,0.9634225466626952,0.9412698151943826,0.8543360251493122,0.5006574588606185,0.7408889416481151,0.71249442551562,0.7613620983602808,0.14351025146466834,0.69427546858712,0.54495202478547,0.6677852910303196,0.28291532029413113,0.3687326788684927,0.9346247986375498,0.46248052371981296,0.9100227333416011,0.4447375975412133,0.9113731930646017,0.25985182452165706,0.32010666818115163,0.509360258178346,0.9214283238011963,0.5063997972226802,0.9232174044235788,0.24350758510858134,0.3821561758467621,0.559188490873997,0.6455253133058193,0.6159712631800168,0.8163931591109771,0.6717281038069859,0.32107593994361344,0.75816158781116,0.06860202258939338,0.6826385539151786,0.0756834059426344,0.7738970340134546,0.7036342992316333,0.18790501084455635,0.4614441131786352,0.5265310643188797,0.7858479029838473,0.6350070874976946,0.8547922012965969,0.7590978023599592,0.7806598991340752,0.8957890676714645,0.90383105305244,0.6636789520895454,0.9425334103190096,0.7008028123102964,0.5037945977139684,0.769959901979458,0.6339218054524011,0.6632611021558859,0.6388548854310213,0.5439821102531862,0.5704418796644213,0.6209470985081784,0.7198576411379478,0.23327323891141344,0.582570979965583,0.713303917061584,0.9906050496168425,0.23506654635511215,0.26016214429188117,0.40047593979597196,0.7727187806355389,0.5781634526754824,0.2999205125861964,0.5990251923293342,0.7501280761060521,0.8919893372116477,0.7815167691360688
JEPI,0.67013277746708,0.5824747206582218,0.5283674037473995,0.5675878339333528,0.6252835804130458,0.558211644612013,0.7201701057323325,0.6704354953083421,0.5537310266510129,0.8752169880394204,0.7373191223258636,0.7385272870944689,0.6170701433151022,0.5955241853540937,0.5522340468005454,0.24509689894049752,0.22865569024823443,0.19515427921086145,0.6745707564623116,0.607547887284956,0.9056351685337687,0.742882713101041,0.905009002002884,0.8392793837969441,0.5186089412535857,0.22545732717524047,0.4292123384972771,0.43162084392545796,0.5283800736893163,0.6532277370431114,0.7256129373256252,0.6916098830974596,0.3941538990182836,0.5622860949665096,0.5642490829094712,0.5470285354845613,0.7310117427304986,0.5373806796271897,0.867744167295168,0.7064081619063173,0.6431261665828214,0.6491243284206585,0.38481684511198283,0.6389778602457685,0.6443651542637683,0.48160873513404523,0.6559329218051033,0.603465896160739,0.6506153634714305,0.5986465546915926,0.5238379586730684,0.6745686810951628,0.5004670565956323,0.4248124131528338,0.49846302170845297,0.6491752944011104,0.6772125768538737,0.7886602735333114,0.6920626799468063,0.5507613528554304,0.7001174262583916,0.9057595692373657,0.3014671534591253,0.3191068306388234,0.12416865216294308,0.6023050167772066,0.11419629623880019,0.751125275722471,0.884151331080666,0.7587612011192177,0.2628574074506677,0.6656196835582219,0.47469569256558236,0.6175715463527771,0.6235709940202885,0.7289528477060943,0.5112417781314583,0.4358502975829597,0.6768312108940413,1.0,0.7472845819422234,0.6215579832122479,0.8324665967759132,0.8925970955524697,0.6229001821481163,0.7713869308875971,0.7125574995508052,0.710394978076701,0.38846654667563413,0.4610753664249009,0.37232830642055814,0.32600265171100024,0.8481758856439915,0.48866202846058276,0.8355697079628289,0.454030272401286,0.796791555632058,0.5055351009522401,0.5637606050391243,0.8220668797453314,0.5500115899187915,0.8655019889534871,0.5550628053682579,0.7620847254598055,0.7380447409166966,0.6669871127568402,0.7787752432722046,0.6407852184300077,0.9058703697240349,0.7910276693206932,0.7739498986938967,0.20807720496049764,0.6885689248645465,0.642025349396224,0.6884148879689977,0.20641484918835207,0.3235657234950057,0.586040949579155,0.44424239819512823,0.8745746067592539,0.7853428058648269,0.869555212418494,0.30265109889936465,0.3630053056228518,0.4191528510408933,0.7389995036267036,0.45851708596100893,0.7722431034787116,0.24412601670950332,0.36086481741907206,0.41990891694642146,0.6671939165814499,0.9076343909452929,0.7612336061927717,0.8175004976105804,0.3619464960436179,0.7278862244761287,0.10698751676426937,0.7054144970311338,0.1264701424738696,0.9364838936575272,0.7583078584029238,0.2284426115074607,0.7395295077329801,0.5965159158718859,0.8766765199782686,0.8858265212878855,0.8003130989164938,0.6388472985960659,0.6863654613006489,0.8472681098742584,0.8698468913079821,0.9178680081705362,0.7543050067463316,0.5605483379424201,0.5287106930356176,0.7074818915801739,0.7033039473904987,0.5380143648211356,0.6716265588210993,0.537951271892256,0.6688889356367524,0.7968172179279628,0.6966205269488797,0.4270018057691136,0.811218982408444,0.8531150943237984,0.692781589851861,0.6690211430496384,0.6005080287559914,0.7602472807354322,0.7385663375017537,0.5565244984891436,0.4341373715226523,0.6546971474414287,0.5417280265531781,0.7542631522354326,0.8574435809603487
JEPQ,0.6216121302842909,0.6924565974987311,0.5698447907679057,0.6996512913828794,0.7590826598629131,0.7108652139857994,0.6727889834611592,0.6376516512144693,0.6481010741770555,0.8401680037163438,0.6303520076790176,0.6536859132563765,0.6368565737838828,0.5916157438102246,0.6617637072574182,0.18555781019475404,0.17658919841125753,0.16179082579376378,0.7815594798594726,0.6995989745680864,0.7494954437508297,0.4658540456831275,0.6960751651307452,0.874345389755523,0.4892079857343549,0.17880084375628905,0.4075451045084286,0.4273523551606854,0.5971291047548017,0.49677435164935846,0.7318919465135321,0.5922706683477057,0.3751041423669105,0.6360060925191473,0.6781452238541054,0.49825833543832315,0.6913009718731348,0.6398831099540215,0.876702210392663,0.6615686181539617,0.6023803829372447,0.6143563071870519,0.39970844368254443,0.5700030596675021,0.5107420759928374,0.4540145456946332,0.7193178561341945,0.5167397515472189,0.577699397370354,0.5899987091492364,0.6852622898862201,0.5585299735390388,0.459492820905349,0.567111093044984,0.5128598692503403,0.7708186457071655,0.6511828703670444,0.6947824385572522,0.6582588557239,0.5772197853093038,0.6550582866167983,0.5888021579049474,0.33162887766518023,0.3616147490876667,0.18215698019447363,0.5278612671937299,0.05895894498766577,0.6931328435162041,0.8681625182805005,0.7137361463279126,0.22928050395772986,0.5436541022925552,0.5014358753383369,0.7147996912585577,0.7243409629081162,0.5456569600534564,0.47004885581812705,0.3167764211216896,0.8750580399773731,0.7472845819422234,1.0,0.5783050392367604,0.8457969902564734,0.8359326062308046,0.4864038629100969,0.6910270018775085,0.4126804075207082,0.7607552533720465,0.3915462704294,0.5088093526333656,0.3122134668996711,0.3658979189914673,0.8859996304776482,0.3747692759522891,0.7430315353525017,0.40604580703978216,0.7053758017474525,0.5947342061019684,0.4967172393424999,0.6293019760143916,0.5621539988704918,0.6851935273554857,0.650592445832866,0.7814904402024181,0.890673088878146,0.8398346375010943,0.844144254452129,0.5201923210527605,0.7436200362863264,0.7239607739731364,0.7308309832629865,0.1749963758440425,0.6520824881331859,0.5500926395620068,0.6631269849850507,0.27896437599636537,0.3731738054801816,0.8079784437688212,0.41347673445506494,0.8801341271176836,0.4996209893645092,0.8779634889434421,0.25057939643475174,0.3005629459459965,0.44775552845555866,0.8302556169267451,0.48940281409346875,0.8722814011417888,0.23604879691233668,0.39486403170373346,0.5180625204036635,0.6304345644570445,0.6336935775279825,0.7705858999397385,0.6735194629246215,0.3016676931068949,0.7067717897285224,0.06406592245061961,0.6413773491240065,0.07520631996901621,0.7670613492727996,0.6735538756947058,0.18631587204645544,0.49252715807424086,0.5073667842112456,0.7635955467759729,0.6572361722995774,0.8025253619574557,0.6884298281023777,0.7065268969276237,0.8508136824586634,0.8707968163134675,0.6882848338270803,0.8807568617084054,0.6216866314594892,0.4824075124165234,0.708038380007304,0.6183499597565176,0.611380041236131,0.6319130061434766,0.5045497824768098,0.5445332256650367,0.6210123569525504,0.7310994000319443,0.3032440708721332,0.6154491261755457,0.7175698534431265,0.8792013620176367,0.31252624488052394,0.3189891699990369,0.44386892362147784,0.7758075931807581,0.5712292346251134,0.3496289436064628,0.5837515624003873,0.6432712103131967,0.8235832547265542,0.8068324919324844
JETS,0.5485039061575491,0.6254438325751074,0.5887353754028385,0.631833136499483,0.6410408714653494,0.6056676572014048,0.6528740451336712,0.6191855533409033,0.573944467132368,0.7309657157854939,0.7168095576094908,0.6009916917503224,0.545696459108942,0.5314465888138621,0.6008021713592514,0.17830980460368587,0.14253472804189862,0.13740232412906295,0.6462421694016589,0.49985632798842566,0.6983101984163864,0.5247548648966853,0.6317439610458688,0.6714508401370513,0.4733410528388907,0.14158443983995378,0.42524571022356145,0.4285858161126987,0.5475135721571396,0.4833999025549296,0.6592675904935051,0.622200342810204,0.35091091876594516,0.544937591447803,0.5863633665530575,0.5220964014530057,0.6599758111853585,0.5732106087461015,0.6838776460887867,0.5842052328566644,0.6100821664548174,0.6387291915830117,0.38002680984515697,0.6172484240954205,0.5394106114013111,0.41331100613463795,0.6453140336046924,0.5787272707379552,0.6436574386499796,0.5585316636444617,0.5434529058795113,0.5576823588246306,0.4651176312394481,0.46418087342303377,0.4844635492553431,0.601659012209125,0.6631094792223986,0.7623584061933684,0.6388613012820429,0.5330375887310943,0.6356821418484899,0.5652998993713673,0.22071078356745916,0.2542187063295836,0.08003563482400264,0.4652196478429556,0.040559656497841205,0.6719713942270127,0.6894650460706575,0.6853555041923842,0.2030670942532957,0.5411822081284671,0.4645222681578209,0.644826614137171,0.5196642009451293,0.5167714910629612,0.49636824175229355,0.22283150607352933,0.5853074632980453,0.6215579832122479,0.5783050392367604,1.0,0.6780100745257025,0.6766900401510932,0.6617117103059391,0.7135243962498341,0.526766611789986,0.7165156672557814,0.33163851556411134,0.4966185679243589,0.28487840651033886,0.365344495993897,0.6604237853670354,0.2998734117921047,0.6929896593607406,0.3235628520507154,0.6966269251864614,0.5820569085132884,0.47586985331871806,0.6377629937884565,0.5129630137721952,0.7272035686774463,0.593923824096929,0.7237562196847293,0.6198039393072893,0.6088206844860214,0.5953066021404227,0.5759639009063262,0.7351882053022892,0.694315307592048,0.7560452755817509,0.08811153862721291,0.6431156519019527,0.5849388236450451,0.5900575047434534,0.16098321418898898,0.26407439148507517,0.5587291134393144,0.4352823280364508,0.684993527163574,0.5847267561685502,0.6854702723232249,0.19856201318723932,0.27061993109807375,0.458250200812359,0.6145459698999637,0.4401408082584808,0.6212862966090889,0.2370263892586815,0.37057199246664807,0.3893759101300172,0.5635141458774703,0.5212101554283551,0.7283188393388996,0.762222123721559,0.28693151608195516,0.6637586289772845,0.021963601658447133,0.6536477492080616,0.07530203265439912,0.6589197195402072,0.6229179215979365,0.14260852512516323,0.516824767306598,0.5418559630724662,0.7304992256808741,0.7059741204215614,0.694300343453318,0.5885361505351165,0.6558417037968975,0.7182524180151254,0.7058032928961973,0.6672224999218916,0.6234670697449697,0.5773998527413085,0.4568586924598683,0.6627002390859105,0.623645446165806,0.5268513359761557,0.6048630431688867,0.5231362285024151,0.6286261679611429,0.6492511774537709,0.5782265789126748,0.2143905412317613,0.6756847174445221,0.7072876176872469,0.577397903797407,0.3084897739209887,0.2632706804036241,0.42273987429158916,0.694419000783437,0.5224630531541478,0.2564843781217094,0.6864725712260802,0.5795029201774551,0.6781331002806689,0.6273479299872282
JMOM,0.7154334221265698,0.7842236926745263,0.6742920421470259,0.7750359336356616,0.8408026638323065,0.7806315984846498,0.7743392412000732,0.7300472051263504,0.7151517456845004,0.9578018971545806,0.7830495921246914,0.7672272725542342,0.705697304895324,0.637974088268878,0.7425068035445,0.2262625507333661,0.20832902568180384,0.18252966120511363,0.8729465627406657,0.7882304400835658,0.8745797229304535,0.5981953514776405,0.8266653575134387,0.9517482413012074,0.5461270743558989,0.2083220841515568,0.4641661831208038,0.49439541102471113,0.6646336769554335,0.6057396156976699,0.8250080385680364,0.6875257746717102,0.3870911896763791,0.6931856797136039,0.7459608018467019,0.5918083134873529,0.7867038446644206,0.7024252616308998,0.962482830151547,0.7372791767827157,0.7076139333594057,0.7071945679219289,0.4210469806388682,0.6668629256494093,0.6119083698830841,0.4868443426788901,0.8008808015571823,0.6098448612332502,0.6803138267716592,0.6601725775777342,0.7135501391894353,0.6485760563630977,0.5440084468154983,0.6191927353685476,0.561060645964117,0.8303858129918417,0.7452383372466613,0.8447188521643817,0.7558736723454025,0.6277466738936506,0.746937331452767,0.7508712338414119,0.3467915667641309,0.3797379676992934,0.16414428704404188,0.612171245058123,0.07863901111721758,0.7921762005313049,0.9623133206139358,0.8082376639077835,0.26419241065142696,0.6782550052615735,0.6023367580412757,0.8443571376502587,0.7988430212869659,0.6612023584733794,0.5592868527253636,0.3905666031748062,0.9072457607481461,0.8324665967759132,0.8457969902564734,0.6780100745257025,1.0,0.9575162687379779,0.6325410702817873,0.8307534142230384,0.5901461235710023,0.8898157478040215,0.40209750335645406,0.5841445576527945,0.3729889207643291,0.4078376309470251,0.9512403139631773,0.46191277148303206,0.830024328122792,0.4657444022720965,0.8603143247458555,0.6934288723351444,0.5971803555111833,0.7882692807019149,0.6300015685548327,0.8485005553758942,0.749680783810672,0.9235059511427937,0.9297889339589022,0.9085470981154566,0.8611817396905536,0.6171395241272363,0.8955936598618631,0.8245382421091743,0.8902237308682802,0.17591862244290649,0.7531992129447322,0.6353324699652572,0.7440273652378622,0.2669127334957307,0.389599879266084,0.8539625438560428,0.48968445708520136,0.9587291887500228,0.6350560667225844,0.956006905550692,0.29264324378395223,0.3599148943073536,0.538972713951937,0.8977480507495768,0.5022503598453258,0.9150704872010084,0.2534283744434893,0.396336344724958,0.5834773003938214,0.7231385698793238,0.7847737919158457,0.9234998010594135,0.8393687413655925,0.3587524299136378,0.8048210967185485,0.07822532967376844,0.7435551149079664,0.09375121672182571,0.9003477417020804,0.7792559252537249,0.20735890015802103,0.6305854463466619,0.6082826230914364,0.9321803769996851,0.8240962856282046,0.9517715513483908,0.7644380832257365,0.798195470658317,0.9482446828930798,0.9659982346742377,0.8439735478772467,0.9243866244736847,0.6870616706469325,0.5617155684379188,0.8020728390908963,0.7098919747193001,0.7040862975315841,0.7658908002514354,0.6318641341827493,0.6986546029439644,0.7614582136631879,0.763012176915852,0.37514286352054294,0.7590532058197503,0.8698330281653252,0.912298114577513,0.405581914384373,0.4168613793589119,0.5806738587910355,0.8359492389111433,0.6600712807142216,0.4300675142172347,0.7297567196961373,0.7136942996794432,0.9116788911376519,0.8394142656597611
JQUA,0.741142792144509,0.7534041009951445,0.6652138814113435,0.7430791729690155,0.7872231429777468,0.7430963713118653,0.7828877079354307,0.729822196372076,0.6847762090346642,0.9649572395263672,0.7990735049565063,0.7795859948381264,0.694662027580592,0.6474832790309722,0.6920719626971753,0.2678974512146471,0.2511553992280087,0.2096435782537721,0.8423783554910148,0.7840713572302874,0.9200211124068526,0.6735987363910938,0.8778999036936056,0.9568972922618317,0.5528924075298138,0.2488941420418244,0.48683313087781205,0.48213864961793174,0.6469080343805853,0.6582131982894491,0.8240813985164194,0.7149312926115914,0.40593040823595833,0.678274491578073,0.7038094313870534,0.5974883174087678,0.7988421429505754,0.6718043136897583,0.9722920693257122,0.751183220629821,0.7222964043101456,0.725026699692534,0.4342040996868589,0.6819585006129432,0.6585310545042659,0.5043976071648701,0.7856023996710644,0.6291567470744976,0.7040696401122573,0.664821838211696,0.6762893039310056,0.6790178704472339,0.5312972301096993,0.5702375080436753,0.556812032034865,0.8300709431804639,0.7571190367222783,0.8641461090246669,0.7659009393994884,0.627098373196632,0.7594100922786423,0.8508301000545733,0.3321387577252592,0.3602848431955019,0.14591418520099098,0.6252866029607713,0.12053253891700151,0.8077236817209664,0.9776416624312719,0.8108902787232584,0.2902713520961999,0.7072921353716374,0.5718635013623529,0.7793298220299179,0.8057075290933291,0.725757714688413,0.5652298096436937,0.4113361212852297,0.869661079499783,0.8925970955524697,0.8359326062308046,0.6766900401510932,0.9575162687379779,1.0,0.6587461740527307,0.8420234933975148,0.6574492838306494,0.8573301856139786,0.41210478698732117,0.5636498856940886,0.41506223192396446,0.4059738972558465,0.9576346745606437,0.47154794568072467,0.9094553656936283,0.46174663904236274,0.8430510722409722,0.6497239358425914,0.6167927758611454,0.8453064425727614,0.6173901700114105,0.8875035436760036,0.7028575642086992,0.9081718130571522,0.913147924255585,0.8804090244138602,0.8401432506701558,0.6636087034622604,0.9447360269145528,0.8132657493005785,0.8840062786039722,0.21274863170239863,0.7649263399073205,0.6680713252356631,0.7700083574119891,0.2493222796785591,0.3644936002796784,0.788165671416927,0.48549200525645014,0.9706951004135113,0.7303936748960145,0.9674119589126083,0.33304691870378694,0.401814515086363,0.5160163567288182,0.8906397558363027,0.5019062840437553,0.9146726211711074,0.25558251498923146,0.37779716656481677,0.5145423191197013,0.7507376417661394,0.8760664679226331,0.9006596088128301,0.8659602403702206,0.4017473523028717,0.8088180778367366,0.11676109533683225,0.7636816237660564,0.1313298110026968,0.9531436984112787,0.8079943249073019,0.25105444936213206,0.6996406332932161,0.6346741441162457,0.9497166437171337,0.8773006796992477,0.9350994677636046,0.7452393845628678,0.792465935168344,0.952131499014904,0.9735280236753077,0.8961751110677768,0.9123840654780513,0.6707413560682428,0.5909658380125021,0.799657211852446,0.7332006703859009,0.7217139550878956,0.7206191698691469,0.6266456501809803,0.7323016564945766,0.8043140008821137,0.8073163123351774,0.3984864478160677,0.8069739396065722,0.8696141129231487,0.8819559642275375,0.5245101735637305,0.4618661518528221,0.6692445024458967,0.8468436604339916,0.6276761550667657,0.43720795783117256,0.7527412726672885,0.6819982618553002,0.9067329173568466,0.8476576667127665
KBE,0.5238259959772872,0.546468041697726,0.5122393618280533,0.5484204111808144,0.5673645586964648,0.5202192434910765,0.5922544969342565,0.5751926188720528,0.4287655394495067,0.7495899102010205,0.8741061453753387,0.6320195148416285,0.4953321668510987,0.5063011878694803,0.5274993282887473,0.12711928736698494,0.0948845149494308,0.06137681838578088,0.550274636492721,0.4724132581552997,0.7239227619384755,0.7048126204134666,0.6861404123864477,0.6317429150630598,0.40499600826733034,0.09870863215064771,0.331617195165637,0.3984058624645164,0.39671958734428847,0.4575161949705214,0.5314151108582106,0.592428509177883,0.2857359017613403,0.49274555933497216,0.4457460058639647,0.4777907267356563,0.5752443978221773,0.42523188470431644,0.655450500905088,0.5606874526741136,0.5269558793993476,0.5305702622521785,0.2923664115342137,0.5413135985659153,0.45935174649958205,0.3335483826007694,0.5161874056967303,0.5147094707314415,0.5269911640346604,0.48219642017413017,0.4051089539209374,0.5400994692559126,0.40509392279304907,0.31177957962123143,0.3874573338016428,0.5208180373027776,0.5429009124722388,0.8451078261068515,0.5761140767509441,0.4299264638396891,0.5832451906278074,0.633643584533556,0.11865798352985543,0.14912648863902955,-0.0028290252521101546,0.5074352363804912,-0.003842704023999338,0.5945636116314371,0.6668120167721282,0.6116239494987514,0.1520887735410261,0.49016044184826235,0.37048524119446097,0.5376439051198176,0.4654528284913548,0.4958306615657707,0.42746033177867093,0.3940301187311013,0.4745587111697856,0.6229001821481163,0.4864038629100969,0.6617117103059391,0.6325410702817873,0.6587461740527307,1.0,0.8005101243247308,0.7016713085485935,0.6613019815882272,0.3308463950088237,0.4040565259476611,0.24078151867838452,0.256810254952475,0.6200515794807007,0.4419434451229312,0.6905144076250166,0.47357654196189314,0.7286565358069479,0.5140818807836609,0.5424859001456934,0.678298081748473,0.4694113842866433,0.8019185513532999,0.5180377521082467,0.6260965507851409,0.5267267218234685,0.5106162552925864,0.486163003599232,0.6690294808327041,0.7719336646718015,0.6831741540212412,0.8036000608608402,0.08131804636156328,0.58223930429227,0.6005854786462462,0.5692300040702954,0.08264254711554934,0.1652448667340782,0.4398972348757521,0.35921995941868906,0.6539239976635322,0.7691513477155616,0.6487511036754261,0.16398071835316808,0.2281804600717447,0.36875307360489906,0.5592106509156377,0.3043082403360856,0.5516825518380993,0.21443973351726092,0.3106073050651488,0.3102888212233238,0.547927096595181,0.5729885631403504,0.6917635644980528,0.8628724884479387,0.23931870659843502,0.5793156815535503,-0.020977715471422048,0.5606503737928434,0.02594468237546923,0.6938136848328249,0.5553863155433334,0.10777358956262208,0.5971076077762787,0.5153508529100405,0.7421421695653719,0.7903313163425085,0.6392791610838134,0.5003490459268446,0.5466277453922023,0.6642691455845193,0.6815614878935718,0.7542930572799309,0.5367739468227449,0.44575988631604274,0.40323842068800925,0.5610788853599091,0.5904591692523294,0.4973891435753624,0.5701255635772141,0.4585206154011278,0.6332989004024084,0.651336967114161,0.5359512151581566,0.4007754939881795,0.8335844585048978,0.7010081660728464,0.48397917128597273,0.3458164707353159,0.32740262518060065,0.43659569921747415,0.6142897640540362,0.5223281460128236,0.43098994885850744,0.6826161401695299,0.4318540297595935,0.5917687879094949,0.5571084974811651
KCE,0.6760283398146102,0.7774426067484443,0.6627173018147077,0.7549465231878622,0.7486891739832859,0.7503461297281508,0.7256552827735475,0.6936315430921197,0.5885641438054068,0.883444159445445,0.8380823164134464,0.7392802247410548,0.625147978984952,0.6254413908671849,0.730422973395724,0.22406606014156272,0.20135524461095516,0.1655670026460618,0.7607388336798317,0.6921849824037953,0.8452074787587708,0.6656881671788238,0.7964843506995986,0.8358280837389829,0.5113282661717816,0.2020976671118758,0.4466339782745378,0.4577325420596134,0.549935149758312,0.5761786172074552,0.7241435953332903,0.6783009234424373,0.3757911433662615,0.6279267164814373,0.5994091387356274,0.5686991471104639,0.7247075035831282,0.5842185911841629,0.8512124609549037,0.6896404032234313,0.6728405619692015,0.6750629624445544,0.4057460120825314,0.6536669964875217,0.5844639656330871,0.44483843393896394,0.6935295450709781,0.6019653762856227,0.6473202187004498,0.6321848050999381,0.5758855192909653,0.6313197879875428,0.48078595139053354,0.453110367195592,0.5067272100797834,0.7540099483650013,0.6868834168637351,0.8714584761028406,0.707639405706466,0.5639496643354519,0.6951802273923106,0.7456462111783526,0.2618039073695017,0.2954596657531843,0.08566332994986378,0.5775374450736542,0.08104770881048465,0.739480998098541,0.8570919002349837,0.7461631002340495,0.2478556393760988,0.6301455541338179,0.499134816909954,0.7246403393188174,0.7258208393871239,0.6477832700054732,0.522428691148994,0.3838529962435232,0.7047531350897592,0.7713869308875971,0.6910270018775085,0.7135243962498341,0.8307534142230384,0.8420234933975148,0.8005101243247308,1.0,0.6854913262723841,0.827863097924492,0.37816438302393246,0.5132535394897016,0.3626236342593172,0.3752478826977111,0.8236763403428108,0.4555618907346698,0.8383405697093171,0.4509812020273295,0.8094255604374997,0.6352543631139459,0.6039007348421593,0.7818068988422143,0.570566655207165,0.8732165920814381,0.6488161637421458,0.8248613419902864,0.754852844485776,0.7377449860492717,0.7022849478747012,0.6715108441210603,0.8800762387381414,0.7875988711051566,0.8765286352390451,0.16110646683400331,0.7214634133351565,0.6649785538484927,0.7163340714142838,0.19926538802566734,0.3075718719288675,0.6357048647485052,0.4476526857612313,0.8442282905045058,0.7275325579372599,0.8420322260062141,0.2782049498904371,0.34820033240740605,0.46972177218129385,0.7430025026720596,0.436980152022433,0.7840046603559246,0.23935957292928653,0.3652227461995804,0.4703008668811236,0.6960579273131587,0.7256107979726387,0.8586278073724705,0.879154504588799,0.35197344895347255,0.728411812840289,0.07135949432311751,0.7004934644225115,0.10106228383574398,0.8345089123923626,0.7258107258503823,0.20525703140058887,0.6672854920787213,0.6102444651100591,0.8902189659298354,0.8465430632315484,0.8550161175087173,0.6470817674755008,0.7088226057349939,0.8480279883615293,0.8651007480129899,0.8219476137651941,0.7800855113375479,0.602456062364093,0.544743875574732,0.7194200770532637,0.6863986503213506,0.6988703335809755,0.6966479486126497,0.5925102519671085,0.6911168193963851,0.7465575264555709,0.716960579665864,0.37784125573457233,0.8783859212948312,0.800556324461606,0.7112485810077175,0.3858989645583071,0.38439149520558297,0.5307834489233086,0.7771085686234058,0.6035392468375392,0.4233065090364138,0.745107318540543,0.594167744919266,0.7960954641265755,0.7371859939707013
KIE,0.47673603284050314,0.43798072887834405,0.3585467355145291,0.3979319886720531,0.41565601734104046,0.3992789586296259,0.5483845234689424,0.5104169104400206,0.31131401477441145,0.6680590350397267,0.6813754660210033,0.5874344837122177,0.4164944687764716,0.4801478423170404,0.38458953361455106,0.10098123189406903,0.07294972998234286,0.050198875706243054,0.43391475336732793,0.4428997342190707,0.7217578821532756,0.6815952487525985,0.7254677216260151,0.5728492510905124,0.35117813108495965,0.07459687923883555,0.2755276783056497,0.32129252909576467,0.3090265299753905,0.5329133273141873,0.486223375998323,0.5732911352927551,0.2483194515303059,0.39319138690161,0.31010231875668115,0.4389664355377384,0.5423185845703684,0.30070948278493487,0.6099861895490408,0.5088247260368108,0.4822562328190536,0.514737069187058,0.22203498003506958,0.5342212091579163,0.5041765079133712,0.3132352294055743,0.44329042961731785,0.5103510831639234,0.5134888749211303,0.447703227625699,0.26484677091837294,0.5574730922557357,0.3667793459138562,0.17169358138534885,0.30329953070784804,0.44697672673151956,0.5140909073155656,0.6763652350543102,0.512001967061128,0.3453032499798838,0.5281600181366739,0.7806352461697755,0.11980758774186279,0.13999376076292974,-0.021022299768200126,0.45967779950887866,-0.013050985945379831,0.5687553095937584,0.6353452617045077,0.5770346757264939,0.15300471023917137,0.46630715803159695,0.24936916354752048,0.397355311853398,0.44007036037895697,0.5554996828477552,0.40668442290145074,0.40080481182990224,0.3691128756806048,0.7125574995508052,0.4126804075207082,0.526766611789986,0.5901461235710023,0.6574492838306494,0.7016713085485935,0.6854913262723841,1.0,0.5039327996584426,0.2840258420976999,0.2709983168716431,0.20430669353419215,0.19710509881008448,0.5786098520749446,0.45917011746598907,0.6319144846177189,0.39065684670638834,0.6196118096311932,0.31706792368901465,0.4434251117244942,0.6620284542377914,0.36447678144168977,0.7665272025484194,0.3244213671250711,0.5419376716083978,0.4465541764394192,0.39237150942901033,0.46923478334784124,0.5497033738952656,0.7372750071313996,0.605090231207812,0.6308818625274983,0.07871347268665334,0.5221553458483144,0.5088150686948604,0.5122953605680133,0.037215217900596724,0.13396328290653156,0.28926862719135843,0.3433528304579412,0.6121441024481279,0.7185469202760721,0.607319220236683,0.14319106359465006,0.19679610138408915,0.2200134560708137,0.45444515005661296,0.24111441410469656,0.50895531197707,0.15366688940530954,0.25003849206444534,0.25073195469329707,0.49484716986348154,0.7500715483564795,0.5649934382774534,0.7275464067818764,0.20633470955979363,0.524491911805266,-0.031969932904012906,0.546505922182856,0.002936593024426009,0.7199254039678586,0.5586334154265398,0.08365014274442545,0.5954945604496472,0.45278066162254366,0.7002917193537728,0.7766230073204915,0.5759145681666651,0.3976520793910266,0.4681858050016672,0.6014494671163274,0.6253045155409358,0.7622793673889336,0.47668552372038475,0.34874366742661644,0.3614305100491961,0.49208435157616337,0.5607945780047092,0.42727773202860814,0.5278094641924855,0.38571136273686,0.5199422840818216,0.6358112327623595,0.5102826687311992,0.3997672486278722,0.8299079688809802,0.6579542133204482,0.3880475076372546,0.5356513510560937,0.45724225261249557,0.5805726434970468,0.5314958625277394,0.4034960668265469,0.3925457723947441,0.532424664711245,0.3075633215489718,0.48332880594416966,0.5840862217464828
KOMP,0.7029647200679224,0.8572721830083898,0.8092470310923172,0.8813930975754916,0.9234837397604737,0.8608303375092541,0.7615715779287822,0.7343492389502633,0.7360348473214046,0.8922068180280315,0.8084432740742484,0.753245161978469,0.6749910464333356,0.6051589601979454,0.8449103679538484,0.25739905041247196,0.24404322828582764,0.21464464551449583,0.8729161623628734,0.7567927311551285,0.7915764389950356,0.593918738857321,0.7212022242004893,0.8636301009541756,0.5743861330655673,0.24626633464610087,0.4964110008195792,0.5263738610232923,0.6815922890881491,0.5818424576949627,0.7967831878357657,0.6707408105448341,0.38842326188267107,0.7046786073527385,0.7352779018798642,0.5859044436522377,0.7625511209774175,0.7325790081425212,0.8736210816940049,0.7228109477307396,0.7068807500303128,0.6908207954377591,0.4854438399792703,0.6539254462531741,0.5914294763786416,0.4851751867936012,0.7766370728067314,0.6009375550642208,0.6643141425188432,0.6643873027777405,0.6944126263914363,0.6205107612322196,0.5414967283373635,0.6162110208136418,0.590675867144131,0.8151310311085876,0.7203129506738795,0.876585190888337,0.7593818960273014,0.6610058327276205,0.7308707528291986,0.6381587160052368,0.37856003514279424,0.41842784040512676,0.21342303850318037,0.613386463828889,0.11668732411823753,0.763308518581503,0.8663578479203968,0.753095680588796,0.2764703417593982,0.7056014587678402,0.7184479643529437,0.8924957171447591,0.7583723780192168,0.6094764865952087,0.5236533647746683,0.3537170711545458,0.8166796402897397,0.710394978076701,0.7607552533720465,0.7165156672557814,0.8898157478040215,0.8573301856139786,0.6613019815882272,0.827863097924492,0.5039327996584426,1.0,0.41324399760073294,0.6686318376717885,0.3967995872220886,0.49260414858018936,0.8521681672476352,0.42665241688531985,0.8154118305062236,0.4637486578278539,0.8242502843156992,0.8701032526557207,0.6116846550311446,0.7562586152579589,0.6532058474971633,0.7934751339894779,0.8700181600725365,0.9312699382131912,0.8465049137836386,0.8538804165371787,0.7622997884897971,0.6533501468247545,0.8491739401501599,0.8185148418370256,0.9314156210876019,0.2001575281241677,0.7609752424246098,0.6824855535983102,0.7295553984017291,0.3101581729513572,0.4328007844320686,0.7723699773958325,0.46415076965437213,0.8631076428345985,0.6269407605546207,0.8624264059880545,0.31573839206286836,0.38157043543859337,0.6793750694259869,0.8194087880450719,0.505469191660563,0.8237266047879973,0.25317792667360095,0.3938142467177446,0.6149132494389581,0.7141699804714484,0.657030709847052,0.9581088309799818,0.8483777437712914,0.38099830120021544,0.7846718366573491,0.1185681593341935,0.7234180194072529,0.1301002742797178,0.7919371407491843,0.7493193952392497,0.24329619637506952,0.6217150114087254,0.6463755072135039,0.8960663632842409,0.7851113931341318,0.9181562431286924,0.7439685967245814,0.795165041054135,0.8939326404658,0.8909449038950942,0.7589364457918462,0.8420694744378847,0.7239413792424519,0.5665546946310474,0.7972552155233732,0.6987321933495881,0.7470254010915831,0.8079163813300968,0.706996242180073,0.7032160594689989,0.7319344433340274,0.7214279675850724,0.3348834169875994,0.6914671348334483,0.8100586651349537,0.8123969529709966,0.2964727988393696,0.367406264773916,0.4879412888127342,0.8191902325110747,0.7073115284529617,0.4093050898212961,0.7687848437836811,0.7403020853783032,0.9192878585577561,0.7332863470631196
KSA,0.34477706142313624,0.34274130568355665,0.2865929930881565,0.33174722738124907,0.37726782162355665,0.3338030384502864,0.456369262001505,0.46014500688802656,0.43782187051118887,0.44283741125953335,0.4111908084625018,0.43924645789088534,0.37549801038217684,0.3624859867651787,0.3534717989998577,0.08957560211071741,0.09887550185724106,0.06760450219537234,0.3881770290885083,0.29032820672727194,0.42484310466908254,0.38557609771473395,0.41151884658939347,0.4049648029763522,0.4161604147086039,0.09888576516325494,0.2997811646052775,0.3316876808058009,0.4990013300608636,0.37801063876560204,0.41715174540375116,0.4423897972905447,0.30728737851867377,0.3610785078381547,0.46440705463875054,0.39423887206974195,0.44279085487949166,0.44890997177507813,0.424422985505398,0.4501608374427044,0.39281418985894967,0.3897282246553917,0.2910038477527423,0.3927399454189835,0.3615484575820436,0.3432567115851414,0.39143820769778814,0.375161051543863,0.3918268831456072,0.38760857179815095,0.362512651907914,0.4189326272530239,0.3478274109991255,0.3275412711398698,0.4272883552623182,0.34563333156969833,0.4101249612882384,0.4226357050829902,0.4513089495422871,0.46138856814081536,0.45648934342329583,0.340463665263214,0.2622111406866729,0.27870858230799544,0.16735933110381115,0.42435190961094826,0.043256994483763994,0.44787497973670337,0.420144157524613,0.4251758418259916,0.10920092059517425,0.28775461287332116,0.33347177113217036,0.3566807138245399,0.3072777027031323,0.2989605246764855,0.36756264602604144,0.31438093690696284,0.3704963180021541,0.38846654667563413,0.3915462704294,0.33163851556411134,0.40209750335645406,0.41210478698732117,0.3308463950088237,0.37816438302393246,0.2840258420976999,0.41324399760073294,1.0,0.32902299213659647,0.17717958144192786,0.3042614317383007,0.41633029918165376,0.3114180423654015,0.41244370618388365,0.3460225295624284,0.38020428875922385,0.3399486590482467,0.2699092142206792,0.34492538320329635,0.4222419448979176,0.40625398882340785,0.34994989726150766,0.3935090619813467,0.3763232318830308,0.35593807568967445,0.35804745591280523,0.3703848619612269,0.432031487372334,0.39285927732314363,0.41862194013890686,0.1197436947802703,0.4346365634020683,0.43188278470933966,0.36984282214670694,0.2431687090385641,0.2823425429478187,0.3332744498615926,0.3092363158956626,0.42568638287722654,0.3994100285237167,0.41915370572907357,0.17227062332721862,0.16782133877015643,0.30392940647768535,0.39722568140584663,0.3084831971317212,0.37164322585143644,0.23877188009555275,0.45124643594028196,0.3183332004744899,0.34628287056216384,0.3480872592945036,0.39950932486410434,0.4233260155944068,0.16425294603582902,0.45332443508702946,0.04207314461299681,0.4243739197672792,0.021417666521604355,0.41319844321374144,0.42740997666721064,0.10966398731158726,0.32581699638624206,0.3993805910131655,0.4168382378601248,0.4207843945041124,0.383762911484923,0.4207257333830083,0.4585042017453287,0.46703004545417204,0.42790841775346167,0.4287601324873209,0.37343344926554417,0.47201200412861527,0.27079407622119656,0.4743841555764238,0.4829128180637995,0.2792211355541203,0.34976903661424746,0.26231847428750676,0.3033434695518244,0.41158522736965025,0.34173083947434835,0.2925623802817173,0.3757708571150324,0.39014144624763064,0.3626276333497144,0.24394760631401363,0.2362647628864378,0.2731302391524137,0.37126344754426965,0.36687045375857114,0.29810376342545736,0.34599492871872134,0.4359995948770212,0.41103519214530165,0.3956786039887871
LIT,0.4736225967088936,0.5451183307799813,0.5379000146085243,0.5783912288323099,0.6292078510239322,0.5526965253233582,0.6471730023304134,0.6430465190435871,0.715645204843891,0.5987355101744515,0.5413689814037371,0.5910514280965958,0.5431511913790639,0.429577525504427,0.5405467586432879,0.17367331899731864,0.16892994879070186,0.11049831495683152,0.6338537628541205,0.45251387847908375,0.5097053820947658,0.41239410908485347,0.4708253066925164,0.5817141091409337,0.619498924955242,0.16940214572851853,0.47603819920632034,0.5832201442449859,0.6629772666539552,0.48659065263977064,0.636393400137639,0.5876964586159181,0.35320871341034116,0.48180873727907886,0.632759130181251,0.502629794992512,0.6309425239087624,0.7170341916153636,0.5813050481710903,0.620310022541439,0.5810553378624893,0.5522324221840891,0.5915350374360993,0.5337151800223647,0.4755840119161608,0.4230674286203176,0.6349995302054833,0.4964571479372658,0.5534900295443986,0.5712806786566202,0.5988359504271863,0.5457795350717918,0.47560249781605907,0.5602491261466906,0.5920022986825826,0.5100003978205031,0.5878570879045546,0.5836469345318975,0.6542132481512267,0.7005837044900336,0.6363112899741358,0.4037555998353508,0.3990392277341314,0.42672566333006745,0.2690767340296176,0.6112958919202378,0.07898247518754248,0.6267763608252621,0.5658423834943968,0.5748197116347311,0.22100942322974618,0.47798657554738866,0.6157615290308992,0.6277097980360024,0.45481656514132285,0.36076520618362495,0.3798333781231837,0.32513558284812466,0.5732603518743202,0.4610753664249009,0.5088093526333656,0.4966185679243589,0.5841445576527945,0.5636498856940886,0.4040565259476611,0.5132535394897016,0.2709983168716431,0.6686318376717885,0.32902299213659647,1.0,0.26753561463138215,0.6390887040012483,0.5656298485696896,0.30005959573472035,0.5528187234850104,0.38208302314232606,0.5542165945287453,0.6929948610256109,0.40878175706673353,0.49756002301053887,0.6899558350870633,0.5033196350798215,0.712615385550879,0.644241962088902,0.577486667474521,0.5921488107162065,0.5279223894457868,0.4619638937691817,0.5753073413073057,0.5363489429305757,0.6129473318773806,0.1352509762606465,0.6378864614589997,0.6200637481794914,0.4857708145452439,0.37079499319788284,0.43439976794780233,0.562168568656099,0.31375244227240884,0.5761588478116183,0.4375727685844091,0.5704566927826855,0.21622115229952085,0.2591500994826452,0.6164676167168048,0.5560474809972563,0.49643482227540736,0.543816211147136,0.20919332369318555,0.2865755972532142,0.4979979815515493,0.4724586160386219,0.40181032043272474,0.6300934396518584,0.5672979688030033,0.2564271891617799,0.6554773362645936,0.0721710308372647,0.5971522524723314,0.08814587570944961,0.5155823409594406,0.5948795565606203,0.17666893135779352,0.4105846821331619,0.56411782945114,0.5974773152353913,0.536275728457831,0.59952972123605,0.6412716638479878,0.6931591950593401,0.6594286249220855,0.5915621214022511,0.5080892505536214,0.5573017243650951,0.7310836498855954,0.407552336143745,0.7008880769420845,0.629867898789143,0.45421504197351925,0.4901819934787732,0.4500951588725996,0.46758522859103335,0.6051270546681707,0.4492451960715666,0.28186778508954574,0.418375225373348,0.5288954800266237,0.5524237066141009,0.20171311432377328,0.231347382309582,0.3009786956962432,0.5746488574802877,0.6023735550091052,0.3247380493015372,0.49791496638968924,0.7245574040419686,0.7012870075916317,0.49702392902320275
LQD,0.7294245699170187,0.3496928222006148,0.3952597609947978,0.36754251044947794,0.35037034996117394,0.3349036914761492,0.4246756499974342,0.39594776871209525,0.34410057052257065,0.3787176412757346,0.32068737232190747,0.37214143703603664,0.3800422695990744,0.3479999734796444,0.2821046101066819,0.9552556111292669,0.9440574301760621,0.7629997755930059,0.3855396388617168,0.3131208499012595,0.37549378236251013,0.3782636704280277,0.34395485376144413,0.39405316874560536,0.31445236098195833,0.9364547259778868,0.6304839032491854,0.2988330585931708,0.36572382738179926,0.4936048194574919,0.4515262458292848,0.3885610174797013,0.2447227784582506,0.31432897867007803,0.34898091104666584,0.3346437121710808,0.44102725287310657,0.3406488770569857,0.3990510299576382,0.4265345487485739,0.38623512584631314,0.3995923869790984,0.22690402378124708,0.3608567454723439,0.4521643424189656,0.3038276905892789,0.37762038587773566,0.37619669195585526,0.3897021541505926,0.37678461694404125,0.3140547602116652,0.371541041750803,0.32919156633975694,0.30151467562878953,0.36674141274719746,0.35269696979177717,0.39576673925753203,0.39636237830737137,0.4596010025265448,0.31789412328542804,0.403451161575027,0.3914441022418251,0.32139835450210874,0.32765542421020616,0.2700873905149421,0.24790257772857688,0.8492690264137353,0.4384310013051007,0.39686766145407254,0.292907328488886,0.6638606656417104,0.4030680580116135,0.38612241591771557,0.354502914726937,0.32733858649153513,0.37550777106376426,0.25447832812316823,0.06437712159321132,0.33309436086237354,0.37232830642055814,0.3122134668996711,0.28487840651033886,0.3729889207643291,0.41506223192396446,0.24078151867838452,0.3626236342593172,0.20430669353419215,0.3967995872220886,0.17717958144192786,0.26753561463138215,1.0,0.21082821434327143,0.3772232628762046,0.14475621608244052,0.45073877656456734,0.057423201272385656,0.3442009528580455,0.3397219562883182,0.5772583376268772,0.45119004591215556,0.27980924575458466,0.3647972458841875,0.3519222330005439,0.4090696776322704,0.36156452235525277,0.3440834967151799,0.29506577347008073,0.48439578065826366,0.4281385163542198,0.31215042741833704,0.40374285353051687,0.7753627132039247,0.45785053692577965,0.4137459999744549,0.67731673013127,0.21306546152692066,0.2935495737686654,0.27763293757042906,0.20762402012169107,0.39170443095188007,0.39372732544463096,0.3932444877533403,0.860415582925547,0.9909087495482306,0.33325423323109693,0.34627128305884636,0.3319226099055736,0.36297352730496374,0.07946533178676868,0.1527796359650266,0.19501582667043627,0.7013415334909577,0.40955680149766116,0.4209057886222956,0.38709115229819696,0.9837500630940427,0.4405801947433924,0.8410214393113197,0.42405928912041774,0.884344809212226,0.4083598545858267,0.46571146212507997,0.8784104338536217,0.5058814883850092,0.48577796780789606,0.4285564545601988,0.40555686753885073,0.40998868775152614,0.40912646295510585,0.43285771331886447,0.4269098447114466,0.3990811532608446,0.36784909072783384,0.36783355307215304,0.3342136355391036,0.8111526699760715,0.42740922113575097,0.40015607964591504,0.33532813845135007,0.3175750909770315,0.36066976579774085,0.49525872136520027,0.37396744890994876,0.3539054807293469,0.04031141001239616,0.28227576008987526,0.34476852883224396,0.322605278871566,0.3010198654570038,0.38434984235812725,0.3383373411421864,0.3860431387806963,0.25291805193500777,0.05994769554884164,0.36197781741762997,0.3405648954627236,0.431179918427619,0.29159664060745943
MCHI,0.3710826117893652,0.44580444556435395,0.3999463908463064,0.442500061558768,0.4539888755366528,0.43525166271238735,0.5418967384808794,0.5200792378891704,0.7542934860934117,0.4213059230986574,0.35809639468037197,0.4588282589351943,0.40606544738339445,0.37225371458408607,0.3935496187362684,0.13151692382514613,0.13218583692666871,0.09347527757467797,0.4789649927425808,0.32561629854371626,0.3599123028965918,0.2947804689925145,0.34685754747460606,0.41936179564644294,0.6569326122795628,0.13841546237612137,0.4623453039617931,0.4120405907677356,0.6926812550467235,0.4510338285078912,0.5406288777897311,0.5067402583509854,0.27947553337933995,0.35772441681876144,0.5132341538542129,0.44482970398713656,0.539127628016901,0.7869510768695068,0.4222493745697661,0.5162496875090755,0.4954447765617622,0.4775595905043797,0.8021952153340003,0.4575953515024404,0.41409430983870027,0.3997472204913108,0.5578227503550331,0.41211486726101026,0.49788012061674164,0.5624303005034343,0.483587265663418,0.48351485921975523,0.41374450803729695,0.4421605884763142,0.5952293967141429,0.4167114124814709,0.521092041736555,0.3987853363688223,0.5491518675425243,0.7953227959360131,0.5244341259573924,0.28728002032010214,0.3178924462139274,0.3348193434411661,0.22404042761154233,0.47527448586341275,0.088904270911165,0.5297989008453297,0.4066742233407601,0.47356513301377823,0.21317915485935535,0.3742972647694043,0.43448027952454826,0.4853879508050056,0.3440062266478413,0.30705753302917393,0.3157155869970438,0.23996480163659697,0.41781539590917194,0.32600265171100024,0.3658979189914673,0.365344495993897,0.4078376309470251,0.4059738972558465,0.256810254952475,0.3752478826977111,0.19710509881008448,0.49260414858018936,0.3042614317383007,0.6390887040012483,0.21082821434327143,1.0,0.4122999800845416,0.22804099501294836,0.40684684404915933,0.23472290905596616,0.34435221856926446,0.4571607934324492,0.29086238847826906,0.33167603416334074,0.5592944600775838,0.35265775566100055,0.45728919571123355,0.5138755810537686,0.42433975057556345,0.4497520028380837,0.4036308113563496,0.34367301109687093,0.40725904763575643,0.39534742241580073,0.4171781924637801,0.06076777882660104,0.5293778743106264,0.6052643858085893,0.38738144112218553,0.2775622411645424,0.3353472486376459,0.40950049357486945,0.26319439223640606,0.41429724041552635,0.3031037348875902,0.4113305797035821,0.18540439697172814,0.20397082871312602,0.45997024001058784,0.4041850846167524,0.45255058700188444,0.4038295469816857,0.1466036990743585,0.23587868562490721,0.3481592059322657,0.3782011727330965,0.29435234588001813,0.44351321169060276,0.3846643064997649,0.19764151517266845,0.5460691654080331,0.06466633697898598,0.520989437928062,0.06509301278147583,0.36288076587433504,0.5346012874257875,0.1355244904853347,0.2978065178882324,0.5625106833515552,0.427206343135502,0.3656844994486341,0.44228813035468345,0.5157239802710758,0.642592297715662,0.5304336641482272,0.42701948472297774,0.3483822601206199,0.4160068546617027,0.8448179021642352,0.33757882779482573,0.6479771710262999,0.5755332415047917,0.36346787655697266,0.29769441029913785,0.3575389354780654,0.31649116959283174,0.4211015302104627,0.38537058418180886,0.18886202386738607,0.30133327326418197,0.3357260929560616,0.39238077377951713,0.16757844092412028,0.1431419023399763,0.22539654882262716,0.4004071943760732,0.39056033990184247,0.2165224403855352,0.35256686535953213,0.7774885507735598,0.5543790697514229,0.3808389620127436
MGC,0.7191280678859762,0.7844279777440978,0.6543690868782304,0.7756487363169312,0.8232321526853905,0.7864293512063162,0.766088865103078,0.7168029941543959,0.6932529211642672,0.961730622790543,0.7465331830727489,0.7575022113846501,0.6967933993230467,0.6471158986554317,0.7327096332051496,0.2266400945433455,0.21100080123841503,0.18272035317460503,0.8640829269948799,0.7681594718478065,0.896536371507742,0.5941960116665845,0.8436827211821817,0.9848169635168584,0.551193797282408,0.20830460880939636,0.4703186479622002,0.48029672380915306,0.644228429099693,0.6101342869294625,0.8154183858764704,0.6903127435181087,0.4084311590551974,0.6956332300621574,0.7157207867438288,0.594688329456998,0.7829882504061234,0.682873100362368,0.9941631937563333,0.7392373433629348,0.7006191824337064,0.7121570346012253,0.42856800204161516,0.6726621687107055,0.6205133515821164,0.5048833719797116,0.7895555431975038,0.6164764553568326,0.6846471745012003,0.6623131514721387,0.6982609461696815,0.6479481218684897,0.5186282520620272,0.5773214280899027,0.5510980216402769,0.8651763429504886,0.7470542189266413,0.809652920003273,0.7476633267989846,0.631226708109736,0.739036837933935,0.7678249766283873,0.3207525943713818,0.35246249104858246,0.14270721529564329,0.5956606302429642,0.07646440506866707,0.7899955554454874,0.9892267751439549,0.8063308821554233,0.2600081602214462,0.6699043857989765,0.5631295700159452,0.7867979269440212,0.8148884445575332,0.683019094763749,0.5707888649749892,0.37969775095132113,0.9237935793525565,0.8481758856439915,0.8859996304776482,0.6604237853670354,0.9512403139631773,0.9576346745606437,0.6200515794807007,0.8236763403428108,0.5786098520749446,0.8521681672476352,0.41633029918165376,0.5656298485696896,0.3772232628762046,0.4122999800845416,1.0,0.4455227154558224,0.8662669706262147,0.438534443506931,0.8005851665582394,0.653269384379706,0.5865001887225222,0.7646342127702257,0.610781046411376,0.8323634891318782,0.7094839791086378,0.8859512741656635,0.9665814848586338,0.8953589494636486,0.8817146929447247,0.6231374170039878,0.8843599500352697,0.7984587752776359,0.8409385408888884,0.18273903225341515,0.7487981236479496,0.6425843989081892,0.7561537680297686,0.2582298707350876,0.3629549440262639,0.8295769238852172,0.49673707757194285,0.9954613257165791,0.6464510933014052,0.9941311185027194,0.3013264856628737,0.363969506384212,0.5045224614785709,0.8971760055122479,0.508106507563101,0.9757693243926148,0.27046062883947836,0.4036397147829191,0.5450193052832298,0.7324487551099623,0.7982682872236221,0.8724862432213216,0.8047304617258059,0.3646686621903974,0.7940279999478055,0.07798321776285051,0.7428131161582964,0.08809709943630217,0.9148101519026564,0.7820405606471839,0.21054932026770082,0.6230524920005805,0.6006983759491827,0.8996247836397572,0.8020390966064419,0.9125519641817041,0.7398984714053316,0.7860368485964514,0.9604058558776906,0.989980329518205,0.834152770242795,0.9750429681092829,0.6825200651855805,0.5680460522069308,0.7915445224494292,0.712381958712011,0.7037479784280353,0.7125212954514206,0.6112203308289755,0.6552700382352418,0.7419778938930456,0.8412778177907188,0.3611864926220603,0.7749185894777185,0.8240214528846385,0.9323438008417071,0.44480735434928603,0.41060069551601247,0.602605530362887,0.882426270741383,0.6170993376052786,0.4079598078359906,0.7061218038836445,0.694301636777795,0.9071406176612924,0.8706379658189953
MLPA,0.39396476242485484,0.3394073157392974,0.2837265913491309,0.3267800284669196,0.3700943908023997,0.3334737960550392,0.4478782964332943,0.46308358114003095,0.32836506689098766,0.5347119490984387,0.5814835070916512,0.5740681352507473,0.3325351025828255,0.4448403804621305,0.34571256995167854,0.054221644901281014,0.057777829287792744,0.008074961689649338,0.36515049348007667,0.35255184350072666,0.47727670644945186,0.6464217064127252,0.5272724453874671,0.4327976503689185,0.3771606439650808,0.05889489961614961,0.23558254738316,0.32970799247144345,0.271989903391793,0.3469347814647803,0.33542090819847803,0.4511692180994422,0.2206116970980334,0.3157243265169714,0.3052787837053931,0.36672137960176143,0.40329494033541485,0.3001081805677437,0.46923025390492434,0.4612738267602311,0.3321076922691599,0.33244924012459776,0.2490307669779135,0.35947569486259556,0.2985226551457725,0.2664593015519511,0.3274240698395053,0.3353766762714188,0.3334277542229177,0.3511666272459945,0.29162775075130193,0.45840731263754503,0.3215517972498653,0.19750123498885036,0.29011673403135463,0.34136145432221926,0.3453845766825522,0.518600696605215,0.42615947147325456,0.3663957491113365,0.45746343780548343,0.4481496572788154,0.21315902649681012,0.23732120063885812,0.11121022943169778,0.6299208833326938,-0.028681857102905214,0.4264024492180677,0.4701921455291244,0.4194064188033527,0.12842067136455496,0.3070375945188932,0.31320579347140554,0.3664341567280794,0.3301415965327776,0.342695375320991,0.23980857994152693,0.7556768082283722,0.3229010048097816,0.48866202846058276,0.3747692759522891,0.2998734117921047,0.46191277148303206,0.47154794568072467,0.4419434451229312,0.4555618907346698,0.45917011746598907,0.42665241688531985,0.3114180423654015,0.30005959573472035,0.14475621608244052,0.22804099501294836,0.4455227154558224,1.0,0.44469687612620407,0.679303363717298,0.46213586404860274,0.3609544362958366,0.36491487931799854,0.38301058963149076,0.42757938803943774,0.5254037511783595,0.3619146729405209,0.4215656526833277,0.3608137052980757,0.3350843072037899,0.3848962305161132,0.47397640494313786,0.5337645623217985,0.49865708525526903,0.4913810900239147,0.15056609038424967,0.394877618145999,0.5206964224755886,0.4196722451078241,0.1459309555529663,0.24606245122703074,0.2999044722476506,0.21069381509329257,0.46891449157548104,0.5740949052278584,0.4470971447742019,0.13216195973537564,0.14044052618585096,0.2997434175973412,0.39773816201791906,0.2554949811025551,0.38379287271786794,0.11671445046035837,0.17057405316037405,0.35982572795977336,0.4038333778993793,0.46354898568692837,0.44774490765796465,0.5448148540220521,0.1393730669514095,0.4128206295471545,-0.01595080667259725,0.3826890250892017,-0.016850539957083063,0.47814165762833566,0.397209972964156,0.08042795427328013,0.4245814985802391,0.3356643959323089,0.5254623016528103,0.5691479896547544,0.44647476070743747,0.34772136585328867,0.3693463267013012,0.4739577161766162,0.4796923903418898,0.568103698107507,0.37027867511324036,0.3431273539846297,0.2723840620407759,0.40979198040781284,0.47758664292191944,0.32273145581800466,0.41763117754057577,0.2820480028740653,0.2953359882520428,0.46773822955041766,0.3610918069574723,0.753010290455432,0.4852806116207305,0.46289934506178315,0.3361552202283968,0.3057403204859382,0.3629759451787348,0.32114063098202056,0.37561715129499545,0.47752693096120225,0.7478762433922943,0.37137636651739436,0.29866319896348514,0.40904230116050083,0.4585439024912212
MOAT,0.7501169599467536,0.7465685931644716,0.7047653185674932,0.7438924698597164,0.7363624483891275,0.7281922093011376,0.7430967194219555,0.698829141067579,0.6107474590120967,0.8970606982198982,0.8016597599163822,0.7429768534032848,0.6331587292493241,0.6337898010888395,0.6511579380432225,0.3090424196990326,0.2981817558879524,0.24235022574801898,0.7829701347618306,0.7199688337918771,0.8703664745692119,0.7104453181708574,0.814525870220672,0.8772747675774949,0.5286381416728293,0.2970355392453234,0.49833200770701347,0.480129023184351,0.5868139879991209,0.6510459121781298,0.766719563961712,0.692690214777177,0.42057559901389874,0.6343677668934885,0.6112309793224228,0.569064762808936,0.7569998063718603,0.6068137744014167,0.8926473955991255,0.7139815543589342,0.7007495283488738,0.6989534450419063,0.4397673711805003,0.6553065690674958,0.6672887659612055,0.4887172124390497,0.729482051122119,0.6059624001771771,0.6883702868938958,0.64168471650005,0.5893672952840916,0.6555290273019894,0.48860436072538477,0.47715819354488065,0.5412223720986374,0.8077908664786503,0.7227667058916697,0.8663111799483997,0.7400309216980892,0.5917518337043342,0.7187085999137454,0.8272005001715068,0.318281459420132,0.34179424826231586,0.14686830765492323,0.6063409274617325,0.17267618401063814,0.7672164332894802,0.895300322229641,0.7432429592524631,0.3079389808601368,0.7186846363192234,0.5506790570674409,0.6996898763699257,0.758513601459061,0.7470406775001659,0.5248504373052104,0.38698757744968154,0.7417452611661467,0.8355697079628289,0.7430315353525017,0.6929896593607406,0.830024328122792,0.9094553656936283,0.6905144076250166,0.8383405697093171,0.6319144846177189,0.8154118305062236,0.41244370618388365,0.5528187234850104,0.45073877656456734,0.40684684404915933,0.8662669706262147,0.44469687612620407,1.0,0.43712852844571826,0.7902579727939709,0.6457000092673169,0.6179923107931465,0.8551368044583537,0.5825859365187799,0.8710375692960194,0.6715489705815619,0.8712263421366441,0.8100902319154577,0.7918798352610148,0.7332762647856169,0.7047201142969358,0.9355205391269785,0.7640466618307332,0.8608133304341175,0.2551090487787743,0.7446824554252297,0.6884033368876652,0.7778336050903069,0.23475627716218253,0.34606305523870873,0.6646666680562777,0.4402370284422173,0.8880142811289937,0.7930863325968145,0.8863926834069231,0.3733480095255627,0.43909263599965614,0.5222642625029473,0.7989872405918251,0.47860851582817765,0.82927625026019,0.24613320086479712,0.35761048555460884,0.43534935803409835,0.7625526105402568,0.8256188452260589,0.8642715490468038,0.8722251030697064,0.43583616562414557,0.7574548642501507,0.16976505438165004,0.7359380790883622,0.17745687353825218,0.8947016562289405,0.7799378192386096,0.29481412820038233,0.7386848845802181,0.6450333219258871,0.9172058252891355,0.8774933503799057,0.87404904668999,0.6671376150819323,0.7370168461707804,0.8821046879445186,0.8995177226262256,0.855364824995548,0.8231812206857961,0.6256822012633116,0.6027587564098104,0.7471640968710759,0.7070147385227988,0.7456911998040746,0.6775849633324273,0.6378407119239566,0.7645500700680865,0.8032050813376661,0.7924389692952323,0.3791532711199379,0.7895662939156898,0.8148245315585878,0.7529778043301202,0.5455603168893962,0.4497378214064567,0.678722257255622,0.8241237284667189,0.5880054834621353,0.42001085208435607,0.7909197538686085,0.6129835726861592,0.8593392296112187,0.7624015404560008
OIH,0.3420516558043808,0.2956248576110416,0.2791663513905477,0.3058205505811085,0.3979728532692394,0.2916194751045393,0.49007170696598995,0.5226588286875865,0.3957277061619516,0.5626771415293501,0.6688711311526094,0.5876247552462206,0.3869246822919854,0.39251615933248307,0.33945424655961404,-0.03404143869427893,-0.05097823862257715,-0.08097111732140737,0.3880509269111261,0.3213967259300422,0.48536074416386366,0.5760587402814866,0.5329252556567473,0.42112637343421366,0.44925129936387576,-0.04243774348289211,0.21442582408128474,0.3786127140502895,0.3302983655891984,0.3076346532011307,0.3605214484341764,0.48978129066994847,0.25556396733111475,0.3070558117726598,0.3963549043674592,0.3724383681350381,0.4358431644715059,0.3709487076490815,0.46014687400277027,0.5061394296069681,0.35299829371137864,0.3324289023344624,0.3007721559382039,0.3995985731372663,0.2753847495639386,0.28356385636316683,0.3660149683925271,0.34550653536967474,0.35024037083823506,0.3672844197280333,0.3587554458379338,0.47662628525575196,0.34559619725287777,0.29586203854172305,0.3383879381752795,0.29669920400161665,0.3689919493571263,0.5700309536984216,0.45879918471185677,0.43253332838235964,0.5167009037624608,0.3951011373072276,0.26647017454128746,0.2943124761550298,0.16329657764310032,0.7516791938260333,-0.12999608258828815,0.457197948095109,0.45894521339437644,0.4487204568062711,0.04424248631572897,0.28645275215706084,0.3308442030154073,0.3883921844971796,0.27671891459656905,0.26354691413355397,0.2349945189469616,0.8684718346602073,0.35139144445435694,0.454030272401286,0.40604580703978216,0.3235628520507154,0.4657444022720965,0.46174663904236274,0.47357654196189314,0.4509812020273295,0.39065684670638834,0.4637486578278539,0.3460225295624284,0.38208302314232606,0.057423201272385656,0.23472290905596616,0.438534443506931,0.679303363717298,0.43712852844571826,1.0,0.537405442627033,0.4007264260643296,0.34181772393416454,0.38539823331053996,0.5507526157723617,0.5398955414506427,0.4003010491568727,0.42206259469672197,0.3556092189231188,0.3570763621875192,0.38764586899189113,0.40380103381042615,0.5304026041310979,0.5251735593695283,0.5402866260319971,0.07875254866273808,0.4128963375332631,0.5378092127800823,0.3697847459146712,0.23086297321863675,0.30260478433040333,0.3594024037113835,0.2066659218488051,0.46636463793345495,0.5378697847806213,0.4333185951208865,0.02717739886140742,0.05139437262918539,0.31293552041123107,0.41953834858116934,0.30892628410407547,0.3490198991542757,0.15247706241425274,0.21559319995798235,0.41198137510612876,0.34313407180781313,0.36959879126208534,0.47081121954350674,0.5794797057339371,0.060551677169870886,0.4571089834027098,-0.1239931975698709,0.4010194776553763,-0.10993737358950813,0.45959381057950205,0.3941137352902381,-0.036782173633484724,0.3293526214578561,0.330211504998724,0.5138646327568303,0.5650366950352856,0.4317501875529518,0.42501265156858564,0.40448086527515903,0.49035334184223334,0.47912770864929244,0.5784660315211159,0.34801601444299035,0.38609461518220534,0.2051471834710189,0.45723478630028164,0.5216874093666501,0.26456154290596773,0.45656855269441615,0.2653213405349006,0.31309826724654305,0.5299244377598968,0.29936993153757413,0.8696661117766754,0.46655634587679157,0.5192541439493916,0.35559448243538333,0.18519413063984835,0.24014234351435934,0.2625061004119392,0.344739266574937,0.59008773795872,0.8443927023185173,0.3791562546448465,0.3588569952834576,0.4136474462664342,0.4515253561825394
PAVE,0.6510674033541104,0.6256596116359101,0.5960259471300298,0.6351621875965912,0.7363206033270296,0.6107486785170039,0.7482839944316995,0.721605815569446,0.6285740897961665,0.89774193009697,0.8773522941682051,0.750935479157417,0.6568930636176679,0.564179666772108,0.6359701613231435,0.21598508926729332,0.19356888708174386,0.1820765373611765,0.7628574902166081,0.5955909273017985,0.8383696814676004,0.6833401752765039,0.8009865065659308,0.8197990487227925,0.5241687338792582,0.1996592756023647,0.4423814098889601,0.5043661699695131,0.5775338483996237,0.5679107012010407,0.7428524202731428,0.6853998953319942,0.35796770954451046,0.6022551030980874,0.6597097806630707,0.5593380006840539,0.7376123085019843,0.6119637505176418,0.8342215611050138,0.7116809114523495,0.6793146267699576,0.6537323229252436,0.41756825927407576,0.6370017237773112,0.5817551543527246,0.4545944432627331,0.7144395746253476,0.5737330881024211,0.6586632797958457,0.5738276209865228,0.617237206979134,0.6362914874955393,0.5446312520679052,0.5236558178512412,0.532159305377824,0.6418165843636378,0.6951289656793287,0.904488634192967,0.7317398195559047,0.582194888560304,0.7275099704471961,0.7420583146865881,0.3317005897605576,0.3645951389279364,0.15754927914435188,0.660850455608726,0.08199071679089431,0.7491422750385016,0.8453310993307122,0.7578745938422342,0.229430796778432,0.5950312955900992,0.5591332204081434,0.7242246603576636,0.5799661268883552,0.5871009908865659,0.49092028356597833,0.4286843428490462,0.7189199315487728,0.796791555632058,0.7053758017474525,0.6966269251864614,0.8603143247458555,0.8430510722409722,0.7286565358069479,0.8094255604374997,0.6196118096311932,0.8242502843156992,0.38020428875922385,0.5542165945287453,0.3442009528580455,0.34435221856926446,0.8005851665582394,0.46213586404860274,0.7902579727939709,0.537405442627033,1.0,0.6602937081569515,0.5719300881308864,0.8675782044045794,0.6666773947432219,0.8684681160164883,0.6990909084501941,0.8128555313613623,0.737647846317337,0.7192291825753218,0.6874922243664782,0.6441448641052475,0.8905352043536929,0.7915032062056055,0.8991600427688737,0.16952589716990893,0.7230118745695276,0.6445709676047453,0.6774962552001781,0.24079394389396916,0.37374593113582366,0.699275037064986,0.42618711352856475,0.8328310349858631,0.7256768055307179,0.8257799692316524,0.26176124224620717,0.33229575423789437,0.5168304218538943,0.7633907220113635,0.44396057420881846,0.7299598373922114,0.24118025760091946,0.3584406999199809,0.5251624986905197,0.6577231865377354,0.7012846025052092,0.859459620944089,0.9120144654481823,0.33473811438564977,0.7550296929965109,0.07256226358468695,0.7034053130299249,0.09846367192225948,0.8489015797121764,0.7200759354308819,0.1967946018686729,0.6548979328801571,0.5967925975314681,0.8971343866040962,0.8782485826853774,0.8411932603533157,0.701799351655881,0.728316720874746,0.8490015169662134,0.8513012506514236,0.8586866027513458,0.7331178066301542,0.608505608524898,0.5241793344821413,0.7427211243572764,0.7001276332513794,0.5352449449318666,0.7605470170096023,0.5362266513229157,0.8041784203994042,0.8536591389504518,0.6240114429952394,0.42270579545386777,0.7620786414679365,0.9442235045891065,0.7172503181964727,0.4034953881494632,0.4576941123775791,0.528057273859542,0.738757255058828,0.7353117970525471,0.4606238650068192,0.7311102911668791,0.6189394146648868,0.7895152644053146,0.7196893344551181
PBW,0.5804395683809519,0.7181710412775386,0.7342784476942149,0.7701289393691448,0.8157824610165213,0.7320233857509759,0.6225067891909525,0.6154692529119226,0.6416448922704174,0.7025732509082854,0.663151610959977,0.6237260430888422,0.5376593272033116,0.4734760688722584,0.7002264492864266,0.22812213372720247,0.22306745255251498,0.1770579243903139,0.7246972438368172,0.5888758563250958,0.5784375746732957,0.480370955737712,0.5149301556479892,0.6692158055563376,0.4932832750325967,0.228008182492866,0.4279776936312997,0.4814604334948304,0.575967447608248,0.4467214540632219,0.6407863140446285,0.5358432283200231,0.31642961930997465,0.5727183066701697,0.6230906617871826,0.4838774265213567,0.6127801458831942,0.6377908044130982,0.676942376026381,0.5890947708430073,0.5861814241915559,0.5465091275845219,0.4408720593982904,0.519301324765939,0.45783898622640123,0.38671518135892635,0.647557966647761,0.4875690578403268,0.5261129292260538,0.5491813999071362,0.5986730256214404,0.48832753004220086,0.4628272650399762,0.5310812741667391,0.5191326788501589,0.6465742018874796,0.574853547721844,0.7209135483314976,0.6336792630947412,0.5756206044945615,0.5989012281129918,0.4318192780963937,0.34880020400378736,0.3870696749011378,0.2255684581135466,0.5453714482797514,0.10289922740143297,0.6108402675165641,0.6591826800986872,0.5877426516049302,0.24568933166424237,0.5867997112940369,0.8293858974058351,0.7845559503434609,0.5755797020277861,0.422418453780402,0.41367307130308156,0.3134167847641714,0.6575760361961124,0.5055351009522401,0.5947342061019684,0.5820569085132884,0.6934288723351444,0.6497239358425914,0.5140818807836609,0.6352543631139459,0.31706792368901465,0.8701032526557207,0.3399486590482467,0.6929948610256109,0.3397219562883182,0.4571607934324492,0.653269384379706,0.3609544362958366,0.6457000092673169,0.4007264260643296,0.6602937081569515,1.0,0.5313465417525164,0.5891428515443665,0.5798803143738387,0.5939017822393394,0.9367603516954957,0.7863570179326922,0.6731765960531776,0.6987798211084338,0.5975457190613969,0.5667327374541437,0.6677730419985136,0.6724646789174399,0.784109008619719,0.1901476670158775,0.6352442715690884,0.5936860752565406,0.5911818205475183,0.3034736439833732,0.40747502470116803,0.64593789063815,0.37248485361176525,0.6651644559601285,0.4977411053119406,0.6614626570237843,0.27150713882641686,0.32723745701380386,0.8320227107561484,0.6592548150858079,0.42974200633564885,0.6340212534629507,0.22385353606562863,0.310193656496162,0.5889443302950367,0.5819653929003293,0.44836949552652927,0.8100180431416008,0.6876064239149383,0.32487793452979785,0.6391744893227755,0.11821296214086711,0.5796681725296103,0.1252542982219727,0.584252352001488,0.5927307502561262,0.22649251386923117,0.5075557074089028,0.5520423936271465,0.7177013021499877,0.6156991494036355,0.7458985008984269,0.6116224918976337,0.6588499291342792,0.7109261041005338,0.6961572808232869,0.5697716142897405,0.660923090355957,0.6308896494508925,0.47140069825021524,0.661428808506993,0.5688813190998112,0.6115928265188308,0.6439259084995352,0.6166727286313367,0.5767956254569344,0.5920147377055035,0.5408717002216057,0.2909487583156295,0.4848949345924072,0.6222577812632636,0.6466977359242202,0.16865719631925144,0.3122279139113472,0.32061633668474254,0.6694233023107368,0.639502759986893,0.3768002060612525,0.6616458308276938,0.6437991532993416,0.7872567572942302,0.5481838948732511
PFFD,0.6985199153278271,0.5273981137170537,0.5030100781397047,0.5310858141439795,0.5466783723323095,0.5198149953518348,0.587726020567569,0.5645026944749375,0.47538704299205586,0.6321071150556823,0.6015798676838916,0.5784388264653287,0.49536575181649445,0.5559414959523552,0.46378618102794095,0.4948176987193186,0.4686084115022086,0.36311953517533946,0.568655530649249,0.4848762107653142,0.5778795362641908,0.565383473999937,0.5519135276288321,0.5960512980922801,0.4192698111868917,0.46965837719289366,0.5122841903236607,0.41368323912047017,0.44255430892054093,0.5292144829808811,0.5790087886738047,0.5512590897476498,0.32363040577698177,0.47179345756679497,0.4837930458819759,0.44787350166632023,0.5861540116014711,0.4713950792793555,0.609003145278045,0.5718691961224939,0.5363439720675439,0.5292976792124146,0.31856192641585307,0.5124130048774025,0.5133660565205733,0.38156443011794444,0.5402308529304589,0.501109050522321,0.5183083976035143,0.5033675766402917,0.4443748638801814,0.5164264156379326,0.43506585342785303,0.39324252364819207,0.4389538413923486,0.5310039594404078,0.5406382146970625,0.6378122413347341,0.5930334518865614,0.4329889503452897,0.5698846923754649,0.5372099205141565,0.26081417171719884,0.2852430154389347,0.16068346418223817,0.45415274157832125,0.34268657952180753,0.5900074034546454,0.6089691803745911,0.5430671443785123,0.46841516122495525,0.4971558383096965,0.5039695630760744,0.575468716189877,0.4937020868231464,0.4807689881425449,0.3746927553034832,0.3099323708545553,0.5064472885431981,0.5637606050391243,0.4967172393424999,0.47586985331871806,0.5971803555111833,0.6167927758611454,0.5424859001456934,0.6039007348421593,0.4434251117244942,0.6116846550311446,0.2699092142206792,0.40878175706673353,0.5772583376268772,0.29086238847826906,0.5865001887225222,0.36491487931799854,0.6179923107931465,0.34181772393416454,0.5719300881308864,0.5313465417525164,1.0,0.5848843883261603,0.43363618727911396,0.61063239542872,0.5431742442114869,0.6114165903492594,0.5431804227923527,0.532428245078648,0.4809303716099874,0.6035364875589919,0.6470674575924087,0.5767532337449023,0.6404630852694583,0.3740518430194811,0.5940647772787486,0.5499568198338683,0.7018855686654577,0.19270426186346684,0.28601527657701403,0.45828704348079363,0.3215563710109189,0.6038581456573036,0.5845303789278706,0.5990207984394569,0.4715179943883485,0.566173202334991,0.454902772032806,0.527390856955235,0.36018739538157934,0.5506151033793132,0.16807257826438088,0.254379527914523,0.3696516661685492,0.7083791281185993,0.5358777704467517,0.6302952770648849,0.6387616540337144,0.5695587935939102,0.5918742661177429,0.3370721721555047,0.5660426046603678,0.4088900017406375,0.594144422337448,0.5886313375609854,0.4561486504571241,0.5779952312504174,0.5445293281947281,0.65113771558312,0.6293106471022074,0.6150811245180656,0.5330719963393294,0.5757516065648053,0.6325851190938605,0.621338683444174,0.5935641689741822,0.5566087859465798,0.46814797360131977,0.6225627629223023,0.5796462588610736,0.5548565322616565,0.4877696067639305,0.5169700710437054,0.4542158404818394,0.5745426523245236,0.5496884294499949,0.5211566117041065,0.2925797263874831,0.5507135768725782,0.565623444879706,0.5010056525611776,0.342373252321554,0.3920391956111804,0.41771475039642836,0.5657389765636236,0.44719925855241627,0.3193785792844545,0.5488508063486434,0.4760798084638281,0.6114558860916203,0.5049907637057629
PHO,0.698135104601945,0.6194437890479617,0.6186221741446375,0.6168337741068047,0.6467840154249892,0.5909720879805607,0.7085372979928216,0.6594823541927936,0.5457496396515058,0.8357605917124313,0.7968059176517559,0.7019219504476767,0.5973318265115972,0.5584355461583915,0.5556150120670699,0.3249809984936399,0.31525239907338837,0.263140273127625,0.7021711023899568,0.6001071752030034,0.8266254427912295,0.7128166528710332,0.7907270824823686,0.7863071578803622,0.480934216770814,0.31461975572726497,0.4784266428472342,0.4561718888135438,0.5237923364990614,0.6448753337529567,0.7280605989296474,0.6602344633150097,0.36896942905558583,0.5585852740731982,0.55730335850372,0.5312091323011379,0.7177139920123872,0.5371271938562963,0.8045298638760793,0.6759521635711031,0.6791692575838769,0.6581791735703995,0.37793032220561157,0.6282181695816199,0.6468319132136134,0.44073906252511375,0.6755577714710925,0.5827417670573206,0.6640192848824025,0.5744967400037752,0.5162464942391837,0.6292635270060211,0.4790108525483181,0.42873305059145383,0.4995890061214366,0.64901643561818,0.6857629968121697,0.8588671244420814,0.7033248285957173,0.5212475867080455,0.6772384871314489,0.8412609466409741,0.3017569271500378,0.32358907329621495,0.12816594377370147,0.5540563741904048,0.20320809074996968,0.7303542189233233,0.8199635959677093,0.704753278562992,0.31148539062093833,0.657556137735277,0.5269317270157372,0.6299370930193972,0.6108447179126024,0.7117575098512002,0.48869224134633577,0.3236476818205688,0.6381534476275578,0.8220668797453314,0.6293019760143916,0.6377629937884565,0.7882692807019149,0.8453064425727614,0.678298081748473,0.7818068988422143,0.6620284542377914,0.7562586152579589,0.34492538320329635,0.49756002301053887,0.45119004591215556,0.33167603416334074,0.7646342127702257,0.38301058963149076,0.8551368044583537,0.38539823331053996,0.8675782044045794,0.5891428515443665,0.5848843883261603,1.0,0.5346159888921241,0.8410540000361817,0.620576169809197,0.7875730397274813,0.6859266676936593,0.6644634540382226,0.6363650423344843,0.6825545468990487,0.897908895113638,0.7253316410506429,0.8419390861817927,0.2597104796622012,0.7082454178993831,0.6381932996831405,0.7101115526060346,0.18747089129414846,0.3228432980089628,0.5740699926112148,0.413456690126579,0.7985690636279402,0.7650573702105599,0.796659439352463,0.3787605992159755,0.44009795327737566,0.48597420469082453,0.6969552008233417,0.4082709566936414,0.7057901052137712,0.2235889414526517,0.3102092626593743,0.3797381216439668,0.7027168168580761,0.8071707137602209,0.8183035513785496,0.8716961446769337,0.4339245290252929,0.7182419518676657,0.19940519079601732,0.7050339115891255,0.2067358246947579,0.866867653995856,0.7419253214507862,0.3095854866785278,0.7549663444812014,0.6223816359828853,0.8846363327641573,0.8756219967888424,0.8165576911180122,0.6267186766857068,0.6891454265899718,0.8075941432410847,0.8153508963737299,0.8424272157601111,0.7015057512125068,0.5509497962963809,0.5861697596587729,0.6985138159826376,0.6675067691697375,0.5969502621513513,0.6657917516861803,0.5685252411885314,0.8348730990318362,0.8254216454657108,0.6404286117975766,0.31358721999770756,0.7491336867842365,0.8568671903215802,0.6444806605708768,0.5518188640801971,0.5261544322275539,0.6605051044170628,0.7285904852502493,0.5654320910846763,0.3513016238171968,0.7353629370428113,0.5438729550781215,0.7599433543488153,0.6794700942429495
PICK,0.5121885542143669,0.47682425560222,0.4463952139639648,0.4798822816524115,0.5910512263003194,0.46651672171503245,0.799651198516862,0.8107865001737224,0.7762160322340378,0.6735221315421809,0.6363554289902751,0.7661968943308489,0.64940241068451,0.4619544929426893,0.5252893567777063,0.17390765491436994,0.1742934650017341,0.1392623938326942,0.6445293641478054,0.44121143642357863,0.6049362473349934,0.5310354250235284,0.6146516715134521,0.612059895882112,0.7576611113713567,0.1789394174434416,0.5788901224660721,0.6287773587730292,0.7284677903778157,0.6089691190071589,0.7141008118899458,0.7681556011910425,0.4252135002988243,0.5194155232113623,0.7412349755988142,0.6235493700048711,0.7580613547536437,0.7494226296941664,0.6271211036726828,0.7990698105740452,0.6798368072124451,0.6484218234322664,0.5990155138108391,0.6534284651788653,0.5824130192077918,0.5269632035354258,0.6761826503860501,0.6125193755095735,0.6594402123303672,0.6196202814814143,0.6529090040877299,0.7365890394407161,0.5932881469830713,0.6257776203428466,0.7342685927921063,0.47132790887910203,0.6853231931230127,0.6480602961273575,0.7765299861585511,0.7874645195551961,0.8071266634119796,0.4873221687297015,0.624679903033909,0.6497704789553633,0.4659784670723737,0.8783980371018182,0.08628104059869354,0.7608779770706171,0.6195814101218083,0.6691579943662523,0.21347103693824016,0.45048399568923747,0.5603398900488448,0.6224590519271032,0.4205580133208311,0.41583243712891504,0.4629886946726204,0.5122578191750197,0.5854352840856824,0.5500115899187915,0.5621539988704918,0.5129630137721952,0.6300015685548327,0.6173901700114105,0.4694113842866433,0.570566655207165,0.36447678144168977,0.6532058474971633,0.4222419448979176,0.6899558350870633,0.27980924575458466,0.5592944600775838,0.610781046411376,0.42757938803943774,0.5825859365187799,0.5507526157723617,0.6666773947432219,0.5798803143738387,0.43363618727911396,0.5346159888921241,1.0,0.5972940466260306,0.5975399217365736,0.6317020911071953,0.568804101037655,0.5676940404685106,0.5333060010167544,0.5012265850793903,0.6427317853411574,0.5822412249772246,0.6470151372713051,0.17903745389534909,0.7445289203053312,0.7338637057380932,0.5303896374618498,0.575559476367353,0.6503683821939257,0.5671546501460795,0.41479163589693596,0.6270842918923587,0.552421078746704,0.61495273801765,0.24569843993971102,0.26971660173321355,0.5080213201543112,0.5941921514639841,0.571162599048592,0.5470898700312488,0.2628851926998049,0.36519791542640834,0.613508196896744,0.5072268347530334,0.4764829958921996,0.6254360411730624,0.6455654760697567,0.2624972074314258,0.7909902039449752,0.08497321146131577,0.7199700522555117,0.07770161131481826,0.5925373675022506,0.698180936929305,0.19340830879240412,0.45289801867498214,0.6616898986210573,0.6436780362500154,0.6329375746257683,0.6027620962254199,0.7611033881153955,0.7789012905562462,0.7345341144823977,0.6377474278540568,0.634045670763982,0.5534097070472611,0.7596379901650879,0.45043223032899443,0.8113728896474092,0.8102559573101686,0.3661483090688208,0.5614859390203485,0.4011975245095259,0.4861298770060796,0.7538500999126999,0.47038557673194137,0.4546151745197732,0.523478735218044,0.6270775560279704,0.5571837614118439,0.2755843695621547,0.3190998188626149,0.3642537499046177,0.5323680351995312,0.8393395819782791,0.44743107341343424,0.4859977967670462,0.7405431517864861,0.6694192414472915,0.5534684074351697
PKW,0.6989358361929501,0.6741117617580782,0.6045161505852424,0.6596405896034802,0.6916612933524655,0.6450739009861822,0.7504218836139585,0.7156562217633102,0.5744190176196008,0.9213943368361627,0.8948040064936017,0.7764305073510357,0.6301600403244981,0.637185448828208,0.630535245489437,0.22065308920021842,0.20006055996776134,0.1622831999854788,0.7197147412390316,0.6377931649967242,0.908229488718833,0.7828361949259371,0.8825071009753729,0.8343412104638138,0.5257957652597378,0.20166600955184763,0.44691664553710353,0.47441513319117334,0.5418279428146905,0.618457251159339,0.7237862798842495,0.7215505187447285,0.3791112987121659,0.5966314980401651,0.5851285694817303,0.5839304006495919,0.7450833188571232,0.5629789413020634,0.8656152091135788,0.714604459019569,0.6794573663188298,0.6822061512913592,0.3998048084915965,0.6732589126014545,0.622354407026562,0.4694028304780965,0.6862785957114047,0.6259608872291428,0.679021861703818,0.6168045275390517,0.5430520885030466,0.6774116155032532,0.5168951597592991,0.43675205356832975,0.5067074256365354,0.7003272958352265,0.7044982115935556,0.9111483560658512,0.7269885118529313,0.5688221042237562,0.7314333562602895,0.8523383503800742,0.2686214300749708,0.29530350572265884,0.08498529826191681,0.6602204350571124,0.07590254291949033,0.7652638694294606,0.883879995179072,0.7650642688833987,0.25143231249597525,0.6496639869785557,0.49510049065157824,0.6812273191139364,0.6489506767230092,0.6923656469641333,0.5240177196737792,0.49985566542761317,0.669649107240786,0.8655019889534871,0.6851935273554857,0.7272035686774463,0.8485005553758942,0.8875035436760036,0.8019185513532999,0.8732165920814381,0.7665272025484194,0.7934751339894779,0.40625398882340785,0.5033196350798215,0.3647972458841875,0.35265775566100055,0.8323634891318782,0.5254037511783595,0.8710375692960194,0.5398955414506427,0.8684681160164883,0.5939017822393394,0.61063239542872,0.8410540000361817,0.5972940466260306,1.0,0.6255635592830934,0.8242101119370955,0.7327960843645339,0.695871523066837,0.704540087513248,0.7023920087494248,0.9508592914676565,0.8059093892334585,0.8873578790977846,0.1779734296889838,0.7277129298385191,0.6934501976538857,0.7322168688963271,0.17935397224104163,0.30412271484079395,0.6048249645406596,0.4523966636141234,0.8651759124983923,0.836752958780786,0.8572010045461098,0.28882408942517807,0.35251363987837125,0.46393494002400326,0.7509904466517237,0.4388815764180868,0.7561560774702982,0.23626185340187608,0.3559440601227995,0.45207383677996,0.713756152049684,0.8217183072531282,0.8446556069324546,0.9361427004573442,0.35419110343427906,0.7466844715776456,0.07105895162801437,0.7241282182858096,0.09291817423235052,0.9049720184181571,0.7439350086473614,0.2024832668142122,0.7140037699507528,0.6178889877700869,0.9276647595320836,0.9372664350844747,0.8445401061548444,0.6522435195881863,0.7075468903370591,0.8615763654404749,0.8803152935353901,0.9248864426076161,0.7464705949499796,0.5854377175317899,0.5476999463443564,0.7281822361630473,0.7287153418974328,0.6206259342858867,0.7158729359883487,0.5666936001316697,0.771501620909646,0.8326513345035778,0.7176092778762018,0.49890286869876477,0.8915556794528691,0.878889471407271,0.6814571979326006,0.5372709503935722,0.47788543758037383,0.6481022388283889,0.7881399487484162,0.6429051309242633,0.5217101646787741,0.7994023592274596,0.5693191860525287,0.7739450541180317,0.7746578667075128
QCLN,0.6078379685736305,0.7120204699838164,0.7089330823894429,0.7732304184482914,0.8255935374902157,0.7375559519983742,0.6486383080722244,0.6326004375480243,0.67833853531813,0.7480633943146191,0.6700842645094457,0.632742060266466,0.568261386347182,0.5067682659967012,0.6947506410460033,0.2350938435978245,0.2283006229335332,0.18239085034726502,0.750962755070625,0.6069708559742354,0.6123687775969548,0.4783484068833785,0.5468729951919805,0.7269413130462853,0.5125164463820779,0.2319151579487817,0.43519707019760356,0.5137070562790809,0.6129970805009601,0.46255879813583956,0.6791747185736956,0.5545356472661725,0.3366652389280089,0.6003913880325836,0.6713011602750725,0.5001485030640705,0.643471924303906,0.6713824295438688,0.7297907915242708,0.6131312312740493,0.609093766535434,0.5725537496455652,0.4439921992699106,0.5446150333415732,0.4765581486966953,0.4131287172726152,0.6946185703424073,0.5076059851909287,0.5500886660890701,0.5580783302322452,0.640558889081931,0.5067989297601352,0.48032279953257356,0.5763509661126319,0.5347166113959887,0.6693171574068794,0.6071298429165725,0.7342628468214177,0.6544834040766904,0.5949480441378568,0.6244720417826519,0.46436946102995974,0.3439076865056772,0.3750342117272829,0.20464525925137766,0.55607351620381,0.10972549946286474,0.6389584454900039,0.7114507457463227,0.6241254869316994,0.26236287884020826,0.5935445525409361,0.8625611888126364,0.8140682204449565,0.58846998806798,0.4435922112615842,0.44507072591269503,0.3082911829738691,0.7217703065919574,0.5550628053682579,0.650592445832866,0.593923824096929,0.749680783810672,0.7028575642086992,0.5180377521082467,0.6488161637421458,0.3244213671250711,0.8700181600725365,0.34994989726150766,0.712615385550879,0.3519222330005439,0.45728919571123355,0.7094839791086378,0.3619146729405209,0.6715489705815619,0.4003010491568727,0.6990909084501941,0.9367603516954957,0.5431742442114869,0.620576169809197,0.5975399217365736,0.6255635592830934,1.0,0.816420376272477,0.7414186884607433,0.7623780902159638,0.6555241861185268,0.5675451879875784,0.7035854156326701,0.6876519693268358,0.7965827583460956,0.18628995777527738,0.6541589715369481,0.5924402726122789,0.6159454261453936,0.28489122678641976,0.39264169523592457,0.7233057959872329,0.3977281031015367,0.7206295013970243,0.506866070245341,0.7165065739939014,0.285139037901306,0.34112143047746385,0.8442127803313811,0.7204439169604008,0.4510391486690587,0.688948192168398,0.2331292677373283,0.33269448845581157,0.5644797232420542,0.6074226894609334,0.4860475832792648,0.8276433129029825,0.7043343349077051,0.33542168758521196,0.6715875682719465,0.12132702224855092,0.60769533599253,0.12684916367204838,0.6311841152247148,0.6171803799435484,0.23249949020678382,0.5175676682175651,0.5577783831326959,0.7533311523297572,0.6456204254959019,0.7833451037252399,0.6514845638246886,0.6937461417422179,0.7566031677679735,0.745352776430634,0.608899862788903,0.7153170610942602,0.6565956453093291,0.48765400230734196,0.6940519920283157,0.5878688765486089,0.6028869139722111,0.6422490276602049,0.6041517634256748,0.6071643540232631,0.6296193252219227,0.5677736174319286,0.2852353051926608,0.5068784913723366,0.6650467413593039,0.7118653411009256,0.194673515716947,0.32861235469125016,0.338490036185223,0.733804915011855,0.6317922247099887,0.36471126784331354,0.6590155587418322,0.6779865556284752,0.8306631201650041,0.5958168635445713
QQQJ,0.7341718193715449,0.8486302993852725,0.7962992943962482,0.8580304033579527,0.8666462724822911,0.842300327869868,0.7672462771800173,0.7249881661361808,0.7340665342372781,0.9126588192562904,0.7828650912176258,0.7511128711283331,0.670091091501533,0.6440708858309827,0.7636452169380967,0.2631433635630391,0.25074232185707473,0.21600367057572245,0.8680951572483055,0.7926369337734167,0.8195741558969808,0.5925962174624403,0.7539603142141025,0.8996639741960778,0.5685534396285012,0.25086876274618614,0.5062675835143218,0.518253640906285,0.6844060534815214,0.6158656845488277,0.8181404928274145,0.6800790296454845,0.39333311524835496,0.7057022813677981,0.7224328600825214,0.5937886889838471,0.779137451277694,0.731904305895017,0.910160778698653,0.7236802402585012,0.7222836312334003,0.7107395523077192,0.49358354803951365,0.6617691146091239,0.6286454129104958,0.49809178313382485,0.8012964892184602,0.609481439152078,0.688817408331352,0.6897687689184643,0.694057457219422,0.6397903647676284,0.5399879334948273,0.600171763164508,0.5842783758523517,0.8607822749090038,0.744072193610992,0.8626261898885127,0.7609132390232402,0.66094094565648,0.7324783779041385,0.7069157562281331,0.36183759330087617,0.3957984032933766,0.1786124347761027,0.6038804293666685,0.12472680146207565,0.7819677657631695,0.906319162056743,0.77466514776295,0.29853757260195884,0.7696473016720238,0.6801740925084085,0.8797168946793897,0.8026611863088653,0.6840570285143499,0.5485679968284104,0.3450773669757695,0.8430122652991644,0.7620847254598055,0.7814904402024181,0.7237562196847293,0.9235059511427937,0.9081718130571522,0.6260965507851409,0.8248613419902864,0.5419376716083978,0.9312699382131912,0.3935090619813467,0.644241962088902,0.4090696776322704,0.5138755810537686,0.8859512741656635,0.4215656526833277,0.8712263421366441,0.42206259469672197,0.8128555313613623,0.7863570179326922,0.6114165903492594,0.7875730397274813,0.6317020911071953,0.8242101119370955,0.816420376272477,1.0,0.8779048484482743,0.8910226955707512,0.7986136158793,0.6442108027456652,0.8889260305802436,0.8160653077901681,0.9119253630051362,0.19387950208148644,0.7659949595034139,0.6778855628771534,0.7620944313573278,0.27404324668378416,0.40604078747236455,0.7943475852579891,0.4803479282356719,0.8988283436278689,0.6406121157879746,0.8985270561097277,0.32988715031654225,0.3962816172228139,0.6380555767452566,0.8477302556672008,0.512498191603484,0.8621650201665714,0.24276039238858868,0.37385179434569266,0.5649318017429934,0.7451197752245236,0.733884936259507,0.9617388851981721,0.8477497209056934,0.39157527105039525,0.7927512364416264,0.12343640883873247,0.746380641450618,0.13359925739213482,0.8398142879999919,0.7841986124074414,0.24927346405716413,0.649026581206039,0.6464527674606597,0.9300163871399716,0.8125195712908312,0.9555771376439538,0.7349492598042717,0.8047124231082808,0.9181283466629264,0.9214126371462912,0.786116081173641,0.8810652838158558,0.7308179832486555,0.5929674854414982,0.8051433324717712,0.7051060314700329,0.7890753050630075,0.7482264467062314,0.7359856446542458,0.7306119835648066,0.7582744755482858,0.766413572402437,0.3254614675119373,0.7110789241129883,0.8103878340481903,0.8437926783231621,0.3643402560092483,0.3696032590326393,0.5770568410066211,0.8386148685902913,0.6605349479261762,0.3992676417669945,0.7926100846487741,0.7421693854150031,0.9379854731495872,0.7700175344730762
QQQM,0.6828719449894862,0.804162530191874,0.6614894919327347,0.803602727386429,0.842959891083538,0.8204722679165634,0.7092085372841874,0.6619227662849582,0.7025830507253276,0.9045815606291315,0.6661386483017444,0.6770043972727842,0.6727290855060551,0.605135286595152,0.7431718522397471,0.2177434189254136,0.20605408877660972,0.1819620096156434,0.8765425893288608,0.7873065348840942,0.7922557970738845,0.4619019975734265,0.7209061184403861,0.9583557471606772,0.5113445102832395,0.20255188361245222,0.4438313574341383,0.4525246656194795,0.6469087352752653,0.5406374625550312,0.7937563182412484,0.6094038909454206,0.37555628502118255,0.6918075486646161,0.7260980573882989,0.5496449427056793,0.7338455065691948,0.6981660121758553,0.9559249443398758,0.6795248299020187,0.6644924732429933,0.6706631631943588,0.4126311234905088,0.6098257415249179,0.5552530480532311,0.4663881815092649,0.7928831333463744,0.5526500642173121,0.6311664212646484,0.6305464518881022,0.72221846469347,0.5611602933550359,0.48962446583111846,0.6101764777469858,0.527114882254341,0.8915115095389793,0.7082824287324053,0.7427137854087662,0.7001970924645954,0.6095624757574338,0.67983235026584,0.6399916497433618,0.30453241533562364,0.3379083738122805,0.1421393492797847,0.5135957104600967,0.07603295039032983,0.731534860720103,0.9422912641577547,0.7536051603926088,0.25216652817257085,0.6262680291823759,0.571275448291016,0.8061731063563632,0.8310739119848309,0.605431414053317,0.5336358684560242,0.27585107240380535,0.9634225466626952,0.7380447409166966,0.890673088878146,0.6198039393072893,0.9297889339589022,0.913147924255585,0.5267267218234685,0.754852844485776,0.4465541764394192,0.8465049137836386,0.3763232318830308,0.577486667474521,0.36156452235525277,0.42433975057556345,0.9665814848586338,0.3608137052980757,0.8100902319154577,0.3556092189231188,0.737647846317337,0.6731765960531776,0.5431804227923527,0.6859266676936593,0.568804101037655,0.7327960843645339,0.7414186884607433,0.8779048484482743,1.0,0.9516227675962527,0.8848862199233303,0.5512680185305537,0.7993668954885237,0.748053484543202,0.7988601650329048,0.1663561843439885,0.7055911113735884,0.5719490511723573,0.7175133083886611,0.2541005578624335,0.34840190616456307,0.8946064233117218,0.46511528383929,0.9532572889948128,0.5111864152274805,0.9556838983262262,0.29051298791379454,0.3486128825560911,0.5192462607546557,0.9044307839206797,0.4872247339459175,0.9758510792274783,0.25082052521564924,0.38038180802633415,0.537546283968866,0.698399235169224,0.6910557141728974,0.8568764138012952,0.719862109534013,0.34748345089955135,0.7506353250160801,0.08274127442830097,0.6874977353731645,0.0860249244547408,0.8225685442006878,0.7249423526126934,0.20430102492531907,0.5271106192648319,0.545617365503058,0.8400564426988111,0.6924805270663914,0.8991159604409876,0.726527938445778,0.763072389823373,0.9206420914807503,0.9491032353231753,0.712743622804449,0.9841611492251591,0.6804907391097633,0.5371073694924898,0.7580088864946268,0.6357211690280429,0.7255460185808841,0.6619863866743773,0.5979988051745703,0.6115710224612525,0.6546150645962009,0.8324965405185332,0.25570919359618577,0.649715778232162,0.7419447503682879,0.9688782148398783,0.3241099082938062,0.3040947934098509,0.4747131535909762,0.8728247592009368,0.5730654056663692,0.3262029403543556,0.6697399185084316,0.7117732817909552,0.9175975329928492,0.8174115128436289
QTEC,0.6557030789132755,0.8053133689798013,0.6829548196737665,0.8056942940450182,0.8355895369184955,0.8197323387100686,0.682456153487341,0.6383784047043578,0.7144353611535847,0.8592650737378704,0.6606646636439388,0.6449068930684624,0.6545208808026186,0.587579067575513,0.7295968022050185,0.20699814518776433,0.19177222140014935,0.16688205099392464,0.8722343802919083,0.8342811262883455,0.7292788461891685,0.4109515218052981,0.6449915673525757,0.903422990672874,0.5005516837893669,0.1891941599322116,0.4302327899373284,0.44604023812957583,0.6540465664648577,0.5009340618178766,0.7753030032950312,0.574770814215906,0.34302094948026796,0.6725318488225281,0.7295968936377459,0.5295095644379317,0.7069347183871504,0.7102290146919775,0.8970580051178623,0.6488060131399904,0.6452687385498942,0.6445538349441122,0.4259298214345371,0.5726496360420574,0.5166147082387954,0.439682363742314,0.794454711858977,0.5136663207432608,0.6010643826473852,0.6198222124639388,0.7345151813785765,0.5252608671999693,0.47392035376905245,0.629764724799552,0.5165471838633758,0.8755393622315383,0.6858149935408869,0.7365994712822915,0.6784240026913011,0.611153809288741,0.6561481784090714,0.5652064491048178,0.30212600395865635,0.3365803851952697,0.15349509586220927,0.5032637093994682,0.07236019190210023,0.7000937299555295,0.8812185461803046,0.7229982888591862,0.2510174193539001,0.603517742615347,0.5815055623253989,0.8294401833908958,0.8527732891658609,0.566010767335553,0.500235640001828,0.2658330452534248,0.9412698151943826,0.6669871127568402,0.8398346375010943,0.6088206844860214,0.9085470981154566,0.8804090244138602,0.5106162552925864,0.7377449860492717,0.39237150942901033,0.8538804165371787,0.35593807568967445,0.5921488107162065,0.3440834967151799,0.4497520028380837,0.8953589494636486,0.3350843072037899,0.7918798352610148,0.3570763621875192,0.7192291825753218,0.6987798211084338,0.532428245078648,0.6644634540382226,0.5676940404685106,0.695871523066837,0.7623780902159638,0.8910226955707512,0.9516227675962527,1.0,0.8334012818165254,0.516243048944479,0.769567708115211,0.7264277606852633,0.8020965401309291,0.14799263426271025,0.6802242884520919,0.551116467128178,0.6880489206915404,0.2608224184766223,0.34821494404956366,0.9210555984602392,0.42949196638803766,0.8879028008134754,0.4614681663354022,0.8890195476414654,0.2700994010879821,0.3313594373106267,0.5404523312033072,0.9053145093903855,0.47559943868981164,0.9034622654659883,0.2301666535780654,0.35466165955073015,0.5339540407208206,0.6705195048844483,0.6226675148291373,0.868514193653416,0.7054630530444593,0.3297801008505133,0.7276531669505505,0.07519367831133153,0.6582242479106131,0.08291833052626442,0.7609157059399629,0.6918782815675699,0.19190509230450847,0.4870284617245195,0.5292989400685272,0.8244378871132904,0.65451949051923,0.9031832162804135,0.7191540328921345,0.7508975915322372,0.8784416248460422,0.8950062655108493,0.6615612561039017,0.9250922456099282,0.6858737315434538,0.5127319835801688,0.7422477168034892,0.603393495537339,0.7806815173476829,0.6401960046817032,0.5942790740313857,0.6059323894436142,0.6302952763158653,0.7521790585230065,0.2472371044087979,0.6004837469469404,0.70714949069677,0.946416194276439,0.22091924158503967,0.22246622866238835,0.41472135567718277,0.8040243619312292,0.5736926187208855,0.33137491524417856,0.6603906501765862,0.7233230774192358,0.9258702970177157,0.7497377086887912
QYLD,0.6073168729381007,0.7062830006406801,0.5812857344464031,0.6986066468068518,0.7417807124466984,0.7129959857630473,0.6707746107840452,0.6332329083139194,0.6436378429927674,0.8404035214578454,0.6289740916845286,0.6464162472878835,0.6312458471270493,0.6022102615075875,0.6609556588334632,0.17045253861501056,0.14844754202414237,0.13029320646097167,0.7824461980607177,0.7030695288282479,0.7593596694184901,0.47292008516204365,0.7171577556896226,0.8688991794061086,0.49872084105522013,0.14731074567425972,0.38346539690249953,0.41403090789685326,0.5929865028670788,0.5217208627853264,0.7320229971224756,0.5930286279632575,0.3604761173706178,0.6166347445497914,0.6571298415262129,0.5271809268285337,0.6890684559972845,0.6376523182842798,0.8756162839175403,0.6425235677182799,0.6034201474361901,0.6229715180092091,0.3911732622538778,0.5820397019974971,0.5191300416762418,0.44901139582325733,0.7175432763950921,0.5393391189537021,0.5894261509370733,0.594796424331587,0.6485265713300915,0.5620638892410375,0.4710771124757089,0.5337096128821543,0.49739670505654415,0.7772799228055958,0.6524235249502168,0.689451763110484,0.6533755767839533,0.5756840651287426,0.6456380134152947,0.6297781392830838,0.3000684306009779,0.33340326466175424,0.14214815093953628,0.5152668724873016,0.03451937744953859,0.6953754138081476,0.8671376790119761,0.7264309254214758,0.2159916651739382,0.5917782477587786,0.5067968687213609,0.7196900584741235,0.7281758951935375,0.5855218784462944,0.49288111604755996,0.3240726329101382,0.8543360251493122,0.7787752432722046,0.844144254452129,0.5953066021404227,0.8611817396905536,0.8401432506701558,0.486163003599232,0.7022849478747012,0.46923478334784124,0.7622997884897971,0.35804745591280523,0.5279223894457868,0.29506577347008073,0.4036308113563496,0.8817146929447247,0.3848962305161132,0.7332762647856169,0.38764586899189113,0.6874922243664782,0.5975457190613969,0.4809303716099874,0.6363650423344843,0.5333060010167544,0.704540087513248,0.6555241861185268,0.7986136158793,0.8848862199233303,0.8334012818165254,1.0,0.5068909022222294,0.7543735292128496,0.8207358950964061,0.7369740977524472,0.12532755853988903,0.6536877264972171,0.560018872469629,0.6445218662180275,0.23964246955145108,0.3464910841345318,0.7875990393103731,0.4411652549610094,0.8788479392059415,0.5048334648499645,0.8776658616279759,0.2220561167351532,0.2869960670510191,0.45929325829273115,0.8024345305882252,0.49157321676067434,0.8704436273136057,0.24202381804772832,0.37133533916354183,0.48552596370318535,0.6179667926375807,0.6763686901084954,0.7803491558911376,0.6807013239467675,0.28931030271331115,0.7013539820117295,0.029189421232401883,0.6467787669893827,0.05114476865586096,0.7782734395439045,0.6879019039015281,0.14787104483647398,0.5115793051477419,0.5060635576918389,0.7845387161415628,0.67199021736472,0.8209317477373895,0.6714957002624488,0.7027165343462971,0.8489701427529169,0.8731873203422984,0.6998361081711472,0.8795862652472441,0.633531436410098,0.46146726637127083,0.707325950073875,0.6166759374396659,0.6351073845087324,0.6232113070466263,0.5566073900298159,0.5522078821073283,0.6333087553489312,0.7371266369320159,0.30832401138178595,0.6367932538812427,0.7051941542252403,0.8591843774827979,0.350044585135482,0.3135233904769212,0.4906334468524884,0.7828603969152662,0.5424046422300248,0.3673905987144351,0.6057242167366387,0.6471718375618861,0.8200184038587202,0.9332683264257389
REM,0.6714355567578764,0.5343402512497648,0.552037150247528,0.5474857819933366,0.5658405653426474,0.5154659222142631,0.6512679837255592,0.6334903996996395,0.5134465784788298,0.6989327698772689,0.7165107902536959,0.6641224867239234,0.5174234636026074,0.5404633038300511,0.49037947232850887,0.3904224862474686,0.39055954163762674,0.3058778368221755,0.5804699321359362,0.47764511399688186,0.66044109198689,0.7634609669775818,0.6287868234360678,0.6338188678902358,0.48884343334909075,0.3914816682281587,0.5051177327058894,0.45722164732977616,0.49515805682550523,0.5876692118854209,0.6112068673371323,0.6343043184971389,0.334449402872956,0.504243967852057,0.5092930505737887,0.5167016127941301,0.6403824890075954,0.5079436679893261,0.6546429433336477,0.6182705264428122,0.5946760346066884,0.5806438045600539,0.38802417302056436,0.587114815626515,0.5855616520071771,0.3956075911946508,0.5763130452887603,0.5741770984585151,0.5936648869344029,0.5340867915915188,0.4648502831481608,0.5919914708291751,0.46158552055956,0.3908375469581647,0.5027624342799786,0.535728540927652,0.6006489250775876,0.7617112216054591,0.6620295618984274,0.5146636438714753,0.637004710297582,0.6274129682541457,0.2984504241772179,0.3201928079652663,0.17049444777957057,0.5479069048965739,0.2775785854257111,0.6559515517068307,0.6581078600852097,0.6043590280178001,0.3977112635965375,0.5599025741605469,0.5231989917767111,0.5446854955182868,0.4785128729983204,0.5483154787923029,0.43278177351175284,0.3812212686080296,0.5006574588606185,0.6407852184300077,0.5201923210527605,0.5759639009063262,0.6171395241272363,0.6636087034622604,0.6690294808327041,0.6715108441210603,0.5497033738952656,0.6533501468247545,0.3703848619612269,0.4619638937691817,0.48439578065826366,0.34367301109687093,0.6231374170039878,0.47397640494313786,0.7047201142969358,0.40380103381042615,0.6441448641052475,0.5667327374541437,0.6035364875589919,0.6825545468990487,0.5012265850793903,0.7023920087494248,0.5675451879875784,0.6442108027456652,0.5512680185305537,0.516243048944479,0.5068909022222294,1.0,0.7469150126514231,0.6450944110744115,0.7352301377278825,0.370953572425871,0.6588718164638271,0.7513915708730657,0.6830382385044395,0.22279805983315337,0.31442343769250874,0.43915200120053516,0.3693887877366411,0.6520596984330622,0.7545048578626207,0.6478242236054088,0.41543830991416153,0.47893467425612407,0.49015953744226104,0.5649616802597396,0.38392335319211857,0.5707361902997288,0.21281621785977184,0.3011145935561826,0.3675817618346859,0.6795815372778778,0.6233379505565008,0.6809773922126566,0.771629106245516,0.4701974240325863,0.6487112328913264,0.2792762244960703,0.6355918471406303,0.2939880545094922,0.6729763346297079,0.642187141129742,0.4095698676709945,0.739825276122707,0.6477368260875123,0.7288468774692227,0.754913002834609,0.6454576545814353,0.5594660359519803,0.6257288196111964,0.6872748874668503,0.6726740268943531,0.7006734662027598,0.5646653710052141,0.5267366845112542,0.6111295081638893,0.637570587895437,0.6507069582086695,0.495662502068269,0.538181188903642,0.5197742768786627,0.6695060236758476,0.6484488564659435,0.5574104864312733,0.3607544742970623,0.6388323247229655,0.635394224655641,0.499323132239229,0.43838938809379285,0.47842243793925915,0.4927293858750948,0.6198144749673923,0.4961579292506184,0.3781493174445028,0.6440770005347939,0.5067295787863025,0.6446882830133139,0.5646439830995096
RSP,0.7550625267363278,0.718634786172962,0.6749319242397833,0.7160232635219359,0.7494586999999007,0.6963538476626379,0.8039296694977228,0.7625576969172838,0.6474154945526057,0.9556788987787643,0.8890300157671013,0.8171877156207522,0.6759867910596916,0.6569908803760879,0.6628366261326365,0.28144654220791115,0.26406749525803147,0.21607648563447127,0.7842210679852305,0.6905660851288263,0.9307082918725547,0.806675839673318,0.900276165170836,0.8942507158223216,0.5754610056519367,0.26469968816990197,0.506904859142571,0.5202487396850835,0.6153148208769379,0.690604003793433,0.7970914835408558,0.7613059545421941,0.4151772386130579,0.6505210643181244,0.6533144034320245,0.6156436934275986,0.8047435332543171,0.635188037356766,0.9191217205511729,0.7708230027089398,0.7356799880844356,0.7310758423294509,0.45154150334408744,0.7105907487318481,0.6920867978139583,0.5074223289885835,0.7528899720043356,0.6610494322517123,0.727865369424604,0.6680478479646548,0.6108123948203696,0.7236349660153347,0.5478367857780183,0.5091284382277957,0.5650907940206479,0.7478039980436465,0.7581778384538805,0.9351636500703023,0.7892785350813823,0.627124323012324,0.7831011608226688,0.8909007898764442,0.33675536028295155,0.3630070020181155,0.1459547208518824,0.6907929252171076,0.13456580875798016,0.8197288703202855,0.9297525460058121,0.8053759589325802,0.30462858843961127,0.7170928267486468,0.585918237301708,0.7424042202272932,0.6965883981350596,0.7526876166360341,0.5530397484941312,0.4873335520311873,0.7408889416481151,0.9058703697240349,0.7436200362863264,0.7351882053022892,0.8955936598618631,0.9447360269145528,0.7719336646718015,0.8800762387381414,0.7372750071313996,0.8491739401501599,0.432031487372334,0.5753073413073057,0.4281385163542198,0.40725904763575643,0.8843599500352697,0.5337645623217985,0.9355205391269785,0.5304026041310979,0.8905352043536929,0.6677730419985136,0.6470674575924087,0.897908895113638,0.6427317853411574,0.9508592914676565,0.7035854156326701,0.8889260305802436,0.7993668954885237,0.769567708115211,0.7543735292128496,0.7469150126514231,1.0,0.8310793113012596,0.9231425268668584,0.22953829611806967,0.7868262996128583,0.7413493662877797,0.7827916608648281,0.23761402912195798,0.368377108602341,0.6753726859574147,0.4740271248208431,0.9174295745274913,0.8751587323082436,0.9107242142864133,0.3447151831529362,0.41577735529721305,0.5408822279566133,0.8136174194489728,0.49182078638837584,0.8137727555203699,0.25515365282311,0.37269277926183747,0.4852869409469761,0.765646145880422,0.881174073438634,0.8986445363932938,0.9539619359116884,0.41473846975990303,0.8099027271033846,0.1282620186560646,0.7812236382896661,0.14719952784305196,0.9535750143593296,0.8132657677095225,0.2644662649456034,0.8006061023125578,0.6890265411160423,0.9796178024943332,0.9737655321418505,0.9044311819226711,0.7168227436268405,0.7774818552769036,0.921225003915691,0.9310122874907172,0.9573345938394713,0.8064014726012769,0.6522864040071888,0.6089110537721514,0.7952622419821239,0.774540193360763,0.6679626921055698,0.7390996982798251,0.6314011386840149,0.7998085133042466,0.8795143565840965,0.7549106316654925,0.4774727625947906,0.8708333395324349,0.9105595840370604,0.7508792977083399,0.5919632505951643,0.5568546977420874,0.7058712143096533,0.8239916764991293,0.6635314121086715,0.5070966047952694,0.8106977835609946,0.6410192018951171,0.8590502264502927,0.8064952376005482
RYLD,0.6254513563998637,0.6981877467580091,0.6511663647790986,0.7022257090627253,0.7489927178229565,0.6872301519635425,0.7077625571491702,0.6798182267913336,0.620934468871353,0.8588745524540202,0.8125649235839224,0.7283383227819942,0.6262927091589695,0.5978156728338372,0.6642485679229205,0.18632698947705043,0.1585422784214264,0.1271163335830255,0.7392150787066427,0.6556797348615858,0.7854069449513076,0.661864815004229,0.750765988486609,0.7991390412903118,0.5354046062710739,0.16064343322584723,0.400746679765083,0.4571861911106711,0.5640111593680458,0.5554713583391567,0.7077520050849562,0.6595618199958909,0.3687746327583598,0.5951493927682447,0.6266009237610586,0.5561245728416105,0.7059357156211844,0.6105969082425471,0.8211813478294152,0.683548640159726,0.6222947906101356,0.6289458718336798,0.4140871541206688,0.6199879227012748,0.5482715188682755,0.44010634161692275,0.67880261465562,0.5794666021787523,0.615925559991327,0.6306023734725608,0.5918774370623102,0.616473914050832,0.5169526847861442,0.49525585311160575,0.5183512121505421,0.6910472148484763,0.659158572041447,0.8430381724576042,0.6906377070084813,0.5827917430046688,0.6912603980042138,0.6797328957267998,0.3032816225479588,0.3383009491266962,0.1355307329396726,0.607695134876181,0.04280560614359815,0.7214595575260244,0.8249361380999842,0.7456768090043152,0.21006247174197837,0.6601322055647467,0.5475491927125601,0.7300736347437641,0.6521774980575606,0.6055985533655042,0.4919822143547114,0.44222455371590946,0.71249442551562,0.7910276693206932,0.7239607739731364,0.694315307592048,0.8245382421091743,0.8132657493005785,0.6831741540212412,0.7875988711051566,0.605090231207812,0.8185148418370256,0.39285927732314363,0.5363489429305757,0.31215042741833704,0.39534742241580073,0.7984587752776359,0.49865708525526903,0.7640466618307332,0.5251735593695283,0.7915032062056055,0.6724646789174399,0.5767532337449023,0.7253316410506429,0.5822412249772246,0.8059093892334585,0.6876519693268358,0.8160653077901681,0.748053484543202,0.7264277606852633,0.8207358950964061,0.6450944110744115,0.8310793113012596,1.0,0.860876401850313,0.14590784491938108,0.6834107974927012,0.6679122972323925,0.6634179483107316,0.22314193116799447,0.35706535360100655,0.661613092338246,0.4388216039230497,0.820998563498766,0.6709667582032027,0.8154916648514606,0.23068001149745412,0.3022918345871833,0.5185997579334711,0.7401019854865193,0.4597847737079467,0.7454502402369818,0.22820346340099493,0.3746798576150569,0.5007503952431613,0.6378709302594554,0.6843797047647787,0.8477273305907868,0.8413247908517335,0.3080418846756716,0.7176529236919393,0.03016151255402323,0.6697624757014937,0.06996843747430943,0.7899119639483466,0.7057501933260509,0.1647472899736789,0.6251520348725585,0.5701986223912411,0.843808706563254,0.7977829673295461,0.8168594700202049,0.6628908729445699,0.6989658885109927,0.8272811848636745,0.8392422864066456,0.7837377360617752,0.7535648972574677,0.6201698353955216,0.47493344301301005,0.7168008024336541,0.6806485310497717,0.6244753379254159,0.7050550804522191,0.630328483166324,0.6575055275143004,0.7193156135362202,0.6629199852714934,0.4314160982477479,0.7236244011865207,0.7805386873633534,0.7152660806086572,0.3849674627054076,0.3797062542749484,0.5308885123434212,0.7467957862567242,0.6347760633829769,0.48470806846006753,0.7159091289065472,0.6154105737899065,0.7912280754375671,0.8727471645264286
SCHA,0.71981426252399,0.7769275426328017,0.7781402016969041,0.8031328474597268,0.8345022569691356,0.7674904707718959,0.7691608960216446,0.7423413044470162,0.6828638897827799,0.9333958299916603,0.9350603291929512,0.7800086311987712,0.6750195989074269,0.6238317970115147,0.7467638049090546,0.2641336427462308,0.2461632700922479,0.20323615779567905,0.8196609383926166,0.711265864474106,0.850090305379828,0.72690782505749,0.7884394671232107,0.8576658015399504,0.5576649358166335,0.24812755721504584,0.48526382241931726,0.5214912736849225,0.6368296127382634,0.6025177594132303,0.7742008486713411,0.7043803348132919,0.3877083173514103,0.6727302009570971,0.6969574923875574,0.5873129012104807,0.7646411476939914,0.67280098594005,0.8750895833445909,0.7352899015794279,0.7030579154548314,0.6862870461677667,0.44724502823338685,0.6613809418363485,0.6101261615991479,0.4715957421542961,0.7456244526068898,0.6149873880958898,0.675809276243594,0.6452419454798328,0.6523151285531286,0.6480301075852442,0.5382071576168792,0.5674807355635357,0.5662689233016088,0.7624312850623527,0.7175410731762808,0.9761129001241584,0.7666849880839279,0.6212994711045413,0.748707486215217,0.7277436854055669,0.3397079963338032,0.37739771292971624,0.15743730538777245,0.6512140566258274,0.11927270048745016,0.774394828285224,0.879002596025468,0.7711080008396273,0.2777301564794671,0.7295976907409929,0.6394541440330489,0.8294482067026767,0.6987406719274719,0.6457615451765027,0.5269981649330002,0.42819156141118014,0.7613620983602808,0.7739498986938967,0.7308309832629865,0.7560452755817509,0.8902237308682802,0.8840062786039722,0.8036000608608402,0.8765286352390451,0.6308818625274983,0.9314156210876019,0.41862194013890686,0.6129473318773806,0.40374285353051687,0.4171781924637801,0.8409385408888884,0.4913810900239147,0.8608133304341175,0.5402866260319971,0.8991600427688737,0.784109008619719,0.6404630852694583,0.8419390861817927,0.6470151372713051,0.8873578790977846,0.7965827583460956,0.9119253630051362,0.7988601650329048,0.8020965401309291,0.7369740977524472,0.7352301377278825,0.9231425268668584,0.860876401850313,1.0,0.21081535709602275,0.7617568699125109,0.720918072869034,0.7508777832376964,0.251887342017209,0.38979304639821344,0.7208717579701032,0.46320544709336386,0.8678787703566397,0.762434657466397,0.8618616121704655,0.3186419127120284,0.38985515887628663,0.6095459113022758,0.8020707127305831,0.4825864831031185,0.784498979114893,0.2510778213163499,0.38902122300084857,0.5415539959567139,0.7318146235103034,0.721413222371559,0.9652154536444022,0.9601639115553178,0.39081930070673176,0.7842667633834007,0.11517467603297356,0.7294220075305919,0.1354564477659866,0.8486759560867284,0.7553173991173386,0.24935012084950478,0.7123245386783208,0.6611733638706927,0.9389373331251456,0.8867832218801639,0.9070551398178729,0.732245479547565,0.7721632231349679,0.8922004942458626,0.8992271683429859,0.8533510619409173,0.7949876612603922,0.6675912986624947,0.5777705511815361,0.7808678587320013,0.7227237989481785,0.7107351583652896,0.7728743257559898,0.716131287309152,0.8022114955242309,0.8042256448683583,0.7056751580239972,0.4213932027179977,0.7806240787839833,0.8640099254311778,0.7626221497385258,0.391274363293987,0.41893284061560754,0.5576748841013858,0.8130051121642556,0.7152690983509331,0.4897156514376381,0.845055777527674,0.6800890364824742,0.8755458945061573,0.7416879587915899
SCHP,0.49836399118079167,0.16363206551609058,0.20415574898754862,0.17430384378806643,0.17968270038541465,0.1555370695716972,0.2413251346020959,0.24421348629541126,0.1618660131370133,0.1852724923507837,0.16531921908264222,0.259092764609087,0.19715952094421174,0.17530775813983426,0.12515104846677827,0.7795452566725128,0.8295190402151028,0.6794487689621277,0.18420028069251343,0.16846993042593242,0.19448741011308213,0.28372471305234015,0.1935006115088282,0.1893168268947958,0.18103221044270346,0.8247071408594747,0.4745382892938262,0.2050355658961232,0.20074751414796127,0.32297005414478375,0.2351277900212597,0.20866936069024178,0.15482872053120508,0.179216614528395,0.18165375950828266,0.16434698350013172,0.23569987032195894,0.15496594835842856,0.19955491408141807,0.2740399110442354,0.20296763021223296,0.1956757932697134,0.10159983263643321,0.1698277652760447,0.2772358137425497,0.18196001472766005,0.15693434081821592,0.19981381963745298,0.18942766111071688,0.16759598349797483,0.144731144066026,0.22167456896911825,0.21081928648575013,0.16149704410423246,0.2514249854209061,0.17202567322896778,0.18094126062581747,0.21323226334815884,0.2766521147449658,0.1557002016000027,0.22373689173756398,0.2202772221118364,0.3207293872405943,0.32433609315767026,0.32061878042650904,0.1896614805174014,0.7929841853693614,0.23874934078204665,0.19505582514487496,0.07809582291317345,0.5306442745222434,0.20773463996370653,0.2732896035236471,0.18077467636813155,0.16296707036840624,0.21191723866527126,0.09620333118918138,0.10559745665492588,0.14351025146466834,0.20807720496049764,0.1749963758440425,0.08811153862721291,0.17591862244290649,0.21274863170239863,0.08131804636156328,0.16110646683400331,0.07871347268665334,0.2001575281241677,0.1197436947802703,0.1352509762606465,0.7753627132039247,0.06076777882660104,0.18273903225341515,0.15056609038424967,0.2551090487787743,0.07875254866273808,0.16952589716990893,0.1901476670158775,0.3740518430194811,0.2597104796622012,0.17903745389534909,0.1779734296889838,0.18628995777527738,0.19387950208148644,0.1663561843439885,0.14799263426271025,0.12532755853988903,0.370953572425871,0.22953829611806967,0.14590784491938108,0.21081535709602275,1.0,0.2695752219190582,0.2803646076280167,0.44674264634298777,0.22634183634916955,0.2886648240785093,0.09290564239842211,0.070850578830848,0.19339071785480139,0.2616181936306796,0.19222305038004334,0.7413542064385167,0.7796639293442525,0.21769666424961223,0.15527536918878035,0.1965045779226256,0.17083913841019974,0.006307902829112267,0.05561765273651694,0.14909692096687913,0.4711785927244369,0.25876260831984266,0.21635065173160672,0.20263479553833905,0.7462973223234913,0.2450546309886425,0.8147921331245896,0.22372537869487885,0.7745568709124002,0.2104054363377546,0.26740060023392886,0.7969179396392984,0.35912887477055644,0.31090012667950057,0.2290249577937427,0.22942664402610857,0.20558806627139703,0.22653859634075232,0.22354614251383592,0.21703554491408147,0.19833574056133502,0.20481376745298774,0.1705255947071297,0.14531060828274586,0.6177629114667798,0.22603002491403226,0.2286627979996374,0.17932012430082175,0.18962626697194285,0.1799900593640716,0.2890462315805773,0.2053656388356817,0.17114402488832645,0.0882822298894986,0.10757647135831747,0.167099307513483,0.13952566371125177,0.19574072598128647,0.31636517492192756,0.1942699235958576,0.19406328676684095,0.18204423014416485,0.08298238620222852,0.17478308479842933,0.146790948899731,0.22208166436188076,0.12774158470218178
SCZ,0.6934497388101885,0.6495413495303033,0.5980999110613019,0.6337378285364463,0.6925339277889336,0.623243273071884,0.9687055367804834,0.9626971093214013,0.784049886073546,0.7852991307074624,0.6966936157466522,0.8093048812244267,0.8390277205820424,0.5997983110596645,0.6222936916893177,0.3213872144220494,0.33517295586972706,0.28606948800375837,0.8064121196168736,0.5745389993051447,0.7371416305388307,0.627001886993316,0.7102344544500071,0.758377845461656,0.6990023708627218,0.3349728163530422,0.711803748283014,0.6041715219523602,0.7679587424255233,0.8718893590131803,0.9326917436604046,0.9251040844520434,0.47703356699179006,0.6643664735150326,0.7773625016834187,0.7504361003268507,0.9586892612122918,0.7725645267372179,0.7690257742107994,0.8479290765596158,0.8883231914105044,0.8877918530101878,0.5594053823856253,0.8567381314212189,0.8149208944172998,0.5856566374869021,0.8605506911481019,0.8119953719428311,0.8751154662935412,0.7534724200744075,0.6987055419849013,0.8560561961122736,0.6234643339194991,0.6317934135363208,0.7180039309650122,0.6418773170264791,0.895421309747992,0.7571704215089462,0.9774713592275306,0.7596884320638623,0.9381260411641063,0.65993260064958,0.5024303130228892,0.5343617064107152,0.3441679979448774,0.7131340657827017,0.2166035139045979,0.9569312913693342,0.7646309174571758,0.8320651896300643,0.3599714930907911,0.6061941021342259,0.6399366852974471,0.6941081805770016,0.5734291865261881,0.593573334906574,0.6245293107967461,0.38224968353998795,0.69427546858712,0.6885689248645465,0.6520824881331859,0.6431156519019527,0.7531992129447322,0.7649263399073205,0.58223930429227,0.7214634133351565,0.5221553458483144,0.7609752424246098,0.4346365634020683,0.6378864614589997,0.45785053692577965,0.5293778743106264,0.7487981236479496,0.394877618145999,0.7446824554252297,0.4128963375332631,0.7230118745695276,0.6352442715690884,0.5940647772787486,0.7082454178993831,0.7445289203053312,0.7277129298385191,0.6541589715369481,0.7659949595034139,0.7055911113735884,0.6802242884520919,0.6536877264972171,0.6588718164638271,0.7868262996128583,0.6834107974927012,0.7617568699125109,0.2695752219190582,1.0,0.7825717330743904,0.7155339160564679,0.39318854529765274,0.5180021665134119,0.6365960106933307,0.5384636845341231,0.7641206407002996,0.6615034092917691,0.7629117346269427,0.4241357095467435,0.4465404143843874,0.5604704789466537,0.6957672016261721,0.6120646453446414,0.7069246365461999,0.2898545504354411,0.3981208131275005,0.5537791326484264,0.7026015638664889,0.6536317499179246,0.7556134222662022,0.7536051355007763,0.428663131205045,0.961645499356446,0.22855874598497677,0.9354817184226946,0.2007114210005486,0.7478473062750025,0.9251204909382357,0.34962447522209367,0.6480291808749952,0.8636167345767573,0.7919662555331216,0.7581322304627411,0.7542533100357081,0.8817326666074675,0.9371625777269019,0.8781440120196204,0.777982360518054,0.7395023847810284,0.707766342573162,0.7841897917470275,0.6513836295700078,0.9471223466224914,0.9222495776777541,0.5390139033318633,0.6469592803395294,0.5543432235075986,0.6535775125663414,0.7630706316858303,0.6515720994508234,0.31828595460631925,0.6758155705358833,0.730387607351019,0.661374414545656,0.417671833076025,0.4178667925033125,0.516542857428935,0.6986415068871054,0.6340400035518639,0.33645452783063007,0.6236876559071007,0.7771964386483144,0.824013142816525,0.6671418433992693
SDIV,0.6356709407395479,0.5615117734158702,0.5399335234767965,0.5552891272422327,0.5971687021660351,0.5344431339182056,0.8054864476779439,0.7982948063885305,0.7445997652110645,0.7182545324771955,0.7218485942728489,0.7738760565869167,0.6086447168773661,0.5534329704461572,0.5304536589874999,0.2948661691242481,0.2954344150644456,0.2172380237586508,0.6302045335996658,0.46941072508918835,0.669359256906556,0.7399956629809911,0.6753260907167832,0.6468460131263569,0.8269373644577742,0.296681362596615,0.655581579088446,0.5935113047215256,0.6994121117243535,0.7072809431614915,0.7236099246448443,0.7995267621975923,0.4303002305732486,0.5495739271040132,0.6686469354659463,0.648985161699845,0.7811661726142253,0.7270915743636462,0.6699953901907416,0.7732844873364786,0.7048723309230944,0.6982030714004874,0.6404401627807987,0.7111791672334308,0.6628807777499396,0.5252864777420562,0.692252159321757,0.6797687181751069,0.7182184817713508,0.6839969501303745,0.5925035664630123,0.7632786703852127,0.5901018175772701,0.5222604767918115,0.6759879198323308,0.5374525973429345,0.7262825864639665,0.7413953199692003,0.7987181792457598,0.8077079918442626,0.8012946589726748,0.6035118539325722,0.4402051692323885,0.4697902901033237,0.28925615177328734,0.7731590104292725,0.1908908984956333,0.7936573084805418,0.6687597683622621,0.7017960075022583,0.31632274790028064,0.5580347817224455,0.5655641243595346,0.5954357070573735,0.47321991082720327,0.5247670187219986,0.48702901010830024,0.5408706884899004,0.54495202478547,0.642025349396224,0.5500926395620068,0.5849388236450451,0.6353324699652572,0.6680713252356631,0.6005854786462462,0.6649785538484927,0.5088150686948604,0.6824855535983102,0.43188278470933966,0.6200637481794914,0.4137459999744549,0.6052643858085893,0.6425843989081892,0.5206964224755886,0.6884033368876652,0.5378092127800823,0.6445709676047453,0.5936860752565406,0.5499568198338683,0.6381932996831405,0.7338637057380932,0.6934501976538857,0.5924402726122789,0.6778855628771534,0.5719490511723573,0.551116467128178,0.560018872469629,0.7513915708730657,0.7413493662877797,0.6679122972323925,0.720918072869034,0.2803646076280167,0.7825717330743904,1.0,0.6571231025408942,0.362129990349885,0.46586269660972646,0.496356450813568,0.4187593861573528,0.6671018044783821,0.7284346301613124,0.6587622733330648,0.3627994195397611,0.4046855337218657,0.5225826116917396,0.5964277901319474,0.5418173628912232,0.5822291772184908,0.2650735697805562,0.3485574844482654,0.47749471913117175,0.6417122154890457,0.6036559433296376,0.6789890105906226,0.7473883880870879,0.39296567896596785,0.7897238541024891,0.18243124112584827,0.7696740965689035,0.18490882410967163,0.666169754197152,0.75647559977662,0.30937189276637844,0.6606975970253707,0.7776578471260134,0.7282482238303483,0.7469992012528286,0.6532399615816136,0.6962961837386473,0.7839428503023589,0.7630865665452568,0.6856092696950361,0.7151738619332056,0.5763037881621996,0.765924452388702,0.5906228666557747,0.8113178003590695,0.8410986260973257,0.4834215476832098,0.5419528372462264,0.5158656496399651,0.5819976358011729,0.7202116031404705,0.564176544705001,0.4851273962901873,0.6351340644340215,0.6387726094837962,0.5261346996871697,0.41995869437769423,0.4381569040863805,0.47487414449948717,0.604029166069316,0.6381429952104131,0.4915074755852074,0.5952437372282153,0.7160816804938845,0.7027238106496708,0.6117630235458689
SHYG,0.9566610046557494,0.6737987744693567,0.6226008782624036,0.6747932887480591,0.6715059874566678,0.66319351194408,0.7074011779296454,0.6706959212800155,0.5916847611542425,0.7761892890375908,0.6813555246066415,0.6633290272122578,0.6087118790272227,0.7123585689446764,0.590117804239948,0.5281789214816983,0.537287144537922,0.4352530461392088,0.7080873603271581,0.6069244288403329,0.7223914434802257,0.6167688138016059,0.6720432745628978,0.7615053004853851,0.5174885698103804,0.5350340468574454,0.6191744606306321,0.4670182171957597,0.5720063827468687,0.6381300618633508,0.7152566927231866,0.6626348660418065,0.3840761739917349,0.5737614500248892,0.5884476632385811,0.5568750181782501,0.7159750725966192,0.5821198040012023,0.774790802571257,0.6852599819602304,0.6455153534848879,0.6631070694212893,0.38362054115310645,0.6477152942028576,0.6164878474781005,0.4395462497715259,0.6786503001872249,0.6016460802256894,0.6529963391211362,0.6251543930910421,0.5507908679694026,0.6173388987592189,0.48422244377535434,0.46845716358721534,0.5366326913165457,0.6934451495071237,0.6844774412032374,0.7371569953592375,0.7111360112564491,0.551728492255786,0.6829705928658846,0.6699169844543983,0.3398616819618751,0.37141384513189246,0.21385384915554523,0.5384384474910435,0.39338387245376494,0.7248971296750606,0.7736135004587802,0.6541156034723938,0.5207308753733967,0.6290938135959919,0.5405959054883905,0.6607527361655133,0.6398723459240279,0.6128119656126234,0.4810886010866054,0.3471472740026205,0.6677852910303196,0.6884148879689977,0.6631269849850507,0.5900575047434534,0.7440273652378622,0.7700083574119891,0.5692300040702954,0.7163340714142838,0.5122953605680133,0.7295553984017291,0.36984282214670694,0.4857708145452439,0.67731673013127,0.38738144112218553,0.7561537680297686,0.4196722451078241,0.7778336050903069,0.3697847459146712,0.6774962552001781,0.5911818205475183,0.7018855686654577,0.7101115526060346,0.5303896374618498,0.7322168688963271,0.6159454261453936,0.7620944313573278,0.7175133083886611,0.6880489206915404,0.6445218662180275,0.6830382385044395,0.7827916608648281,0.6634179483107316,0.7508777832376964,0.44674264634298777,0.7155339160564679,0.6571231025408942,1.0,0.2508235195242977,0.3548206659619347,0.598909117403697,0.40967937181227976,0.7724808175255525,0.6510834540975944,0.7679501590271148,0.6073791283394135,0.668347818770246,0.4847634353800928,0.6794409799126532,0.47416535015075667,0.7287053094913594,0.21167201067167982,0.3291646781453249,0.43056551294578255,0.9815993396825681,0.6752010247059499,0.7635913872431015,0.7357609139416635,0.6453995589158771,0.7184649512879603,0.4101305492943084,0.6956142061494689,0.3956392244767525,0.7449085771442541,0.7154324517246554,0.5231949725703335,0.6696260454644811,0.6341714418587743,0.7871677549588657,0.7365323590750704,0.7669445458111365,0.6460175274775629,0.7019453401369671,0.7892020444777847,0.7826386818892158,0.709262066159244,0.7322031094117086,0.5943157935747619,0.789884952712216,0.7100802103616586,0.6751067206921602,0.6200860173910907,0.6052530112068721,0.5929117384645309,0.6660459721059341,0.6546159296453539,0.6767699190589901,0.32219940479069786,0.6541258717977171,0.6894356104298873,0.6672498361827027,0.41440429959438047,0.43418790443761834,0.5256823955457223,0.7250406895874068,0.5252328670526712,0.3612539388340873,0.6619575188283168,0.5898799039945195,0.7610555446320574,0.659382428917721
SLV,0.2578449502749034,0.22385839832453144,0.22019954902223865,0.22626614593960406,0.2880443843152295,0.22385135045050997,0.43345737638008186,0.47054698186082206,0.4375137681863986,0.26261064772873893,0.203390561956784,0.4404196902028591,0.3374396661592945,0.15049176942316705,0.27165494564169884,0.16286024012406544,0.20420015360155733,0.20852486939770634,0.3077003703650884,0.1859558810819055,0.23752389267901428,0.19293818634623003,0.2423251156105973,0.2554567801804787,0.4288075306767389,0.20048819638317333,0.41546435764998096,0.36674559510633337,0.43344731204451353,0.3374055690916577,0.37179741578064684,0.38806060439309237,0.25439782352796914,0.2251777783202876,0.4354150679265873,0.3315594539510651,0.3902826416237342,0.41442806855905245,0.26154512082041664,0.42384406048048906,0.34479031836870877,0.32784673162140987,0.326952097010043,0.32970767796624895,0.30303439485521577,0.30867845184308285,0.32798894059021927,0.3180770302060637,0.3220492296116045,0.3175242807071328,0.35446411992760485,0.38983818763016553,0.36050466201641157,0.3897215880595171,0.5641682828439305,0.20238299626158848,0.3439821835764468,0.23636822621499048,0.42284380187301124,0.44589128925154414,0.42250529588278374,0.15466038761109094,0.7646942247748367,0.771482672459857,0.7844646181451173,0.5082978256817308,0.16334159057063222,0.3878069951466511,0.2521984408820649,0.26369954878401136,0.13810694566227716,0.21148463718105098,0.3352184400345038,0.30890539718431337,0.1904001533419607,0.16491850597135993,0.20613965593026456,0.21316842928069346,0.28291532029413113,0.20641484918835207,0.27896437599636537,0.16098321418898898,0.2669127334957307,0.2493222796785591,0.08264254711554934,0.19926538802566734,0.037215217900596724,0.3101581729513572,0.2431687090385641,0.37079499319788284,0.21306546152692066,0.2775622411645424,0.2582298707350876,0.1459309555529663,0.23475627716218253,0.23086297321863675,0.24079394389396916,0.3034736439833732,0.19270426186346684,0.18747089129414846,0.575559476367353,0.17935397224104163,0.28489122678641976,0.27404324668378416,0.2541005578624335,0.2608224184766223,0.23964246955145108,0.22279805983315337,0.23761402912195798,0.22314193116799447,0.251887342017209,0.22634183634916955,0.39318854529765274,0.362129990349885,0.2508235195242977,1.0,0.78875166295345,0.26467369318102413,0.18366065232140683,0.2598699621700004,0.1898664751227158,0.2556388041241468,0.24263807963838613,0.21306136018321278,0.27001698314099776,0.2672201596026685,0.38425827350432684,0.22666808059538587,0.15420615689127637,0.21037984682620145,0.4241410218366601,0.24490294446478786,0.1952197120780235,0.2730063662063552,0.21725225512291707,0.18546909100819547,0.42009760219742404,0.20062073564485325,0.3643664761532184,0.130598077586882,0.2304014751395611,0.3564995355717305,0.21610881770154125,0.20116146446831923,0.36550068124867474,0.25892223298316724,0.23556042748060757,0.25747722578217497,0.4188600616558834,0.42453082726264474,0.342404827523898,0.2631523136405025,0.24018370079929874,0.24193157269228485,0.40878263937367004,0.25177176721448546,0.43473843955481667,0.4274327524900906,0.1300851840903141,0.28119212096253776,0.1872750882384518,0.16673535434730297,0.35912153042628975,0.18595039195545146,0.1650254046208459,0.1368575147996051,0.23380136305069837,0.2620720285254811,0.10048181791367657,0.21710116127059653,0.14794902795888365,0.187139664435023,0.5256302997682714,0.1508800906597896,0.1501636070222998,0.4011057043804149,0.31532674781368797,0.22208535270033442
SLVP,0.3680568697397024,0.3256858278183943,0.33715430604659014,0.32979997286957785,0.39601976906292113,0.3229401953148909,0.556116892843408,0.5967011007735187,0.5281819905260821,0.3835793871071689,0.33070833056646215,0.5769591361062806,0.43707428214353383,0.2644058583033964,0.37546307194212997,0.22549699188577432,0.26727272650350414,0.2535241506866943,0.4186362893769361,0.29484409506596587,0.34734033662542774,0.3189629041742138,0.3617210450514538,0.3667312901792067,0.49029239593945867,0.2656548668689294,0.5110220891742504,0.46228164233735963,0.5162980879346987,0.46265198199588226,0.4902904114174659,0.4955474068074775,0.30744820667198847,0.3147917506896459,0.52083135743131,0.4247092241483561,0.5067939686972227,0.5030290916680069,0.37595321089391187,0.5458947333919625,0.4587367432545919,0.43964616682670665,0.3721430685509891,0.41941656795585125,0.41721934538236183,0.3796858527149588,0.4273694768636247,0.4146622803695835,0.41987695304580863,0.43273749891215135,0.4312366897544198,0.4906479906971527,0.4663856997571358,0.4484653633005521,0.635225923306728,0.30025959326525514,0.44154848994316814,0.37049221502834073,0.5549832261130342,0.517025533701431,0.5292115590133097,0.26855692888080224,0.93751109524638,0.958575050759719,0.751684436824613,0.6091167257866561,0.2099034396031085,0.5095480518042151,0.36608288228393326,0.3627433279154737,0.22033783896571177,0.31760913620499165,0.4364165882164727,0.42514552718647025,0.28198394869673415,0.2888210870258399,0.2983079067454621,0.268719945887072,0.3687326788684927,0.3235657234950057,0.3731738054801816,0.26407439148507517,0.389599879266084,0.3644936002796784,0.1652448667340782,0.3075718719288675,0.13396328290653156,0.4328007844320686,0.2823425429478187,0.43439976794780233,0.2935495737686654,0.3353472486376459,0.3629549440262639,0.24606245122703074,0.34606305523870873,0.30260478433040333,0.37374593113582366,0.40747502470116803,0.28601527657701403,0.3228432980089628,0.6503683821939257,0.30412271484079395,0.39264169523592457,0.40604078747236455,0.34840190616456307,0.34821494404956366,0.3464910841345318,0.31442343769250874,0.368377108602341,0.35706535360100655,0.38979304639821344,0.2886648240785093,0.5180021665134119,0.46586269660972646,0.3548206659619347,0.78875166295345,1.0,0.3445366487192949,0.2858467922832762,0.37104374649159216,0.30448007467385607,0.3672067915232407,0.31194852886532376,0.2887545625799462,0.3606788136357341,0.36753048381022874,0.4705697225680592,0.32462163626009044,0.1779396153092167,0.25678639443432205,0.5421095645271615,0.3527096462413785,0.32232237257399876,0.4095449718521409,0.3508072251132045,0.26117522334084664,0.5406873994913809,0.25110028548409263,0.4781015887331481,0.17597100474582253,0.34893910515242876,0.49445380957462326,0.2794585380325184,0.3180531366177623,0.48060200075003245,0.39197120731356316,0.3630232981966279,0.38719851511906384,0.5218348833210772,0.535690185537047,0.4642043291633156,0.38113313711992713,0.36333246230858096,0.3372206215480399,0.501541390224469,0.3552824729296473,0.550658043782169,0.5367163311131242,0.23452355571473496,0.40469019692126845,0.30757382522410287,0.28627812894741866,0.48817659126630497,0.2756287626812064,0.22409075011739635,0.23626700704445644,0.35685888226747137,0.3477735706600673,0.18470181001202857,0.3096416401946947,0.23645254821494863,0.28891411866757355,0.6721578656625362,0.22834982810601764,0.2634468776676016,0.4912860509672684,0.4370794917396606,0.3321766961361946
SMH,0.5696590889961938,0.6562849205088945,0.5656211259004972,0.6714227728102755,0.774628453848837,0.6812757381678088,0.6547065397253866,0.6141013513384441,0.7206235300202641,0.7938168435185097,0.6010325009494283,0.5839126271832196,0.6394762025611185,0.5114067685994127,0.6628780760478789,0.1526078177757088,0.1345945769618766,0.12291543933182708,0.8316917546409658,0.6582466597965272,0.6413226898473926,0.34235105582368475,0.5638274388217688,0.8461987612491655,0.48965391655688256,0.13586126791945172,0.4002303429633132,0.4362288551779101,0.6415251300370236,0.43848576296844377,0.7413860583358319,0.5509922766171113,0.3258315355846636,0.6221928160310176,0.7567625955491822,0.5046988206737016,0.6751308742277272,0.7117321543820527,0.823333567630685,0.6120720956655257,0.6014601587563921,0.6049788635394283,0.4143364195202986,0.5446942592086309,0.46028794309938925,0.416959553593414,0.7926096258136676,0.4825975419489207,0.5704968401544721,0.5608957175049849,0.7807850551750251,0.49639064378684367,0.46649638038407437,0.6546469358511846,0.5064051917606441,0.7082142549212014,0.6644488103448895,0.6622608670657856,0.6437681505953379,0.6084275551086051,0.6381103908744958,0.4569417277389443,0.2973238958254574,0.32983257595386895,0.16545409632400981,0.4862002455744129,0.0225159986092527,0.6617099309121885,0.8058915545142267,0.7004056550352532,0.20020055185431868,0.507543769573177,0.547403321359389,0.747022034823741,0.6661542710019982,0.4567400020820931,0.4712797837687922,0.2520202926694045,0.9346247986375498,0.586040949579155,0.8079784437688212,0.5587291134393144,0.8539625438560428,0.788165671416927,0.4398972348757521,0.6357048647485052,0.28926862719135843,0.7723699773958325,0.3332744498615926,0.562168568656099,0.27763293757042906,0.40950049357486945,0.8295769238852172,0.2999044722476506,0.6646666680562777,0.3594024037113835,0.699275037064986,0.64593789063815,0.45828704348079363,0.5740699926112148,0.5671546501460795,0.6048249645406596,0.7233057959872329,0.7943475852579891,0.8946064233117218,0.9210555984602392,0.7875990393103731,0.43915200120053516,0.6753726859574147,0.661613092338246,0.7208717579701032,0.09290564239842211,0.6365960106933307,0.496356450813568,0.598909117403697,0.26467369318102413,0.3445366487192949,1.0,0.40597605115568564,0.8207840414213349,0.380324571455674,0.8207357623442957,0.20629782298441784,0.2637953629422753,0.49898790966825496,0.8937673132481028,0.46669486525974146,0.8221791957429183,0.2272823701605857,0.34560710894389685,0.5321916820402337,0.5774890338856378,0.49394814777026813,0.7687336254571768,0.6318075997905604,0.2663482323172869,0.699221938365059,0.027666355975546564,0.6246783724055904,0.03848306913840316,0.6827820962663053,0.6287441471030168,0.1355121531058484,0.38456235064041105,0.47643988168647267,0.7210658375155266,0.5740255894022424,0.7909126745203907,0.7125557719399608,0.7292338085121391,0.8201163230939599,0.8196441281169414,0.5996907009279616,0.8480623120436479,0.6738192649345638,0.44215509111303264,0.7187077346302123,0.5791800900516899,0.5557040825928853,0.5943233164722385,0.49692187092463047,0.5446656582238929,0.5773429428709039,0.6239788565062592,0.228208934554976,0.5007084543490219,0.6725065742637348,0.9234443281411614,0.14319829101991913,0.19320197595962915,0.3259647379477753,0.6973852599640188,0.5625921781010308,0.2985203318303476,0.5560456839275143,0.7213767598920594,0.8492447496999789,0.6984307973620434
SMIN,0.3967605174729046,0.4156541819044652,0.36017832310303327,0.3973000739848272,0.42281407541851446,0.39409218122687417,0.533586747060364,0.517224924101731,0.5572061067003932,0.4967222811157002,0.3999869883047425,0.4536003190250957,0.473175208528929,0.36317562690856553,0.39260824820390755,0.11932250495800975,0.12993895440798583,0.13419084192016845,0.4771116177939565,0.3539480586369498,0.4787988784125151,0.34185835138902243,0.4495571930598769,0.49400935904677284,0.45552763008098723,0.124160353213328,0.4093370042802359,0.35563413140206823,0.550459096709861,0.45434125566161615,0.5323578413011756,0.5081887000088084,0.3195860235184819,0.40187109607813415,0.5828178905975719,0.46103552667293063,0.5384606042991439,0.5161054816456494,0.5007579108748347,0.46029336665778736,0.495008373451384,0.5049210601161593,0.24526470357213015,0.4876762573461371,0.44875428479403856,0.40397815378136626,0.5027518000878024,0.4817304614925058,0.4881959096090292,0.4585090354328135,0.43561048673051606,0.4733141963406204,0.32987804852841335,0.3952681304577595,0.41574717255142607,0.4205215237705921,0.5106975712013092,0.448714980829126,0.5323594754682335,0.4815080229476369,0.5179917701544476,0.4162490208844929,0.26437686391594395,0.28875143219400473,0.13468700820793517,0.35992174024921936,0.058095630906431495,0.5351291267654433,0.49633385773344,0.5113218167361447,0.14727594403875754,0.4142285751492351,0.4028520672419775,0.4482918184477556,0.36972151553370614,0.37880776996427823,0.8746301260363629,0.15874868696352487,0.46248052371981296,0.44424239819512823,0.41347673445506494,0.4352823280364508,0.48968445708520136,0.48549200525645014,0.35921995941868906,0.4476526857612313,0.3433528304579412,0.46415076965437213,0.3092363158956626,0.31375244227240884,0.20762402012169107,0.26319439223640606,0.49673707757194285,0.21069381509329257,0.4402370284422173,0.2066659218488051,0.42618711352856475,0.37248485361176525,0.3215563710109189,0.413456690126579,0.41479163589693596,0.4523966636141234,0.3977281031015367,0.4803479282356719,0.46511528383929,0.42949196638803766,0.4411652549610094,0.3693887877366411,0.4740271248208431,0.4388216039230497,0.46320544709336386,0.070850578830848,0.5384636845341231,0.4187593861573528,0.40967937181227976,0.18366065232140683,0.2858467922832762,0.40597605115568564,1.0,0.49920670947226464,0.3647793239460329,0.500037341931367,0.20546147375547458,0.20244981428105582,0.3294163967035641,0.45461816327156973,0.41507377089295444,0.46866595411328266,0.22129337165598562,0.35152693348714253,0.36235048980696516,0.4021373414604362,0.41898010311539047,0.4687158330613285,0.44619949522584784,0.1935956066763386,0.5433420159930045,0.06481639925595492,0.5285351431485251,0.045997810019650975,0.47979387580791943,0.5353806783275348,0.13923435703527515,0.37033771997935433,0.47212893216715207,0.4828780568208846,0.4458315743848691,0.47447505192900585,0.5035614871551044,0.5649671853728885,0.5489098186119525,0.5038443323960415,0.4580593323911253,0.47291240693202774,0.555979173786948,0.36898874630628953,0.565158055699432,0.5158053984357875,0.320580489404028,0.3846942252688484,0.38616446963039747,0.3772823248258142,0.43311782304274654,0.40740061131202737,0.13362327058973236,0.4340271310409297,0.44545987817151395,0.44218580415707853,0.2422527250930199,0.24507695773158222,0.3569130513578409,0.4498076127343871,0.34648998623744104,0.1379734171335314,0.39054941703564283,0.5454993486037351,0.4984086822105458,0.45519978111283893
SPY,0.7357383854962158,0.7785103382102863,0.6624916535757489,0.7716243446832765,0.8219516566072401,0.7760520338003515,0.7838406128702224,0.7359988893596457,0.6962062713546374,0.976944157036396,0.7825568078690412,0.7796052797588674,0.7066994142395631,0.6601480432200508,0.7291589443181137,0.23965807739583037,0.22202708263537804,0.18762040544029773,0.863864158631859,0.7635315479071578,0.916087623563894,0.6395353400819083,0.8668830173414791,0.9851927300329049,0.5642090741230992,0.2203127021577833,0.4818535496512731,0.493897370248015,0.6478121792088549,0.6285380744279074,0.8238698616217834,0.7127697322177078,0.4190189651646083,0.6963446015838493,0.7180457761732204,0.6076873399108093,0.7980615399566815,0.685325675952724,0.997538613858565,0.7559539209345911,0.7147816255163446,0.7246830302939555,0.43752972076113433,0.6885722238823498,0.6374335949149796,0.5120914952547586,0.7957312688876645,0.6322885968639042,0.7008541179671793,0.6728887416453356,0.6967116636004113,0.6692401868026873,0.5338608044029474,0.5765984241278389,0.5610935827456397,0.8528571283073887,0.7591805891968086,0.8430693329548432,0.7652579206905175,0.639806826471774,0.7586133431391413,0.7985129087472808,0.32967044231758663,0.3610393861581593,0.1470528983694903,0.6237875818851153,0.08652444209743293,0.8085809771358854,0.9951116753359435,0.8213062764996156,0.2683502101034352,0.6838853810428898,0.5762812814456099,0.7894175295580036,0.8031860277471041,0.7017221103371292,0.574758279449778,0.40846897206383675,0.9100227333416011,0.8745746067592539,0.8801341271176836,0.684993527163574,0.9587291887500228,0.9706951004135113,0.6539239976635322,0.8442282905045058,0.6121441024481279,0.8631076428345985,0.42568638287722654,0.5761588478116183,0.39170443095188007,0.41429724041552635,0.9954613257165791,0.46891449157548104,0.8880142811289937,0.46636463793345495,0.8328310349858631,0.6651644559601285,0.6038581456573036,0.7985690636279402,0.6270842918923587,0.8651759124983923,0.7206295013970243,0.8988283436278689,0.9532572889948128,0.8879028008134754,0.8788479392059415,0.6520596984330622,0.9174295745274913,0.820998563498766,0.8678787703566397,0.19339071785480139,0.7641206407002996,0.6671018044783821,0.7724808175255525,0.2598699621700004,0.37104374649159216,0.8207840414213349,0.49920670947226464,1.0,0.693748774832752,0.9960220161175415,0.3104099412182952,0.3783021844370697,0.5188774418889183,0.8995365011132654,0.5166745857975934,0.9614999373676795,0.2708244102022014,0.40511000883323617,0.5447933226770317,0.7477227997908754,0.8222232333701543,0.8898774988265585,0.8424843752230449,0.38016117824595796,0.8089126379213255,0.08524943514353188,0.7588037241936337,0.09990016173569258,0.9356770662510984,0.7969801744104936,0.22151585102100363,0.6619141049607883,0.6218549531132153,0.9269929949307849,0.8442732737103176,0.9254670273425316,0.7496504256599228,0.7952440154533349,0.9685975974936989,0.9961862789677748,0.8689496917487731,0.9608163368812814,0.6866404064440339,0.5825459133403827,0.8040059829643051,0.7339434778733763,0.7012009892948841,0.7287799219615924,0.618955630863026,0.6884943836217421,0.7789457400565308,0.8344702817883067,0.3916996405515335,0.8011657786340933,0.8556342006727503,0.9190669801907402,0.4726964089181708,0.4449177887635628,0.6248470597814233,0.8821278918773041,0.6372795649328687,0.43627718599892007,0.729506302515243,0.6950918836768124,0.9113206582053686,0.879466085875277
SPYD,0.6329419126818255,0.4785102473746056,0.4852351486274321,0.4791592038409179,0.5005505727098917,0.4497500311912193,0.6832041768043595,0.6623192639076652,0.4685133472167082,0.7654395661051,0.8147751529765689,0.738456937658133,0.5163894562517402,0.5370825345660116,0.45420997427448806,0.2805768130576455,0.2681854131200024,0.2049445039076552,0.5247765392596103,0.43508203949814334,0.7825964910986222,0.9130359569538684,0.7971606419696855,0.6539031025228029,0.5153122346860256,0.2707630279794647,0.4499468681559529,0.45017991667373175,0.4541581645997976,0.6363524987282991,0.5938442187571497,0.697004077196338,0.3640905177373774,0.4885006253546638,0.4595001891524371,0.5304309987776957,0.6601374751955961,0.45155470079240706,0.6921049492620589,0.6698238395107771,0.6021796965907668,0.5942536724493024,0.38409549972837953,0.6085815565685829,0.6091277624334256,0.42970591787947554,0.5399043257927059,0.5941707587141135,0.6085638496129979,0.5345123100898126,0.4013563534674225,0.6695792478335839,0.46349163372010915,0.324440785950756,0.47051433790933544,0.4781641560702279,0.6042759222805262,0.8261069412929232,0.6726224253163117,0.5150288962559355,0.6810549941745724,0.8123978890886155,0.2941431298150971,0.3054710246018496,0.12854058345510289,0.6746067951818562,0.16236164058175534,0.6833140481319595,0.7082396010988891,0.6327469508856984,0.28875940837852543,0.5705325599608172,0.45995026223446295,0.493748155934918,0.424278475132395,0.6251029352700261,0.43444592644236146,0.556785783680605,0.4447375975412133,0.7853428058648269,0.4996209893645092,0.5847267561685502,0.6350560667225844,0.7303936748960145,0.7691513477155616,0.7275325579372599,0.7185469202760721,0.6269407605546207,0.3994100285237167,0.4375727685844091,0.39372732544463096,0.3031037348875902,0.6464510933014052,0.5740949052278584,0.7930863325968145,0.5378697847806213,0.7256768055307179,0.4977411053119406,0.5845303789278706,0.7650573702105599,0.552421078746704,0.836752958780786,0.506866070245341,0.6406121157879746,0.5111864152274805,0.4614681663354022,0.5048334648499645,0.7545048578626207,0.8751587323082436,0.6709667582032027,0.762434657466397,0.2616181936306796,0.6615034092917691,0.7284346301613124,0.6510834540975944,0.1898664751227158,0.30448007467385607,0.380324571455674,0.3647793239460329,0.693748774832752,1.0,0.6829082909142774,0.3232234697648779,0.3826520778095154,0.42461345995929006,0.5794292221441485,0.38738483202277646,0.5459047862972504,0.21780668838482473,0.28039564200572675,0.3178218438353123,0.6414787531766126,0.7878264761464855,0.6711569321960361,0.8650061171416142,0.38349754130745933,0.6605346271268561,0.1541070272488773,0.6556855769083735,0.17279697452276727,0.8012623574666323,0.6695599298141738,0.2735596946382787,0.8447363036392093,0.6580322557205843,0.811966842162979,0.925804752947432,0.6463857036771363,0.5452950912427051,0.6043631793169507,0.7119600402192687,0.7086753221935969,0.8896307057060976,0.5196786854134742,0.4883094754975075,0.5304303732543817,0.6361114181555102,0.7028779788676293,0.4444018880316818,0.5566737397263498,0.4782445937670794,0.6790692421680032,0.7930512243500358,0.5723132085746823,0.5489382490088097,0.7905515115740742,0.7467215314621038,0.45357294319147023,0.664420298903455,0.6633836638492694,0.6553298656636721,0.6048246486772549,0.5600340585318386,0.5324775878154969,0.682571267985212,0.4485758769337117,0.6162764907631068,0.6210651286860938
SPYX,0.7323598314931109,0.7843007644090108,0.6664474409084,0.7769372075505803,0.8229480888494058,0.782264451165641,0.7776243692705516,0.7279767983421012,0.6902905969496963,0.9699848701274996,0.7698803533470413,0.7699489258994588,0.7017711897717184,0.6506479713315755,0.7318771570200439,0.24250256703222223,0.22710465440082578,0.19655458830924766,0.8638375866913471,0.76558598220053,0.9109065962176186,0.6271792303103548,0.8592159389964228,0.9852706590899056,0.555227492301498,0.2242545613204951,0.48248009911219425,0.48817992830515217,0.6442923244084391,0.6288212813320049,0.8247219895591301,0.7042490587184272,0.4149537933941946,0.6992438955976112,0.7129614513109326,0.6027649701263094,0.7941117290053666,0.6808341215824494,0.9951753521427853,0.7500363431463625,0.7148111848284531,0.724802944254278,0.43264704885730076,0.6834723259566421,0.6395397583840579,0.5130385948549735,0.794489983978751,0.6289054020318716,0.6985001922076286,0.6697314060457347,0.6916211682912335,0.661526322543104,0.5308842058082334,0.5734917777890294,0.5564460623673713,0.8575353357173945,0.7576853266744068,0.836141101505216,0.7603780883121962,0.6321040291093335,0.7489869727279466,0.7950284136521755,0.3268578133251782,0.3575864813484021,0.14424692315314575,0.5992611560242921,0.09283793584717477,0.8028719635331748,0.9931644580850784,0.813656620274214,0.268668405066289,0.6872329599462639,0.5714253727982358,0.7875370765646664,0.8076602015970378,0.7057490759374928,0.573861893981727,0.37041225205117945,0.9113731930646017,0.869555212418494,0.8779634889434421,0.6854702723232249,0.956006905550692,0.9674119589126083,0.6487511036754261,0.8420322260062141,0.607319220236683,0.8624264059880545,0.41915370572907357,0.5704566927826855,0.3932444877533403,0.4113305797035821,0.9941311185027194,0.4470971447742019,0.8863926834069231,0.4333185951208865,0.8257799692316524,0.6614626570237843,0.5990207984394569,0.796659439352463,0.61495273801765,0.8572010045461098,0.7165065739939014,0.8985270561097277,0.9556838983262262,0.8890195476414654,0.8776658616279759,0.6478242236054088,0.9107242142864133,0.8154916648514606,0.8618616121704655,0.19222305038004334,0.7629117346269427,0.6587622733330648,0.7679501590271148,0.2556388041241468,0.3672067915232407,0.8207357623442957,0.500037341931367,0.9960220161175415,0.6829082909142774,1.0,0.3154778384940829,0.3800274318650717,0.5132241916311139,0.8979664485014077,0.5092143261910748,0.9652354954654935,0.268692793686749,0.4041722987807188,0.5382186069249856,0.7448034772850605,0.8210601049827065,0.8870886088769403,0.8344571369962699,0.37970090053463124,0.8040445750358673,0.09354412923007563,0.756222889084731,0.10430631239297736,0.9324851589795576,0.7963597940826408,0.2261867289507538,0.6606170407892267,0.6213629640473436,0.9221824726717037,0.8356742373218012,0.9240303687958976,0.7442910789454056,0.7934671005111188,0.9649164383101574,0.9929941801721445,0.8583805636943709,0.963702138928827,0.681924217854936,0.581504573875035,0.7988011239976753,0.7247310453356497,0.7054867054614126,0.7256187116071757,0.6222260547142587,0.6877060647278973,0.768814574679386,0.8392304325211295,0.3528236457693734,0.7963257503165753,0.8489376590717277,0.9202812124009074,0.473556123923639,0.4413601191119648,0.6277662794630162,0.8845748845805764,0.6242654675356805,0.4015434400684152,0.7291092070604064,0.6912127888129976,0.9122586800575356,0.8738194555885783
SUSB,0.6574373887870808,0.29036213088608176,0.3323759967200001,0.30008230224350596,0.2806660111535416,0.2765523390131291,0.3849419229091649,0.36363370683267404,0.30314849548874795,0.29578326238090297,0.24347779049856105,0.3248529124085062,0.3302399101944386,0.2759489232174077,0.2255645419905426,0.7704700642890754,0.8856092146152813,0.7313800586385957,0.3124226822479251,0.24577294699083577,0.299937504753255,0.3240072072285306,0.27109026951166815,0.3113300966848594,0.2839550814792163,0.8746862942620682,0.6124803227678717,0.2653413873230541,0.3421561306598272,0.48874351315162334,0.40261731073296086,0.35054092969709005,0.2378183213060052,0.25968927031866834,0.30901201334449885,0.29726808943238003,0.3937184323686527,0.30048411450711704,0.31743616447866524,0.39138097849104897,0.3565491234363652,0.3583070126119452,0.20124540013719522,0.32226306599148774,0.4367431193778199,0.29675775885425315,0.32327121738436493,0.3245355492119357,0.3496994815771747,0.34454504011355475,0.26046752881103447,0.3432347481513268,0.28555933493333047,0.25807476887387854,0.3501334139512308,0.29226744612015076,0.3457053151596565,0.3133225255924931,0.4226229979134288,0.2806335637141153,0.3589289391330356,0.33311834813420105,0.34915042742791536,0.3540097173200317,0.33064075655977404,0.21444792471499438,0.8077969342302496,0.39142124293186564,0.3165310517158665,0.20366208947457484,0.6044879468398088,0.3409347754037767,0.3430528055726488,0.2846284631451139,0.2596067141570458,0.32150160659356836,0.23903892300003501,0.04131639335305474,0.25985182452165706,0.30265109889936465,0.25057939643475174,0.19856201318723932,0.29264324378395223,0.33304691870378694,0.16398071835316808,0.2782049498904371,0.14319106359465006,0.31573839206286836,0.17227062332721862,0.21622115229952085,0.860415582925547,0.18540439697172814,0.3013264856628737,0.13216195973537564,0.3733480095255627,0.02717739886140742,0.26176124224620717,0.27150713882641686,0.4715179943883485,0.3787605992159755,0.24569843993971102,0.28882408942517807,0.285139037901306,0.32988715031654225,0.29051298791379454,0.2700994010879821,0.2220561167351532,0.41543830991416153,0.3447151831529362,0.23068001149745412,0.3186419127120284,0.7413542064385167,0.4241357095467435,0.3627994195397611,0.6073791283394135,0.24263807963838613,0.31194852886532376,0.20629782298441784,0.20546147375547458,0.3104099412182952,0.3232234697648779,0.3154778384940829,1.0,0.8692908377565864,0.28604614900886627,0.2715506922600771,0.30389324059996564,0.2925792654152924,0.06637652479899896,0.14279493972733426,0.18294904890081484,0.6339969640379484,0.35388777337156374,0.33498836368549734,0.3015550663621639,0.7861856533122842,0.3942403711263449,0.8876042926897302,0.3824495573618184,0.7133199612594948,0.33248459076373416,0.42390498860868137,0.8629460691087198,0.4278166715408197,0.45111468460058557,0.34429981874002036,0.3250229317066538,0.3282256343336746,0.36404122746276674,0.38778624404307005,0.35578911877145575,0.3163617604558042,0.2941138018047623,0.2957199672600999,0.29932680302967385,0.7222401026361654,0.38170359626066663,0.36189105797937293,0.27176929917661136,0.2714162646044811,0.31440462144328923,0.41820924685087596,0.2995167622782659,0.2990292107968593,0.011136910682907727,0.20374367588974598,0.27169228505314347,0.24837905498897242,0.2832333505154934,0.33142969822644425,0.2950110263503734,0.3186239026539797,0.21552251256453073,0.016839711748157512,0.29777234415509624,0.30005141920951295,0.3596155011471122,0.22137674691209405
SUSC,0.7227463217530984,0.3365323094973387,0.38714207024987507,0.35539611170264407,0.33543426853229924,0.3218175566159942,0.41210037692030277,0.38465502678634106,0.3332929525502361,0.3647972384160897,0.3070798668576324,0.358338781083803,0.36947668744381146,0.335878662110569,0.2646575907159039,0.9495680870497986,0.9472332263095403,0.7694302331175941,0.3720119659122305,0.3051590561977767,0.3636133049762151,0.3704311110583449,0.33337142642840134,0.3799333487810879,0.3066334371938225,0.9410568132507234,0.6283126243644445,0.30372659467095364,0.3557006809870193,0.4874297659409266,0.4385292202838719,0.3769973546945772,0.24147716853343884,0.30176758987023056,0.3377107877091592,0.3229966868199129,0.42857992519944793,0.32956236795998406,0.3856107750608896,0.4141949489713305,0.37420106519985236,0.385315210426996,0.2202159116663404,0.3501943712595747,0.446734668188005,0.2996114763290431,0.36427816238276095,0.364806420719287,0.3775513061895156,0.3674694116704751,0.3025621101788595,0.3598481133085898,0.3238843115388696,0.29226927626312,0.3599459755327667,0.3419201769111961,0.3817997253905337,0.38215852394557603,0.4479236425252688,0.3076597913364309,0.39068364251322324,0.38445899750053136,0.319471605392493,0.32561074489786995,0.270638264685517,0.23908191351004238,0.855865129019616,0.42493565838248565,0.38355833271181883,0.2771504922652416,0.6593387234033794,0.39814393205192994,0.3810753554422957,0.34124204388905016,0.3153471642811655,0.370240894923736,0.24364386350329215,0.05999538216279463,0.32010666818115163,0.3630053056228518,0.3005629459459965,0.27061993109807375,0.3599148943073536,0.401814515086363,0.2281804600717447,0.34820033240740605,0.19679610138408915,0.38157043543859337,0.16782133877015643,0.2591500994826452,0.9909087495482306,0.20397082871312602,0.363969506384212,0.14044052618585096,0.43909263599965614,0.05139437262918539,0.33229575423789437,0.32723745701380386,0.566173202334991,0.44009795327737566,0.26971660173321355,0.35251363987837125,0.34112143047746385,0.3962816172228139,0.3486128825560911,0.3313594373106267,0.2869960670510191,0.47893467425612407,0.41577735529721305,0.3022918345871833,0.38985515887628663,0.7796639293442525,0.4465404143843874,0.4046855337218657,0.668347818770246,0.21306136018321278,0.2887545625799462,0.2637953629422753,0.20244981428105582,0.3783021844370697,0.3826520778095154,0.3800274318650717,0.8692908377565864,1.0,0.32713095447657403,0.33316018860895835,0.32521478376009333,0.3505885226467735,0.06349090974966763,0.15094194465516195,0.18965966185700023,0.6930127030077418,0.4023809803000225,0.40741758604714207,0.3734719081240831,0.9738886242986918,0.42769576899391054,0.8524752435001288,0.4116215102712693,0.8828576790620755,0.3972660538982872,0.45461036409352595,0.8837963541763777,0.49907003305502196,0.47799909757767933,0.4160519834454255,0.3940953973142124,0.3976780075943379,0.3973570463104819,0.4191926386900094,0.4129546363946622,0.38557099555710267,0.3576548498847121,0.3548315524365393,0.3232818015600703,0.8017466991449729,0.41428178805297877,0.38799218238289673,0.3258461647176344,0.3055519208396564,0.3582665010532159,0.4838487344244855,0.36458307761343184,0.34477454361162696,0.0372183491825743,0.27058667317232105,0.33291748004580707,0.309648689399467,0.2959973022229515,0.381798522704931,0.33516919479045076,0.3720155864151501,0.24156896148564186,0.05529133560518651,0.3486908958277876,0.32943673421533104,0.41824351414111743,0.2827712456115684
TAN,0.49302276190278543,0.5272181779061145,0.5719410134790625,0.5668478897675361,0.5931088283344803,0.5313479985152971,0.5448263376657686,0.5433694428516177,0.5842011274512657,0.5489031207090934,0.506085033601159,0.5271284649215023,0.4332421296992869,0.37398654355531064,0.49938238536039603,0.24762805396932244,0.25184841355680226,0.20645578683286167,0.5710369168920123,0.4495663429841567,0.44671216529277563,0.41498159824057357,0.40896491411314684,0.5183056164667416,0.46007760020528976,0.2523569461083328,0.41286652422577697,0.4410065487541028,0.5326562946496134,0.4299289171286405,0.549108347819341,0.4777232555247134,0.2790491818583412,0.4847662988097173,0.534263369775169,0.4241673153111802,0.5345070382415281,0.5741788088399422,0.5281700347719479,0.5118341933919054,0.5170524236364038,0.4771153132473062,0.43818239738921705,0.4676511704728791,0.42558344850655017,0.3540904525080952,0.5496216465505457,0.46523257032299864,0.46491360397919884,0.4717383740461894,0.5041973534535424,0.4461309856812021,0.4233884172574722,0.4630131410205475,0.4803373938560503,0.48745635923141367,0.5015056227372316,0.566241957434769,0.5641126338566576,0.5298774899005033,0.5238142756707443,0.3605188428921865,0.3288278492025237,0.35368244868369275,0.22430123260978568,0.4851615642023195,0.15203601003771763,0.5312796406412155,0.5133982249736757,0.4847564426953376,0.25360075662627435,0.4948759007184868,0.9160616175522559,0.6143412766888233,0.42725057212219375,0.3510038323202478,0.35982579709295737,0.2639544829076964,0.509360258178346,0.4191528510408933,0.44775552845555866,0.458250200812359,0.538972713951937,0.5160163567288182,0.36875307360489906,0.46972177218129385,0.2200134560708137,0.6793750694259869,0.30392940647768535,0.6164676167168048,0.33325423323109693,0.45997024001058784,0.5045224614785709,0.2997434175973412,0.5222642625029473,0.31293552041123107,0.5168304218538943,0.8320227107561484,0.454902772032806,0.48597420469082453,0.5080213201543112,0.46393494002400326,0.8442127803313811,0.6380555767452566,0.5192462607546557,0.5404523312033072,0.45929325829273115,0.49015953744226104,0.5408822279566133,0.5185997579334711,0.6095459113022758,0.21769666424961223,0.5604704789466537,0.5225826116917396,0.4847634353800928,0.27001698314099776,0.3606788136357341,0.49898790966825496,0.3294163967035641,0.5188774418889183,0.42461345995929006,0.5132241916311139,0.28604614900886627,0.32713095447657403,1.0,0.5138377065967864,0.391804977575894,0.47875698867423644,0.19471707978398695,0.2586039973838047,0.4519989560783343,0.48653873892488386,0.3777700046026156,0.6318893468165792,0.5424189439649885,0.31596899697771974,0.5573296749082989,0.1672306601370635,0.5186394542530186,0.1671586389543041,0.4668653943337302,0.5214077003746712,0.25817875034884374,0.4519645234072382,0.5203054845625344,0.5766817083441891,0.505140536634989,0.5875946043294318,0.5200822956111952,0.5820414550791743,0.5794684162849812,0.5426095058213704,0.45946769186427167,0.5057575559171533,0.5796680573035725,0.430734088127273,0.5852290932766908,0.5135271260022145,0.46545404794118006,0.47613806293055305,0.49681504958627404,0.48914727862996865,0.5068213789734543,0.41324669451960283,0.23573670368637456,0.34406528628982636,0.49116128518853486,0.49344995958953985,0.17487075106538588,0.3308099025446695,0.2881606344619608,0.5157259574492085,0.4886168145233536,0.2972606876986726,0.5114140856861653,0.5797233105124544,0.6630266516848551,0.4218860907859464
TDIV,0.6512708039234276,0.691796644621134,0.6095456654321396,0.7014268923477988,0.7863204802277552,0.704754158274323,0.7130850281699909,0.6715609548283117,0.7063744926491275,0.88027092617718,0.7095676191541442,0.694880015608892,0.6573919077545015,0.5742583863301686,0.6882373981657604,0.20856918678198763,0.1933872517876697,0.16859926443140205,0.8228931975606777,0.7488763425449033,0.7878422944452143,0.5336742487686905,0.7299591017349624,0.9015521591644432,0.5275585386126714,0.19289682819519416,0.4470188617816553,0.45022055850137405,0.6444751089722061,0.532833831824733,0.7690143917600172,0.6277257608880098,0.38143143168262583,0.6425267827336445,0.7362524779870273,0.5511666259040519,0.727644225561123,0.6938654289526781,0.9012536668566022,0.6902443463650492,0.65749788488906,0.6594801775396743,0.43319028965776113,0.5995697984861175,0.544210941135408,0.4719447250961523,0.7801180927344555,0.5467510431527006,0.6296086405535635,0.6151010784004729,0.7471804106518464,0.5790481516476423,0.4941128303809057,0.6125916380822327,0.539174212680812,0.7649474482441322,0.7005892553816923,0.7693459766811342,0.7019719606681545,0.6326106195987743,0.6986984151502342,0.6415696797928112,0.32940901498620073,0.35734017666891593,0.1623254115529953,0.5680367231258858,0.07009801307726893,0.7271976703244739,0.8929439972374184,0.7426806731710085,0.2470630732400878,0.5876834962603292,0.563128432134304,0.7580807316457551,0.7640009157347817,0.5701526232658807,0.5221750434091355,0.34665197886028254,0.9214283238011963,0.7389995036267036,0.8302556169267451,0.6145459698999637,0.8977480507495768,0.8906397558363027,0.5592106509156377,0.7430025026720596,0.45444515005661296,0.8194087880450719,0.39722568140584663,0.5560474809972563,0.34627128305884636,0.4041850846167524,0.8971760055122479,0.39773816201791906,0.7989872405918251,0.41953834858116934,0.7633907220113635,0.6592548150858079,0.527390856955235,0.6969552008233417,0.5941921514639841,0.7509904466517237,0.7204439169604008,0.8477302556672008,0.9044307839206797,0.9053145093903855,0.8024345305882252,0.5649616802597396,0.8136174194489728,0.7401019854865193,0.8020707127305831,0.15527536918878035,0.6957672016261721,0.5964277901319474,0.6794409799126532,0.2672201596026685,0.36753048381022874,0.8937673132481028,0.45461816327156973,0.8995365011132654,0.5794292221441485,0.8979664485014077,0.2715506922600771,0.33316018860895835,0.5138377065967864,1.0,0.4906474382357034,0.8634278960975961,0.2420472167213078,0.3727205935213285,0.5378298563560133,0.6593232565045662,0.6896139496576906,0.8281257904308982,0.7529841558373758,0.33366326045775396,0.7468531294825755,0.07520844155455879,0.6834707846902764,0.08151469196221531,0.8376549052073846,0.7107342334465907,0.19311618375656167,0.5449760125730774,0.5530412526663864,0.830146830047967,0.7323560392401931,0.8495636407871104,0.7226912044615409,0.755943247583584,0.8859519455635737,0.8989158902166154,0.758812599572453,0.8751417692530087,0.677901497395336,0.5062189929127978,0.7548231078923219,0.6565555357346261,0.6465115869471489,0.6527115115890121,0.5468451021674227,0.6146042323287308,0.6811879801990638,0.7133321140271068,0.3272664835788415,0.6507527052143494,0.7622352932230161,0.9281208068203466,0.3166509018924298,0.339748091635484,0.4714605396233996,0.7561525423710777,0.6118933883907819,0.3876548312031049,0.6446256700993672,0.7030786890086551,0.8797078806421837,0.7697603607103701
THD,0.462481059174982,0.403029429939514,0.39576149571563496,0.41388316218762855,0.4732439829865028,0.39856348980534834,0.6283701163019814,0.6192972427624176,0.6640185734488186,0.5123789480358333,0.4227862879655492,0.5393172435423867,0.5352075062687086,0.39909430645498006,0.39581517083275847,0.2501881206223765,0.25963454625008814,0.20912378697724693,0.5476868729184551,0.37622781840873404,0.47934850949767904,0.3692835846175207,0.4629697334662569,0.5106026547721056,0.5861650217867022,0.25761703369934763,0.5712300349829869,0.4450180047553649,0.6700766727593802,0.5484785078388463,0.6092340514773668,0.5982707471476074,0.47618063789711856,0.4056323473477154,0.6511702376082963,0.5246563750962079,0.6223760657992766,0.6554481719535485,0.5139832645237137,0.612434459092908,0.5476712892590568,0.5661080148836002,0.4925549803877846,0.5479889088719982,0.5142591928087569,0.5509842697512856,0.5682831752465654,0.5064694154884847,0.5596002426997626,0.5729805837716455,0.5837493414465976,0.5517154188802976,0.472579527412956,0.5520537668697606,0.6014967102273747,0.41514820573195815,0.5803825729327473,0.47145241007886457,0.6490645001504041,0.6426830086741813,0.6318620318648819,0.39636221511357095,0.46934997331512346,0.48578201052562303,0.37789808792071045,0.5253114812953172,0.19322552447200203,0.6222366498776759,0.5047550004784546,0.5197385326179943,0.2517226866978344,0.39467764942177835,0.44210334890638797,0.4870660969620975,0.38340388684086724,0.3723594749847497,0.46581624475492867,0.2642038505812722,0.5063997972226802,0.45851708596100893,0.48940281409346875,0.4401408082584808,0.5022503598453258,0.5019062840437553,0.3043082403360856,0.436980152022433,0.24111441410469656,0.505469191660563,0.3084831971317212,0.49643482227540736,0.3319226099055736,0.45255058700188444,0.508106507563101,0.2554949811025551,0.47860851582817765,0.30892628410407547,0.44396057420881846,0.42974200633564885,0.36018739538157934,0.4082709566936414,0.571162599048592,0.4388815764180868,0.4510391486690587,0.512498191603484,0.4872247339459175,0.47559943868981164,0.49157321676067434,0.38392335319211857,0.49182078638837584,0.4597847737079467,0.4825864831031185,0.1965045779226256,0.6120646453446414,0.5418173628912232,0.47416535015075667,0.38425827350432684,0.4705697225680592,0.46669486525974146,0.41507377089295444,0.5166745857975934,0.38738483202277646,0.5092143261910748,0.30389324059996564,0.32521478376009333,0.391804977575894,0.4906474382357034,1.0,0.4728140320324172,0.21606084170696838,0.3668823653965977,0.42041494474091734,0.44902982344754744,0.39897580615266637,0.49326397716120085,0.4586965358013314,0.3152147513117772,0.6407101867935697,0.18831637661348508,0.5924221153842225,0.17181975263892652,0.4787293864115996,0.591707023674411,0.2682696183171836,0.383603493415097,0.5626889457274681,0.49461234370651425,0.454302174406527,0.49130278675291184,0.6283566427463967,0.6612415805172958,0.5971656553916138,0.5190610004169349,0.46162994362873144,0.4848561810917251,0.6565906723932154,0.44696462000140075,0.6675957204048938,0.6328676788963796,0.3381908165124461,0.4140705467105925,0.3628628671579893,0.3828735281816132,0.49778936455027045,0.406047944450707,0.22528047175601268,0.3726081119350309,0.4521701855225351,0.4778210376813832,0.2612675727599894,0.27019454601639403,0.3235657872958039,0.4502252985968127,0.46580723058317786,0.22839354220296637,0.38304877894584366,0.6521601777094156,0.5610837199930405,0.48294479259847817
TMFC,0.6912337137187072,0.8086394284281307,0.648309937360668,0.7937079856326719,0.8175174014881432,0.8166737364007712,0.7078983403299538,0.659269373356636,0.6516740956814355,0.9089996951085738,0.6703297210870661,0.6935014337313828,0.6576664350331346,0.6219214116682504,0.7328641406410413,0.21928436937922058,0.20698931174099458,0.18330973868156536,0.858077181095251,0.7850131962474446,0.8248749507137668,0.494312256211747,0.7628157360998188,0.9608954961695547,0.49825582982735417,0.20188113986200062,0.4398945452753823,0.4406541959332621,0.6008995643189392,0.5643781849900634,0.780582206510915,0.6196431217209843,0.3774885594499912,0.6836263240500403,0.6681214108670911,0.5488669813974225,0.7307471860619702,0.6471617070133519,0.9640028123195719,0.6820578764182026,0.6661758317806687,0.6734503720204806,0.3970232149529041,0.6177011245935309,0.5747405805187142,0.47005881295739516,0.7629422950379822,0.5597043959256616,0.6369599655180118,0.6305503686932066,0.6701909846363726,0.5781756671154057,0.4701200851552262,0.5371548915605833,0.5085473552600253,0.904173513053895,0.7034481265489745,0.7428920454239738,0.6950831044505658,0.5835688801923149,0.6709022170116559,0.6936715789074793,0.2821934567542568,0.31583152602581827,0.11652592815379424,0.5105858162406316,0.08093074470897227,0.7342601647261764,0.9541164517366425,0.7498746099874061,0.2534687026624151,0.6284646471481733,0.5299557694599156,0.7697924546262713,0.8471735565500856,0.6439093150376529,0.5418030619413442,0.2904971210071042,0.9232174044235788,0.7722431034787116,0.8722814011417888,0.6212862966090889,0.9150704872010084,0.9146726211711074,0.5516825518380993,0.7840046603559246,0.50895531197707,0.8237266047879973,0.37164322585143644,0.543816211147136,0.36297352730496374,0.4038295469816857,0.9757693243926148,0.38379287271786794,0.82927625026019,0.3490198991542757,0.7299598373922114,0.6340212534629507,0.5506151033793132,0.7057901052137712,0.5470898700312488,0.7561560774702982,0.688948192168398,0.8621650201665714,0.9758510792274783,0.9034622654659883,0.8704436273136057,0.5707361902997288,0.8137727555203699,0.7454502402369818,0.784498979114893,0.17083913841019974,0.7069246365461999,0.5822291772184908,0.7287053094913594,0.22666808059538587,0.32462163626009044,0.8221791957429183,0.46866595411328266,0.9614999373676795,0.5459047862972504,0.9652354954654935,0.2925792654152924,0.3505885226467735,0.47875698867423644,0.8634278960975961,0.4728140320324172,1.0,0.25841629900625,0.3737123131125851,0.5132832512794118,0.708277928954612,0.732420249880117,0.8418960173854673,0.7294610021346094,0.3487397454087046,0.738747329995276,0.08292737833142104,0.6913855145060609,0.08753419705355711,0.8455363930032397,0.738640625362971,0.2063226924794891,0.5624130258284806,0.553575363614845,0.8473057376005403,0.7130130390691695,0.8933910978577727,0.6897767479345969,0.7412166694188183,0.918569246336936,0.9561350827903436,0.7314585737209996,0.9883572208494655,0.6489323892339165,0.5456303738252056,0.7398334827447919,0.6412010291220078,0.7421053519265862,0.6578594892514933,0.5903439509134155,0.6129188014358974,0.6622020099603232,0.859216089669213,0.2721410659711559,0.7068641060817283,0.7447921321848671,0.9331049964499561,0.3705470714269557,0.3301803143923421,0.5238535741746715,0.8871205773415158,0.5522953899884011,0.3372718448067917,0.672914332551502,0.6623852830376514,0.891739230918786,0.8282959979549386
TUR,0.21079799180676262,0.22245138367686534,0.1625146422913351,0.2008803705006951,0.24178098646090115,0.21664425992166259,0.2948792095320077,0.28825274734804934,0.2859307752844544,0.27499474665734874,0.24531265580527395,0.253673702388699,0.2337658797807958,0.22262389574394129,0.21938002564256606,0.02617071263861941,0.03150721564726389,0.023731733657201645,0.2620762878236364,0.1678138900693789,0.2615457289737976,0.2130254942580405,0.24474548752123804,0.2675753318586881,0.2734355617405792,0.017756159753147913,0.22494801811674578,0.20521386351378013,0.2767220927201249,0.22457718040509966,0.27530133985183936,0.2809361741197893,0.2234393028242804,0.24327052625061787,0.30112784902205475,0.2870647606917453,0.2895831852180767,0.2672184165650778,0.27124864064136456,0.2478390665597249,0.25791338089038546,0.2812021780837133,0.18201295843207566,0.2633316384322831,0.2247854094342788,0.20916115326522855,0.27473513532130966,0.23527235247700032,0.2766339786439586,0.2176274445773389,0.23410213159798343,0.27024810988735043,0.2022074867286946,0.21894320551659904,0.23510825864628987,0.21901767695037547,0.2834814459705693,0.2534810179913043,0.29627071465807847,0.29815781522505086,0.28807012254085523,0.2083397618288892,0.14273242032997624,0.1678648681429382,0.08457347836934556,0.2320627103991864,-0.019829283995842568,0.28946032640364877,0.26898567643475174,0.2801112894854101,0.03494863251064616,0.17483805300811875,0.21035471564335267,0.24925664092900737,0.1854500294010612,0.1618872854178603,0.2627548613012672,0.11382732516082977,0.24350758510858134,0.24412601670950332,0.23604879691233668,0.2370263892586815,0.2534283744434893,0.25558251498923146,0.21443973351726092,0.23935957292928653,0.15366688940530954,0.25317792667360095,0.23877188009555275,0.20919332369318555,0.07946533178676868,0.1466036990743585,0.27046062883947836,0.11671445046035837,0.24613320086479712,0.15247706241425274,0.24118025760091946,0.22385353606562863,0.16807257826438088,0.2235889414526517,0.2628851926998049,0.23626185340187608,0.2331292677373283,0.24276039238858868,0.25082052521564924,0.2301666535780654,0.24202381804772832,0.21281621785977184,0.25515365282311,0.22820346340099493,0.2510778213163499,0.006307902829112267,0.2898545504354411,0.2650735697805562,0.21167201067167982,0.15420615689127637,0.1779396153092167,0.2272823701605857,0.22129337165598562,0.2708244102022014,0.21780668838482473,0.268692793686749,0.06637652479899896,0.06349090974966763,0.19471707978398695,0.2420472167213078,0.21606084170696838,0.25841629900625,1.0,0.24132661032259112,0.20052806026473047,0.1970687414253437,0.1938401020991071,0.24116861438785078,0.25175701122794014,0.0698763585488531,0.29467216886883574,-0.004937902652648323,0.2910200758791829,-0.018010800274239697,0.2536674764421937,0.26336439271389617,0.04562812250377443,0.18923763131281904,0.2504880375380117,0.25023095518190186,0.24333684835724192,0.23535448025564934,0.25984568595375784,0.29925445066715556,0.29761461143408335,0.27302150176886625,0.2533506159708982,0.25016103255787386,0.28492442314778293,0.19595410148583867,0.3039782489257237,0.29909406420920287,0.15959990997572046,0.19499363254215338,0.14458874227881696,0.199402548108174,0.24176915679445657,0.21669236439539666,0.10198517881395672,0.2386262323021306,0.24471583298281266,0.23527999123649201,0.15379655504733492,0.12232147715148699,0.15107221395611062,0.24709956858584342,0.25070626282416647,0.11003495276158579,0.21716508607510718,0.2717068827510773,0.25941866735911995,0.24976779876032304
UAE,0.3079014467405147,0.3297272651893333,0.2976322679669322,0.3273550533654891,0.3774776732190666,0.31816986005116793,0.40790643535865106,0.4025489589910016,0.4337218079239073,0.40769906401136097,0.34559110600704257,0.3617445080221142,0.3670730258992318,0.31458236352565266,0.3458031125929851,0.07470478043834072,0.08015234111874274,0.09704775268849566,0.37976766833028164,0.2666063844650164,0.39029527262719377,0.2628800331564272,0.3597034469688025,0.39115225963171907,0.3365207064830808,0.07519269525993401,0.28291713587946243,0.32704240881254026,0.4854899661363609,0.32411855346343127,0.4077635726776197,0.3878391993956541,0.31248311941355345,0.36300529878745724,0.4718652776792289,0.3527478682768226,0.4142097561917381,0.43117153825312765,0.4039142205157515,0.39037034779749463,0.3468896403024196,0.37004766139020645,0.24617445138176594,0.37208853695795335,0.339354249235754,0.3640845514225792,0.37975262031996265,0.34723658299962773,0.3575586603061587,0.36318606895551364,0.38248365234033466,0.36201893493563253,0.29349844538677256,0.3838645630140827,0.37529191784172555,0.3248291281388825,0.3856705715407451,0.3796596390671599,0.4111958298386141,0.38079963581812726,0.405131358502719,0.2953083908994553,0.2374792661857019,0.25685617167600194,0.14492139079719868,0.2957131645919855,0.03573747864010316,0.41342181218495927,0.4016345910831956,0.40958031485671187,0.0992747429743587,0.29022524446149633,0.2887577031563452,0.37900458760656364,0.2825078127463582,0.2729749380415825,0.3789212557717591,0.13478616358273976,0.3821561758467621,0.36086481741907206,0.39486403170373346,0.37057199246664807,0.396336344724958,0.37779716656481677,0.3106073050651488,0.3652227461995804,0.25003849206444534,0.3938142467177446,0.45124643594028196,0.2865755972532142,0.1527796359650266,0.23587868562490721,0.4036397147829191,0.17057405316037405,0.35761048555460884,0.21559319995798235,0.3584406999199809,0.310193656496162,0.254379527914523,0.3102092626593743,0.36519791542640834,0.3559440601227995,0.33269448845581157,0.37385179434569266,0.38038180802633415,0.35466165955073015,0.37133533916354183,0.3011145935561826,0.37269277926183747,0.3746798576150569,0.38902122300084857,0.05561765273651694,0.3981208131275005,0.3485574844482654,0.3291646781453249,0.21037984682620145,0.25678639443432205,0.34560710894389685,0.35152693348714253,0.40511000883323617,0.28039564200572675,0.4041722987807188,0.14279493972733426,0.15094194465516195,0.2586039973838047,0.3727205935213285,0.3668823653965977,0.3737123131125851,0.24132661032259112,1.0,0.3150505857480784,0.3048322420063199,0.28832988246737257,0.37863965437406516,0.3715869984697729,0.1402391769390622,0.4255649792301999,0.027743639772546756,0.38934576695272016,0.016567812889255313,0.3667185309135422,0.39164993157982897,0.07904387366399888,0.2526825883857189,0.3752096035669481,0.3739158265528122,0.3491748062642247,0.3734001211975919,0.4221695163384436,0.4455878809804983,0.44023153875123905,0.40731519560529333,0.3592578969419538,0.37986630854360254,0.4272498600328861,0.2362897967593187,0.44258120091747294,0.4142273261823268,0.23978918534739063,0.35553803976898996,0.27175189846141734,0.2892037040836079,0.3409651709033022,0.3183054806844266,0.13509256177082307,0.346166440557397,0.3670497495113732,0.3674477096571464,0.1809733206638564,0.16736166103825628,0.23119012325806698,0.3664654968599193,0.3111534555456159,0.12324086791252045,0.28630498671156096,0.4181022029615686,0.3857354199362359,0.3811754976997143
URA,0.4183845360600456,0.5205447074739933,0.4493328824437004,0.5209402961911407,0.62961145887554,0.516348726109477,0.5831030176168915,0.5942614510084889,0.5777433478361299,0.5585238452102456,0.4644698602634934,0.6176683559987497,0.5139989920130621,0.38027010166708697,0.547819825623738,0.08869087546645302,0.10990116357061033,0.0905225032829862,0.5955020960619885,0.45584279578361186,0.4859765212898778,0.3363112766797016,0.4639993897780968,0.5467943319077583,0.4667632841239279,0.11189778322913685,0.38379712233999785,0.4404140893604247,0.5348156287735081,0.4260280048575457,0.559389510449617,0.5093797922985651,0.28988001778258904,0.4475587939929471,0.5880254859973189,0.42186458950158995,0.555152486380421,0.557532623066166,0.5497206011731823,0.5673805137072326,0.49385363944509253,0.47396694925732985,0.350904086288749,0.4596555422583555,0.39007170542615266,0.3669690413560061,0.528546574081414,0.4290379994128051,0.45779705043268676,0.4783516219836853,0.5297193820775772,0.494913428292108,0.4458956088083887,0.5146002002386606,0.5303864978553756,0.4771063763146369,0.4936325383418938,0.48613167664168866,0.5834706740717188,0.5257181069293136,0.5636022710438967,0.33513568228295043,0.5104309028196015,0.5448472342852758,0.38516564188567015,0.5677496263587745,0.015172059123131538,0.5578808496833446,0.5371020854176942,0.5096561419091236,0.1516321865717675,0.3799428347769924,0.5339677288971798,0.6146792117581488,0.4578399411092707,0.33120792437365315,0.3735699383595806,0.36495788038807925,0.559188490873997,0.41990891694642146,0.5180625204036635,0.3893759101300172,0.5834773003938214,0.5145423191197013,0.3102888212233238,0.4703008668811236,0.25073195469329707,0.6149132494389581,0.3183332004744899,0.4979979815515493,0.19501582667043627,0.3481592059322657,0.5450193052832298,0.35982572795977336,0.43534935803409835,0.41198137510612876,0.5251624986905197,0.5889443302950367,0.3696516661685492,0.3797381216439668,0.613508196896744,0.45207383677996,0.5644797232420542,0.5649318017429934,0.537546283968866,0.5339540407208206,0.48552596370318535,0.3675817618346859,0.4852869409469761,0.5007503952431613,0.5415539959567139,0.14909692096687913,0.5537791326484264,0.47749471913117175,0.43056551294578255,0.4241410218366601,0.5421095645271615,0.5321916820402337,0.36235048980696516,0.5447933226770317,0.3178218438353123,0.5382186069249856,0.18294904890081484,0.18965966185700023,0.4519989560783343,0.5378298563560133,0.42041494474091734,0.5132832512794118,0.20052806026473047,0.3150505857480784,1.0,0.41896060577589267,0.37396623272049645,0.5806130606410429,0.4749779976662556,0.17974526657957918,0.5885603863869836,0.05109583389183504,0.5123443296602457,0.003580908383770197,0.4695936524083881,0.5264036783796813,0.12755086619463865,0.2989963332490063,0.45032913721740525,0.5335072856890393,0.4458535708645471,0.5687336254856599,0.5842692234777227,0.5876219365845755,0.5998330815628986,0.5584739787688913,0.4672469115822646,0.5333418768092614,0.5452703532512276,0.3288927614104649,0.599035290933211,0.5436839461521072,0.38659916283635903,0.5883124102974803,0.39955611221051074,0.3334833215007126,0.487973974201017,0.4131489376075591,0.3233921942490412,0.39232345173489674,0.5096040287946566,0.5438471281294444,0.13144273458348468,0.2705360191487871,0.2322214079055256,0.45480968594745996,0.6942444157791212,0.3542707888864988,0.37609889840738603,0.5551649972573596,0.582965627171382,0.456125365242995
USHY,0.9627906660741178,0.6648037478701436,0.6188137510720045,0.6641157623565288,0.6547708103614119,0.652661118008124,0.6877268408029813,0.6526611163355657,0.5710731178770286,0.7521698726669408,0.65942836934814,0.6469773561960367,0.5851809024357298,0.6983509035880852,0.5763827616830709,0.5566632889854736,0.5703773112085276,0.46993612537581814,0.6883817819240752,0.59096952488005,0.6986527312147609,0.6107828907623822,0.6510317896608431,0.740839082388182,0.49531235971132925,0.5676848019946974,0.6253181294251549,0.45903187237986853,0.5522615368570712,0.6339669202306042,0.6989043981561677,0.639843500609498,0.37074864667392166,0.5639669627884054,0.5663002794530395,0.5400524200961606,0.6964287351201774,0.5630183298292949,0.7523044660446806,0.6630222367735993,0.6358882790965281,0.646314733171329,0.3682734642098847,0.6247124752909157,0.6081749700198629,0.4206547798174163,0.6643404731028972,0.5855031620350077,0.6369729293530703,0.6003527476714527,0.5244604127793937,0.5981610989385383,0.474478456381001,0.45453134640709764,0.5241953816461399,0.679662920104434,0.6666936977032867,0.7183291692252503,0.6952179886436927,0.5280884165870081,0.6602936100094079,0.6591247355193935,0.3386052072167058,0.3697084255001825,0.21558068716131892,0.5162607313832895,0.429509564879427,0.7021780794675877,0.7509631570691649,0.6196105688754343,0.5519514694468943,0.6190152434702717,0.5461360293127603,0.6489170539914803,0.6246609096169276,0.6029980449540615,0.46809668965804074,0.3268431259657712,0.6455253133058193,0.6671939165814499,0.6304345644570445,0.5635141458774703,0.7231385698793238,0.7507376417661394,0.547927096595181,0.6960579273131587,0.49484716986348154,0.7141699804714484,0.34628287056216384,0.4724586160386219,0.7013415334909577,0.3782011727330965,0.7324487551099623,0.4038333778993793,0.7625526105402568,0.34313407180781313,0.6577231865377354,0.5819653929003293,0.7083791281185993,0.7027168168580761,0.5072268347530334,0.713756152049684,0.6074226894609334,0.7451197752245236,0.698399235169224,0.6705195048844483,0.6179667926375807,0.6795815372778778,0.765646145880422,0.6378709302594554,0.7318146235103034,0.4711785927244369,0.7026015638664889,0.6417122154890457,0.9815993396825681,0.24490294446478786,0.3527096462413785,0.5774890338856378,0.4021373414604362,0.7477227997908754,0.6414787531766126,0.7448034772850605,0.6339969640379484,0.6930127030077418,0.48653873892488386,0.6593232565045662,0.44902982344754744,0.708277928954612,0.1970687414253437,0.3048322420063199,0.41896060577589267,1.0,0.6686468390025033,0.7470599594665639,0.716382334581688,0.665944017064212,0.6985780739083487,0.4495525981542892,0.6793990358533225,0.42640947689951453,0.7262201486427573,0.6997287460219997,0.554202405683752,0.6726642984116536,0.6267340868871021,0.7726189736352767,0.7225126531925569,0.7508940874986573,0.623210557118959,0.6828720559690652,0.7663840224983319,0.7594818122940092,0.6897189271102878,0.7116060212014981,0.5736994527035811,0.8016178380252984,0.6890067009934484,0.6509147645430755,0.610886231371665,0.5892842073509189,0.5851599502707374,0.6632354236425042,0.6375399346718003,0.664260594932745,0.30214878940354645,0.629784083023653,0.6679170596918407,0.6451878578230109,0.4155963402562493,0.4410179822854893,0.5182353068479798,0.7082004391281109,0.5080314466911442,0.34242935020188575,0.6505435828028442,0.5726347386599427,0.7451079852463632,0.6311648845548391
USMV,0.6642775314936212,0.5707716779553142,0.5202069744111172,0.5465156268379349,0.5646021671863981,0.5433299511741032,0.6686086528631335,0.6158167079987128,0.4866380741851325,0.813297829839884,0.6730921434241206,0.7105008742195211,0.5546039969422414,0.5498709836090505,0.5013345842497853,0.2866699179997119,0.2832275281087331,0.24723708613131298,0.6116451505306292,0.6357717188823785,0.8694563601636892,0.7457708609305681,0.8752396254980118,0.79332493473852,0.45958137110647773,0.27877786252862136,0.42877085015852623,0.3876091056354148,0.48638047680500734,0.684424772168789,0.677737420438127,0.6397749898626123,0.3462653673287379,0.5234665228381616,0.4904957074215113,0.5079254969356702,0.6808973663903398,0.47095046824043496,0.8223611318102236,0.6577210754657631,0.6064596431949273,0.6151939463268878,0.32824442750432614,0.5901361225830103,0.6457445164820511,0.44615101453157446,0.5941676431474928,0.5614074917441522,0.606915643079039,0.5609315025945989,0.4437573350270729,0.6432574165714383,0.45058051467965987,0.3619699565163639,0.45299846144590605,0.6411263066692742,0.6257873086040301,0.7326037171422063,0.6492350451828908,0.4817873892928765,0.6415082697235983,0.9450849001396318,0.3209560191523412,0.33162929607567554,0.13930028747243625,0.5488831940879637,0.17379573237609128,0.7009113144478538,0.8415317358419288,0.6725810758213712,0.2848034548355414,0.6785687726230728,0.44796163987420157,0.5621187542194811,0.643851442430469,0.7447236065393148,0.48917863139539425,0.39239264509850474,0.6159712631800168,0.9076343909452929,0.6336935775279825,0.5212101554283551,0.7847737919158457,0.8760664679226331,0.5729885631403504,0.7256107979726387,0.7500715483564795,0.657030709847052,0.3480872592945036,0.40181032043272474,0.40955680149766116,0.29435234588001813,0.7982682872236221,0.46354898568692837,0.8256188452260589,0.36959879126208534,0.7012846025052092,0.44836949552652927,0.5358777704467517,0.8071707137602209,0.4764829958921996,0.8217183072531282,0.4860475832792648,0.733884936259507,0.6910557141728974,0.6226675148291373,0.6763686901084954,0.6233379505565008,0.881174073438634,0.6843797047647787,0.721413222371559,0.25876260831984266,0.6536317499179246,0.6036559433296376,0.6752010247059499,0.1952197120780235,0.32232237257399876,0.49394814777026813,0.41898010311539047,0.8222232333701543,0.7878264761464855,0.8210601049827065,0.35388777337156374,0.4023809803000225,0.3777700046026156,0.6896139496576906,0.39897580615266637,0.732420249880117,0.1938401020991071,0.28832988246737257,0.37396623272049645,0.6686468390025033,1.0,0.7209864826667938,0.7620216222507131,0.3927445993746298,0.6765408271464585,0.17579274485623497,0.6653057713387668,0.17100495449481173,0.9205634815549765,0.7393203303189421,0.2780794784176336,0.7593057095462222,0.5820891262703463,0.8540879151430187,0.8641697053474515,0.7733792272584913,0.575662529069093,0.6338423342180598,0.7933137749033818,0.8207703607823378,0.8911164816903695,0.7085885850772722,0.4987399543431546,0.5351574133206406,0.6513479167269427,0.6512946305900704,0.5757483551677739,0.617834405019667,0.5569776288051363,0.622149416769319,0.7492524135121619,0.6844014558027645,0.3827971986840611,0.7792976631164328,0.7728691362549193,0.6401001985780829,0.7413557124058836,0.6455108578780295,0.8017369860892015,0.6846031813796002,0.4994223854959225,0.3806041598488846,0.638362593720153,0.47876185228228424,0.7081055546018789,0.7452107976774256
VBK,0.7358805545761998,0.8566346804125174,0.822962288815928,0.8750204144648704,0.8870131734603023,0.8501242738716521,0.7555022470772771,0.7223492167363332,0.6972597846814779,0.9241854030077892,0.846754426732724,0.7590089736175989,0.6728663797426567,0.6278660148645018,0.7900653472309771,0.28065099093595086,0.26421256401784976,0.21750416698752215,0.8661655718319601,0.7857568220732263,0.8255018672041776,0.635094904162206,0.7564684432405709,0.8879498609527273,0.5431086069586526,0.2648564396241159,0.4894898674296672,0.5075625449761595,0.6485422785312136,0.5977707199321461,0.7955642261961772,0.6680786599038184,0.3921255004690347,0.6932083518892186,0.70521423581131,0.5736834558010343,0.7610941881022736,0.6905743438400701,0.9014858813572382,0.7258102302887952,0.7073016467032834,0.6862721163017016,0.44647841400494986,0.6449048170182675,0.6061395168759037,0.4728642790128484,0.7673808559764844,0.594959067013003,0.66546851451023,0.6691616713603694,0.6729243911385101,0.6197530798586869,0.5302517944662632,0.5815250503511591,0.5674741046379367,0.8453633588024495,0.7171685601217622,0.9165285702470882,0.7538808556511941,0.6202309655584232,0.721205370997656,0.7035885948512244,0.3609663436996121,0.3985300587102517,0.1774099595479791,0.6080843181843845,0.13634944597434848,0.766428966071346,0.8995807312383571,0.7627178922492694,0.2893667911862932,0.7569552467674228,0.6701832872479939,0.8772419557709579,0.7909447669423014,0.6760530473200607,0.5315193675006982,0.3681507717522848,0.8163931591109771,0.7612336061927717,0.7705858999397385,0.7283188393388996,0.9234998010594135,0.9006596088128301,0.6917635644980528,0.8586278073724705,0.5649934382774534,0.9581088309799818,0.39950932486410434,0.6300934396518584,0.4209057886222956,0.44351321169060276,0.8724862432213216,0.44774490765796465,0.8642715490468038,0.47081121954350674,0.859459620944089,0.8100180431416008,0.6302952770648849,0.8183035513785496,0.6254360411730624,0.8446556069324546,0.8276433129029825,0.9617388851981721,0.8568764138012952,0.868514193653416,0.7803491558911376,0.6809773922126566,0.8986445363932938,0.8477273305907868,0.9652154536444022,0.21635065173160672,0.7556134222662022,0.6789890105906226,0.7635913872431015,0.2730063662063552,0.4095449718521409,0.7687336254571768,0.4687158330613285,0.8898774988265585,0.6711569321960361,0.8870886088769403,0.33498836368549734,0.40741758604714207,0.6318893468165792,0.8281257904308982,0.49326397716120085,0.8418960173854673,0.24116861438785078,0.37863965437406516,0.5806130606410429,0.7470599594665639,0.7209864826667938,1.0,0.8945959215864083,0.40661678581839483,0.7781468846277939,0.13394636111335817,0.7226894521496912,0.1522205025618626,0.8370344080584469,0.7649153474238066,0.2631120299307533,0.6839594378555984,0.6430179587051176,0.9414351536305599,0.8336256022063492,0.9573930853873466,0.7301140613016186,0.7780689173602515,0.9066243570651698,0.9194629020398046,0.7996819722942968,0.8605160990216887,0.6854688116212769,0.5901130318332866,0.7815545369848819,0.69113093006116,0.7932478854040624,0.7854109069550291,0.7510871729936336,0.771179498855197,0.7660653647231306,0.7451790275161535,0.3574731379831063,0.7285449026406341,0.8361218206827778,0.8191717657495844,0.3532354625874742,0.3903167028035512,0.5526158500843377,0.842097284794682,0.6886872129821389,0.4369794979913903,0.8206343085714924,0.7012684308406936,0.921916291266643,0.7570051336586735
VBR,0.7040499761728154,0.6851815198886251,0.6721399528895506,0.6941000037787595,0.7376839066600533,0.6630850316362591,0.7710585543861292,0.7460637855977481,0.6208630420263234,0.9242299036899128,0.9680303938596173,0.7956183238384946,0.6471174895827806,0.6262289450578954,0.6559478044017608,0.2500104565467019,0.2269823101714677,0.1829936238205408,0.7450953783140228,0.6333842792543893,0.8731852811387792,0.8186948371857532,0.835642430139629,0.8209044579166792,0.5578849844135642,0.2305694860748938,0.47336002949163974,0.5179954531142151,0.5762478973182318,0.6242149561385592,0.737363561269804,0.7357771509578674,0.3862345519066192,0.622696839164271,0.6281841801499461,0.5970765517541274,0.7579885695099567,0.6077904267247547,0.8459449884305308,0.7358249913335839,0.6927266115075522,0.6844067546909655,0.43863842679924314,0.6779115491145055,0.6240522281088414,0.47430501541802544,0.706017704003709,0.6283706288665286,0.6889027739131276,0.6259464885197897,0.5861732164581667,0.6863774995987855,0.535879944113258,0.4817385070736552,0.5471002301033518,0.6836051135635917,0.7143804358540965,0.9863142320232409,0.7612163553059087,0.6036492846742071,0.7562946825465215,0.7978673777130685,0.30755785663076024,0.3411499967925473,0.12577166851245097,0.6924321941400642,0.10512573603408541,0.7754067436726318,0.858671785483877,0.7708422482091127,0.27093723696828675,0.6714153198832832,0.5660168682849304,0.7224709814168297,0.6217549666414177,0.6596320114173331,0.5192343144157545,0.5008964018422793,0.6717281038069859,0.8175004976105804,0.6735194629246215,0.762222123721559,0.8393687413655925,0.8659602403702206,0.8628724884479387,0.879154504588799,0.7275464067818764,0.8483777437712914,0.4233260155944068,0.5672979688030033,0.38709115229819696,0.3846643064997649,0.8047304617258059,0.5448148540220521,0.8722251030697064,0.5794797057339371,0.9120144654481823,0.6876064239149383,0.6387616540337144,0.8716961446769337,0.6455654760697567,0.9361427004573442,0.7043343349077051,0.8477497209056934,0.719862109534013,0.7054630530444593,0.6807013239467675,0.771629106245516,0.9539619359116884,0.8413247908517335,0.9601639115553178,0.20263479553833905,0.7536051355007763,0.7473883880870879,0.7357609139416635,0.21725225512291707,0.3508072251132045,0.6318075997905604,0.44619949522584784,0.8424843752230449,0.8650061171416142,0.8344571369962699,0.3015550663621639,0.3734719081240831,0.5424189439649885,0.7529841558373758,0.4586965358013314,0.7294610021346094,0.25175701122794014,0.3715869984697729,0.4749779976662556,0.716382334581688,0.7620216222507131,0.8945959215864083,1.0,0.37712912514189056,0.76814330300734,0.09406413327883849,0.7345658741573997,0.12435415813394217,0.8731379134577393,0.7506913944672876,0.23194882817943302,0.7634853347116899,0.6654540203653443,0.9355384407921228,0.9491592321855779,0.8476070719045846,0.6845580371925515,0.7368181160681984,0.8639159935571952,0.8699479944397085,0.9073633596659536,0.7254724700014175,0.6239898550065475,0.5687796498328989,0.7559340025512064,0.7475878862273264,0.6289547052535256,0.7369756106490141,0.6158630137136976,0.8243354845388986,0.8562755350715225,0.6807445674192519,0.49674059794836517,0.8430250075926814,0.8851054228235574,0.6760104977174834,0.4876650209400061,0.4792733601738708,0.601510294565316,0.7827644299298692,0.6992096996265971,0.5437535669679733,0.8426931681884995,0.6119727261194178,0.8049019094510232,0.7348719215089924
VCLT,0.6964534066520208,0.33235899483114734,0.3817784816044687,0.3535389164363398,0.33553890611409387,0.31887585677657837,0.3990651253958426,0.37020237792548205,0.3245822244319565,0.36710763235824967,0.3116449777983755,0.35032818661993725,0.36216596776314525,0.3340217129041939,0.26881639332060875,0.9660001452932349,0.9148313752434276,0.731814325744765,0.3689837457800697,0.30237037809485734,0.36581028183625114,0.36556876999735904,0.33744632358492965,0.3810821116463344,0.299037434062813,0.909392592876863,0.5962970159219255,0.28198764794513864,0.33953768267502504,0.4591606804538133,0.42773310358531796,0.36693776829680885,0.23003005262812157,0.2986983472837612,0.32945386919592795,0.3174029268507408,0.4180672102415849,0.3210528924966695,0.3861368778910138,0.4021390375690828,0.3606645607840444,0.3770396865926459,0.21346116762964723,0.33998729621623874,0.42576012690185094,0.28510260446517827,0.35717503086458197,0.36079798554701664,0.3706813875004419,0.35725814580844373,0.3033217892978484,0.3506380554597087,0.315511313056913,0.284334893216834,0.3408614834973302,0.3358143295668195,0.3762883966419952,0.3847290694644402,0.4328586381628859,0.30173243176465275,0.38187214092801003,0.3780846033334051,0.2854686842885934,0.2918789091422049,0.23361738999369366,0.23313694814215574,0.8221808373198648,0.4158660001343935,0.38399720413999694,0.2896939757553272,0.6452536009341827,0.3886628493098103,0.36359560887882714,0.336122816350221,0.31531882206504813,0.3608328940839591,0.23647422337168245,0.06406764549650654,0.32107593994361344,0.3619464960436179,0.3016676931068949,0.28693151608195516,0.3587524299136378,0.4017473523028717,0.23931870659843502,0.35197344895347255,0.20633470955979363,0.38099830120021544,0.16425294603582902,0.2564271891617799,0.9837500630940427,0.19764151517266845,0.3646686621903974,0.1393730669514095,0.43583616562414557,0.060551677169870886,0.33473811438564977,0.32487793452979785,0.5695587935939102,0.4339245290252929,0.2624972074314258,0.35419110343427906,0.33542168758521196,0.39157527105039525,0.34748345089955135,0.3297801008505133,0.28931030271331115,0.4701974240325863,0.41473846975990303,0.3080418846756716,0.39081930070673176,0.7462973223234913,0.428663131205045,0.39296567896596785,0.6453995589158771,0.18546909100819547,0.26117522334084664,0.2663482323172869,0.1935956066763386,0.38016117824595796,0.38349754130745933,0.37970090053463124,0.7861856533122842,0.9738886242986918,0.31596899697771974,0.33366326045775396,0.3152147513117772,0.3487397454087046,0.0698763585488531,0.1402391769390622,0.17974526657957918,0.665944017064212,0.3927445993746298,0.40661678581839483,0.37712912514189056,1.0,0.41641306942502077,0.7855437829187648,0.40056385041373266,0.8975907814941377,0.3954904811200375,0.4405782998555166,0.83999293631583,0.4895620470784482,0.4567811765192671,0.41321718153740616,0.39409528712811154,0.3930101886436033,0.38626333969860777,0.40782057433694063,0.40911897401790526,0.38695562442989573,0.35773068032208344,0.3538217215256151,0.31551351086395474,0.7824286372922327,0.4035664149060043,0.3776203244757207,0.32345170587536065,0.30253506990006407,0.34416701645660924,0.47504730912529053,0.36224034977194464,0.3354210436718051,0.043560993054469345,0.2779943078053815,0.33246879696878884,0.3117536494412132,0.289390478704723,0.37266952153026656,0.3252683003549851,0.3722648636377212,0.2357092857633457,0.06332034083818085,0.3474963054785233,0.32175805560451676,0.41108652849926997,0.2889721959237255
VEA,0.692177495192088,0.6507058544735614,0.5948493951363245,0.6387919497848479,0.7139751352119201,0.6276952521824829,0.9860228231061519,0.944741811662296,0.8474170238327221,0.8254925763990335,0.7131338964111074,0.8403663311651214,0.8541821921066682,0.6129796427437275,0.6402962679310553,0.30162399611887614,0.30801479682377425,0.2538385494668526,0.8256012588058973,0.5885283256352193,0.7784251844153088,0.6260579688822046,0.7483475210596712,0.7984599722909574,0.7359510330688165,0.3062818880427519,0.7100683934393877,0.6211916159700825,0.8240997162664991,0.8742004549262536,0.9679586087083294,0.9518491763330122,0.4851850477209951,0.65931735405935,0.8525054754601964,0.7647153635186223,0.990329733272878,0.8344091051504743,0.8102737709317538,0.8824502606298082,0.8879033139878146,0.910088033007933,0.5846689469465756,0.8868003803483168,0.8367056332535506,0.6018560989035221,0.8995282036614983,0.8418024868638435,0.9072236079177751,0.7847259504452735,0.757467956569224,0.8890825147230502,0.6525209912028473,0.7297129765327127,0.7426047373033052,0.6492198334221306,0.936769264750223,0.7717514825626245,0.9671366958540005,0.8025190824336211,0.9785952285392936,0.6761804478879133,0.5251514649817276,0.5548192239257754,0.35244681969838004,0.7528805403345428,0.18871357199177824,0.9851250030992377,0.8052032961026867,0.8890810549317526,0.3359470732854365,0.6197720485937752,0.6431368024568918,0.7327510025056195,0.5863933187531453,0.6007610500163341,0.6332048005345918,0.41816765128112865,0.75816158781116,0.7278862244761287,0.7067717897285224,0.6637586289772845,0.8048210967185485,0.8088180778367366,0.5793156815535503,0.728411812840289,0.524491911805266,0.7846718366573491,0.45332443508702946,0.6554773362645936,0.4405801947433924,0.5460691654080331,0.7940279999478055,0.4128206295471545,0.7574548642501507,0.4571089834027098,0.7550296929965109,0.6391744893227755,0.5918742661177429,0.7182419518676657,0.7909902039449752,0.7466844715776456,0.6715875682719465,0.7927512364416264,0.7506353250160801,0.7276531669505505,0.7013539820117295,0.6487112328913264,0.8099027271033846,0.7176529236919393,0.7842667633834007,0.2450546309886425,0.961645499356446,0.7897238541024891,0.7184649512879603,0.42009760219742404,0.5406873994913809,0.699221938365059,0.5433420159930045,0.8089126379213255,0.6605346271268561,0.8040445750358673,0.3942403711263449,0.42769576899391054,0.5573296749082989,0.7468531294825755,0.6407101867935697,0.738747329995276,0.29467216886883574,0.4255649792301999,0.5885603863869836,0.6985780739083487,0.6765408271464585,0.7781468846277939,0.76814330300734,0.41641306942502077,1.0,0.19314118702154984,0.9623741420145686,0.17833294329663413,0.7848765799887718,0.9455614954564198,0.3222019874264351,0.6256592922251368,0.8335239417577227,0.8126017900058861,0.7724745044111475,0.7816357748785628,0.9280823408700387,0.974677090883179,0.9200149054742083,0.8175811781888537,0.77972412943857,0.742566509166935,0.8225872365564975,0.6371220250103086,0.9864240693688792,0.9549550900689566,0.5268388499002483,0.6685670551771516,0.5533438929702307,0.6562868419371983,0.7911553457418175,0.6536196059012905,0.35088985233461534,0.6885546379133358,0.7685463392902587,0.7212529712916683,0.43129305930927475,0.4223599392646683,0.5436232752689957,0.707561888755042,0.6762927213560553,0.3607827852501665,0.6237474244384833,0.8349240227545623,0.8510270471067288,0.7145277859627394
VGIT,0.48978239043013183,0.1086893671174675,0.19181740346921228,0.12747043378227912,0.0953247686567193,0.09542317597126006,0.18016969381147022,0.16945316049991802,0.13231312222665803,0.06513024945425015,0.03729039876566088,0.14565935996533805,0.16990103964708922,0.06787300519147209,0.058222876143086535,0.8509277033538047,0.9567674210427626,0.811713130559188,0.11684159249159003,0.08223069464874441,0.0897560581689297,0.16215187569107695,0.06488306709541307,0.09596847861858201,0.12704217855593383,0.9460400803862866,0.5362946039263783,0.14980756215672905,0.18840001041999246,0.32790273248695617,0.2068163587764261,0.14818432089836855,0.1334829920894298,0.11373455860863052,0.14244638757850758,0.12593636415202483,0.18990138888741312,0.13257780727845628,0.09454409795528554,0.2128227347614433,0.1744564172184537,0.15792881590010424,0.08056872127536344,0.1152118308592717,0.27602374782966305,0.18155307003262577,0.12294692524730093,0.14431308164181667,0.15032224881392475,0.1481919143887028,0.099484374330214,0.15666464572495303,0.15327478468438174,0.1498104530104856,0.22777329478732344,0.09673817151585795,0.13831735574392134,0.11112746088707104,0.22948824831336828,0.11179671823200366,0.16012406904421544,0.14336123314592378,0.3010293962369641,0.29259252027358057,0.3192975143768375,0.037632184681789,0.9323120948698735,0.18232668768256788,0.09301414482768558,-0.01879127653486015,0.6063664167520022,0.1946851144944934,0.219002265025723,0.10800133828412856,0.08673967817255548,0.164700629003764,0.08021804169954722,-0.10962938420907102,0.06860202258939338,0.10698751676426937,0.06406592245061961,0.021963601658447133,0.07822532967376844,0.11676109533683225,-0.020977715471422048,0.07135949432311751,-0.031969932904012906,0.1185681593341935,0.04207314461299681,0.0721710308372647,0.8410214393113197,0.06466633697898598,0.07798321776285051,-0.01595080667259725,0.16976505438165004,-0.1239931975698709,0.07256226358468695,0.11821296214086711,0.3370721721555047,0.19940519079601732,0.08497321146131577,0.07105895162801437,0.12132702224855092,0.12343640883873247,0.08274127442830097,0.07519367831133153,0.029189421232401883,0.2792762244960703,0.1282620186560646,0.03016151255402323,0.11517467603297356,0.8147921331245896,0.22855874598497677,0.18243124112584827,0.4101305492943084,0.20062073564485325,0.25110028548409263,0.027666355975546564,0.06481639925595492,0.08524943514353188,0.1541070272488773,0.09354412923007563,0.8876042926897302,0.8524752435001288,0.1672306601370635,0.07520844155455879,0.18831637661348508,0.08292737833142104,-0.004937902652648323,0.027743639772546756,0.05109583389183504,0.4495525981542892,0.17579274485623497,0.13394636111335817,0.09406413327883849,0.7855437829187648,0.19314118702154984,1.0,0.17743276223979834,0.8649837424058069,0.11993224658452571,0.2357566631778592,0.9309077202522181,0.308147114309426,0.3041695715020334,0.1298883129703467,0.12158396742104764,0.12314714514087602,0.19780104414613783,0.19183100808359763,0.1293780386158043,0.0912699212003631,0.0863424696303279,0.08443766262839388,0.11811361147658062,0.6291043071044674,0.17876779744787807,0.1614868676748237,0.1134130894357834,0.0958874497608732,0.17467527011733616,0.28661436323559786,0.11517169084642144,0.09819969815612595,-0.12759260889574794,-0.009334273387650515,0.07350266949779033,0.05535322941357058,0.16913774627782777,0.26773989530374936,0.1618496313929072,0.11605102837577363,0.06274202508531565,-0.13150314862524887,0.11871643348112607,0.1300854741152777,0.1553562548564461,0.012644240096840181
VGK,0.6656678635698662,0.611841578592791,0.5553239168310684,0.5885867940581467,0.6470893186771742,0.5810887231418533,0.963482897757148,0.9001265784470843,0.7660734387967877,0.7740192069065829,0.6706445676498618,0.7868351643766099,0.7317027437471768,0.601232983033469,0.5887706099782848,0.28555217867967664,0.2901881917786238,0.23302445984733922,0.7568875551154982,0.5401686537048844,0.7498522339623241,0.6163068202807277,0.7264966021098703,0.7494307367215167,0.6965871104677277,0.28727691624682467,0.6978909735805867,0.5853004614507857,0.7507718539460702,0.8815518017011582,0.9460166136760592,0.9481265325052538,0.45974146768818364,0.6225522366705675,0.7581629417257456,0.7808003430026449,0.9750806767875592,0.7566744534635861,0.7605730472322773,0.8242018398657208,0.9120043552716914,0.9535365251403839,0.5454928017980308,0.9293486234191606,0.8823546260262831,0.5654502053569411,0.9015294590385513,0.8850013137156982,0.9586003568184668,0.7471552832213898,0.6723335401839521,0.9173981559834818,0.6242652489459726,0.614572488742981,0.7055137955793335,0.6082907708418794,0.9729977588986043,0.7291780979569582,0.9234717165853195,0.749884316655024,0.9384785106919743,0.6794599746511097,0.4634926807449548,0.4920242861566813,0.29005675551951693,0.7026054984744634,0.17367408415676658,0.971642145983301,0.7581449905270691,0.868315703579085,0.3275086588830239,0.6052382867014907,0.6025010653155916,0.661264573475203,0.5458904527310313,0.6016956044845679,0.6216116082432545,0.3813890324390961,0.6826385539151786,0.7054144970311338,0.6413773491240065,0.6536477492080616,0.7435551149079664,0.7636816237660564,0.5606503737928434,0.7004934644225115,0.546505922182856,0.7234180194072529,0.4243739197672792,0.5971522524723314,0.42405928912041774,0.520989437928062,0.7428131161582964,0.3826890250892017,0.7359380790883622,0.4010194776553763,0.7034053130299249,0.5796681725296103,0.5660426046603678,0.7050339115891255,0.7199700522555117,0.7241282182858096,0.60769533599253,0.746380641450618,0.6874977353731645,0.6582242479106131,0.6467787669893827,0.6355918471406303,0.7812236382896661,0.6697624757014937,0.7294220075305919,0.22372537869487885,0.9354817184226946,0.7696740965689035,0.6956142061494689,0.3643664761532184,0.4781015887331481,0.6246783724055904,0.5285351431485251,0.7588037241936337,0.6556855769083735,0.756222889084731,0.3824495573618184,0.4116215102712693,0.5186394542530186,0.6834707846902764,0.5924221153842225,0.6913855145060609,0.2910200758791829,0.38934576695272016,0.5123443296602457,0.6793990358533225,0.6653057713387668,0.7226894521496912,0.7345658741573997,0.40056385041373266,0.9623741420145686,0.17743276223979834,1.0,0.16361773793796594,0.757795568507307,0.9284214463726066,0.3040894127890563,0.6216986526100572,0.8098408243567886,0.7748204714872627,0.7505085776388366,0.7303548786597823,0.8030780114990796,0.9273157572430539,0.87015448041531,0.7673822297842686,0.748837422393799,0.6914091706578973,0.7677298292133894,0.6281023959055283,0.9427538140498302,0.9339645727433755,0.4991870102538085,0.6113247639231408,0.5278759588200699,0.636243827076419,0.7636479858364311,0.6277871593144613,0.30689238749635894,0.685047039535943,0.7269557531877013,0.6501244621763596,0.45772716654986445,0.412616897607692,0.5582389241179194,0.6727746517395755,0.5977878190188748,0.3113069204305348,0.6042459583881725,0.7602919298263333,0.798219362562345,0.6736147209057155
VGLT,0.471475679644034,0.10978478110976037,0.1917809003266777,0.1298597892502185,0.10198450536860403,0.09427926558800373,0.16101265478301716,0.14547352211191875,0.12225511431609111,0.08480296043949312,0.06488252629795374,0.1298882352016212,0.16295233430180855,0.10968578787366114,0.05520943805461791,0.9724969408900577,0.9350496625310629,0.7691313393638406,0.12572396845914285,0.09682264740682285,0.10435355011814662,0.17452912081613928,0.08999263419298267,0.1090210319071897,0.12713339382939554,0.925954050465205,0.48889194825356763,0.1408756299693255,0.1540485688362268,0.2728877601703979,0.19397122394551947,0.13718394546464432,0.11482839898181224,0.11261855836070303,0.1280461056363134,0.11981806480793888,0.17759362177891216,0.12243940580808199,0.10778217188433208,0.1933945614086365,0.14771453334141524,0.14636293780834952,0.0830172835051887,0.10577424343250225,0.24064308739464962,0.1393737171800235,0.11729509628579053,0.14557918804326078,0.13916865014248467,0.14123495697813213,0.10125178973968127,0.13836713258231692,0.15843980503472585,0.13370799173490788,0.19060301952918665,0.09710391645769482,0.133643114581192,0.13536534636244968,0.2043231604862134,0.10559773731939266,0.14890699894572634,0.1464848809767024,0.21237499426099718,0.20453132251440262,0.21878207135598352,0.031851820214659717,0.9119147133770641,0.17125661175995976,0.10692929956870345,0.03553083670482519,0.6201533333665186,0.18973110032732304,0.2008550625441504,0.1205761466508133,0.09538279003396964,0.16416143479668424,0.06388544847126684,-0.09646623531820117,0.0756834059426344,0.1264701424738696,0.07520631996901621,0.07530203265439912,0.09375121672182571,0.1313298110026968,0.02594468237546923,0.10106228383574398,0.002936593024426009,0.1301002742797178,0.021417666521604355,0.08814587570944961,0.884344809212226,0.06509301278147583,0.08809709943630217,-0.016850539957083063,0.17745687353825218,-0.10993737358950813,0.09846367192225948,0.1252542982219727,0.4088900017406375,0.2067358246947579,0.07770161131481826,0.09291817423235052,0.12684916367204838,0.13359925739213482,0.0860249244547408,0.08291833052626442,0.05114476865586096,0.2939880545094922,0.14719952784305196,0.06996843747430943,0.1354564477659866,0.7745568709124002,0.2007114210005486,0.18490882410967163,0.3956392244767525,0.130598077586882,0.17597100474582253,0.03848306913840316,0.045997810019650975,0.09990016173569258,0.17279697452276727,0.10430631239297736,0.7133199612594948,0.8828576790620755,0.1671586389543041,0.08151469196221531,0.17181975263892652,0.08753419705355711,-0.018010800274239697,0.016567812889255313,0.003580908383770197,0.42640947689951453,0.17100495449481173,0.1522205025618626,0.12435415813394217,0.8975907814941377,0.17833294329663413,0.8649837424058069,0.16361773793796594,1.0,0.13157066579147383,0.21414147120698776,0.8645852487961667,0.313959717835673,0.2754231216322508,0.14751615072086227,0.14482142878414758,0.13449759036078773,0.18105822656739376,0.17759667653964756,0.13270105047302663,0.1069502448990432,0.10415681761276115,0.08987963021710195,0.11032363551694482,0.6365225688944963,0.16485758235079004,0.14659476060810323,0.127037188712334,0.09005732104160696,0.15855377409920943,0.2885579138069251,0.13293148578689926,0.09317184696991346,-0.10601444657472134,0.02446004103241501,0.0870377795193015,0.06274964046850415,0.15853683856369763,0.2675221517559341,0.1598098217177516,0.12348560358446367,0.04816195137742362,-0.10877383909196502,0.12664018962375645,0.12129673393002183,0.15751334415928772,0.04322839735380025
VIG,0.7217673011901226,0.6631044603751938,0.5973397123281575,0.6529347747091026,0.7105884275332471,0.644308254211858,0.7721494963977282,0.7183166907804756,0.6154802327996705,0.9381516706116837,0.8025356784855292,0.7786651027472368,0.665591975018863,0.6247457550099799,0.6283639604863427,0.2649508765078505,0.2491287131165139,0.2108591187578539,0.7563598935320363,0.6824814462291977,0.9543949929428682,0.7428791936472785,0.9336862575648511,0.9073271204618221,0.5356987682614769,0.24772898018212108,0.47637941182600185,0.4662297705206493,0.5899853724544825,0.6842737043275995,0.7863011977155641,0.7291528191326779,0.39810058664421666,0.6251544518352439,0.6326835006248502,0.59718073132294,0.783790076246542,0.6020640179929113,0.9328785603955225,0.744240346972908,0.7050712759552518,0.7086128345330515,0.41157951243927976,0.6834634126122272,0.6786458498894244,0.5025277809950727,0.733795794813811,0.6384258709718348,0.7012227067987836,0.6379235052884102,0.5964303591411974,0.7033784538405571,0.5179355492576354,0.48815508631404675,0.5362959378007887,0.7218926954899936,0.7386088900222852,0.8540902259383801,0.7481990059542359,0.5923623001702114,0.7486813743342489,0.9199316881629087,0.32465347105480113,0.34505961229700044,0.13909948612977693,0.6267386446414543,0.12573451048864343,0.7984582071582784,0.9446056214514196,0.793836125455986,0.2747141131980121,0.6929601726331961,0.5298517921193965,0.694370434550402,0.6949477520288435,0.7465141755397716,0.5587576476525626,0.4251452193615552,0.7738970340134546,0.9364838936575272,0.7670613492727996,0.6589197195402072,0.9003477417020804,0.9531436984112787,0.6938136848328249,0.8345089123923626,0.7199254039678586,0.7919371407491843,0.41319844321374144,0.5155823409594406,0.4083598545858267,0.36288076587433504,0.9148101519026564,0.47814165762833566,0.8947016562289405,0.45959381057950205,0.8489015797121764,0.584252352001488,0.594144422337448,0.866867653995856,0.5925373675022506,0.9049720184181571,0.6311841152247148,0.8398142879999919,0.8225685442006878,0.7609157059399629,0.7782734395439045,0.6729763346297079,0.9535750143593296,0.7899119639483466,0.8486759560867284,0.2104054363377546,0.7478473062750025,0.666169754197152,0.7449085771442541,0.2304014751395611,0.34893910515242876,0.6827820962663053,0.47979387580791943,0.9356770662510984,0.8012623574666323,0.9324851589795576,0.33248459076373416,0.3972660538982872,0.4668653943337302,0.8376549052073846,0.4787293864115996,0.8455363930032397,0.2536674764421937,0.3667185309135422,0.4695936524083881,0.7262201486427573,0.9205634815549765,0.8370344080584469,0.8731379134577393,0.3954904811200375,0.7848765799887718,0.11993224658452571,0.757795568507307,0.13157066579147383,1.0,0.8011895060602954,0.24484412006863326,0.7399700872519537,0.6342833219927498,0.93180794807273,0.9178431889348064,0.8683651021426846,0.6963932757273974,0.7510699535124197,0.91372402874388,0.9352845366149486,0.9511424441564745,0.8306914631848041,0.6175809172679764,0.5796302482216653,0.7662070195357574,0.7409200987091811,0.6109055446236642,0.7124650908146026,0.5870132367944382,0.7284858027766348,0.8337691141058412,0.7393772808374993,0.4118885908931564,0.8575817348343471,0.8913141234689196,0.7878340938779421,0.6468688847788011,0.5581437150621538,0.7520584707258514,0.7986882913812224,0.6133832815924809,0.42908991253228623,0.734063951826933,0.6095329762163835,0.8281792856056726,0.8310817913980781
VIGI,0.6935503480985638,0.6563902815090256,0.613998026988313,0.6393865948972701,0.6806259427723087,0.6253078309900586,0.9378391195638298,0.8797580969977056,0.7592054709738999,0.8012441729937244,0.681761998409886,0.8246873558750192,0.8225908342468449,0.596627722085426,0.6133383363494452,0.3327333780105548,0.34336618301459515,0.29032987064573657,0.7933625793269005,0.6103180386682017,0.7842890461354647,0.6342114102169221,0.7594168473557272,0.7892599661625227,0.6704062394125471,0.3399800156854411,0.6710963005960974,0.5577654064128779,0.7471815610859324,0.905027786490132,0.9514807626467752,0.8969403026499413,0.4742173229791524,0.6192341692322666,0.7425359221188755,0.7041028547953837,0.9554750006153916,0.7519267227699482,0.8014828851533248,0.8449204651820323,0.85728501049246,0.8673156601613096,0.5558807543576809,0.8264802791709835,0.8740560142967699,0.5797746055408299,0.8441752769385952,0.7790979862553313,0.865315550080481,0.7625461520686603,0.673334397587344,0.857024243932653,0.6110665931725994,0.5941009211020236,0.6897868233184271,0.6645287342993845,0.8857503762347987,0.7494921062641322,0.91639252351199,0.7360941642092174,0.9057271564840137,0.7369351681237909,0.48484767991059097,0.5119818132731264,0.30255967472149137,0.6821547015123359,0.22846283241655208,0.9544582557053076,0.8001851853239155,0.8584836598921171,0.36036357924392315,0.6709362694807959,0.5957380758712232,0.6793265142987581,0.6216801781460015,0.6609243136396314,0.6333725948300285,0.3724872052894452,0.7036342992316333,0.7583078584029238,0.6735538756947058,0.6229179215979365,0.7792559252537249,0.8079943249073019,0.5553863155433334,0.7258107258503823,0.5586334154265398,0.7493193952392497,0.42740997666721064,0.5948795565606203,0.46571146212507997,0.5346012874257875,0.7820405606471839,0.397209972964156,0.7799378192386096,0.3941137352902381,0.7200759354308819,0.5927307502561262,0.5886313375609854,0.7419253214507862,0.698180936929305,0.7439350086473614,0.6171803799435484,0.7841986124074414,0.7249423526126934,0.6918782815675699,0.6879019039015281,0.642187141129742,0.8132657677095225,0.7057501933260509,0.7553173991173386,0.26740060023392886,0.9251204909382357,0.75647559977662,0.7154324517246554,0.3564995355717305,0.49445380957462326,0.6287441471030168,0.5353806783275348,0.7969801744104936,0.6695599298141738,0.7963597940826408,0.42390498860868137,0.45461036409352595,0.5214077003746712,0.7107342334465907,0.591707023674411,0.738640625362971,0.26336439271389617,0.39164993157982897,0.5264036783796813,0.6997287460219997,0.7393203303189421,0.7649153474238066,0.7506913944672876,0.4405782998555166,0.9455614954564198,0.2357566631778592,0.9284214463726066,0.21414147120698776,0.8011895060602954,1.0,0.3504932470662552,0.6677386864881945,0.8117880831669149,0.8119539231033471,0.7726053537711661,0.7779522912312633,0.8510844881173337,0.9226164070404216,0.8913066849060273,0.8060933926748428,0.7747084931708411,0.7352256271266867,0.7709616465948744,0.6321256792482947,0.9311441839801089,0.9014101485526467,0.5698508170891612,0.6404770187212656,0.5881160314209358,0.6606442038757021,0.7684049831360661,0.675972424805064,0.31472666911483604,0.6929662699499342,0.7443957377016746,0.6787943993713251,0.5007174256353004,0.45234595836193175,0.6317542741649189,0.7092231545478803,0.6007661692320491,0.3281433080620949,0.6253207257005257,0.7569279564911542,0.8310852643935449,0.7077959573981635
VMBS,0.5878319713786556,0.21818014096570362,0.27848598228157206,0.23401528963278204,0.20999791926852585,0.20351840446680208,0.30645322624255933,0.28970109884931017,0.24297649371035415,0.20723617665030875,0.16887110765583602,0.2655132331140478,0.2761160417001519,0.19085147814165057,0.1578571015246992,0.874748908094742,0.9603797242156291,0.7876304046989923,0.23832298000825183,0.1831714466396086,0.2162590678046572,0.2738485046202813,0.18714407253100065,0.229393189962326,0.23595290187067386,0.9511899792130996,0.6104114770937477,0.2384998998471243,0.284106600704678,0.41922876046413005,0.327869452058162,0.27619278649096674,0.18683225779943546,0.20719673965906515,0.252708271418249,0.23634054798639903,0.31889226060095655,0.24152491167261197,0.229452533925851,0.327250378980505,0.2860185425079836,0.27870704215199776,0.15867944850833465,0.2374266256769582,0.3671066367822497,0.24357437110826977,0.24776293153250506,0.25470885518206027,0.2731151264992564,0.25885465828131726,0.21176699840053845,0.27782112409835685,0.24983894348767038,0.2338620558826967,0.31693897789852793,0.2105266450362474,0.2660663232393445,0.2449666136876939,0.35245930599563213,0.22261815779598024,0.2904966949477112,0.24941872863531353,0.3214429256806507,0.3196468584774244,0.30399678983580725,0.1538557155179603,0.891475044927211,0.3134481513726861,0.22661458813614524,0.13345469669159724,0.6383694600223396,0.28029378193374194,0.30718581484378843,0.22487319214994228,0.19473479855887682,0.24827861676724278,0.16257074107709113,-0.02243666325200841,0.18790501084455635,0.2284426115074607,0.18631587204645544,0.14260852512516323,0.20735890015802103,0.25105444936213206,0.10777358956262208,0.20525703140058887,0.08365014274442545,0.24329619637506952,0.10966398731158726,0.17666893135779352,0.8784104338536217,0.1355244904853347,0.21054932026770082,0.08042795427328013,0.29481412820038233,-0.036782173633484724,0.1967946018686729,0.22649251386923117,0.4561486504571241,0.3095854866785278,0.19340830879240412,0.2024832668142122,0.23249949020678382,0.24927346405716413,0.20430102492531907,0.19190509230450847,0.14787104483647398,0.4095698676709945,0.2644662649456034,0.1647472899736789,0.24935012084950478,0.7969179396392984,0.34962447522209367,0.30937189276637844,0.5231949725703335,0.21610881770154125,0.2794585380325184,0.1355121531058484,0.13923435703527515,0.22151585102100363,0.2735596946382787,0.2261867289507538,0.8629460691087198,0.8837963541763777,0.25817875034884374,0.19311618375656167,0.2682696183171836,0.2063226924794891,0.04562812250377443,0.07904387366399888,0.12755086619463865,0.554202405683752,0.2780794784176336,0.2631120299307533,0.23194882817943302,0.83999293631583,0.3222019874264351,0.9309077202522181,0.3040894127890563,0.8645852487961667,0.24484412006863326,0.3504932470662552,1.0,0.4026609347464681,0.3979743437658266,0.2650831198474334,0.2558275239940267,0.2491789888307215,0.3105617063885279,0.31537529520335505,0.2691434056441166,0.2295250900833569,0.2161579876882159,0.2089217442334285,0.22949808245915218,0.7187802921754222,0.3068292247930421,0.288964681464693,0.21520627716963756,0.19072801551530527,0.25851962093874326,0.38300107502035935,0.24239438800700872,0.20667724234198948,-0.04621075747854627,0.1281910037165381,0.1925693337550123,0.1745831176571931,0.2242843693627489,0.329430876265457,0.23170115518685797,0.2368728128716071,0.15854610431178714,-0.042338364767809944,0.225868385153564,0.23881283879959805,0.28530030213003904,0.1405008679147652
VNQ,0.6734703023390111,0.5240854013525212,0.5349447950919387,0.5228620519240265,0.5144191293269691,0.4997431537824432,0.6293379839789658,0.60364912730145,0.4509276354051806,0.688451634731854,0.6658146006276208,0.6597586885018953,0.4913252668390021,0.5007778028356102,0.4611724090741225,0.4119037707989288,0.4100962943532312,0.34561746976988483,0.542134287665234,0.46948839856843994,0.6908339213890049,0.7878008848189135,0.6907128992493939,0.6435290903027026,0.45221303655994705,0.41166504944109816,0.49113702555177446,0.39893322213527815,0.44711536400507645,0.6382356884635225,0.6044651540277185,0.6090668544424624,0.3628832241154949,0.4821396533669595,0.43872438032885813,0.45961268762485724,0.6261823642237887,0.43866514357811665,0.66663129258125,0.632407409342295,0.5906190307838163,0.5589811890696934,0.35582626765843367,0.554281815123253,0.6103754232067388,0.40227009346371634,0.534268876556378,0.5487421272399554,0.5722074833096339,0.5228604584319771,0.3956818228254623,0.5927409016885758,0.41577748726334957,0.33168116817847343,0.4453037392258789,0.518455886457605,0.5706417415643311,0.7453016854145978,0.6402713949997898,0.46266256954697305,0.5991059440973597,0.7500731571172848,0.32018278950187545,0.32694378787831574,0.1629587874664092,0.5112173306497869,0.31454538477272864,0.6419643672321602,0.6780383605405691,0.5709656576938251,0.3980253758626394,0.5951714152589026,0.5015507744919495,0.5144236491581599,0.4768910640073557,0.6543685744448748,0.4255563936223962,0.33016114790047624,0.4614441131786352,0.7395295077329801,0.49252715807424086,0.516824767306598,0.6305854463466619,0.6996406332932161,0.5971076077762787,0.6672854920787213,0.5954945604496472,0.6217150114087254,0.32581699638624206,0.4105846821331619,0.5058814883850092,0.2978065178882324,0.6230524920005805,0.4245814985802391,0.7386848845802181,0.3293526214578561,0.6548979328801571,0.5075557074089028,0.5779952312504174,0.7549663444812014,0.45289801867498214,0.7140037699507528,0.5175676682175651,0.649026581206039,0.5271106192648319,0.4870284617245195,0.5115793051477419,0.739825276122707,0.8006061023125578,0.6251520348725585,0.7123245386783208,0.35912887477055644,0.6480291808749952,0.6606975970253707,0.6696260454644811,0.20116146446831923,0.3180531366177623,0.38456235064041105,0.37033771997935433,0.6619141049607883,0.8447363036392093,0.6606170407892267,0.4278166715408197,0.49907003305502196,0.4519645234072382,0.5449760125730774,0.383603493415097,0.5624130258284806,0.18923763131281904,0.2526825883857189,0.2989963332490063,0.6726642984116536,0.7593057095462222,0.6839594378555984,0.7634853347116899,0.4895620470784482,0.6256592922251368,0.308147114309426,0.6216986526100572,0.313959717835673,0.7399700872519537,0.6677386864881945,0.4026609347464681,1.0,0.7053475198737469,0.7795963245856857,0.8238566547836031,0.6759946563169413,0.5245921354726503,0.58708072524573,0.6801340742882578,0.6785590456063961,0.7622558000570414,0.5514018565774927,0.46838026622877776,0.5946670430142473,0.6043960580527955,0.620875520542262,0.49741010925019374,0.5341093013108283,0.5305176103136716,0.6801936101942109,0.6938596940319613,0.5567131408966842,0.3149221899160245,0.651208503409589,0.6737530166210322,0.4678075923478782,0.6001856022635944,0.6581696854581067,0.6287626324216194,0.6079188601675307,0.45626038990119056,0.33570650690362014,0.6228556780071605,0.44080397487164547,0.632490003933633,0.578413969242217
VNQI,0.6268285746024203,0.5530374286196852,0.5345453601052507,0.5406416814089186,0.5648549458471337,0.5197204872352379,0.8370547581924556,0.8204459532256825,0.7247954057498499,0.6492594202024815,0.603535127770779,0.7309261475371636,0.6864057515543669,0.5028777361279213,0.5200390471181721,0.3798148700542346,0.3919475344041042,0.35161182724599804,0.6388102780015171,0.4439701109665549,0.6230822611991631,0.6241101856598753,0.6098830429253117,0.61475788896768,0.6867475130224792,0.39494983343023926,0.6950973062887902,0.548695923041972,0.7218462330151141,0.8113573751555029,0.7903271341920137,0.8188586936152825,0.46267943235467257,0.5636012672512803,0.6746698369901147,0.6336280124098786,0.8282275223409609,0.7166036798108381,0.6272807127605352,0.7798300813298957,0.7631032233140638,0.7471839846593129,0.6230556720357402,0.7355343008888294,0.7396298998133684,0.5647627393330609,0.711010576346683,0.7208991639261231,0.7580620514356798,0.690970836214082,0.5841610424053884,0.7700043320778565,0.5708390344660687,0.5523675940009218,0.6847031106220094,0.515358217960082,0.7553591127801611,0.6695591534622566,0.8601405895636607,0.7316935886781515,0.8118006785588587,0.5837881274792387,0.4846275654256486,0.49906990813118335,0.34382579290729454,0.6353810301661482,0.29868518414826256,0.8276518193955059,0.6258932422505787,0.6861894419397176,0.39759164400561287,0.550359123385366,0.5877539391828527,0.5777508098127998,0.4417198096589822,0.5283098162962945,0.5475081711034833,0.3211770084763262,0.5265310643188797,0.5965159158718859,0.5073667842112456,0.5418559630724662,0.6082826230914364,0.6346741441162457,0.5153508529100405,0.6102444651100591,0.45278066162254366,0.6463755072135039,0.3993805910131655,0.56411782945114,0.48577796780789606,0.5625106833515552,0.6006983759491827,0.3356643959323089,0.6450333219258871,0.330211504998724,0.5967925975314681,0.5520423936271465,0.5445293281947281,0.6223816359828853,0.6616898986210573,0.6178889877700869,0.5577783831326959,0.6464527674606597,0.545617365503058,0.5292989400685272,0.5060635576918389,0.6477368260875123,0.6890265411160423,0.5701986223912411,0.6611733638706927,0.31090012667950057,0.8636167345767573,0.7776578471260134,0.6341714418587743,0.36550068124867474,0.48060200075003245,0.47643988168647267,0.47212893216715207,0.6218549531132153,0.6580322557205843,0.6213629640473436,0.45111468460058557,0.47799909757767933,0.5203054845625344,0.5530412526663864,0.5626889457274681,0.553575363614845,0.2504880375380117,0.3752096035669481,0.45032913721740525,0.6267340868871021,0.5820891262703463,0.6430179587051176,0.6654540203653443,0.4567811765192671,0.8335239417577227,0.3041695715020334,0.8098408243567886,0.2754231216322508,0.6342833219927498,0.8117880831669149,0.3979743437658266,0.7053475198737469,1.0,0.6890360051511412,0.6863430308725705,0.6331267026953019,0.7599122007584534,0.8262469738977373,0.7429318567441776,0.6385472884304949,0.6517079773946081,0.5524843887093939,0.7385824552217589,0.6254013231150155,0.8367670703112731,0.8343728612842061,0.44680495546408355,0.5214262532341565,0.4998835816502755,0.5999527369116505,0.6734608475199564,0.5404597582099813,0.2613062316925283,0.575843470818141,0.6045440750025394,0.4941310835500557,0.43077990532703797,0.46249933921272923,0.478098259517835,0.5771313612552069,0.5388366060390395,0.2733580140298461,0.5525114089059874,0.7111095909976359,0.6952354678594086,0.5314654107458364
VO,0.7608828614492438,0.789755547383051,0.7172438262320647,0.7827867838377592,0.8061837937984679,0.7723089899782648,0.8022978625426339,0.7636403876478534,0.6735525717840937,0.961221977662662,0.8713102326655691,0.8210141216171905,0.6821253505149881,0.6638539664171426,0.7218820488173379,0.28136792061753985,0.2647511154421057,0.2222064633468352,0.8291211529321981,0.748793276897499,0.9050167200554908,0.7531328147605136,0.868523929492002,0.9122568217662679,0.5736403083256455,0.2656098525624783,0.5089359263117461,0.5248023737164754,0.6340933694872342,0.6758227622665112,0.8106716713090734,0.7397135745480932,0.4098007374506727,0.6742087595423464,0.6795905999687413,0.6092248121243944,0.8029007407523726,0.6628868469328693,0.9338448498826316,0.7691238996261339,0.7413293257799795,0.727612580748275,0.4542677243804799,0.7018512216638426,0.6727745680755003,0.5018297198702245,0.7720101385797844,0.6524378913038972,0.7177752901576867,0.6803446690210926,0.6383416481284679,0.7020723282590413,0.554426615770283,0.5363731065267684,0.5713179205789076,0.8094198419885525,0.7562154555785279,0.9271664606620165,0.7899758268844567,0.6335022646925796,0.7721917084615664,0.8462366892666675,0.35671135125531994,0.38615714306924503,0.16573483988816123,0.6758240993960283,0.13431191055173497,0.8147788508191481,0.9406625711736922,0.8020747554379098,0.31018600242499234,0.7209907059658263,0.6275571368812178,0.8101366686375431,0.7557184592865906,0.7389907809173417,0.5572600798239437,0.4619791530622875,0.7858479029838473,0.8766765199782686,0.7635955467759729,0.7304992256808741,0.9321803769996851,0.9497166437171337,0.7421421695653719,0.8902189659298354,0.7002917193537728,0.8960663632842409,0.4168382378601248,0.5974773152353913,0.4285564545601988,0.427206343135502,0.8996247836397572,0.5254623016528103,0.9172058252891355,0.5138646327568303,0.8971343866040962,0.7177013021499877,0.65113771558312,0.8846363327641573,0.6436780362500154,0.9276647595320836,0.7533311523297572,0.9300163871399716,0.8400564426988111,0.8244378871132904,0.7845387161415628,0.7288468774692227,0.9796178024943332,0.843808706563254,0.9389373331251456,0.2290249577937427,0.7919662555331216,0.7282482238303483,0.7871677549588657,0.25892223298316724,0.39197120731356316,0.7210658375155266,0.4828780568208846,0.9269929949307849,0.811966842162979,0.9221824726717037,0.34429981874002036,0.4160519834454255,0.5766817083441891,0.830146830047967,0.49461234370651425,0.8473057376005403,0.25023095518190186,0.3739158265528122,0.5335072856890393,0.7726189736352767,0.8540879151430187,0.9414351536305599,0.9355384407921228,0.41321718153740616,0.8126017900058861,0.1298883129703467,0.7748204714872627,0.14751615072086227,0.93180794807273,0.8119539231033471,0.2650831198474334,0.7795963245856857,0.6890360051511412,1.0,0.9467701794460925,0.9603181079117431,0.7299570752579041,0.7908123413241639,0.9346692641379681,0.946045321255567,0.9183698905045254,0.8494922454278399,0.6739502330367448,0.6151534315176126,0.8037115018139641,0.7575026616580217,0.7331615409351439,0.7663720067339027,0.6624561171266223,0.788226111824105,0.8550863009021535,0.7667666587654068,0.44995497702100834,0.8411214064552992,0.9040129516255766,0.7935111954780961,0.5200255007485589,0.5353502472152772,0.6532276475892759,0.8427729338937255,0.6782730298847667,0.49423611092684994,0.8112841205014382,0.671292635604154,0.8970509402194776,0.8088934628855293
VOE,0.7128721750587058,0.6298061445488153,0.6017493481284977,0.6260718278014332,0.6696681151053628,0.6029596966169036,0.7806202812310904,0.7498328363746029,0.5924184559157267,0.906400767693583,0.8904118406101852,0.8112473225076846,0.6328767188846927,0.6233944870753789,0.5968540796675256,0.26967058921239323,0.25226612941575277,0.20346091279991113,0.695933771959444,0.591354647693192,0.8949161802305403,0.8602129721816507,0.8866001731097948,0.8132538982044065,0.5675816769021221,0.2548454158361322,0.4906238085421545,0.5169969684535047,0.5634625371998515,0.6831954489628937,0.7340688867439776,0.7590099933665047,0.39561392868964174,0.5968512373775919,0.5977381180995406,0.602445764738654,0.7684227538418735,0.5765605107943009,0.8449634425569671,0.7506681002010076,0.7015147325158212,0.6924326923555607,0.42735243141702894,0.691014185849799,0.6709229179157769,0.48617884907031306,0.6858078441399822,0.6515691312929993,0.6977366384309756,0.6251405421165623,0.5409304247867937,0.7237631339411723,0.5408503315726048,0.45135021249053403,0.5395899547197062,0.6397120759670125,0.7150156397117815,0.9188082778298534,0.7627543314229807,0.5981816446186766,0.7664723029165096,0.8842519676047588,0.33839501793721916,0.360440192897913,0.15484942974536486,0.7144626863000023,0.13040152650622622,0.7872723870560623,0.8615667482717834,0.7625691356984309,0.29390857652412755,0.6634114185121122,0.5538261638409108,0.6702781249557415,0.5868192358733149,0.7050134849327406,0.5198400130191871,0.5374867168975709,0.6350070874976946,0.8858265212878855,0.6572361722995774,0.7059741204215614,0.8240962856282046,0.8773006796992477,0.7903313163425085,0.8465430632315484,0.7766230073204915,0.7851113931341318,0.4207843945041124,0.536275728457831,0.40555686753885073,0.3656844994486341,0.8020390966064419,0.5691479896547544,0.8774933503799057,0.5650366950352856,0.8782485826853774,0.6156991494036355,0.6293106471022074,0.8756219967888424,0.6329375746257683,0.9372664350844747,0.6456204254959019,0.8125195712908312,0.6924805270663914,0.65451949051923,0.67199021736472,0.754913002834609,0.9737655321418505,0.7977829673295461,0.8867832218801639,0.22942664402610857,0.7581322304627411,0.7469992012528286,0.7365323590750704,0.23556042748060757,0.3630232981966279,0.5740255894022424,0.4458315743848691,0.8442732737103176,0.925804752947432,0.8356742373218012,0.3250229317066538,0.3940953973142124,0.505140536634989,0.7323560392401931,0.454302174406527,0.7130130390691695,0.24333684835724192,0.3491748062642247,0.4458535708645471,0.7225126531925569,0.8641697053474515,0.8336256022063492,0.9491592321855779,0.39409528712811154,0.7724745044111475,0.12158396742104764,0.7505085776388366,0.14482142878414758,0.9178431889348064,0.7726053537711661,0.2558275239940267,0.8238566547836031,0.6863430308725705,0.9467701794460925,1.0,0.8242044127145447,0.6697468434993386,0.7284124740010682,0.8577497567551792,0.8606258725918232,0.9622333135620589,0.6990749385834593,0.6000351359354974,0.5805778814179311,0.7530331711440835,0.7688393880448031,0.571106130709697,0.7072535110474858,0.576952384162639,0.7774902452478089,0.8826802141351584,0.6748268027163387,0.5279928415104778,0.8708939302986142,0.891844986481121,0.6441030952197896,0.6230456261530114,0.6232441207078177,0.6869490209941806,0.7446066757827008,0.6618119093523357,0.5378858337578099,0.7730365490471337,0.5781737146036042,0.7719483811348745,0.755222608104681
VOT,0.739180130430224,0.8606249123870308,0.7571249161501491,0.8523660502043453,0.8594678620064549,0.8524443648249105,0.7550817900030194,0.7138953562070958,0.690175296308264,0.9320675474685975,0.7839299635498393,0.7619807829371784,0.6728543511467194,0.6451414894965164,0.7701018468589833,0.26485934993712734,0.25040412716784705,0.21831507715468285,0.8761163224336006,0.8211691109046249,0.8420033369239595,0.5990296693231455,0.7828916177702986,0.9242295903357355,0.5315842400361457,0.2507280473242366,0.4819226017872312,0.49004916053807707,0.6449281999252436,0.6093673496368365,0.809884115597482,0.6632603065477649,0.39042645029666884,0.685464516575641,0.6986105046029215,0.5649485466587932,0.7670461051568009,0.6848399944794369,0.9360870468151835,0.7242640554410974,0.7122470036591912,0.6967522383442755,0.4415384378865529,0.6515732416578811,0.616307414773321,0.4762168957303336,0.7825169694233264,0.5988785720401221,0.6727976304512502,0.6729477898759872,0.673775581272532,0.6266208036801652,0.5229329036527764,0.5714313635493541,0.5540071523532111,0.8867628206568594,0.728010051449067,0.858673384758463,0.7481936323241872,0.6124480478191333,0.7153861576830329,0.7412742881445497,0.3459741488932119,0.37963030230956596,0.15976099350862447,0.5891249383115892,0.12145880300225811,0.7726858746909729,0.9340306088814746,0.7719330945188032,0.2935881074913739,0.7115483720155406,0.6363479759239399,0.864546186615881,0.8387529862771557,0.7068225119689022,0.5432414989723677,0.36068015987327606,0.8547922012965969,0.8003130989164938,0.8025253619574557,0.694300343453318,0.9517715513483908,0.9350994677636046,0.6392791610838134,0.8550161175087173,0.5759145681666651,0.9181562431286924,0.383762911484923,0.59952972123605,0.40998868775152614,0.44228813035468345,0.9125519641817041,0.44647476070743747,0.87404904668999,0.4317501875529518,0.8411932603533157,0.7458985008984269,0.6150811245180656,0.8165576911180122,0.6027620962254199,0.8445401061548444,0.7833451037252399,0.9555771376439538,0.8991159604409876,0.9031832162804135,0.8209317477373895,0.6454576545814353,0.9044311819226711,0.8168594700202049,0.9070551398178729,0.20558806627139703,0.7542533100357081,0.6532399615816136,0.7669445458111365,0.25747722578217497,0.38719851511906384,0.7909126745203907,0.47447505192900585,0.9254670273425316,0.6463857036771363,0.9240303687958976,0.3282256343336746,0.3976780075943379,0.5875946043294318,0.8495636407871104,0.49130278675291184,0.8933910978577727,0.23535448025564934,0.3734001211975919,0.5687336254856599,0.7508940874986573,0.7733792272584913,0.9573930853873466,0.8476070719045846,0.3930101886436033,0.7816357748785628,0.12314714514087602,0.7303548786597823,0.13449759036078773,0.8683651021426846,0.7779522912312633,0.2491789888307215,0.6759946563169413,0.6331267026953019,0.9603181079117431,0.8242044127145447,1.0,0.7264904962252118,0.7800519185585768,0.9258213049966612,0.9441527398818221,0.8071185600603579,0.9097279329525119,0.6821616935533182,0.5906370400355161,0.7822824801838936,0.6867302155701266,0.8066646287100765,0.7617806434200747,0.680634743298283,0.7286748981005712,0.7601044026149887,0.7806883618561846,0.3483510161038423,0.7484737378603968,0.8445424619223051,0.8608850432815697,0.3844128631714939,0.4154140448820074,0.569630136885447,0.8557848844854778,0.6405043953395064,0.4202963775884797,0.773384193458559,0.6978470442337928,0.9301808255304173,0.7936646284191461
VPL,0.6297205811044413,0.5950914714359776,0.5584526506686458,0.6046274741520759,0.692558335861562,0.5875784117922254,0.8928554438113115,0.8787457303736832,0.8596032114206191,0.7611192005222597,0.6436795899921655,0.7402058178980594,0.9343447652343368,0.5359947605336556,0.6087837072933853,0.28887636141490264,0.29842681207709687,0.2547073532268405,0.8098967039145835,0.5528855211951252,0.6932831521190986,0.5186181773747969,0.6492362437502659,0.7441011115380629,0.689778368885146,0.29701527282152496,0.6456263526910475,0.5773484648773131,0.8333520245918886,0.7664936841515444,0.8903298565132473,0.844613239761647,0.4551819633672341,0.6088353537754729,0.8833395320914462,0.6489933079003707,0.897488308647746,0.8446236614788998,0.7500851593155564,0.8301035229461963,0.7497273328927476,0.7538128411490248,0.564164294650592,0.7295701166640889,0.6832470431654681,0.5751947751406584,0.7933235747925126,0.6889517219340722,0.7429618063249371,0.7313622674241022,0.7853008520711907,0.7359077511336872,0.5972582130406247,0.8148199745209429,0.6915623931872136,0.5991334892105032,0.786599740406473,0.7021399266232248,0.9055441184288118,0.7714820697674662,0.9154131097479747,0.5611844628009547,0.5074255823813516,0.5338592946632449,0.36803024937912715,0.6782577552700874,0.19224535650854352,0.8832068408622137,0.7423563763340272,0.8142606810455525,0.3052334549101873,0.5518677172339013,0.598829796367948,0.7192702646184769,0.541189852644616,0.5049971607625735,0.5792570644418495,0.35704753767650044,0.7590978023599592,0.6388472985960659,0.6884298281023777,0.5885361505351165,0.7644380832257365,0.7452393845628678,0.5003490459268446,0.6470817674755008,0.3976520793910266,0.7439685967245814,0.4207257333830083,0.6412716638479878,0.40912646295510585,0.5157239802710758,0.7398984714053316,0.34772136585328867,0.6671376150819323,0.42501265156858564,0.701799351655881,0.6116224918976337,0.5330719963393294,0.6267186766857068,0.7611033881153955,0.6522435195881863,0.6514845638246886,0.7349492598042717,0.726527938445778,0.7191540328921345,0.6714957002624488,0.5594660359519803,0.7168227436268405,0.6628908729445699,0.732245479547565,0.22653859634075232,0.8817326666074675,0.6962961837386473,0.6460175274775629,0.4188600616558834,0.5218348833210772,0.7125557719399608,0.5035614871551044,0.7496504256599228,0.5452950912427051,0.7442910789454056,0.36404122746276674,0.3973570463104819,0.5200822956111952,0.7226912044615409,0.6283566427463967,0.6897767479345969,0.25984568595375784,0.4221695163384436,0.5842692234777227,0.623210557118959,0.575662529069093,0.7301140613016186,0.6845580371925515,0.38626333969860777,0.9280823408700387,0.19780104414613783,0.8030780114990796,0.18105822656739376,0.6963932757273974,0.8510844881173337,0.3105617063885279,0.5245921354726503,0.7599122007584534,0.7299570752579041,0.6697468434993386,0.7264904962252118,1.0,0.9265576353964461,0.8564135479550242,0.7564823627837207,0.690461307271552,0.7007125967651162,0.7973430043996732,0.5658812687611343,0.926339448688801,0.8610679946001886,0.4706955558331802,0.6325801023132829,0.5082024723045485,0.5982481690889753,0.6980642812907476,0.5868053558127432,0.30634743724150987,0.5715630903279262,0.7028996846359818,0.7152585915634339,0.3275969441731378,0.34880766123106366,0.442155765077041,0.647597212579276,0.6486077459447153,0.3191410776911809,0.5515834500418744,0.8426546136784624,0.8032187398406198,0.6546896874023611
VSGX,0.6770008688785785,0.6682113433265292,0.6136609886751961,0.6607016978527992,0.7306562717809587,0.6517134579457045,0.9529395729754847,0.9122099676457432,0.914774499463488,0.8052829323203283,0.6784321779977567,0.8011801808620159,0.8313442471132074,0.6050614008378494,0.6545801652587442,0.2966764402230474,0.30367099282130566,0.26162999324467034,0.8341295238659193,0.592368218052776,0.745750648324321,0.5691728067394595,0.7014515878861921,0.7945165743038543,0.764957433929301,0.3017461628313475,0.7147877195297487,0.6234706733621558,0.8888963113752872,0.8291593059051175,0.954449413339538,0.9051080687129187,0.4826977814305217,0.659701981010367,0.8972672700620331,0.7401652059080728,0.9607057973207582,0.9092709877131645,0.7994104518585321,0.8574453163304085,0.8619828453761401,0.8769580230363452,0.637796566121595,0.8420425916392416,0.7995014261985613,0.6112923488177734,0.9000985930615198,0.7973550136526636,0.8694155723815116,0.7850459583459048,0.8163884848378513,0.8414217530354735,0.6486811456721967,0.7658877579603771,0.7679673487240575,0.6623439297447623,0.9079840428803614,0.7487167509661741,0.9457370094264334,0.8605028675370687,0.942387802565568,0.6260415487236276,0.5167269054463672,0.5476290259694552,0.34954991619056375,0.7056725211853218,0.19133705976486026,0.9496914245135709,0.790694698023651,0.8620811398737486,0.3375297692654949,0.6212814167178269,0.6568076944638792,0.7583308384708219,0.595344728927523,0.574613204580417,0.6545724562994557,0.3507014271950499,0.7806598991340752,0.6863654613006489,0.7065268969276237,0.6558417037968975,0.798195470658317,0.792465935168344,0.5466277453922023,0.7088226057349939,0.4681858050016672,0.795165041054135,0.4585042017453287,0.6931591950593401,0.43285771331886447,0.642592297715662,0.7860368485964514,0.3693463267013012,0.7370168461707804,0.40448086527515903,0.728316720874746,0.6588499291342792,0.5757516065648053,0.6891454265899718,0.7789012905562462,0.7075468903370591,0.6937461417422179,0.8047124231082808,0.763072389823373,0.7508975915322372,0.7027165343462971,0.6257288196111964,0.7774818552769036,0.6989658885109927,0.7721632231349679,0.22354614251383592,0.9371625777269019,0.7839428503023589,0.7019453401369671,0.42453082726264474,0.535690185537047,0.7292338085121391,0.5649671853728885,0.7952440154533349,0.6043631793169507,0.7934671005111188,0.38778624404307005,0.4191926386900094,0.5820414550791743,0.755943247583584,0.6612415805172958,0.7412166694188183,0.29925445066715556,0.4455878809804983,0.5876219365845755,0.6828720559690652,0.6338423342180598,0.7780689173602515,0.7368181160681984,0.40782057433694063,0.974677090883179,0.19183100808359763,0.9273157572430539,0.17759667653964756,0.7510699535124197,0.9226164070404216,0.31537529520335505,0.58708072524573,0.8262469738977373,0.7908123413241639,0.7284124740010682,0.7800519185585768,0.9265576353964461,1.0,0.9133354947626332,0.8054853161538053,0.7335094696846134,0.7503454095570741,0.8992753508487107,0.6243353714622307,0.9896675264711895,0.9262008034173843,0.5381533266093512,0.6450759263564706,0.5658679667961335,0.6432048363397925,0.7513493000297874,0.6464121930657085,0.288720832255172,0.6434968986515878,0.734946922678886,0.7386610636295879,0.3774169298399158,0.3746891934031758,0.5050745390351633,0.705472247710556,0.6543046189216165,0.30706989629022524,0.6117772843866132,0.9100888734302881,0.8670799387897828,0.6957497580073769
VT,0.7555398095113051,0.786965435034152,0.6896384516069616,0.7790279756405485,0.8370396531643256,0.7771467762132135,0.8986047423242371,0.8529623327263923,0.8167810965164808,0.9665377597089203,0.8048807645555243,0.8437119728222295,0.7912188587904563,0.6771121325025724,0.7455661536450569,0.2723162119437216,0.26362450368786344,0.2228502317853114,0.8987830474696875,0.7420434703911262,0.8999217096834848,0.6638079041932053,0.8530641151617506,0.9584989060014746,0.6792171193272075,0.2622847796544996,0.60128196832986,0.5786858960880246,0.7726339493651294,0.7456396836863938,0.918202546098339,0.834235046175619,0.4667342846723486,0.7222919221861669,0.8206266919134695,0.6981150103136051,0.9075599534630803,0.8063968013372703,0.9702202120550384,0.8434248614881962,0.8170600240235975,0.8256166384636556,0.5465621014223699,0.7919665006251452,0.7373435323177223,0.5804012932653714,0.8774849063038862,0.7364676711140811,0.8096115507469885,0.7586035556721455,0.7711149546118976,0.7823843841505271,0.6130607981369796,0.6740993300993121,0.6765501658811106,0.826422292165233,0.8610109390855568,0.868495998723071,0.8822697318739882,0.7629527097781519,0.8772952164106891,0.7773301293415716,0.42907512508616746,0.4621942286499811,0.23893391222580193,0.7105773368632822,0.12889396237627518,0.9102619519429516,0.9659003597228519,0.8824396055560486,0.3121271108158646,0.700573526081818,0.6460001613762936,0.8280280164751838,0.7660237989832792,0.6919835502096885,0.6334475704039656,0.43188238879377544,0.8957890676714645,0.8472681098742584,0.8508136824586634,0.7182524180151254,0.9482446828930798,0.952131499014904,0.6642691455845193,0.8480279883615293,0.6014494671163274,0.8939326404658,0.46703004545417204,0.6594286249220855,0.4269098447114466,0.5304336641482272,0.9604058558776906,0.4739577161766162,0.8821046879445186,0.49035334184223334,0.8490015169662134,0.7109261041005338,0.6325851190938605,0.8075941432410847,0.7345341144823977,0.8615763654404749,0.7566031677679735,0.9181283466629264,0.9206420914807503,0.8784416248460422,0.8489701427529169,0.6872748874668503,0.921225003915691,0.8272811848636745,0.8922004942458626,0.21703554491408147,0.8781440120196204,0.7630865665452568,0.7892020444777847,0.342404827523898,0.4642043291633156,0.8201163230939599,0.5489098186119525,0.9685975974936989,0.7119600402192687,0.9649164383101574,0.35578911877145575,0.4129546363946622,0.5794684162849812,0.8859519455635737,0.5971656553916138,0.918569246336936,0.29761461143408335,0.44023153875123905,0.5998330815628986,0.7663840224983319,0.7933137749033818,0.9066243570651698,0.8639159935571952,0.40911897401790526,0.9200149054742083,0.1293780386158043,0.87015448041531,0.13270105047302663,0.91372402874388,0.8913066849060273,0.2691434056441166,0.6801340742882578,0.7429318567441776,0.9346692641379681,0.8577497567551792,0.9258213049966612,0.8564135479550242,0.9133354947626332,1.0,0.9738453546171093,0.8697612482953967,0.9220829827146414,0.8069818686604335,0.6334506560321023,0.9218857169582714,0.8559004479263075,0.6863266714156306,0.7468495043859144,0.6393755041580504,0.7186443598513432,0.8233342532313835,0.8025150320565105,0.3953903307622135,0.7913118466228862,0.8621422460711887,0.8860154447143046,0.4612711044044542,0.44514850469037837,0.6096733684106129,0.8617872644383764,0.6963789577718995,0.433321914394715,0.7381769617320652,0.8136170548264777,0.9443156733198429,0.8492085672760036
VTI,0.746724598638132,0.8047973526553224,0.6968001721803243,0.8002568727053454,0.8433357547326977,0.8014077106584142,0.7942918819512303,0.7489634854221678,0.7055926003949508,0.9851774331445076,0.8125375622005014,0.7929428119141295,0.7114833114711842,0.6690412773668633,0.7509070393150493,0.2469372320896737,0.22893016541907227,0.19294060920680633,0.8760107274818797,0.7787810362799726,0.9176680876465515,0.6567328749885838,0.8664545768974663,0.9834844853860841,0.5720973004122984,0.22772027538341735,0.49176022052523677,0.5071570677537829,0.6562633604870464,0.6371873455379944,0.8312387264596242,0.7208053012187825,0.419843153092207,0.7073898108838896,0.7242655937145069,0.6143495324389384,0.8057680965418496,0.6951904702765838,0.9966710228216273,0.7653781041155809,0.7267891099808398,0.731865463717699,0.4469927255945531,0.694804019331301,0.6448918414166581,0.5150600738120235,0.8025854242878602,0.6392741254105682,0.7085982823704119,0.6834911587758076,0.7000820148795779,0.6757060677204695,0.544062890319207,0.5813900253704452,0.5710007599819679,0.865751058420534,0.7657900609829247,0.8729293512486416,0.7783595337689508,0.6474298879749658,0.7668016126924914,0.7990594461268263,0.33769114174970893,0.37098806811140594,0.15124235498856547,0.6352262362875178,0.09257203126020182,0.8158738650264968,0.9946936262264136,0.8258743667280687,0.2771369865234139,0.7050250305556973,0.5966324781453655,0.8139559846626159,0.8133212309831267,0.7088346821594719,0.579182621763496,0.41481086650339083,0.90383105305244,0.8698468913079821,0.8707968163134675,0.7058032928961973,0.9659982346742377,0.9735280236753077,0.6815614878935718,0.8651007480129899,0.6253045155409358,0.8909449038950942,0.42790841775346167,0.5915621214022511,0.3990811532608446,0.42701948472297774,0.989980329518205,0.4796923903418898,0.8995177226262256,0.47912770864929244,0.8513012506514236,0.6961572808232869,0.621338683444174,0.8153508963737299,0.6377474278540568,0.8803152935353901,0.745352776430634,0.9214126371462912,0.9491032353231753,0.8950062655108493,0.8731873203422984,0.6726740268943531,0.9310122874907172,0.8392422864066456,0.8992271683429859,0.19833574056133502,0.777982360518054,0.6856092696950361,0.7826386818892158,0.2631523136405025,0.38113313711992713,0.8196441281169414,0.5038443323960415,0.9961862789677748,0.7086753221935969,0.9929941801721445,0.3163617604558042,0.38557099555710267,0.5426095058213704,0.8989158902166154,0.5190610004169349,0.9561350827903436,0.27302150176886625,0.40731519560529333,0.5584739787688913,0.7594818122940092,0.8207703607823378,0.9194629020398046,0.8699479944397085,0.38695562442989573,0.8175811781888537,0.0912699212003631,0.7673822297842686,0.1069502448990432,0.9352845366149486,0.8060933926748428,0.2295250900833569,0.6785590456063961,0.6385472884304949,0.946045321255567,0.8606258725918232,0.9441527398818221,0.7564823627837207,0.8054853161538053,0.9738453546171093,1.0,0.874860711097555,0.9572696644533436,0.6974805109045767,0.5927756015802867,0.8137043778291949,0.7423517613765339,0.7289044950938167,0.7481306097819009,0.6486308031079524,0.7137477952284385,0.7914278313793663,0.8347760364179061,0.3988769721363674,0.810212083348163,0.8658154752910071,0.9118063140070388,0.46324385541935215,0.4425506907601015,0.6247919089077899,0.8911683596482325,0.6569094156411742,0.4490773422394206,0.7595761699910254,0.7055403526587295,0.9256679533062914,0.8720338358462416
VTV,0.685097387135309,0.5887879445280666,0.5632124110668985,0.5889545664497151,0.6565995016852822,0.5655396375409802,0.7802750848753531,0.7398964661859249,0.6032642473965166,0.9138887727645874,0.8539949570285047,0.8059557714670669,0.6512087027403985,0.6067533869740558,0.5802785480869812,0.23035689386225966,0.21303379409757597,0.17894523013795924,0.6867388795219647,0.5851216159725573,0.9378955126865284,0.8316024381548068,0.935695333465305,0.8285590809800162,0.5655119455633448,0.21382540780165604,0.46376708303100767,0.4926526106262454,0.5789155434060163,0.6790765162108051,0.7414414093300499,0.7630086080141125,0.38907607743578565,0.5848463460271777,0.6197931260876852,0.5962391178659321,0.7740495512014499,0.5840407520704645,0.8642142917161691,0.7510807107024985,0.6810468051939268,0.6836200093380533,0.4191149253238308,0.6862165917684505,0.6689786257812319,0.48617804432546635,0.6847485019438779,0.6485127088663947,0.6902133698313658,0.6153959850611125,0.5567840154563753,0.7368506241233967,0.5362400539511625,0.4773381769528375,0.5374522310360352,0.6144617752178834,0.7128734844046388,0.8757589872603849,0.7511492565743026,0.6008079540434379,0.7740717900221565,0.9060021055895717,0.33841479188165885,0.35671998834417007,0.1562106055823963,0.7147455189029647,0.09325455398927937,0.7911629693815322,0.8788735236015367,0.7833662546136196,0.2540580289874856,0.6717305923707825,0.518288136183571,0.6582678551743194,0.5713151477304395,0.7029204158689291,0.5311221066081997,0.5596593010889224,0.6636789520895454,0.9178680081705362,0.6882848338270803,0.6672224999218916,0.8439735478772467,0.8961751110677768,0.7542930572799309,0.8219476137651941,0.7622793673889336,0.7589364457918462,0.4287601324873209,0.5080892505536214,0.36784909072783384,0.3483822601206199,0.834152770242795,0.568103698107507,0.855364824995548,0.5784660315211159,0.8586866027513458,0.5697716142897405,0.5935641689741822,0.8424272157601111,0.634045670763982,0.9248864426076161,0.608899862788903,0.786116081173641,0.712743622804449,0.6615612561039017,0.6998361081711472,0.7006734662027598,0.9573345938394713,0.7837377360617752,0.8533510619409173,0.20481376745298774,0.7395023847810284,0.7151738619332056,0.709262066159244,0.24018370079929874,0.36333246230858096,0.5996907009279616,0.4580593323911253,0.8689496917487731,0.8896307057060976,0.8583805636943709,0.2941138018047623,0.3576548498847121,0.45946769186427167,0.758812599572453,0.46162994362873144,0.7314585737209996,0.2533506159708982,0.3592578969419538,0.4672469115822646,0.6897189271102878,0.8911164816903695,0.7996819722942968,0.9073633596659536,0.35773068032208344,0.77972412943857,0.0863424696303279,0.748837422393799,0.10415681761276115,0.9511424441564745,0.7747084931708411,0.2161579876882159,0.7622558000570414,0.6517079773946081,0.9183698905045254,0.9622333135620589,0.8071185600603579,0.690461307271552,0.7335094696846134,0.8697612482953967,0.874860711097555,1.0,0.709452802871885,0.5989898455933876,0.5440998596010794,0.7582005416848332,0.773822124705586,0.5180817979579708,0.7109256398736862,0.5620157520505874,0.713151854800761,0.860771443564078,0.6657546612447387,0.5512291771616759,0.8846595466468345,0.9000903975394455,0.6739015543346076,0.6484653450216419,0.6082611568868459,0.7502577029328081,0.7249318522201532,0.6561877478031657,0.5398007305154667,0.7128459797396629,0.585405235141639,0.7635187662779069,0.7870089300879296
VUG,0.694810194619358,0.8266787108286826,0.667820099056297,0.8134181067217808,0.836320857161825,0.8354636583985375,0.7077888455086347,0.6602735908436513,0.6727918027124241,0.9084150229972566,0.6668002616324096,0.6882131456162492,0.659619338649534,0.6245782916614112,0.7474606187042421,0.22247506798862837,0.21008028338819398,0.18476449437935497,0.8756105872937755,0.7976478300106308,0.8071571863479836,0.4710718402883899,0.7389251939464664,0.9653928576718572,0.5010440884494054,0.20667160725489106,0.4452248748619416,0.4426519452896567,0.6184220997000172,0.5501311063527179,0.7877755312568726,0.6119956956745695,0.386137595144395,0.6893829275195956,0.690995121487139,0.5505001243809501,0.7312949571572642,0.6685106553079363,0.9640618934951439,0.680910462924625,0.6678148569233241,0.6756283798765801,0.40337654767320297,0.6198365274318297,0.5663466999144122,0.4733702847946266,0.7765808816091545,0.560102957986459,0.637486674286767,0.6365465095019992,0.6926099710793406,0.5678786593529278,0.47541063739562134,0.5642976848848886,0.516221992530131,0.9130402118133976,0.7080721786686816,0.7442613507821335,0.6979396139317401,0.5920553486328817,0.6703811703040603,0.6638525009832987,0.2914396343613126,0.327053672190491,0.12696873293813607,0.5063649559168001,0.07901736149079898,0.733782538106845,0.9527187497792551,0.7516823835500434,0.25929131832116514,0.6332296230076719,0.5560429866154794,0.7936985102809097,0.8611962083527933,0.6396108921533314,0.5407954112501276,0.27900591176458883,0.9425334103190096,0.7543050067463316,0.8807568617084054,0.6234670697449697,0.9243866244736847,0.9123840654780513,0.5367739468227449,0.7800855113375479,0.47668552372038475,0.8420694744378847,0.37343344926554417,0.5573017243650951,0.36783355307215304,0.4160068546617027,0.9750429681092829,0.37027867511324036,0.8231812206857961,0.34801601444299035,0.7331178066301542,0.660923090355957,0.5566087859465798,0.7015057512125068,0.5534097070472611,0.7464705949499796,0.7153170610942602,0.8810652838158558,0.9841611492251591,0.9250922456099282,0.8795862652472441,0.5646653710052141,0.8064014726012769,0.7535648972574677,0.7949876612603922,0.1705255947071297,0.707766342573162,0.5763037881621996,0.7322031094117086,0.24193157269228485,0.3372206215480399,0.8480623120436479,0.47291240693202774,0.9608163368812814,0.5196786854134742,0.963702138928827,0.2957199672600999,0.3548315524365393,0.5057575559171533,0.8751417692530087,0.4848561810917251,0.9883572208494655,0.25016103255787386,0.37986630854360254,0.5333418768092614,0.7116060212014981,0.7085885850772722,0.8605160990216887,0.7254724700014175,0.3538217215256151,0.742566509166935,0.08443766262839388,0.6914091706578973,0.08987963021710195,0.8306914631848041,0.7352256271266867,0.2089217442334285,0.5514018565774927,0.5524843887093939,0.8494922454278399,0.6990749385834593,0.9097279329525119,0.7007125967651162,0.7503454095570741,0.9220829827146414,0.9572696644533436,0.709452802871885,1.0,0.6646417162867716,0.5503774735059027,0.7473162974891492,0.6359397604304955,0.7581577308046314,0.6691799838374263,0.606166194896393,0.6162968577179371,0.6555915208932322,0.8488354121512037,0.25880415160657083,0.6786663137166173,0.741929688224384,0.9500882939360469,0.3352755331518264,0.3101087671141758,0.5003341372094112,0.8843639525246985,0.5607989722709137,0.33139637691519447,0.6809279153854025,0.6840106218338583,0.9062248805841262,0.8262282174337573
VWO,0.571829216109625,0.614596041127402,0.5504280854555919,0.6093577533809809,0.6715821968078264,0.6055354186553722,0.8037813101166381,0.7809783596149878,0.9660006710572081,0.6945520170224188,0.5833335489202893,0.6936671679802241,0.6695602451606691,0.5402868023217472,0.5981034653221103,0.2141201212479064,0.21863000216816741,0.18033474744857084,0.7347171289825564,0.5142910977716914,0.6170782477895045,0.46900908868545443,0.580296826961107,0.6894776359112866,0.8281490190880098,0.22045478965323914,0.6609656865500267,0.5942940891137707,0.9143671845327889,0.6516197143294794,0.7990371749416092,0.7537147009934178,0.4611139019938793,0.5730768432901959,0.8646836877790882,0.6599766035719057,0.8014039702100889,0.9706770521162543,0.6918665670827712,0.7516643786696796,0.7207076987209038,0.7192114873016817,0.752860919498029,0.6915619161324149,0.6216702918978527,0.5919919974221822,0.7894030297530056,0.6460735810736055,0.7188702747705842,0.7432045968983371,0.8065311743174007,0.7056463653107836,0.6096327287813997,0.7067160643104087,0.7736380270185964,0.6012893220429907,0.7618993691424408,0.6414441351639727,0.8079361669112133,0.9481619644852213,0.7964511586597226,0.48679564855182134,0.4789751758880334,0.5077620899648077,0.3350111453646204,0.6661781570572454,0.12889675830314729,0.7901403828100375,0.6762129764777055,0.7270758996287249,0.2886703428105149,0.5366825302684504,0.6159252666691977,0.7052516551005761,0.5306109535623462,0.4625338606193858,0.6293220136434101,0.33892287340252275,0.7008028123102964,0.5605483379424201,0.6216866314594892,0.5773998527413085,0.6870616706469325,0.6707413560682428,0.44575988631604274,0.602456062364093,0.34874366742661644,0.7239413792424519,0.47201200412861527,0.7310836498855954,0.3342136355391036,0.8448179021642352,0.6825200651855805,0.3431273539846297,0.6256822012633116,0.38609461518220534,0.608505608524898,0.6308896494508925,0.46814797360131977,0.5509497962963809,0.7596379901650879,0.5854377175317899,0.6565956453093291,0.7308179832486555,0.6804907391097633,0.6858737315434538,0.633531436410098,0.5267366845112542,0.6522864040071888,0.6201698353955216,0.6675912986624947,0.14531060828274586,0.7841897917470275,0.765924452388702,0.5943157935747619,0.40878263937367004,0.501541390224469,0.6738192649345638,0.555979173786948,0.6866404064440339,0.4883094754975075,0.681924217854936,0.29932680302967385,0.3232818015600703,0.5796680573035725,0.677901497395336,0.6565906723932154,0.6489323892339165,0.28492442314778293,0.4272498600328861,0.5452703532512276,0.5736994527035811,0.4987399543431546,0.6854688116212769,0.6239898550065475,0.31551351086395474,0.8225872365564975,0.11811361147658062,0.7677298292133894,0.11032363551694482,0.6175809172679764,0.7709616465948744,0.22949808245915218,0.46838026622877776,0.7385824552217589,0.6739502330367448,0.6000351359354974,0.6821616935533182,0.7973430043996732,0.8992753508487107,0.8069818686604335,0.6974805109045767,0.5989898455933876,0.6646417162867716,1.0,0.5233035442183451,0.9008268059493963,0.8184373738023631,0.49063608800225395,0.5307687317386833,0.5052743895874324,0.517619776650904,0.6481099379380194,0.5579828581475768,0.27982116780476374,0.5158368298939257,0.6007919153692634,0.6607925483627091,0.271800928207848,0.27811225329239986,0.3755977637560932,0.6189572974073453,0.6052501269603404,0.3038090866296144,0.533157374293798,0.9682157436572622,0.7883594180568122,0.6156489356057497
VWOB,0.8046984584475878,0.5192620884459597,0.49523119774176494,0.5096271298277799,0.5058511700410713,0.49689758756018615,0.629866242736411,0.5977143347609063,0.5247743623314194,0.5819363942056212,0.4997413815945383,0.5541949713577821,0.5250892657669497,0.5054069722677234,0.4425843689197489,0.7285213830938656,0.7379230947796883,0.6020741045097582,0.5676108858119512,0.4447565324943222,0.5507901659567028,0.5035189068302963,0.5149779374757715,0.5815598676644979,0.4961460934337606,0.7320909168985188,0.7243661088653176,0.44681765790599787,0.5238788363619127,0.6178769950558731,0.6300102072366714,0.5950279513951559,0.34914217548946946,0.4793015175835342,0.5220434564825149,0.5202168155438035,0.6380967375882568,0.5174968052515418,0.5894240114313245,0.5885915336639065,0.5893270002816392,0.6069145288645739,0.3547906239916365,0.5796472053837035,0.5681335768245641,0.39086554194861856,0.5847628679929572,0.5515387174696657,0.593120009231122,0.5438493045449847,0.45689609991160307,0.5571938463077438,0.45663416419385155,0.4161855040777583,0.5019924404230807,0.525043985036819,0.6097782743513834,0.5703301340275382,0.6478776491157917,0.5097701451151275,0.6072983925138913,0.5249186430020515,0.3607629140818102,0.38236936551229456,0.2650397955436564,0.43409457519846056,0.6239892888590066,0.6356475002088172,0.5850489017497372,0.5159039772646046,0.5907737321873124,0.4979678522783761,0.49618687005312306,0.5325452318586286,0.4686430519296062,0.48256164432830523,0.43230644327293855,0.21001158186314905,0.5037945977139684,0.5287106930356176,0.4824075124165234,0.4568586924598683,0.5617155684379188,0.5909658380125021,0.40323842068800925,0.544743875574732,0.3614305100491961,0.5665546946310474,0.27079407622119656,0.407552336143745,0.8111526699760715,0.33757882779482573,0.5680460522069308,0.2723840620407759,0.6027587564098104,0.2051471834710189,0.5241793344821413,0.47140069825021524,0.6225627629223023,0.5861697596587729,0.45043223032899443,0.5476999463443564,0.48765400230734196,0.5929674854414982,0.5371073694924898,0.5127319835801688,0.46146726637127083,0.6111295081638893,0.6089110537721514,0.47493344301301005,0.5777705511815361,0.6177629114667798,0.6513836295700078,0.5906228666557747,0.789884952712216,0.25177176721448546,0.3552824729296473,0.44215509111303264,0.36898874630628953,0.5825459133403827,0.5304303732543817,0.581504573875035,0.7222401026361654,0.8017466991449729,0.430734088127273,0.5062189929127978,0.44696462000140075,0.5456303738252056,0.19595410148583867,0.2362897967593187,0.3288927614104649,0.8016178380252984,0.5351574133206406,0.5901130318332866,0.5687796498328989,0.7824286372922327,0.6371220250103086,0.6291043071044674,0.6281023959055283,0.6365225688944963,0.5796302482216653,0.6321256792482947,0.7187802921754222,0.5946670430142473,0.6254013231150155,0.6151534315176126,0.5805778814179311,0.5906370400355161,0.5658812687611343,0.6243353714622307,0.6334506560321023,0.5927756015802867,0.5440998596010794,0.5503774735059027,0.5233035442183451,1.0,0.6275485113576453,0.6042814512072507,0.4687010410763154,0.44545770158417164,0.46291930402315645,0.5968894083627805,0.5416948475538519,0.5138792517888351,0.17077303056037105,0.48027192853095063,0.5275121014221713,0.49205991058617227,0.358000922326328,0.4295693401889111,0.4206493317029761,0.558774075263878,0.3931579375610826,0.18895246460576914,0.50997920381375,0.5205766640062073,0.60783525473387,0.4691201451276501
VXUS,0.6841024216675572,0.6629326465531339,0.6050697588360514,0.6533781551123615,0.7285891559709683,0.6433869223107461,0.9713347901898937,0.9333182992896218,0.9112911382909524,0.8192997078422184,0.7031735843581184,0.8301612192131967,0.8344952137029262,0.6145084967681517,0.6527937848417583,0.28773698730141345,0.2937771798335844,0.24173746316452294,0.8298508722697643,0.5885920148176742,0.7613853045847716,0.6042630616278669,0.7282939813132611,0.7969630385385336,0.7880067018736243,0.29346674744696444,0.720303848230275,0.6381859848121706,0.8802281965324388,0.8440825921395418,0.9563240384566735,0.9311696076071425,0.4952238461667898,0.6593926237837028,0.8879369775668353,0.7629366995598222,0.973872367436839,0.9030096511306184,0.8065238493683199,0.8784127147098004,0.8725105347551304,0.889352323722934,0.6532643231927118,0.8642576971935482,0.8063925366325967,0.6186461286918971,0.9018312480666992,0.8178794004133956,0.8869568771153173,0.7998997252743165,0.7993628928558605,0.8700609154466936,0.6641711676222437,0.7509905243493652,0.7764732352886944,0.6581840556940595,0.9214306818233998,0.7636798783899819,0.9576822165538038,0.8724258283960925,0.9638335101401799,0.6477514786211337,0.5320423792550194,0.5627208431463705,0.3612283751686796,0.7582184792059392,0.17685479963542564,0.9667922145173284,0.7983773464856958,0.8760308172328927,0.3344105719124752,0.6206370451712213,0.6618070489924275,0.7526743921178652,0.590562143392798,0.5827018198997992,0.6550803487399085,0.4143115759013496,0.769959901979458,0.7074818915801739,0.708038380007304,0.6627002390859105,0.8020728390908963,0.799657211852446,0.5610788853599091,0.7194200770532637,0.49208435157616337,0.7972552155233732,0.4743841555764238,0.7008880769420845,0.42740922113575097,0.6479771710262999,0.7915445224494292,0.40979198040781284,0.7471640968710759,0.45723478630028164,0.7427211243572764,0.661428808506993,0.5796462588610736,0.6985138159826376,0.8113728896474092,0.7281822361630473,0.6940519920283157,0.8051433324717712,0.7580088864946268,0.7422477168034892,0.707325950073875,0.637570587895437,0.7952622419821239,0.7168008024336541,0.7808678587320013,0.22603002491403226,0.9471223466224914,0.8113178003590695,0.7100802103616586,0.43473843955481667,0.550658043782169,0.7187077346302123,0.565158055699432,0.8040059829643051,0.6361114181555102,0.7988011239976753,0.38170359626066663,0.41428178805297877,0.5852290932766908,0.7548231078923219,0.6675957204048938,0.7398334827447919,0.3039782489257237,0.44258120091747294,0.599035290933211,0.6890067009934484,0.6513479167269427,0.7815545369848819,0.7559340025512064,0.4035664149060043,0.9864240693688792,0.17876779744787807,0.9427538140498302,0.16485758235079004,0.7662070195357574,0.9311441839801089,0.3068292247930421,0.6043960580527955,0.8367670703112731,0.8037115018139641,0.7530331711440835,0.7822824801838936,0.926339448688801,0.9896675264711895,0.9218857169582714,0.8137043778291949,0.7582005416848332,0.7473162974891492,0.9008268059493963,0.6275485113576453,1.0,0.9519957252445546,0.5334784067825074,0.6561454334001461,0.5615563245265117,0.6427902947901433,0.7809996188729781,0.6500018507397602,0.34669271739983953,0.6638150861349292,0.7506562071331964,0.7308232343135642,0.4011732821824158,0.3978589233240324,0.5162785793939045,0.7071655736475029,0.6823943196149898,0.36064369235410426,0.6212293772195565,0.9023108183082926,0.8649190748162903,0.7117577778005111
VYMI,0.6480805969942932,0.5613452619780632,0.50762076825728,0.5419581445594,0.6182570888212471,0.5318851462655386,0.9687419759835054,0.9365359835932561,0.8154190424227032,0.7688379502085962,0.7092874334878786,0.846703611048133,0.7944425278894536,0.5905218589696487,0.558772497573976,0.2649257599008098,0.2713033758256538,0.2008826509508952,0.7160201303889903,0.49329926550216746,0.7454291839443159,0.6788250254829126,0.7456930251050353,0.7111149650382415,0.8042236571120285,0.2705967571227953,0.7191450042055647,0.634752779842064,0.795444604222468,0.8738702507418817,0.879652787771066,0.9812015758384723,0.4996102058119771,0.5881839177207436,0.7881516022891459,0.7759803231580222,0.954263052760965,0.7972703126118759,0.7325887354349638,0.886651123021235,0.8399033945827254,0.8729917924998624,0.6208357828636948,0.8838719928902197,0.8069545064486139,0.603572104529168,0.8171677824366382,0.854658253596882,0.8805969338314291,0.7771050230508011,0.6951901418402178,0.9177236402719513,0.6667561272622984,0.6310369595041171,0.753306297146489,0.5504348086725989,0.8959567228638436,0.7380733403689038,0.9385228539919566,0.8423907465532731,0.9731625012103787,0.6669026934731265,0.5235725380380934,0.5502565341806732,0.3573467961017821,0.8165306120348241,0.16097679478106058,0.957759649039113,0.7306042080450582,0.8426687360658103,0.306200951217154,0.5644605418433247,0.5908011061885917,0.6335188949214158,0.48657713730282576,0.5570809567414589,0.6065053313611736,0.5238492830560671,0.6339218054524011,0.7033039473904987,0.6183499597565176,0.623645446165806,0.7098919747193001,0.7332006703859009,0.5904591692523294,0.6863986503213506,0.5607945780047092,0.6987321933495881,0.4829128180637995,0.629867898789143,0.40015607964591504,0.5755332415047917,0.712381958712011,0.47758664292191944,0.7070147385227988,0.5216874093666501,0.7001276332513794,0.5688813190998112,0.5548565322616565,0.6675067691697375,0.8102559573101686,0.7287153418974328,0.5878688765486089,0.7051060314700329,0.6357211690280429,0.603393495537339,0.6166759374396659,0.6507069582086695,0.774540193360763,0.6806485310497717,0.7227237989481785,0.2286627979996374,0.9222495776777541,0.8410986260973257,0.6751067206921602,0.4274327524900906,0.5367163311131242,0.5791800900516899,0.5158053984357875,0.7339434778733763,0.7028779788676293,0.7247310453356497,0.36189105797937293,0.38799218238289673,0.5135271260022145,0.6565555357346261,0.6328676788963796,0.6412010291220078,0.29909406420920287,0.4142273261823268,0.5436839461521072,0.6509147645430755,0.6512946305900704,0.69113093006116,0.7475878862273264,0.3776203244757207,0.9549550900689566,0.1614868676748237,0.9339645727433755,0.14659476060810323,0.7409200987091811,0.9014101485526467,0.288964681464693,0.620875520542262,0.8343728612842061,0.7575026616580217,0.7688393880448031,0.6867302155701266,0.8610679946001886,0.9262008034173843,0.8559004479263075,0.7423517613765339,0.773822124705586,0.6359397604304955,0.8184373738023631,0.6042814512072507,0.9519957252445546,1.0,0.4436783508820061,0.6056588806524348,0.4941371748083669,0.5970918796211169,0.7815946862969843,0.5868386730667947,0.4460638122971879,0.6915087200935707,0.7178189370896828,0.6018276074537542,0.4653994740549103,0.44178853346042046,0.5337268827881407,0.6286076860669444,0.6682240528191534,0.4313321430844355,0.5801548897785203,0.7884324840583563,0.7582445019999523,0.6704955611938122
WCLD,0.5893361679012666,0.8500546961101846,0.7074661396093243,0.8158237727430807,0.7120647985651432,0.8398915934190208,0.504201979569965,0.4761701787809854,0.4669075703992267,0.6899502795923407,0.5846579356751983,0.5466865399944316,0.45137549968332363,0.5248399895488647,0.64606977012381,0.22647325690793987,0.21510912196107693,0.1634982105838258,0.7078190783403325,0.874645730654501,0.6076627746807833,0.40301766538164635,0.5286840367520015,0.7169579314989427,0.3509561391410953,0.21183169804684976,0.34539843980051493,0.31517043031741965,0.43093327030345385,0.4248676503301094,0.5698066186081638,0.42342905010819903,0.2777595046566544,0.5614679711186127,0.4441742028226533,0.40091199656627735,0.5226970045234398,0.4729770584791801,0.7233691130396671,0.4955120006734453,0.5114276482811319,0.5061802291973306,0.30112390884287904,0.4368503268532652,0.418664642794103,0.3259310995016084,0.5500028152079782,0.3933349955351155,0.456751570086037,0.5232739969403657,0.461753528869974,0.39319540860327623,0.33461908993057204,0.35037671847866064,0.36536300249504156,0.8816380173340826,0.5024442531294941,0.6566091369307335,0.5182414369057192,0.41824273461349953,0.4624684350404782,0.5127613709131561,0.18810973130045916,0.22699204150438973,0.04660941123383658,0.363849482438546,0.1161874072089012,0.529914619118341,0.7119374293155006,0.5207278542640172,0.2459653226182977,0.5725884580974085,0.458588235103077,0.6838191966679398,0.9108386605998025,0.5518603360101904,0.3733913192246381,0.21985620038091827,0.6632611021558859,0.5380143648211356,0.611380041236131,0.5268513359761557,0.7040862975315841,0.7217139550878956,0.4973891435753624,0.6988703335809755,0.42727773202860814,0.7470254010915831,0.2792211355541203,0.45421504197351925,0.33532813845135007,0.36346787655697266,0.7037479784280353,0.32273145581800466,0.7456911998040746,0.26456154290596773,0.5352449449318666,0.6115928265188308,0.4877696067639305,0.5969502621513513,0.3661483090688208,0.6206259342858867,0.6028869139722111,0.7890753050630075,0.7255460185808841,0.7806815173476829,0.6351073845087324,0.495662502068269,0.6679626921055698,0.6244753379254159,0.7107351583652896,0.17932012430082175,0.5390139033318633,0.4834215476832098,0.6200860173910907,0.1300851840903141,0.23452355571473496,0.5557040825928853,0.320580489404028,0.7012009892948841,0.4444018880316818,0.7054867054614126,0.27176929917661136,0.3258461647176344,0.46545404794118006,0.6465115869471489,0.3381908165124461,0.7421053519265862,0.15959990997572046,0.23978918534739063,0.38659916283635903,0.610886231371665,0.5757483551677739,0.7932478854040624,0.6289547052535256,0.32345170587536065,0.5268388499002483,0.1134130894357834,0.4991870102538085,0.127037188712334,0.6109055446236642,0.5698508170891612,0.21520627716963756,0.49741010925019374,0.44680495546408355,0.7331615409351439,0.571106130709697,0.8066646287100765,0.4706955558331802,0.5381533266093512,0.6863266714156306,0.7289044950938167,0.5180817979579708,0.7581577308046314,0.49063608800225395,0.4687010410763154,0.5334784067825074,0.4436783508820061,1.0,0.526856018116392,0.5987024078386265,0.5287905026784945,0.4939855906370632,0.6760624570151763,0.2167212486624459,0.5602738239502295,0.5235045461606552,0.683824076088505,0.19759156646455694,0.18417094143336854,0.379043666086596,0.7173287038361988,0.41693092431696854,0.30973220598734463,0.6666065266282971,0.488192117535867,0.7660443591841993,0.5849860182418245
XAR,0.589705830995382,0.6402678125525613,0.611699608174923,0.6652949405677443,0.8082394489894851,0.6351715502231348,0.6597967123115049,0.648511136187857,0.5539160175329988,0.760601973994578,0.6952490082250654,0.6739666288570384,0.5915953160666348,0.5192296126296219,0.639469126714629,0.1942907108266122,0.19188222966521046,0.2103754843060923,0.709106571863804,0.5995691745219998,0.721357974563332,0.5499012504783491,0.6882714855587955,0.7142382430581774,0.44106505238365135,0.19579001871652754,0.36671524009186285,0.4481121057105252,0.5304286327405512,0.5212306410283056,0.6648237404516036,0.5893638471294732,0.3319801632256717,0.5668002174307728,0.5893731355895622,0.49092896963585764,0.648627589601012,0.5415270051475826,0.7314030191943813,0.6318424079168388,0.5780605696390436,0.5747076274280599,0.34046011436671975,0.5649296888002026,0.5224000264289101,0.41794358380745406,0.6130109053696978,0.5110678489761199,0.5551313204315093,0.5397877228939584,0.5336207256162566,0.5605911279577743,0.46702323671199547,0.48785311735630227,0.49937565555063335,0.6079521929857885,0.5953937239912456,0.7409130520614817,0.6452955574048509,0.48697603184904914,0.62716215471018,0.6273887976584805,0.37920496653480074,0.4083801574122492,0.2426955106305668,0.5480674437593295,0.08696826194645645,0.6580626477208484,0.7336276307711911,0.6558605329677747,0.21980338669757418,0.5647348702077459,0.5463675401643178,0.7138511562924301,0.5818431015224174,0.5231461980841587,0.4221341678927737,0.3566217357930103,0.6388548854310213,0.6716265588210993,0.6319130061434766,0.6048630431688867,0.7658908002514354,0.7206191698691469,0.5701255635772141,0.6966479486126497,0.5278094641924855,0.8079163813300968,0.34976903661424746,0.4901819934787732,0.3175750909770315,0.29769441029913785,0.7125212954514206,0.41763117754057577,0.6775849633324273,0.45656855269441615,0.7605470170096023,0.6439259084995352,0.5169700710437054,0.6657917516861803,0.5614859390203485,0.7158729359883487,0.6422490276602049,0.7482264467062314,0.6619863866743773,0.6401960046817032,0.6232113070466263,0.538181188903642,0.7390996982798251,0.7050550804522191,0.7728743257559898,0.18962626697194285,0.6469592803395294,0.5419528372462264,0.6052530112068721,0.28119212096253776,0.40469019692126845,0.5943233164722385,0.3846942252688484,0.7287799219615924,0.5566737397263498,0.7256187116071757,0.2714162646044811,0.3055519208396564,0.47613806293055305,0.6527115115890121,0.4140705467105925,0.6578594892514933,0.19499363254215338,0.35553803976898996,0.5883124102974803,0.5892842073509189,0.617834405019667,0.7854109069550291,0.7369756106490141,0.30253506990006407,0.6685670551771516,0.0958874497608732,0.6113247639231408,0.09005732104160696,0.7124650908146026,0.6404770187212656,0.19072801551530527,0.5341093013108283,0.5214262532341565,0.7663720067339027,0.7072535110474858,0.7617806434200747,0.6325801023132829,0.6450759263564706,0.7468495043859144,0.7481306097819009,0.7109256398736862,0.6691799838374263,0.5307687317386833,0.44545770158417164,0.6561454334001461,0.6056588806524348,0.526856018116392,1.0,0.5572915743627559,0.5669420557260683,0.6557444109862369,0.5668003143067012,0.3476292619074038,0.6410272036371377,0.8182416430203829,0.63676574490467,0.32038694288417857,0.40800913048564363,0.4591505120654412,0.6473111752479063,0.6634545715821966,0.38606242981400646,0.601479219339896,0.5450236455776835,0.7083633379705166,0.6458555368588353
XBI,0.5836233077461699,0.6587073489750738,0.8402511453229408,0.7300541822747019,0.6401585485087653,0.6513298501727995,0.5342400417400355,0.5016530049156497,0.4965452089261381,0.6339372326628994,0.5617260310157882,0.5112188609170272,0.47794154567773944,0.4511709372487148,0.5851025288894623,0.25848050011219753,0.26166691478858417,0.2198977517151421,0.5998566153058028,0.5491091092965942,0.5856320446163484,0.4456185721864088,0.5174419459963492,0.6173774882923772,0.3982366219077942,0.2544677271686289,0.3952979445465125,0.3723995400716376,0.4800420373463424,0.4931320469475565,0.579800880317692,0.48090023648648755,0.31043310365808474,0.49709085543187614,0.47989618012389185,0.4038420686457111,0.5523883256401003,0.4976959970153615,0.6303263424501878,0.5075697606836445,0.5098487946130014,0.4828952179327156,0.33023984810300916,0.45635188776398156,0.5003322629792962,0.32469685298642526,0.5243946196619881,0.4463944150052194,0.47905722201012196,0.5034974246067025,0.4409472442727853,0.44890188293581307,0.3611484576584622,0.3807924189112475,0.4187883580503517,0.615596514777115,0.5026872783760856,0.6281874828642574,0.5372193022043975,0.43930646575229676,0.5008104185927299,0.528106000561711,0.280221616812618,0.3054540120872869,0.13206011061746492,0.3844933631735188,0.15839000500294084,0.5480251459623048,0.6246907081815083,0.5282730610132428,0.2536344665868571,0.9098243394937127,0.5213911595891945,0.6368116160303239,0.5521941625038892,0.5480374650824741,0.42281513606923515,0.18886574328878886,0.5439821102531862,0.537951271892256,0.5045497824768098,0.5231362285024151,0.6318641341827493,0.6266456501809803,0.4585206154011278,0.5925102519671085,0.38571136273686,0.706996242180073,0.26231847428750676,0.4500951588725996,0.36066976579774085,0.3575389354780654,0.6112203308289755,0.2820480028740653,0.6378407119239566,0.2653213405349006,0.5362266513229157,0.6166727286313367,0.4542158404818394,0.5685252411885314,0.4011975245095259,0.5666936001316697,0.6041517634256748,0.7359856446542458,0.5979988051745703,0.5942790740313857,0.5566073900298159,0.5197742768786627,0.6314011386840149,0.630328483166324,0.716131287309152,0.1799900593640716,0.5543432235075986,0.5158656496399651,0.5929117384645309,0.1872750882384518,0.30757382522410287,0.49692187092463047,0.38616446963039747,0.618955630863026,0.4782445937670794,0.6222260547142587,0.31440462144328923,0.3582665010532159,0.49681504958627404,0.5468451021674227,0.3628628671579893,0.5903439509134155,0.14458874227881696,0.27175189846141734,0.39955611221051074,0.5851599502707374,0.5569776288051363,0.7510871729936336,0.6158630137136976,0.34416701645660924,0.5533438929702307,0.17467527011733616,0.5278759588200699,0.15855377409920943,0.5870132367944382,0.5881160314209358,0.25851962093874326,0.5305176103136716,0.4998835816502755,0.6624561171266223,0.576952384162639,0.680634743298283,0.5082024723045485,0.5658679667961335,0.6393755041580504,0.6486308031079524,0.5620157520505874,0.606166194896393,0.5052743895874324,0.46291930402315645,0.5615563245265117,0.4941371748083669,0.5987024078386265,0.5572915743627559,1.0,0.5405749348146265,0.49999319178241003,0.5548848863921744,0.17865320157371056,0.4885266573677127,0.5395999659654589,0.5459978612872846,0.2823218786366086,0.2890494581133533,0.5666895534137624,0.5894173347586821,0.4389328494038196,0.2400004464990829,0.5998402097256404,0.5071606322100803,0.6974561526155098,0.5312626074078362
XHB,0.6614673798251967,0.5767625932101145,0.6036703887403497,0.5865686361645557,0.5926620680481527,0.5526916631915543,0.6425219327248584,0.6039986425873597,0.5233358224639165,0.7470722329113132,0.7674315593694953,0.6029939989238223,0.5659220178677146,0.49268542438097,0.52472078730787,0.3882736560023615,0.3872090429051453,0.32564664442037633,0.6426411657724341,0.4969264650560137,0.7119681648799259,0.6164531533889879,0.6537135942529765,0.6863492813690816,0.41954741143702723,0.3865224885865259,0.47428019143622374,0.4174571553224368,0.5054444661421416,0.574159048898624,0.6645262332846115,0.5961591294953271,0.308380475720767,0.5208518048434607,0.5353277645395146,0.4740007501371462,0.6528272567264989,0.5189946053042614,0.6963298943050101,0.5938613358910909,0.6211525872364829,0.5986951691318143,0.3585554693716797,0.566776044477168,0.5795112063076004,0.40577341847133136,0.6284049633670403,0.5286195679838237,0.6117997020165307,0.5125055300058505,0.5032656708844674,0.5342741976339582,0.4413984863347345,0.4337175129158572,0.4609111416468365,0.580613866657172,0.629714998593376,0.8215321515881068,0.655781245236723,0.4780213823434914,0.6236865805989761,0.6764680090801511,0.2612383899373901,0.2798083600797988,0.12266490904119737,0.4748670354761764,0.28738328285355846,0.6565766236172239,0.713242162768254,0.6230531564345456,0.3546943396762113,0.5929464146196257,0.5058652857094699,0.5944146375304359,0.5055233832560235,0.5732178589593472,0.44848813111108127,0.23266291934341174,0.5704418796644213,0.6688889356367524,0.5445332256650367,0.6286261679611429,0.6986546029439644,0.7323016564945766,0.6332989004024084,0.6911168193963851,0.5199422840818216,0.7032160594689989,0.3033434695518244,0.46758522859103335,0.49525872136520027,0.31649116959283174,0.6552700382352418,0.2953359882520428,0.7645500700680865,0.31309826724654305,0.8041784203994042,0.5767956254569344,0.5745426523245236,0.8348730990318362,0.4861298770060796,0.771501620909646,0.6071643540232631,0.7306119835648066,0.6115710224612525,0.6059323894436142,0.5522078821073283,0.6695060236758476,0.7998085133042466,0.6575055275143004,0.8022114955242309,0.2890462315805773,0.6535775125663414,0.5819976358011729,0.6660459721059341,0.16673535434730297,0.28627812894741866,0.5446656582238929,0.3772823248258142,0.6884943836217421,0.6790692421680032,0.6877060647278973,0.41820924685087596,0.4838487344244855,0.48914727862996865,0.6146042323287308,0.3828735281816132,0.6129188014358974,0.199402548108174,0.2892037040836079,0.3334833215007126,0.6632354236425042,0.622149416769319,0.771179498855197,0.8243354845388986,0.47504730912529053,0.6562868419371983,0.28661436323559786,0.636243827076419,0.2885579138069251,0.7284858027766348,0.6606442038757021,0.38300107502035935,0.6801936101942109,0.5999527369116505,0.788226111824105,0.7774902452478089,0.7286748981005712,0.5982481690889753,0.6432048363397925,0.7186443598513432,0.7137477952284385,0.713151854800761,0.6162968577179371,0.517619776650904,0.5968894083627805,0.6427902947901433,0.5970918796211169,0.5287905026784945,0.5669420557260683,0.5405749348146265,1.0,0.7382470059891484,0.581976283141581,0.22867149287088825,0.6117014402449681,0.7535177946826174,0.5631951149931709,0.44020039838610286,0.3793773667035369,0.515691903344282,0.710381498830322,0.5058737198987803,0.2705535143945255,0.7845692477903798,0.5245859935317322,0.6889759876435241,0.5586660098864392
XLB,0.6396151128928275,0.5613345163751108,0.5403170292578917,0.5548322853127134,0.6223958040477302,0.5330505837423806,0.7983747322527565,0.7766217624709927,0.6449654467798487,0.8317718135683161,0.7981682231515526,0.7948949355815276,0.6406164250895635,0.5641685096761594,0.5453481089054538,0.25010380790959613,0.23496917991032917,0.18631335551797007,0.6917419457566264,0.5311739959808129,0.8123157241842353,0.7285301049941806,0.8035150062866319,0.7555888666485887,0.6170171245548866,0.23731019982227775,0.53283285955888,0.5634000475734203,0.616268916917783,0.6776460306242649,0.7526627345742074,0.766055440489552,0.4138389404122335,0.5636448324263889,0.639600826620844,0.6198987741333583,0.7790574282318398,0.6288160573809112,0.7772287512784968,0.7590493322557973,0.7184848916013598,0.7065766034760791,0.48032467028703435,0.6989377154804578,0.6727009266864818,0.5135073995193689,0.7006753368895327,0.6424051259122594,0.719508475269407,0.6227722424869689,0.5759908828354179,0.7330295719724795,0.5684834024560775,0.5009246474199934,0.6120161675556238,0.580609399218741,0.7346643488043717,0.8312097962020873,0.7785220625950875,0.6536850753160657,0.7847080828967363,0.7920208306563027,0.47525195418412836,0.49115987188515164,0.27868161906621847,0.7879579921714381,0.12998864333395072,0.7947888191124395,0.7873715359426795,0.7505269164953843,0.26004105359263563,0.5959016713333739,0.5540183041727639,0.6379067036439209,0.5246532137705459,0.6269261257567785,0.5098519332785022,0.4928196453376776,0.6209470985081784,0.7968172179279628,0.6210123569525504,0.6492511774537709,0.7614582136631879,0.8043140008821137,0.651336967114161,0.7465575264555709,0.6358112327623595,0.7319344433340274,0.41158522736965025,0.6051270546681707,0.37396744890994876,0.4211015302104627,0.7419778938930456,0.46773822955041766,0.8032050813376661,0.5299244377598968,0.8536591389504518,0.5920147377055035,0.5496884294499949,0.8254216454657108,0.7538500999126999,0.8326513345035778,0.6296193252219227,0.7582744755482858,0.6546150645962009,0.6302952763158653,0.6333087553489312,0.6484488564659435,0.8795143565840965,0.7193156135362202,0.8042256448683583,0.2053656388356817,0.7630706316858303,0.7202116031404705,0.6546159296453539,0.35912153042628975,0.48817659126630497,0.5773429428709039,0.43311782304274654,0.7789457400565308,0.7930512243500358,0.768814574679386,0.2995167622782659,0.36458307761343184,0.5068213789734543,0.6811879801990638,0.49778936455027045,0.6622020099603232,0.24176915679445657,0.3409651709033022,0.487973974201017,0.6375399346718003,0.7492524135121619,0.7660653647231306,0.8562755350715225,0.36224034977194464,0.7911553457418175,0.11517169084642144,0.7636479858364311,0.13293148578689926,0.8337691141058412,0.7684049831360661,0.24239438800700872,0.6938596940319613,0.6734608475199564,0.8550863009021535,0.8826802141351584,0.7601044026149887,0.6980642812907476,0.7513493000297874,0.8233342532313835,0.7914278313793663,0.860771443564078,0.6555915208932322,0.6481099379380194,0.5416948475538519,0.7809996188729781,0.7815946862969843,0.4939855906370632,0.6557444109862369,0.49999319178241003,0.7382470059891484,1.0,0.6088748441886891,0.46475161541375476,0.7472976905003321,0.8352254224416851,0.6150570283464721,0.5349646105045328,0.49942086597636254,0.6066107861825597,0.6803361969614351,0.7436258317941055,0.47773250958329355,0.685681616536507,0.6274059812650252,0.7465051026270878,0.6907148944871304
XLC,0.6414041936925007,0.750635297642188,0.6070003826058901,0.7282744123734837,0.6873609943070266,0.7439313335940533,0.6365074787870618,0.6002446928458643,0.5376168215522898,0.8027531789834217,0.624801941858001,0.6297875800235652,0.5741689297609668,0.5604483465083605,0.6355727188614673,0.2148293897409051,0.2105550430975738,0.18859242568284096,0.7231730335227231,0.6602066393933015,0.7309414447847283,0.5175154577587812,0.6853763727123905,0.819745729205591,0.44277360960063483,0.20937999032227525,0.40393537042146466,0.391910700963447,0.5053401761245602,0.5457669221449295,0.683521790150182,0.5727214345876213,0.3475287797211143,0.5980506280880904,0.5318739050457345,0.49092312894373696,0.6538923614897425,0.5417371349864061,0.8362610988254684,0.6118428703411671,0.6086346356483207,0.6126763334696235,0.3668779113189117,0.5654679777727596,0.5499007127933768,0.4100225567124641,0.6567802861267827,0.5264926395215341,0.5843893459406356,0.5753999191519742,0.5159153038657738,0.5275987282604403,0.42722737631289415,0.42139708537297615,0.44211821528062045,0.8692210172418916,0.6273782524691571,0.6857996405360004,0.6345792233063977,0.5009238387205205,0.6013511904468329,0.6525145704914067,0.24282044745490297,0.2758395560116025,0.09883820267525072,0.45937632027090397,0.08740158474775246,0.6623002264647336,0.834152994984025,0.6621943722278135,0.23829568270124535,0.585644019025637,0.44253812490280386,0.6490037668906732,0.7320426706083778,0.6168602643738578,0.4684278200390477,0.27672448030833974,0.7198576411379478,0.6966205269488797,0.7310994000319443,0.5782265789126748,0.763012176915852,0.8073163123351774,0.5359512151581566,0.716960579665864,0.5102826687311992,0.7214279675850724,0.34173083947434835,0.4492451960715666,0.3539054807293469,0.38537058418180886,0.8412778177907188,0.3610918069574723,0.7924389692952323,0.29936993153757413,0.6240114429952394,0.5408717002216057,0.5211566117041065,0.6404286117975766,0.47038557673194137,0.7176092778762018,0.5677736174319286,0.766413572402437,0.8324965405185332,0.7521790585230065,0.7371266369320159,0.5574104864312733,0.7549106316654925,0.6629199852714934,0.7056751580239972,0.17114402488832645,0.6515720994508234,0.564176544705001,0.6767699190589901,0.18595039195545146,0.2756287626812064,0.6239788565062592,0.40740061131202737,0.8344702817883067,0.5723132085746823,0.8392304325211295,0.2990292107968593,0.34477454361162696,0.41324669451960283,0.7133321140271068,0.406047944450707,0.859216089669213,0.21669236439539666,0.3183054806844266,0.4131489376075591,0.664260594932745,0.6844014558027645,0.7451790275161535,0.6807445674192519,0.3354210436718051,0.6536196059012905,0.09819969815612595,0.6277871593144613,0.09317184696991346,0.7393772808374993,0.675972424805064,0.20667724234198948,0.5567131408966842,0.5404597582099813,0.7667666587654068,0.6748268027163387,0.7806883618561846,0.5868053558127432,0.6464121930657085,0.8025150320565105,0.8347760364179061,0.6657546612447387,0.8488354121512037,0.5579828581475768,0.5138792517888351,0.6500018507397602,0.5868386730667947,0.6760624570151763,0.5668003143067012,0.5548848863921744,0.581976283141581,0.6088748441886891,1.0,0.26165008980930016,0.6636706704120369,0.6458953682002795,0.7304376499020577,0.38605053590088345,0.3131867386991019,0.49424402691692515,0.783786360683162,0.46498284233065273,0.3139800490887404,0.6534653347950403,0.5550105450585708,0.7766371192448905,0.7139764960546762
XLE,0.2968825310503552,0.2206320175285641,0.177871845780322,0.21014888595305356,0.272812799386023,0.20980979603565972,0.3966940539287196,0.42942113092247874,0.2723177243630479,0.48299600338121396,0.5800267782287841,0.5401958993862229,0.28983844495524896,0.3670569466933219,0.240692533758277,-0.03904064894293624,-0.05796475916541486,-0.10681030515302238,0.26792509839482787,0.25624855737327334,0.4253660126973093,0.5862653626010941,0.5135085926287432,0.33193472764374987,0.3644071854532178,-0.052682248303451036,0.13400255281484014,0.2870037002271577,0.20954626680926577,0.26900967337446696,0.2446080655614873,0.4157537765391719,0.19521784781994048,0.21734472333973331,0.25259130796198426,0.28387605544857164,0.3366672518526172,0.24493987862251262,0.3848160924497154,0.42876896546286947,0.26154079630639904,0.2373226573457141,0.24679266347110554,0.30541004512638753,0.20842993150275066,0.20718240299272353,0.2442245570084993,0.26508344999869904,0.26382459211984477,0.29530059302211514,0.2392628815620047,0.41798755304703267,0.27025214559511607,0.16353382839744224,0.23208876149628085,0.22842665153849256,0.26737455990876263,0.4650546969026447,0.363490908784784,0.3429140748858234,0.42709472798788656,0.3974233186468672,0.19412285508847285,0.2160771659513396,0.12047516091461362,0.7383695125708977,-0.12293968998374862,0.364071818524203,0.3862583812616248,0.35680191597700434,0.03360503559603568,0.21634320897539747,0.24161590014891907,0.26874542572588717,0.22452587267042004,0.24433143827949105,0.158066504972352,0.9791388594444581,0.23327323891141344,0.4270018057691136,0.3032440708721332,0.2143905412317613,0.37514286352054294,0.3984864478160677,0.4007754939881795,0.37784125573457233,0.3997672486278722,0.3348834169875994,0.2925623802817173,0.28186778508954574,0.04031141001239616,0.18886202386738607,0.3611864926220603,0.753010290455432,0.3791532711199379,0.8696661117766754,0.42270579545386777,0.2909487583156295,0.2925797263874831,0.31358721999770756,0.4546151745197732,0.49890286869876477,0.2852353051926608,0.3254614675119373,0.25570919359618577,0.2472371044087979,0.30832401138178595,0.3607544742970623,0.4774727625947906,0.4314160982477479,0.4213932027179977,0.0882822298894986,0.31828595460631925,0.4851273962901873,0.32219940479069786,0.1650254046208459,0.22409075011739635,0.228208934554976,0.13362327058973236,0.3916996405515335,0.5489382490088097,0.3528236457693734,0.011136910682907727,0.0372183491825743,0.23573670368637456,0.3272664835788415,0.22528047175601268,0.2721410659711559,0.10198517881395672,0.13509256177082307,0.3233921942490412,0.30214878940354645,0.3827971986840611,0.3574731379831063,0.49674059794836517,0.043560993054469345,0.35088985233461534,-0.12759260889574794,0.30689238749635894,-0.10601444657472134,0.4118885908931564,0.31472666911483604,-0.04621075747854627,0.3149221899160245,0.2613062316925283,0.44995497702100834,0.5279928415104778,0.3483510161038423,0.30634743724150987,0.288720832255172,0.3953903307622135,0.3988769721363674,0.5512291771616759,0.25880415160657083,0.27982116780476374,0.17077303056037105,0.34669271739983953,0.4460638122971879,0.2167212486624459,0.3476292619074038,0.17865320157371056,0.22867149287088825,0.46475161541375476,0.26165008980930016,1.0,0.43458513968141,0.4246958825790057,0.24645287439291405,0.23912390182180554,0.2816171200002917,0.26534036444494924,0.2634342168044451,0.4957747298695914,0.9344699590031947,0.3009513124196599,0.23217601902743845,0.302345550821178,0.3948146990786354
XLF,0.6073812996867223,0.6216464936123213,0.513073258307365,0.5849366831175478,0.6070722381728103,0.5829477064254328,0.6994470581592386,0.658787491254563,0.4904331120490165,0.8443913598260152,0.8007123076710115,0.7324372896353027,0.5687709245339371,0.6031796532527333,0.573256891909475,0.14648780063155872,0.11725734730225967,0.0923647383323976,0.6332616820212227,0.5731112844227487,0.8780733861524407,0.7058931977501833,0.8600830362473729,0.7659607171129297,0.47846111843536526,0.11757966896679349,0.39354517704226527,0.4394609724649013,0.471869631360209,0.5870790205084769,0.65741863921912,0.695547681628206,0.33848038415537784,0.554343041597003,0.5041189282872299,0.559582517599571,0.6956214039665807,0.4828133785636242,0.7997503673369231,0.6576684120050318,0.6328765772234468,0.6515100478210141,0.34228839950349155,0.6599868063803617,0.5952568440865796,0.40985753259237817,0.6200616312428149,0.6147478359586133,0.6387312126840347,0.5705273807862477,0.4514279481494667,0.6584706316677774,0.4626881368361704,0.34525080792997637,0.4473442101963616,0.6336975549890387,0.6600673595844806,0.8050397385002002,0.6625499044531294,0.5046708689039286,0.6759598116770316,0.8215705786171236,0.20530447649941633,0.23157709408976132,0.038922997331211344,0.5763137715716544,0.0029726953820391516,0.715835544477329,0.8131216100960127,0.7258690855764941,0.18628824858962142,0.5638873223593149,0.39239526410249287,0.5893991942272971,0.5973080178233898,0.6385637633333309,0.5172580164193216,0.4412848958645256,0.582570979965583,0.811218982408444,0.6154491261755457,0.6756847174445221,0.7590532058197503,0.8069739396065722,0.8335844585048978,0.8783859212948312,0.8299079688809802,0.6914671348334483,0.3757708571150324,0.418375225373348,0.28227576008987526,0.30133327326418197,0.7749185894777185,0.4852806116207305,0.7895662939156898,0.46655634587679157,0.7620786414679365,0.4848949345924072,0.5507135768725782,0.7491336867842365,0.523478735218044,0.8915556794528691,0.5068784913723366,0.7110789241129883,0.649715778232162,0.6004837469469404,0.6367932538812427,0.6388323247229655,0.8708333395324349,0.7236244011865207,0.7806240787839833,0.10757647135831747,0.6758155705358833,0.6351340644340215,0.6541258717977171,0.1368575147996051,0.23626700704445644,0.5007084543490219,0.4340271310409297,0.8011657786340933,0.7905515115740742,0.7963257503165753,0.20374367588974598,0.27058667317232105,0.34406528628982636,0.6507527052143494,0.3726081119350309,0.7068641060817283,0.2386262323021306,0.346166440557397,0.39232345173489674,0.629784083023653,0.7792976631164328,0.7285449026406341,0.8430250075926814,0.2779943078053815,0.6885546379133358,-0.009334273387650515,0.685047039535943,0.02446004103241501,0.8575817348343471,0.6929662699499342,0.1281910037165381,0.651208503409589,0.575843470818141,0.8411214064552992,0.8708939302986142,0.7484737378603968,0.5715630903279262,0.6434968986515878,0.7913118466228862,0.810212083348163,0.8846595466468345,0.6786663137166173,0.5158368298939257,0.48027192853095063,0.6638150861349292,0.6915087200935707,0.5602738239502295,0.6410272036371377,0.4885266573677127,0.6117014402449681,0.7472976905003321,0.6636706704120369,0.43458513968141,1.0,0.7977184294379408,0.5965043382052013,0.4945438530380598,0.4370822793486109,0.6018244924002685,0.7021374412714484,0.5461016529520836,0.44387216677824376,0.6549206062249997,0.4902476050405705,0.6736745832341341,0.7279409941406202
XLI,0.6674934042506375,0.6215832611028237,0.5797887189379844,0.6287356754471841,0.7324568446463553,0.6039887789677122,0.7605670300496609,0.7238111121621932,0.6180401700479361,0.9009639189171769,0.8314310566258966,0.7589449046476952,0.6599384271540287,0.5851127567410171,0.6180639722063814,0.2073054960956454,0.19207977914605115,0.18787037468801862,0.7513914906185696,0.5966619384658236,0.8846424963292358,0.6973847232157875,0.8547441443534229,0.8315795213480083,0.5138878895843301,0.19819906300143433,0.4308700899181261,0.49122478700038397,0.5825323711566441,0.6049852794478872,0.757935239949453,0.7076795600322413,0.3765907025729804,0.603881374766175,0.6524091204135376,0.5716726149902822,0.7568367823513581,0.6031692626064121,0.8534868564739552,0.7150556345340568,0.690606078546797,0.6760510097444665,0.4028392896262671,0.6643911697584783,0.625160334156108,0.4598411781178861,0.7150913564318143,0.602925040030875,0.6785567210765382,0.5943004104850417,0.6022217393512095,0.665285068424193,0.5352013665210901,0.5182818650373455,0.5285241338772467,0.6415218159310638,0.7124949275540446,0.8691791032377703,0.7363353986457782,0.5725584768948419,0.7387951226621524,0.8119432351849083,0.32490577822963085,0.3529406624264684,0.16155169451987691,0.6413315910322751,0.07815632262257287,0.7686849061402651,0.8644190174539275,0.7791379367710357,0.23260367447295296,0.6156836332233191,0.5488947628325779,0.7117271220453467,0.5827370113867832,0.6265141942938145,0.5083984083868678,0.4316476537911692,0.713303917061584,0.8531150943237984,0.7175698534431265,0.7072876176872469,0.8698330281653252,0.8696141129231487,0.7010081660728464,0.800556324461606,0.6579542133204482,0.8100586651349537,0.39014144624763064,0.5288954800266237,0.34476852883224396,0.3357260929560616,0.8240214528846385,0.46289934506178315,0.8148245315585878,0.5192541439493916,0.9442235045891065,0.6222577812632636,0.565623444879706,0.8568671903215802,0.6270775560279704,0.878889471407271,0.6650467413593039,0.8103878340481903,0.7419447503682879,0.70714949069677,0.7051941542252403,0.635394224655641,0.9105595840370604,0.7805386873633534,0.8640099254311778,0.167099307513483,0.730387607351019,0.6387726094837962,0.6894356104298873,0.23380136305069837,0.35685888226747137,0.6725065742637348,0.44545987817151395,0.8556342006727503,0.7467215314621038,0.8489376590717277,0.27169228505314347,0.33291748004580707,0.49116128518853486,0.7622352932230161,0.4521701855225351,0.7447921321848671,0.24471583298281266,0.3670497495113732,0.5096040287946566,0.6679170596918407,0.7728691362549193,0.8361218206827778,0.8851054228235574,0.33246879696878884,0.7685463392902587,0.07350266949779033,0.7269557531877013,0.0870377795193015,0.8913141234689196,0.7443957377016746,0.1925693337550123,0.6737530166210322,0.6045440750025394,0.9040129516255766,0.891844986481121,0.8445424619223051,0.7028996846359818,0.734946922678886,0.8621422460711887,0.8658154752910071,0.9000903975394455,0.741929688224384,0.6007919153692634,0.5275121014221713,0.7506562071331964,0.7178189370896828,0.5235045461606552,0.8182416430203829,0.5395999659654589,0.7535177946826174,0.8352254224416851,0.6458953682002795,0.4246958825790057,0.7977184294379408,1.0,0.7144543428478397,0.4830617719446812,0.49917076656084125,0.595548240363902,0.7380967778719205,0.670420070024728,0.442982292768148,0.7102443294864128,0.6099985101796919,0.7861845134744149,0.7583509881570591
XLK,0.6333207589675243,0.7378544375423035,0.6078672903735877,0.7376338707752125,0.8078302667347014,0.7573814166712491,0.6757384890684055,0.6292239933457371,0.6991077597148612,0.8680694379193666,0.6294853964357859,0.6418299833048948,0.6518027272495628,0.5732939204869751,0.7082633116113272,0.18690113815469295,0.17286334339102957,0.15367422740278758,0.8559685421137129,0.7792683441388066,0.7556619655198299,0.41118353244918804,0.6806576691696543,0.9329096947173688,0.49137542834308817,0.1696142955483067,0.4138864384503603,0.42881145203664656,0.6382269151858192,0.4877587478910817,0.7631116725522692,0.5740053337554268,0.36063934851475926,0.6618056414949206,0.7352266847454215,0.5248930756779958,0.7000142634574603,0.6901159519450273,0.9213597602790053,0.6465828299169513,0.6280360128558613,0.6369318592263379,0.39051661565525275,0.5748738163334992,0.503687370005373,0.45273871740259714,0.7744315656073915,0.5197356969394319,0.5963506623432693,0.5937965571171487,0.7432165528855746,0.5255740026938307,0.4646620188236993,0.6282014558575725,0.5075181962657161,0.8224234332979236,0.6789655160981004,0.7027960730127238,0.6627283419785281,0.5983104501235422,0.6549610102200625,0.578016876583361,0.3005592977731804,0.3335704268228932,0.1453984862229946,0.49441195608109256,0.05039736850941036,0.6951219575256653,0.9069232925264662,0.7265860417262296,0.22971213136581303,0.5675263713061351,0.5492623597679542,0.7843859049164296,0.8200978386465417,0.5375440382830856,0.5039060312979069,0.26718615679547736,0.9906050496168425,0.692781589851861,0.8792013620176367,0.577397903797407,0.912298114577513,0.8819559642275375,0.48397917128597273,0.7112485810077175,0.3880475076372546,0.8123969529709966,0.3626276333497144,0.5524237066141009,0.322605278871566,0.39238077377951713,0.9323438008417071,0.3361552202283968,0.7529778043301202,0.35559448243538333,0.7172503181964727,0.6466977359242202,0.5010056525611776,0.6444806605708768,0.5571837614118439,0.6814571979326006,0.7118653411009256,0.8437926783231621,0.9688782148398783,0.946416194276439,0.8591843774827979,0.499323132239229,0.7508792977083399,0.7152660806086572,0.7626221497385258,0.13952566371125177,0.661374414545656,0.5261346996871697,0.6672498361827027,0.2620720285254811,0.3477735706600673,0.9234443281411614,0.44218580415707853,0.9190669801907402,0.45357294319147023,0.9202812124009074,0.24837905498897242,0.309648689399467,0.49344995958953985,0.9281208068203466,0.4778210376813832,0.9331049964499561,0.23527999123649201,0.3674477096571464,0.5438471281294444,0.6451878578230109,0.6401001985780829,0.8191717657495844,0.6760104977174834,0.3117536494412132,0.7212529712916683,0.05535322941357058,0.6501244621763596,0.06274964046850415,0.7878340938779421,0.6787943993713251,0.1745831176571931,0.4678075923478782,0.4941310835500557,0.7935111954780961,0.6441030952197896,0.8608850432815697,0.7152585915634339,0.7386610636295879,0.8860154447143046,0.9118063140070388,0.6739015543346076,0.9500882939360469,0.6607925483627091,0.49205991058617227,0.7308232343135642,0.6018276074537542,0.683824076088505,0.63676574490467,0.5459978612872846,0.5631951149931709,0.6150570283464721,0.7304376499020577,0.24645287439291405,0.5965043382052013,0.7144543428478397,1.0,0.24598738658924058,0.2672357347229527,0.414868225482519,0.7791715461376014,0.5683611856107412,0.31685048359967033,0.6005872671529319,0.7018201543528186,0.8837578054028036,0.7886067923779475
XLP,0.4176130387746882,0.23109845906264778,0.21319612664317963,0.21035232024068276,0.21858234035888327,0.20186383042838932,0.43674187240611567,0.3907428630018911,0.24515298600290095,0.46981782616580997,0.4061070094010123,0.4481393175686077,0.32256010451493694,0.32621702598605035,0.2074793869656746,0.229553333952231,0.23466103556473472,0.18947080110012374,0.26181613199377357,0.22147757068884918,0.5783145326801387,0.6347995225860263,0.6328876977417888,0.436837350327408,0.31160936094758107,0.2292412368451617,0.32007963245390214,0.2348772625659806,0.26946042096781503,0.558430670026724,0.41062419278124757,0.4690137474776229,0.25027080833110554,0.26821844128764294,0.23436945250138638,0.3462453694935901,0.4480086440759402,0.23784575523440726,0.4637233880201682,0.43881179397784525,0.38044432647195386,0.40833092300898854,0.20819413725460278,0.40327983602379475,0.5020267910190283,0.3388003440062352,0.33033906835110816,0.3899658949897078,0.4346377147519634,0.35268424065301635,0.17181264513475505,0.4918234508345839,0.30740720729481924,0.157950834821375,0.2966486954338729,0.25956923156608136,0.4152304252722541,0.44561645077255907,0.4307865638559231,0.2976354041820659,0.43501667120937837,0.7565155485099103,0.20195033106642948,0.19529797517940684,0.08551385023264747,0.36093012473621033,0.17174667617894662,0.46708859916161005,0.49331730456043316,0.4030658125908713,0.21573417983018847,0.4005348016734859,0.218377549578326,0.21129972376246456,0.22048782247723056,0.5393419274347142,0.3096599876941034,0.25258165063612664,0.23506654635511215,0.6690211430496384,0.31252624488052394,0.3084897739209887,0.405581914384373,0.5245101735637305,0.3458164707353159,0.3858989645583071,0.5356513510560937,0.2964727988393696,0.24394760631401363,0.20171311432377328,0.3010198654570038,0.16757844092412028,0.44480735434928603,0.3057403204859382,0.5455603168893962,0.18519413063984835,0.4034953881494632,0.16865719631925144,0.342373252321554,0.5518188640801971,0.2755843695621547,0.5372709503935722,0.194673515716947,0.3643402560092483,0.3241099082938062,0.22091924158503967,0.350044585135482,0.43838938809379285,0.5919632505951643,0.3849674627054076,0.391274363293987,0.19574072598128647,0.417671833076025,0.41995869437769423,0.41440429959438047,0.10048181791367657,0.18470181001202857,0.14319829101991913,0.2422527250930199,0.4726964089181708,0.664420298903455,0.473556123923639,0.2832333505154934,0.2959973022229515,0.17487075106538588,0.3166509018924298,0.2612675727599894,0.3705470714269557,0.15379655504733492,0.1809733206638564,0.13144273458348468,0.4155963402562493,0.7413557124058836,0.3532354625874742,0.4876650209400061,0.289390478704723,0.43129305930927475,0.16913774627782777,0.45772716654986445,0.15853683856369763,0.6468688847788011,0.5007174256353004,0.2242843693627489,0.6001856022635944,0.43077990532703797,0.5200255007485589,0.6230456261530114,0.3844128631714939,0.3275969441731378,0.3774169298399158,0.4612711044044542,0.46324385541935215,0.6484653450216419,0.3352755331518264,0.271800928207848,0.358000922326328,0.4011732821824158,0.4653994740549103,0.19759156646455694,0.32038694288417857,0.2823218786366086,0.44020039838610286,0.5349646105045328,0.38605053590088345,0.23912390182180554,0.4945438530380598,0.4830617719446812,0.24598738658924058,1.0,0.5799386785159838,0.6305432641382074,0.416275542814792,0.2509542961869274,0.18819670806692587,0.4583673873920636,0.23509115434247552,0.34141823497347373,0.4496203305919152
XLU,0.4505548232335573,0.2428359890772031,0.26817249977425944,0.24770672850248737,0.29910436128996815,0.22667906784107272,0.43061044737771953,0.4128119543404994,0.2806820449791672,0.45489751701701175,0.3942984139823731,0.4963369523143224,0.31764949178665963,0.2958025206361091,0.2452936674548854,0.3296156983158204,0.33414785412491116,0.3015538723425512,0.2906242705300303,0.22880855643959433,0.49474292135904585,0.6492861417818732,0.5376256977062953,0.41101165659690847,0.32235472357868983,0.33223357909519496,0.3467582667109894,0.28867302171562403,0.28601758798622273,0.48585384914159685,0.38729342217795837,0.42799514112629816,0.23144388190652007,0.27269866690306915,0.28205018617524585,0.3155526473825671,0.41814823463139317,0.2564861321320459,0.44181299618729053,0.45455125720392037,0.36809127278367876,0.3542505292176384,0.21423662933695647,0.37195583039529645,0.43789692806067665,0.30361865539162747,0.3040329213220915,0.38775177338604183,0.36826144833064633,0.33469361307117773,0.22031686959557384,0.4491359641589848,0.3148153848657202,0.2087405573562903,0.32877928216969476,0.23946084634062775,0.3597812075677533,0.44364936191014037,0.428515266238524,0.30479753490180134,0.41538544789106885,0.5894763815925543,0.3313108701556232,0.3177152074738586,0.21092803031752538,0.3974613433806725,0.26111947141643765,0.4375569232622052,0.45251113646970365,0.37528007909299715,0.2889338025906482,0.3631738898261451,0.41422330259219325,0.30335580710633714,0.2083140465154201,0.45204441986682936,0.2642866498422519,0.3012788717033544,0.26016214429188117,0.6005080287559914,0.3189891699990369,0.2632706804036241,0.4168613793589119,0.4618661518528221,0.32740262518060065,0.38439149520558297,0.45724225261249557,0.367406264773916,0.2362647628864378,0.231347382309582,0.38434984235812725,0.1431419023399763,0.41060069551601247,0.3629759451787348,0.4497378214064567,0.24014234351435934,0.4576941123775791,0.3122279139113472,0.3920391956111804,0.5261544322275539,0.3190998188626149,0.47788543758037383,0.32861235469125016,0.3696032590326393,0.3040947934098509,0.22246622866238835,0.3135233904769212,0.47842243793925915,0.5568546977420874,0.3797062542749484,0.41893284061560754,0.31636517492192756,0.4178667925033125,0.4381569040863805,0.43418790443761834,0.21710116127059653,0.3096416401946947,0.19320197595962915,0.24507695773158222,0.4449177887635628,0.6633836638492694,0.4413601191119648,0.33142969822644425,0.381798522704931,0.3308099025446695,0.339748091635484,0.27019454601639403,0.3301803143923421,0.12232147715148699,0.16736166103825628,0.2705360191487871,0.4410179822854893,0.6455108578780295,0.3903167028035512,0.4792733601738708,0.37266952153026656,0.4223599392646683,0.26773989530374936,0.412616897607692,0.2675221517559341,0.5581437150621538,0.45234595836193175,0.329430876265457,0.6581696854581067,0.46249933921272923,0.5353502472152772,0.6232441207078177,0.4154140448820074,0.34880766123106366,0.3746891934031758,0.44514850469037837,0.4425506907601015,0.6082611568868459,0.3101087671141758,0.27811225329239986,0.4295693401889111,0.3978589233240324,0.44178853346042046,0.18417094143336854,0.40800913048564363,0.2890494581133533,0.3793773667035369,0.49942086597636254,0.3131867386991019,0.2816171200002917,0.4370822793486109,0.49917076656084125,0.2672357347229527,0.5799386785159838,1.0,0.4983366406649657,0.32802464422704414,0.3406888497430967,0.25793776523536677,0.3209342784975866,0.25106978102786826,0.3611022547825673,0.40352743642010835
XLV,0.5208774397948343,0.38780328545616133,0.49772053771089847,0.4026064192820473,0.3904500372206589,0.35841413933370087,0.538220204164788,0.4775203803340085,0.353965512788045,0.6174291630837188,0.5092497672799481,0.5298787395319975,0.4452899650981725,0.40090277033564703,0.3425398902521761,0.2471778330151142,0.2432891506702056,0.19742693983076257,0.4534123967079968,0.40700297244890354,0.7224863228026679,0.6013163746515144,0.7173660417837283,0.5919846347883676,0.3555785883805132,0.23704272715370353,0.3541125881554769,0.2954532856562541,0.3745226677101534,0.5952536691094836,0.5570721149228289,0.5376394211987313,0.2879799611872984,0.39514802236212554,0.34830413521189624,0.3990954980925561,0.563169917795597,0.3424441901124445,0.6223368716281416,0.5200217229021793,0.47728550959393434,0.48892473465320896,0.262606850658899,0.47655684010550503,0.5954773998021661,0.3623192519169452,0.454836807687779,0.4761293758864349,0.5046918694783763,0.43827632676280104,0.2995954607552711,0.5604925801110934,0.3293625678514795,0.25363859811828354,0.3713751841921954,0.4245543138854891,0.5075706678387398,0.5680238013441933,0.5140435843839678,0.3634916134836368,0.517175517088299,0.8022820644386947,0.240963424250046,0.23853489555415477,0.10355750846261069,0.4163017210669369,0.16615050105668272,0.5728714434988934,0.6402089231322726,0.5512972729635492,0.2180996984482029,0.7485513837911689,0.3242190308662961,0.40351509280063547,0.41601101470697766,0.769946466483557,0.4066723213049098,0.2709486634772835,0.40047593979597196,0.7602472807354322,0.44386892362147784,0.42273987429158916,0.5806738587910355,0.6692445024458967,0.43659569921747415,0.5307834489233086,0.5805726434970468,0.4879412888127342,0.2731302391524137,0.3009786956962432,0.3383373411421864,0.22539654882262716,0.602605530362887,0.32114063098202056,0.678722257255622,0.2625061004119392,0.528057273859542,0.32061633668474254,0.41771475039642836,0.6605051044170628,0.3642537499046177,0.6481022388283889,0.338490036185223,0.5770568410066211,0.4747131535909762,0.41472135567718277,0.4906334468524884,0.4927293858750948,0.7058712143096533,0.5308885123434212,0.5576748841013858,0.1942699235958576,0.516542857428935,0.47487414449948717,0.5256823955457223,0.14794902795888365,0.23645254821494863,0.3259647379477753,0.3569130513578409,0.6248470597814233,0.6553298656636721,0.6277662794630162,0.2950110263503734,0.33516919479045076,0.2881606344619608,0.4714605396233996,0.3235657872958039,0.5238535741746715,0.15107221395611062,0.23119012325806698,0.2322214079055256,0.5182353068479798,0.8017369860892015,0.5526158500843377,0.601510294565316,0.3252683003549851,0.5436232752689957,0.1618496313929072,0.5582389241179194,0.1598098217177516,0.7520584707258514,0.6317542741649189,0.23170115518685797,0.6287626324216194,0.478098259517835,0.6532276475892759,0.6869490209941806,0.569630136885447,0.442155765077041,0.5050745390351633,0.6096733684106129,0.6247919089077899,0.7502577029328081,0.5003341372094112,0.3755977637560932,0.4206493317029761,0.5162785793939045,0.5337268827881407,0.379043666086596,0.4591505120654412,0.5666895534137624,0.515691903344282,0.6066107861825597,0.49424402691692515,0.26534036444494924,0.6018244924002685,0.595548240363902,0.414868225482519,0.6305432641382074,0.4983366406649657,1.0,0.4988074177688132,0.35592075284204555,0.25358669335468187,0.48863897187772903,0.3449949903718088,0.5532843166238727,0.5765398711590093
XLY,0.6904453008222847,0.8038641177854932,0.6712768352868315,0.8180473256858861,0.8200958780026258,0.8158555779136384,0.686392737119156,0.6445772878689583,0.6084230392677278,0.8696563826792539,0.7261234721276706,0.6723625768002359,0.6204059309673765,0.6044768542514026,0.7133505661471656,0.2524395402488,0.23879259554483476,0.20456014088628602,0.783217742101209,0.6923200448312686,0.7950359339499297,0.5431517806120816,0.7298191287043562,0.8764987303603232,0.48259484164988714,0.23526391699768032,0.4446313851536554,0.4432365400181287,0.5651492267455704,0.5480226796545192,0.736161486821832,0.6121166928972301,0.36834862738243923,0.6412914928151398,0.6130490140418943,0.5373571635121593,0.7012777498421374,0.6076420895683705,0.8864234820263969,0.6563627124667983,0.6555405277667186,0.6545613086287161,0.40139929288514725,0.6129664731301857,0.5654776903748365,0.4488890887777357,0.7132077763454183,0.54875188028399,0.6311710850890822,0.6010898989095206,0.5955223813826496,0.5628147649710261,0.4692523303617508,0.4829168204848016,0.4960776945535649,0.8473525477020565,0.678566889829149,0.7928752206827634,0.6847122600960414,0.5544331111525921,0.6517938381065408,0.6812670237461335,0.24553779064495052,0.2784443255645091,0.08418411223568131,0.5029469738090766,0.11306727186187479,0.7090507730214402,0.8812545543471384,0.7135128311628879,0.2773957944170344,0.61879885629124,0.5416660579836289,0.7355307880369655,0.74563492055954,0.6147533362309467,0.5263618517338995,0.27523979726645803,0.7727187806355389,0.7385663375017537,0.7758075931807581,0.694419000783437,0.8359492389111433,0.8468436604339916,0.6142897640540362,0.7771085686234058,0.5314958625277394,0.8191902325110747,0.37126344754426965,0.5746488574802877,0.3860431387806963,0.4004071943760732,0.882426270741383,0.37561715129499545,0.8241237284667189,0.344739266574937,0.738757255058828,0.6694233023107368,0.5657389765636236,0.7285904852502493,0.5323680351995312,0.7881399487484162,0.733804915011855,0.8386148685902913,0.8728247592009368,0.8040243619312292,0.7828603969152662,0.6198144749673923,0.8239916764991293,0.7467957862567242,0.8130051121642556,0.19406328676684095,0.6986415068871054,0.604029166069316,0.7250406895874068,0.187139664435023,0.28891411866757355,0.6973852599640188,0.4498076127343871,0.8821278918773041,0.6048246486772549,0.8845748845805764,0.3186239026539797,0.3720155864151501,0.5157259574492085,0.7561525423710777,0.4502252985968127,0.8871205773415158,0.24709956858584342,0.3664654968599193,0.45480968594745996,0.7082004391281109,0.6846031813796002,0.842097284794682,0.7827644299298692,0.3722648636377212,0.707561888755042,0.11605102837577363,0.6727746517395755,0.12348560358446367,0.7986882913812224,0.7092231545478803,0.2368728128716071,0.6079188601675307,0.5771313612552069,0.8427729338937255,0.7446066757827008,0.8557848844854778,0.647597212579276,0.705472247710556,0.8617872644383764,0.8911683596482325,0.7249318522201532,0.8843639525246985,0.6189572974073453,0.558774075263878,0.7071655736475029,0.6286076860669444,0.7173287038361988,0.6473111752479063,0.5894173347586821,0.710381498830322,0.6803361969614351,0.783786360683162,0.2634342168044451,0.7021374412714484,0.7380967778719205,0.7791715461376014,0.416275542814792,0.32802464422704414,0.4988074177688132,1.0,0.5368260101258164,0.3233978599874038,0.7856732123183993,0.62230596785139,0.8419764737064587,0.757416619807861
XME,0.5026061208780416,0.5152910216545072,0.5045474696034585,0.5283519131530802,0.6478818300438172,0.5098059649792199,0.6881859504157851,0.7074599417028115,0.6329692736863928,0.7027811800592765,0.716315410686438,0.7425574891353274,0.5661919650904591,0.4638672370641327,0.5731208136656997,0.14251244876639288,0.14521893340662817,0.13353543925668854,0.6250376996410313,0.48629833271916695,0.6242350399956104,0.5584359353696153,0.6268286235079589,0.6187286849645938,0.5912273645500976,0.1474401134436414,0.4510309164345294,0.5462704795772881,0.5838276348038477,0.4907913212707699,0.6147955614043518,0.6313552519463859,0.3335629891141996,0.5107017003439908,0.6327316526714836,0.5188934200308947,0.6390461961104773,0.6057537487572846,0.6396980382531204,0.7003908971142998,0.5701296323171379,0.5379779013459106,0.43853640502748226,0.533205290378783,0.4668913109351158,0.43447524339773164,0.5866543621964821,0.4944474936078762,0.5355599746541666,0.5196951938733471,0.572708726711768,0.6084352590502362,0.5122380997993874,0.5220080042541763,0.6205889248914129,0.49860845590823316,0.5650668841670601,0.7072780380421511,0.6684973100608168,0.6188214504190076,0.6787414788177751,0.49231685095850297,0.6294805902601267,0.6592979206854482,0.44692640553483065,0.8088760722129087,0.051321251999662566,0.6505605458562531,0.6368558568056841,0.5968625255837485,0.1639757417857243,0.4603680353569602,0.5428658920176556,0.6570316776048905,0.46047477306641,0.40563767784094923,0.3824633532639775,0.5231544721070548,0.5781634526754824,0.5565244984891436,0.5712292346251134,0.5224630531541478,0.6600712807142216,0.6276761550667657,0.5223281460128236,0.6035392468375392,0.4034960668265469,0.7073115284529617,0.36687045375857114,0.6023735550091052,0.25291805193500777,0.39056033990184247,0.6170993376052786,0.47752693096120225,0.5880054834621353,0.59008773795872,0.7353117970525471,0.639502759986893,0.44719925855241627,0.5654320910846763,0.8393395819782791,0.6429051309242633,0.6317922247099887,0.6605349479261762,0.5730654056663692,0.5736926187208855,0.5424046422300248,0.4961579292506184,0.6635314121086715,0.6347760633829769,0.7152690983509331,0.18204423014416485,0.6340400035518639,0.6381429952104131,0.5252328670526712,0.5256302997682714,0.6721578656625362,0.5625921781010308,0.34648998623744104,0.6372795649328687,0.5600340585318386,0.6242654675356805,0.21552251256453073,0.24156896148564186,0.4886168145233536,0.6118933883907819,0.46580723058317786,0.5522953899884011,0.25070626282416647,0.3111534555456159,0.6942444157791212,0.5080314466911442,0.4994223854959225,0.6886872129821389,0.6992096996265971,0.2357092857633457,0.6762927213560553,0.06274202508531565,0.5977878190188748,0.04816195137742362,0.6133832815924809,0.6007661692320491,0.15854610431178714,0.45626038990119056,0.5388366060390395,0.6782730298847667,0.6618119093523357,0.6405043953395064,0.6486077459447153,0.6543046189216165,0.6963789577718995,0.6569094156411742,0.6561877478031657,0.5607989722709137,0.6052501269603404,0.3931579375610826,0.6823943196149898,0.6682240528191534,0.41693092431696854,0.6634545715821966,0.4389328494038196,0.5058737198987803,0.7436258317941055,0.46498284233065273,0.4957747298695914,0.5461016529520836,0.670420070024728,0.5683611856107412,0.2509542961869274,0.3406888497430967,0.35592075284204555,0.5368260101258164,1.0,0.5308254827053522,0.53556405352007,0.5998109460207047,0.6489105587413455,0.5549451696903014
XOP,0.3344156031919529,0.3070352544570406,0.25934083363443505,0.3000318566774016,0.3477686562995351,0.3018106923427816,0.40073358475255577,0.4405320746428698,0.29653495188285084,0.5271183332008129,0.6343915882371425,0.5524188519484956,0.30557619821260434,0.3979422338219813,0.31471139294117134,-0.03086050352706012,-0.05404509974099256,-0.11262418634225954,0.33105070516007656,0.3344384838001678,0.4313254260677303,0.5780452527284127,0.4971479211868498,0.3875720685082811,0.35804417189865445,-0.04887378990364347,0.13259743516705078,0.2850645746835717,0.22029823702023443,0.2587261830195266,0.2729177385779081,0.3980482138309165,0.20068637629544545,0.26447303891426294,0.27185740661837454,0.27900928197351005,0.34324889070149495,0.2726287920824986,0.4326553551371681,0.43314657061599066,0.27259340854069697,0.2439769336076893,0.25205507135055544,0.3010683400783486,0.20719840525978758,0.21678002200494306,0.2810293964415596,0.2554035472795289,0.26966398537402597,0.31250487745002126,0.2771626995291157,0.3958164255172133,0.26927534670147807,0.18096752755582962,0.24165356053492365,0.3141131694048042,0.2756174164456544,0.5206931016119452,0.37719433679034364,0.34716179694494576,0.42148764442442627,0.3886472764756153,0.1872019873448182,0.21861798150520423,0.10549029149499506,0.7138958520086695,-0.13236184217357608,0.3716669144428148,0.4309480097750593,0.3734715867145847,0.03484374637312468,0.2619561393990844,0.29108666570676467,0.3393301416772698,0.30824973029733144,0.271308887052878,0.16349569314114873,0.9196814730794246,0.2999205125861964,0.4341373715226523,0.3496289436064628,0.2564843781217094,0.4300675142172347,0.43720795783117256,0.43098994885850744,0.4233065090364138,0.3925457723947441,0.4093050898212961,0.29810376342545736,0.3247380493015372,0.05994769554884164,0.2165224403855352,0.4079598078359906,0.7478762433922943,0.42001085208435607,0.8443927023185173,0.4606238650068192,0.3768002060612525,0.3193785792844545,0.3513016238171968,0.44743107341343424,0.5217101646787741,0.36471126784331354,0.3992676417669945,0.3262029403543556,0.33137491524417856,0.3673905987144351,0.3781493174445028,0.5070966047952694,0.48470806846006753,0.4897156514376381,0.08298238620222852,0.33645452783063007,0.4915074755852074,0.3612539388340873,0.1508800906597896,0.22834982810601764,0.2985203318303476,0.1379734171335314,0.43627718599892007,0.5324775878154969,0.4015434400684152,0.016839711748157512,0.05529133560518651,0.2972606876986726,0.3876548312031049,0.22839354220296637,0.3372718448067917,0.11003495276158579,0.12324086791252045,0.3542707888864988,0.34242935020188575,0.3806041598488846,0.4369794979913903,0.5437535669679733,0.06332034083818085,0.3607827852501665,-0.13150314862524887,0.3113069204305348,-0.10877383909196502,0.42908991253228623,0.3281433080620949,-0.042338364767809944,0.33570650690362014,0.2733580140298461,0.49423611092684994,0.5378858337578099,0.4202963775884797,0.3191410776911809,0.30706989629022524,0.433321914394715,0.4490773422394206,0.5398007305154667,0.33139637691519447,0.3038090866296144,0.18895246460576914,0.36064369235410426,0.4313321430844355,0.30973220598734463,0.38606242981400646,0.2400004464990829,0.2705535143945255,0.47773250958329355,0.3139800490887404,0.9344699590031947,0.44387216677824376,0.442982292768148,0.31685048359967033,0.18819670806692587,0.25793776523536677,0.25358669335468187,0.3233978599874038,0.5308254827053522,1.0,0.3637381981138536,0.26295237189081994,0.3704601028038353,0.42604166562277884
XRT,0.6377382779093097,0.7101481935487852,0.6729841093153506,0.7168940439079808,0.6857137315748519,0.6947580892092827,0.6156462806950431,0.5847557733214716,0.5213768571296651,0.7902228389216612,0.8198896888838515,0.6313183408218684,0.5197784538767732,0.536221375597112,0.619698545767911,0.23682660898816907,0.22919330675415528,0.17848033556483295,0.660614787952821,0.6045537214798665,0.7313333430659468,0.6306256391816493,0.6719858139960462,0.7206207235783655,0.4292933982057835,0.2320143738485343,0.40592592969401337,0.41950935398821243,0.4796739204197054,0.5064538477824304,0.6260497597117576,0.5683786090883114,0.30322221817858747,0.5514522842637095,0.5186197818404412,0.4939252605161012,0.6171476226582373,0.5216246341205937,0.7386574221732843,0.5848005834564729,0.591021069115591,0.5836762023490474,0.3563387071790577,0.55444928435879,0.5108065131436484,0.3943290890583562,0.6076714632590309,0.5068394678550233,0.5780712659167394,0.5306689457296598,0.49000684531070543,0.5184629948578101,0.42130038900603645,0.4047285232306215,0.4606738903722633,0.7014025608897798,0.604541280791254,0.8535194705923789,0.6176799308811434,0.4852648519554732,0.5951307950239872,0.6635082099490249,0.22093586240100752,0.25090303211118264,0.07533616870480433,0.4998828163376563,0.12023636912999615,0.6285167038927233,0.750850648624659,0.6249673623358245,0.2510689994648952,0.6176648779563807,0.5150944982600669,0.655524334585921,0.6044214886882202,0.5699642479087536,0.45981196297080534,0.3036162188946675,0.5990251923293342,0.6546971474414287,0.5837515624003873,0.6864725712260802,0.7297567196961373,0.7527412726672885,0.6826161401695299,0.745107318540543,0.532424664711245,0.7687848437836811,0.34599492871872134,0.49791496638968924,0.36197781741762997,0.35256686535953213,0.7061218038836445,0.37137636651739436,0.7909197538686085,0.3791562546448465,0.7311102911668791,0.6616458308276938,0.5488508063486434,0.7353629370428113,0.4859977967670462,0.7994023592274596,0.6590155587418322,0.7926100846487741,0.6697399185084316,0.6603906501765862,0.6057242167366387,0.6440770005347939,0.8106977835609946,0.7159091289065472,0.845055777527674,0.17478308479842933,0.6236876559071007,0.5952437372282153,0.6619575188283168,0.1501636070222998,0.2634468776676016,0.5560456839275143,0.39054941703564283,0.729506302515243,0.682571267985212,0.7291092070604064,0.29777234415509624,0.3486908958277876,0.5114140856861653,0.6446256700993672,0.38304877894584366,0.672914332551502,0.21716508607510718,0.28630498671156096,0.37609889840738603,0.6505435828028442,0.638362593720153,0.8206343085714924,0.8426931681884995,0.3474963054785233,0.6237474244384833,0.11871643348112607,0.6042459583881725,0.12664018962375645,0.734063951826933,0.6253207257005257,0.225868385153564,0.6228556780071605,0.5525114089059874,0.8112841205014382,0.7730365490471337,0.773384193458559,0.5515834500418744,0.6117772843866132,0.7381769617320652,0.7595761699910254,0.7128459797396629,0.6809279153854025,0.533157374293798,0.50997920381375,0.6212293772195565,0.5801548897785203,0.6666065266282971,0.601479219339896,0.5998402097256404,0.7845692477903798,0.685681616536507,0.6534653347950403,0.3009513124196599,0.6549206062249997,0.7102443294864128,0.6005872671529319,0.4583673873920636,0.3209342784975866,0.48863897187772903,0.7856732123183993,0.53556405352007,0.3637381981138536,1.0,0.5295846102169692,0.7259392036314664,0.6085428527803525
XSOE,0.5714821559214107,0.6231428821976326,0.5628604798954148,0.6247865827820587,0.6926722318712163,0.6193884389209436,0.7937554577839568,0.7659549146008275,0.9809115014676512,0.6994562860033472,0.5696746347405178,0.6672188763726719,0.6861572249109169,0.5308661658090141,0.6157050449232344,0.22379756567329992,0.22901822336177224,0.19369024209816507,0.7585476639286495,0.5292805119062587,0.6077333070586641,0.4231403092050889,0.5536396472705618,0.7030191196517833,0.7773472608441035,0.22998321223198337,0.6533894748017839,0.5797109409064629,0.9299502888798084,0.6310202435904829,0.8125024236844216,0.7321512620975849,0.44966981566542286,0.5911564373458369,0.9241743358928981,0.6453102205001358,0.7993356162739554,0.9889645904274671,0.7006989783375739,0.7356533049144269,0.7170421869143385,0.7200280561547713,0.6992324651783796,0.6837021106856507,0.612939589349092,0.5762116544720121,0.805465082744207,0.6340894179015103,0.7136001716161982,0.7249009074707843,0.8405292597219187,0.675588064863414,0.59557122360142,0.8242278717059444,0.7529629346937341,0.6099538121735161,0.7625676212823438,0.638022087601195,0.8053284860712354,0.9022250634929817,0.8021443080545162,0.4570415395003635,0.46986922779281504,0.49904021995642933,0.32623108395891537,0.6274572004491974,0.1368296227947353,0.7822260885558953,0.6834074777434563,0.7250473780278779,0.2884948853063921,0.5317084040591861,0.6240198522726274,0.7405889940879875,0.5379837958868228,0.4407180601011049,0.6263470667383954,0.28668671794862927,0.7501280761060521,0.5417280265531781,0.6432712103131967,0.5795029201774551,0.7136942996794432,0.6819982618553002,0.4318540297595935,0.594167744919266,0.3075633215489718,0.7403020853783032,0.4359995948770212,0.7245574040419686,0.3405648954627236,0.7774885507735598,0.694301636777795,0.29866319896348514,0.6129835726861592,0.3588569952834576,0.6189394146648868,0.6437991532993416,0.4760798084638281,0.5438729550781215,0.7405431517864861,0.5693191860525287,0.6779865556284752,0.7421693854150031,0.7117732817909552,0.7233230774192358,0.6471718375618861,0.5067295787863025,0.6410192018951171,0.6154105737899065,0.6800890364824742,0.146790948899731,0.7771964386483144,0.7160816804938845,0.5898799039945195,0.4011057043804149,0.4912860509672684,0.7213767598920594,0.5454993486037351,0.6950918836768124,0.4485758769337117,0.6912127888129976,0.30005141920951295,0.32943673421533104,0.5797233105124544,0.7030786890086551,0.6521601777094156,0.6623852830376514,0.2717068827510773,0.4181022029615686,0.5551649972573596,0.5726347386599427,0.47876185228228424,0.7012684308406936,0.6119727261194178,0.32175805560451676,0.8349240227545623,0.1300854741152777,0.7602919298263333,0.12129673393002183,0.6095329762163835,0.7569279564911542,0.23881283879959805,0.44080397487164547,0.7111095909976359,0.671292635604154,0.5781737146036042,0.6978470442337928,0.8426546136784624,0.9100888734302881,0.8136170548264777,0.7055403526587295,0.585405235141639,0.6840106218338583,0.9682157436572622,0.5205766640062073,0.9023108183082926,0.7884324840583563,0.488192117535867,0.5450236455776835,0.5071606322100803,0.5245859935317322,0.6274059812650252,0.5550105450585708,0.23217601902743845,0.4902476050405705,0.6099985101796919,0.7018201543528186,0.23509115434247552,0.25106978102786826,0.3449949903718088,0.62230596785139,0.5998109460207047,0.26295237189081994,0.5295846102169692,1.0,0.8023051983874676,0.6070788735161421
XT,0.7341204777574133,0.8327149139149296,0.7693233773704855,0.8434915274842851,0.8683635048546009,0.8326212363550651,0.8217659453984392,0.779627723135728,0.796157471456649,0.9051986145003718,0.7438992811896459,0.7641717161718016,0.7349892308398008,0.6317294682398045,0.7633756713907841,0.28775267928278997,0.2810709004247923,0.23617460075978441,0.9127261416297991,0.7977922209730671,0.801162955252417,0.5731032658004632,0.729147481967515,0.9172003310823306,0.6197346332297591,0.27939842329954806,0.5637596535623066,0.5541442267312886,0.741678603575107,0.669632650374022,0.8768153262518193,0.7321386776063846,0.4195158639598192,0.7213778793579813,0.7817005864102674,0.6293763112343005,0.8370831796684249,0.7916576766753863,0.9210785621112687,0.7687599350012695,0.7699396293485554,0.7641251332900771,0.5398316468951535,0.704931532424727,0.6717084374106385,0.5279887594256816,0.8573099355751613,0.6552745094591083,0.7326985444174131,0.7214057278684145,0.7626010855460256,0.6839160254642646,0.5635423190227152,0.6591970072231818,0.6370191058989755,0.8601844315375966,0.7965017222930354,0.8263301244624897,0.8200105478760177,0.7218444453345226,0.7894635210066332,0.6743409376422456,0.39666337072887903,0.4318486197722565,0.2188915434086919,0.6232084735724168,0.15169793261879813,0.831413259733878,0.908175599119272,0.8119153245256373,0.320806117665643,0.7319295480965686,0.7050219109365052,0.8531708701713429,0.8033390025206122,0.6594341786842647,0.5727419140368174,0.33509890655832203,0.8919893372116477,0.7542631522354326,0.8235832547265542,0.6781331002806689,0.9116788911376519,0.9067329173568466,0.5917687879094949,0.7960954641265755,0.48332880594416966,0.9192878585577561,0.41103519214530165,0.7012870075916317,0.431179918427619,0.5543790697514229,0.9071406176612924,0.40904230116050083,0.8593392296112187,0.4136474462664342,0.7895152644053146,0.7872567572942302,0.6114558860916203,0.7599433543488153,0.6694192414472915,0.7739450541180317,0.8306631201650041,0.9379854731495872,0.9175975329928492,0.9258702970177157,0.8200184038587202,0.6446882830133139,0.8590502264502927,0.7912280754375671,0.8755458945061573,0.22208166436188076,0.824013142816525,0.7027238106496708,0.7610555446320574,0.31532674781368797,0.4370794917396606,0.8492447496999789,0.4984086822105458,0.9113206582053686,0.6162764907631068,0.9122586800575356,0.3596155011471122,0.41824351414111743,0.6630266516848551,0.8797078806421837,0.5610837199930405,0.891739230918786,0.25941866735911995,0.3857354199362359,0.582965627171382,0.7451079852463632,0.7081055546018789,0.921916291266643,0.8049019094510232,0.41108652849926997,0.8510270471067288,0.1553562548564461,0.798219362562345,0.15751334415928772,0.8281792856056726,0.8310852643935449,0.28530030213003904,0.632490003933633,0.6952354678594086,0.8970509402194776,0.7719483811348745,0.9301808255304173,0.8032187398406198,0.8670799387897828,0.9443156733198429,0.9256679533062914,0.7635187662779069,0.9062248805841262,0.7883594180568122,0.60783525473387,0.8649190748162903,0.7582445019999523,0.7660443591841993,0.7083633379705166,0.6974561526155098,0.6889759876435241,0.7465051026270878,0.7766371192448905,0.302345550821178,0.6736745832341341,0.7861845134744149,0.8837578054028036,0.34141823497347373,0.3611022547825673,0.5532843166238727,0.8419764737064587,0.6489105587413455,0.3704601028038353,0.7259392036314664,0.8023051983874676,1.0,0.7799860471476537
XYLD,0.6197776316026976,0.653627615236018,0.5379451383095359,0.6381290912839565,0.6933368221068842,0.6477201777979597,0.699919494689772,0.6630469152351369,0.6125217146074489,0.8569723486636989,0.6782256662808859,0.6986401337582006,0.6225908771254518,0.6177124751502608,0.6195760617992078,0.1639605605107513,0.1380266203853877,0.1157109659633692,0.7377480982836732,0.6534305883391175,0.8185744372619933,0.5926184275110895,0.7948851146417786,0.852970161649295,0.5312837081055433,0.1371999024332681,0.3963057904321917,0.42575469291546464,0.566246763574751,0.560068749099734,0.71882483625331,0.6509014380927243,0.3776709350241842,0.5868306462107408,0.6246548122138961,0.5512166021664515,0.7078378772356518,0.6022264697252045,0.8712304051848323,0.678285551256646,0.6169524435220871,0.6397032595869835,0.38863342437363974,0.6197128100134917,0.5600138551532695,0.45876470573420425,0.6883407368665454,0.5858822578499246,0.6177382897954349,0.6149622543176271,0.6008934094747715,0.6217675481608691,0.4939961094854905,0.4796920009439494,0.49939009270148504,0.7128318995298221,0.6646335229014481,0.7233683062327728,0.670122420318123,0.5832738237251559,0.6817213133605378,0.7214073120202222,0.28853727361559434,0.3171687058685406,0.13061713968974864,0.5728583920235691,0.024278440859224246,0.7259063319363105,0.8720737355427982,0.7543245924918027,0.20464942650168902,0.5971737394373225,0.47374029936251305,0.6675663931722285,0.6790064040470507,0.6236546578543823,0.505622237132936,0.4099792217189111,0.7815167691360688,0.8574435809603487,0.8068324919324844,0.6273479299872282,0.8394142656597611,0.8476576667127665,0.5571084974811651,0.7371859939707013,0.5840862217464828,0.7332863470631196,0.3956786039887871,0.49702392902320275,0.29159664060745943,0.3808389620127436,0.8706379658189953,0.4585439024912212,0.7624015404560008,0.4515253561825394,0.7196893344551181,0.5481838948732511,0.5049907637057629,0.6794700942429495,0.5534684074351697,0.7746578667075128,0.5958168635445713,0.7700175344730762,0.8174115128436289,0.7497377086887912,0.9332683264257389,0.5646439830995096,0.8064952376005482,0.8727471645264286,0.7416879587915899,0.12774158470218178,0.6671418433992693,0.6117630235458689,0.659382428917721,0.22208535270033442,0.3321766961361946,0.6984307973620434,0.45519978111283893,0.879466085875277,0.6210651286860938,0.8738194555885783,0.22137674691209405,0.2827712456115684,0.4218860907859464,0.7697603607103701,0.48294479259847817,0.8282959979549386,0.24976779876032304,0.3811754976997143,0.456125365242995,0.6311648845548391,0.7452107976774256,0.7570051336586735,0.7348719215089924,0.2889721959237255,0.7145277859627394,0.012644240096840181,0.6736147209057155,0.04322839735380025,0.8310817913980781,0.7077959573981635,0.1405008679147652,0.578413969242217,0.5314654107458364,0.8088934628855293,0.755222608104681,0.7936646284191461,0.6546896874023611,0.6957497580073769,0.8492085672760036,0.8720338358462416,0.7870089300879296,0.8262282174337573,0.6156489356057497,0.4691201451276501,0.7117577778005111,0.6704955611938122,0.5849860182418245,0.6458555368588353,0.5312626074078362,0.5586660098864392,0.6907148944871304,0.7139764960546762,0.3948146990786354,0.7279409941406202,0.7583509881570591,0.7886067923779475,0.4496203305919152,0.40352743642010835,0.5765398711590093,0.757416619807861,0.5549451696903014,0.42604166562277884,0.6085428527803525,0.6070788735161421,0.7799860471476537,1.0
