Ticker,ANGL,ARKF,ARKG,ARKK,ARKQ,ARKW,AVDE,AVDV,AVEM,AVUS,AVUV,BBCA,BBJP,BKLN,BLOK,BLV,BND,BNDX,BOTZ,CIBR,DIA,DIV,DIVO,DSI,DVYE,EAGG,EBND,ECH,EEMV,EFAV,EFG,EFV,EIDO,EIS,EMXC,EPOL,ESGD,ESGE,ESGU,EWA,EWD,EWG,EWH,EWI,EWL,EWM,EWN,EWP,EWQ,EWS,EWT,EWU,EWW,EWY,EZA,FDN,FEZ,FNDA,FNDC,FNDE,FNDF,FTCS,GDX,GDXJ,GLDM,GNR,GOVT,GSIE,GSLC,HEFA,HYD,IBB,ICLN,ICVT,IGV,IHI,INDA,IXC,IXN,JEPI,JETS,JMOM,JQUA,KBE,KCE,KIE,KOMP,KSA,LIT,LQD,MCHI,MGC,MLPA,MOAT,OIH,PAVE,PBW,PFFD,PHO,PICK,PKW,QCLN,QQQJ,QQQM,QTEC,QYLD,REM,RSP,RYLD,SCHA,SCHP,SCZ,SDIV,SHYG,SLV,SLVP,SMH,SMIN,SPY,SPYD,SPYX,SUSB,SUSC,TAN,TDIV,THD,TMFC,TUR,UAE,URA,USHY,USMV,VBK,VBR,VCLT,VEA,VGIT,VGK,VGLT,VIG,VIGI,VMBS,VNQ,VNQI,VO,VOE,VOT,VPL,VSGX,VT,VTI,VTV,VUG,VWO,VWOB,VXUS,VYMI,WCLD,XAR,XBI,XHB,XLB,XLC,XLE,XLF,XLI,XLK,XLP,XLU,XLV,XLY,XME,XOP,XRT,XSOE,XT,XYLD
ANGL,1.0,0.6278901330817813,0.5906038279150677,0.6281976265709062,0.6231654589737448,0.6139054544586782,0.6652426141740705,0.6325220971779737,0.5590360065001451,0.7221161043782252,0.5955656507403483,0.6225330448385703,0.5691472498896496,0.6606368063152421,0.507756871239842,0.5710011954833875,0.5949237004809066,0.4844038517834709,0.6671473474723936,0.5659088661489383,0.6728716860373757,0.5764070019120147,0.6313398885135068,0.7187722466086427,0.4903263090153274,0.5912869244617269,0.6232572725418027,0.4107617910162997,0.5379090563756189,0.6120305563856416,0.6781201455238007,0.6105831993832632,0.3737321703253598,0.5487795145703683,0.5584062730079694,0.5210368068790966,0.6730228174923998,0.5471394771322814,0.7319205031911641,0.6455911347770038,0.609670346524261,0.6199905624401771,0.3634645936733843,0.6035573063214188,0.5889127789222882,0.40762176863849464,0.6370680889933455,0.556454311375717,0.609423381167054,0.5694136224713818,0.508427692920159,0.5667762923925725,0.4704174726028419,0.44804947955797597,0.5164048184635723,0.6483951844966388,0.6405028542654685,0.6651675935571554,0.6724429377251014,0.5198555318944108,0.633512466755245,0.6374292537186512,0.345654917908822,0.37162453532978196,0.23865748763502145,0.4926179125556284,0.45579645656155804,0.6805189891595513,0.7314279199972017,0.599823104728077,0.5579199461638619,0.5772009027605244,0.5155046533669969,0.5995977300692049,0.5942189421417766,0.5778451484114485,0.4538611381949691,0.3060170624306164,0.630279203322866,0.654682150947386,0.5206330543999019,0.7020353502022836,0.7297093406273578,0.48581588110706425,0.6542664105075755,0.45517799632878386,0.6598393444141442,0.33870109042656327,0.45455920313415416,0.7094587768225264,0.3586811822169259,0.7130784644028278,0.3605625496122268,0.7337852269467454,0.3150520113426492,0.6150238201395715,0.5450993863973241,0.695557975409946,0.6708171859673673,0.4876048866515911,0.6682804214971043,0.5751094319071756,0.7118617804312499,0.6769346046686446,0.6485937190793994,0.6036050030103914,0.6448873943165269,0.7320778898862248,0.6026146434926973,0.6895980949651451,0.4914564574028412,0.6795119948352392,0.6174831639364688,0.9484357797792451,0.2541872808440683,0.34936551165989976,0.5630789451703453,0.3971955866581014,0.7276697981157235,0.5875298991880114,0.7238613278879372,0.6460236671367524,0.7004221987719962,0.4686017966105228,0.6481943723541632,0.45550703211987204,0.6853522787934619,0.19460092728353706,0.29979369422305957,0.3993654244615473,0.9579111975493022,0.6490981979658591,0.7179911407305254,0.6643371130969613,0.6728451897096804,0.6778475929266118,0.47829606740374714,0.6538429647923584,0.4449636693456605,0.701788267266872,0.6781004428147329,0.5757411264654265,0.6535473981008072,0.6163524501757504,0.745447934296816,0.6757228128242126,0.7266589134956423,0.6115938941969197,0.6637430591013653,0.7445717444159387,0.7377362808764694,0.6523831144240911,0.690972500602107,0.5538249857652835,0.7914603957470386,0.6701600219814727,0.6295188382302337,0.576290750487345,0.5641776819461997,0.5507205204552992,0.6426396789510993,0.6124905232479262,0.6279535449866187,0.28210428910936625,0.5623106261754752,0.6364825596471275,0.6285032657206971,0.40490327151267824,0.42965183432450066,0.4988267238729129,0.6764523824492006,0.4660724760632516,0.31103919476590236,0.5524506936610927,0.5532090491014144,0.7269332082743318,0.6170522722419386
ARKF,0.6278901330817813,1.0,0.7750724218229811,0.9449762358827307,0.8414008933698223,0.9707352655250606,0.6155774710425683,0.583277077551062,0.6114952186072683,0.7454127379826211,0.5830533725785454,0.6340771880356789,0.5408865432942159,0.55201936474531,0.7961012658474145,0.21439184404274647,0.21378647756265023,0.18554631757391854,0.7811575862859698,0.7600367257780961,0.6272315837967813,0.39761926441405926,0.5487526778902763,0.7665725052827707,0.45245353705277197,0.2168511141560759,0.4452403872693661,0.3826150753687101,0.5634385538002585,0.49631251694706546,0.6803406140796797,0.5146667625002109,0.3502595819957966,0.6446231495602434,0.5806583190093543,0.47781449765866213,0.6270870599028371,0.619325598444619,0.7784234994550503,0.5866267607219566,0.5950711696399403,0.5906419226098837,0.380062705194658,0.5320922738691348,0.5013813188280067,0.39651712234225084,0.6654277504229272,0.48071231039035245,0.5506224702584039,0.5937704374596177,0.5441426174772828,0.4764390607161836,0.4142295582895063,0.47613748740330986,0.48230966444320916,0.8862084392596736,0.6031243513187702,0.6660872217138576,0.6199525730725012,0.5289203977668407,0.5593933673056828,0.5026343843809805,0.2720668165160613,0.31618154486047223,0.13103051423744305,0.4217957661306427,0.10299652174758658,0.6357863613126428,0.7673778392175876,0.6110022406367023,0.23597573184790457,0.6166882066187689,0.5660797290853546,0.7946779198337784,0.823757173661769,0.5716744761651293,0.4709750582133311,0.21700101274789546,0.7295565514817475,0.5509430363729674,0.5807149521069904,0.7821174191108264,0.7343220328883666,0.49697614466100215,0.7450654048698311,0.408902426716864,0.8399092517712531,0.3378980519926845,0.5492015098532133,0.34183983923572037,0.47403794015536355,0.7672409832301148,0.3021979247545822,0.718292779987291,0.26314376136794587,0.5753799562378156,0.7143131631509172,0.5226723451248549,0.5871772551924529,0.4615541747930319,0.6388749795193308,0.712733273388571,0.850985465865544,0.797860645225321,0.8043989122880573,0.7072839146823439,0.5222628329862857,0.6835629985130924,0.6827674851503277,0.7523440088869452,0.16774671010209363,0.6426258465601365,0.546553789937585,0.6572270498465881,0.23067545505371145,0.32470314059506,0.6577703646128215,0.40974262391549315,0.7582205018780926,0.42305156826374,0.7639961678310084,0.28576215633648555,0.32667681712973656,0.549678425501102,0.6805942646188878,0.40025364508957967,0.7996871601084283,0.19865218560735518,0.32254799623634,0.5036399186619213,0.6497501576863774,0.5459181551601259,0.8503316325314939,0.6407110326717816,0.3230923830659959,0.6406609200812249,0.10821008588858812,0.6013236368246258,0.10383710096629944,0.6238668834517227,0.655904608529732,0.21219548063770377,0.4989772495979097,0.5450169838084721,0.7759543388781605,0.5833392512393656,0.8567972546154908,0.5844454638726391,0.670078435791609,0.7751641472459518,0.7898512623960766,0.5403118306132079,0.8191826859503383,0.6274596793410889,0.5102634450673593,0.6618623217078152,0.5470859405314816,0.8479327683401022,0.6056813131426075,0.6518537399448137,0.551589348504433,0.5270917791148714,0.7292743392955952,0.19844572216652495,0.557330957628803,0.5716354395141072,0.7277501118401141,0.20080397521288282,0.20779332334100592,0.3729889028526541,0.783103577387871,0.4784469023677155,0.28443830973846174,0.6104152650728735,0.6339619228014798,0.8277446420408233,0.6401964531901411
ARKG,0.5906038279150677,0.7750724218229811,1.0,0.8779565129138291,0.7601671456011925,0.7761187137824745,0.5520833253373867,0.5213805390620059,0.5520879220371818,0.6537831943018192,0.5657362733355252,0.543590519345026,0.5000362335409662,0.45191849872958323,0.6496792933501716,0.2725204528639875,0.27463863787206183,0.2321963773822221,0.6898751285329577,0.6301124827066302,0.5582788345416931,0.4074985966969955,0.47401254981964397,0.6455459965801124,0.40715984751546824,0.27476829057386354,0.4257378504820196,0.37137100355076363,0.5158886372417898,0.46164475517610376,0.6180839236120155,0.46487192650317394,0.3301348609552885,0.5506097268270663,0.5286505131000844,0.4103020076328945,0.5666929050305972,0.559205915985992,0.6573428308616124,0.5248327583798671,0.5291826989749661,0.5039625072445909,0.35107719971810036,0.45932813366347774,0.4983168651779926,0.3328788619200596,0.5748272435108551,0.42836578628952193,0.49461899855869157,0.5030079923053141,0.49651849698324835,0.4248582308954751,0.37212533145428944,0.448057749810371,0.45571145912202693,0.707851861484811,0.5241289973218268,0.652282602865206,0.5667300606331818,0.4726158803108126,0.5091867730135424,0.4563023454000149,0.3015967850845702,0.3273910826537982,0.17090147841562583,0.3909442659450461,0.16887876101239888,0.5665531400510714,0.6495586806394271,0.5341579981494016,0.26046501787686593,0.8028110776061183,0.5896032081868064,0.7155730610315286,0.644698420888878,0.5654908917978427,0.3995811621470576,0.1713169187384289,0.6016950891887803,0.4900516327690477,0.5366223731882782,0.6728025425308327,0.6392663347876018,0.4559594052879303,0.6274123562121732,0.32810666282765166,0.795757953237791,0.2827257065920636,0.5282372710651897,0.37723733334354187,0.4147330692050534,0.6347976185641494,0.25723625836515,0.6674976635114466,0.25195308181900733,0.5419776434618286,0.727945283826982,0.49233708951976746,0.5753013804692229,0.4286299784157916,0.5673955219168099,0.7092060944942746,0.7973666619747031,0.6545339189964374,0.6799690858364548,0.5855366593085779,0.5290640362186134,0.6317381603122285,0.6400003785224572,0.7513755290755064,0.19884063198134694,0.5820986506964677,0.5153094247192751,0.5996308718919637,0.22536115135223017,0.3365728620879615,0.5680795724974317,0.34705264096171673,0.6384725312208207,0.41969425354545914,0.6424424236596853,0.31749211863107163,0.36595064760232376,0.5845699563340131,0.5933234281351666,0.3848848524725174,0.6388011289712,0.13927397338792472,0.2900784634584857,0.43645106557477165,0.5976412588423493,0.489344409185971,0.8191051610583813,0.6219700814027367,0.3627191741118107,0.5797904833706531,0.17998638602329264,0.5392795159368017,0.17353927093387095,0.55126266994264,0.6001797252072913,0.26493580855915383,0.49591584101724284,0.515396387858019,0.6981210707496066,0.5473074901471225,0.7518480357593552,0.5429526653321527,0.6072148283427206,0.6732168179162932,0.6794871974360709,0.5089373471073015,0.6598882615708922,0.5534068706017068,0.4768084458104154,0.5968060187725007,0.48989054657877473,0.7085863458557895,0.5746397305960319,0.8393989303286673,0.5628097063275047,0.4993728528140092,0.5748032914148116,0.16243762272085924,0.4498108053610631,0.5218294397788878,0.5972418276492334,0.1708388081767029,0.2288307004876786,0.47837945714507046,0.651539982427241,0.46882506703679044,0.24900940276266056,0.5708455955307957,0.5659803624124471,0.7591091596106339,0.5223871410709398
ARKK,0.6281976265709062,0.9449762358827307,0.8779565129138291,1.0,0.8876046029970066,0.9660171302173491,0.5906822671744487,0.560402976239165,0.609158356015452,0.7348637394769367,0.5876427810139079,0.5982193586874918,0.5385994872232188,0.5216663652471363,0.7811499566480874,0.23282170650069997,0.23008195091817646,0.19992575500256732,0.7770787475665918,0.7357478498527328,0.6066080529355763,0.39475441032327646,0.5188976696849058,0.7523746919638139,0.4332793517771527,0.23354120476901052,0.42200416170473565,0.38420976567768494,0.5580110692152225,0.4630361658446329,0.6626036141532742,0.48753885112435263,0.3382688603324844,0.6270976143294257,0.5837899283355629,0.4457859416550226,0.6028206505032451,0.616610657113825,0.7602952912199155,0.567941221352398,0.5660596810716995,0.5534901440655631,0.372287989595434,0.5016175302042287,0.48223639238853455,0.3698588995053257,0.6404229231035228,0.4574675144924848,0.5194098456794807,0.5691014054927714,0.5576262645928316,0.4456245883063676,0.40437286613399887,0.49545248389722396,0.472132790575202,0.8482880704001613,0.5702847299461234,0.6750333079400654,0.5989771799908495,0.5141156197380796,0.5419902740150223,0.4676011385555283,0.2788381799811732,0.31531020832912615,0.14180860094071737,0.4087704978343819,0.11948001249828297,0.6090205665721615,0.7472632265649793,0.5897566981637681,0.24426650148058313,0.6875390460704878,0.6089439374449793,0.8086147250936734,0.7786301060038093,0.5545506762291318,0.4369538073173905,0.19770216072004815,0.7241779007538963,0.5244193340547025,0.5768637964294397,0.7708985242811497,0.7131124167324706,0.4876595945963693,0.7118046820703224,0.3598201518430998,0.866547282051798,0.31943511639065814,0.5760952983210272,0.3561311497711332,0.4590931902809756,0.7494944536463758,0.28764482927463997,0.7028556273448106,0.26803105365783386,0.5768416181566369,0.7692436329334693,0.5197844520682917,0.5745449080437147,0.45860830414129145,0.6163058094084369,0.777315970205202,0.8598142960498818,0.792597499508243,0.7999786307841154,0.6969227127582915,0.5265524643775751,0.6688886892049046,0.684638263296457,0.7767399960929205,0.17482883259952586,0.6175506706634081,0.5316494102439627,0.6497550966022796,0.23075588360364155,0.3276334722102975,0.6691754149480813,0.38255132323921054,0.7414967816320581,0.411849734969575,0.7464900761730603,0.2905350545485081,0.3415487203501593,0.5938662921153625,0.6821601508197427,0.40279490937043894,0.7778300235151983,0.17172063006717467,0.31949362175037016,0.4923037568318381,0.6408017938016781,0.5120141075819642,0.8696092377568191,0.64075375875085,0.3409717539135162,0.6211561531171129,0.1241882256732571,0.570731706854648,0.12202994068360629,0.5999497128275252,0.6260953489015232,0.225070029481568,0.4867071821083109,0.523071066692907,0.7610387131524073,0.5678975905731615,0.8447967276519872,0.586593708706458,0.6535337791598225,0.7579261161767723,0.7774108175908692,0.5278428958000808,0.8001206465112023,0.6114090824203086,0.4933126487326007,0.6435947499210238,0.5211085267703739,0.813762491104995,0.6239092439987396,0.7333279681572447,0.5501840068039289,0.51140278061328,0.6907219234426609,0.18478815247238803,0.5103727869256123,0.5659470805683193,0.7225476642134867,0.16765993382987682,0.20705972015436702,0.38161595549713384,0.7907029353847147,0.4880585458554719,0.2775968479798105,0.6167167013239535,0.6270588738593721,0.8304328477963596,0.6171819971212819
ARKQ,0.6231654589737448,0.8414008933698223,0.7601671456011925,0.8876046029970066,1.0,0.8681165769152974,0.6778014383412466,0.6528582036298043,0.6958070134867349,0.8041951504867835,0.6616895219748639,0.6672982617280342,0.6223834997584909,0.5345331836434892,0.7663129780325808,0.19433132791261934,0.19129137295742282,0.17492351354288738,0.844662993348804,0.7174526273680413,0.6779454450459548,0.4437690519913016,0.6054606281002547,0.8149325186909406,0.508576341745516,0.19653359254935315,0.43538121656111795,0.4453525090557163,0.634751261215182,0.49312771607500866,0.7285328102360107,0.572243515939957,0.37142185605620126,0.6645753412289088,0.6864727175592261,0.5079357490422166,0.6787194136022553,0.6939553086784565,0.8139841705957634,0.6397779351443215,0.6239816933822007,0.6133532597296204,0.42040020958384977,0.5671034304653266,0.5109071507781585,0.4245137863940403,0.7165031644063825,0.5052419883165681,0.5774130620611092,0.5962046792341921,0.6597940898316785,0.5226253978067982,0.4713978566706883,0.5786805406923382,0.5400740244876578,0.7878589878864563,0.6384645129701904,0.734968104755005,0.6776229073219987,0.5999963521548507,0.6380060901121374,0.505374495052597,0.33434499010319363,0.37232372972435207,0.20029184337650785,0.512540838945954,0.07824781053244496,0.6820705301142973,0.7991295758120556,0.6766299370346016,0.2288924577079472,0.6186544621313109,0.6547215362962434,0.8415241601859588,0.7379341407878621,0.5250338487376047,0.47173365620997504,0.28650464056210123,0.8016100521250918,0.5866444755474747,0.6027412152347114,0.836558314819546,0.7650415182323322,0.5337203368628988,0.7241050845369754,0.3978640992336115,0.9195329292094636,0.36678341864760444,0.6302926994551888,0.3272944705068543,0.4788118117477688,0.8053259892393902,0.3465471953050299,0.7063481189677526,0.37461812505222725,0.6940100455990823,0.8212467239097184,0.5329610972734901,0.6125456719143202,0.5702110658758974,0.664934459589684,0.8315608927460002,0.8652105139307209,0.8348813867972283,0.8324990820205851,0.7420687765084276,0.5551381137221224,0.7182237647914373,0.7378602283941613,0.8245963932517041,0.16795634875495577,0.6836885863228741,0.5853641306428471,0.6501786895242602,0.2880628660072293,0.38339409903887106,0.7724011851123717,0.413992943688494,0.8022710526126055,0.4585463003903102,0.8015098108323393,0.26828841812822246,0.309626238665455,0.6213069193299917,0.7747246669388905,0.46527883090309463,0.8043934086611145,0.21699576877077711,0.3718139479430352,0.6012942913049186,0.6345747043140242,0.5378061984822686,0.8861244318416932,0.7043294019327848,0.30963609596910857,0.7047671502461172,0.08300014151413879,0.6371066265252663,0.07677082876120953,0.6700886826575162,0.6739461260231767,0.19628705091243856,0.48485618662445207,0.5496920352697203,0.7940010226808434,0.6314511336957683,0.8526385992131073,0.6814725769226843,0.7318600870728336,0.8260889746605844,0.8301163970654667,0.612999447074015,0.8258974588600115,0.6829841392803518,0.48719006709689766,0.7282041186693375,0.6095145704717363,0.7091805159200683,0.7747788757456301,0.6486798682152082,0.5741713351464058,0.5863692041705997,0.6596008973030012,0.26592563195619773,0.5581699972962293,0.6853075253098789,0.7955814859642266,0.18586964488457403,0.25432954217926595,0.3649105748557326,0.8023507196154332,0.6090826464250698,0.34332486224630204,0.6074759770008802,0.7029927125989517,0.8620697606868919,0.6777406694148953
ARKW,0.6139054544586782,0.9707352655250606,0.7761187137824745,0.9660171302173491,0.8681165769152974,1.0,0.5876754211197319,0.5588555259310855,0.6049681032481581,0.7361249181814684,0.5672875551569134,0.6028825056188151,0.5251862607860297,0.5402063296637133,0.8140075190420635,0.20044894719170978,0.19950014659819723,0.17705585238693275,0.7823065103384486,0.7682627943827034,0.6015371489479124,0.37513723646093206,0.5177064236299596,0.7674588882229282,0.4278346745240704,0.20218463498808867,0.40977583572729,0.3752911562762292,0.5528479319387508,0.4571154346473691,0.6576023274501347,0.48086067113371694,0.34176401915105215,0.6351175730246841,0.5803712510129831,0.450095818968053,0.5974845624819007,0.6118224914417342,0.7733026025887125,0.5648326010768385,0.566769731101241,0.5585387602734619,0.3599312704609582,0.5037744765108871,0.46474768034927133,0.3816385597397175,0.6474933802517858,0.45383051490975196,0.5170515322713194,0.5706788073160711,0.5600608419440611,0.44343210594063664,0.40060295551839065,0.4843016829173066,0.45477894450827655,0.8805772140409261,0.5736425385382109,0.6520420448891889,0.5936244103946627,0.5104852691609204,0.534920598385969,0.4612869160725416,0.26450007555841554,0.30752987869559034,0.12980121928927615,0.40313599137900197,0.08738115918126484,0.6042250830926896,0.7589513740214667,0.5870629022290381,0.22706854833145124,0.6069093970349605,0.5819905884752801,0.8108572743914411,0.8169157989572093,0.5415317955974294,0.44497731767406784,0.2060629443250063,0.7457000358608219,0.5229548972888822,0.5606927323157536,0.780914294272127,0.7209332990253442,0.47015470371805984,0.7148215633869889,0.367266219262173,0.8501417439543217,0.3233658455769062,0.5567857809553665,0.32798001420408546,0.4554841932857446,0.7667179313798944,0.2965529587435123,0.6950507537924333,0.2609701708255304,0.5615391035930859,0.7351726107209521,0.5129379625295932,0.555243932907791,0.4493593822604978,0.6096286825335526,0.7447835013346072,0.8483647120859501,0.8138525546202272,0.8177695168157667,0.7139516936737864,0.5020584463758263,0.6586144931587662,0.6737419388809607,0.7477965681908177,0.15979346298375113,0.614377745678038,0.5172846581098554,0.6439571568531223,0.22918721691025606,0.3200324446924293,0.6804284762906309,0.3840386122917341,0.7532305443251555,0.3938454973883249,0.7588118617557048,0.2717792735799972,0.31309720986439293,0.5603033858230627,0.6908138117362789,0.3936623171761183,0.8058341360583807,0.1928289704578363,0.31193696495819756,0.4918809325331931,0.6350664828751226,0.5151748811260078,0.8482237763208922,0.6190438133890603,0.31051431531504053,0.6157173836489964,0.09520074389978876,0.5691914042542172,0.08939865596015817,0.6000675470308332,0.6195330953171249,0.19736630854526166,0.4732089100469947,0.5088610753533338,0.7585123591666836,0.5560480330500113,0.8499303586669303,0.5740712369517735,0.649672125938664,0.7626576046697339,0.7851677729333824,0.5141251210208498,0.8267151377085492,0.6115657153575075,0.4850149636077488,0.6391366267092833,0.5160690982298709,0.839128059304965,0.6032730271603199,0.6518524808769061,0.5244952503534951,0.49778304269755336,0.7153713480531235,0.18946070407732896,0.5161984768141298,0.553014265481482,0.7460194180915378,0.1666380474403438,0.19281404777224065,0.33969342581130685,0.7948778740354331,0.47445895722564213,0.28169824279461764,0.6040272775754996,0.6251710740068844,0.8250090595512616,0.6332560617865365
AVDE,0.6652426141740705,0.6155774710425683,0.5520833253373867,0.5906822671744487,0.6778014383412466,0.5876754211197319,1.0,0.9676100499799911,0.7970157086507513,0.8142923526104183,0.7137472451831238,0.8545837842737554,0.8372924485364948,0.6015491399966632,0.5926670825880033,0.22951831880331067,0.2511323165468302,0.20473953711170875,0.7937640092026436,0.5470418934895479,0.7697019210074879,0.6394438849830816,0.7535309674222519,0.771377048804833,0.7363761468906797,0.25117661007116004,0.6908468931904391,0.5849626810969732,0.7708576704588455,0.8723647562775725,0.9395274846008725,0.9651044919552098,0.49799983623383803,0.6449962762194004,0.7935959150731182,0.7607823871555149,0.9838909673640414,0.7758132649830327,0.7863033832432292,0.879749980189121,0.8849127515483712,0.9060021469621781,0.572264445638084,0.893928267212567,0.8193025882529403,0.5752323752607168,0.8749020195202243,0.8423792713142128,0.905384350194975,0.7579808390895525,0.6995451939188336,0.901315293917586,0.6562514761365378,0.6411394586560523,0.7290732294565129,0.6085651555154805,0.9303762513834398,0.7593942995259396,0.9690758115791263,0.7917859879962251,0.974887212812955,0.6635227239536848,0.5274585931681479,0.5585242370341484,0.3611765863821174,0.7876959821881213,0.13241533429963076,0.9836785098404928,0.7802858566755351,0.8793729839637504,0.30632226180194905,0.5668211891776069,0.6010832699674037,0.666613543834732,0.5439130774145616,0.5656633155916231,0.6220166604335952,0.4835541494679428,0.7057633542076553,0.7062573292827766,0.635572984105994,0.7641898442014669,0.778899362306586,0.5937856604981369,0.731357042067842,0.5566790053154467,0.7382350882729278,0.4504271069640228,0.6218980378653616,0.377378975504104,0.5210125678577928,0.7675669424861777,0.45776918677635786,0.739973716835907,0.49094360800674514,0.7394648188644787,0.600962911194426,0.5773875613025767,0.6895776011483759,0.7896442823841519,0.7458933676162535,0.6256014179790124,0.7474690829738939,0.699912661120346,0.6740540900627571,0.6594052639108958,0.6479773730103257,0.8011809973117633,0.7041261483102503,0.7656784510784307,0.22381640491824525,0.9677394103526828,0.7992907380496721,0.6936805091670701,0.4346160977481345,0.5419377222086054,0.6505895488871213,0.5326687690790541,0.7854958539581919,0.6718014580446957,0.7786108373103509,0.3623323962412474,0.36138823967134326,0.5207200591250337,0.7169765166301366,0.6146525553609766,0.6991812002903189,0.2827438530318847,0.3970998204674907,0.585877103218331,0.6758265213071311,0.6586665423433993,0.7472755014837188,0.7634248290088903,0.34567523382448784,0.9855093460757567,0.15071177106343275,0.9626805134398566,0.10405752282320746,0.7655689630189508,0.9281528782040597,0.2832323053928613,0.6122334855430155,0.8269562337309762,0.7987037762163763,0.7717453735641397,0.741428962746951,0.8885166928827646,0.948937723392618,0.8998475733371982,0.7959224958054539,0.7751029358789822,0.7008381866242339,0.7829648296108322,0.5947655450003418,0.9677596470702082,0.9647377339119693,0.4853112706103151,0.6493371592472302,0.5173950128269771,0.6373843548653473,0.7841223840594408,0.6200892605783221,0.4146492416857699,0.6929437158643346,0.749072455732024,0.6717978782555084,0.42201338681276773,0.4018075620296702,0.5196506430594037,0.6791479106449043,0.6781783734070648,0.4127353295736461,0.5467906209738264,0.7734894130085899,0.8190353993782864,0.6952587205530206
AVDV,0.6325220971779737,0.583277077551062,0.5213805390620059,0.560402976239165,0.6528582036298043,0.5588555259310855,0.9676100499799911,1.0,0.7779321468564753,0.7784254004841042,0.7085294514651864,0.8397799371752566,0.8262264093638357,0.5758308996276826,0.5753847061318387,0.20450249571494172,0.23023914208627397,0.18827183240614198,0.7626668354706233,0.5187393466286121,0.7222898597192043,0.6306277385617994,0.71457104514219,0.7233354409615357,0.7333316488398142,0.23268364578336528,0.6707629448316171,0.587940204100526,0.7492122614503083,0.8115942588140412,0.875548506266603,0.9279119582440037,0.49668885614378816,0.6320170055551767,0.7764056442950062,0.7300157685818877,0.9310133168535096,0.7524280269280816,0.7392958954322147,0.848586122883758,0.841214580754015,0.8434098867927546,0.545621999181215,0.8364576864929733,0.745475078098962,0.5668076560479789,0.81505086365207,0.7892834001271496,0.8330277872015388,0.7259329538283502,0.6821513559628307,0.8540020302112578,0.6394406818480474,0.6254609827429605,0.7268569312632426,0.5703317292946677,0.858970075455674,0.7416473331695793,0.9652074360457396,0.7781491479600691,0.947834335818628,0.6079581607338747,0.5671847285451549,0.6017662189753181,0.41307080324358664,0.8078334236967387,0.11918278166005189,0.934293821022578,0.7310389625613136,0.8194012511343461,0.2835652294509689,0.516714885832526,0.5905758476680956,0.6427834214201894,0.5068364589496818,0.5163514006447157,0.5965623984650397,0.5133471659802225,0.6612180164933983,0.6544646310629243,0.6109236436144032,0.7198883860261044,0.7264665898310207,0.5802411384593219,0.7012079230926656,0.5235582136133441,0.713785327608558,0.45319122776767473,0.6178137734062892,0.34659065621126967,0.4991603122261288,0.7191788258714614,0.4765667654180532,0.6965015644799616,0.525810637470739,0.7183295650932143,0.5944297568390471,0.5519575363915369,0.6408745574588806,0.8051856762852894,0.7146256137946554,0.6106807393999469,0.705984383891386,0.6529297945768625,0.6307958699938941,0.6204850068975153,0.6309952010378731,0.762392736627194,0.6789875256211303,0.7428960952672728,0.22527831990324848,0.9607607130242508,0.7942789031687391,0.6553351227530795,0.47448908490488834,0.585248726318375,0.6117132025957958,0.5206221803411472,0.7385690805097057,0.6557215336437839,0.7300559686289416,0.33981729183681114,0.332129461894183,0.5181344210449216,0.6763090517959773,0.6078328944368089,0.649725505844589,0.2756699115852439,0.3917281952524386,0.5972371347848455,0.6395052389860991,0.604902994948038,0.7154387913305426,0.743580409055357,0.31487408388818067,0.944677607679438,0.13822220932106638,0.9001317570524061,0.08658169350600826,0.7132075314590728,0.8682923738024174,0.26583716645958727,0.5853129104830352,0.8086929124726621,0.7607383596407926,0.7450906751174042,0.6995340074476261,0.8745597264745795,0.9090899783460736,0.8551928669109972,0.7519947558777512,0.738813330655598,0.6530452505414641,0.7626260985600748,0.5608120805659018,0.9306831674854726,0.9337778185815735,0.45608635988180113,0.6412697972534827,0.48614464725210843,0.6011015651510928,0.7664240512759043,0.5833547439037278,0.448786079714653,0.6582613093846548,0.716089838606294,0.6267348604866639,0.3743492096929322,0.37842422251355745,0.45844223876221946,0.638178872581783,0.704815274023529,0.4520820026569256,0.522806637788489,0.7491641819098629,0.7753928438948817,0.6573848304845279
AVEM,0.5590360065001451,0.6114952186072683,0.5520879220371818,0.609158356015452,0.6958070134867349,0.6049681032481581,0.7970157086507513,0.7779321468564753,1.0,0.6945260495851008,0.5574394415931413,0.6777335430812683,0.6936273838523979,0.5090421262843915,0.5920083711613299,0.19084419243575032,0.20516041688572478,0.17550633209918656,0.7467817441513442,0.5107460703381136,0.5971856232790014,0.4249985015062735,0.5528895094931077,0.6899599747958998,0.8060377418498668,0.2080511901786035,0.6506327342953683,0.5632147679522891,0.9388603103193813,0.6205353577923965,0.8009000415183006,0.732824309919241,0.48173510086237165,0.600316926525643,0.9343208663819826,0.6428886916705041,0.7958212148034143,0.9830503522178019,0.6910212496824752,0.7393500852966567,0.6957034395234284,0.7008599510116458,0.6881428550014944,0.6707097421193234,0.5968273638951436,0.5689094028834245,0.7896987276527718,0.6244697145997214,0.6943466598091615,0.6949476298423405,0.8443468856522578,0.6734572873211241,0.6024944191412117,0.8310293062225852,0.7548317322372415,0.5861344282323493,0.7457804768926558,0.6208296580355848,0.8100827333497863,0.9182262162533402,0.8053761855988819,0.43665141257326434,0.4868198562280554,0.5168051479853977,0.34955791571797196,0.6529803846312847,0.11490901471449479,0.7817426098927704,0.675574675891818,0.7244682695328617,0.2653118801629018,0.5132419506694963,0.6285092523765413,0.7266021264737444,0.5184997028994881,0.4143357602104552,0.6246278639093654,0.3347843390812195,0.7432851994415023,0.5275442548069423,0.5362322995373773,0.7107808160732096,0.6677349651095406,0.41447932511175,0.5811201476494573,0.309385624058106,0.7305105636545662,0.434245693624778,0.7005659238122935,0.3124749843166868,0.7532722152168077,0.6845870290770557,0.3234975402224981,0.5879808202344136,0.37971679274515274,0.6006928748052143,0.6419515344749173,0.46919080262381074,0.5119457822125638,0.7529573920669304,0.5559047755222374,0.6759049801044112,0.7241240976690558,0.6986292807338678,0.7122910332574708,0.6412474321757464,0.4973698355359513,0.6250140442234684,0.6123867629083635,0.6769547010260303,0.15293471194975528,0.7748256037340587,0.7352093721842096,0.5756967881641997,0.4288727426284357,0.506998357590754,0.7172242989910291,0.5472388010152437,0.6858011207283898,0.43488283963321284,0.6785248345583754,0.2852372150916775,0.2997685054956698,0.5871718519253547,0.6985325504284103,0.6537795652814511,0.6434169203599732,0.2592329174775844,0.4225582728024778,0.5743808015454713,0.559071972986549,0.4673887783180112,0.6962017997664376,0.5973781352508053,0.29079431214875295,0.8368982481900897,0.1129283032252106,0.7510263260113386,0.08916499716890819,0.5905129321033075,0.7565319093452926,0.2245129644589461,0.426943499998475,0.7098764455588823,0.6645910735761121,0.564056181659652,0.6841737352969243,0.8513229083164129,0.9124273942663158,0.8114221918392875,0.6984785661633072,0.5744335242976096,0.6675521982714832,0.9633793442106842,0.5081998228904943,0.9075527266637224,0.8015103284833728,0.46252337089363027,0.546801835449959,0.4946263891265348,0.5073815195153262,0.6093619387442099,0.5204846795793876,0.2773993231784736,0.46707010495522056,0.5871137789135098,0.6930657758000817,0.21490968580478562,0.24860348170351193,0.33018748368423034,0.5949144894436014,0.6079181222214349,0.3069818521764845,0.4373528632999527,0.97924540034796,0.7922391988624172,0.5987577020395562
AVUS,0.7221161043782252,0.7454127379826211,0.6537831943018192,0.7348637394769367,0.8041951504867835,0.7361249181814684,0.8142923526104183,0.7784254004841042,0.6945260495851008,1.0,0.8725320651779953,0.8204544568352969,0.7082162387474044,0.658369161028063,0.6864529985981019,0.1826962896993802,0.17590575960517527,0.14820062482127971,0.8387580481908471,0.7149860076417839,0.9258587835101921,0.7073496727016896,0.8826495313262953,0.9522013638977745,0.5895384493994643,0.17651278886516364,0.4767401535185593,0.5029894034074255,0.6411246310951556,0.633205145777071,0.8091111659043871,0.7525924919633898,0.4343089394567839,0.6924949156858401,0.7153290824616293,0.6102699414336,0.8096190145903902,0.6776078809243364,0.9715957176483431,0.7748442445471192,0.7252342337097438,0.726451278215,0.4531496609333375,0.7143305752997194,0.6338354263719372,0.49247903070079396,0.7866960190560277,0.6500416721552581,0.7190572179189438,0.6587551980368375,0.6723111674578318,0.7010752828058149,0.5599810865586016,0.5647933493647623,0.5696634501610223,0.7964616947533609,0.7705078329532699,0.9133330417922405,0.7950331838178768,0.6579628800315743,0.7934158151043493,0.7997302782476318,0.3294339976235958,0.36561436365231914,0.1499303295517598,0.6979441753495331,0.03962811255739852,0.8207877030230827,0.9719039932972813,0.831687362103838,0.25069627991969734,0.6492899481711664,0.5818190239185217,0.7662697666612966,0.7317545819934348,0.6648108691129009,0.5709598882213979,0.5072197328090752,0.8457422718446076,0.8587989547523043,0.7132103179738152,0.9399371723056952,0.957348997726526,0.7495763574407798,0.8841976170499091,0.6822797409580789,0.8615221259670626,0.43823678136176614,0.5783342025314941,0.3436599356211694,0.41084365953148666,0.9550656180393863,0.5367060862357047,0.8900885842146367,0.5567427127372484,0.8900065768687342,0.6816674075563953,0.6201263216591645,0.8241062306675405,0.6685447343265185,0.9176390091688066,0.7231345910862657,0.8882223329985657,0.8828003493427334,0.8381564621729978,0.8227508319966943,0.7033656631274955,0.9538432267964636,0.8533870196878187,0.9277517975631211,0.17348616409941747,0.7867827345713848,0.7149828861813202,0.7606034038143935,0.26552785341631147,0.3735692176060298,0.778370990080428,0.49488474912094943,0.9720060578932525,0.7604713160803935,0.964329390573979,0.28012675462343023,0.3269852974114522,0.5348218713727211,0.8755165725070034,0.5068926814915143,0.8899465459202063,0.2526828226646334,0.40059026478504123,0.5460730101252359,0.7386308396608684,0.801900724615319,0.9110853098381391,0.91764698508229,0.3265490387843266,0.825118007371986,0.0465304928506628,0.7746102972058164,0.04151675063612954,0.9284706296906698,0.791053193064474,0.19103164423587932,0.6745508599689836,0.6422348600095628,0.9587597565512476,0.9017649499372125,0.9130561695107458,0.7557668266157153,0.8023444094154256,0.962823587322785,0.9820237931036683,0.9070574675491125,0.8913751665214955,0.68012623319263,0.5524681109979407,0.8178400893874713,0.7750441626990519,0.6569319972364615,0.7573124627207457,0.6096548452433262,0.7496576013284095,0.8239415924048309,0.780730569671533,0.49480140474619844,0.8329612110226114,0.8927538971910635,0.8507044969357795,0.4625525089960526,0.43311963712289975,0.597450733985689,0.8547151227130221,0.6925204487311595,0.5268531849700058,0.7099592733129856,0.6832995138283621,0.8957265364175855,0.8486353135601444
AVUV,0.5955656507403483,0.5830533725785454,0.5657362733355252,0.5876427810139079,0.6616895219748639,0.5672875551569134,0.7137472451831238,0.7085294514651864,0.5574394415931413,0.8725320651779953,1.0,0.7568263929959923,0.5937823823869185,0.5628649836538665,0.5741122037610611,0.10741531151839548,0.106738193608201,0.07953799835592314,0.6608073454993099,0.5327171413705529,0.7972674426427658,0.7809120317886089,0.7595809609930504,0.7280099005124874,0.52770577381785,0.11047645405368754,0.3919440158380171,0.4699971252566753,0.5029395348459701,0.5295865453849303,0.63376568156423,0.6970795699784582,0.36348652635018824,0.5479012973748102,0.5669779329415854,0.5266195033264041,0.6830004145713299,0.5377902626099047,0.752638098288563,0.6811294614156201,0.6162671708269813,0.6039356630361776,0.39489288192895206,0.6254159996897981,0.5149915769917136,0.39872844893987147,0.6183679329648395,0.570613479151714,0.6199954445437781,0.5560645186694494,0.5197068387198949,0.6447422806746419,0.4956925580377142,0.42176557547333093,0.48997882866351633,0.5745146347443938,0.6433807451643306,0.9679277225848545,0.704300960042964,0.5672508048946189,0.719858340088846,0.6740476433741884,0.2704154180861229,0.3096423821812148,0.10825425445071334,0.7206720816228497,-0.006462726049713964,0.69663216984443,0.7569081132973839,0.7042258950777944,0.19296161011481822,0.5292681710800207,0.4790106427488422,0.618329448684127,0.5102124461325275,0.5062378532951728,0.46421024299309943,0.610254269579039,0.5782865056070307,0.6898107146157364,0.7139368614659471,0.727383362251967,0.7620549667690112,0.8786918104990152,0.8270057297575667,0.7026981525899043,0.76685417101527,0.3979105056326832,0.5018068319298734,0.24884205928688333,0.33702786662252454,0.7124712641667906,0.6138758333472882,0.7776978129504528,0.6875635661200853,0.8724392586275226,0.6295998866606716,0.5506003896125566,0.7625466117770296,0.6384803931019902,0.8829748064635594,0.626137147234117,0.7285241994201866,0.6083389213649002,0.6062212284377456,0.5805317680956728,0.7184789457194632,0.8763130226736434,0.800994458450446,0.9233689333043019,0.1314417459204272,0.680449098824735,0.7091502886964997,0.6387665734735886,0.21167602883675324,0.3238465045843832,0.5623846153068974,0.4024536711307826,0.7524609279417191,0.823884810246472,0.7379747584598652,0.2096418245497535,0.23299516579113022,0.4635082635401487,0.6812633907278944,0.4112063189909571,0.6153121831145681,0.22307293460981784,0.33855889165857367,0.47077820607121373,0.6150456921390177,0.6276988100276033,0.8085189333845946,0.9669379704523844,0.23207696257068205,0.6984638005874181,-0.00041934330949236465,0.658164746927756,-0.011871144730010413,0.7682789118922942,0.6470874185760854,0.1398473243784766,0.6255108987919167,0.5791889147641066,0.8458997500723496,0.8886163823964165,0.7286703890181276,0.6239530093119884,0.6574189995206344,0.7797152201000009,0.7869198823434982,0.8428047478871241,0.6159439024029096,0.5555559192355822,0.43457701932366705,0.6870221069200938,0.7092544934475954,0.5156029204508219,0.7017177615380241,0.5315505067233275,0.7482712775738593,0.7898931203994813,0.5818428660396402,0.6138487944913975,0.802209069337783,0.819578857206589,0.5802616994196623,0.38175108444067957,0.3440458288625408,0.4584884878804014,0.6887074017547873,0.7309803594784584,0.6640660196771403,0.7584434648518019,0.5389993100408849,0.7053976026748723,0.6480742393830368
BBCA,0.6225330448385703,0.6340771880356789,0.543590519345026,0.5982193586874918,0.6672982617280342,0.6028825056188151,0.8545837842737554,0.8397799371752566,0.6777335430812683,0.8204544568352969,0.7568263929959923,1.0,0.6632963989607307,0.5650987415812229,0.5900443262451032,0.18946329370171439,0.20781564155538412,0.18065460625825397,0.7070661864016361,0.5752476286765067,0.7749537761677878,0.6991794061221593,0.7843274559212234,0.7526500828894691,0.6582477145433387,0.21254251032368568,0.5671612358005449,0.5368848709032531,0.6336939119232343,0.7143821817975075,0.7684740981379854,0.8068563982613458,0.44055999701557674,0.5877192145500044,0.6696589854657574,0.6372459756443617,0.8126445320918904,0.6581820575430616,0.778275193214516,0.8386794521483246,0.7364744707306021,0.7210152908920965,0.48836354747473815,0.7235596521748685,0.6685210459039134,0.5106092595394991,0.7168457319083777,0.6821124683936595,0.7176230552032002,0.6816846283396436,0.5879723241305624,0.789335435701422,0.5914028436719984,0.5113490605414575,0.6527792663279937,0.6193938630423684,0.7452746885266178,0.7796685364484849,0.8285214549714456,0.6931870717713111,0.8292225542011147,0.6858520912201809,0.552754647976687,0.5786877328954768,0.3694642768999038,0.8246171425815083,0.10023560062500365,0.8400397229635268,0.7747307744029027,0.7405647189892156,0.2669944684457621,0.5355804157745399,0.5632977402301366,0.6458663450710015,0.5745230459369041,0.564805608810992,0.5324824105706457,0.6010748264476752,0.6385503686985268,0.7209884078405948,0.5951256067415397,0.7516921878636045,0.7706679087257791,0.6359641232088893,0.7457509118898493,0.6014439335581879,0.7296213326423905,0.4416188805126456,0.5699389854657356,0.3271183074648726,0.45134059186615527,0.7528638755472833,0.5756341198737546,0.7422019644452436,0.5815737165497719,0.7440735097869967,0.5993588494155043,0.5641766649608939,0.6878116491980848,0.7569310937811105,0.7705398549470697,0.6063778881944684,0.733165310310343,0.6600652667959659,0.6323690184427568,0.6298691154761001,0.66516150320373,0.8157694766541715,0.7220230579283108,0.7748352875779516,0.2420766909736354,0.8066532439401461,0.7659580295540396,0.6498093000894106,0.4377760155744961,0.5624235280713006,0.5739114947189069,0.4567531445316717,0.7757375926298397,0.725825603466185,0.7647763049551934,0.3038646445659147,0.31034340051110554,0.4964642338263232,0.6892746102593444,0.5324273729179191,0.6795824555118402,0.24649026376739122,0.3616326007491224,0.6117349065889176,0.6332418061827861,0.6917353475579965,0.749332258011103,0.7900748861345156,0.2989356053869489,0.8387763994671706,0.11722372505503852,0.7896507600053584,0.07390392422223321,0.7668272865227052,0.8145237843763417,0.24152292667247735,0.6377626265818952,0.7200621698362976,0.8174848532903983,0.804000449548809,0.7461683405249262,0.7286313395389619,0.7978768400314536,0.8416942840000073,0.7911351520453357,0.7984703167851614,0.6758753833770488,0.6797401922550528,0.5209777980450183,0.8271177804331054,0.8453582563198647,0.5294933348176997,0.6647834576651432,0.4994739036755619,0.6034995240925164,0.7886300052267597,0.618147071457127,0.5489325264011415,0.7264299379404556,0.7506991131495663,0.6269167812876482,0.43115653014573024,0.4525173025035276,0.5128723175071621,0.6644573379854279,0.7280923048536861,0.5524012065687003,0.5593896933316987,0.6531987058122852,0.7578513889260254,0.6911169912492885
BBJP,0.5691472498896496,0.5408865432942159,0.5000362335409662,0.5385994872232188,0.6223834997584909,0.5251862607860297,0.8372924485364948,0.8262264093638357,0.6936273838523979,0.7082162387474044,0.5937823823869185,0.6632963989607307,1.0,0.48629374988222146,0.5245227756377107,0.2155494626915294,0.23211298939356265,0.2009185491495685,0.7731011265383616,0.5032949656297327,0.6589683635480772,0.4775312812573714,0.6185542268324202,0.6904979810737732,0.5750845886855706,0.23155630650012227,0.5392433576486525,0.46820634302790987,0.6711131086712275,0.7340636409457375,0.8319531572701526,0.7987972652624931,0.41776537909051226,0.5524133866982063,0.7215098538825314,0.5715412272713346,0.847973373590656,0.675037964487214,0.6993680206838208,0.7152377845707711,0.670756874731013,0.6866119420220403,0.4362115995599757,0.667960441254509,0.6124397867594745,0.4842502158136662,0.7144051230583356,0.6218278101987614,0.6712960800300752,0.629335636928525,0.6541784825495693,0.6575718775346575,0.5286977219445173,0.6135583456141481,0.5730670354037083,0.551382168358237,0.7163444270803567,0.641871037344585,0.8427073757807821,0.6447936906754866,0.8433048759243753,0.5368248723398504,0.402809441569355,0.4279549453641874,0.28852940553319856,0.5844416408153724,0.12980464377599132,0.8320083364025109,0.6935111381414111,0.7968042608218415,0.25134213555993395,0.4913549657885928,0.48218653304391584,0.5963351028178071,0.49846796399005366,0.4716406248233767,0.5349677586462138,0.336366128187923,0.6784835826292291,0.5998327270066119,0.5277573032890974,0.6914187496778084,0.6863191695444225,0.4894093879032966,0.6217296000049439,0.42081793749894897,0.6525650770230506,0.3667989617645816,0.5152509075458059,0.3372787733933018,0.39414486681033034,0.6903793148398215,0.3277005606231553,0.6222199980463909,0.37778230448251915,0.6381649469887867,0.51789376661056,0.4841598157002714,0.5709575239073691,0.631825195793657,0.6191592440207382,0.5457971916513643,0.6488481413356288,0.6585567264932003,0.6405898283490299,0.6113978716822318,0.5084245205359749,0.6651922756040531,0.6142186761012189,0.6678329911430716,0.17196778794234488,0.8355932455031133,0.603032023532415,0.5918835578634479,0.3349440282023951,0.41880496501336584,0.6299198228430072,0.4588481779740908,0.7002791327872454,0.5060747177425001,0.6959043989136404,0.3110703116041749,0.3235900023920093,0.4186691095461159,0.6549436211571867,0.5164772239416304,0.6420177808190426,0.22337306937905124,0.35163745246401534,0.5089250348006765,0.572294774677375,0.5449770148029209,0.6607804821113112,0.6323887334496547,0.31283293436699,0.8531102351807484,0.1452523782052065,0.7269855073186934,0.11145541339538385,0.655435215167082,0.808293266753824,0.2553354845400028,0.4759714230805927,0.6774829789109552,0.6734214722815091,0.6202000186499124,0.6563538641043595,0.9345801596610417,0.8297889027136751,0.7870692495498764,0.7053403451369678,0.6420820691002476,0.6460880615900395,0.6552113315391526,0.49332559492911693,0.8316729927123565,0.7868820220020959,0.4277988168139756,0.57882049732122,0.4606812984915971,0.5539789568445149,0.6181245273775314,0.5481054698513509,0.29476742609070544,0.558073472005942,0.6434238937673213,0.644566605403227,0.3139489535014985,0.30314468424143665,0.4227418374829571,0.6014079766375457,0.5515298964008118,0.3050553084783217,0.45624683195286847,0.6741161876219844,0.7273609264215328,0.6098293034432354
BKLN,0.6606368063152421,0.55201936474531,0.45191849872958323,0.5216663652471363,0.5345331836434892,0.5402063296637133,0.6015491399966632,0.5758308996276826,0.5090421262843915,0.658369161028063,0.5628649836538665,0.5650987415812229,0.48629374988222146,1.0,0.46774168950170975,0.19918574415058385,0.17999830938026992,0.13670613228745648,0.5802521974966085,0.5096460980048496,0.6016576728485569,0.5003784237957011,0.5766238490103268,0.6324125381888157,0.4478461817144915,0.18368601801262102,0.4055590324813723,0.37443303130167666,0.4762774250627176,0.4936649773210827,0.587524178261714,0.5656381443979345,0.33118907018958704,0.5008186970864602,0.49720865246015894,0.4852302779877296,0.5996117531995414,0.5069488380769989,0.6503092361901027,0.5577066530782218,0.5416974349091414,0.5665038577600524,0.33786583242440954,0.5674603801080188,0.4820930408824263,0.3763807144005811,0.5739300697954431,0.505563054686623,0.5520423327968598,0.530693156014804,0.46541678275309545,0.5253684341196764,0.39565902295685995,0.38632416577130196,0.40266744602441,0.5678248281296069,0.5812332104074137,0.5919814916951326,0.592926049822951,0.47807731821114374,0.5800332968348135,0.532062823629485,0.22662197045260998,0.25866643132573647,0.10843826650957018,0.4834424247634919,0.07713067630023139,0.6139994369390605,0.6471914228698437,0.5994522288767343,0.3872339195955169,0.4505301133550876,0.400875313579915,0.5403297699860411,0.5269329356416287,0.47787653898657634,0.4235401340368396,0.3720814664685811,0.5624218418220994,0.583396138516528,0.5059042308928069,0.6178815650210017,0.6358128684077992,0.4857937821035307,0.6111797560578273,0.46879386286190244,0.5679080860791559,0.3493086114629994,0.39704936593566165,0.32800734755138483,0.3639393257296929,0.6366292610234167,0.41077317515057954,0.6258527134309484,0.3708939990750912,0.5447266254873722,0.44808767495070995,0.5484660019222566,0.5429879180704528,0.4420132431549271,0.6156499826193024,0.4790502936154409,0.6200147948660123,0.5887272000702544,0.5696186537309603,0.5801589087036978,0.5275502576246837,0.6433128522816968,0.576070135645234,0.603540110324259,0.16393948143264764,0.589280161811937,0.5443747614630319,0.7067523665884493,0.1529694785460341,0.25355828527500396,0.4957005020844861,0.35144685483333454,0.6502179255092481,0.512756483846649,0.6402751967364838,0.26882997391586777,0.31424198440392304,0.3514821022130093,0.5671012890784772,0.3966345262871132,0.6050095342382352,0.2051115494764604,0.30219962571669656,0.3618143490354612,0.6923571910063584,0.5395507043011514,0.6110527181926682,0.6012812052121962,0.31050372484158234,0.6028775140693675,0.05979159962395964,0.5906885557461619,0.08795818456832494,0.6101434728871682,0.5837739185779175,0.1842892573993049,0.4915543636735888,0.4939930839556198,0.6510673516947856,0.6021332119391607,0.6270529069376832,0.526831924248239,0.5945540774972026,0.6660367882614093,0.6585282607888776,0.5891162777765462,0.6102700996353829,0.522654911504767,0.4936907064643584,0.6035675697996606,0.5786030364791803,0.49918031549638014,0.5017723738153845,0.42822341666537606,0.4818250009546382,0.5444285866120661,0.5437318310105408,0.35087411967779714,0.5711247678075028,0.5667103329046109,0.5582642291005697,0.3217773425215797,0.28886679542416854,0.39082418843843975,0.5887537726819904,0.4354615086882911,0.36983066249237473,0.46589345056335263,0.5131398091840288,0.622264181482152,0.6045042825139673
BLOK,0.507756871239842,0.7961012658474145,0.6496792933501716,0.7811499566480874,0.7663129780325808,0.8140075190420635,0.5926670825880033,0.5753847061318387,0.5920083711613299,0.6864529985981019,0.5741122037610611,0.5900443262451032,0.5245227756377107,0.46774168950170975,1.0,0.12602373187056473,0.12700085789401025,0.1295637704304536,0.7070884862736185,0.6034235570205969,0.5831096305703781,0.37906521340548816,0.5183627200866948,0.6869356760343204,0.4420074965849773,0.13018738310488773,0.384548036693951,0.3893074137731779,0.5420754957111096,0.43873001865833144,0.6252052379275994,0.5064984258652269,0.3468104399829357,0.5755183056158705,0.5936648574615147,0.45752208598835986,0.5917668687260725,0.5896689691012889,0.6893992632651446,0.5613275071149951,0.5408627889811441,0.5415507850776863,0.34385153634505267,0.5041501760902612,0.44027913603785135,0.38359108214866877,0.6146556442576725,0.45361041395476814,0.5166722983822299,0.5158863559602105,0.556412457553278,0.4654517179918378,0.39805555083969957,0.498478577943276,0.45090399906507733,0.6820094578528967,0.5632916483321485,0.6281041442974205,0.5900443385968924,0.5210105777686165,0.560746697534108,0.425804550248287,0.28996863570177356,0.3359133620103232,0.15829906123246076,0.45495196284134143,0.02856599898809999,0.5948843246329708,0.678911212045315,0.5778702496808983,0.17509513116345785,0.5238324808650676,0.5359172684829041,0.7561132530264834,0.6406062125442562,0.44090524986203145,0.43082632601636145,0.2575131877564887,0.6745950943833953,0.4901165872508812,0.5470672973802807,0.7070682555586704,0.6416522940085105,0.47854155295054673,0.6792097504668728,0.3596438611297844,0.8195184137383805,0.34397867693972756,0.5374179848262961,0.2439295838404463,0.38931727942900624,0.6836531511034543,0.32737634431737095,0.5986692923134376,0.3209307725932701,0.5792053001187192,0.6797009700739146,0.430375948659516,0.4984176209596652,0.5060286065956708,0.585664659346755,0.6789510545568874,0.7325439750057609,0.6998018538451679,0.6968281555972051,0.630531732149215,0.4617722603610684,0.6092863449734096,0.6285134265662358,0.7059820196551984,0.10756933019820027,0.5985908841370087,0.5027340345648755,0.5381621155033529,0.26240447103234643,0.34883055032306765,0.6401370471778829,0.3708264092015592,0.6785426054279806,0.403531553193186,0.678471030060052,0.2031316926531573,0.2249431808547706,0.5062639817668352,0.6456252193740573,0.37755058168866423,0.6841921089332188,0.21000255882517058,0.3114637256671371,0.5189088927686427,0.5281625801629317,0.4506394916295378,0.7516552344820187,0.6007190395818284,0.22856418524636102,0.6119386277398303,0.03847889618611235,0.5609403696636699,0.021508503201760423,0.5644823815950303,0.5847740920226353,0.13713998444013303,0.41060876829093135,0.48421850730308147,0.6786369975377159,0.5424154994274503,0.7254799153808652,0.5803019308589714,0.6314306243092382,0.7041777513906855,0.7052800435674109,0.5237074586168996,0.6996030972803693,0.581513668098595,0.39522278633369984,0.6293110191845724,0.5367700042229979,0.608137850992488,0.5883306728172112,0.5609051436947289,0.47369005379039825,0.5013200716405155,0.5726810553113613,0.23926560407208144,0.5150992745233409,0.558195508418682,0.6642266260536164,0.16374005027800542,0.19378123937026903,0.3028845157215675,0.6640199545585104,0.5325566966058197,0.30654579943569005,0.5237201406479826,0.5975140871997404,0.7228411929339601,0.5771640412415308
BLV,0.5710011954833875,0.21439184404274647,0.2725204528639875,0.23282170650069997,0.19433132791261934,0.20044894719170978,0.22951831880331067,0.20450249571494172,0.19084419243575032,0.1826962896993802,0.10741531151839548,0.18946329370171439,0.2155494626915294,0.19918574415058385,0.12602373187056473,1.0,0.9460108498229334,0.7701872611644827,0.22754786483430753,0.1995797574925899,0.18551587328738073,0.21605479589458262,0.16733471608781583,0.2220583632050231,0.1734656466560159,0.9357629877391909,0.5303518029711776,0.15958056662043707,0.21317106619373513,0.3340428910103343,0.2832999851460049,0.18657192217436006,0.15428404784872124,0.2020425629477624,0.19713842346336516,0.1892297289392835,0.250401869754465,0.19053865477014845,0.22248566599557282,0.24565510890324793,0.21969928382746842,0.22445580028390028,0.12376070012652204,0.17389269608386818,0.31860159369870616,0.19015804602404887,0.20918656764315377,0.1954614355739179,0.21279544352376098,0.20010089744596266,0.17320545536153564,0.1785107995845119,0.21657781531078496,0.17955037389019962,0.23718612548481968,0.2152005121396286,0.2150734936733303,0.1894989045070487,0.2671337398639864,0.16059228398110845,0.1982019524706421,0.22809335539140208,0.2351004532536058,0.23328181753306412,0.23204887527701537,0.06875434651258192,0.8858237992075095,0.25290980516890493,0.22469062583020855,0.11791495808004876,0.6268125532879275,0.2651685456595554,0.25445122576474416,0.20627312997604277,0.20715249954900283,0.24865655311794477,0.13411988685367132,-0.07634323971551298,0.19457076202176105,0.216745722121718,0.13502261135697258,0.21419236234156483,0.2401086817223463,0.05055391456133302,0.1709704042919361,0.04918587477598289,0.2131286744247456,0.06969014932011823,0.1532233423756175,0.9535109407110269,0.10526605608576113,0.2066455145632992,-0.00815262262984027,0.263299664355055,-0.0818214659873236,0.15271389745332983,0.19565242777034256,0.4797266478445676,0.27812134413658574,0.1131621654160349,0.16766121999863232,0.21093503822234724,0.24459095534577732,0.21768084383170846,0.2057568815975142,0.17439482539060885,0.3308716542271024,0.22678366428898383,0.14626843380157273,0.20944152969188623,0.7619820465546866,0.2735887792929161,0.23996707608052759,0.4943616518829309,0.14951462389714612,0.19997204362542972,0.15170484687159774,0.10889715300180468,0.21366504581042722,0.19148374428551806,0.2179805498006921,0.7438966433495412,0.9493975443827022,0.22597393363436336,0.191837343432996,0.21369804411340151,0.21503264459926388,0.01997288268889514,0.06426853447941332,0.05990752588989987,0.5242245371699661,0.2546873563752226,0.25309617228746367,0.17919374983962216,0.9660378398542273,0.25092664000670956,0.8424264688578049,0.24087702027039998,0.9714303580959915,0.22421055941928558,0.2951063034976073,0.8408195864870279,0.36548158406410003,0.33623299537424595,0.2422504727967128,0.1972467883469737,0.24951672628679825,0.23768240181457245,0.2524320614697134,0.23600509237401168,0.2195116628024009,0.16324033125053333,0.21926071186780283,0.17825201061346962,0.7158498491738408,0.2396013561621038,0.20018405368762493,0.2263020561237531,0.14534208485348044,0.23067783564686545,0.3501038919133609,0.1931915707951761,0.194753679172364,-0.08782148508958017,0.0692686486545822,0.1502709218881889,0.18643155992463004,0.19908661172572184,0.28983384210909263,0.21802649563716556,0.23419641167267918,0.08853470627850488,-0.07823772193742473,0.17305276603138436,0.18949756207881693,0.2656954735426257,0.15123522982765614
BND,0.5949237004809066,0.21378647756265023,0.27463863787206183,0.23008195091817646,0.19129137295742282,0.19950014659819723,0.2511323165468302,0.23023914208627397,0.20516041688572478,0.17590575960517527,0.106738193608201,0.20781564155538412,0.23211298939356265,0.17999830938026992,0.12700085789401025,0.9460108498229334,1.0,0.8215414208881965,0.2243606127834702,0.18658471790194214,0.18444225311175438,0.22890314617137547,0.1601005041900891,0.21444731356429578,0.18943312102659218,0.9843455701290655,0.5820833146036514,0.17601418259578036,0.2410034402457267,0.37637469443644883,0.2972915458740692,0.20721890359508965,0.16898011832417764,0.19929537614001686,0.2123051012171686,0.19504215312098433,0.2691853829599739,0.20405983718395465,0.21512103356417486,0.27161472059592096,0.2405896089700703,0.23876483647710373,0.1279394156217978,0.18800315693623038,0.3456432130538837,0.2126339510384416,0.21648640947088044,0.20431946922700084,0.22630468245582577,0.21417571377059588,0.1774029675983107,0.2034256684879747,0.21998324619313878,0.19762962988227845,0.2694131096367709,0.2106434302856067,0.22439425811863248,0.19095708512626006,0.2943778112074103,0.1751867127422941,0.22026308540364817,0.23001826310257442,0.2894092490477782,0.2846361059903825,0.2933273582232885,0.08402009511449333,0.9283475934897375,0.2686247816167573,0.21580559402363766,0.09557539016885949,0.6476569656502625,0.26793930094626145,0.2679544553039627,0.19941411706892878,0.19734287095920816,0.2467849898130118,0.14197059527596353,-0.07526510054947522,0.18411823037970101,0.21071328820933216,0.11484378842400429,0.2007106522129286,0.233860820851322,0.04313799268570068,0.16499571950973982,0.03923073021559107,0.20986047787188145,0.08190929440194843,0.1528802285243031,0.9432522773880213,0.11249746917799944,0.19900599233435987,0.009979261988369313,0.2698357729542072,-0.08212064858833766,0.14959590900370198,0.1957241324822296,0.4638434254191354,0.2833879956692574,0.12900277462002846,0.16431832597479762,0.20704386939034294,0.2383932514571251,0.20728140710409756,0.19322462581428687,0.15185237599639506,0.3467670859674534,0.2272188112544332,0.12896355173257504,0.2072132888851478,0.8149395377911072,0.29998942378818494,0.2569839441857679,0.5176868740506954,0.19233695804837317,0.24315189086748742,0.13571070257433024,0.12048573077998775,0.2059256737379132,0.20471970699727884,0.21189971463788565,0.8722707897839697,0.9465085179926626,0.2304979327242331,0.18495542175664256,0.23026746709082507,0.2049755082640008,0.024821501049466045,0.0738565110076009,0.08394984683273111,0.551124873379039,0.26206571031458514,0.24541788084897168,0.1771965788484613,0.914135810242928,0.27105444374891,0.9539533722359975,0.2576468672226175,0.9287191749794974,0.22213448513231224,0.31518192217035074,0.9448708201079868,0.3766873315995797,0.36022525695318,0.2384166178919493,0.20137598741439855,0.24045948457889457,0.26053716270000304,0.27100818092206075,0.23888733596939984,0.21175316402952984,0.16745420955996193,0.20922635811634385,0.19061137769963218,0.7315589059238883,0.25825370910988554,0.22297581457313487,0.217183985564533,0.1570712334155224,0.2366268071944997,0.35913291281028553,0.19712279772836724,0.20002282481971348,-0.09031632680614421,0.06413970440931804,0.1532021797045753,0.1737520087764792,0.2146512783770545,0.30466608715886845,0.22267669564073841,0.2251030121289104,0.10538375764683378,-0.08569157434808208,0.1793363026862728,0.20178241777614347,0.2672953233608391,0.13027098233264248
BNDX,0.4844038517834709,0.18554631757391854,0.2321963773822221,0.19992575500256732,0.17492351354288738,0.17705585238693275,0.20473953711170875,0.18827183240614198,0.17550633209918656,0.14820062482127971,0.07953799835592314,0.18065460625825397,0.2009185491495685,0.13670613228745648,0.1295637704304536,0.7701872611644827,0.8215414208881965,1.0,0.1858530579683962,0.15992458089461345,0.16613677324548706,0.17668373907727136,0.13700148324140202,0.18483263873757175,0.135651702922354,0.8078940981527911,0.4510642149516619,0.15098032225717326,0.2104566293488076,0.3033181955526504,0.2599746526190979,0.15219991035989558,0.11722691173667683,0.18420887221824458,0.19109285423160366,0.13300142661346562,0.22132645240947763,0.1750347141653322,0.18628072038081278,0.22357914111914273,0.1992290810506529,0.18615031063112153,0.09593019493457786,0.13907342339441633,0.2963528132625166,0.16296073485764376,0.17617427889551165,0.14486015073034295,0.16692566641655698,0.14155749376467722,0.1525205812937973,0.17326307278018782,0.1826908214993559,0.17918885865887038,0.23704997940432074,0.18461832165661315,0.1730280474240502,0.16230309817440022,0.2470627420877412,0.13087012381847563,0.16487118027823525,0.19422800873872223,0.2750471698492311,0.2684212085680198,0.2765223970988565,0.03604957609016999,0.7708720200734329,0.21747968637675272,0.18917076020563472,0.10437945507390724,0.5543203749294072,0.22437859216067035,0.2382506906829759,0.18220038750357387,0.16301297522234148,0.19319547868185266,0.14410378755619074,-0.12655449857789935,0.16789961504381173,0.18402289645212805,0.11620779059155059,0.1773939451884354,0.19730695407814366,0.021409675388794906,0.1381618053743948,0.02754008682983065,0.19261812910742734,0.054624053355428054,0.1035775055881601,0.7632250488981658,0.07745912376811839,0.17512956536690477,-0.024172190704557128,0.21972956705767235,-0.10523807080720081,0.1496042324337551,0.16016258283149074,0.36380596727354536,0.23945172365318715,0.1041648370406824,0.13378174840875326,0.1707949397427367,0.20727246864643706,0.1838915923267885,0.16824663314840738,0.13638332473319456,0.26949098601673444,0.18774494192891422,0.10559179245897685,0.17651592289386303,0.6670720109585465,0.25962837933464683,0.18705505261457236,0.42015202579569455,0.19517248119314493,0.23157175083267473,0.12323798277799969,0.12359298437934102,0.17694371521412547,0.15770256161316254,0.18611748823108684,0.719245155951739,0.7694324434405342,0.1936168402269117,0.16402163079665827,0.18375773481402827,0.18223652859732511,0.02968475871752998,0.08901045025720927,0.06111079946193146,0.45454149309041564,0.23056102498111775,0.20645210247019077,0.14655407294093292,0.733044137423479,0.22781471527296746,0.8093014712887565,0.2090704671100303,0.7656842787099186,0.19295702012476623,0.2706133505452699,0.7739568360972595,0.3172270856758509,0.32344142749113475,0.20165203455386865,0.16427011741258973,0.21018835806828015,0.22957351571745155,0.23755212557739733,0.20513167894880163,0.18194181190204076,0.14465887220600845,0.1852551672713196,0.1586117967768327,0.6000749083363383,0.21634146672906432,0.165938627735453,0.1671735167823275,0.17963093958199416,0.20450017658504352,0.30929239906601796,0.1612126428796318,0.17869053947945956,-0.13091780673908968,0.050207600844091524,0.15656678808414268,0.15668043267301143,0.17570533750734918,0.2842134953403802,0.18244894777820905,0.194156609521493,0.10238105702407378,-0.1342333462597125,0.14236354741457471,0.1742486229265979,0.22609605031483246,0.1124276622846761
BOTZ,0.6671473474723936,0.7811575862859698,0.6898751285329577,0.7770787475665918,0.844662993348804,0.7823065103384486,0.7937640092026436,0.7626668354706233,0.7467817441513442,0.8387580481908471,0.6608073454993099,0.7070661864016361,0.7731011265383616,0.5802521974966085,0.7070884862736185,0.22754786483430753,0.2243606127834702,0.1858530579683962,1.0,0.7291050408011585,0.722445667184677,0.467094684050482,0.649777230437355,0.8642143166959624,0.5574816488224459,0.2244097028521911,0.5237264794847128,0.47170477915938946,0.6933561439885471,0.624908375338306,0.8552179423915407,0.6900877325262554,0.4197658491073139,0.6874924738827008,0.7569130060370919,0.5823980377985711,0.8063557119417241,0.7374397676075795,0.8588948078218781,0.7116148561213466,0.7263639334212569,0.7248298320917292,0.464716114420265,0.6691516343716445,0.6251229318702224,0.4819683111081631,0.8156445681996412,0.5996856382230066,0.6940921167859752,0.6490966566298184,0.7314266086916703,0.6191918906888519,0.5321205305126857,0.6365333461071594,0.5839495883729203,0.7956383056947495,0.7557404633424485,0.7421262298717863,0.7946688691056815,0.6605447653765587,0.7541300025369179,0.5765570100257136,0.36389288763293764,0.4053544728273922,0.22869690070952725,0.5616562071865668,0.10366631228245213,0.8023050321482447,0.8482618360730046,0.7792496156071327,0.2846463717776567,0.6035592192488106,0.6176680074829513,0.7911980394568289,0.7528971873698737,0.5955330403243646,0.5430778236147343,0.298081813393704,0.8640717686544933,0.6474608036685106,0.6124795364641329,0.8654439803162672,0.8275215523653786,0.5257335114309345,0.7453003434187655,0.4251455279306273,0.8554685386254081,0.38027078610133574,0.6255120010292684,0.3663503868454184,0.47669692820545106,0.8509426760466682,0.34992168987744265,0.7603912614698878,0.37442699198990137,0.7266471650004193,0.7156336639359175,0.5641692585978432,0.6739705421618467,0.6242964844289928,0.7004443013972997,0.7421867190737047,0.8580311907460045,0.8651555845260425,0.8640049222359987,0.7743544325248909,0.5721771053705114,0.7622205140696604,0.7318603525344181,0.8099140360420073,0.18099127892026434,0.8050803124985069,0.6208551367509267,0.6924351321943467,0.3096752100726587,0.40601266168268557,0.8240319276579464,0.46736028311879246,0.8499209091568184,0.49450564242079514,0.8498188049718632,0.3038093849752278,0.34994305663175906,0.5741437148174628,0.8161481093635425,0.5307905818710259,0.8440784748293184,0.24045053058288113,0.3705156570698479,0.5830547088039786,0.6765418791243143,0.5976840959132153,0.8617407769961961,0.7185687694341847,0.3460308070970762,0.8232569853853434,0.11099503036641219,0.7528181826185376,0.10452771912297201,0.7295884445359028,0.7904727876057649,0.22734652282732543,0.5219785733522005,0.6332508763127277,0.8212621232359131,0.6678186782384999,0.8680561159673651,0.8063253439500905,0.8339918624935796,0.8909984865193112,0.8660616920268376,0.6570700550964044,0.8636407417425417,0.725263940228801,0.5499196190117541,0.8285313922763886,0.7096395893031417,0.6970496347907178,0.688298102288126,0.5983506350320262,0.6304179409036623,0.6584487388448959,0.6952810214184794,0.2678356847810822,0.5942921423257688,0.7173886800740205,0.8438185621316464,0.2431104682551956,0.26430515279567973,0.43317720649778624,0.767557023659608,0.5952365154605072,0.33044829817159355,0.5894382749186956,0.7487120085103589,0.907396760853485,0.7264345790482064
CIBR,0.5659088661489383,0.7600367257780961,0.6301124827066302,0.7357478498527328,0.7174526273680413,0.7682627943827034,0.5470418934895479,0.5187393466286121,0.5107460703381136,0.7149860076417839,0.5327171413705529,0.5752476286765067,0.5032949656297327,0.5096460980048496,0.6034235570205969,0.1995797574925899,0.18658471790194214,0.15992458089461345,0.7291050408011585,1.0,0.6255486099964122,0.37741990640341233,0.5576246734662298,0.7601488968377188,0.3647745900948294,0.18468399718330758,0.335822864110288,0.3141976128292405,0.4708512576887841,0.4470760813889259,0.6193996458983195,0.4446035646552398,0.29906758099740277,0.601231941112826,0.5134782591918288,0.41159475625257663,0.5608958581954343,0.5055589641062969,0.765487601423428,0.5302516298307027,0.5226127846028773,0.518902873297309,0.2870907568264912,0.4552286761714731,0.4394420776565274,0.36550696778628194,0.595812391122135,0.4037722760316367,0.46710129519119964,0.4929744586363411,0.5216212041678847,0.41825268367024343,0.3602233302402662,0.40685961726847264,0.392195318142802,0.8330708099634766,0.5293179151205142,0.6100846586964603,0.5493795783759841,0.4383446156411735,0.49698460029393987,0.5376846588923166,0.23979120301796558,0.27408094440122516,0.10995531879370993,0.39287246137295695,0.08307195574285121,0.5695715684502183,0.7595905043172668,0.5646004087673718,0.2321558671054325,0.5363879319753244,0.48830191466607753,0.7032508552124209,0.9032370064312751,0.5307974566978781,0.4143144883534893,0.23302788278048725,0.7478983821920628,0.582411123181265,0.45915060724073087,0.7844499812973034,0.769132356372487,0.4248848482311533,0.6638388997251661,0.4080721920412074,0.7324636829162473,0.28466596394907734,0.44938373353320826,0.31348683821148393,0.32891220353912826,0.7543607418295633,0.31343996502609883,0.6986689611529597,0.28250991558107447,0.5533621545056577,0.5797912756604201,0.47983408390060595,0.5831553986886818,0.4146188863724496,0.6135494437221402,0.6018628774211124,0.7909531227444588,0.77948240385315,0.8243430098273119,0.699119004634244,0.4606983587573152,0.6587067466893896,0.6350801478038978,0.6837669856128668,0.174076762429462,0.5649584463491256,0.44727409095289605,0.5900041954579964,0.18518398385454496,0.27301366941266625,0.6504235204623173,0.3522379179071753,0.7470590254390725,0.3859214096807501,0.7491294923564076,0.24290539661673444,0.3038623080508626,0.4662780263205864,0.7339173351443659,0.36968157502846377,0.7790740775239832,0.15128819802108975,0.2617753259687468,0.4271207734234368,0.5780779161806936,0.622003899317092,0.7769807246382462,0.5882745042916891,0.3015546367143513,0.5718348421908244,0.08670177511979528,0.5269025354161053,0.09860695114055537,0.6496444868858042,0.6012169527126884,0.1767210405089162,0.4547869047791033,0.4349020800581379,0.7379690139887806,0.5504204035153824,0.8188008223620586,0.53214519772738,0.5817108463323621,0.7273591375289356,0.7654141193684818,0.5387444625069184,0.792964365905826,0.5077169509809673,0.43783787973272265,0.5764782957200791,0.4734296071830446,0.8722273563042663,0.5691362423763112,0.537292798829518,0.4810063308464305,0.49480962868428735,0.6327968086537404,0.22311801809038553,0.5097451713255087,0.5591429198850478,0.7685173117061563,0.20675567499627895,0.20919265948070567,0.3908707377125993,0.6765644248483925,0.44056187797821694,0.29442469683066924,0.520638789153124,0.5186458440167824,0.7879170774415907,0.6392908067266403
DIA,0.6728716860373757,0.6272315837967813,0.5582788345416931,0.6066080529355763,0.6779454450459548,0.6015371489479124,0.7697019210074879,0.7222898597192043,0.5971856232790014,0.9258587835101921,0.7972674426427658,0.7749537761677878,0.6589683635480772,0.6016576728485569,0.5831096305703781,0.18551587328738073,0.18444225311175438,0.16613677324548706,0.722445667184677,0.6255486099964122,1.0,0.713407415165106,0.9435762883745469,0.8823310313401675,0.5457497479806511,0.18130051087829407,0.44652245856946204,0.44617816048145187,0.5741935045492685,0.6455263379153682,0.7546435407410661,0.7391402610809025,0.40450597245296555,0.615071811198471,0.6238379501542509,0.5747858309656229,0.7729084298571931,0.5802512542542324,0.9069781625938087,0.731895184696351,0.6869635262958411,0.6996244721119939,0.4175097568649018,0.6938604565944191,0.6493318355399496,0.4726291922482296,0.6992754743977957,0.6402264764502924,0.6992814377463308,0.6053301124814567,0.5746192498257376,0.6994685887374162,0.5221069286180945,0.47692543255346687,0.5289988856975127,0.6833022939615381,0.7330668603981272,0.8408302379777418,0.7398554541843418,0.5967246591377506,0.7519938163710242,0.867066625179824,0.30913402656253774,0.3324480731389607,0.1371791231015367,0.6356842650479653,0.05913125087495581,0.7847220465398397,0.9132982627395355,0.7956318514783235,0.23947282177483586,0.6137838740309297,0.47037110524783327,0.6347162669042441,0.6472801869153195,0.6627112844123036,0.5444673860096024,0.4458530445726096,0.7258251385744716,0.8957576914233226,0.6832359242704169,0.8459295339021332,0.9111938468986404,0.7222375602874405,0.8441638718672848,0.7307588834065253,0.7415735807277309,0.42155875400644593,0.4788302099007838,0.3339444099771205,0.33764146942651235,0.8907155499796559,0.47744569206087234,0.866659670310937,0.47945314087164526,0.8330003526974099,0.5400324290233629,0.5658474318459488,0.8165088437175979,0.6032272812794459,0.8986471335380151,0.5692906934753682,0.777392977303971,0.7648673332820642,0.6986837913118185,0.7307784270689639,0.6598080684015606,0.9296220817799635,0.767864494444519,0.8303879134176839,0.17415079310820883,0.7348113292761463,0.6649770831650431,0.705817959641475,0.2355543884063138,0.3347772684443039,0.6187580719489343,0.4712035333334204,0.9122305403412108,0.7788418242600876,0.9066736817045045,0.2814991898048971,0.31937221863164855,0.4122022527361398,0.7827681390553943,0.46787605597456516,0.8026516174394377,0.23431698340462143,0.3822306796626718,0.46966954227092633,0.6837749540924006,0.857838246861725,0.7963531486761842,0.8612907000600666,0.31795055354908786,0.7755892078982393,0.0678662011630376,0.746319573681128,0.05478749792741119,0.9501630454656582,0.7655520541530545,0.19956579894282897,0.6783770186520665,0.6146869143671816,0.8935636012734676,0.8882584121499001,0.8106690197311817,0.6876545582304292,0.7374164499897586,0.8929906999730464,0.9109935389373756,0.9354361296154536,0.7867351192965906,0.5933245678908807,0.5187038979464828,0.7545231630385939,0.7502837076657575,0.5602394256008518,0.7158018575892576,0.5362594978066806,0.712860790590496,0.8073592821451654,0.7130904095017677,0.43544502547695446,0.8684631268079197,0.8830034952460385,0.7365970287956256,0.5796293098144353,0.4787393971845907,0.6972414383673401,0.7776204505744819,0.6146780406748205,0.4249704541399108,0.6485424418181461,0.5830921725915978,0.7866123253195723,0.8093292473236672
DIV,0.5764070019120147,0.39761926441405926,0.4074985966969955,0.39475441032327646,0.4437690519913016,0.37513723646093206,0.6394438849830816,0.6306277385617994,0.4249985015062735,0.7073496727016896,0.7809120317886089,0.6991794061221593,0.4775312812573714,0.5003784237957011,0.37906521340548816,0.21605479589458262,0.22890314617137547,0.17668373907727136,0.467094684050482,0.37741990640341233,0.713407415165106,1.0,0.7340779032423276,0.5854654337796525,0.5018647565649401,0.23311918383297647,0.42126905511970286,0.4120796499771345,0.40124077086712695,0.5960480601888124,0.5297419164416962,0.6613492832216104,0.3367739119848911,0.43039066490325734,0.41901053649750153,0.4715136896590882,0.6097783462751724,0.402038693311185,0.6224775360036929,0.6283864150655438,0.5396391511485398,0.528624339411399,0.35739786418303054,0.5633409681396024,0.5547310940280542,0.37772712379567375,0.47839927959024137,0.5373198891232871,0.5607399321685176,0.4920945468603534,0.3534947015490929,0.647046493073934,0.45444419312388534,0.29061906323915787,0.44044276838044366,0.39640474830704214,0.5499846554462109,0.7829654732855929,0.627803692709125,0.49077714558176383,0.6457251904394566,0.7336408475191,0.3038978736576497,0.3170700568311377,0.153885490724059,0.6663724818338274,0.1254870250402602,0.6322057859299058,0.6352905915257114,0.5850142011598246,0.25664276299134736,0.4835071416832837,0.39043278966290706,0.40581566074890163,0.3450807039333381,0.5320144812464689,0.3817915091059175,0.5869276590822926,0.37973882995776287,0.7242921609190794,0.5211715476306892,0.5585707586537172,0.6580036764972002,0.6988733881899459,0.6577805757876465,0.6856871179944564,0.5524048065746329,0.3763137612361006,0.36438823111462626,0.3283009337739921,0.2646442707895339,0.5794773434610112,0.6285251780464097,0.7044975077250524,0.5551803823624136,0.6767496424647492,0.4360096910207028,0.5361988099669008,0.6927580129255889,0.5233059238687761,0.7733985584724282,0.428834040458118,0.5487331799520707,0.4288599911056878,0.3768698528649656,0.4388458811907495,0.7445906067584958,0.7997461778101241,0.6426162394856484,0.7112202877407766,0.25691777145050293,0.6074087176966285,0.7229022055876313,0.5941585470217648,0.20025690969168722,0.31585058261296245,0.31878080318382335,0.33163666662696667,0.6269222645149483,0.9009596595138467,0.6143201112767303,0.297615201493662,0.31855238233366323,0.35275430049987183,0.5222588541618536,0.36091444773584636,0.4644762874089571,0.20006495716559627,0.2569782129677736,0.34028419092796375,0.5871854772668446,0.7248833305214211,0.604824451414851,0.8097700127580966,0.3095540940542149,0.612603885778124,0.13586164366662035,0.6044164905889795,0.1176808626038648,0.72714700415352,0.6037518545793719,0.24965778785104456,0.7695587585319961,0.6026664319196585,0.7333167348992533,0.8503390714928344,0.5611818958487771,0.5038889945326149,0.5492916678197346,0.6484591661901723,0.644036312972484,0.8223371722459835,0.4443422888008408,0.4362566537155236,0.4569737786022516,0.5863900601292998,0.6711289516838204,0.3532442405807526,0.5497311544056644,0.4192533610800482,0.6087638733361693,0.7169228447489135,0.49697462893123734,0.5754754094415221,0.6950662104960628,0.688517644063485,0.38599848670902487,0.6278194620284889,0.6205937568176048,0.5752213940306362,0.5213926702296736,0.5551242636674042,0.5574223857141156,0.6019109004111729,0.3917151035553959,0.5499666369892803,0.5745937119908014
DIVO,0.6313398885135068,0.5487526778902763,0.47401254981964397,0.5188976696849058,0.6054606281002547,0.5177064236299596,0.7535309674222519,0.71457104514219,0.5528895094931077,0.8826495313262953,0.7595809609930504,0.7843274559212234,0.6185542268324202,0.5766238490103268,0.5183627200866948,0.16733471608781583,0.1601005041900891,0.13700148324140202,0.649777230437355,0.5576246734662298,0.9435762883745469,0.7340779032423276,1.0,0.8241122376730059,0.5492380907728349,0.1595100620609047,0.4286664660200746,0.43378284829018354,0.5310248173394725,0.6480469963504337,0.7110107442628054,0.7351035757234348,0.40020180578591513,0.5607036457340132,0.5707467042622979,0.5603564472405889,0.745132570286093,0.5324669916365976,0.8563174844464904,0.733826341092317,0.6575084141022061,0.6645901866983901,0.40596264791695785,0.670839612355724,0.633882298679885,0.46292094924819766,0.6478808702939727,0.6236557713376,0.6716580640450677,0.5834378954188272,0.5133556536993458,0.716483185616402,0.5116178753701222,0.4206667189329705,0.5086795779070892,0.6050920359295447,0.6969292073938695,0.7862244972141516,0.716999001455477,0.5795390831887557,0.7378378539996909,0.882773285145044,0.33538483758144094,0.35323126498776247,0.15893587065556192,0.6839019042245498,0.04683785758227549,0.7630206656004326,0.8667698449337422,0.759914061426733,0.2154467144067576,0.5634275401849522,0.4268182718582422,0.5652219373061543,0.57009357961739,0.6535909532340446,0.5091718159884516,0.5285901176860298,0.6531631097378157,0.8953993377896049,0.6078786337430455,0.7980428141610217,0.8709789788382389,0.679413637847314,0.7939325488610561,0.7253682976015352,0.6669028290860521,0.4111015059509149,0.4427059345143899,0.3049120622600371,0.32331071104032977,0.8395340626792689,0.5158304456992989,0.8108743676593613,0.5161605581941079,0.7929837984629465,0.47111724076799555,0.5402213129511834,0.7820378017671298,0.6092866513454281,0.8682265244043595,0.5012829750391151,0.7098967698403925,0.6973233244957557,0.6189141033088261,0.688464191192574,0.6196644035507889,0.8973524582379386,0.7241853744453979,0.7632356411978597,0.17705248579574026,0.7055668731968675,0.6648837280122438,0.6573062274591442,0.2405491336698074,0.3506991847914042,0.5450987596024676,0.4426010620372054,0.8640470374118239,0.7851812174470808,0.8556939733802668,0.2549181931718769,0.29069405753287036,0.36939286038544095,0.7252816630687181,0.45587924659154366,0.7430938186308118,0.22581873310001901,0.3591324212840332,0.44778423487326324,0.6388536624767847,0.8655712342720878,0.7242716705710333,0.8175007593284114,0.29159668264035954,0.7460105105711563,0.047078999544988544,0.7229654892919556,0.043782099884512315,0.9326574297857897,0.7419828115174417,0.17069749334265583,0.6739222457436559,0.5989365079413129,0.8538594015342426,0.8737060302327818,0.7511623831069207,0.6465137746437775,0.6943874034428913,0.846185508704277,0.8589425921635975,0.9314051678995415,0.7206114573247638,0.5565744292904745,0.4870335778644425,0.7216774217965132,0.7483482257647778,0.4812271708841098,0.6738362954228853,0.4701036676511939,0.6552398449550804,0.7981820917770337,0.6655981210419414,0.5142301073862166,0.8468587325519868,0.8495036954816415,0.6661456507016199,0.6333438156896799,0.5229881691991061,0.6997782762365644,0.7119267275421101,0.6085468846577198,0.47794764170476506,0.5833251230545268,0.5323891715228812,0.7175989079360786,0.7836387609769639
DSI,0.7187722466086427,0.7665725052827707,0.6455459965801124,0.7523746919638139,0.8149325186909406,0.7674588882229282,0.771377048804833,0.7233354409615357,0.6899599747958998,0.9522013638977745,0.7280099005124874,0.7526500828894691,0.6904979810737732,0.6324125381888157,0.6869356760343204,0.2220583632050231,0.21444731356429578,0.18483263873757175,0.8642143166959624,0.7601488968377188,0.8823310313401675,0.5854654337796525,0.8241122376730059,1.0,0.5508825240833588,0.21181955884974404,0.4764846626870691,0.4579509759462273,0.6390643365756492,0.6180004437428628,0.8175931391223679,0.687791160389076,0.4261018775014988,0.6962542421586443,0.7138997181258265,0.5823915183228395,0.7847797047413407,0.677018924371426,0.9862333057635766,0.7346926583269318,0.7055924948121223,0.7172855400053423,0.4320720746247198,0.6777454918704691,0.6241868529801461,0.4872018704892352,0.7950567829229764,0.6105369782412885,0.6929703119273302,0.6397831339135925,0.6923654279389807,0.6426022784235665,0.5247766280229285,0.5755165234130976,0.5509757428646362,0.8404367800251706,0.7549761581982446,0.8031843842869448,0.756260017458975,0.6316147299232148,0.7364365146139956,0.7627437385912215,0.31796774230148545,0.35010426793401594,0.14780793256399194,0.5822054996999009,0.07698296056246665,0.7921356249033721,0.9804452380936974,0.8000864957331888,0.26825391510190677,0.6321255265064649,0.5637442450803339,0.7573033318597734,0.8080843999623877,0.6737405442672674,0.5642351278196901,0.35557073237273223,0.9171669514015812,0.8326352280972128,0.6418031592616552,0.9428337089094003,0.9557145112275806,0.6146003736985234,0.8299542777940897,0.5752882146013087,0.8268279374141995,0.4013061582011747,0.5641108815914498,0.3753933959877923,0.4076009117284264,0.9840120288556565,0.41804544608043126,0.8694258340743424,0.4046691269087214,0.7988983074442315,0.6437470633538441,0.5965265341263004,0.7762036821432846,0.5983836034291322,0.8244840153435871,0.7018309774622293,0.8781985625703916,0.9476884095043306,0.8896920741682142,0.8599922026308595,0.6291017571277979,0.8871571173375744,0.7885905093289699,0.8411728794793809,0.1878239523830501,0.7598912185517412,0.6394625334403709,0.7528979772267722,0.2574972648858508,0.3546996200529823,0.8313595893192377,0.48911196801967083,0.9846367663852386,0.6344143620973605,0.9840784818490564,0.30280040451162077,0.35851976126217816,0.5095516115783079,0.9003989308338782,0.5017863741148868,0.9531284148450726,0.2441162018887504,0.38360813915746,0.5250354773340471,0.7363514544530881,0.7943551445620551,0.874072256449755,0.7990291622243471,0.3582708125806093,0.7975277331499203,0.08629985547304149,0.749637001877894,0.08373953040086614,0.900711103693855,0.7834770568204434,0.21840026444640145,0.6362129670913214,0.610829972419733,0.9089193318470299,0.796686738174607,0.9131701467275344,0.7386390916864931,0.7919469232635924,0.9561024025724227,0.9818270860000765,0.814785990138572,0.9587461016460519,0.6732548921938275,0.5665991609010497,0.794543729767483,0.7121413768499804,0.6937100708103893,0.6971042856348644,0.5862682717243343,0.6842307932286545,0.7395280064305798,0.803882755625747,0.3350015009681364,0.7394608415397762,0.8152524807434935,0.9247611395837585,0.4365354938483621,0.4010528094413292,0.5791313331450662,0.867041748252809,0.5919933761292948,0.37483818445942757,0.6310542142609262,0.6862944003277337,0.912174589898089,0.8521450504642838
DVYE,0.4903263090153274,0.45245353705277197,0.40715984751546824,0.4332793517771527,0.508576341745516,0.4278346745240704,0.7363761468906797,0.7333316488398142,0.8060377418498668,0.5895384493994643,0.52770577381785,0.6582477145433387,0.5750845886855706,0.4478461817144915,0.4420074965849773,0.1734656466560159,0.18943312102659218,0.135651702922354,0.5574816488224459,0.3647745900948294,0.5457497479806511,0.5018647565649401,0.5492380907728349,0.5508825240833588,1.0,0.19156108813069697,0.6639698160667238,0.56839911849973,0.7544970008975919,0.6168596385276064,0.6601749265622712,0.7326134649363114,0.4811983066713849,0.47808878236275415,0.7324542404181842,0.6403332344126689,0.7160926212302297,0.7818027806628324,0.563759469435339,0.7163934848205062,0.6256652145990503,0.6327770651913912,0.6543472638730358,0.647433240137378,0.5515199122143931,0.5434113231098883,0.6350334253766039,0.6112850615384916,0.6483155432198868,0.6455247804907572,0.618352088827083,0.6877824444569348,0.5932762967903044,0.561579781556051,0.7005369146586612,0.4317177037846038,0.669790825645345,0.5524292575873371,0.7287879710557678,0.9045082791444344,0.7507161400093952,0.4459074985485168,0.46244025080972634,0.48653372958858165,0.34396521333589336,0.7187416646770023,0.10750069952813866,0.7155706284413587,0.553775929377263,0.6325642938376289,0.24365149786959742,0.41380904601500784,0.4888108085326915,0.5123885806150221,0.3736572555190023,0.37344585890593723,0.5232840847080007,0.44988277547049044,0.514983327772599,0.5049979094979391,0.4636654931977908,0.5357601015734313,0.5466294078248966,0.40634225774301724,0.5146505504890492,0.36205601839984786,0.5592023854359234,0.42046190130672434,0.5849855909979004,0.2812383280926102,0.6390497992040621,0.5494817085151853,0.38836668440927125,0.5245432337349898,0.44151948953605447,0.5139484814318512,0.4795130394204888,0.41083751527474244,0.4628944692690354,0.7431297952273417,0.5235130411671789,0.49573449810116044,0.5557187371674835,0.5033456743770869,0.4902475352765565,0.4901472105012612,0.4850474884289895,0.5728658670665787,0.5282254940182967,0.5536002992123842,0.17030248180205193,0.6961138466185047,0.8290404197547777,0.5115977129889067,0.423466863209817,0.4758734886199912,0.48083684690904654,0.46033294719149165,0.5628528765131818,0.5069717529774302,0.5533762822649754,0.26991355812295503,0.272136469879445,0.43982859554756515,0.5280569803772436,0.5876927200928812,0.4913676226330675,0.25300147996581523,0.3288537182100867,0.4727035229705938,0.49171998455519594,0.45102881353051855,0.5373386913688143,0.5529963464359512,0.260994377973082,0.7314509071177195,0.10651118248310258,0.69291251239604,0.08473660892990434,0.5284438616553374,0.6687674614591723,0.216936895704725,0.4433808342131541,0.6833211147111207,0.5709084494000626,0.5622968797130294,0.5210120930921179,0.6826653920740635,0.7603444886058033,0.678644134875132,0.5716689776213444,0.5589154621864881,0.4953247664540924,0.8138429989272234,0.47484244602802234,0.784386844864131,0.8027281974593518,0.33926136731848,0.44028870021398325,0.3888045208485812,0.41169891372017303,0.6038683369186131,0.4384993033156101,0.3763808819145489,0.47613899234369395,0.5029696810398231,0.481641648707707,0.3026802912633019,0.29603571964560854,0.3439720563148983,0.48073439287840847,0.5772431500603781,0.36836111926392656,0.37548419148726214,0.7616688840278408,0.6159084754406489,0.5227479826573995
EAGG,0.5912869244617269,0.2168511141560759,0.27476829057386354,0.23354120476901052,0.19653359254935315,0.20218463498808867,0.25117661007116004,0.23268364578336528,0.2080511901786035,0.17651278886516364,0.11047645405368754,0.21254251032368568,0.23155630650012227,0.18368601801262102,0.13018738310488773,0.9357629877391909,0.9843455701290655,0.8078940981527911,0.2244097028521911,0.18468399718330758,0.18130051087829407,0.23311918383297647,0.1595100620609047,0.21181955884974404,0.19156108813069697,1.0,0.5801335177402251,0.18104936236493946,0.2434102137443965,0.371205856641209,0.29583560757356325,0.20694147850192604,0.16655679960300987,0.19796783697096773,0.21328784207602314,0.19084375489669864,0.2680530235126961,0.20757137951711965,0.21279446726680276,0.27129680934727246,0.24207318876559367,0.2356471085925169,0.13205895494645617,0.1883345006975547,0.34033494893123145,0.20906211142844927,0.2190569590418426,0.20534895205281062,0.2248611022763975,0.2161524223953199,0.1806875032413462,0.20312524609837534,0.22161856983389824,0.19605048117313556,0.27329946556761037,0.21024381487234897,0.22291871722967793,0.1942213074334147,0.29479737713014975,0.17752885597583223,0.2204968388390209,0.22710593788391942,0.2923961152617872,0.28877207055303306,0.2948849481781225,0.08925857939576083,0.9231739443798622,0.2684256270304277,0.2138972512817727,0.0937130949101652,0.6466807621993599,0.2651435614595273,0.2740181540663911,0.20051234950575475,0.19199930902552714,0.2465671281840725,0.14011794429143448,-0.0694183410396673,0.1820593560222973,0.20709773435872614,0.11419999723168542,0.20157698392366072,0.23080282297896104,0.045344728713796204,0.1649708708536639,0.037377662656303635,0.21577789231505382,0.08457326447652176,0.1546029587656881,0.9333021943104032,0.11880611925045707,0.19630640193720333,0.01463546724484117,0.26778093680335313,-0.07526270109001133,0.15413301039834848,0.20421613393277993,0.4656147955802396,0.28067903902612146,0.13561477899916663,0.16453353740902527,0.2141930570138809,0.23992211312704095,0.20520546407825707,0.19133613330866892,0.15382129268920108,0.34671942277059387,0.22677944992715396,0.13148769152953657,0.20968040365430812,0.8086623151392903,0.3000231147075692,0.26076688014375476,0.5164403532372379,0.19163258260563976,0.24369340799382602,0.13678074843823823,0.11961763399077661,0.20396156247040487,0.20532254367272332,0.2092934486801708,0.8614596194087878,0.937738321792101,0.23519468714181854,0.18478776451043283,0.2305853893660378,0.2010909318936074,0.016229045888027625,0.06851039746530639,0.0871374418987982,0.5497443900967042,0.2555473196270579,0.2471311281575936,0.17961898175821295,0.9052670760631722,0.2701354959169738,0.9417973392679825,0.2557590486883913,0.9154493606655921,0.21929080528384717,0.31336521339411655,0.9349558513153976,0.37473292457961793,0.3625824499141486,0.23895827816550913,0.20238531441553057,0.24162510896056408,0.25974089830812874,0.2704459786804354,0.23778548331284172,0.21059458700415076,0.16633537948768504,0.20685032060559294,0.19434086987720234,0.7251785856660206,0.2592048771468837,0.223853919779775,0.21585619882898824,0.16087653100297472,0.23262425061224082,0.35902672116951934,0.19746988121540782,0.19892791355759284,-0.08551437844051661,0.06155939281620978,0.1574464842403121,0.17088533109400197,0.210221409487705,0.30270318352660236,0.21588414811492057,0.2243840931083903,0.1084433413380335,-0.08016300334520123,0.1837043296074819,0.20420879150062912,0.26587020435298614,0.12793763262248006
EBND,0.6232572725418027,0.4452403872693661,0.4257378504820196,0.42200416170473565,0.43538121656111795,0.40977583572729,0.6908468931904391,0.6707629448316171,0.6506327342953683,0.4767401535185593,0.3919440158380171,0.5671612358005449,0.5392433576486525,0.4055590324813723,0.384548036693951,0.5303518029711776,0.5820833146036514,0.4510642149516619,0.5237264794847128,0.335822864110288,0.44652245856946204,0.42126905511970286,0.4286664660200746,0.4764846626870691,0.6639698160667238,0.5801335177402251,1.0,0.5171961112140616,0.6543746007539685,0.679985621490902,0.6619887358840837,0.662357499432221,0.444951067909938,0.446210606016138,0.6378936793939861,0.6096464286634147,0.6874726753296279,0.646037731917913,0.48116626707811394,0.6496684241960234,0.6207780017783363,0.6590472758183176,0.46026096238758296,0.6166667674657578,0.6152223937958947,0.503052214475902,0.6097245452676329,0.6066776969573443,0.6511429497462817,0.5821877187335196,0.5218528749545323,0.6179749255672189,0.5693772345664937,0.5253676937484351,0.671712103132983,0.4181119696624728,0.6573200383496208,0.45948223644651803,0.7085778380578585,0.6593505613982777,0.6709011956794968,0.4004856927893839,0.5197558015971075,0.5413584015341347,0.4375844069732029,0.5116274724853377,0.49309052847343365,0.6863904523874699,0.47693553164673674,0.45136760911353424,0.4667041746392146,0.414926587649699,0.4562511580485831,0.4608942996602182,0.36378923094740845,0.3914840830699287,0.4759312743858988,0.2024661264192791,0.45075201361368844,0.4084117707239314,0.40708070271986013,0.4608120392419851,0.47675961608199957,0.3033762245792803,0.43045126532032296,0.2636413244815659,0.48292409445316437,0.2992235172884602,0.46051174055428123,0.6116019291849016,0.45455778150659043,0.46723322425522307,0.23601723959413604,0.485512757823893,0.20958921880111983,0.4138097808006539,0.4164477423594321,0.5049142339207328,0.45033023369761077,0.5547189669532012,0.42625149772090787,0.42299610549290556,0.5006286938247798,0.44598728907999957,0.4340431682234861,0.39476061526437595,0.4825635882852409,0.48804763200578377,0.3934579520740555,0.47211294343032023,0.4708947290848232,0.6994393703004169,0.6399247865266828,0.6068885813694145,0.422081334537033,0.504795202326359,0.4021971302012824,0.41069197662991447,0.47577775373636605,0.4144503072628866,0.4771649821275602,0.60480362194097,0.6083501986387331,0.3974878238417958,0.44890474230045946,0.5596047755018451,0.4394423453709052,0.2362896310987563,0.269797851040909,0.3776031355285766,0.616126502940624,0.41055027612186445,0.4866734158130186,0.4495297855310248,0.5728886059351406,0.693558667320224,0.5253397104672914,0.683691077553651,0.4559093385107419,0.45534280616786804,0.6646202096360165,0.5903785362376216,0.4667414808785858,0.6765173259539147,0.4982451037802949,0.4621048935572837,0.4774606737181869,0.6262097051930547,0.7024357821294281,0.5946615642376704,0.4873924003590554,0.43571792887947985,0.4466599509061166,0.6494823452678995,0.7155082578906232,0.7066118959459439,0.6940611850210342,0.35360092946458793,0.35886310838528546,0.39004694594078965,0.4545588121057804,0.5070192690540571,0.39926464842197423,0.13779954636617467,0.3583025109983395,0.4033894467252556,0.4139814794360676,0.29838140998831525,0.31588752735543196,0.3335559403902673,0.4393021634338276,0.43435133144767746,0.1412868124372548,0.35481923191088316,0.6391252368275077,0.5628474670465105,0.3901060377839279
ECH,0.4107617910162997,0.3826150753687101,0.37137100355076363,0.38420976567768494,0.4453525090557163,0.3752911562762292,0.5849626810969732,0.587940204100526,0.5632147679522891,0.5029894034074255,0.4699971252566753,0.5368848709032531,0.46820634302790987,0.37443303130167666,0.3893074137731779,0.15958056662043707,0.17601418259578036,0.15098032225717326,0.47170477915938946,0.3141976128292405,0.44617816048145187,0.4120796499771345,0.43378284829018354,0.4579509759462273,0.56839911849973,0.18104936236493946,0.5171961112140616,1.0,0.5316857451528072,0.47652702760411264,0.5277860627353552,0.5635080431079337,0.3553691338662096,0.41969965303633383,0.5509223556277717,0.46245491806321865,0.5630674527579722,0.5476390103447631,0.4663335368708341,0.5517305331159732,0.512842921107502,0.5061170633882703,0.3968141209302368,0.506376973029037,0.4484568565888876,0.39348281228359744,0.5116398087245605,0.48320325482383253,0.49925736736401854,0.4654790149612774,0.4590754496021582,0.5182506689344188,0.4823192556321179,0.4581396147205768,0.5292111941562346,0.3614408820936446,0.5263502146027161,0.490670072444994,0.5850153739856868,0.5623188388721408,0.5812681100301637,0.3706835986109749,0.3807812850565029,0.4079288893139331,0.2728014731979504,0.5560808917658551,0.09994756847056074,0.5644149002322619,0.4620497392077123,0.48403979675819936,0.21903027517146517,0.3572902884936359,0.43958388342841653,0.447664753865875,0.30871888297609484,0.3288106351072384,0.36909926338020416,0.32315246444693585,0.42301418508075744,0.39615341951747063,0.3973571975262161,0.4637059107745347,0.45187524273836577,0.37901746951281473,0.4409053373380901,0.321663669659722,0.48828223322044384,0.27668987815281343,0.5475531419774399,0.24650073166105047,0.3821210491789031,0.45131799892839447,0.3148736142310669,0.4502797690332831,0.3522266740211829,0.47834846564336536,0.44591574854992555,0.3781097525529688,0.4181521066482347,0.5852202447835548,0.4571792176913139,0.4751613541358711,0.4755558146163524,0.41894812076301996,0.41633077034952937,0.38686864790782677,0.4304616765810145,0.48863819308737044,0.43373447532298237,0.49277326554582046,0.16496616100779118,0.5644652393769993,0.552259702623565,0.42417358449059617,0.3367487232367253,0.40939559943683157,0.4124074468386739,0.3153780456710916,0.46421926875224456,0.4171882072413284,0.4577882190550487,0.22973606740311073,0.24800910073531057,0.40446657236875627,0.42691623468362544,0.4291292493178081,0.40710294986279405,0.15011696580267492,0.3054622725458606,0.41607901849636336,0.41623147838113855,0.35538612483629595,0.4753686496974069,0.49144227642561333,0.22877320015047523,0.5780425805579881,0.11096492952123889,0.5432095805299618,0.08726902018544527,0.4344143846644085,0.5254480889213536,0.201029770941627,0.3542137084784731,0.5035067925587211,0.49141861249508173,0.4849036585197618,0.4507289524363425,0.5373965722876073,0.5814799732639794,0.5436919904259482,0.4793381962881075,0.46173548248386637,0.41065688068322986,0.5510782968243587,0.38554421635964403,0.5957251030826399,0.5937433816903052,0.28721778840889356,0.41348621887085496,0.3372232643486361,0.3948983187546888,0.526476717354711,0.3562488848728499,0.2823487438615473,0.4170371970952082,0.4578704941436538,0.39731502732216895,0.2167319219838505,0.2324803860060807,0.2692386223521569,0.4193638748742327,0.5159546509899986,0.2804762703838883,0.36464783407677837,0.5389612509080567,0.5183246412124214,0.39364128421587924
EEMV,0.5379090563756189,0.5634385538002585,0.5158886372417898,0.5580110692152225,0.634751261215182,0.5528479319387508,0.7708576704588455,0.7492122614503083,0.9388603103193813,0.6411246310951556,0.5029395348459701,0.6336939119232343,0.6711131086712275,0.4762774250627176,0.5420754957111096,0.21317106619373513,0.2410034402457267,0.2104566293488076,0.6933561439885471,0.4708512576887841,0.5741935045492685,0.40124077086712695,0.5310248173394725,0.6390643365756492,0.7544970008975919,0.2434102137443965,0.6543746007539685,0.5316857451528072,1.0,0.6410138268666797,0.7781198176279517,0.7139868623959847,0.483522104949793,0.5669705240635896,0.9040431552197646,0.6212033779495,0.773393129156511,0.938229654537762,0.6417165424423251,0.7137162498253977,0.6777066076640664,0.6801399664058652,0.6415074273078026,0.65025973659316,0.6145223267314852,0.5908976839935622,0.7400654846739123,0.6202660354241831,0.681103627667224,0.6706934826640694,0.7990641492766719,0.6596285982756729,0.5704002909411924,0.8013753588507817,0.7258663602367025,0.5359817243145039,0.7198453436452884,0.5742809920007753,0.7879620148250601,0.8655619927156645,0.7752863006602769,0.4351992242500253,0.49539015861909275,0.5174278089822536,0.3679834001765386,0.5999843957872205,0.15948787043201687,0.7592279816020922,0.6294026906364979,0.6792097799874302,0.27872211207356773,0.49281749977759304,0.5897571631019755,0.6826891561431981,0.4747435676723761,0.4103511550142399,0.6382770965670291,0.2738210179961747,0.6840369370828967,0.5037810487354444,0.5071330252099708,0.6600428648105617,0.6306847333055247,0.38016253722210425,0.5398817827145649,0.30091242615150243,0.671120687274538,0.49594568038805653,0.6505623382056028,0.3303401642882502,0.6934172045398764,0.6358610447072781,0.2778484611779183,0.5605903276594006,0.3202003065902225,0.5548762223105209,0.5734910109396969,0.43900075172166675,0.4898139092695252,0.702745200665374,0.5208620292732745,0.6092639529962717,0.6716835466311859,0.6427970425255268,0.6523373927545998,0.5876371242242675,0.47470212716902227,0.5919981728853534,0.5558798586850132,0.629483266732572,0.18571892897662284,0.7563723866383605,0.688458790561952,0.5525663908751974,0.4192689237764745,0.4938243225663749,0.6403810641243914,0.5357550100590427,0.6378368290106655,0.4197132694323776,0.6326781184743833,0.3199160498736357,0.31826018041889054,0.5337423449573868,0.6380548581097345,0.6627511830066848,0.5911256076948156,0.25273756649854334,0.4659083326406324,0.532682593677086,0.5376390964405277,0.4676201287830015,0.6450864632515201,0.5524214252975139,0.3025638846890145,0.8119745862735934,0.1657138040145274,0.7324501091676112,0.11947905361220146,0.5674519105807725,0.7438990816808977,0.263218663770228,0.42460074348107524,0.7029201747061531,0.6235823087163893,0.5341623652598955,0.6379551794827755,0.8261767643934006,0.8848332151165038,0.7671617897217269,0.6486421013516328,0.5516489312137274,0.6127086400318025,0.9136259176491605,0.5083039177569874,0.8750030885887946,0.7773428027958155,0.42082341073334145,0.5214375222147071,0.4704374305575329,0.4883079264351576,0.5811807121015808,0.48401205023110067,0.21885235506990355,0.444927644825813,0.5548261075515185,0.6356363109527069,0.24041255297168138,0.26049473644132426,0.3482358310957416,0.5463049380040288,0.5625030691325063,0.23736294973277156,0.39658066325869884,0.932113511847424,0.737873841159145,0.5506979441009973
EFAV,0.6120305563856416,0.49631251694706546,0.46164475517610376,0.4630361658446329,0.49312771607500866,0.4571154346473691,0.8723647562775725,0.8115942588140412,0.6205353577923965,0.633205145777071,0.5295865453849303,0.7143821817975075,0.7340636409457375,0.4936649773210827,0.43873001865833144,0.3340428910103343,0.37637469443644883,0.3033181955526504,0.624908375338306,0.4470760813889259,0.6455263379153682,0.5960480601888124,0.6480469963504337,0.6180004437428628,0.6168596385276064,0.371205856641209,0.679985621490902,0.47652702760411264,0.6410138268666797,1.0,0.8498009936000644,0.8671696393024262,0.43851774830926427,0.5260097541382508,0.6062878372958084,0.6564083597792825,0.8878475977879272,0.607889890039441,0.6335414515851578,0.780894435218025,0.7841608268967633,0.8069462969762492,0.4860808836476907,0.7858782865008718,0.8664643775408938,0.5300909990889716,0.7301680931207826,0.7606949387647742,0.8201891303367076,0.7021686154448119,0.5095232254414985,0.8337797283245783,0.5637930620834898,0.47907534836153715,0.6296150986914753,0.4906383736265797,0.8164625026387268,0.5903420821517368,0.855396154973649,0.6402974395648989,0.8427036784451339,0.6733911578909194,0.4711850787498713,0.4832909176595393,0.3432609629886172,0.6100765395578022,0.27551890557722647,0.8905846949767593,0.6382063424136952,0.7260503698934191,0.363143382909076,0.5431267859682266,0.4938972395696529,0.49021652217588546,0.44534623725286976,0.5767510393835715,0.544240964335515,0.33698230929921436,0.5192176493597928,0.6477077729249515,0.4548536065483079,0.5984771744304633,0.6569420602709963,0.44153975581566596,0.5716868468320219,0.5207487481678699,0.5561709562660975,0.36283878343389836,0.46646512787746536,0.4562592217997761,0.4304457656842068,0.6135632265228207,0.33356549924610207,0.6473515320304669,0.29196375141658626,0.5464934867523176,0.4245821502921474,0.5194249843628873,0.6289976578700497,0.5836324345040756,0.6084225805476918,0.44313582956739017,0.6004482202268577,0.5391522998366556,0.4973814705579272,0.5189557152390925,0.57240792164358,0.6802664226020754,0.5458687601030132,0.585797130057506,0.30691210413847886,0.8643963938674183,0.6931605785245846,0.6225757466288196,0.33646668206074104,0.4445989616220285,0.4387637870644797,0.4497372673475961,0.6306241058327672,0.605780079643044,0.6309490661262416,0.4671898741422386,0.44773149133113577,0.4083208652219235,0.540587059547892,0.5299869572499941,0.5651422567640425,0.21839386697500332,0.3077637895943203,0.41973660892910675,0.6202874505235062,0.6784108806004118,0.5865580363427713,0.6039179396168196,0.4175367285959868,0.8658461152194483,0.30517433725726323,0.8763115153809277,0.22988675250332932,0.6778455851549114,0.8991284643874945,0.394884214946976,0.6188460006103342,0.7980063971652814,0.6660500538850269,0.6594544017397228,0.5979505536707208,0.7531459765668407,0.8184590419162064,0.7436456479660378,0.6369392870920724,0.6616003120790195,0.5510241355986877,0.6263400768182336,0.589872919299178,0.8328546234428859,0.8573939991045745,0.4159967230244372,0.49287680843153103,0.4722564087392744,0.5619964284196047,0.65924191207075,0.5389813363426302,0.26350504323381,0.5602610467406418,0.5810892473480617,0.489194044855853,0.54952823128534,0.46361809312660673,0.5858436353718153,0.5454107755145272,0.4666244093633699,0.2490262882668626,0.4477732223485454,0.6035099704406356,0.6701002759068931,0.5568571391078017
EFG,0.6781201455238007,0.6803406140796797,0.6180839236120155,0.6626036141532742,0.7285328102360107,0.6576023274501347,0.9395274846008725,0.875548506266603,0.8009000415183006,0.8091111659043871,0.63376568156423,0.7684740981379854,0.8319531572701526,0.587524178261714,0.6252052379275994,0.2832999851460049,0.2972915458740692,0.2599746526190979,0.8552179423915407,0.6193996458983195,0.7546435407410661,0.5297419164416962,0.7110107442628054,0.8175931391223679,0.6601749265622712,0.29583560757356325,0.6619887358840837,0.5277860627353552,0.7781198176279517,0.8498009936000644,1.0,0.8639942382226282,0.46624788067806067,0.6748359442723378,0.8027756613141,0.7012466241299052,0.9682219253738238,0.7913260466705851,0.8229491514862451,0.8313862300309647,0.8781098982473111,0.8924021755067878,0.5527931010348818,0.8349613951401931,0.8394544028257788,0.5550508159130683,0.9220567996673916,0.7734783747194772,0.8897939097559824,0.7376002206159428,0.7291910954273525,0.8166854684943833,0.610777811580945,0.6745592610649132,0.6871138040434768,0.6908998890217373,0.9276051321385451,0.717564298291072,0.9146757857065037,0.7425803240494098,0.8963962768517186,0.6547475895081661,0.46779675748044747,0.4967898816268275,0.31195703423101495,0.6378682532566918,0.1801061450453679,0.959070817089922,0.8175435368393614,0.8852613245139532,0.32854285031058605,0.6196696186965538,0.6122396514729994,0.7139063187413087,0.6320546918829589,0.6127367027341508,0.6185817937465985,0.3058361318485947,0.7964196913070365,0.7080351017100979,0.6166334753046963,0.8173662590165841,0.8154459234754626,0.5087300630834894,0.7143678276961871,0.4725369515251415,0.76825675151247,0.4081234412924345,0.6189974924787767,0.42316917379335695,0.5266038914300496,0.8119901393833246,0.32465677390293424,0.7513874230948441,0.3467154571095729,0.7099043236782934,0.6193356176027407,0.5753303288314141,0.6999563454886899,0.6933033176010088,0.7025115387776923,0.6587196586159441,0.8007335018556824,0.789291634928099,0.771080535239191,0.7253395121448939,0.5961177880707271,0.7778547712029242,0.6948526243017347,0.7577256619629745,0.2268869908978203,0.9301085997899288,0.7113107269122324,0.7027427054618283,0.37613129981540977,0.4795485279012736,0.7371307807003209,0.5243452510864378,0.8188375497252985,0.5592355309606271,0.8190506264736197,0.3886756695635869,0.4073871947154048,0.5364342342864349,0.7684852251585039,0.5927398324319485,0.7747004802876732,0.26358499705953287,0.39473032012843673,0.5548095004560264,0.689494725175834,0.6675107667259573,0.7853521475935935,0.7073032670422479,0.3950334907432597,0.9644865832507216,0.1924646104193918,0.9422284919144417,0.16134339049052066,0.7692719303380618,0.947096041359817,0.31178274107076603,0.5851912218689366,0.7815224175303264,0.8000476878155287,0.7033968423662151,0.7997485825633766,0.884645274130432,0.9510507009792551,0.9145992474545693,0.8260435975075818,0.71559097648705,0.7839191613249613,0.7807377884098359,0.6087120636986859,0.9516190029719176,0.8681912796024225,0.5603428331880989,0.636651755906641,0.5636264885320823,0.6494046161103431,0.7234006053662722,0.6624374908332363,0.24849252421910387,0.6223592515064057,0.7246078518862212,0.7620009896547297,0.39240289138397255,0.3638356649662532,0.5387819921839786,0.7229663812672361,0.5883087397574057,0.27226601752943347,0.543712122722666,0.7950831112769267,0.8765637243092849,0.710277563727225
EFV,0.6105831993832632,0.5146667625002109,0.46487192650317394,0.48753885112435263,0.572243515939957,0.48086067113371694,0.9651044919552098,0.9279119582440037,0.732824309919241,0.7525924919633898,0.6970795699784582,0.8068563982613458,0.7987972652624931,0.5656381443979345,0.5064984258652269,0.18657192217436006,0.20721890359508965,0.15219991035989558,0.6900877325262554,0.4446035646552398,0.7391402610809025,0.6613492832216104,0.7351035757234348,0.687791160389076,0.7326134649363114,0.20694147850192604,0.662357499432221,0.5635080431079337,0.7139868623959847,0.8671696393024262,0.8639942382226282,1.0,0.4815342758860893,0.564137295610352,0.7289893373428198,0.753625716396453,0.9560454007795905,0.7103497400939175,0.7080029118202982,0.8528429556798713,0.8418798047806846,0.8880040311914578,0.5514791971817542,0.9035602284609517,0.7980539261257649,0.5480940190854493,0.801378480714668,0.8724295742361996,0.8977916618199339,0.7335452534912551,0.6279972096198708,0.9239454142781534,0.6357415740046473,0.5738953578414635,0.6937634166717522,0.5036358663016403,0.9101006339885092,0.7228161261299689,0.9265050493354282,0.76807806733098,0.9747042561256476,0.6469449467252811,0.4704093983985778,0.49571271599750544,0.3064294154029044,0.7860383015423167,0.0960058356909569,0.9518803978580707,0.7030876456701515,0.8555495360038061,0.2726538819386797,0.5059828119219615,0.5221228942443544,0.5622184952888963,0.43586464156294275,0.5180746613132355,0.5918728795048698,0.5212457837593448,0.5940821226257887,0.6750575270475686,0.616160884878534,0.6654416729301424,0.7056526525691578,0.6075423406663972,0.6883777955283711,0.5897647740566005,0.6431140132368858,0.4383663980701305,0.5498515565765947,0.32765806642063317,0.47864095741729495,0.6874039108481934,0.4733288870903585,0.6908714813394201,0.5035616140074696,0.6863328316163888,0.5100132677773264,0.5314684881945364,0.6411487705723796,0.7624276489649561,0.721353960713235,0.5253545633788772,0.6481925263977939,0.5893373244015554,0.5535770881558193,0.5695836817558206,0.6315558338948322,0.7626082738555214,0.6533615210408339,0.7024842421192437,0.18246946514034912,0.9179149246074211,0.795300662237137,0.6440774324234625,0.3854666290089292,0.4805972449842308,0.5365636197214485,0.5062372182555034,0.711400623123824,0.7004383142366273,0.7018688607009713,0.320909956811324,0.31286874944988813,0.4450472899064485,0.6276065990339758,0.5807916563865756,0.6016286786723849,0.2693337388299888,0.37542314627345996,0.5144529827862634,0.6219716617272948,0.6250487508714238,0.6522129819967925,0.7376133017116203,0.2991568095609891,0.9467191446819798,0.11086125323313514,0.9423680463085923,0.06689906460144082,0.7232753521690777,0.8767036740486749,0.24871387825339297,0.5903796358193065,0.8057530473172669,0.7317120734013945,0.7588362540481675,0.6376040011269699,0.8363072836472552,0.8936330450973251,0.8311299769590723,0.7186672354716511,0.7661097553998092,0.5953927406574532,0.7262155823540247,0.5473069497077653,0.9219422734104039,0.9783159438891493,0.39061220895733184,0.5864561576300523,0.45678125782874496,0.5898961014959254,0.7568363620230446,0.557181498298396,0.4467447340413321,0.7031555629297881,0.702098520320635,0.5599019844651145,0.4572670300459233,0.4008054943111775,0.510900197813626,0.6037247706243077,0.6308190960952037,0.42151891898853716,0.5115509385020208,0.7033162019634964,0.7201709807051319,0.6409387341597061
EIDO,0.3737321703253598,0.3502595819957966,0.3301348609552885,0.3382688603324844,0.37142185605620126,0.34176401915105215,0.49799983623383803,0.49668885614378816,0.48173510086237165,0.4343089394567839,0.36348652635018824,0.44055999701557674,0.41776537909051226,0.33118907018958704,0.3468104399829357,0.15428404784872124,0.16898011832417764,0.11722691173667683,0.4197658491073139,0.29906758099740277,0.40450597245296555,0.3367739119848911,0.40020180578591513,0.4261018775014988,0.4811983066713849,0.16655679960300987,0.444951067909938,0.3553691338662096,0.483522104949793,0.43851774830926427,0.46624788067806067,0.4815342758860893,1.0,0.3288908186899297,0.5031118962226232,0.39712761142181113,0.4913183057970606,0.47543233677637214,0.4317141797654589,0.49611400397527505,0.44068515166497385,0.4331576615881062,0.3271969935075538,0.4379798175943947,0.4092803882860734,0.44524934119060067,0.443187049820279,0.4067232306881918,0.4339914680018341,0.457573389936881,0.4161735094737993,0.43936625154405123,0.3915677574166079,0.3850877770361799,0.46139297476067753,0.34548813305682474,0.4525492658603405,0.40152346706912295,0.5084813711604733,0.4884108122799368,0.49767324355283926,0.34609185693239236,0.3081963769860872,0.33744625983302273,0.20641905263089444,0.42585568894585185,0.10717211260214,0.4910324209014233,0.4253620123883774,0.42443925848053016,0.15178622679821394,0.3219062004999583,0.32567335056878643,0.38353442079885813,0.31991256251043904,0.31542779727210013,0.4304849272721667,0.25700842981293365,0.3940771289291131,0.3848393714492099,0.34892809865593166,0.4040413406498227,0.41645528726239417,0.2919865284784958,0.3824129465098787,0.2624483000759494,0.3998506368886245,0.30817818257294655,0.369651522773779,0.22682815699216227,0.29710236385308875,0.423405223121581,0.25209168005046223,0.4155556396857481,0.27381619983495387,0.3640809786128335,0.32258542322679307,0.31922571005239964,0.3571781133601611,0.4475919942017148,0.384632454141337,0.3441019814381529,0.4020617147011366,0.39032484355907765,0.36092360866768103,0.3804577017382401,0.3434949610388417,0.4218499128883265,0.3892944091968215,0.40389086128089946,0.15250900713300516,0.491246905299518,0.4491916580549473,0.38276723729277345,0.271859357157179,0.3230417916370558,0.3477025908694289,0.3560530545548113,0.43217564548666515,0.36165094639303874,0.4262638744594666,0.229963011637492,0.22302760806776248,0.2838678720703839,0.39781861253380596,0.48534266986124214,0.38959865371685065,0.21729433304147872,0.29535100665118064,0.31819670639639275,0.3760316565226827,0.34792262683312003,0.40338573542422,0.3951655774278176,0.21056276383365435,0.5006388197946982,0.11995112991651997,0.47053276111621206,0.0895371673295102,0.40336738520965854,0.4950645784723454,0.17210298901677948,0.3559995442086018,0.46282453953206765,0.4229803833915642,0.4009354945192445,0.39977280978817015,0.4729655639303552,0.5047724883868673,0.48657715223312115,0.4344133198532176,0.3926775431516089,0.3989116667266864,0.48984634984058684,0.3422141308575803,0.5179578921507264,0.5150994286834367,0.2779016294987901,0.3377648997126307,0.30850472852753347,0.31269267743159174,0.41593252580673845,0.34124512179439925,0.22783223896258537,0.3386940111006132,0.3725562347645691,0.37844455857855114,0.24091219841441253,0.21826417808524365,0.2732869672105491,0.37509235384159667,0.3614063753186761,0.23477576129033204,0.2554932606330742,0.47953896628748927,0.4334987560689013,0.3881808631139465
EIS,0.5487795145703683,0.6446231495602434,0.5506097268270663,0.6270976143294257,0.6645753412289088,0.6351175730246841,0.6449962762194004,0.6320170055551767,0.600316926525643,0.6924949156858401,0.5479012973748102,0.5877192145500044,0.5524133866982063,0.5008186970864602,0.5755183056158705,0.2020425629477624,0.19929537614001686,0.18420887221824458,0.6874924738827008,0.601231941112826,0.615071811198471,0.43039066490325734,0.5607036457340132,0.6962542421586443,0.47808878236275415,0.19796783697096773,0.446210606016138,0.41969965303633383,0.5669705240635896,0.5260097541382508,0.6748359442723378,0.564137295610352,0.3288908186899297,1.0,0.6093007473604107,0.49061344077676994,0.6467284535201965,0.5878477662768682,0.7064264192209836,0.5844633037468183,0.6024712021470328,0.6020771329666044,0.3730470542866181,0.5543397884910618,0.523560724109362,0.4030689862195922,0.6540687126154404,0.5088960600059443,0.5652272025151036,0.5231112296408649,0.5764385374941875,0.513920492818798,0.4310405246077954,0.5093894175239567,0.47732942947953194,0.6437235881853165,0.618200224596948,0.6190774353060925,0.6494989092819368,0.5297977605057925,0.6020548597221377,0.49805638699423693,0.2787379877725059,0.3132721215837647,0.16537002855483457,0.46488741485205,0.10624408804619474,0.6425947183662889,0.7000323523602918,0.6183049787291861,0.258715866564892,0.5052758306998053,0.5298842162440794,0.6566861016629517,0.5961951193272549,0.4929981707084801,0.45753834617772055,0.2422440323128207,0.6796609834519952,0.552878077647208,0.5137011268976212,0.7055161238644108,0.6809450045072695,0.46434620373217966,0.6224159692516704,0.3844515265860536,0.6994868010033432,0.35016055105266025,0.4888018864078112,0.3113882769225331,0.36604802941067094,0.6995696435919241,0.30526381555792376,0.6269917645471507,0.2907322918136669,0.5790253466648669,0.5804523106002494,0.47749656307534927,0.5483246025419636,0.5033998352844651,0.5876839730303728,0.6090596953206997,0.7141497318373236,0.6998484528821897,0.6840430636240923,0.6285648519486964,0.4992375692341168,0.6399891034462901,0.5964602211098726,0.666992177346578,0.18011355017116493,0.6664126059973144,0.5437777982337644,0.5683030571377868,0.2291054172766942,0.31080111898178714,0.6335492930449559,0.40135901419289316,0.698342161118921,0.4544928199808114,0.7005007882484205,0.2584736114188822,0.29542361442946785,0.4989830779104689,0.6504386634275888,0.40985919739984616,0.6890298207634413,0.21555580648924827,0.36092715303804257,0.44646712345840506,0.5606604533229973,0.5213292607736494,0.7017724377817476,0.600450645851539,0.2938408543067522,0.6611775660562057,0.11050420687168924,0.6231515222487247,0.10313512558913458,0.6137478885972638,0.6253265281625262,0.20184408432147494,0.46864006260875896,0.5601664821114246,0.6776305021048973,0.5744082132601169,0.6959653904986107,0.6096322286426086,0.6663471173244702,0.7264769575109723,0.711830562634008,0.5635560824226317,0.6971202780668843,0.5772725072366862,0.4744754406725926,0.6637514970611325,0.5856183712774016,0.56851421629202,0.5564977980443172,0.49630849779724706,0.5183084277301109,0.5425369744609098,0.5849474345041095,0.21467775790592444,0.5200109728697903,0.5825583694174283,0.6709269568918651,0.2523729131447607,0.25310188485661855,0.38870955248856065,0.6400171278339839,0.4878270079550185,0.25809327317567166,0.49104776896730046,0.5947341971507174,0.7299406926747339,0.590350706840071
EMXC,0.5584062730079694,0.5806583190093543,0.5286505131000844,0.5837899283355629,0.6864727175592261,0.5803712510129831,0.7935959150731182,0.7764056442950062,0.9343208663819826,0.7153290824616293,0.5669779329415854,0.6696589854657574,0.7215098538825314,0.49720865246015894,0.5936648574615147,0.19713842346336516,0.2123051012171686,0.19109285423160366,0.7569130060370919,0.5134782591918288,0.6238379501542509,0.41901053649750153,0.5707467042622979,0.7138997181258265,0.7324542404181842,0.21328784207602314,0.6378936793939861,0.5509223556277717,0.9040431552197646,0.6062878372958084,0.8027756613141,0.7289893373428198,0.5031118962226232,0.6093007473604107,1.0,0.6413252128724707,0.7953775754792346,0.9219564282200947,0.7111686318495977,0.732802181805391,0.6889113712537036,0.7027626841826475,0.52629885628657,0.6745894609996272,0.5944895603110623,0.5667631102869465,0.7821844520057277,0.6355371752990804,0.6886399255883949,0.661259410847722,0.8860803681823928,0.6620583837855041,0.6110801031359214,0.8939702152216314,0.7142786857635613,0.5722440274534316,0.7450216505922146,0.6327527961904963,0.8063198641545604,0.8302066469600188,0.8160874400324329,0.44465486669605836,0.48646148735801326,0.5163093001095611,0.3576754294613137,0.6326555554193477,0.11658677736794357,0.7783394823606523,0.695369623716678,0.7257172998512547,0.24898999146375161,0.4863945340515252,0.6018431097358028,0.7211380845633389,0.5135252304819369,0.39957329310500095,0.6673406645303952,0.3218846845277681,0.7831173434325024,0.5411643028690165,0.5507907864102363,0.7363990195633122,0.6888364317214045,0.4334537829700245,0.5935272889599698,0.31153794316046945,0.7176056260624578,0.46265895903489945,0.6203603644687389,0.3179321974044706,0.5108692943343625,0.7073319457533485,0.31903428621526536,0.5906650909846208,0.3899053271861225,0.6368589437309808,0.6100306627748547,0.478155141946283,0.5246160147995713,0.7273478838954496,0.570384559148129,0.65496135482475,0.704737090704712,0.71757326946811,0.7223238669282241,0.6510417918102025,0.4941669807509476,0.635859411158849,0.6154183614372626,0.6893766350257534,0.1737145278426903,0.7720281602911027,0.6635477436834094,0.5740358164856605,0.42813251484474896,0.5032150988227685,0.7494395402425013,0.5725008886102478,0.7089601414346863,0.4389712752949674,0.7021297740682382,0.2924800044742942,0.30498849121030763,0.5271387104861927,0.7284247916440191,0.643992515877835,0.6552902845925448,0.2766296142811748,0.44975009990083875,0.5796119929616244,0.5575123165129687,0.47597352966038764,0.697476630066229,0.6077249276512098,0.2961595687920868,0.8458553152421049,0.12446804891254416,0.746774439462937,0.0940218529386917,0.613189482639231,0.7390469775703996,0.23397119186461807,0.42092640180943425,0.6639615988012472,0.6706256668958913,0.576254352843956,0.6876422109077047,0.8791320293017384,0.8945524119558961,0.8157894599483776,0.7166224860168658,0.5995894989016138,0.6814762818593109,0.859465132422954,0.5050664482680837,0.8853326720934939,0.7816605119196455,0.42917523335986535,0.5768290024798414,0.47026591507756615,0.5217819559120197,0.609832173237651,0.5078439236232944,0.27004419805087865,0.48568875787098803,0.6268903528182486,0.7281691128247432,0.2115923097928911,0.26136006871991185,0.32651778666027687,0.595439014809869,0.6150654285858866,0.29234448532784085,0.42959039300802604,0.9191998695323074,0.7758142171069712,0.6116638654357276
EPOL,0.5210368068790966,0.47781449765866213,0.4103020076328945,0.4457859416550226,0.5079357490422166,0.450095818968053,0.7607823871555149,0.7300157685818877,0.6428886916705041,0.6102699414336,0.5266195033264041,0.6372459756443617,0.5715412272713346,0.4852302779877296,0.45752208598835986,0.1892297289392835,0.19504215312098433,0.13300142661346562,0.5823980377985711,0.41159475625257663,0.5747858309656229,0.4715136896590882,0.5603564472405889,0.5823915183228395,0.6403332344126689,0.19084375489669864,0.6096464286634147,0.46245491806321865,0.6212033779495,0.6564083597792825,0.7012466241299052,0.753625716396453,0.39712761142181113,0.49061344077676994,0.6413252128724707,1.0,0.751481809119265,0.6311631157599273,0.5941242173039103,0.6644521399616902,0.695027060443789,0.7504449859287945,0.44279285914338257,0.7415850019197477,0.6185602672269811,0.48088730187984446,0.6921926465550977,0.7100544548869632,0.7367096318953505,0.5964384103174087,0.5252345546565927,0.7014910112360124,0.5509799001287229,0.49620645409236036,0.6062622787356352,0.4665965980470867,0.7577008774977224,0.5653400323762167,0.7410650219143099,0.6583582867741148,0.7523336218500748,0.49482035454999096,0.4033649851573851,0.4320906241114695,0.2696846924494931,0.6084190478027182,0.09708923800851044,0.7532972193207272,0.5883625626926208,0.6506814163610599,0.24117173178964643,0.4193897561293909,0.4651843932013484,0.49957914430421907,0.4153403193920189,0.416020147157107,0.5350894773682869,0.36126943512549947,0.5324646704734842,0.5249343448310025,0.4964681620290722,0.5725962502504107,0.581182018378931,0.46067234511279004,0.5575701823142359,0.4267843377863219,0.5563633845303995,0.39119758995577253,0.4797704962540139,0.30162414939958887,0.43305334771827275,0.582067673154943,0.35731724247080443,0.5573684876800167,0.36860117571094314,0.5366299416461195,0.4628829499470653,0.43622277456968417,0.5083771532465887,0.6163398536597643,0.5605986373624899,0.4773197697137542,0.5711594653925796,0.5319617435527637,0.5143166721372089,0.5072274706271259,0.5017247173397114,0.5992816278805775,0.5381313508371717,0.5689155376697879,0.15235415304989824,0.7359665124542024,0.6369765120334124,0.5429327565001137,0.3383355215654641,0.4210644289744834,0.49097187480833887,0.46379755872569944,0.5944049198798583,0.5028617334953448,0.589275701006281,0.28222077975074883,0.28888342891510765,0.4038353937379203,0.5412999623458196,0.513920302406622,0.5313882171518876,0.2691714409969728,0.3395292163544736,0.42123335601647954,0.528177971763297,0.49072194454200074,0.5585339285073332,0.5727290123639822,0.2806872042837131,0.7504572255657528,0.11196185552279377,0.7682407746252686,0.08906758103343383,0.5780316935404471,0.6883849717792326,0.22208490317045235,0.4420785828330432,0.618958884997864,0.5947212599218407,0.5783611295399765,0.5478302332181378,0.6337521368495271,0.7273729380030489,0.6861060545482722,0.601269771453318,0.5753378105947176,0.5345039222429107,0.6426797354348436,0.4934235758210888,0.7497403978766396,0.7615391659241388,0.38031069311002674,0.47170796976156915,0.3919816023173653,0.45526830906043964,0.6000265614696861,0.474661832817825,0.29321237767037206,0.5341588220877597,0.5454211431995164,0.5082718641458335,0.3295919838290003,0.28778475608763265,0.37870685970896056,0.5225565390885211,0.502519039182266,0.28234185117863214,0.42246517801544053,0.6272012885677548,0.6179274030395593,0.5365676171253797
ESGD,0.6730228174923998,0.6270870599028371,0.5666929050305972,0.6028206505032451,0.6787194136022553,0.5974845624819007,0.9838909673640414,0.9310133168535096,0.7958212148034143,0.8096190145903902,0.6830004145713299,0.8126445320918904,0.847973373590656,0.5996117531995414,0.5917668687260725,0.250401869754465,0.2691853829599739,0.22132645240947763,0.8063557119417241,0.5608958581954343,0.7729084298571931,0.6097783462751724,0.745132570286093,0.7847797047413407,0.7160926212302297,0.2680530235126961,0.6874726753296279,0.5630674527579722,0.773393129156511,0.8878475977879272,0.9682219253738238,0.9560454007795905,0.4913183057970606,0.6467284535201965,0.7953775754792346,0.751481809119265,1.0,0.7803564664968367,0.7976065962542461,0.868536596237454,0.8904658710968746,0.9214085881629654,0.5707213302122756,0.8953525944708457,0.8466875468032451,0.5678475454116314,0.8981998412324017,0.8457698850435232,0.9226618422770152,0.7605122726659078,0.7049217833434149,0.8930157657961563,0.6447185376661132,0.6502468928118073,0.713350058492758,0.628064186506928,0.9505129149859681,0.7421706265056962,0.9523820561906793,0.7795333922300495,0.9643187604491266,0.6734495863537092,0.4819260758801695,0.5104402969595269,0.32013524554653855,0.7276105196866803,0.14982212827712457,0.9883608495357137,0.7922031264451957,0.8994953777059354,0.3154516908393801,0.5865263104888117,0.5897371534322041,0.6647693683590649,0.5638925283985884,0.5876899496818945,0.6273624025962561,0.4195715478322268,0.7293007036798783,0.7170538119672376,0.634201681293411,0.773902231959642,0.7924101496373864,0.5708849851881089,0.7259157220368606,0.5445782142000978,0.7337056564624314,0.4380438956135477,0.6062913582495867,0.3967602317915752,0.5207851103599226,0.7817791683714401,0.4072575392787437,0.7498297256523314,0.43410016265544155,0.7211256958429592,0.5876316813392055,0.5769304750490972,0.6957883433173473,0.7456425684054618,0.7353403062811942,0.6174436680933006,0.7552847818912152,0.7229978411506859,0.6955693842179116,0.6757241495715655,0.6314207014410451,0.7968119580710346,0.6970905720438878,0.7554546536056453,0.21857753222223067,0.9573114210439986,0.7748344961830221,0.7022581660490483,0.3921505150233753,0.4936010299954818,0.6669398118653894,0.5341039046575428,0.7967558958162301,0.6441111838328343,0.79206768474673,0.3725447386849966,0.3811435920158956,0.5114404297090491,0.7291641616117842,0.607652257956426,0.720446415351912,0.27847150612620536,0.40253018772214716,0.555615832796254,0.6845454100693472,0.6719495426554967,0.7487835641794597,0.7434196876629501,0.36773657961589223,0.9894629238098646,0.1641546912294691,0.9737713488328031,0.1257144321660058,0.7746858231006215,0.9471844158637963,0.29729432633358893,0.6088337581554549,0.8208497473421117,0.794991764147967,0.752992345200717,0.7507808298751216,0.8936316150939428,0.9569754901229836,0.9066802915493767,0.8038147892670715,0.763945247183526,0.7226596400480185,0.781190707647235,0.6052919035241635,0.9702779350897267,0.9500728942656903,0.5019980965143246,0.6316377943111184,0.5313383835751329,0.643116332222097,0.7609262768491449,0.6363170967985666,0.3523985626486019,0.6818474696776151,0.7377704188397153,0.6939763035169754,0.435832292351853,0.39521793838907365,0.5438475640764915,0.6910343995484828,0.6248856458137823,0.35169126227215786,0.5448308793762305,0.7784790440453113,0.833410341763523,0.7003600867239129
ESGE,0.5471394771322814,0.619325598444619,0.559205915985992,0.616610657113825,0.6939553086784565,0.6118224914417342,0.7758132649830327,0.7524280269280816,0.9830503522178019,0.6776078809243364,0.5377902626099047,0.6581820575430616,0.675037964487214,0.5069488380769989,0.5896689691012889,0.19053865477014845,0.20405983718395465,0.1750347141653322,0.7374397676075795,0.5055589641062969,0.5802512542542324,0.402038693311185,0.5324669916365976,0.677018924371426,0.7818027806628324,0.20757137951711965,0.646037731917913,0.5476390103447631,0.938229654537762,0.607889890039441,0.7913260466705851,0.7103497400939175,0.47543233677637214,0.5878477662768682,0.9219564282200947,0.6311631157599273,0.7803564664968367,1.0,0.6774386418849405,0.7213111211218721,0.6841459985629149,0.6910372034762139,0.6959095929859519,0.6558510128739639,0.5873363931664904,0.5655464284073443,0.7830127959370603,0.6105000205292863,0.6841636234037362,0.6916679109466034,0.8252676177898715,0.6530150223290235,0.5944119529634454,0.8199786181085047,0.7522699823324229,0.5900077675211471,0.7357317493431312,0.6048450438802513,0.7908610721334817,0.9061337161334513,0.7831438292003342,0.42271390131356895,0.4645931253841419,0.49302970133327667,0.33336478526602903,0.6199125588589556,0.11500144113388301,0.7656288410549291,0.6618885237152169,0.7066029183435164,0.26374820071576455,0.5090246090678315,0.6150985295226197,0.7242404814293981,0.515787501044455,0.41089878383591666,0.6037652078246438,0.3050264878540731,0.7329299124071248,0.5092324900006394,0.5289723889947634,0.6972636546545578,0.6524309334927317,0.40566375903731333,0.5727282725636976,0.29746171287449774,0.7239289537285145,0.44371049791478184,0.7027350139276503,0.3100338557686809,0.788681202832682,0.6714216149727352,0.2974624892591289,0.5790396421817045,0.35445113127006683,0.5804469837818028,0.6357565205861434,0.4632365453220058,0.49988016824875986,0.7210155037638674,0.5406025335885535,0.667647104550797,0.7197749837939244,0.6922822370306551,0.7062912045929953,0.6340538851030005,0.48786112481997407,0.6089685651681808,0.6005190769802417,0.6633349442801698,0.1468938780287636,0.7592837003927265,0.7133621248578886,0.5640382906152007,0.4054134482214768,0.4825585692990862,0.7051238209817655,0.5066642706636716,0.6718733086834638,0.4144882154846288,0.6656678864887647,0.28154989368378536,0.29681839134251387,0.5764087951114598,0.6825010756182597,0.6467576675806767,0.6371527305177893,0.24580366523767305,0.41977478899550513,0.5519829949408492,0.5487177690438575,0.4507284389014734,0.6872245629367303,0.5806771424215222,0.2888417055577843,0.8197550315181554,0.1136147175141629,0.7369487617596298,0.09184816039214648,0.573817005475872,0.7491366398368733,0.22188092061501347,0.41471596344159944,0.69697819605967,0.6516753504518943,0.54506133721558,0.6774651437007544,0.8332630393451987,0.9047388929931529,0.7981571644265747,0.6851163609532629,0.5521716862746627,0.6610222844317799,0.969852791961955,0.5033347174091393,0.896496482468936,0.7789412992149021,0.468939967602411,0.5310059381029939,0.4934122458022534,0.5007639247668213,0.5893569166453374,0.521112463554747,0.24985400719646178,0.4547389238367953,0.5686229350105698,0.6813624776972526,0.20631943132189254,0.22595915622753696,0.3193408045252704,0.5926805902706497,0.5801805349310831,0.28321153502996105,0.4333022541221332,0.9888949433945595,0.7850498863295537,0.5860749809036195
ESGU,0.7319205031911641,0.7784234994550503,0.6573428308616124,0.7602952912199155,0.8139841705957634,0.7733026025887125,0.7863033832432292,0.7392958954322147,0.6910212496824752,0.9715957176483431,0.752638098288563,0.778275193214516,0.6993680206838208,0.6503092361901027,0.6893992632651446,0.22248566599557282,0.21512103356417486,0.18628072038081278,0.8588948078218781,0.765487601423428,0.9069781625938087,0.6224775360036929,0.8563174844464904,0.9862333057635766,0.563759469435339,0.21279446726680276,0.48116626707811394,0.4663335368708341,0.6417165424423251,0.6335414515851578,0.8229491514862451,0.7080029118202982,0.4317141797654589,0.7064264192209836,0.7111686318495977,0.5941242173039103,0.7976065962542461,0.6774386418849405,1.0,0.7535614086606816,0.7154031555431002,0.7242420325255199,0.43876455017900423,0.6881414839160138,0.6374143939177364,0.4941263529542676,0.7948189420735303,0.6242024375887634,0.7018341990999317,0.6538815747080402,0.6829436224816858,0.6624753422529575,0.5308258760780701,0.5674101675626061,0.5574224763144983,0.8551990293492787,0.761677759116179,0.8230546316977634,0.7686723015042852,0.6398729965050881,0.7518866536095857,0.7918283743773329,0.3258862877491585,0.3587870769150491,0.15064467520869296,0.6129018572800254,0.07649431638569494,0.8067105415456161,0.9946917371909844,0.8163523508377868,0.2687792198195554,0.6538725787699214,0.5727850505129091,0.7659119066140961,0.8053688568251052,0.6936354522450439,0.572163684732434,0.3990202605123204,0.9057898384440407,0.8601072466374441,0.6538784130296019,0.9546128595393286,0.9710124836230086,0.6374086776242177,0.8448292545479597,0.6098639594998436,0.8394526784257174,0.42051668940222026,0.5637450256049873,0.3795454872227339,0.41362403389463515,0.9940075845969562,0.4497108369482234,0.8854768278153028,0.4367400253300755,0.8120011057391854,0.6529200888594443,0.608879354774478,0.7940812451973294,0.6123216021749852,0.8540842292202372,0.70562223567193,0.8922124361269372,0.947281718728272,0.885440265399902,0.8680340228650758,0.6499061958087928,0.911608903669208,0.8097595876438242,0.8590378689870001,0.1962905967760569,0.7707977461365426,0.6623187267466395,0.7669021549512668,0.2618112791504466,0.3632759702404229,0.8119614863690822,0.4957817273191088,0.9973063924867376,0.6703481827206619,0.9946764508681797,0.3086612297373171,0.36334821442576115,0.5202079163927692,0.900792363731085,0.5071897348731521,0.9580299572658089,0.24758829336672625,0.3953902257793833,0.5289813262999957,0.7480992679173835,0.8217489757791978,0.8895932301626575,0.8232756780825902,0.3623578766323903,0.8094570758087264,0.08505008910135843,0.7608125697121332,0.0820630861336432,0.9251290905389676,0.7966904460311235,0.2184596147425978,0.6599564062649891,0.6240973318072539,0.9312919825063107,0.8272857169963447,0.9265291094750289,0.744814022627817,0.7979587617992255,0.9685731577637878,0.9958125472758027,0.8489311431789932,0.9591407919266803,0.6782055261860889,0.5748431324165191,0.8048031523719478,0.7331388087365925,0.7032360111401866,0.7155938569629342,0.6032000377662072,0.6952627417517626,0.7603560189973878,0.8226357147663254,0.3800568699073342,0.7708669968617603,0.8363436901276106,0.9148635104944565,0.46264346715878946,0.43168697053592664,0.6119208868324507,0.8762902347533785,0.6098558225925306,0.4127444328903271,0.6496110867253508,0.6861916562077893,0.9176013172394166,0.8690753919450159
EWA,0.6455911347770038,0.5866267607219566,0.5248327583798671,0.567941221352398,0.6397779351443215,0.5648326010768385,0.879749980189121,0.848586122883758,0.7393500852966567,0.7748442445471192,0.6811294614156201,0.8386794521483246,0.7152377845707711,0.5577066530782218,0.5613275071149951,0.24565510890324793,0.27161472059592096,0.22357914111914273,0.7116148561213466,0.5302516298307027,0.731895184696351,0.6283864150655438,0.733826341092317,0.7346926583269318,0.7163934848205062,0.27129680934727246,0.6496684241960234,0.5517305331159732,0.7137162498253977,0.780894435218025,0.8313862300309647,0.8528429556798713,0.49611400397527505,0.5844633037468183,0.732802181805391,0.6644521399616902,0.868536596237454,0.7213111211218721,0.7535614086606816,1.0,0.7691014261623165,0.7551853139117015,0.5526196871314026,0.7481791329998948,0.7129466764275377,0.5684400277416747,0.7484705876141003,0.7123739849539154,0.7656147422844447,0.724921143061467,0.6470427142408468,0.8190108347372285,0.6130118331470781,0.5930578312272186,0.7007139012138383,0.5878252595592557,0.7894043656883238,0.7199853258545381,0.8612044051263338,0.7505886416886128,0.8660863240340276,0.6463713322146357,0.5266367415048785,0.5514770213696388,0.35394850148602586,0.7794186139898807,0.158184022758343,0.8747864273693021,0.748651865595866,0.7618525426907732,0.30353760348959297,0.5302218439661953,0.5432189427048636,0.62348734431395,0.5356009633933027,0.5526218931140443,0.5552961402588864,0.4953461877586081,0.6609474838546863,0.6907221035468496,0.5694584534930347,0.7203366267384116,0.7442609502656189,0.5564005455317967,0.688977806760281,0.5203593533327362,0.6887985719802533,0.44612016123629084,0.5838391427486874,0.37763040592432173,0.49763582571708764,0.736805584935293,0.46568603242489065,0.7093590098039664,0.49449683181479454,0.6933678694473886,0.5541476320332047,0.5546930497268079,0.6585476608769998,0.7839643595751209,0.7053459826092225,0.5765463469282617,0.6984697802950223,0.6659424729950437,0.6333849373014968,0.6276073682902081,0.6091102143010353,0.7652895284926301,0.6711380328103745,0.720971462895536,0.2500481732260824,0.8458926685018101,0.7635860934482513,0.6711280967673688,0.41695967566302633,0.5235624399356636,0.5981493847399777,0.46937731565462526,0.7534873680186607,0.6550284711226879,0.7463999295595359,0.36819730163876346,0.36209437998103056,0.48031397571286816,0.6882154459467441,0.5960636031180423,0.6718126704977871,0.24064633122958634,0.37722771956725987,0.5622692763066468,0.6516853802232739,0.6499573037023711,0.708698017687283,0.7223696161872877,0.3471706966591569,0.880592683146221,0.1819794916393306,0.8274026480590566,0.13404621777945844,0.7361665104261782,0.8380914946410257,0.3020338560941151,0.6133884712453831,0.7742123150356462,0.7589590851024636,0.7365418921322826,0.7036556002785128,0.8187909135006184,0.8520503481313553,0.841359921586615,0.7618108380143395,0.7412329969414713,0.6712368676724948,0.7307206846489492,0.5571394197213352,0.8737891352352568,0.88509517315554,0.4768152599195047,0.6143745485199366,0.4898019592342374,0.5854797109274851,0.7444316454108074,0.5982695722618661,0.43547191169815275,0.6485302276673046,0.6962469308041052,0.637456160705464,0.4314027837988007,0.42476532484476703,0.5055780939179029,0.6460910538220374,0.6772620008495057,0.43122587371601845,0.5132857376768786,0.7137596764557704,0.7609236249103896,0.668037805920044
EWD,0.609670346524261,0.5950711696399403,0.5291826989749661,0.5660596810716995,0.6239816933822007,0.566769731101241,0.8849127515483712,0.841214580754015,0.6957034395234284,0.7252342337097438,0.6162671708269813,0.7364744707306021,0.670756874731013,0.5416974349091414,0.5408627889811441,0.21969928382746842,0.2405896089700703,0.1992290810506529,0.7263639334212569,0.5226127846028773,0.6869635262958411,0.5396391511485398,0.6575084141022061,0.7055924948121223,0.6256652145990503,0.24207318876559367,0.6207780017783363,0.512842921107502,0.6777066076640664,0.7841608268967633,0.8781098982473111,0.8418798047806846,0.44068515166497385,0.6024712021470328,0.6889113712537036,0.695027060443789,0.8904658710968746,0.6841459985629149,0.7154031555431002,0.7691014261623165,1.0,0.8767410454382403,0.503027575793287,0.8208672205159726,0.7852905697031509,0.5049436739188472,0.8367473013360441,0.7617627831402066,0.8571082551489324,0.6754726416923692,0.6141185976350269,0.7923263887802957,0.5724270736699345,0.5504136305829707,0.6487745167928438,0.5961139293989972,0.8838408004405456,0.6780997994028085,0.8573095771112907,0.6836139201682787,0.8441086998685112,0.6040271673976441,0.4355124982283007,0.4603905874393523,0.2806387788372465,0.6491905597079596,0.13210010995945398,0.8865298985167828,0.7105648020760742,0.7894965481693946,0.28910350010370195,0.5285130531764296,0.5577037407290167,0.5931255960117556,0.5342191753697687,0.5434229996554388,0.5802135796994026,0.3410368010085687,0.6487808371543344,0.6284913120933177,0.5849996025971858,0.6927474905745791,0.7133809380763446,0.5186920494584583,0.6692222006036779,0.48318498730478493,0.6755118213027393,0.3832720433888721,0.5556044163046209,0.35034485761409595,0.4729977197080209,0.6968352830780815,0.34141545201784224,0.693052111682828,0.35802576023809307,0.6595100107954205,0.5585260939718835,0.5265634736565756,0.6582648846119639,0.6708794111178125,0.6683560488703303,0.5801838275722639,0.6994837524706116,0.6513806426201005,0.6314734775819179,0.594655334642904,0.5855570611054376,0.7268078491643283,0.6157113408828366,0.6897339005212848,0.19577825811454036,0.883000448281429,0.695415174310529,0.6312683406840578,0.3485718165897401,0.4456779680963671,0.5885853494709953,0.4938730425189905,0.7109538281913834,0.5846015914688523,0.7099966707734753,0.3385067366557672,0.33603178346313783,0.49192155200237975,0.6559810018176673,0.5313970590745373,0.6546863622389761,0.2454666331842005,0.3357566050049592,0.4936803929220325,0.6227683128602521,0.5974654195018564,0.6917298470918236,0.6770220523202513,0.3204598647877766,0.8830815344385881,0.15383383022847902,0.9120108312593607,0.10768978210192079,0.6922146523831747,0.8479341535789979,0.2688561115809024,0.5695223957449409,0.7509816233262145,0.7308938090625293,0.68425026346782,0.6940262060706528,0.7354888317102091,0.8522784739955696,0.8127376599015842,0.7225017837281283,0.6676255322778137,0.6580573500219682,0.6946519379004295,0.5600082410656835,0.8644440524172149,0.8343751151205168,0.49441065829204306,0.558622471625168,0.48570204919477045,0.6085601857678514,0.7036008418903892,0.5893923506269162,0.2813846506865276,0.6150780715485537,0.6689582168869427,0.6193012297127691,0.3666930848473917,0.34146231386952414,0.46126930737895055,0.646519499863814,0.556686211643022,0.2861101333384959,0.5320666617701213,0.688722766711064,0.7630991755398794,0.6140719315735512
EWG,0.6199905624401771,0.5906419226098837,0.5039625072445909,0.5534901440655631,0.6133532597296204,0.5585387602734619,0.9060021469621781,0.8434098867927546,0.7008599510116458,0.726451278215,0.6039356630361776,0.7210152908920965,0.6866119420220403,0.5665038577600524,0.5415507850776863,0.22445580028390028,0.23876483647710373,0.18615031063112153,0.7248298320917292,0.518902873297309,0.6996244721119939,0.528624339411399,0.6645901866983901,0.7172855400053423,0.6327770651913912,0.2356471085925169,0.6590472758183176,0.5061170633882703,0.6801399664058652,0.8069462969762492,0.8924021755067878,0.8880040311914578,0.4331576615881062,0.6020771329666044,0.7027626841826475,0.7504449859287945,0.9214085881629654,0.6910372034762139,0.7242420325255199,0.7551853139117015,0.8767410454382403,1.0,0.4847441321905607,0.90418714394856,0.7926360391848761,0.5057665594138079,0.8607181953737639,0.8397149552187055,0.9194729565331883,0.6873288136189393,0.6222198597907124,0.8179316163667653,0.580273877100085,0.5658649702096565,0.6491672673935621,0.595083315712467,0.9592477935398073,0.6652706619629783,0.8653634327654081,0.6845904502350975,0.8785836402722944,0.6094451038385231,0.4166223341856398,0.4460409224864681,0.26051603118951977,0.6191553475486885,0.12462060943347827,0.9175592659537972,0.7180468347726422,0.8226920475301591,0.2874655769271806,0.5086832838565629,0.52824898046843,0.5882861909130614,0.5445188873021803,0.5438022006799287,0.5835667858970321,0.31901140877349976,0.6605018765998143,0.635154394319885,0.6088636906960216,0.6931303439411299,0.717175997580874,0.5207234254624485,0.6735860930625484,0.5101254615931208,0.6619425401632618,0.38268916255815233,0.5282182105406327,0.3638585719837001,0.46023433621603543,0.709663507288375,0.3326554040530553,0.6942388070780838,0.3391335927408683,0.6362960557832613,0.5260037888930047,0.5245716249411788,0.6386191857570874,0.6379652188839067,0.6714740142984317,0.5500089035932417,0.6894092644845355,0.6599911215396769,0.6317539640366086,0.6084673862610418,0.5750283434945241,0.7219475273875077,0.6219109371891473,0.6743679403081465,0.1854945865938382,0.8845276760767198,0.6916563184674601,0.6521137338148588,0.332298543749026,0.43034783485279793,0.5920086448976413,0.5005755009255316,0.7220815842427313,0.5770100413105047,0.7215375896695678,0.3428789806860913,0.34675930432905755,0.4566317208598748,0.6592089168429089,0.5481056269639898,0.665011708492755,0.2611182205797954,0.3609683324238515,0.4715476784058023,0.6357144796728137,0.6045813696636625,0.6737087728210366,0.6681934732206132,0.3360090219015367,0.9055703428504375,0.13863834544538325,0.9504651064653136,0.10469012753252019,0.6960354930075912,0.858025522927175,0.26512962540012547,0.5437105084654654,0.7392777554025467,0.7179489246050368,0.6759711462683852,0.6800172645096193,0.744215292965401,0.8687425793551652,0.8220953647566749,0.7284373780139246,0.6718232451864227,0.6672488772367187,0.695712786714091,0.5774654423767942,0.8815918250401218,0.8654246576627418,0.48990843794979844,0.5555770123247687,0.4640832472831247,0.5889909724217551,0.6896362994541733,0.5989342133995839,0.25490251163958405,0.6314931637625061,0.6557237210002818,0.6289864648853464,0.3958362992574056,0.32917370377834876,0.4710273261760625,0.6488810733992505,0.5251229073953757,0.2536606486679133,0.5221237699251702,0.6941725755826723,0.7599124060573755,0.6363886563211781
EWH,0.3634645936733843,0.380062705194658,0.35107719971810036,0.372287989595434,0.42040020958384977,0.3599312704609582,0.572264445638084,0.545621999181215,0.6881428550014944,0.4531496609333375,0.39489288192895206,0.48836354747473815,0.4362115995599757,0.33786583242440954,0.34385153634505267,0.12376070012652204,0.1279394156217978,0.09593019493457786,0.464716114420265,0.2870907568264912,0.4175097568649018,0.35739786418303054,0.40596264791695785,0.4320720746247198,0.6543472638730358,0.13205895494645617,0.46026096238758296,0.3968141209302368,0.6415074273078026,0.4860808836476907,0.5527931010348818,0.5514791971817542,0.3271969935075538,0.3730470542866181,0.52629885628657,0.44279285914338257,0.5707213302122756,0.6959095929859519,0.43876455017900423,0.5526196871314026,0.503027575793287,0.4847441321905607,1.0,0.47146117346972977,0.43951754403111126,0.4119858700995889,0.5337833559044814,0.4473263178793339,0.5085198329879891,0.5353929461847774,0.47537294280653836,0.517056551326551,0.45721775264955683,0.45147845319139474,0.5714480357380524,0.364815091906806,0.5283318168634412,0.4306678429164668,0.57142622065214,0.7496556839204368,0.5649757554602123,0.3366953694209262,0.3337791186519607,0.3457516150064921,0.25031059955920265,0.5143484194862628,0.07608749938475773,0.5595446537759244,0.4313038638211627,0.5168210309338864,0.2022406890720257,0.3457988091020644,0.4007752605325408,0.4263918729301408,0.29699513393182086,0.31526592579046525,0.31747188050421593,0.2904820139165863,0.4083025795510592,0.38119424084719383,0.3581571135469745,0.4123611480744298,0.430694198627972,0.2893949416586876,0.40557764073941993,0.2360459556119807,0.4581782400347145,0.2882025357318632,0.5600014418694218,0.20106816629283944,0.7684293130578033,0.4264423839820981,0.24634162604057605,0.4345794970622323,0.2768517016605725,0.40382728393449735,0.41182458278341455,0.31217932794651027,0.37002721588526033,0.567714417385426,0.3928984401697239,0.417480584514744,0.47061903926501547,0.40349773230445324,0.41293747011541965,0.3801741770737016,0.3719015581358544,0.44610079508787065,0.40652001457714415,0.4326334267333524,0.0899039949449344,0.5488574129632041,0.6255928045318968,0.3783932252697062,0.3142661022287356,0.34539019125077003,0.401221730224739,0.24715879380565792,0.43602070112195096,0.36809314745130445,0.4295679191447576,0.18810610769372282,0.1938694755802363,0.4054245665783676,0.4288598305173493,0.48526659198495964,0.39059818150314485,0.18193678089475412,0.25055356956099784,0.34048620346302433,0.3640065138865421,0.33043484370456305,0.43346997548937233,0.42553929152574,0.1869328828821176,0.5767311757303374,0.06390469793956835,0.5372437933963882,0.055786033201454255,0.41114796898936123,0.5582019897275856,0.14374271747404757,0.34387444556432095,0.6110213002384145,0.4479080595060521,0.41600684141482874,0.42859799854067687,0.5562585183055837,0.6305287255858407,0.5429689305337193,0.4440493106349109,0.4141571426245075,0.39752377935057687,0.7299570806541293,0.34542383414230987,0.6451130304056023,0.610725594706987,0.2867214830910725,0.33454746065492574,0.31063840027441225,0.3552728059779436,0.46492260470007357,0.3617504632511079,0.24430988632765033,0.3426792657120321,0.392702687496952,0.38144542959083655,0.21186851107373178,0.20221931777904825,0.26349728151027785,0.39587638188462987,0.413994602468189,0.2500049387951596,0.3015650956328384,0.6783964743182049,0.5316519042166948,0.380549144644045
EWI,0.6035573063214188,0.5320922738691348,0.45932813366347774,0.5016175302042287,0.5671034304653266,0.5037744765108871,0.893928267212567,0.8364576864929733,0.6707097421193234,0.7143305752997194,0.6254159996897981,0.7235596521748685,0.667960441254509,0.5674603801080188,0.5041501760902612,0.17389269608386818,0.18800315693623038,0.13907342339441633,0.6691516343716445,0.4552286761714731,0.6938604565944191,0.5633409681396024,0.670839612355724,0.6777454918704691,0.647433240137378,0.1883345006975547,0.6166667674657578,0.506376973029037,0.65025973659316,0.7858782865008718,0.8349613951401931,0.9035602284609517,0.4379798175943947,0.5543397884910618,0.6745894609996272,0.7415850019197477,0.8953525944708457,0.6558510128739639,0.6881414839160138,0.7481791329998948,0.8208672205159726,0.90418714394856,0.47146117346972977,1.0,0.7568279742772849,0.4849624728128762,0.8041003112295176,0.8864626457048441,0.9088324824025661,0.6785380032234388,0.5774691993800114,0.8293734482303053,0.5783904243441589,0.5381996593481302,0.6352930411267321,0.5249331894985187,0.9254790288366125,0.6677067274648826,0.8448479856299285,0.6789498686868216,0.8818835098031359,0.6027298541263044,0.40173194482648156,0.4323316876573396,0.24767286200621244,0.6586067779124292,0.07611447842270745,0.8941488076723736,0.6831179565560029,0.8113384542068531,0.269184988156642,0.47640625109749024,0.5237102840750913,0.5489703543182373,0.4616791039192275,0.5052858194990012,0.5584509351900895,0.40778317453478735,0.5970371007278438,0.6281127521829043,0.6070637342119221,0.654727154987506,0.6775466731121659,0.5515863840239449,0.6628061213105979,0.5462409648132496,0.6288609121324295,0.3881870691443688,0.5042584718080949,0.3157574223525682,0.4328762166933339,0.6736393123860922,0.38022959356040503,0.6552107060915698,0.41371835889675074,0.6382821195476298,0.5008826150165775,0.5051514092011375,0.6136737021247535,0.647426586521745,0.6732534921024851,0.5235006376921677,0.6372231616911952,0.5975552292251762,0.5596561993938814,0.5674803863870072,0.5873639841733178,0.7125429211364143,0.6179186926123027,0.6624962608090166,0.1570366700881677,0.8535371781080827,0.7059819064944242,0.6359904229052215,0.3321345183024797,0.4114625312008878,0.5343157672890877,0.48331345021753996,0.690683120884962,0.6080423500299377,0.6847999207991907,0.29966868828926585,0.3019351756003777,0.44505528258948274,0.6036043226111678,0.5279736312142514,0.606725467682609,0.24992047201044468,0.36821587717969523,0.4582058110602671,0.6135615372333888,0.5815883383440975,0.6358460117252644,0.6785032748720414,0.2895388558215988,0.8825782256813823,0.08910395797111369,0.9239350791020362,0.054281824581045496,0.680906217889578,0.8097951542532862,0.21883872044378458,0.5397454888108278,0.7253053475888904,0.6986359181862134,0.6900749800431495,0.634586650764121,0.7229357425859636,0.8324185896404723,0.7913722841567579,0.6966816211548236,0.6894996160999695,0.6097120621564425,0.6643728885255211,0.5427359407277919,0.8560298864532458,0.8792022230535055,0.4128545828470835,0.5625687893425374,0.4370157750188472,0.5639768379930733,0.6924865734441515,0.5564296315627169,0.33731837983894397,0.6588264494326632,0.6610803142477455,0.5662695501107146,0.3960114460317062,0.3538806659366481,0.45470327635714697,0.6090653202491126,0.5347643056683807,0.325053153856995,0.49382300278089053,0.6549567106854177,0.6985376780046887,0.617565724059339
EWL,0.5889127789222882,0.5013813188280067,0.4983168651779926,0.48223639238853455,0.5109071507781585,0.46474768034927133,0.8193025882529403,0.745475078098962,0.5968273638951436,0.6338354263719372,0.5149915769917136,0.6685210459039134,0.6124397867594745,0.4820930408824263,0.44027913603785135,0.31860159369870616,0.3456432130538837,0.2963528132625166,0.6251229318702224,0.4394420776565274,0.6493318355399496,0.5547310940280542,0.633882298679885,0.6241868529801461,0.5515199122143931,0.34033494893123145,0.6152223937958947,0.4484568565888876,0.6145223267314852,0.8664643775408938,0.8394544028257788,0.7980539261257649,0.4092803882860734,0.523560724109362,0.5944895603110623,0.6185602672269811,0.8466875468032451,0.5873363931664904,0.6374143939177364,0.7129466764275377,0.7852905697031509,0.7926360391848761,0.43951754403111126,0.7568279742772849,1.0,0.48790737306850135,0.7395054075844811,0.71836353173752,0.8189644627064654,0.6275628186616313,0.5157177828305527,0.7798612151732666,0.538000361771831,0.48042594216113715,0.5881668371017376,0.5013405558771993,0.8103332816224186,0.5873433730170482,0.7847160746413333,0.593108519151859,0.7767739626527429,0.6416694039990306,0.4288812507772324,0.44093555375797605,0.29476478652129445,0.5560895055794186,0.24102686224609102,0.8446920997554604,0.6409385587424095,0.7243775003558744,0.33180886166596224,0.5643996121294417,0.4738991570718327,0.49904418101638925,0.44462940834935094,0.5748897048874501,0.5256766663923617,0.26233136443765304,0.5334346134405157,0.6334457028361066,0.49980782698183224,0.6044956118364947,0.6525255351210218,0.43627324020353614,0.5767052065038276,0.4831448628705955,0.5666092735775112,0.34661244355615906,0.46334449731187033,0.43015327074217785,0.3959446568094854,0.6205547578796252,0.2852936767657738,0.6572167487811035,0.26537605554470267,0.5548103632775124,0.43843815679362513,0.5086115389984354,0.6256927542578776,0.5599338900390148,0.6058800272417801,0.45666115113133765,0.6128055028287608,0.5543780135397189,0.5148490706043609,0.5184867974800416,0.5696160350783476,0.6757757517649272,0.538085761197958,0.5919170962552303,0.2755115364035289,0.8032107831824363,0.6479661626604808,0.6010897205454779,0.3075298467371013,0.4097453290878405,0.46045891017391966,0.44305907721030496,0.6356806713429426,0.5718206763385764,0.6373493864532442,0.42095994937768977,0.4228712852972275,0.4019688899062829,0.5499740317260965,0.49283854583472675,0.5728430349777234,0.21027719130895597,0.327798672420156,0.39086968664932126,0.5945995374135011,0.6346888845145137,0.5952254858293055,0.5985986327742346,0.40169667262620967,0.825721622350209,0.2671950632897689,0.8747406251560416,0.22046576939041768,0.6660194299646754,0.8649716918985761,0.3533060537065742,0.5898022345571517,0.7235497905314486,0.6597041764911056,0.6398691634079137,0.6052375736823815,0.6659494235268946,0.7874596747746034,0.7322730878692245,0.6413902237513954,0.644283732745375,0.5661093070890817,0.5990029135726174,0.5484312110747195,0.793907273141102,0.7894055901414415,0.4126548145108601,0.49502172049612764,0.48006771651372226,0.5694468684521334,0.6491563199171222,0.5386791048762141,0.2066695730638061,0.5576520383562857,0.5952734637911518,0.5064281353262463,0.48511613921478836,0.406545897504129,0.5829422686118618,0.5595668845734189,0.44648718602824045,0.2023977689263487,0.44853219342741507,0.5891420850238083,0.6727108712987763,0.5583221850413402
EWM,0.40762176863849464,0.39651712234225084,0.3328788619200596,0.3698588995053257,0.4245137863940403,0.3816385597397175,0.5752323752607168,0.5668076560479789,0.5689094028834245,0.49247903070079396,0.39872844893987147,0.5106092595394991,0.4842502158136662,0.3763807144005811,0.38359108214866877,0.19015804602404887,0.2126339510384416,0.16296073485764376,0.4819683111081631,0.36550696778628194,0.4726291922482296,0.37772712379567375,0.46292094924819766,0.4872018704892352,0.5434113231098883,0.20906211142844927,0.503052214475902,0.39348281228359744,0.5908976839935622,0.5300909990889716,0.5550508159130683,0.5480940190854493,0.44524934119060067,0.4030689862195922,0.5667631102869465,0.48088730187984446,0.5678475454116314,0.5655464284073443,0.4941263529542676,0.5684400277416747,0.5049436739188472,0.5057665594138079,0.4119858700995889,0.4849624728128762,0.48790737306850135,1.0,0.5035920482192824,0.4756041129755521,0.5094454806251851,0.5316822311099341,0.4879644843009962,0.5145067024334175,0.43443923085555564,0.4641313849323077,0.5216948035358004,0.3909855169220988,0.5246158471068334,0.44652343864856514,0.5913667211781153,0.5712293377982823,0.5672565749920506,0.41880095925264205,0.3596616055936675,0.3750623323537899,0.24725173944950163,0.46180897654427194,0.14955964317767073,0.572625613660365,0.4940207384488379,0.4705984616650839,0.22971698914946984,0.3475345630971728,0.3796614561601097,0.4302365098820375,0.3666327779917952,0.3715653451015471,0.4489620640471182,0.24187693698123863,0.4594269477768185,0.45168837049857463,0.38929016059852223,0.4679801615945965,0.4866372418726499,0.310014635354161,0.43156310327503694,0.30347045256191585,0.452580659439368,0.3460476969047292,0.3814386399010044,0.2767139343052121,0.3858576613687193,0.48803744162266555,0.25096117702585014,0.465981120582703,0.2658748435421925,0.42685239570029326,0.35996885250182464,0.3744785819289315,0.41006197362887803,0.5023240192224802,0.44375883067284333,0.3849781762839977,0.4750800843947321,0.45210893118502177,0.42572320637630195,0.4288348887058997,0.38232853601007455,0.48355369495983924,0.42489664253777903,0.44780727036684176,0.17162972846707983,0.5676777383487626,0.5125633479670038,0.4226414150572249,0.2956280754085893,0.36168373374375623,0.39583831598867203,0.39091252340056043,0.49462832583825395,0.3953175100656881,0.4950970660730503,0.27899502476873245,0.2714121178053446,0.32290620214687504,0.4553632099609863,0.5427431779461294,0.4553118191795662,0.19717814370240694,0.32715497956537226,0.35809362246802945,0.4065011640759883,0.42036304273937874,0.452687635089285,0.4448565607893696,0.25683312456708185,0.5808839271397358,0.1605004800232919,0.5449868247156576,0.11420950685285454,0.4775930351021069,0.559442529943128,0.2241031332647289,0.3900643049864941,0.5493570855846424,0.48426894773383966,0.4580431935233646,0.4592881224675115,0.5547329189883384,0.5935246265665682,0.5624455681847486,0.4975197122734887,0.4564825212033809,0.4582584213182258,0.5706462838543068,0.3750281493135327,0.5996218936931577,0.5799148305227726,0.31473689953444217,0.39379726556049355,0.30470646334799023,0.38274662182784813,0.4826942579290593,0.38769739454384106,0.20151863423228736,0.38396022953921755,0.4351929149305635,0.43930131927918487,0.30932457508141814,0.26592291462962625,0.332889002324193,0.43036475568270793,0.4094460209154963,0.20981905526741734,0.32697574309823835,0.5574916884379858,0.5080899244833534,0.4359733872839768
EWN,0.6370680889933455,0.6654277504229272,0.5748272435108551,0.6404229231035228,0.7165031644063825,0.6474933802517858,0.8749020195202243,0.81505086365207,0.7896987276527718,0.7866960190560277,0.6183679329648395,0.7168457319083777,0.7144051230583356,0.5739300697954431,0.6146556442576725,0.20918656764315377,0.21648640947088044,0.17617427889551165,0.8156445681996412,0.595812391122135,0.6992754743977957,0.47839927959024137,0.6478808702939727,0.7950567829229764,0.6350334253766039,0.2190569590418426,0.6097245452676329,0.5116398087245605,0.7400654846739123,0.7301680931207826,0.9220567996673916,0.801378480714668,0.443187049820279,0.6540687126154404,0.7821844520057277,0.6921926465550977,0.8981998412324017,0.7830127959370603,0.7948189420735303,0.7484705876141003,0.8367473013360441,0.8607181953737639,0.5337833559044814,0.8041003112295176,0.7395054075844811,0.5035920482192824,1.0,0.7309993138363579,0.8452351341523155,0.6856855351341289,0.7251852381959316,0.7453365147585039,0.5764484371903338,0.6526527206537331,0.6530967843944655,0.6753866994990722,0.9138959728207655,0.690935761245376,0.8455083434721555,0.7255324654187653,0.8351749432334458,0.5753010976517654,0.39282497670729594,0.42831832634026057,0.23986634794026665,0.6096990163634325,0.10746678068586958,0.8872722347643704,0.7842736247667687,0.8304353296898134,0.2688202110884397,0.5504991753804249,0.6037806286323657,0.7151651188982739,0.6042785619952789,0.544572570087604,0.5845615397982202,0.3104927606197846,0.8060675107721672,0.6386577349127441,0.6033030213403852,0.7976049360926072,0.7774653025597061,0.4978311425346897,0.6866649981234358,0.43372772156447054,0.7524291226707254,0.38569644590584085,0.6179128142081948,0.3517594220855958,0.540733064195402,0.785759715673925,0.32456374078408634,0.7126780912163082,0.35665464487309967,0.6881857052025377,0.6270544846128934,0.5365071627575017,0.645197178596633,0.6581104067466178,0.6684994722105555,0.6757945186284352,0.7853832358800199,0.7874202508434036,0.7921995576543949,0.7149061845250615,0.5650680614228608,0.7355324377910716,0.6689436674050399,0.734383778764641,0.16033626362236375,0.8608963527822892,0.6793761241855855,0.6647559460228866,0.33642976053819146,0.4249339765114934,0.7901188471546567,0.49608589794084584,0.7904574165971099,0.5106480971672828,0.7886501395613295,0.30958343951054856,0.3357821824823388,0.5405701637192323,0.7765637377205646,0.5558309197368415,0.7556896722953962,0.2586580994330627,0.3672687934323735,0.5273053309366093,0.6537257781457796,0.5837772982356124,0.7608084711713428,0.6788002843129886,0.32813644213817317,0.8974919240427635,0.11053854638718093,0.8976176333361546,0.08924983235745058,0.7176623785966458,0.8429521327231603,0.23415054041179653,0.5159313759759112,0.7006698006724054,0.7647239623934563,0.6600230317627807,0.7754218759283004,0.7913010409876777,0.8978179788301957,0.8745988508605724,0.7980476038197178,0.663595641498383,0.7710653600402986,0.7718218881308602,0.561183317471545,0.8983606491427587,0.8091216660075592,0.5389732722612611,0.5913445058947575,0.5106673218848575,0.6144489619944087,0.6753381250785517,0.6321071302761633,0.25394199396281225,0.5912003338195048,0.6863914814834108,0.7718636442453191,0.31167484548141033,0.28372798067755883,0.4389825812768423,0.6976044364802407,0.5647787641148395,0.28316098857100264,0.5244815009104047,0.7894615475093592,0.8559549357553629,0.6823833937818584
EWP,0.556454311375717,0.48071231039035245,0.42836578628952193,0.4574675144924848,0.5052419883165681,0.45383051490975196,0.8423792713142128,0.7892834001271496,0.6244697145997214,0.6500416721552581,0.570613479151714,0.6821124683936595,0.6218278101987614,0.505563054686623,0.45361041395476814,0.1954614355739179,0.20431946922700084,0.14486015073034295,0.5996856382230066,0.4037722760316367,0.6402264764502924,0.5373198891232871,0.6236557713376,0.6105369782412885,0.6112850615384916,0.20534895205281062,0.6066776969573443,0.48320325482383253,0.6202660354241831,0.7606949387647742,0.7734783747194772,0.8724295742361996,0.4067232306881918,0.5088960600059443,0.6355371752990804,0.7100544548869632,0.8457698850435232,0.6105000205292863,0.6242024375887634,0.7123739849539154,0.7617627831402066,0.8397149552187055,0.4473263178793339,0.8864626457048441,0.71836353173752,0.4756041129755521,0.7309993138363579,1.0,0.8484309265491806,0.6392643043700373,0.5356270303290894,0.8061644679966593,0.5581079207249529,0.5030482848466659,0.6017189876208933,0.46740238589943434,0.8643806556322384,0.6141016662533927,0.7955194832082286,0.635757868500611,0.8366369888580566,0.553001572040647,0.3985108355103871,0.4204398773462564,0.24862440039856318,0.6130606111061252,0.09924342995651171,0.8425112018508639,0.6183460772772713,0.7443379878226003,0.2699751000845189,0.45761668350610674,0.533163357427157,0.508551503013566,0.40282748516764866,0.47379222702291574,0.5264520637914442,0.3679447944072765,0.5330224804149316,0.5872372949169745,0.572043244465888,0.5898713117985946,0.6133450261706772,0.5246544214694409,0.6069786599351602,0.5169918461962942,0.5723857188800501,0.3707117014869354,0.46021808545096193,0.3207243583960832,0.3899830965868396,0.6095275617076694,0.3604576891496364,0.5985319156594279,0.3661983201577087,0.5719157899323647,0.46602179467100374,0.4836377250342685,0.5625578387813513,0.6027916866505434,0.6182097451102482,0.4843147629700331,0.5797059491842079,0.5315451375068233,0.4919711508970183,0.5202627391602868,0.5641960270931912,0.6566218083990818,0.5699232090559109,0.6108753078741466,0.1696176037922305,0.8014040754177163,0.6702007430564626,0.5853834439543398,0.3135596581394297,0.40052285632127044,0.46634098165438825,0.4650819612152584,0.6263014224534471,0.5863228061647704,0.6215148031762777,0.2993461386997564,0.3059436386695697,0.4371714164281294,0.5396602470739615,0.4877744279679912,0.5398262617206194,0.23936694361021477,0.3350284504637613,0.42207216165554906,0.56811792056368,0.5409715683932383,0.5815812904778954,0.625468112940732,0.2988409589624948,0.8316545621109117,0.11085878150792837,0.8735945373518693,0.08222356322257426,0.6281508048173432,0.7561826291369544,0.23142485388609907,0.524247553544283,0.7043128557799109,0.6416478086445744,0.6444056868718568,0.575407675711639,0.6787013574114001,0.7823829637883158,0.7290012192365264,0.633256537104792,0.646494893882148,0.5419803430330034,0.6185513116080303,0.5071990240288574,0.8045071426963065,0.8465135439728928,0.3645752244238329,0.5095047019642165,0.42319657223700285,0.5177090198218562,0.6307551884789581,0.5114994603052531,0.30099120546727465,0.6151613812935669,0.5948029307515886,0.5007198868300127,0.37729109944270495,0.3683065123183898,0.446510960786799,0.5415915982797337,0.48930081619124216,0.2864519491075918,0.44734584712437203,0.6053980854111441,0.6415457563959709,0.574114290651812
EWQ,0.609423381167054,0.5506224702584039,0.49461899855869157,0.5194098456794807,0.5774130620611092,0.5170515322713194,0.905384350194975,0.8330277872015388,0.6943466598091615,0.7190572179189438,0.6199954445437781,0.7176230552032002,0.6712960800300752,0.5520423327968598,0.5166722983822299,0.21279544352376098,0.22630468245582577,0.16692566641655698,0.6940921167859752,0.46710129519119964,0.6992814377463308,0.5607399321685176,0.6716580640450677,0.6929703119273302,0.6483155432198868,0.2248611022763975,0.6511429497462817,0.49925736736401854,0.681103627667224,0.8201891303367076,0.8897939097559824,0.8977916618199339,0.4339914680018341,0.5652272025151036,0.6886399255883949,0.7367096318953505,0.9226618422770152,0.6841636234037362,0.7018341990999317,0.7656147422844447,0.8571082551489324,0.9194729565331883,0.5085198329879891,0.9088324824025661,0.8189644627064654,0.5094454806251851,0.8452351341523155,0.8484309265491806,1.0,0.6809284028242324,0.5963143391719663,0.8404469569647276,0.593807060682244,0.5525720109469139,0.6451964882658496,0.5514644970009502,0.9675839346793089,0.6737169797977075,0.8610390210237447,0.6999787464058935,0.8846043097101248,0.6180506523759387,0.40029620847668973,0.4289333385004818,0.24836838651498439,0.6489198280124978,0.11461705973637039,0.9180226181333293,0.6985829728798605,0.8243030678747282,0.28205804063865075,0.5137323633099733,0.5103654832420712,0.5684377533475754,0.48494083684763273,0.5348933067915185,0.5777774010896374,0.3658593037065487,0.6187804546767247,0.639342711725165,0.6251526773286654,0.6687053431826706,0.6984138035323183,0.531387498038553,0.6531694863852271,0.520323404893227,0.638746775202226,0.39196044680439845,0.5256476762711702,0.350237106806164,0.4740954766751322,0.6861372133447202,0.3561404965607064,0.6850111437106997,0.36531368981910045,0.6498084426610582,0.5035782955359013,0.5128621376433613,0.6478039730625769,0.6521032008220728,0.6724498194815471,0.5263980044091916,0.6667627666171094,0.6206389506785082,0.5878697344666332,0.5784569323494815,0.5900822889076505,0.7258670053910474,0.6150097526647409,0.6714946709051216,0.17767018064424794,0.8733307693095836,0.7118828908690313,0.642587281630084,0.32478994675749906,0.41235901812302495,0.5592044308518371,0.48831224156310815,0.702452940306135,0.6017976855536832,0.6994147911716365,0.3295687042601675,0.33539076160018033,0.43936058859378524,0.6301415767530856,0.5470358515879309,0.6292788320404168,0.26733742691058343,0.35161893994138854,0.46178831532099807,0.6276001180226701,0.5978656646696998,0.6557384205677698,0.6829861872106159,0.3259954215214782,0.9041261817900842,0.12615954356924822,0.9562339578017844,0.09248823955331661,0.6949499158724441,0.8552569357157643,0.2541240756829202,0.5590310311558233,0.7499478721289283,0.7136748196415627,0.6908406047341233,0.6580725259660496,0.7348798670503275,0.8609518262371445,0.8095768625129486,0.7095433517706758,0.6869985511341851,0.6301982212237086,0.6942938242577577,0.561741110231387,0.8800591929786329,0.8768810896816348,0.4372492426182327,0.5473817474000312,0.4646775307571826,0.6034565989971128,0.7076878579234783,0.5758543674078976,0.2951333346578977,0.6339564873435074,0.6674379725805137,0.5875440572822034,0.4247801854820125,0.34766226572326486,0.4867438140034484,0.6278219358872487,0.5304355401919666,0.29432941001265583,0.5144586142215078,0.6855417714802537,0.7278333170663986,0.6148617037043352
EWS,0.5694136224713818,0.5937704374596177,0.5030079923053141,0.5691014054927714,0.5962046792341921,0.5706788073160711,0.7579808390895525,0.7259329538283502,0.6949476298423405,0.6587551980368375,0.5560645186694494,0.6816846283396436,0.629335636928525,0.530693156014804,0.5158863559602105,0.20010089744596266,0.21417571377059588,0.14155749376467722,0.6490966566298184,0.4929744586363411,0.6053301124814567,0.4920945468603534,0.5834378954188272,0.6397831339135925,0.6455247804907572,0.2161524223953199,0.5821877187335196,0.4654790149612774,0.6706934826640694,0.7021686154448119,0.7376002206159428,0.7335452534912551,0.457573389936881,0.5231112296408649,0.661259410847722,0.5964384103174087,0.7605122726659078,0.6916679109466034,0.6538815747080402,0.724921143061467,0.6754726416923692,0.6873288136189393,0.5353929461847774,0.6785380032234388,0.6275628186616313,0.5316822311099341,0.6856855351341289,0.6392643043700373,0.6809284028242324,1.0,0.6103679522182127,0.6921847106073568,0.525434740917964,0.5384379998785813,0.6031429417455674,0.5652557375464513,0.7082874483568189,0.6072537399304097,0.7495049576623457,0.6965997898582882,0.7450813378271782,0.5256937486911639,0.4005865637735263,0.42268765244719536,0.2550650243191253,0.5953696212790159,0.11512649676634612,0.7665248012512593,0.646247262026803,0.6907222330734524,0.2688927643216261,0.4978656896086684,0.48723044631558166,0.5753882002103913,0.5036895075778373,0.5042098526390029,0.5118960399203631,0.35866958194128995,0.5935581417801119,0.5663247008928621,0.5282439651630411,0.6298258107844008,0.6396456050774746,0.4708619850435134,0.6131360131542593,0.44251418448379926,0.6257265179939898,0.37101575930752345,0.5358495003537793,0.32837439732710383,0.5326330463506571,0.6408963693160422,0.35200821734604876,0.6200723163407249,0.3594523335369058,0.5558634286029057,0.5214760250092223,0.4825693189979066,0.549687083895245,0.6021983146419144,0.5941238396991944,0.5340662811244345,0.6528172022765553,0.6015224612649832,0.5890234189992283,0.5643516921363259,0.524677017651175,0.648509345514952,0.6028979524081467,0.624749644403739,0.1543933170171629,0.737653437985514,0.6661399681217698,0.5989238935117561,0.3096481334398227,0.4073528540073087,0.5383678030513223,0.4513349311188955,0.6516716351126441,0.5152701923574108,0.6470591789081972,0.3206320955619751,0.31624312173876284,0.44844502730547986,0.5975055533028656,0.5502604370660875,0.6024803118026412,0.1997182775652082,0.3300335199597664,0.4577523955431463,0.575607236344144,0.5338305022950239,0.6427994356831009,0.6061539261234372,0.3037765490935036,0.7650225689879204,0.12233809556894493,0.7311757739910704,0.0916470446514583,0.6115639315447676,0.7375974249786209,0.2383378086367038,0.4940938573313095,0.6726505167327639,0.6576015444389466,0.6029909771636802,0.6388512559456553,0.705390242347839,0.7631705581403762,0.7377825511714132,0.6628105033171657,0.5943455372565938,0.6087582219718901,0.7062298423790926,0.5046725810593415,0.7781628857441223,0.7568763749840625,0.4860029075073291,0.5162804065659325,0.46745762961003356,0.4986754108959601,0.6034881012412455,0.5491792374291405,0.30605263217229217,0.5458488178947957,0.5695412556926234,0.5646872756722713,0.33200761325521105,0.3077021358159307,0.4119779890932309,0.5850361783631158,0.5042731438823514,0.3197721941994832,0.46727701770418567,0.6905153765554817,0.6958201311095255,0.5899451371214223
EWT,0.508427692920159,0.5441426174772828,0.49651849698324835,0.5576262645928316,0.6597940898316785,0.5600608419440611,0.6995451939188336,0.6821513559628307,0.8443468856522578,0.6723111674578318,0.5197068387198949,0.5879723241305624,0.6541784825495693,0.46541678275309545,0.556412457553278,0.17320545536153564,0.1774029675983107,0.1525205812937973,0.7314266086916703,0.5216212041678847,0.5746192498257376,0.3534947015490929,0.5133556536993458,0.6923654279389807,0.618352088827083,0.1806875032413462,0.5218528749545323,0.4590754496021582,0.7990641492766719,0.5095232254414985,0.7291910954273525,0.6279972096198708,0.4161735094737993,0.5764385374941875,0.8860803681823928,0.5252345546565927,0.7049217833434149,0.8252676177898715,0.6829436224816858,0.6470427142408468,0.6141185976350269,0.6222198597907124,0.47537294280653836,0.5774691993800114,0.5157177828305527,0.4879644843009962,0.7251852381959316,0.5356270303290894,0.5963143391719663,0.6103679522182127,1.0,0.56812365296536,0.4933600788953409,0.7614202447481961,0.584691550430745,0.5639479194942016,0.6610508473104229,0.5807587590387865,0.7108587920284042,0.7536373717945246,0.70530808806649,0.39535250554477036,0.3821257020179954,0.41130339996509774,0.26643063875279327,0.5374891626143234,0.08826759923507603,0.689439920766415,0.666998805845091,0.6637746238533407,0.2322070597509869,0.43914696476108755,0.5457517826755647,0.6511450645159459,0.5279273245934492,0.36886328416520614,0.4973101255568151,0.27378995857877425,0.7769039938475044,0.49791587657067615,0.49985504578342377,0.701292905389006,0.6546964901015636,0.38405125261728335,0.559517945073172,0.26100368732692,0.6689781091161632,0.3553959189018754,0.5838789988889784,0.2849940564984864,0.4659017672605182,0.6830778385044751,0.2767065519458406,0.5581113075964309,0.33235675496825967,0.5865228476113592,0.5806670469675427,0.4387849116691805,0.4823538883501457,0.6247752070595676,0.5214049489614686,0.6231000930465816,0.6710933290853491,0.7072499260205617,0.7184817429791696,0.6379623594879366,0.44404645132656045,0.5844497795742588,0.5732800171518694,0.6355058097622183,0.1340387388946026,0.6884287352445198,0.575571383470405,0.5287577691708975,0.3375645874568961,0.40074792249118285,0.7653396412699105,0.42163935192870544,0.6805111706045646,0.3723845414359694,0.674962822322656,0.24248351312138733,0.27177060025603134,0.499987856692623,0.7290089906162063,0.5656904330518899,0.6519992047676206,0.2070363698471044,0.35603212030844394,0.5086915288589765,0.508263220790749,0.4275726988436895,0.6594406319179134,0.5542690934434951,0.2718316577589867,0.7432149259801621,0.08562677385167537,0.6557592783522239,0.07586461648578256,0.572217329242169,0.6589302002159283,0.19695265988154198,0.37696718536964025,0.5682947180956293,0.6214478400953329,0.5127567556990648,0.6564653336112208,0.7724917204320927,0.8051269441432416,0.757108372182851,0.684654459789236,0.5295295681945146,0.6770736642999617,0.7891788874977732,0.43797838457322746,0.787242110944153,0.6802792976616427,0.43953375557557706,0.5214094494636897,0.4241792321472775,0.49108346226146565,0.533718556797516,0.486959889061688,0.23310326072973248,0.42632091122485916,0.5721292305484096,0.7289135680057348,0.15241359811798846,0.20759644074634634,0.2779980159109626,0.5745516099659638,0.5340202218502916,0.2682256377705026,0.4033404462362569,0.8259061254589837,0.7489132686439445,0.5801068593495553
EWU,0.5667762923925725,0.4764390607161836,0.4248582308954751,0.4456245883063676,0.5226253978067982,0.44343210594063664,0.901315293917586,0.8540020302112578,0.6734572873211241,0.7010752828058149,0.6447422806746419,0.789335435701422,0.6575718775346575,0.5253684341196764,0.4654517179918378,0.1785107995845119,0.2034256684879747,0.17326307278018782,0.6191918906888519,0.41825268367024343,0.6994685887374162,0.647046493073934,0.716483185616402,0.6426022784235665,0.6877824444569348,0.20312524609837534,0.6179749255672189,0.5182506689344188,0.6596285982756729,0.8337797283245783,0.8166854684943833,0.9239454142781534,0.43936625154405123,0.513920492818798,0.6620583837855041,0.7014910112360124,0.8930157657961563,0.6530150223290235,0.6624753422529575,0.8190108347372285,0.7923263887802957,0.8179316163667653,0.517056551326551,0.8293734482303053,0.7798612151732666,0.5145067024334175,0.7453365147585039,0.8061644679966593,0.8404469569647276,0.6921847106073568,0.56812365296536,1.0,0.5879902920910531,0.5061678957999232,0.6685250808243639,0.4612938023883294,0.8421157553830433,0.667652231218298,0.8520824285424509,0.7182622211845291,0.8973045956523201,0.6439818636496757,0.4759235398402108,0.4953447312593438,0.30969050321367475,0.7753153844307492,0.09988203510004902,0.8940081098520277,0.6589394106172474,0.7950760569554375,0.27347646390534514,0.48922325823501006,0.4874827701795532,0.5209846177486325,0.4096937249128231,0.5139412614982473,0.5566326450850357,0.5302513001187037,0.5386287433821253,0.6562789751731045,0.5486142493273352,0.6222081615940165,0.6678084968398559,0.5546728891748873,0.6398398433327349,0.5704697499903146,0.5879226480863139,0.41586382856102955,0.5186395211703183,0.309833316159044,0.4560979694238024,0.6426065162120385,0.4761977007884523,0.6534295274500533,0.4888479533251561,0.635190275411344,0.4576263174520626,0.49246061246494793,0.611905893854259,0.7384887670140291,0.6761480746119003,0.475354646908981,0.6048739863979793,0.5396498970948279,0.503400107215535,0.5372458147180939,0.5885263448710707,0.7232799913315129,0.606058094123201,0.641254247299171,0.19735746892196337,0.84767236368108,0.759864683162561,0.598008330644218,0.38393595656613017,0.4778542020973583,0.4806199700876946,0.47299772244687743,0.6653472596332867,0.6723330960319667,0.6559824929250613,0.31165681791766653,0.29604288272044915,0.41266463039413964,0.5762819512322274,0.5406127899330238,0.5585106376081738,0.2579668722759596,0.3511090003739932,0.500288665711376,0.5789663557500323,0.6263354035902532,0.5998186168291748,0.6863854474159196,0.28234977653396764,0.8821821743041727,0.11706865489789274,0.9118793926797916,0.06799930570921318,0.6937598753048559,0.8373733256292298,0.24784222680921544,0.5745023732850687,0.7563902570524242,0.6916497926651312,0.7211229661568361,0.5981085365176103,0.7240289228620895,0.8275788022978882,0.7770374252494393,0.6707525209559585,0.7352446524673492,0.5502002351827605,0.6774794045627794,0.5078057739739263,0.8595945111749507,0.9163217273926436,0.36195186143552066,0.5475653003771506,0.422312479596282,0.5242887641532212,0.7252225942678137,0.5129420468926845,0.4504709375347913,0.664204899022115,0.6546541227489799,0.5085481269402669,0.476294676106746,0.4178086663614876,0.5336190439751449,0.5545791000941462,0.6071816660343022,0.42218945508670114,0.4616905836367496,0.6459253408844225,0.6711227666430649,0.6060288314680276
EWW,0.4704174726028419,0.4142295582895063,0.37212533145428944,0.40437286613399887,0.4713978566706883,0.40060295551839065,0.6562514761365378,0.6394406818480474,0.6024944191412117,0.5599810865586016,0.4956925580377142,0.5914028436719984,0.5286977219445173,0.39565902295685995,0.39805555083969957,0.21657781531078496,0.21998324619313878,0.1826908214993559,0.5321205305126857,0.3602233302402662,0.5221069286180945,0.45444419312388534,0.5116178753701222,0.5247766280229285,0.5932762967903044,0.22161856983389824,0.5693772345664937,0.4823192556321179,0.5704002909411924,0.5637930620834898,0.610777811580945,0.6357415740046473,0.3915677574166079,0.4310405246077954,0.6110801031359214,0.5509799001287229,0.6447185376661132,0.5944119529634454,0.5308258760780701,0.6130118331470781,0.5724270736699345,0.580273877100085,0.45721775264955683,0.5783904243441589,0.538000361771831,0.43443923085555564,0.5764484371903338,0.5581079207249529,0.593807060682244,0.525434740917964,0.4933600788953409,0.5879902920910531,1.0,0.47059525284606946,0.5973563984407106,0.4076117329094998,0.6117134342129302,0.5323484006933934,0.6392531474535491,0.6313493752570254,0.6490223679093854,0.4390664779444664,0.41386891031695805,0.44063302220404316,0.29883230830770474,0.5672151466423495,0.13141943574166282,0.6449329734519218,0.5288329435527733,0.5811612284685527,0.24375752154796212,0.38741166916460473,0.4365164254177734,0.47263983866211207,0.35508011436951653,0.3547364761664651,0.42002494640139193,0.33104553585442426,0.473352265119769,0.4901140857560053,0.45967385624905566,0.5256612253353785,0.52658472394288,0.40939628409785556,0.4835548159555241,0.3821480422195684,0.5157101595071935,0.3501759341299166,0.45178422267217117,0.30959751639812055,0.3959848738847368,0.5165615852416422,0.332010405113687,0.4885098232736861,0.33954236369310586,0.5356298846851522,0.4379364368362932,0.4242699340116727,0.4656440499510264,0.5931844043736731,0.5176340783736161,0.4534626159817262,0.5187350724362704,0.4754355366833128,0.45671805247508923,0.4564513414523513,0.46058799632070174,0.5471162659607173,0.5071186674866979,0.5335938455884104,0.21039234470406323,0.6280839266163312,0.5922650577050499,0.4747046641475294,0.36040466258205667,0.4560591039087819,0.4499279470970983,0.3508362691787029,0.5320433971417303,0.46506883326171894,0.5291581043677916,0.2772348207148646,0.3044231655757728,0.3907363011953531,0.4937316729320773,0.47182287344214074,0.4607311566139557,0.19093954640223382,0.29161433628403627,0.4502180591830674,0.4670718053114666,0.4462212918581395,0.5177395585059765,0.5337797884031105,0.29301052370989045,0.6539429170877233,0.14568997318726873,0.6278765544417667,0.13375907203315685,0.5149280515011917,0.6124620812507497,0.23636705747499903,0.41037763928383253,0.5692511333633478,0.5496146933004218,0.5397635086921531,0.5050860017920258,0.5942888954812794,0.6477696579118059,0.6133074266175349,0.5417895300801291,0.5337177983575895,0.4663029744714674,0.5985051244772889,0.446406443847,0.6648883588266811,0.6697752789437126,0.31394501155282895,0.4629916668642034,0.3546324621743409,0.43511079516836754,0.5644820608584933,0.41761506800281567,0.2801459151856753,0.46207687066787967,0.5224276496392201,0.45205949989945987,0.30255062709705877,0.2982321441292655,0.32039405664204756,0.46831893699656796,0.5133770926613224,0.2775796091801939,0.36338524837547653,0.5829524311799885,0.5579348766602007,0.4855428268753153
EWY,0.44804947955797597,0.47613748740330986,0.448057749810371,0.49545248389722396,0.5786805406923382,0.4843016829173066,0.6411394586560523,0.6254609827429605,0.8310293062225852,0.5647933493647623,0.42176557547333093,0.5113490605414575,0.6135583456141481,0.38632416577130196,0.498478577943276,0.17955037389019962,0.19762962988227845,0.17918885865887038,0.6365333461071594,0.40685961726847264,0.47692543255346687,0.29061906323915787,0.4206667189329705,0.5755165234130976,0.561579781556051,0.19605048117313556,0.5253676937484351,0.4581396147205768,0.8013753588507817,0.47907534836153715,0.6745592610649132,0.5738953578414635,0.3850877770361799,0.5093894175239567,0.8939702152216314,0.49620645409236036,0.6502468928118073,0.8199786181085047,0.5674101675626061,0.5930578312272186,0.5504136305829707,0.5658649702096565,0.45147845319139474,0.5381996593481302,0.48042594216113715,0.4641313849323077,0.6526527206537331,0.5030482848466659,0.5525720109469139,0.5384379998785813,0.7614202447481961,0.5061678957999232,0.47059525284606946,1.0,0.5782277410010107,0.45215867913557034,0.6031603957218489,0.4906304315902943,0.6767345514312023,0.6613597739456073,0.6914087363524505,0.3061734577836353,0.4254787717711744,0.4443501337787096,0.3273965480097164,0.49091148591621725,0.12082772799223845,0.6292206640092445,0.551247255372867,0.577523475072377,0.21305509107508505,0.39181627171545047,0.5185614474486158,0.6273307164885625,0.40561894476612226,0.2968982610669764,0.44851252537153674,0.20773131243913687,0.6865411115951116,0.40406278138722596,0.42711302558440645,0.6111218601922556,0.5539248801653951,0.2990856930119982,0.44687420203062084,0.16765611596932203,0.5967653423402258,0.3215375595578835,0.5445074994318112,0.2691888227940915,0.43239616288665195,0.5669202571753543,0.19841925587073497,0.4529305751447164,0.2814266528791105,0.5059333111396415,0.5163734311200652,0.3876180241944388,0.39579055797360074,0.6059610008911619,0.41742596579421454,0.5600254710192749,0.5797596958259734,0.6029247074485634,0.6233043399220893,0.5251199937473106,0.3717310836590209,0.4876605169905289,0.4824269767656319,0.560042512492594,0.14192237291908624,0.6226332630956131,0.5089380304519018,0.4557227666078266,0.3803202875127226,0.4311760165174756,0.6509829623217143,0.37583447848798435,0.5657374509330504,0.2985183917905383,0.5609747759750208,0.24080063624151765,0.258224092658278,0.45249036841813806,0.602452013680693,0.5328548140607995,0.523104179967584,0.19881089971734006,0.37157730136564393,0.4982833734315194,0.44434637083300327,0.34696581568784207,0.5736151389614214,0.458061822504598,0.25084478480586714,0.7214603809002158,0.12869314170920956,0.597824184825277,0.10098588836809144,0.4703029667515687,0.5825448013289314,0.2184437574818058,0.3116932544736876,0.5366947958802283,0.5248398977907109,0.42573831086297503,0.5620025190143615,0.8144685486445162,0.7611738552864757,0.6660195125788096,0.5715139425556776,0.45647597913777715,0.55492926538332,0.6949358670548296,0.39833896113755635,0.7446188604976335,0.6166209991203786,0.3268959677293098,0.47265575929358133,0.3743730643606297,0.42026641720972613,0.4686247110380153,0.38850095031127807,0.16647520376945682,0.32762509198982376,0.4972976137576201,0.6267283455307067,0.12711287791582065,0.1978061199339549,0.23199366524058923,0.45779616181028787,0.5001637071214682,0.18786979656472108,0.32091501746456946,0.8160094093703777,0.6502167898549823,0.4653123536225352
EZA,0.5164048184635723,0.48230966444320916,0.45571145912202693,0.472132790575202,0.5400740244876578,0.45477894450827655,0.7290732294565129,0.7268569312632426,0.7548317322372415,0.5696634501610223,0.48997882866351633,0.6527792663279937,0.5730670354037083,0.40266744602441,0.45090399906507733,0.23718612548481968,0.2694131096367709,0.23704997940432074,0.5839495883729203,0.392195318142802,0.5289988856975127,0.44044276838044366,0.5086795779070892,0.5509757428646362,0.7005369146586612,0.27329946556761037,0.671712103132983,0.5292111941562346,0.7258663602367025,0.6296150986914753,0.6871138040434768,0.6937634166717522,0.46139297476067753,0.47732942947953194,0.7142786857635613,0.6062622787356352,0.713350058492758,0.7522699823324229,0.5574224763144983,0.7007139012138383,0.6487745167928438,0.6491672673935621,0.5714480357380524,0.6352930411267321,0.5881668371017376,0.5216948035358004,0.6530967843944655,0.6017189876208933,0.6451964882658496,0.6031429417455674,0.584691550430745,0.6685250808243639,0.5973563984407106,0.5782277410010107,1.0,0.45325584830810023,0.6724829811812025,0.5405319358859538,0.728477560980326,0.7612838705335229,0.7169691251783961,0.43097807413709494,0.632912107479761,0.6405264317091477,0.49288163781675687,0.6432909062251421,0.18471585486275918,0.7113876241069415,0.548238117208413,0.5862310907803571,0.25733584357653055,0.44031726316128056,0.49032474853160607,0.5408435718960416,0.40108499723891916,0.4148174645089036,0.49765815580862977,0.30937227728938455,0.5311808582554591,0.47647656578844705,0.46624624360651173,0.5470995121405928,0.5461411553275866,0.3772602273917959,0.5001193676028914,0.31260957169517556,0.5679091098047003,0.4291687115109412,0.5572293327332662,0.33724882084362595,0.5835512220439794,0.5454011493022866,0.29368952007684823,0.5307929442696351,0.34081699772272533,0.5060152064214382,0.49409405832273817,0.4306444402618051,0.47013647142006804,0.7138763672005218,0.49453054722427603,0.5066865853424531,0.5656133425801181,0.5188628573832698,0.507952046670865,0.48926604916152544,0.4880904716026514,0.5537852159730065,0.5077788724163701,0.5540915801237903,0.245091271048866,0.7091686030485137,0.6716282635332994,0.5260374927241824,0.5496200473283355,0.6169939284429602,0.4962236799821279,0.4255555404814191,0.5546201859337178,0.45633994442327064,0.5500530507857057,0.33777605572723485,0.32911514201023223,0.4478502030437304,0.5354678724523722,0.5926441199793342,0.49996019752387283,0.22473119415908407,0.3620513872502968,0.5122182561426738,0.517630158219233,0.4404584086631925,0.5562898531079914,0.533524232125855,0.3087591597245127,0.7328938093377836,0.20975081529372352,0.6970031888136169,0.15344025482265547,0.5199529987621518,0.6901977704306007,0.2942350830107063,0.43321608805275913,0.6693389070091296,0.5610253020499002,0.5228411000911919,0.5387380626612934,0.6796465035187822,0.7608456596590333,0.6718336270138183,0.5653210761108903,0.5205592119508161,0.5089349753310554,0.7630948084419072,0.492499441796619,0.7694076216125632,0.7429005800774318,0.36102409619010994,0.4794034802145279,0.4091133409870048,0.4462548429324303,0.5922750964510434,0.43215791754888816,0.2508463433797046,0.43158255736826107,0.5007402728192173,0.4972893474916084,0.2834124450639127,0.28925965887170335,0.3535293510343334,0.4935092499410411,0.6015554931202179,0.26127772969380525,0.39706001698537163,0.7406616425576634,0.6314380026731221,0.4847515352825609
FDN,0.6483951844966388,0.8862084392596736,0.707851861484811,0.8482880704001613,0.7878589878864563,0.8805772140409261,0.6085651555154805,0.5703317292946677,0.5861344282323493,0.7964616947533609,0.5745146347443938,0.6193938630423684,0.551382168358237,0.5678248281296069,0.6820094578528967,0.2152005121396286,0.2106434302856067,0.18461832165661315,0.7956383056947495,0.8330708099634766,0.6833022939615381,0.39640474830704214,0.6050920359295447,0.8404367800251706,0.4317177037846038,0.21024381487234897,0.4181119696624728,0.3614408820936446,0.5359817243145039,0.4906383736265797,0.6908998890217373,0.5036358663016403,0.34548813305682474,0.6437235881853165,0.5722440274534316,0.4665965980470867,0.628064186506928,0.5900077675211471,0.8551990293492787,0.5878252595592557,0.5961139293989972,0.595083315712467,0.364815091906806,0.5249331894985187,0.5013405558771993,0.3909855169220988,0.6753866994990722,0.46740238589943434,0.5514644970009502,0.5652557375464513,0.5639479194942016,0.4612938023883294,0.4076117329094998,0.45215867913557034,0.45325584830810023,1.0,0.6099694765892741,0.6618413047253078,0.613570967786071,0.5167101761204631,0.5518627739270948,0.5715469779801886,0.2464499607300106,0.2866346931836883,0.1034511300209691,0.41605688140478436,0.09102458968000504,0.637150705091182,0.8456503446123513,0.6372413248433964,0.24157101791604058,0.5965680879676573,0.5250512268239946,0.7656362120730481,0.8979183769630954,0.6061683113929517,0.48671184257895067,0.22339180119733434,0.7995055931082824,0.6273617528376372,0.5607110696219978,0.8295907786633478,0.817002996206886,0.4715399717109479,0.7242623933146607,0.42148339125083384,0.7927037630767795,0.3386770449897599,0.5059843856439975,0.35144523402931654,0.4285641252752317,0.8535555277570012,0.30632791840155665,0.7839237671952073,0.26285298527434253,0.590316021046121,0.637094943153583,0.5293467077107393,0.6251431557936971,0.4463866607423088,0.6700360164327778,0.6619443266119343,0.8611859969829818,0.885931720997407,0.8695978489943349,0.7785699027175645,0.5226888139897928,0.7184917787479137,0.6769134198606096,0.7351380209867246,0.18326902852988505,0.6355369453326699,0.5212647881870489,0.6811903950751308,0.20353679846786363,0.29236613554561663,0.7017918229934548,0.4194614107210522,0.8383610157451165,0.42920815145883423,0.8434213283783004,0.2902963834578913,0.33860845679113066,0.5057612212226428,0.7555485964086441,0.4121016077798384,0.9004788404924294,0.19729972043980695,0.31433401312127385,0.4516731448349842,0.6710750129188912,0.6286732840496906,0.8378923056590964,0.6396877450808787,0.33330314996178506,0.6366725262791756,0.10084754260970538,0.598643806155191,0.09651895121510028,0.6902282846819047,0.6624499016834332,0.20431659681074904,0.5043133871848652,0.5111769581812051,0.8003730684642348,0.5983246559528744,0.8858592465852124,0.5816805141160082,0.6578593733701601,0.8151382172169978,0.8547201156372081,0.5706439689823037,0.909570907290726,0.6013662962033614,0.519381690907592,0.6516589311297678,0.5360704323845878,0.8817350990787601,0.5794254290864155,0.6022110419523005,0.559105655440034,0.5441833128537626,0.8528358455771011,0.20760804344257858,0.5686970470194487,0.5969443704915478,0.8120183136707159,0.24935751214074683,0.22116865143194542,0.4159104847455746,0.8322238099970496,0.4507253624695323,0.28705898808198743,0.6047179794574344,0.6061306178978887,0.852827165425007,0.7045461897209385
FEZ,0.6405028542654685,0.6031243513187702,0.5241289973218268,0.5702847299461234,0.6384645129701904,0.5736425385382109,0.9303762513834398,0.858970075455674,0.7457804768926558,0.7705078329532699,0.6433807451643306,0.7452746885266178,0.7163444270803567,0.5812332104074137,0.5632916483321485,0.2150734936733303,0.22439425811863248,0.1730280474240502,0.7557404633424485,0.5293179151205142,0.7330668603981272,0.5499846554462109,0.6969292073938695,0.7549761581982446,0.669790825645345,0.22291871722967793,0.6573200383496208,0.5263502146027161,0.7198453436452884,0.8164625026387268,0.9276051321385451,0.9101006339885092,0.4525492658603405,0.618200224596948,0.7450216505922146,0.7577008774977224,0.9505129149859681,0.7357317493431312,0.761677759116179,0.7894043656883238,0.8838408004405456,0.9592477935398073,0.5283318168634412,0.9254790288366125,0.8103332816224186,0.5246158471068334,0.9138959728207655,0.8643806556322384,0.9675839346793089,0.7082874483568189,0.6610508473104229,0.8421157553830433,0.6117134342129302,0.6031603957218489,0.6724829811812025,0.6099694765892741,1.0,0.7037814174534606,0.8851652548366822,0.7317458428008313,0.9066979682752098,0.6295450016609554,0.4154301053329402,0.4465587653430418,0.2571777518827304,0.6586630957572563,0.1077973370816187,0.941747516681164,0.7554466035863044,0.8643827317008858,0.28473680353634306,0.5341468112053422,0.5545865103125714,0.6242867920116995,0.5453941275173569,0.5569288580705561,0.6014003466883152,0.36312459644950307,0.705712295188249,0.6671507435477532,0.6392473331047254,0.7351245194944726,0.753057705121507,0.5443791518555229,0.6928659632061842,0.5216429553012205,0.6947192886956659,0.4080339413700011,0.5609693685221806,0.3593557467130262,0.4988622666528819,0.7486210845243362,0.3613043230069584,0.7194161073058165,0.3800492831074145,0.6855045426092079,0.5539153442770894,0.5360909609261139,0.668962402570519,0.6771307768149598,0.6992918196497502,0.5852046905949521,0.7233020401543908,0.6982855778747542,0.6737249171219516,0.6428726408906625,0.5987482822478508,0.75575388296087,0.6572428884769721,0.7136387796882473,0.17216044165320316,0.8967548662257678,0.7213349977350065,0.6746231525746315,0.34689558028343337,0.4335505804755209,0.6532686302273492,0.5096179626813101,0.7610976598231701,0.5973630954977812,0.7583781612245618,0.3286206532995839,0.34224550932872205,0.4819648332526375,0.7021423567188033,0.5678336657918931,0.6956139884033564,0.2729783021658338,0.37566694917602395,0.4945277683728258,0.6583469178966395,0.6196729597097476,0.7088363274841247,0.7063606720224633,0.33442593669343385,0.9362272115119862,0.11720766711839836,0.9724160993568022,0.08991670435219003,0.7328890797928069,0.8790431650074794,0.24953818133302105,0.5582176761925077,0.7489519802911624,0.7528369270206715,0.707553870064627,0.7143946963541511,0.7821659682533558,0.9025261515007295,0.8620226288458678,0.7671915619124701,0.7095988036223345,0.7009349892670622,0.7386410933527989,0.5812545534731022,0.9171490454003627,0.8940969164512211,0.4841626643789721,0.5855499759285486,0.48711982048982516,0.622550991482266,0.7227611091191257,0.6147471695673613,0.29552880793728775,0.6528699676524303,0.6999117476296282,0.6720450414381217,0.4057027489054687,0.3414689919662558,0.491429301351945,0.6731505085249078,0.5584801897780989,0.2962168578878519,0.5388302484974876,0.7370165629190151,0.7936667870488052,0.6642402492565144
FNDA,0.6651675935571554,0.6660872217138576,0.652282602865206,0.6750333079400654,0.734968104755005,0.6520420448891889,0.7593942995259396,0.7416473331695793,0.6208296580355848,0.9133330417922405,0.9679277225848545,0.7796685364484849,0.641871037344585,0.5919814916951326,0.6281041442974205,0.1894989045070487,0.19095708512626006,0.16230309817440022,0.7421262298717863,0.6100846586964603,0.8408302379777418,0.7829654732855929,0.7862244972141516,0.8031843842869448,0.5524292575873371,0.1942213074334147,0.45948223644651803,0.490670072444994,0.5742809920007753,0.5903420821517368,0.717564298291072,0.7228161261299689,0.40152346706912295,0.6190774353060925,0.6327527961904963,0.5653400323762167,0.7421706265056962,0.6048450438802513,0.8230546316977634,0.7199853258545381,0.6780997994028085,0.6652706619629783,0.4306678429164668,0.6677067274648826,0.5873433730170482,0.44652343864856514,0.690935761245376,0.6141016662533927,0.6737169797977075,0.6072537399304097,0.5807587590387865,0.667652231218298,0.5323484006933934,0.4906304315902943,0.5405319358859538,0.6618413047253078,0.7037814174534606,1.0,0.7588943674828483,0.6066632583306983,0.7530967049157109,0.7245189163129651,0.31415881067810925,0.3515402896153765,0.1407828814015006,0.6852058630374359,0.07186791160200359,0.753374945304842,0.8276091558000276,0.7505820406234748,0.25411557472087415,0.6062746941044355,0.5525192912220289,0.6985179748874708,0.5942861203200299,0.5889830263163233,0.5099228453931756,0.5029138700524431,0.6623866264501639,0.748407105128617,0.759399179316285,0.8015854121762845,0.8344243326753528,0.848794528979246,0.8624385112056503,0.6994966596987923,0.839016339753866,0.4133062597698895,0.5431446055953116,0.3334054539330605,0.3783671546372335,0.7829432816881438,0.5504793510046725,0.8442473426400197,0.5912014194932175,0.897178609202635,0.6902472810694665,0.599938476768575,0.8279434104579594,0.6470810344268133,0.9026442066211284,0.6950448743114076,0.8175316330092673,0.6950990026503938,0.6906800407421734,0.6521162451159365,0.7660169583746166,0.9246141503698849,0.8393905072095287,0.9688339475505556,0.18124847254846502,0.7423331170685133,0.732082204252626,0.7019829960941308,0.2425049183061421,0.3620039243099279,0.6297429207702626,0.4468128026126641,0.8198148273123522,0.830365168902563,0.8111329565944602,0.2815499241243755,0.31653806085874076,0.5282129542680186,0.7473698452593033,0.45789770407623104,0.6983152222281467,0.2315179335040594,0.3674297283154084,0.4872480225801845,0.6824829252773414,0.6956099315074402,0.8873988981503924,0.9853492632348967,0.3147371927375694,0.7586159944750083,0.07615091529117725,0.7168814298376768,0.06455881200256541,0.8249304090952924,0.7187387347034648,0.21657115981982955,0.7124714460416545,0.646072311813166,0.9094536278568943,0.9163573638956145,0.8150709325521726,0.6843895358411848,0.7295659583899656,0.8487842205370062,0.8546128470819855,0.8644964797841318,0.7034399522336816,0.6145626902372351,0.514215740859248,0.7488892360662115,0.7378230278754473,0.5985767188788769,0.7489700086913281,0.6011296945281782,0.805438930315402,0.8197980163758878,0.648771228526561,0.5005333872953743,0.80112798387168,0.8577333092239339,0.6628078530364645,0.4224601378041549,0.40279724772688513,0.5205479771860592,0.7621421895204017,0.717822414572299,0.5528354277655528,0.7913123427110773,0.6082913850144787,0.7936096069025305,0.7020610659859775
FNDC,0.6724429377251014,0.6199525730725012,0.5667300606331818,0.5989771799908495,0.6776229073219987,0.5936244103946627,0.9690758115791263,0.9652074360457396,0.8100827333497863,0.7950331838178768,0.704300960042964,0.8285214549714456,0.8427073757807821,0.592926049822951,0.5900443385968924,0.2671337398639864,0.2943778112074103,0.2470627420877412,0.7946688691056815,0.5493795783759841,0.7398554541843418,0.627803692709125,0.716999001455477,0.756260017458975,0.7287879710557678,0.29479737713014975,0.7085778380578585,0.5850153739856868,0.7879620148250601,0.855396154973649,0.9146757857065037,0.9265050493354282,0.5084813711604733,0.6494989092819368,0.8063198641545604,0.7410650219143099,0.9523820561906793,0.7908610721334817,0.7686723015042852,0.8612044051263338,0.8573095771112907,0.8653634327654081,0.57142622065214,0.8448479856299285,0.7847160746413333,0.5913667211781153,0.8455083434721555,0.7955194832082286,0.8610390210237447,0.7495049576623457,0.7108587920284042,0.8520824285424509,0.6392531474535491,0.6767345514312023,0.728477560980326,0.613570967786071,0.8851652548366822,0.7588943674828483,1.0,0.7922107474733294,0.9522336526230959,0.6411949230603493,0.5296575223148656,0.5611971326527061,0.3723664191460135,0.7568194276229985,0.17855504327396313,0.9521754088757948,0.7624058200195732,0.8297841181978063,0.3388757321457123,0.5563169048300034,0.6139588098134139,0.6730764584424848,0.5464643933620954,0.5584907347671237,0.621896005434329,0.4486852661477395,0.6968934424627184,0.6752776472972215,0.6268508076606556,0.7472421437868481,0.761575275083526,0.5756565126155906,0.7124513625091472,0.524513560048918,0.7411726940930643,0.446731437450767,0.6268870667754055,0.40965201658003325,0.5316428454873333,0.7485612001983434,0.44097412512155404,0.7339832186998384,0.46593433534852663,0.7240482341546962,0.6146279101531685,0.5817445554265758,0.6821947505711304,0.7680703600647236,0.7244213278529718,0.6345613864125688,0.7424403980598838,0.6919395529829651,0.6713233802901011,0.6445632570696619,0.6570073571742842,0.7859721579411969,0.6900142878027584,0.7652950793363983,0.2562074698429147,0.9750400948530302,0.7931584190497913,0.6948291150970236,0.4231164933263552,0.5386049603438772,0.6403685585280045,0.5320387820980265,0.7663266908401369,0.6609499897627158,0.7602534915987536,0.397123028714294,0.3946171921101867,0.5440151148055903,0.7062060723442599,0.635359235507973,0.6858814079119823,0.28257950309307744,0.40228799545301297,0.58468951933697,0.6816466858534472,0.6381748325552584,0.7477825100300748,0.7556320700006257,0.37685834243078087,0.9655248136960348,0.1972121253546476,0.9199898176155995,0.14475531369704323,0.74041364358929,0.9056420628793355,0.326388840563165,0.6204125537153894,0.8472621845305057,0.7866995586759901,0.754833569472062,0.734594466901332,0.9021964241469032,0.9417156683057707,0.8836307345930495,0.7802450615210665,0.7456090358037041,0.6911392247753073,0.7914222142263391,0.6137139488837816,0.9549019004432269,0.9343649544852803,0.5000781564389789,0.6399580910977231,0.5229136220787328,0.6490910891929925,0.7630038599754331,0.6190442015014614,0.38644276120396737,0.6568936625776581,0.7260888587251451,0.6596390107094297,0.41311775707197473,0.39923054695987015,0.49071030669306726,0.6761082553355336,0.6627873994824253,0.39584070447313446,0.5510988433585606,0.7895674554577942,0.814562379466808,0.66504137540499
FNDE,0.5198555318944108,0.5289203977668407,0.4726158803108126,0.5141156197380796,0.5999963521548507,0.5104852691609204,0.7917859879962251,0.7781491479600691,0.9182262162533402,0.6579628800315743,0.5672508048946189,0.6931870717713111,0.6447936906754866,0.47807731821114374,0.5210105777686165,0.16059228398110845,0.1751867127422941,0.13087012381847563,0.6605447653765587,0.4383446156411735,0.5967246591377506,0.49077714558176383,0.5795390831887557,0.6316147299232148,0.9045082791444344,0.17752885597583223,0.6593505613982777,0.5623188388721408,0.8655619927156645,0.6402974395648989,0.7425803240494098,0.76807806733098,0.4884108122799368,0.5297977605057925,0.8302066469600188,0.6583582867741148,0.7795333922300495,0.9061337161334513,0.6398729965050881,0.7505886416886128,0.6836139201682787,0.6845904502350975,0.7496556839204368,0.6789498686868216,0.593108519151859,0.5712293377982823,0.7255324654187653,0.635757868500611,0.6999787464058935,0.6965997898582882,0.7536373717945246,0.7182622211845291,0.6313493752570254,0.6613597739456073,0.7612838705335229,0.5167101761204631,0.7317458428008313,0.6066632583306983,0.7922107474733294,1.0,0.8031729397382659,0.4647666454923696,0.47526794739777556,0.5021156085842714,0.34472092966731294,0.7256358210543539,0.08871760124912394,0.7691451394560963,0.6271874500362148,0.7025779716967129,0.24247469376500858,0.4566851178173915,0.5457677360076875,0.6119263300880666,0.45002798928668497,0.3955373676287903,0.5844008227591052,0.4407544173939749,0.6262860178721875,0.5342352731521122,0.5191788918811487,0.6202020845289319,0.6197184720394724,0.43592727100626355,0.5677795748857152,0.36457033264021743,0.6469533088810124,0.47116084719170354,0.6654639467181533,0.27997559633513386,0.7677074536515689,0.6292850241493538,0.39039322115359665,0.5847116823514756,0.438028982960902,0.5720839979097766,0.5594160268130162,0.4268881572497812,0.5010896002528611,0.7736739439612295,0.5680689861644999,0.576634549585349,0.6457415455511101,0.6004287788887993,0.6011457839162613,0.5689196964716045,0.5093931112983641,0.6234945625049567,0.5777854202207686,0.6202445802178448,0.15021961548402038,0.7573578946766,0.8047106961039133,0.5417522986319219,0.4326096430054393,0.49326997694203767,0.5995121745311653,0.4931109920774766,0.6381293131900312,0.5087347985782196,0.6288972025614926,0.26308260660997107,0.2681687483022019,0.5092614858606297,0.6312134632005969,0.6438005824622991,0.5749920498840216,0.2797079140471826,0.3726762040076778,0.5310174634613298,0.5224437160033477,0.4735358785078913,0.6155573501550881,0.59982239117446,0.25952950891468946,0.799257510917262,0.08808678516592425,0.7458938393682891,0.060233713029767315,0.5822686855091499,0.7369418339725229,0.2015016621969378,0.4498528911010803,0.7247961615592258,0.6313233452490518,0.5920760537942434,0.6020204308037242,0.7657453723167587,0.8571300960591979,0.7635305002761636,0.6471842439735487,0.594823015265897,0.5849978261703723,0.9344191023124525,0.4892747215474796,0.8706790283584463,0.8443606334196069,0.40710060624583233,0.49219368300388217,0.432148087542518,0.4668847753004477,0.6351909419529576,0.49316730415468535,0.37034623669640065,0.5051138688315931,0.5608628051344453,0.5872931354114485,0.2866267083819506,0.27945887753742105,0.34887176356423955,0.5489144863969445,0.605577568731044,0.37368294432265137,0.418133145004408,0.888076255309521,0.716831294737787,0.5735255518003688
FNDF,0.633512466755245,0.5593933673056828,0.5091867730135424,0.5419902740150223,0.6380060901121374,0.534920598385969,0.974887212812955,0.947834335818628,0.8053761855988819,0.7934158151043493,0.719858340088846,0.8292225542011147,0.8433048759243753,0.5800332968348135,0.560746697534108,0.1982019524706421,0.22026308540364817,0.16487118027823525,0.7541300025369179,0.49698460029393987,0.7519938163710242,0.6457251904394566,0.7378378539996909,0.7364365146139956,0.7507161400093952,0.2204968388390209,0.6709011956794968,0.5812681100301637,0.7752863006602769,0.8427036784451339,0.8963962768517186,0.9747042561256476,0.49767324355283926,0.6020548597221377,0.8160874400324329,0.7523336218500748,0.9643187604491266,0.7831438292003342,0.7518866536095857,0.8660863240340276,0.8441086998685112,0.8785836402722944,0.5649757554602123,0.8818835098031359,0.7767739626527429,0.5672565749920506,0.8351749432334458,0.8366369888580566,0.8846043097101248,0.7450813378271782,0.70530808806649,0.8973045956523201,0.6490223679093854,0.6914087363524505,0.7169691251783961,0.5518627739270948,0.9066979682752098,0.7530967049157109,0.9522336526230959,0.8031729397382659,1.0,0.6333604986155832,0.4995312268118251,0.5281980840364742,0.34041981053536163,0.8095907609746754,0.10427925367890291,0.958064766432949,0.7443270706430689,0.8698566311750722,0.2831211583184353,0.5239543873519505,0.5696024982114313,0.6344550384268461,0.4882771471748035,0.5157229600280164,0.6052342605754489,0.5319133416945627,0.6777242293278658,0.6803223677678958,0.6281900456453536,0.7249346787783464,0.7481593442995743,0.5985952191062348,0.7036062690567908,0.5477657845986388,0.7045669397083224,0.452282252568739,0.6028230400518066,0.3414585016194559,0.5008614167606772,0.733279173003759,0.479305363829301,0.7138734777902142,0.5320044332736003,0.7267092478009053,0.5740627446575757,0.550087027819749,0.6560921218185021,0.8013285488376956,0.7309987886994581,0.5956128371387965,0.701981251028478,0.6581193357359859,0.6342787196580295,0.6225112901567236,0.6369901681667431,0.7830755130408966,0.6873300673871405,0.7482097691550372,0.19730025722101857,0.9319649035899492,0.7982087491637926,0.6636294746788259,0.41951142577165457,0.5140379679086559,0.6224732667921015,0.517035793299706,0.7546837606760367,0.6842554605642113,0.7437105893503095,0.3283336772517916,0.3253175899796202,0.49269354696925916,0.6953991713572417,0.6157393215098479,0.6502478474147015,0.27459024061471954,0.39581548308887426,0.5668873013413677,0.6424593624739608,0.6254777610321501,0.7068831289339161,0.7581508672645113,0.3128750737827403,0.9736396594660598,0.1210714420686424,0.933517038429075,0.07677580412462796,0.7400343658382166,0.8864686642554157,0.26118919940477714,0.5801235225325495,0.7983823918187002,0.7654673522123442,0.7663428552621896,0.690906918983451,0.9055451125618018,0.9322587934219736,0.8735790620987333,0.7631958182352458,0.7749700973687063,0.6518663470642533,0.772099406609726,0.5606074485552814,0.9560370647274705,0.9716064720845232,0.4292192155870399,0.6238436649722153,0.4810287633161585,0.6166026066819423,0.7738752058278513,0.5801705279573153,0.46002409141611084,0.6834872793037979,0.7320587552382336,0.6385558696164458,0.4198560576831967,0.3862735263381554,0.49033800772972075,0.6409819903027921,0.6783121293534261,0.4483586762804728,0.5322513736721672,0.7762379399579854,0.7769732353903515,0.6709499664074237
FTCS,0.6374292537186512,0.5026343843809805,0.4563023454000149,0.4676011385555283,0.505374495052597,0.4612869160725416,0.6635227239536848,0.6079581607338747,0.43665141257326434,0.7997302782476318,0.6740476433741884,0.6858520912201809,0.5368248723398504,0.532062823629485,0.425804550248287,0.22809335539140208,0.23001826310257442,0.19422800873872223,0.5765570100257136,0.5376846588923166,0.867066625179824,0.7336408475191,0.882773285145044,0.7627437385912215,0.4459074985485168,0.22710593788391942,0.4004856927893839,0.3706835986109749,0.4351992242500253,0.6733911578909194,0.6547475895081661,0.6469449467252811,0.34609185693239236,0.49805638699423693,0.44465486669605836,0.49482035454999096,0.6734495863537092,0.42271390131356895,0.7918283743773329,0.6463713322146357,0.6040271673976441,0.6094451038385231,0.3366953694209262,0.6027298541263044,0.6416694039990306,0.41880095925264205,0.5753010976517654,0.553001572040647,0.6180506523759387,0.5256937486911639,0.39535250554477036,0.6439818636496757,0.4390664779444664,0.3061734577836353,0.43097807413709494,0.5715469779801886,0.6295450016609554,0.7245189163129651,0.6411949230603493,0.4647666454923696,0.6333604986155832,1.0,0.2530256489890905,0.26215651296578085,0.10668028249364289,0.5456135798018841,0.12060268858685422,0.6939820926605917,0.8161412338095602,0.6732977857168149,0.2532078973917416,0.5981104894997614,0.37855125806762463,0.46285745077949053,0.5510530889264652,0.7435840678927441,0.48419713247139595,0.38628672026375627,0.5508421724205926,0.902332209486166,0.5225701877322336,0.7301766574018503,0.8498930791395554,0.6073479624747956,0.7365334621998424,0.7637090608734499,0.5847087882868153,0.3373220142640389,0.3747243109937299,0.35910428101062963,0.26834739916134936,0.7651256212108383,0.4164628068928599,0.8218808307836054,0.358222579304115,0.7199777137253622,0.38745009064189445,0.5240581629023343,0.8377792695448357,0.47158087777523683,0.8355932376916868,0.42186811867223456,0.671002954377948,0.6246218446796307,0.5481957681192627,0.6144396257011092,0.6073849016676405,0.8813533441140927,0.655659417361575,0.6905499738943371,0.2100405034301335,0.6439699893454932,0.5839948933052101,0.6526426420641419,0.15074939616769556,0.24924065696836983,0.4430379989508048,0.4028214328578961,0.796123229629596,0.778924541875618,0.7928223557514369,0.3150673837201663,0.3498741158186277,0.3301373221541649,0.6432451913352136,0.3839575968619016,0.6840336399566627,0.18951826087037976,0.28568835886257776,0.31996496339503394,0.646132556330792,0.9424612053256446,0.6729911341457823,0.7657134468371742,0.3411917539125454,0.6599047992520318,0.127209212002575,0.664987489504289,0.10958622602475586,0.9200362080607266,0.7176851797988121,0.23111379719329792,0.7335260131677199,0.5664176558209584,0.8312465545641498,0.8579340724426593,0.7182203121739176,0.5420824367728534,0.6076784582948708,0.7658540623189142,0.7918364337225268,0.8875657234878793,0.6545710961872099,0.4584491258778103,0.4988550330184991,0.6289610735165588,0.6549899566990207,0.48524706710401905,0.5980196657001351,0.4753296702938536,0.6725597349751441,0.7767046358253259,0.6448716441724701,0.3764013148156074,0.786153096892383,0.7945196070705316,0.5691982373470775,0.7611460255584583,0.5796064509449144,0.7916653434634171,0.6678065438353655,0.46179382413577696,0.3482557370026018,0.5776469813738121,0.4267811504739283,0.6620521391751488,0.7134813539397085
GDX,0.345654917908822,0.2720668165160613,0.3015967850845702,0.2788381799811732,0.33434499010319363,0.26450007555841554,0.5274585931681479,0.5671847285451549,0.4868198562280554,0.3294339976235958,0.2704154180861229,0.552754647976687,0.402809441569355,0.22662197045260998,0.28996863570177356,0.2351004532536058,0.2894092490477782,0.2750471698492311,0.36389288763293764,0.23979120301796558,0.30913402656253774,0.3038978736576497,0.33538483758144094,0.31796774230148545,0.46244025080972634,0.2923961152617872,0.5197558015971075,0.3807812850565029,0.49539015861909275,0.4711850787498713,0.46779675748044747,0.4704093983985778,0.3081963769860872,0.2787379877725059,0.48646148735801326,0.4033649851573851,0.4819260758801695,0.4645931253841419,0.3258862877491585,0.5266367415048785,0.4355124982283007,0.4166223341856398,0.3337791186519607,0.40173194482648156,0.4288812507772324,0.3596616055936675,0.39282497670729594,0.3985108355103871,0.40029620847668973,0.4005865637735263,0.3821257020179954,0.4759235398402108,0.41386891031695805,0.4254787717711744,0.632912107479761,0.2464499607300106,0.4154301053329402,0.31415881067810925,0.5296575223148656,0.47526794739777556,0.4995312268118251,0.2530256489890905,1.0,0.9797375071731922,0.8136167620326004,0.5819999664106508,0.24694114648589835,0.48954329423127196,0.31638586006598046,0.31845617314939595,0.22018466905307132,0.2963336851550803,0.37286365072526295,0.34815298625238317,0.22843803868126283,0.2589481492063364,0.2847423934271547,0.23858838132445126,0.316667241344973,0.2873989837667172,0.2165052873338576,0.3288104967317734,0.32086126593751585,0.12215403494007215,0.2572975350471658,0.12312226597065014,0.3552389969252893,0.2592667639863755,0.3807351940032083,0.29920520849250415,0.3022316213284463,0.313531793868253,0.21102119153349347,0.31388516264506994,0.2530721697287847,0.3160159440338239,0.3225547081287924,0.2575178973665174,0.2845762713683216,0.6042223523004578,0.2612585189862858,0.3176644013555936,0.34342018540348646,0.29411802285937394,0.2941794940168881,0.2871069514765761,0.290038389568326,0.32822401969317055,0.29188892130903393,0.32992222495975004,0.3154837164954327,0.49378013232825013,0.4367715968757455,0.3295767717167447,0.7682036040485624,0.9300334620774772,0.29223738664771826,0.260497011409341,0.32197038954625073,0.28478170467529595,0.319507770863293,0.3340942218157594,0.2963452789783691,0.2966251860356036,0.3229476876529653,0.4456150437108963,0.27104919189637633,0.1481238821939029,0.23458971477494261,0.4879808431362634,0.3276335551507387,0.30602045327912336,0.3485720868482704,0.300273551108693,0.2625716191189432,0.5167473220996798,0.28668734667680734,0.4608800925364552,0.19159228400955863,0.3130451270063413,0.4758261660729827,0.30316057255268575,0.30386681683878586,0.46734187708080915,0.3426198812765778,0.3222142817879152,0.3291437817633123,0.49084854596486205,0.5067236834314042,0.42059644919888023,0.3299765609770188,0.3277487811754933,0.2817798942811687,0.456049863085038,0.34845544546484597,0.5207598301106475,0.5093000689394459,0.17929459678606705,0.3486900429860821,0.27594467909224824,0.2577250280575119,0.46526702046921226,0.23181040615372492,0.19170255591763347,0.1948094320266133,0.3046782331081055,0.291477221132143,0.19043633016648104,0.2894551738023086,0.2396479912642284,0.23953749422388138,0.60692923769421,0.18672042113970266,0.18779695968230392,0.44986542595608514,0.3921210617134849,0.28071620484439386
GDXJ,0.37162453532978196,0.31618154486047223,0.3273910826537982,0.31531020832912615,0.37232372972435207,0.30752987869559034,0.5585242370341484,0.6017662189753181,0.5168051479853977,0.36561436365231914,0.3096423821812148,0.5786877328954768,0.4279549453641874,0.25866643132573647,0.3359133620103232,0.23328181753306412,0.2846361059903825,0.2684212085680198,0.4053544728273922,0.27408094440122516,0.3324480731389607,0.3170700568311377,0.35323126498776247,0.35010426793401594,0.48653372958858165,0.28877207055303306,0.5413584015341347,0.4079288893139331,0.5174278089822536,0.4832909176595393,0.4967898816268275,0.49571271599750544,0.33744625983302273,0.3132721215837647,0.5163093001095611,0.4320906241114695,0.5104402969595269,0.49302970133327667,0.3587870769150491,0.5514770213696388,0.4603905874393523,0.4460409224864681,0.3457516150064921,0.4323316876573396,0.44093555375797605,0.3750623323537899,0.42831832634026057,0.4204398773462564,0.4289333385004818,0.42268765244719536,0.41130339996509774,0.4953447312593438,0.44063302220404316,0.4443501337787096,0.6405264317091477,0.2866346931836883,0.4465587653430418,0.3515402896153765,0.5611971326527061,0.5021156085842714,0.5281980840364742,0.26215651296578085,0.9797375071731922,1.0,0.8006257536900458,0.6002217698699168,0.23721806114029487,0.5189667956777602,0.3470444381475708,0.34967884834069357,0.22304316548833103,0.31019614485755026,0.3982851815729921,0.3867035937430896,0.26755732073357863,0.2701816563516104,0.3136713292834156,0.2662315414553073,0.35143673405622644,0.30083064657769365,0.2571623271048938,0.3645112044557856,0.349048066536127,0.1542669174671729,0.2919840025601264,0.14497638895548504,0.3983719091172665,0.2758545996183768,0.40566438817713674,0.30471324519791293,0.3218790489794775,0.3459043000431787,0.23750707384410033,0.33649065678716483,0.28604281629295975,0.34769926038870475,0.3641980631882014,0.28156264961822164,0.3024799013830955,0.6287020701237865,0.28947209988099065,0.3533730328458413,0.38044801204651835,0.32944626795422366,0.33148512295442045,0.32151431699828414,0.3147050201478787,0.35527975843812415,0.331549025803403,0.3699917290099333,0.3173667825467315,0.5260589172531022,0.4670485891473912,0.3598587233303564,0.7790497833775064,0.9550557241569788,0.3278497394287023,0.28640704605675593,0.3539382289795434,0.29736603523106087,0.3512945851531605,0.3365193321485035,0.3012850985258061,0.3248356381269093,0.3518678141076329,0.46270915427225345,0.3060377745982523,0.1753390551213062,0.2519596428039942,0.5241653300597591,0.35766079012612856,0.31338728749680217,0.38846474870903336,0.3355635896470684,0.2684244542611317,0.5459148400845789,0.275652013891806,0.4889381355785777,0.18293358556236666,0.33184451273362586,0.5018401297902513,0.29898870030794833,0.31029434652489396,0.481951918355899,0.37410879623152504,0.3456634825858549,0.3649134235416473,0.5165843052939564,0.5379371497910098,0.45454175479746395,0.36449447108279737,0.34533501455798526,0.31851234621584934,0.4873895854865814,0.3697306754795626,0.5518280056692674,0.5359473816791044,0.22022989485322517,0.3813442384972689,0.30338678189306423,0.2757322152114772,0.4795237372352792,0.2652976247441697,0.21889083111373533,0.22135419968996653,0.33249534084037335,0.3257622905922768,0.1815386480762535,0.2707354874796061,0.23372677542238232,0.27418984466761237,0.6376109258430401,0.22376580779361802,0.216879328344993,0.48119316708626625,0.42746575730968334,0.31029676598090355
GLDM,0.23865748763502145,0.13103051423744305,0.17090147841562583,0.14180860094071737,0.20029184337650785,0.12980121928927615,0.3611765863821174,0.41307080324358664,0.34955791571797196,0.1499303295517598,0.10825425445071334,0.3694642768999038,0.28852940553319856,0.10843826650957018,0.15829906123246076,0.23204887527701537,0.2933273582232885,0.2765223970988565,0.22869690070952725,0.10995531879370993,0.1371791231015367,0.153885490724059,0.15893587065556192,0.14780793256399194,0.34396521333589336,0.2948849481781225,0.4375844069732029,0.2728014731979504,0.3679834001765386,0.3432609629886172,0.31195703423101495,0.3064294154029044,0.20641905263089444,0.16537002855483457,0.3576754294613137,0.2696846924494931,0.32013524554653855,0.33336478526602903,0.15064467520869296,0.35394850148602586,0.2806387788372465,0.26051603118951977,0.25031059955920265,0.24767286200621244,0.29476478652129445,0.24725173944950163,0.23986634794026665,0.24862440039856318,0.24836838651498439,0.2550650243191253,0.26643063875279327,0.30969050321367475,0.29883230830770474,0.3273965480097164,0.49288163781675687,0.1034511300209691,0.2571777518827304,0.1407828814015006,0.3723664191460135,0.34472092966731294,0.34041981053536163,0.10668028249364289,0.8136167620326004,0.8006257536900458,1.0,0.413797520648923,0.2804091703383767,0.32198274994692866,0.14387920120355877,0.14303781258290232,0.20503746220002686,0.15844360913409133,0.2633305610907276,0.20961498516311697,0.1021313674414977,0.12573573774089977,0.16832560379267641,0.14959523716021336,0.1785604759138083,0.12363306321698837,0.07822651729172349,0.16347706497092326,0.1485543864040684,-0.0030046066301163284,0.08549649710538376,-0.017524426649907693,0.2055305922130402,0.16906560281139138,0.26880452444446606,0.26969161622913757,0.2113168607732868,0.1457576621754961,0.10623594601064669,0.1497915000673239,0.14658778115288146,0.14839406214969622,0.20874918042708251,0.1647146069188082,0.1266342380656112,0.4433407972019294,0.08687789898677672,0.19277788737522833,0.1758383893767983,0.14705134246609547,0.16092470684728122,0.14807200917599767,0.16426542847430106,0.14504877725389298,0.1355100172735905,0.15740426003270114,0.3199476632061749,0.3434289653641462,0.2898970245876046,0.2130093864512185,0.7830955128713517,0.7479523559597091,0.17314518304313212,0.13966277931598567,0.14930938584980175,0.12362992402505335,0.14714303135183265,0.32707666680695036,0.269820777609735,0.20235853102480283,0.16982339387879977,0.3603473198611034,0.12086893664115585,0.09934993621712897,0.14112192674027874,0.3663814855284687,0.2165574500577905,0.14013387974748773,0.17983390060585927,0.1252967483007123,0.2328833717510485,0.3509468913463075,0.3169922913375448,0.29476804491977593,0.21575325732606115,0.14036928791163847,0.3088776205452134,0.29151680900586857,0.16032945629537784,0.34050575862596544,0.163538065476008,0.14606105290823307,0.16085678518992133,0.3572024994055164,0.34755625990635364,0.24008821472579445,0.15426737670883978,0.15040244304159492,0.13160594284514637,0.3203601172994349,0.2709809681789249,0.35691030214480585,0.3461165162852984,0.05797694120634565,0.2189171532793501,0.14283257011597578,0.13165836789897242,0.2753602047113319,0.09799875989180384,0.10891559149274872,0.031117937905911705,0.1492540016525344,0.15121939211344687,0.08564791161570866,0.18503096645473696,0.10968635278264648,0.09172967054102381,0.4270373294346207,0.09869511977998847,0.06731669191946646,0.31327111990259066,0.22707388457258743,0.13425835850212267
GNR,0.4926179125556284,0.4217957661306427,0.3909442659450461,0.4087704978343819,0.512540838945954,0.40313599137900197,0.7876959821881213,0.8078334236967387,0.6529803846312847,0.6979441753495331,0.7206720816228497,0.8246171425815083,0.5844416408153724,0.4834424247634919,0.45495196284134143,0.06875434651258192,0.08402009511449333,0.03604957609016999,0.5616562071865668,0.39287246137295695,0.6356842650479653,0.6663724818338274,0.6839019042245498,0.5822054996999009,0.7187416646770023,0.08925857939576083,0.5116274724853377,0.5560808917658551,0.5999843957872205,0.6100765395578022,0.6378682532566918,0.7860383015423167,0.42585568894585185,0.46488741485205,0.6326555554193477,0.6084190478027182,0.7276105196866803,0.6199125588589556,0.6129018572800254,0.7794186139898807,0.6491905597079596,0.6191553475486885,0.5143484194862628,0.6586067779124292,0.5560895055794186,0.46180897654427194,0.6096990163634325,0.6130606111061252,0.6489198280124978,0.5953696212790159,0.5374891626143234,0.7753153844307492,0.5672151466423495,0.49091148591621725,0.6432909062251421,0.41605688140478436,0.6586630957572563,0.6852058630374359,0.7568194276229985,0.7256358210543539,0.8095907609746754,0.5456135798018841,0.5819999664106508,0.6002217698699168,0.413797520648923,1.0,-0.005698272358417039,0.7406629757177449,0.6045224309450473,0.653189786232612,0.1745297648912641,0.41026039277664583,0.48717542319505497,0.5153379896253211,0.3696694859274248,0.3913464802639358,0.44481780313183267,0.8030833615804134,0.49027487505284073,0.5778338377849562,0.4749696226498102,0.5842144609342869,0.6130556882994326,0.5380296262506491,0.591834258316227,0.48877605956385206,0.5879367477181134,0.41948802651067496,0.577810642960253,0.19084891548611546,0.44825533635947346,0.5870169567208859,0.6415815462435076,0.6058370449885985,0.7490925126714275,0.6698619398722998,0.5134243510136361,0.42610614540471253,0.5442090978604348,0.8784956714646514,0.6639949904916256,0.5171344302506413,0.5706100385039928,0.4860698973928502,0.4794554656558426,0.4890901639755835,0.5492759925980597,0.6957294923153915,0.6008966769164219,0.652318877157956,0.16913422771528402,0.7112248584229004,0.7644902553181925,0.5195809689061134,0.5022061689155327,0.5935176947131566,0.471822727268888,0.3773684838519307,0.6171630596284633,0.6847058299244538,0.5919940403330078,0.19037417675360427,0.17966546210403095,0.43933922519353164,0.5613010999866911,0.5192460096876267,0.48548945439991104,0.230778590459892,0.30049535983246217,0.5762010632531611,0.4980997105930025,0.5289624356268497,0.5900894930164835,0.7035279535288878,0.16920243392038656,0.7520944099568425,0.005462856184748515,0.708240388844816,-0.03334004408916968,0.6195321981453038,0.6694121162709558,0.1283745258990192,0.4876868825675793,0.6242193288587984,0.6677343164313014,0.7192618356729029,0.5596924422943035,0.6675441298237698,0.6996048484481341,0.7064463115347036,0.6299545985378535,0.7189670041490784,0.4837464074586992,0.6446772650191777,0.3903054656550208,0.7538628143907659,0.8216266291626552,0.32991852309058395,0.5428308408014028,0.372548888506042,0.4750302397403246,0.7856389244670062,0.4393409505080105,0.7488434485092834,0.601580167956938,0.6390034107255905,0.47262733867996903,0.34721577564685574,0.346402554464598,0.3994069396675231,0.4897696474194493,0.8057859155658462,0.7179554665820875,0.4532870161588691,0.6066479706459988,0.6098741536892945,0.5576910342936506
GOVT,0.45579645656155804,0.10299652174758658,0.16887876101239888,0.11948001249828297,0.07824781053244496,0.08738115918126484,0.13241533429963076,0.11918278166005189,0.11490901471449479,0.03962811255739852,-0.006462726049713964,0.10023560062500365,0.12980464377599132,0.07713067630023139,0.02856599898809999,0.8858237992075095,0.9283475934897375,0.7708720200734329,0.10366631228245213,0.08307195574285121,0.05913125087495581,0.1254870250402602,0.04683785758227549,0.07698296056246665,0.10750069952813866,0.9231739443798622,0.49309052847343365,0.09994756847056074,0.15948787043201687,0.27551890557722647,0.1801061450453679,0.0960058356909569,0.10717211260214,0.10624408804619474,0.11658677736794357,0.09708923800851044,0.14982212827712457,0.11500144113388301,0.07649431638569494,0.158184022758343,0.13210010995945398,0.12462060943347827,0.07608749938475773,0.07611447842270745,0.24102686224609102,0.14955964317767073,0.10746678068586958,0.09924342995651171,0.11461705973637039,0.11512649676634612,0.08826759923507603,0.09988203510004902,0.13141943574166282,0.12082772799223845,0.18471585486275918,0.09102458968000504,0.1077973370816187,0.07186791160200359,0.17855504327396313,0.08871760124912394,0.10427925367890291,0.12060268858685422,0.24694114648589835,0.23721806114029487,0.2804091703383767,-0.005698272358417039,1.0,0.14896973265753305,0.0791649875988175,-0.02342273728980017,0.5860377822682507,0.17235155021000603,0.1705167764638905,0.09508126855629902,0.08990640432566771,0.14892414043541505,0.06074320226937303,-0.1426785774949894,0.0641427434512306,0.09388182758970398,0.01360717242127269,0.07160446534116019,0.10054722623209973,-0.05529046018752571,0.04307477724056494,-0.048372141308352504,0.08796424696015379,0.02563042993711466,0.07581984664890112,0.8429981854622928,0.06714832478249796,0.06253506185991259,-0.06624552015192463,0.13866020177204713,-0.15387169569678194,0.0384052824714919,0.08124087147263327,0.3376608511858889,0.1676454516339368,0.047994777749769076,0.03952343133467236,0.0933312395186905,0.11385256277679888,0.07850880872025198,0.07524464772788873,0.03926711409450064,0.22982745758825485,0.0942709610613202,0.013279761422021977,0.08191965467230138,0.7714757014010443,0.1801234688968636,0.15357939578230023,0.36798147004288906,0.15526340245438075,0.1950844078268728,0.02661398095083779,0.055184947879335706,0.06812454092000059,0.09659363226238994,0.07517586785599936,0.7835787004345308,0.8506998816653707,0.1345956013292169,0.0606255795994453,0.1634080649587036,0.07806588916930596,-0.013963378212532383,0.02632070188852001,-0.0014414753930095726,0.40400367021353867,0.14817249428956478,0.11803770742326998,0.055991065052771606,0.818769863087504,0.15073037888548002,0.9209247964640948,0.14089272077744708,0.9033669309946126,0.09597945597981448,0.20043964358224348,0.8633922354767083,0.272831292295059,0.26158395156719805,0.10557699739669378,0.0777541239484459,0.11199024535769111,0.1529414821226401,0.15801992130938516,0.10267821670474712,0.07343171199856945,0.04507869110370196,0.07838908545414426,0.10262373396944532,0.6132081274009126,0.14080163933772374,0.11213168469164993,0.11980509798147457,0.05201065580377092,0.13886162448616968,0.25605026662803304,0.09140853290738765,0.0770550953059282,-0.1521963632174243,-0.05155000323978471,0.03699706714730899,0.05198563072455919,0.14828026996868782,0.22756216570619275,0.14179305060815275,0.10032221666643686,0.018951238279017863,-0.15684817608597426,0.07909598309338937,0.11190570325050729,0.13651470162789384,0.015767397754451937
GSIE,0.6805189891595513,0.6357863613126428,0.5665531400510714,0.6090205665721615,0.6820705301142973,0.6042250830926896,0.9836785098404928,0.934293821022578,0.7817426098927704,0.8207877030230827,0.69663216984443,0.8400397229635268,0.8320083364025109,0.6139994369390605,0.5948843246329708,0.25290980516890493,0.2686247816167573,0.21747968637675272,0.8023050321482447,0.5695715684502183,0.7847220465398397,0.6322057859299058,0.7630206656004326,0.7921356249033721,0.7155706284413587,0.2684256270304277,0.6863904523874699,0.5644149002322619,0.7592279816020922,0.8905846949767593,0.959070817089922,0.9518803978580707,0.4910324209014233,0.6425947183662889,0.7783394823606523,0.7532972193207272,0.9883608495357137,0.7656288410549291,0.8067105415456161,0.8747864273693021,0.8865298985167828,0.9175592659537972,0.5595446537759244,0.8941488076723736,0.8446920997554604,0.572625613660365,0.8872722347643704,0.8425112018508639,0.9180226181333293,0.7665248012512593,0.689439920766415,0.8940081098520277,0.6449329734519218,0.6292206640092445,0.7113876241069415,0.637150705091182,0.941747516681164,0.753374945304842,0.9521754088757948,0.7691451394560963,0.958064766432949,0.6939820926605917,0.48954329423127196,0.5189667956777602,0.32198274994692866,0.7406629757177449,0.14896973265753305,1.0,0.8036326246299035,0.8933767473942015,0.3133235038083374,0.5916774951736617,0.5905619086725903,0.6652332527777847,0.5773996703458013,0.6020158689972811,0.6249870518177758,0.43675511686420276,0.7239069231088323,0.7363421095000923,0.6421700314809837,0.7826250672488781,0.801991741387663,0.5837727259040731,0.7381454811746231,0.5660915757979971,0.7385481822212208,0.4392991638958257,0.6067902226133064,0.3999100428077217,0.5157769619119505,0.7897896465780805,0.4213768634398641,0.7604112111797908,0.4455029256768387,0.7289305338755434,0.5905252108719996,0.5833318591071254,0.7081879412292926,0.7467276639188207,0.7534836944259903,0.6185781019573511,0.7636577773385731,0.7250581154151926,0.6938306148620657,0.686529865403084,0.6470070493139584,0.8102997189690068,0.7125823295570445,0.7639414329138549,0.2270000299693537,0.9559571197060464,0.7853215605435655,0.7122091772532866,0.39148569538112443,0.4992334851077424,0.6573855998605149,0.5314324073201353,0.8074518024638344,0.660180373720383,0.8014414109728737,0.3739846870769446,0.38362276543563917,0.5127643924192475,0.7298675152551838,0.6075335986260146,0.728172135926368,0.27559776094232,0.4015259749874053,0.5589500958290363,0.6918901165268803,0.6906328459276224,0.7572050756615079,0.7572373201857787,0.37157723998120373,0.9835965228440587,0.161161178814144,0.9708124703149597,0.12582532407561767,0.7872501599055446,0.9487515144583921,0.2941740211214483,0.6248236880641601,0.8196050534036805,0.8083438376191663,0.7683769559000386,0.7607678454563913,0.8773507452693636,0.9467331798631432,0.9099330347779769,0.814632234483481,0.7759130485096072,0.7292279224986917,0.7720742967534862,0.6072207784895535,0.9632783910115325,0.9502327378307838,0.51649220113832,0.6391911259903481,0.5323403515803671,0.6476752909635145,0.7749710831867893,0.6478674626269663,0.3695714444089864,0.6950422287758404,0.7468213327680834,0.6917200037032977,0.45230520080818915,0.4110996140322033,0.5545355219797782,0.7025354695475096,0.6324160883429161,0.3715428807162963,0.5567949052475516,0.7642242207993369,0.8311104705879964,0.7197573939889241
GSLC,0.7314279199972017,0.7673778392175876,0.6495586806394271,0.7472632265649793,0.7991295758120556,0.7589513740214667,0.7802858566755351,0.7310389625613136,0.675574675891818,0.9719039932972813,0.7569081132973839,0.7747307744029027,0.6935111381414111,0.6471914228698437,0.678911212045315,0.22469062583020855,0.21580559402363766,0.18917076020563472,0.8482618360730046,0.7595905043172668,0.9132982627395355,0.6352905915257114,0.8667698449337422,0.9804452380936974,0.553775929377263,0.2138972512817727,0.47693553164673674,0.4620497392077123,0.6294026906364979,0.6382063424136952,0.8175435368393614,0.7030876456701515,0.4253620123883774,0.7000323523602918,0.695369623716678,0.5883625626926208,0.7922031264451957,0.6618885237152169,0.9946917371909844,0.748651865595866,0.7105648020760742,0.7180468347726422,0.4313038638211627,0.6831179565560029,0.6409385587424095,0.4940207384488379,0.7842736247667687,0.6183460772772713,0.6985829728798605,0.646247262026803,0.666998805845091,0.6589394106172474,0.5288329435527733,0.551247255372867,0.548238117208413,0.8456503446123513,0.7554466035863044,0.8276091558000276,0.7624058200195732,0.6271874500362148,0.7443270706430689,0.8161412338095602,0.31638586006598046,0.3470444381475708,0.14387920120355877,0.6045224309450473,0.0791649875988175,0.8036326246299035,1.0,0.8118736563796031,0.2679609493637795,0.6573120940567964,0.5607690437959109,0.7556788440481914,0.798494380358579,0.7057231371763713,0.5694226073794423,0.38874107382280204,0.8917441089104784,0.8755719655889201,0.6523537617256484,0.9560146374060344,0.9765031341358107,0.6415765366786947,0.8470245246285835,0.6285165101946408,0.8330954879754657,0.41464720994507936,0.550883267667708,0.38047659282649027,0.4015207294188148,0.9886056504524102,0.4429579686461067,0.8865886238061956,0.42594502041835963,0.8177519337207312,0.637815376989587,0.6088305579440064,0.8087243330919942,0.6015704217308645,0.8691816570241452,0.6907186476650141,0.8911563643665705,0.9360396440057839,0.8728686424907695,0.8613119983761581,0.6505908812842304,0.9191838352143312,0.8111988285912267,0.8597414804079154,0.1947071289922309,0.7649334309549036,0.6589884711750604,0.7647201942459947,0.25112579835344223,0.35154811909741707,0.7969500057614489,0.4904750712256978,0.9939758001769238,0.6787484607062465,0.991942890720202,0.30909930171853683,0.36456794272516585,0.5098916331458517,0.8934707280458714,0.4984915258731866,0.9502801112537771,0.24450955334247876,0.3910608069640752,0.5157594798836967,0.7462831389142253,0.840867345667187,0.8882791012872553,0.8305632921113113,0.36369057807874366,0.8021261979162664,0.08660784776121859,0.7563493195227392,0.08555992396882774,0.9354019049294677,0.7964874175922229,0.21648364551463406,0.670130940461888,0.6222381277813455,0.9372525526656365,0.8387731432010047,0.9266459679492258,0.7351204847057645,0.7886431806815737,0.9631489457881248,0.9929847941151411,0.8580825825634072,0.9497934861794662,0.6642685257790159,0.5725328504233734,0.7954003617759507,0.7278138092202525,0.696900585530536,0.7135463968896353,0.5988245872322607,0.7118238618282277,0.7675543618801145,0.8219781526861433,0.3715122567600479,0.7761668130220089,0.8421655352179356,0.9019299149288288,0.49181588609567606,0.442382864627387,0.6306377590614806,0.8722561551116988,0.6021203454595888,0.4026908325798859,0.6604050825796789,0.6702615232102983,0.9060859454551132,0.8686326203089225
HEFA,0.599823104728077,0.6110022406367023,0.5341579981494016,0.5897566981637681,0.6766299370346016,0.5870629022290381,0.8793729839637504,0.8194012511343461,0.7244682695328617,0.831687362103838,0.7042258950777944,0.7405647189892156,0.7968042608218415,0.5994522288767343,0.5778702496808983,0.11791495808004876,0.09557539016885949,0.10437945507390724,0.7792496156071327,0.5646004087673718,0.7956318514783235,0.5850142011598246,0.759914061426733,0.8000864957331888,0.6325642938376289,0.0937130949101652,0.45136760911353424,0.48403979675819936,0.6792097799874302,0.7260503698934191,0.8852613245139532,0.8555495360038061,0.42443925848053016,0.6183049787291861,0.7257172998512547,0.6506814163610599,0.8994953777059354,0.7066029183435164,0.8163523508377868,0.7618525426907732,0.7894965481693946,0.8226920475301591,0.5168210309338864,0.8113384542068531,0.7243775003558744,0.4705984616650839,0.8304353296898134,0.7443379878226003,0.8243030678747282,0.6907222330734524,0.6637746238533407,0.7950760569554375,0.5811612284685527,0.577523475072377,0.5862310907803571,0.6372413248433964,0.8643827317008858,0.7505820406234748,0.8297841181978063,0.7025779716967129,0.8698566311750722,0.6732977857168149,0.31845617314939595,0.34967884834069357,0.14303781258290232,0.653189786232612,-0.02342273728980017,0.8933767473942015,0.8118736563796031,1.0,0.20461028393917022,0.564006088918954,0.5238349409849873,0.6554727789198468,0.5714917865328597,0.5608534105217892,0.592989105554769,0.4173205581037362,0.7402826702063877,0.7430467817279537,0.656954698767322,0.7927168362376354,0.8043502331363347,0.609023207647515,0.7491956635586186,0.581701958075848,0.725334802248856,0.4204535069091491,0.5541140853075099,0.2559573117786743,0.4611119906669426,0.8030069806736136,0.41887190949950226,0.7369012338873069,0.44482257778814505,0.7412348617432831,0.5662247833572485,0.5350359372464891,0.6852253204842681,0.6615493350224616,0.7558768074406178,0.6019515121231809,0.7502991907398873,0.7394352588725119,0.7077651893225653,0.7080444841586205,0.6012921759670256,0.7999967448973145,0.7357442408664225,0.7626268066130739,0.06840671330363637,0.8356682186935099,0.6986637183220882,0.644096261665082,0.2636371597572715,0.3525017009293078,0.687175834970279,0.5065960985651105,0.8184834414182345,0.6247212757707827,0.8099708894758169,0.18870311222669853,0.2365222708874863,0.4709902052025132,0.7409831978648178,0.5122814087019688,0.7375851354262564,0.2666567431602183,0.4012123966430945,0.5096813394742822,0.6131490909501864,0.6663288256561111,0.749672147262237,0.7574806774365294,0.24664759797139413,0.8920481737652516,-0.03730447505282575,0.8690729224307113,-0.006780102112382145,0.7863622101372764,0.8530856471445463,0.11937869000954011,0.5601388232238141,0.68497249993209,0.7962957792631666,0.7519877515939029,0.7550953365850771,0.8155516697331758,0.8620369097254162,0.881694925857504,0.8226725560817848,0.7753857189700816,0.7402565518575907,0.7105721405449524,0.489024008395023,0.8767195368485715,0.846923550641311,0.49841644258683404,0.6424615499892505,0.5100820887931858,0.6165122050969436,0.73259506073958,0.6455975868412984,0.3718138694226787,0.7158243347842135,0.7606005061031234,0.7172314857237778,0.3986010916517138,0.36012424479608723,0.5330690964186948,0.7014605108032094,0.5816215437942371,0.3799191395159297,0.55089751538741,0.7084710290174209,0.8059678286056048,0.7460873732084818
HYD,0.5579199461638619,0.23597573184790457,0.26046501787686593,0.24426650148058313,0.2288924577079472,0.22706854833145124,0.30632226180194905,0.2835652294509689,0.2653118801629018,0.25069627991969734,0.19296161011481822,0.2669944684457621,0.25134213555993395,0.3872339195955169,0.17509513116345785,0.6268125532879275,0.6476569656502625,0.5543203749294072,0.2846463717776567,0.2321558671054325,0.23947282177483586,0.25664276299134736,0.2154467144067576,0.26825391510190677,0.24365149786959742,0.6466807621993599,0.4667041746392146,0.21903027517146517,0.27872211207356773,0.363143382909076,0.32854285031058605,0.2726538819386797,0.15178622679821394,0.258715866564892,0.24898999146375161,0.24117173178964643,0.3154516908393801,0.26374820071576455,0.2687792198195554,0.30353760348959297,0.28910350010370195,0.2874655769271806,0.2022406890720257,0.269184988156642,0.33180886166596224,0.22971698914946984,0.2688202110884397,0.2699751000845189,0.28205804063865075,0.2688927643216261,0.2322070597509869,0.27347646390534514,0.24375752154796212,0.21305509107508505,0.25733584357653055,0.24157101791604058,0.28473680353634306,0.25411557472087415,0.3388757321457123,0.24247469376500858,0.2831211583184353,0.2532078973917416,0.22018466905307132,0.22304316548833103,0.20503746220002686,0.1745297648912641,0.5860377822682507,0.3133235038083374,0.2679609493637795,0.20461028393917022,1.0,0.24738951346075108,0.2780189603840897,0.26010425576057583,0.2457253740690964,0.23663345126978952,0.193059322555162,0.04550923636906671,0.23220065981906388,0.2552605405227361,0.18513064369238932,0.25544003926653225,0.28157038806747725,0.13128701248128286,0.2358368747508911,0.13962296857352843,0.2534203733302535,0.10506558418840349,0.20041830924178627,0.642725573543235,0.19609040532085378,0.2546315586009691,0.10436393273557325,0.29983058782138505,0.03138452381306419,0.20919638394743928,0.23002653012220584,0.463010302572649,0.2994110997062428,0.18973593340921643,0.23604484272142906,0.248285495924888,0.2864630005669132,0.24809192081434733,0.2434972197306395,0.20994481024072603,0.371933886538249,0.2883324059017251,0.19428817130368586,0.25994960361167496,0.5148368964381614,0.3400597043268353,0.29732454639109135,0.5106923961699654,0.13031276898718136,0.19764027339522433,0.19098190540286505,0.1481929360551771,0.2613158533167213,0.2590580350700279,0.2623819596966058,0.5921884714663427,0.6376739420035369,0.24229985685450472,0.2427968457200339,0.2395691258886493,0.24968363052958023,0.03508738981017997,0.10082797305283962,0.1339148915942007,0.5406100215388643,0.27693169893141073,0.27873082357395085,0.2490180591336528,0.6214043059747593,0.31674737728893176,0.592467414415543,0.3105165388004009,0.5885440203575376,0.26239413129927713,0.3428841014633646,0.6295087352426578,0.37550546791971723,0.377209975354031,0.2966951829499845,0.267447852742362,0.2849083904384195,0.28549512119149645,0.3187302527717186,0.29999656704317285,0.27028791187546847,0.23370456330894354,0.2561099640051629,0.2685420458314471,0.577068687622488,0.31472661044726297,0.28411572496439547,0.24315698424969967,0.20344840043140788,0.23840141775651055,0.34053073014462526,0.24417136282102125,0.23282309890963165,0.02015873854941856,0.16432258034611308,0.2125938406571621,0.22291698363776713,0.2092881368229045,0.27707012401199027,0.20996583857668802,0.27322751088239755,0.14457319780124125,0.024312728941730786,0.2239876059889219,0.26633360985803756,0.3131011926586854,0.1981865429201269
IBB,0.5772009027605244,0.6166882066187689,0.8028110776061183,0.6875390460704878,0.6186544621313109,0.6069093970349605,0.5668211891776069,0.516714885832526,0.5132419506694963,0.6492899481711664,0.5292681710800207,0.5355804157745399,0.4913549657885928,0.4505301133550876,0.5238324808650676,0.2651685456595554,0.26793930094626145,0.22437859216067035,0.6035592192488106,0.5363879319753244,0.6137838740309297,0.4835071416832837,0.5634275401849522,0.6321255265064649,0.41380904601500784,0.2651435614595273,0.414926587649699,0.3572902884936359,0.49281749977759304,0.5431267859682266,0.6196696186965538,0.5059828119219615,0.3219062004999583,0.5052758306998053,0.4863945340515252,0.4193897561293909,0.5865263104888117,0.5090246090678315,0.6538725787699214,0.5302218439661953,0.5285130531764296,0.5086832838565629,0.3457988091020644,0.47640625109749024,0.5643996121294417,0.3475345630971728,0.5504991753804249,0.45761668350610674,0.5137323633099733,0.4978656896086684,0.43914696476108755,0.48922325823501006,0.38741166916460473,0.39181627171545047,0.44031726316128056,0.5965680879676573,0.5341468112053422,0.6062746941044355,0.5563169048300034,0.4566851178173915,0.5239543873519505,0.5981104894997614,0.2963336851550803,0.31019614485755026,0.15844360913409133,0.41026039277664583,0.17235155021000603,0.5916774951736617,0.6573120940567964,0.564006088918954,0.24738951346075108,1.0,0.5233872996928188,0.6164049747367504,0.5509414433078074,0.6260045070816698,0.4273112016293832,0.20259047193720084,0.5438365584163286,0.6064098401832847,0.46210544495859673,0.6595646753361436,0.6661112337413098,0.4236929827313119,0.5834243321550244,0.414044111246031,0.6860533961421814,0.25719465191546037,0.4636946326741507,0.3720939869849314,0.3758388951226229,0.6329789327316376,0.2757613069070364,0.6695585982118443,0.2446685681676087,0.5276049293322047,0.58184054614708,0.46925807300382294,0.6044163571117612,0.42145543857043516,0.599638737607461,0.5913008660298644,0.7553097161458264,0.6056345117336812,0.5893085714414628,0.5789142281940124,0.5200358604086842,0.6571173440483771,0.6296231505686258,0.6896345878091152,0.1938972213034109,0.5732910145942531,0.5167615642874889,0.5852672221107958,0.2106031467778587,0.3106502393368062,0.5010654010237059,0.37556552239635893,0.6419945814138364,0.48706770974298064,0.645214833352119,0.31588944417467063,0.3644494388169231,0.500106311173901,0.5585603898202366,0.375002433586358,0.6045722589591572,0.15327379268049643,0.27117075015043457,0.3696398334153713,0.5791373394491424,0.6314199275954813,0.7416398336016478,0.6082521518097223,0.35726011952686565,0.5846714284109268,0.17775404960176003,0.5690499217675926,0.1653310833882227,0.6266083738536573,0.6369969792582509,0.2593706571624181,0.5403317374072095,0.5130341416917336,0.6845543311662337,0.5893734801970159,0.6917094694841392,0.5212752849102987,0.5945326956607233,0.6647067798318418,0.6701181624663292,0.5964966071182121,0.6101672328333776,0.5187491233175873,0.46507400502423807,0.5910781047118516,0.5245293256608703,0.5716393767150569,0.514379809355994,0.8984931700456191,0.5422265374966211,0.538696945753169,0.5407897377343172,0.18911499934117637,0.4814853369452018,0.5366587191085432,0.5428793122144315,0.34388697244591326,0.3156046484268244,0.7145376398976616,0.5835326009681652,0.42057854798857014,0.24324986363084417,0.5180840305633101,0.5155064306160076,0.7112603643464238,0.5585089154425064
ICLN,0.5155046533669969,0.5660797290853546,0.5896032081868064,0.6089439374449793,0.6547215362962434,0.5819905884752801,0.6010832699674037,0.5905758476680956,0.6285092523765413,0.5818190239185217,0.4790106427488422,0.5632977402301366,0.48218653304391584,0.400875313579915,0.5359172684829041,0.25445122576474416,0.2679544553039627,0.2382506906829759,0.6176680074829513,0.48830191466607753,0.47037110524783327,0.39043278966290706,0.4268182718582422,0.5637442450803339,0.4888108085326915,0.2740181540663911,0.4562511580485831,0.43958388342841653,0.5897571631019755,0.4938972395696529,0.6122396514729994,0.5221228942443544,0.32567335056878643,0.5298842162440794,0.6018431097358028,0.4651843932013484,0.5897371534322041,0.6150985295226197,0.5727850505129091,0.5432189427048636,0.5577037407290167,0.52824898046843,0.4007752605325408,0.5237102840750913,0.4738991570718327,0.3796614561601097,0.6037806286323657,0.533163357427157,0.5103654832420712,0.48723044631558166,0.5457517826755647,0.4874827701795532,0.4365164254177734,0.5185614474486158,0.49032474853160607,0.5250512268239946,0.5545865103125714,0.5525192912220289,0.6139588098134139,0.5457677360076875,0.5696024982114313,0.37855125806762463,0.37286365072526295,0.3982851815729921,0.2633305610907276,0.48717542319505497,0.1705167764638905,0.5905619086725903,0.5607690437959109,0.5238349409849873,0.2780189603840897,0.5233872996928188,1.0,0.6978738632064908,0.46611109993116967,0.37835839653537967,0.4256962877885389,0.25600701192385744,0.5702767741177303,0.43417703087243087,0.415369824595996,0.6161114584336729,0.5493523693342964,0.34567959471491644,0.482544988984477,0.24272491658763903,0.7296849652443391,0.3091657811329903,0.602172829145305,0.35087385864475745,0.439537249387843,0.5524737810350587,0.29142242588323747,0.5117411356032083,0.2893313678631733,0.5219312116829283,0.8336281432838374,0.4736923760676931,0.49506948602807,0.5160645260514657,0.47184537306829516,0.869921227976459,0.6885567470346462,0.5769681970433079,0.5919084152196779,0.530731987162388,0.4993473165666355,0.545946051603873,0.547796649324762,0.6308910430634512,0.24589861761095091,0.6167050984670575,0.5326622002726255,0.5014629652004083,0.3106099171143232,0.39720276754144174,0.5604554099619566,0.3864448889555301,0.5599719182787889,0.3898198192346144,0.5551337026599603,0.30887382774065053,0.3433143442773311,0.9178565852856589,0.5467043589271157,0.4171675438869609,0.5333132486338056,0.17661954571102068,0.2700738432268077,0.49312462507490046,0.5092085407790755,0.4146014535648409,0.6800736227636556,0.5288098371086608,0.3308656843849863,0.6163283931486997,0.18657874741597966,0.5784090041786057,0.16662518552765757,0.4901287769679911,0.5773368126696076,0.27050768063070635,0.444117181532661,0.5445256608431369,0.6140906543770778,0.502429113178572,0.6399142813335456,0.5720081126551373,0.6392089999339072,0.6311747263236784,0.5881102659537826,0.4657878526766299,0.5588823743945599,0.6076050931868457,0.4573709713281537,0.6426281681685077,0.5621201884796144,0.47874362049329394,0.5134720604586391,0.5310154073586852,0.47806137043844343,0.502691655535165,0.42009516353547866,0.2160008311959798,0.35562697106087376,0.49534223067652444,0.549221299716726,0.16852861067080346,0.3514790729302426,0.30372103617904816,0.5342732920766952,0.4873476855151997,0.2727408266067429,0.43386693516445995,0.6178090092228226,0.6865339512155543,0.4671725007947524
ICVT,0.5995977300692049,0.7946779198337784,0.7155730610315286,0.8086147250936734,0.8415241601859588,0.8108572743914411,0.666613543834732,0.6427834214201894,0.7266021264737444,0.7662697666612966,0.618329448684127,0.6458663450710015,0.5963351028178071,0.5403297699860411,0.7561132530264834,0.20627312997604277,0.19941411706892878,0.18220038750357387,0.7911980394568289,0.7032508552124209,0.6347162669042441,0.40581566074890163,0.5652219373061543,0.7573033318597734,0.5123885806150221,0.20051234950575475,0.4608942996602182,0.447664753865875,0.6826891561431981,0.49021652217588546,0.7139063187413087,0.5622184952888963,0.38353442079885813,0.6566861016629517,0.7211380845633389,0.49957914430421907,0.6647693683590649,0.7242404814293981,0.7659119066140961,0.62348734431395,0.5931255960117556,0.5882861909130614,0.4263918729301408,0.5489703543182373,0.49904418101638925,0.4302365098820375,0.7151651188982739,0.508551503013566,0.5684377533475754,0.5753882002103913,0.6511450645159459,0.5209846177486325,0.47263983866211207,0.6273307164885625,0.5408435718960416,0.7656362120730481,0.6242867920116995,0.6985179748874708,0.6730764584424848,0.6119263300880666,0.6344550384268461,0.46285745077949053,0.34815298625238317,0.3867035937430896,0.20961498516311697,0.5153379896253211,0.09508126855629902,0.6652332527777847,0.7556788440481914,0.6554727789198468,0.26010425576057583,0.6164049747367504,0.6978738632064908,1.0,0.701983613989843,0.4913852633690555,0.49307633403836615,0.2851230973856236,0.7721527726726272,0.5518682072701253,0.5903898424315187,0.8341590182465204,0.7330384533601741,0.4812197397479041,0.6761808413918533,0.3679349007271267,0.8837371799184844,0.3469912749818295,0.6228655323685212,0.3284413338902599,0.4927634110947789,0.7508280492051514,0.35173901814685704,0.6403421288490607,0.3567365024584949,0.6562469139517343,0.7799351838784034,0.5393003323324749,0.5669251384158511,0.5759442383576568,0.6311309330132339,0.8128855412145836,0.8719647048539959,0.7892242519362956,0.8183083905112687,0.7196535198552304,0.5199183450134175,0.683415921674337,0.7106822357457186,0.8044499364495727,0.17332780686211113,0.6692674617024592,0.5603189663026421,0.6122014420977464,0.294509498301342,0.4003496625836097,0.7409301816953924,0.4332835410314294,0.7485958779572022,0.4243063402484577,0.7448630133257624,0.2626880566074137,0.3132299899452343,0.6452676286412937,0.721763692374195,0.4664910502946847,0.7483355334896075,0.22333843968390024,0.36110956360089874,0.5705243566386177,0.6054332556774678,0.5121277105869114,0.8668654363591388,0.6665126482966395,0.31061062284660634,0.6998933876186586,0.09548778824735102,0.6268147351238982,0.09641149284077878,0.6258167752495981,0.6590689597414802,0.1971712817510633,0.4705782713599117,0.5430369383606926,0.7840039811790881,0.6067662403464618,0.8519391825195718,0.6888541183775829,0.7375725298220991,0.7965158867769906,0.7828235114006935,0.5820156557594405,0.7736817372631911,0.7004424039250058,0.49749536459508287,0.7304655831409487,0.6015861117256085,0.6854674925821155,0.6752075651948842,0.6407939572518455,0.5487031849070242,0.5683697049719523,0.6053990615330078,0.2581542150556128,0.5132682053735173,0.638576305935781,0.7613778972358418,0.15905616291072433,0.2503079782528223,0.3548378177986085,0.7012407949638397,0.5935414967179414,0.33932895883794134,0.5352583283991079,0.7372145594913582,0.820843637531995,0.6354958449854641
IGV,0.5942189421417766,0.823757173661769,0.644698420888878,0.7786301060038093,0.7379341407878621,0.8169157989572093,0.5439130774145616,0.5068364589496818,0.5184997028994881,0.7317545819934348,0.5102124461325275,0.5745230459369041,0.49846796399005366,0.5269329356416287,0.6406062125442562,0.20715249954900283,0.19734287095920816,0.16301297522234148,0.7528971873698737,0.9032370064312751,0.6472801869153195,0.3450807039333381,0.57009357961739,0.8080843999623877,0.3736572555190023,0.19199930902552714,0.36378923094740845,0.30871888297609484,0.4747435676723761,0.44534623725286976,0.6320546918829589,0.43586464156294275,0.31991256251043904,0.5961951193272549,0.5135252304819369,0.4153403193920189,0.5638925283985884,0.515787501044455,0.8053688568251052,0.5356009633933027,0.5342191753697687,0.5445188873021803,0.29699513393182086,0.4616791039192275,0.44462940834935094,0.3666327779917952,0.6042785619952789,0.40282748516764866,0.48494083684763273,0.5036895075778373,0.5279273245934492,0.4096937249128231,0.35508011436951653,0.40561894476612226,0.40108499723891916,0.8979183769630954,0.5453941275173569,0.5942861203200299,0.5464643933620954,0.45002798928668497,0.4882771471748035,0.5510530889264652,0.22843803868126283,0.26755732073357863,0.1021313674414977,0.3696694859274248,0.08990640432566771,0.5773996703458013,0.798494380358579,0.5714917865328597,0.2457253740690964,0.5509414433078074,0.46611109993116967,0.701983613989843,1.0,0.5795196420042171,0.430603903850218,0.2016496283875661,0.7852002282559244,0.5979427809809839,0.4745224598155446,0.798076684460601,0.7938448083757897,0.41200965157205355,0.6937069967570982,0.40487353902809214,0.7353855617256979,0.29675469595060244,0.46025247288467613,0.3290498263364604,0.3537544460790545,0.8012159799564825,0.2828405197196947,0.7373275540339697,0.23862805680235263,0.5299123552818972,0.5711367765097223,0.4915718162113205,0.5930643744294355,0.3956736560241635,0.6200311243789396,0.5896330344720284,0.8053416344974131,0.8268212772059114,0.8487485629067978,0.7300162494818827,0.4653335221821066,0.6652429401484399,0.6354237210506222,0.6683552571093371,0.17226639363197688,0.5682633707336909,0.45030592875146264,0.6233079901770554,0.19168027729540965,0.26971897511050613,0.6610038007637126,0.3718868279278807,0.786453747914975,0.371545263062372,0.7917564685113011,0.2595771872366606,0.3154298943399996,0.4549681471776012,0.7505447771758417,0.37393328172313023,0.8428097473287389,0.1647905895458153,0.27556131704713926,0.4282988075672237,0.6130099577426296,0.6334874062878258,0.7838399450490982,0.5735046980404785,0.315778765630245,0.5723010072274521,0.09290283315082802,0.5348315994844216,0.09875714072659644,0.6619595551047904,0.6182126009042783,0.19160142753672815,0.46205982196260964,0.4375081601573914,0.745213349050445,0.5416579653695656,0.8390424890694285,0.5234342803603729,0.5889699663604927,0.7521128005204155,0.7995232379666432,0.5234815151886992,0.8573717249627499,0.5273513444566581,0.4636296768363826,0.5815203921612054,0.466805489086587,0.9129473797246311,0.5439578415010881,0.5402425449894952,0.4862971584390061,0.4884164012323429,0.7114573623350823,0.19160568031703337,0.5266242373412897,0.5392703604039036,0.8104843302531332,0.21241025030510532,0.1885266109903713,0.4049176512920384,0.728731506413155,0.41281446060603616,0.267370799271407,0.514252495690046,0.5327778084651913,0.7968229580843741,0.6675581913361065
IHI,0.5778451484114485,0.5716744761651293,0.5654908917978427,0.5545506762291318,0.5250338487376047,0.5415317955974294,0.5656633155916231,0.5163514006447157,0.4143357602104552,0.6648108691129009,0.5062378532951728,0.564805608810992,0.4716406248233767,0.47787653898657634,0.44090524986203145,0.24865655311794477,0.2467849898130118,0.19319547868185266,0.5955330403243646,0.5307974566978781,0.6627112844123036,0.5320144812464689,0.6535909532340446,0.6737405442672674,0.37344585890593723,0.2465671281840725,0.3914840830699287,0.3288106351072384,0.4103511550142399,0.5767510393835715,0.6127367027341508,0.5180746613132355,0.31542779727210013,0.4929981707084801,0.39957329310500095,0.416020147157107,0.5876899496818945,0.41089878383591666,0.6936354522450439,0.5526218931140443,0.5434229996554388,0.5438022006799287,0.31526592579046525,0.5052858194990012,0.5748897048874501,0.3715653451015471,0.544572570087604,0.47379222702291574,0.5348933067915185,0.5042098526390029,0.36886328416520614,0.5139412614982473,0.3547364761664651,0.2968982610669764,0.4148174645089036,0.6061683113929517,0.5569288580705561,0.5889830263163233,0.5584907347671237,0.3955373676287903,0.5157229600280164,0.7435840678927441,0.2589481492063364,0.2701816563516104,0.12573573774089977,0.3913464802639358,0.14892414043541505,0.6020158689972811,0.7057231371763713,0.5608534105217892,0.23663345126978952,0.6260045070816698,0.37835839653537967,0.4913852633690555,0.5795196420042171,1.0,0.4133363835701498,0.21195615260434295,0.5201072347875381,0.713212687105787,0.4602100789727413,0.6547196049381387,0.7153953901870737,0.44489414050648374,0.623651353507802,0.5215258488974805,0.5749806586306504,0.2928325083070452,0.34821410129718605,0.3588786459405787,0.304231484407746,0.673520790507072,0.29761847208434206,0.7288711985137389,0.20634124724925199,0.5412517663682199,0.4013382434098203,0.48173841816900725,0.6995453387367802,0.3795176806931855,0.6556161327393935,0.4281859878644611,0.6714448933176859,0.5971345747049118,0.558456928146846,0.5761066805387789,0.5205526678390221,0.7223921542579274,0.5822880815717809,0.6041580586786686,0.20731013446461646,0.5720157079923122,0.49286250581822616,0.5951506372336961,0.15709622169473128,0.2673728116445188,0.44255644067337085,0.3600683863810673,0.6888954905073287,0.5572255290186857,0.6938374344259576,0.3074274341294561,0.35033355197722227,0.3554330984236151,0.5606066874819297,0.3551682610239612,0.641005794431649,0.13892271230770017,0.25928032967735604,0.3040277583028537,0.5896510312258366,0.7379232106206008,0.6595252644667713,0.6056652390174772,0.34181421627126074,0.5756520150335327,0.15632863964793864,0.5794833502338238,0.14800465038212982,0.7248546661392924,0.6441802365756609,0.23697409069772674,0.6239702606834215,0.5048718853085989,0.7205066993276138,0.6529370274941136,0.7002258793401002,0.4780220072655356,0.5539874450488025,0.6738417393957886,0.6957372251999077,0.6598961087775417,0.6357596908775803,0.4405419402378937,0.4680350328468895,0.5588120984402877,0.5288414206471443,0.5552183380675756,0.48544492382723653,0.5188194011615462,0.5489966354162338,0.5922335694308639,0.6061300710621466,0.20187887537145743,0.5775543452428827,0.5856897297910724,0.5292446702957659,0.52127704228608,0.43039304011602864,0.7705360684869185,0.6016001805843432,0.3574328033706059,0.21610133550629537,0.4786595338191751,0.4179048803721463,0.6509507211080446,0.6107240124240537
INDA,0.4538611381949691,0.4709750582133311,0.3995811621470576,0.4369538073173905,0.47173365620997504,0.44497731767406784,0.6220166604335952,0.5965623984650397,0.6246278639093654,0.5709598882213979,0.46421024299309943,0.5324824105706457,0.5349677586462138,0.4235401340368396,0.43082632601636145,0.13411988685367132,0.14197059527596353,0.14410378755619074,0.5430778236147343,0.4143144883534893,0.5444673860096024,0.3817915091059175,0.5091718159884516,0.5642351278196901,0.5232840847080007,0.14011794429143448,0.4759312743858988,0.36909926338020416,0.6382770965670291,0.544240964335515,0.6185817937465985,0.5918728795048698,0.4304849272721667,0.45753834617772055,0.6673406645303952,0.5350894773682869,0.6273624025962561,0.6037652078246438,0.572163684732434,0.5552961402588864,0.5802135796994026,0.5835667858970321,0.31747188050421593,0.5584509351900895,0.5256766663923617,0.4489620640471182,0.5845615397982202,0.5264520637914442,0.5777774010896374,0.5118960399203631,0.4973101255568151,0.5566326450850357,0.42002494640139193,0.44851252537153674,0.49765815580862977,0.48671184257895067,0.6014003466883152,0.5099228453931756,0.621896005434329,0.5844008227591052,0.6052342605754489,0.48419713247139595,0.2847423934271547,0.3136713292834156,0.16832560379267641,0.44481780313183267,0.06074320226937303,0.6249870518177758,0.5694226073794423,0.592989105554769,0.193059322555162,0.4273112016293832,0.4256962877885389,0.49307633403836615,0.430603903850218,0.4133363835701498,1.0,0.2368193551983185,0.5238006533862013,0.4969566910655907,0.47664994675008276,0.5532797631683141,0.5603355154138506,0.41466217916753934,0.5191758105773,0.40297836096409273,0.5172250435611689,0.37682627877867875,0.38191936220659956,0.23686217802848514,0.3296676893753293,0.5673378918134497,0.2794957545048097,0.5174959784743677,0.2637768782897661,0.475278795136518,0.41320469781915825,0.37380742327972505,0.47588736931245,0.4736955048491168,0.5164671364262721,0.43923321305499935,0.5420439609767176,0.5278342045878653,0.49751487555706936,0.4939688575742529,0.4305234817896389,0.5469951211390464,0.49633858649621077,0.5231456099890818,0.11075901870044012,0.6258070207600345,0.4943041557568053,0.46655461968541856,0.21833956829639214,0.29990125921195215,0.4667161202339772,0.8676017104295338,0.5709659131756324,0.42302473816110464,0.5681721763191093,0.2291942773083311,0.2259057593789707,0.36284267407709286,0.524370254515797,0.4772414187360715,0.536105579458368,0.24624159000061954,0.35470873451441615,0.3930192455358796,0.4615801628939099,0.47776409870529646,0.5282224277848312,0.5112821550469172,0.2181083926223027,0.6315751766228831,0.0740112489944921,0.6177677198812637,0.04535084622223864,0.5446976202334896,0.6464544131752468,0.1507755573214656,0.40899498081751445,0.5462478765755048,0.5547509214241753,0.5083777725808064,0.5363046262508976,0.5751318152758684,0.6555511320221954,0.6347128279419059,0.5765187040709097,0.5166685026314494,0.5357065624984304,0.6362239340519181,0.4195418082328917,0.6594944552629737,0.6128726356844124,0.3786752767049824,0.41606925582903787,0.40563059913121513,0.4380401300123118,0.5029755316959984,0.46412416952598995,0.20673279306125011,0.49450383724741026,0.48905757046702697,0.4986859505217099,0.2980464847369821,0.23871439666169522,0.38251860781793895,0.51793086529432,0.3968068039108346,0.21879457362425103,0.3781347446518301,0.6265909047043279,0.5700857483736643,0.5068203529347763
IXC,0.3060170624306164,0.21700101274789546,0.1713169187384289,0.19770216072004815,0.28650464056210123,0.2060629443250063,0.4835541494679428,0.5133471659802225,0.3347843390812195,0.5072197328090752,0.610254269579039,0.6010748264476752,0.336366128187923,0.3720814664685811,0.2575131877564887,-0.07634323971551298,-0.07526510054947522,-0.12655449857789935,0.298081813393704,0.23302788278048725,0.4458530445726096,0.5869276590822926,0.5285901176860298,0.35557073237273223,0.44988277547049044,-0.0694183410396673,0.2024661264192791,0.32315246444693585,0.2738210179961747,0.33698230929921436,0.3058361318485947,0.5212457837593448,0.25700842981293365,0.2422440323128207,0.3218846845277681,0.36126943512549947,0.4195715478322268,0.3050264878540731,0.3990202605123204,0.4953461877586081,0.3410368010085687,0.31901140877349976,0.2904820139165863,0.40778317453478735,0.26233136443765304,0.24187693698123863,0.3104927606197846,0.3679447944072765,0.3658593037065487,0.35866958194128995,0.27378995857877425,0.5302513001187037,0.33104553585442426,0.20773131243913687,0.30937227728938455,0.22339180119733434,0.36312459644950307,0.5029138700524431,0.4486852661477395,0.4407544173939749,0.5319133416945627,0.38628672026375627,0.23858838132445126,0.2662315414553073,0.14959523716021336,0.8030833615804134,-0.1426785774949894,0.43675511686420276,0.38874107382280204,0.4173205581037362,0.04550923636906671,0.20259047193720084,0.25600701192385744,0.2851230973856236,0.2016496283875661,0.21195615260434295,0.2368193551983185,1.0,0.24674115844006028,0.41107377407601736,0.273894977472572,0.36528713480318226,0.40254678542752226,0.4417651212617611,0.40778513492785373,0.43168100992387753,0.3496968823502541,0.31518435001491835,0.3124481953983608,0.019891921238749947,0.2282841275464731,0.37610054189765274,0.7557038589856883,0.3947636111762999,0.8690343297418724,0.4583179014860096,0.3004218800364539,0.2759477663450007,0.31735207942773647,0.5261277325142606,0.5121360903715861,0.2871178062013977,0.322656656601899,0.2551259017754317,0.24939275332740496,0.3026949760800733,0.393805943991213,0.5030606184063894,0.44066456898362155,0.44916914167844385,0.08947828255885978,0.39471161515032355,0.5416801725651528,0.33616047540388194,0.21927398269600495,0.2724801252375958,0.24630456736919254,0.20135106604358885,0.4074271884755037,0.5853674472915974,0.36943675248014546,0.02579561079373861,0.013010415438826639,0.23076057671722897,0.34377367325964947,0.2851858676694708,0.26986719431767436,0.12846788955739247,0.1628132785826997,0.38274743223942176,0.3164018114242037,0.365933393896787,0.36175032536341606,0.5317235625027844,0.011687885739546872,0.4333747860687498,-0.13292405866750756,0.40211230922990854,-0.15194862327144348,0.4200987020744024,0.3674500134690273,-0.03899602140548586,0.3159745835917058,0.3278899177026178,0.46263178820005985,0.5589443043119652,0.3372457533669031,0.36356101474754504,0.3622674000756428,0.4382488257732385,0.41632994654077193,0.5728671840519937,0.2615474513540175,0.342402475995685,0.17651132664442837,0.42853528269926977,0.5469328198438533,0.1867287626087504,0.38359111924111927,0.19591344593145785,0.241518439241935,0.5021619990790652,0.2671543336318851,0.9786604724009274,0.48323085741235466,0.45093525967368686,0.2507376895609111,0.23902436752578649,0.25099804719879354,0.24721745005855283,0.26998315832822534,0.5374171637846787,0.9173118248591113,0.29174486640673314,0.2930665823720871,0.33100497725504413,0.39642665601935656
IXN,0.630279203322866,0.7295565514817475,0.6016950891887803,0.7241779007538963,0.8016100521250918,0.7457000358608219,0.7057633542076553,0.6612180164933983,0.7432851994415023,0.8457422718446076,0.5782865056070307,0.6385503686985268,0.6784835826292291,0.5624218418220994,0.6745950943833953,0.19457076202176105,0.18411823037970101,0.16789961504381173,0.8640717686544933,0.7478983821920628,0.7258251385744716,0.37973882995776287,0.6531631097378157,0.9171669514015812,0.514983327772599,0.1820593560222973,0.45075201361368844,0.42301418508075744,0.6840369370828967,0.5192176493597928,0.7964196913070365,0.5940821226257887,0.3940771289291131,0.6796609834519952,0.7831173434325024,0.5324646704734842,0.7293007036798783,0.7329299124071248,0.9057898384440407,0.6609474838546863,0.6487808371543344,0.6605018765998143,0.4083025795510592,0.5970371007278438,0.5334346134405157,0.4594269477768185,0.8060675107721672,0.5330224804149316,0.6187804546767247,0.5935581417801119,0.7769039938475044,0.5386287433821253,0.473352265119769,0.6865411115951116,0.5311808582554591,0.7995055931082824,0.705712295188249,0.6623866264501639,0.6968934424627184,0.6262860178721875,0.6777242293278658,0.5508421724205926,0.316667241344973,0.35143673405622644,0.1785604759138083,0.49027487505284073,0.0641427434512306,0.7239069231088323,0.8917441089104784,0.7402826702063877,0.23220065981906388,0.5438365584163286,0.5702767741177303,0.7721527726726272,0.7852002282559244,0.5201072347875381,0.5238006533862013,0.24674115844006028,1.0,0.6612603703773074,0.5394319473043411,0.9053267076682515,0.8624246713813162,0.4397385331227469,0.6863084475147908,0.3534485605197268,0.7911217207756639,0.3615562759750405,0.5684091081662085,0.3294041560698659,0.412421235512861,0.9176273030089924,0.29218020848659304,0.7200181140486782,0.31748906685015726,0.6796709589153666,0.6415369685369878,0.5110806675081591,0.6126261330152478,0.5617028769727846,0.6473389313979494,0.7083846826208827,0.830783367259112,0.9615529795890784,0.9386942932278102,0.8534580558368491,0.4860365019994168,0.717848442361666,0.6960123282402599,0.7427538918920511,0.14838059555120048,0.6976918929881692,0.532309048755934,0.6581035540270619,0.2840177731432416,0.35595805094658417,0.9290780924250929,0.455510227741181,0.9021328530182423,0.4071848854106663,0.9031116759042336,0.2575482775911558,0.31391329016635633,0.5177844376604697,0.916662037649784,0.49532226545302266,0.9181182239288254,0.21761995461263345,0.3713223792102484,0.5325438414482604,0.6417317205513544,0.61224025490302,0.8091498590739301,0.6338459924622617,0.3158817201026254,0.7567115093502776,0.07012581856553157,0.6797305436004534,0.07337625254366881,0.7546401886913382,0.7048191057946919,0.1823861066001645,0.45310946749629644,0.5256804801142826,0.7779051414029075,0.6008247096752735,0.851740881615664,0.7579469046273469,0.7818727196333559,0.890131716993686,0.8960787768029319,0.6318599626447495,0.9400291926317815,0.690737729531208,0.4997738221076235,0.7691910019412131,0.6271728879849602,0.6508934790081914,0.6123744573781463,0.5288975852747956,0.5618000003082799,0.5867177257754231,0.6943983030694283,0.21795110178173885,0.5374184310144738,0.6796418450709213,0.9901483989011693,0.2247835704900123,0.25077130010580556,0.38950026106799585,0.7550699591311287,0.5358318816271604,0.27601671141730066,0.5123532594015798,0.7420592091110322,0.8898434131618842,0.7725785840456988
JEPI,0.654682150947386,0.5509430363729674,0.4900516327690477,0.5244193340547025,0.5866444755474747,0.5229548972888822,0.7062573292827766,0.6544646310629243,0.5275442548069423,0.8587989547523043,0.6898107146157364,0.7209884078405948,0.5998327270066119,0.583396138516528,0.4901165872508812,0.216745722121718,0.21071328820933216,0.18402289645212805,0.6474608036685106,0.582411123181265,0.8957576914233226,0.7242921609190794,0.8953993377896049,0.8326352280972128,0.5049979094979391,0.20709773435872614,0.4084117707239314,0.39615341951747063,0.5037810487354444,0.6477077729249515,0.7080351017100979,0.6750575270475686,0.3848393714492099,0.552878077647208,0.5411643028690165,0.5249343448310025,0.7170538119672376,0.5092324900006394,0.8601072466374441,0.6907221035468496,0.6284913120933177,0.635154394319885,0.38119424084719383,0.6281127521829043,0.6334457028361066,0.45168837049857463,0.6386577349127441,0.5872372949169745,0.639342711725165,0.5663247008928621,0.49791587657067615,0.6562789751731045,0.4901140857560053,0.40406278138722596,0.47647656578844705,0.6273617528376372,0.6671507435477532,0.748407105128617,0.6752776472972215,0.5342352731521122,0.6803223677678958,0.902332209486166,0.2873989837667172,0.30083064657769365,0.12363306321698837,0.5778338377849562,0.09388182758970398,0.7363421095000923,0.8755719655889201,0.7430467817279537,0.2552605405227361,0.6064098401832847,0.43417703087243087,0.5518682072701253,0.5979427809809839,0.713212687105787,0.4969566910655907,0.41107377407601736,0.6612603703773074,1.0,0.5729178273422754,0.8066024987296861,0.885274497790643,0.5991911369430893,0.7588200670984315,0.700906644694057,0.6481957145952347,0.38248454281161454,0.4206383647317248,0.3482341858898963,0.30449185408667073,0.8418407934903889,0.4478486068971156,0.8270135089159573,0.40922154020354484,0.7691507924035055,0.4563534138598703,0.5592663232989588,0.8093092144405797,0.5216328301701025,0.8432514753329278,0.503847822694486,0.7215758045774564,0.7168723759315221,0.6404912786723799,0.7524581711506525,0.6219013020045168,0.8913666908761871,0.7552725073961634,0.7365244060476622,0.19810968257350994,0.6733068642822846,0.6216882246152043,0.6764085086826561,0.19664043200996156,0.29764948615517606,0.5592202546483475,0.42686559074476293,0.8678488858622153,0.7523002944757377,0.8631175220630716,0.28817719137106795,0.33697052300251895,0.37976093233933333,0.7295204713772051,0.4419476928793863,0.7565367044234417,0.21476623419507065,0.34458980729354177,0.3933915101478592,0.6578484126825344,0.9068838837366664,0.7280126268473263,0.7804459859199261,0.33347644394955456,0.7126264185654472,0.09672551857474043,0.6922354399730068,0.09969298939462676,0.9322687726586146,0.7405265818634943,0.21419288047823556,0.7291972026334249,0.5831565887488461,0.8589031985149066,0.8574717401028524,0.7740422002239739,0.621340061949905,0.6694764040571503,0.8330849064118773,0.8583863249793987,0.8995900428058498,0.7400558572987656,0.5293374693169529,0.5070917583363094,0.6889289256665693,0.6897562349130508,0.5035603908051113,0.6431896940954486,0.4900138005333848,0.6623762286192728,0.7734205575531278,0.6834577891825194,0.39941964620355364,0.7785818550963829,0.8333324327903919,0.6771165295017779,0.6749512768912576,0.6000604052787849,0.7489561487173206,0.7191779791390599,0.51539702881054,0.3840282437975363,0.5632387069971666,0.5107151367925882,0.7383070727973546,0.8455491621407764
JETS,0.5206330543999019,0.5807149521069904,0.5366223731882782,0.5768637964294397,0.6027412152347114,0.5606927323157536,0.635572984105994,0.6109236436144032,0.5362322995373773,0.7132103179738152,0.7139368614659471,0.5951256067415397,0.5277573032890974,0.5059042308928069,0.5470672973802807,0.13502261135697258,0.11484378842400429,0.11620779059155059,0.6124795364641329,0.45915060724073087,0.6832359242704169,0.5211715476306892,0.6078786337430455,0.6418031592616552,0.4636654931977908,0.11419999723168542,0.40708070271986013,0.3973571975262161,0.5071330252099708,0.4548536065483079,0.6166334753046963,0.616160884878534,0.34892809865593166,0.5137011268976212,0.5507907864102363,0.4964681620290722,0.634201681293411,0.5289723889947634,0.6538784130296019,0.5694584534930347,0.5849996025971858,0.6088636906960216,0.3581571135469745,0.6070637342119221,0.49980782698183224,0.38929016059852223,0.6033030213403852,0.572043244465888,0.6251526773286654,0.5282439651630411,0.49985504578342377,0.5486142493273352,0.45967385624905566,0.42711302558440645,0.46624624360651173,0.5607110696219978,0.6392473331047254,0.759399179316285,0.6268508076606556,0.5191788918811487,0.6281900456453536,0.5225701877322336,0.2165052873338576,0.2571623271048938,0.07822651729172349,0.4749696226498102,0.01360717242127269,0.6421700314809837,0.6523537617256484,0.656954698767322,0.18513064369238932,0.46210544495859673,0.415369824595996,0.5903898424315187,0.4745224598155446,0.4602100789727413,0.47664994675008276,0.273894977472572,0.5394319473043411,0.5729178273422754,1.0,0.6278106689422805,0.6396363219000322,0.6628552027007913,0.6951957465534805,0.5432036286386562,0.6730362053781301,0.3297171498829482,0.4377296454491006,0.24513293266361366,0.33292952692567485,0.6290656071287166,0.340334165384789,0.6688928726443047,0.36073432875502903,0.6763980494592733,0.5445297102189889,0.4515218778501715,0.5999989141012982,0.5053956632847603,0.7076554308139738,0.5430787346420825,0.6737771091712192,0.5687093681702877,0.5561715246863504,0.5447892246017594,0.5912224291448063,0.7210279399292311,0.6810880480389114,0.7435744453677062,0.0749350158412609,0.6237046510694991,0.5774614447183338,0.562322267377885,0.16943054206687863,0.2662421315686151,0.5109047798073673,0.4245056296202827,0.6559644752006211,0.5958503281026687,0.6566173787445385,0.1810147909679479,0.22921928552096185,0.4069300686878772,0.586680009933393,0.4065201304206148,0.5762774860143832,0.20819651859321886,0.3518009961631156,0.38341482042615077,0.5372729507147112,0.4782938034099128,0.6952438113634699,0.7580707151820341,0.24097675238009145,0.6403925891799098,0.005106345785443177,0.6283021302553468,0.031240661901925926,0.6234098118742405,0.5845467131051579,0.1315500638513242,0.5027951350282623,0.5254727809492892,0.7080466639481372,0.7019932517101334,0.648096904375767,0.5640341417089906,0.623864849906024,0.6900937942652406,0.6810294053858021,0.6517930549795765,0.5809624126068968,0.5367681189320945,0.4136494607706262,0.6357756294150788,0.6152348491780171,0.4816882989574099,0.621758515175307,0.48598164999725396,0.6077943810416473,0.62889089099043,0.5496519354396475,0.26815130466306597,0.6629818434238434,0.6926092516881849,0.5323472126526901,0.28612304322659243,0.22874901868573702,0.36278164194065615,0.6625585424136649,0.5269307079901374,0.3075140555301511,0.6220069808465334,0.5333826351633356,0.6363979453963089,0.5957857176591757
JMOM,0.7020353502022836,0.7821174191108264,0.6728025425308327,0.7708985242811497,0.836558314819546,0.780914294272127,0.7641898442014669,0.7198883860261044,0.7107808160732096,0.9399371723056952,0.727383362251967,0.7516921878636045,0.6914187496778084,0.6178815650210017,0.7070682555586704,0.21419236234156483,0.2007106522129286,0.1773939451884354,0.8654439803162672,0.7844499812973034,0.8459295339021332,0.5585707586537172,0.7980428141610217,0.9428337089094003,0.5357601015734313,0.20157698392366072,0.4608120392419851,0.4637059107745347,0.6600428648105617,0.5984771744304633,0.8173662590165841,0.6654416729301424,0.4040413406498227,0.7055161238644108,0.7363990195633122,0.5725962502504107,0.773902231959642,0.6972636546545578,0.9546128595393286,0.7203366267384116,0.6927474905745791,0.6931303439411299,0.4123611480744298,0.654727154987506,0.6044956118364947,0.4679801615945965,0.7976049360926072,0.5898713117985946,0.6687053431826706,0.6298258107844008,0.701292905389006,0.6222081615940165,0.5256612253353785,0.6111218601922556,0.5470995121405928,0.8295907786633478,0.7351245194944726,0.8015854121762845,0.7472421437868481,0.6202020845289319,0.7249346787783464,0.7301766574018503,0.3288104967317734,0.3645112044557856,0.16347706497092326,0.5842144609342869,0.07160446534116019,0.7826250672488781,0.9560146374060344,0.7927168362376354,0.25544003926653225,0.6595646753361436,0.6161114584336729,0.8341590182465204,0.798076684460601,0.6547196049381387,0.5532797631683141,0.36528713480318226,0.9053267076682515,0.8066024987296861,0.6278106689422805,1.0,0.9464736289293101,0.5925693688154589,0.8117633759485936,0.5655114686952043,0.8675705070629406,0.3909752082971621,0.5827440994051944,0.3624542266775163,0.4114463020893978,0.943739282687986,0.4229367783564226,0.8066473171158356,0.41844924177188186,0.8158044078647391,0.6881287393889626,0.5950143631225217,0.7634211106412215,0.6019046191747964,0.819272315773283,0.7479759407765011,0.9192030194054669,0.9285901812588206,0.9098173899050671,0.8621425886453356,0.6038461358061318,0.8681724726120778,0.8090715418003604,0.8690779121725196,0.17944550494068476,0.7490249014626438,0.6148450223255159,0.7264800349835936,0.26310611515675814,0.36927349088203976,0.8528249959874898,0.4774036421988764,0.9481749451239498,0.5830716166497849,0.9457378001135246,0.28374757298625825,0.3461781478295512,0.5602678129440806,0.8887071526949587,0.48919941428999325,0.912420418327609,0.22827498741411908,0.38506737245858885,0.5572914887859903,0.7111414460999399,0.7703205184478197,0.9194329625941806,0.7959104691881578,0.34622945412548284,0.7943644140052143,0.07453992560877128,0.7333001158673504,0.08114921158148437,0.8747211513961949,0.772821070712616,0.1961976160092229,0.6113633812540773,0.5985194347628381,0.9249719578644376,0.782610894863669,0.9517435276344978,0.7522420388803323,0.7941989916358264,0.9394751901149752,0.9581452092412903,0.8003074821334033,0.9239142316409569,0.6800611161649124,0.5488281221127421,0.794921531167189,0.6958204533892858,0.7042088204975517,0.7351378551911554,0.6203084024247474,0.6862605240270364,0.7235537968157082,0.7405077966994045,0.34647592000547156,0.7037562662362821,0.8274517778693766,0.9093881413233931,0.3822364047487752,0.3958370610035214,0.5627970549430987,0.8238384159979905,0.6114549880874973,0.39315839843115485,0.6240162979593218,0.7074782702357433,0.90907779515346,0.8292172299928408
JQUA,0.7297093406273578,0.7343220328883666,0.6392663347876018,0.7131124167324706,0.7650415182323322,0.7209332990253442,0.778899362306586,0.7264665898310207,0.6677349651095406,0.957348997726526,0.7620549667690112,0.7706679087257791,0.6863191695444225,0.6358128684077992,0.6416522940085105,0.2401086817223463,0.233860820851322,0.19730695407814366,0.8275215523653786,0.769132356372487,0.9111938468986404,0.6580036764972002,0.8709789788382389,0.9557145112275806,0.5466294078248966,0.23080282297896104,0.47675961608199957,0.45187524273836577,0.6306847333055247,0.6569420602709963,0.8154459234754626,0.7056526525691578,0.41645528726239417,0.6809450045072695,0.6888364317214045,0.581182018378931,0.7924101496373864,0.6524309334927317,0.9710124836230086,0.7442609502656189,0.7133809380763446,0.717175997580874,0.430694198627972,0.6775466731121659,0.6525255351210218,0.4866372418726499,0.7774653025597061,0.6133450261706772,0.6984138035323183,0.6396456050774746,0.6546964901015636,0.6678084968398559,0.52658472394288,0.5539248801653951,0.5461411553275866,0.817002996206886,0.753057705121507,0.8344243326753528,0.761575275083526,0.6197184720394724,0.7481593442995743,0.8498930791395554,0.32086126593751585,0.349048066536127,0.1485543864040684,0.6130556882994326,0.10054722623209973,0.801991741387663,0.9765031341358107,0.8043502331363347,0.28157038806747725,0.6661112337413098,0.5493523693342964,0.7330384533601741,0.7938448083757897,0.7153953901870737,0.5603355154138506,0.40254678542752226,0.8624246713813162,0.885274497790643,0.6396363219000322,0.9464736289293101,1.0,0.6376497996737793,0.8353112408433468,0.6536520468031403,0.8144413621252437,0.4062996180996085,0.5406901796355004,0.3926313028546539,0.3921829717608548,0.9566071580269621,0.44805387170989663,0.9031516267479396,0.43294027478293684,0.8189584492909845,0.6184012403009221,0.612391885614657,0.8366930385490704,0.6002453592809853,0.8762714042823109,0.670872838363846,0.8855667899663136,0.9022245150251481,0.8675559805351307,0.8292701636774895,0.6555851531091045,0.9356961102232307,0.7986143912302445,0.8611572814795267,0.20888594189130183,0.7620051906554605,0.6547492143215615,0.7580681836915185,0.24856160981804834,0.3486111312770913,0.7766385252813386,0.48018999303998744,0.9695097656421289,0.7058266852764522,0.9665730207209317,0.32153815699000743,0.37658557570253315,0.4992337735761314,0.8900867286190488,0.49296052314767824,0.9074097455772483,0.23241359292437277,0.37262636445643477,0.49577106739872645,0.742759007876728,0.8778230454365572,0.8841274337438279,0.8390046794263191,0.3748256522012684,0.8026533137821319,0.10623042856535361,0.7582965774937788,0.10345950064407604,0.9475031520509976,0.7988409078076066,0.2380713000598172,0.6923098824240687,0.6291255315102346,0.9442549137238329,0.8564956719200951,0.9228271161951678,0.7358756062354972,0.7851873719638981,0.947109076805681,0.9710565885334714,0.8788584598299197,0.9065680586005436,0.6500968183205914,0.571411489737102,0.7917566294633132,0.7278849707806777,0.6997879320718589,0.7002414648722726,0.5935632070574935,0.7283772916149894,0.7859073198552697,0.7926232639588893,0.3876072101046541,0.7754509137775266,0.8505010033678698,0.8748493723510357,0.5269915843828701,0.4531243859533726,0.66064830716566,0.8325012475553272,0.5967465506685258,0.4103194043911575,0.6603317862631023,0.6603343933741688,0.9004598230364608,0.8437528872001939
KBE,0.48581588110706425,0.49697614466100215,0.4559594052879303,0.4876595945963693,0.5337203368628988,0.47015470371805984,0.5937856604981369,0.5802411384593219,0.41447932511175,0.7495763574407798,0.8786918104990152,0.6359641232088893,0.4894093879032966,0.4857937821035307,0.47854155295054673,0.05055391456133302,0.04313799268570068,0.021409675388794906,0.5257335114309345,0.4248848482311533,0.7222375602874405,0.6988733881899459,0.679413637847314,0.6146003736985234,0.40634225774301724,0.045344728713796204,0.3033762245792803,0.37901746951281473,0.38016253722210425,0.44153975581566596,0.5087300630834894,0.6075423406663972,0.2919865284784958,0.46434620373217966,0.4334537829700245,0.46067234511279004,0.5708849851881089,0.40566375903731333,0.6374086776242177,0.5564005455317967,0.5186920494584583,0.5207234254624485,0.2893949416586876,0.5515863840239449,0.43627324020353614,0.310014635354161,0.4978311425346897,0.5246544214694409,0.531387498038553,0.4708619850435134,0.38405125261728335,0.5546728891748873,0.40939628409785556,0.2990856930119982,0.3772602273917959,0.4715399717109479,0.5443791518555229,0.848794528979246,0.5756565126155906,0.43592727100626355,0.5985952191062348,0.6073479624747956,0.12215403494007215,0.1542669174671729,-0.0030046066301163284,0.5380296262506491,-0.05529046018752571,0.5837727259040731,0.6415765366786947,0.609023207647515,0.13128701248128286,0.4236929827313119,0.34567959471491644,0.4812197397479041,0.41200965157205355,0.44489414050648374,0.41466217916753934,0.4417651212617611,0.4397385331227469,0.5991911369430893,0.6628552027007913,0.5925693688154589,0.6376497996737793,1.0,0.797905578373215,0.7258133210801913,0.6247324311272827,0.3263312566564251,0.3737815925257469,0.17387937607511847,0.24356733215476262,0.6004236803068254,0.4846990873820809,0.6826708056375198,0.5054896549159925,0.7432107220385663,0.48742406083360085,0.5007197462543673,0.6652987465739859,0.4886900451875733,0.8005415651352576,0.48207252608633994,0.5836527172497256,0.4792973019155093,0.46802787448140865,0.449919711633068,0.6738740734011016,0.774734160915414,0.6788993021224478,0.79580737946715,0.0462309531190713,0.5721792263214018,0.5979311116966484,0.5413667858924676,0.0934753975635768,0.17148771009721223,0.4126954612327786,0.35572440344177686,0.6389979759646992,0.7847624300106323,0.6317323604616923,0.13788441867995616,0.15926822848427727,0.33551156538776555,0.5409745866415151,0.2956796812968405,0.5080117920708573,0.19960167507365906,0.30064007172849827,0.3241101530340729,0.5160951776336683,0.5462466635042478,0.6619102733126031,0.8679566121396645,0.16364777518554918,0.5765158441350802,-0.05660502675653228,0.5573094576338314,-0.05155258992834155,0.6812854169744087,0.5322133939443627,0.08478197593833388,0.5667884379835253,0.4958836162650126,0.7296748267072728,0.8027683344413848,0.5973090090374323,0.49390107614040163,0.5356958855724339,0.652258430718749,0.6679964549760586,0.764349972228979,0.49661792423258905,0.4271431175387013,0.3450652531347771,0.5556405025915675,0.60165747966832,0.4323455814796292,0.5861795178729322,0.4234275207456758,0.6255517267578596,0.663761187347273,0.5048860537308871,0.45065507781427766,0.8452748368801463,0.7116895690268757,0.44680908145148385,0.33638520593766064,0.3046949327265385,0.40306587181503917,0.5860546730924857,0.5484138345099587,0.4698920397111037,0.6169851851328712,0.41025808990939755,0.5655809278316473,0.5436386758474082
KCE,0.6542664105075755,0.7450654048698311,0.6274123562121732,0.7118046820703224,0.7241050845369754,0.7148215633869889,0.731357042067842,0.7012079230926656,0.5811201476494573,0.8841976170499091,0.8270057297575667,0.7457509118898493,0.6217296000049439,0.6111797560578273,0.6792097504668728,0.1709704042919361,0.16499571950973982,0.1381618053743948,0.7453003434187655,0.6638388997251661,0.8441638718672848,0.6577805757876465,0.7939325488610561,0.8299542777940897,0.5146505504890492,0.1649708708536639,0.43045126532032296,0.4409053373380901,0.5398817827145649,0.5716868468320219,0.7143678276961871,0.6883777955283711,0.3824129465098787,0.6224159692516704,0.5935272889599698,0.5575701823142359,0.7259157220368606,0.5727282725636976,0.8448292545479597,0.688977806760281,0.6692222006036779,0.6735860930625484,0.40557764073941993,0.6628061213105979,0.5767052065038276,0.43156310327503694,0.6866649981234358,0.6069786599351602,0.6531694863852271,0.6131360131542593,0.559517945073172,0.6398398433327349,0.4835548159555241,0.44687420203062084,0.5001193676028914,0.7242623933146607,0.6928659632061842,0.8624385112056503,0.7124513625091472,0.5677795748857152,0.7036062690567908,0.7365334621998424,0.2572975350471658,0.2919840025601264,0.08549649710538376,0.591834258316227,0.04307477724056494,0.7381454811746231,0.8470245246285835,0.7491956635586186,0.2358368747508911,0.5834243321550244,0.482544988984477,0.6761808413918533,0.6937069967570982,0.623651353507802,0.5191758105773,0.40778513492785373,0.6863084475147908,0.7588200670984315,0.6951957465534805,0.8117633759485936,0.8353112408433468,0.797905578373215,1.0,0.7030647332567788,0.7921207304316338,0.38138155536798013,0.4951222577147765,0.3161032242564765,0.36528231581983384,0.8161233925908272,0.4704187998003153,0.8347939349801065,0.4617758839435974,0.8078983632863785,0.61377892979824,0.5885280057865647,0.7743046028339176,0.5762237344980446,0.8703938367937633,0.6249521881947756,0.7977025738313114,0.7290706950702649,0.7143306898622033,0.6815775974995603,0.6780881439732283,0.8815015737815544,0.7821235838739812,0.8659428377244058,0.1377547671203782,0.7226268524166821,0.6622353605685879,0.7004889208511038,0.20330391625942945,0.30320870231377034,0.620727940443225,0.4471789600324926,0.8393166103297799,0.7283210309192776,0.8358360744987456,0.2567785862846426,0.29928945509276017,0.45492544435467136,0.73665863572797,0.43012459150222265,0.7609645480843041,0.22003899613161823,0.3579770201549489,0.46989298380503125,0.6787472320710397,0.7153907843726406,0.839740285017224,0.8735864358405309,0.30018420157129644,0.7315193245658106,0.04382135910561887,0.7032276334403642,0.04629144256336505,0.8285125089608995,0.7169933377784019,0.18832488920836116,0.6484755960394823,0.6016289180117385,0.8856446393775632,0.8455632836409809,0.8316529005827415,0.6458284541927147,0.7080606704237753,0.844833044781726,0.861072548264167,0.8235632874009234,0.7585661144909251,0.5889935109595755,0.5073829689175008,0.7200347920996386,0.6967422539015877,0.6589603546658793,0.6915839410609784,0.5623838942530177,0.6895421638683316,0.7475895683638143,0.696158774112046,0.40272297844737703,0.8711387686270706,0.7996861046706235,0.6899684252724608,0.3849554798774974,0.3653583412562661,0.5181142316249538,0.7607301755929021,0.6036144656238913,0.4347264830729513,0.6629555605484773,0.579767534676153,0.7858975163864218,0.7287382147824228
KIE,0.45517799632878386,0.408902426716864,0.32810666282765166,0.3598201518430998,0.3978640992336115,0.367266219262173,0.5566790053154467,0.5235582136133441,0.309385624058106,0.6822797409580789,0.7026981525899043,0.6014439335581879,0.42081793749894897,0.46879386286190244,0.3596438611297844,0.04918587477598289,0.03923073021559107,0.02754008682983065,0.4251455279306273,0.4080721920412074,0.7307588834065253,0.6856871179944564,0.7253682976015352,0.5752882146013087,0.36205601839984786,0.037377662656303635,0.2636413244815659,0.321663669659722,0.30091242615150243,0.5207487481678699,0.4725369515251415,0.5897647740566005,0.2624483000759494,0.3844515265860536,0.31153794316046945,0.4267843377863219,0.5445782142000978,0.29746171287449774,0.6098639594998436,0.5203593533327362,0.48318498730478493,0.5101254615931208,0.2360459556119807,0.5462409648132496,0.4831448628705955,0.30347045256191585,0.43372772156447054,0.5169918461962942,0.520323404893227,0.44251418448379926,0.26100368732692,0.5704697499903146,0.3821480422195684,0.16765611596932203,0.31260957169517556,0.42148339125083384,0.5216429553012205,0.6994966596987923,0.524513560048918,0.36457033264021743,0.5477657845986388,0.7637090608734499,0.12312226597065014,0.14497638895548504,-0.017524426649907693,0.48877605956385206,-0.048372141308352504,0.5660915757979971,0.6285165101946408,0.581701958075848,0.13962296857352843,0.414044111246031,0.24272491658763903,0.3679349007271267,0.40487353902809214,0.5215258488974805,0.40297836096409273,0.43168100992387753,0.3534485605197268,0.700906644694057,0.5432036286386562,0.5655114686952043,0.6536520468031403,0.7258133210801913,0.7030647332567788,1.0,0.4867291178749537,0.28883513996637494,0.25667166981758305,0.16124180558302004,0.1961623564993857,0.5765224908216942,0.4820038151140258,0.6415814138600868,0.4146869343886925,0.6469415845560307,0.30970621943547044,0.4203115415497343,0.6685617517913033,0.39142408175761934,0.7787013895060001,0.31282182527242375,0.5180170420726429,0.41972125469790506,0.3691890694069206,0.4465689696661609,0.5743651935760712,0.7551793193093002,0.6119560831752661,0.6406326259605798,0.061851639055067235,0.5249425231542105,0.5177692597776412,0.494430314942244,0.05114855818487751,0.14167632198440455,0.2794346640222486,0.34311731261486644,0.6142278652848752,0.7466760058086971,0.6080993362814989,0.12452473578336015,0.15125678757266423,0.21170679937648593,0.456687806176929,0.24978477826474024,0.4878153464049537,0.14670854259659094,0.2509287118231567,0.2612215204070142,0.4768610008124695,0.7283237174956839,0.5557253610138826,0.7508282269741657,0.15559900331457224,0.528934014788002,-0.05390789624883504,0.5469217166000604,-0.05065385444541777,0.7230886594812652,0.5463140094869282,0.06809221273182067,0.5915779689223603,0.45185235916167865,0.7032570491479496,0.7984128153628451,0.5512006582367219,0.4017957205782179,0.468535241848419,0.6044170665533835,0.6285952588007625,0.7776603685616408,0.45762826651635297,0.3450786782457304,0.32658412315730734,0.49590553864118236,0.5767228736498409,0.38665214126765063,0.5444374203002946,0.362432468210875,0.5353307382252759,0.6540438837385493,0.5054660553499815,0.43152338656451733,0.8390636922517984,0.679076470779536,0.3698845270819725,0.5314557692316572,0.43830897492754817,0.551237544879442,0.5245170293927223,0.4321156235061763,0.41190878943577885,0.4918023737427392,0.3016015792813788,0.47454344588648767,0.5769705302386032
KOMP,0.6598393444141442,0.8399092517712531,0.795757953237791,0.866547282051798,0.9195329292094636,0.8501417439543217,0.7382350882729278,0.713785327608558,0.7305105636545662,0.8615221259670626,0.76685417101527,0.7296213326423905,0.6525650770230506,0.5679080860791559,0.8195184137383805,0.2131286744247456,0.20986047787188145,0.19261812910742734,0.8554685386254081,0.7324636829162473,0.7415735807277309,0.5524048065746329,0.6669028290860521,0.8268279374141995,0.5592023854359234,0.21577789231505382,0.48292409445316437,0.48828223322044384,0.671120687274538,0.5561709562660975,0.76825675151247,0.6431140132368858,0.3998506368886245,0.6994868010033432,0.7176056260624578,0.5563633845303995,0.7337056564624314,0.7239289537285145,0.8394526784257174,0.6887985719802533,0.6755118213027393,0.6619425401632618,0.4581782400347145,0.6288609121324295,0.5666092735775112,0.452580659439368,0.7524291226707254,0.5723857188800501,0.638746775202226,0.6257265179939898,0.6689781091161632,0.5879226480863139,0.5157101595071935,0.5967653423402258,0.5679091098047003,0.7927037630767795,0.6947192886956659,0.839016339753866,0.7411726940930643,0.6469533088810124,0.7045669397083224,0.5847087882868153,0.3552389969252893,0.3983719091172665,0.2055305922130402,0.5879367477181134,0.08796424696015379,0.7385481822212208,0.8330954879754657,0.725334802248856,0.2534203733302535,0.6860533961421814,0.7296849652443391,0.8837371799184844,0.7353855617256979,0.5749806586306504,0.5172250435611689,0.3496968823502541,0.7911217207756639,0.6481957145952347,0.6730362053781301,0.8675705070629406,0.8144413621252437,0.6247324311272827,0.7921207304316338,0.4867291178749537,1.0,0.3990498347653286,0.6620090338766754,0.3532662807761147,0.49966349647657465,0.8173510756607485,0.4188613349258112,0.7689674879967336,0.4425470953423176,0.773604096862825,0.8740119683321699,0.5774694325395368,0.7035093783927897,0.6258294083907372,0.758613065330934,0.8715008571662854,0.9161946265596814,0.8195071607325181,0.8328314883506037,0.7506548713149286,0.6365677161637153,0.8035011694983593,0.8059101702429722,0.9137745140428778,0.17816824292551606,0.7405836819605758,0.6573686422946624,0.6848453189879512,0.3033879438218613,0.4102832019843212,0.7601762944714667,0.45193616705099027,0.8261910089410008,0.5777415261283675,0.8235365253780667,0.2908040738809496,0.33532063550735125,0.6975922557360685,0.7917462318885282,0.48581995542427603,0.79335257046637,0.23238377690884948,0.3774453408143752,0.5942935863410933,0.6715879909346967,0.6057178890075292,0.9449347289821148,0.8091734602263958,0.33430412908746887,0.759997466722717,0.0961683246856848,0.6980490062077863,0.08713971304821132,0.7313295541129913,0.7251447533486624,0.21693064556176628,0.569803116785969,0.6119600652069016,0.868858766926414,0.7382605739164646,0.8915848010201868,0.7189364212260938,0.7783693050241061,0.8659483073052114,0.8631901151119581,0.7018826733451208,0.813404850671379,0.7171824180639128,0.5216481457694361,0.7803220846684049,0.678731208175186,0.7279882961774274,0.7797786592638511,0.7080484951646095,0.6682906225118815,0.683061935355719,0.6775575018572189,0.3308767795345251,0.6372476493442842,0.751396287820842,0.7833286870704972,0.2478362983684145,0.3049486173161469,0.4435009072441062,0.7856970676453329,0.6699624122617451,0.4114158750794571,0.6869456896644961,0.732063512744684,0.8906724623138674,0.7044631115959434
KSA,0.33870109042656327,0.3378980519926845,0.2827257065920636,0.31943511639065814,0.36678341864760444,0.3233658455769062,0.4504271069640228,0.45319122776767473,0.434245693624778,0.43823678136176614,0.3979105056326832,0.4416188805126456,0.3667989617645816,0.3493086114629994,0.34397867693972756,0.06969014932011823,0.08190929440194843,0.054624053355428054,0.38027078610133574,0.28466596394907734,0.42155875400644593,0.3763137612361006,0.4111015059509149,0.4013061582011747,0.42046190130672434,0.08457326447652176,0.2992235172884602,0.27668987815281343,0.49594568038805653,0.36283878343389836,0.4081234412924345,0.4383663980701305,0.30817818257294655,0.35016055105266025,0.46265895903489945,0.39119758995577253,0.4380438956135477,0.44371049791478184,0.42051668940222026,0.44612016123629084,0.3832720433888721,0.38268916255815233,0.2882025357318632,0.3881870691443688,0.34661244355615906,0.3460476969047292,0.38569644590584085,0.3707117014869354,0.39196044680439845,0.37101575930752345,0.3553959189018754,0.41586382856102955,0.3501759341299166,0.3215375595578835,0.4291687115109412,0.3386770449897599,0.4080339413700011,0.4133062597698895,0.446731437450767,0.47116084719170354,0.452282252568739,0.3373220142640389,0.2592667639863755,0.2758545996183768,0.16906560281139138,0.41948802651067496,0.02563042993711466,0.4392991638958257,0.41464720994507936,0.4204535069091491,0.10506558418840349,0.25719465191546037,0.3091657811329903,0.3469912749818295,0.29675469595060244,0.2928325083070452,0.37682627877867875,0.31518435001491835,0.3615562759750405,0.38248454281161454,0.3297171498829482,0.3909752082971621,0.4062996180996085,0.3263312566564251,0.38138155536798013,0.28883513996637494,0.3990498347653286,1.0,0.304842442958713,0.1576958050540172,0.29861490646422967,0.41247509183668707,0.3192539802335886,0.4063383377638594,0.3344721017137641,0.37624114428632205,0.3223149574193028,0.27289762446456345,0.33891144230513937,0.41460724283930267,0.4005489850551883,0.32710902682367055,0.37925918307063455,0.36481718134530255,0.3465056153470078,0.34900847870259316,0.3594994343281741,0.4267539225297886,0.3919085845603727,0.4127651796354934,0.11751234736386541,0.42674975675346094,0.4328910263401066,0.36491995465598864,0.24164593332008777,0.2785746921690029,0.31932504908066156,0.3206366148193912,0.4217359842161247,0.38679109871794104,0.4147366936858872,0.15808547106138518,0.14598368695568,0.2778812374694552,0.38865609475643403,0.3294531448212082,0.3636758534570327,0.204921111255451,0.4263833068927603,0.31995857621624146,0.34479793983432433,0.3421238724339876,0.3910552699496004,0.4131912970423401,0.14248266728073422,0.4485235534059359,0.029373645805586233,0.41944958723857395,0.0017749925533029974,0.4057338011029157,0.42158555483037374,0.09851274695342507,0.32068342331602584,0.3946132790238768,0.4139700746774671,0.41185489502152445,0.37622334965330356,0.41300714026876695,0.4552607399611802,0.4638846413339708,0.42515989319106146,0.4221614343082396,0.3664757973768788,0.4675138919712886,0.2673197855194688,0.4708194134055192,0.4810103576848053,0.26871535415175396,0.34680225703191997,0.2540199071761835,0.29864784756421037,0.40334501989895644,0.3342759500932105,0.28824327233166874,0.3693473367413959,0.3868499940002311,0.35420837697209123,0.23503201737758933,0.22959186304708953,0.2596211838322364,0.3583370530272592,0.3652005857680691,0.29392130547686446,0.30648668119352673,0.4302961883036295,0.4054973358803396,0.3854250572136591
LIT,0.45455920313415416,0.5492015098532133,0.5282372710651897,0.5760952983210272,0.6302926994551888,0.5567857809553665,0.6218980378653616,0.6178137734062892,0.7005659238122935,0.5783342025314941,0.5018068319298734,0.5699389854657356,0.5152509075458059,0.39704936593566165,0.5374179848262961,0.1532233423756175,0.1528802285243031,0.1035775055881601,0.6255120010292684,0.44938373353320826,0.4788302099007838,0.36438823111462626,0.4427059345143899,0.5641108815914498,0.5849855909979004,0.1546029587656881,0.46051174055428123,0.5475531419774399,0.6505623382056028,0.46646512787746536,0.6189974924787767,0.5498515565765947,0.369651522773779,0.4888018864078112,0.6203603644687389,0.4797704962540139,0.6062913582495867,0.7027350139276503,0.5637450256049873,0.5838391427486874,0.5556044163046209,0.5282182105406327,0.5600014418694218,0.5042584718080949,0.46334449731187033,0.3814386399010044,0.6179128142081948,0.46021808545096193,0.5256476762711702,0.5358495003537793,0.5838789988889784,0.5186395211703183,0.45178422267217117,0.5445074994318112,0.5572293327332662,0.5059843856439975,0.5609693685221806,0.5431446055953116,0.6268870667754055,0.6654639467181533,0.6028230400518066,0.3747243109937299,0.3807351940032083,0.40566438817713674,0.26880452444446606,0.577810642960253,0.07581984664890112,0.6067902226133064,0.550883267667708,0.5541140853075099,0.20041830924178627,0.4636946326741507,0.602172829145305,0.6228655323685212,0.46025247288467613,0.34821410129718605,0.38191936220659956,0.3124481953983608,0.5684091081662085,0.4206383647317248,0.4377296454491006,0.5827440994051944,0.5406901796355004,0.3737815925257469,0.4951222577147765,0.25667166981758305,0.6620090338766754,0.304842442958713,1.0,0.24520672494971985,0.616728264578928,0.5501664094566715,0.2844105511496496,0.514970440972071,0.352500560664285,0.5169524129731442,0.6760955405457013,0.3888426942683802,0.4625439322642167,0.6556332250368508,0.4765255615723304,0.6968733830381667,0.6298984328919275,0.5712974993103184,0.5913086549850647,0.5320492072077403,0.433787603210391,0.5371176788153106,0.525419459643118,0.5912870252036796,0.14252639967257105,0.6175726361416773,0.5827720831823258,0.4587572409646712,0.3563535475792338,0.4048057103772163,0.5634245233161752,0.3162823397600141,0.5562262688495266,0.3786866365031545,0.5492381951143323,0.20188543788976027,0.23624782519145943,0.6082800516350172,0.5420337527644647,0.4738172088960595,0.5347426551560237,0.1714551277804987,0.28410914920718544,0.48757066573347496,0.448432247330812,0.3739521998007956,0.6179168726725063,0.5272200128542622,0.23287390748224152,0.6317642879461631,0.06514450779152497,0.5769668227676894,0.06966704702907282,0.4800263244868316,0.5850702579390683,0.16089680145113855,0.365163919283734,0.5291058053621255,0.578264910395274,0.49087095989146234,0.5899998749532653,0.6118421553461346,0.6762334224623907,0.6407060397928565,0.5757868803495697,0.4620249255448643,0.5498239849441763,0.7125569843696591,0.3934774529083619,0.6811725961338844,0.5998229216032626,0.45231585214273334,0.45663960442040835,0.44124276638642973,0.4411758911956368,0.5605273651703617,0.42347733386542513,0.2707183052750469,0.3861613571262686,0.4838191125751778,0.5457547614711444,0.16041337473296308,0.16871378035155285,0.278079225671978,0.5521666393535861,0.5678179718209528,0.3222274392414037,0.4122511665105766,0.7086297550612107,0.6815739886982433,0.4807083856765925
LQD,0.7094587768225264,0.34183983923572037,0.37723733334354187,0.3561311497711332,0.3272944705068543,0.32798001420408546,0.377378975504104,0.34659065621126967,0.3124749843166868,0.3436599356211694,0.24884205928688333,0.3271183074648726,0.3372787733933018,0.32800734755138483,0.2439295838404463,0.9535109407110269,0.9432522773880213,0.7632250488981658,0.3663503868454184,0.31348683821148393,0.3339444099771205,0.3283009337739921,0.3049120622600371,0.3753933959877923,0.2812383280926102,0.9333021943104032,0.6116019291849016,0.24650073166105047,0.3303401642882502,0.4562592217997761,0.42316917379335695,0.32765806642063317,0.22682815699216227,0.3113882769225331,0.3179321974044706,0.30162414939958887,0.3967602317915752,0.3100338557686809,0.3795454872227339,0.37763040592432173,0.35034485761409595,0.3638585719837001,0.20106816629283944,0.3157574223525682,0.43015327074217785,0.2767139343052121,0.3517594220855958,0.3207243583960832,0.350237106806164,0.32837439732710383,0.2849940564984864,0.309833316159044,0.30959751639812055,0.2691888227940915,0.33724882084362595,0.35144523402931654,0.3593557467130262,0.3334054539330605,0.40965201658003325,0.27997559633513386,0.3414585016194559,0.35910428101062963,0.29920520849250415,0.30471324519791293,0.26969161622913757,0.19084891548611546,0.8429981854622928,0.3999100428077217,0.38047659282649027,0.2559573117786743,0.642725573543235,0.3720939869849314,0.35087385864475745,0.3284413338902599,0.3290498263364604,0.3588786459405787,0.23686217802848514,0.019891921238749947,0.3294041560698659,0.3482341858898963,0.24513293266361366,0.3624542266775163,0.3926313028546539,0.17387937607511847,0.3161032242564765,0.16124180558302004,0.3532662807761147,0.1576958050540172,0.24520672494971985,1.0,0.18767126663622172,0.3616401314713357,0.09235940011001426,0.4131568672248237,0.015943266633216737,0.287489789577189,0.30705484122609533,0.5668204381222425,0.40904122892192035,0.22470212847751367,0.31831076621851206,0.32664049520497185,0.3914183735249839,0.36092072690687,0.3432211206593972,0.29993035518641714,0.43368681033671647,0.38185359930460827,0.2762070885685325,0.35554276958122843,0.7641657020443886,0.4164442572688905,0.36689000001699107,0.6499757419496882,0.2040175617939437,0.26905441183072143,0.2766099894617365,0.19708017016020896,0.37106911894752764,0.3163958860473474,0.3736798667484456,0.8422408539053737,0.9908734765911134,0.3111752376355506,0.33451208546211725,0.30281400381143647,0.35952806444570656,0.06977061030302714,0.1404676717234868,0.16615534500849996,0.6755895269196005,0.38243057320366375,0.3968268292723165,0.32374168660852337,0.983462532249701,0.39644208415096327,0.837745605853125,0.38421566275296487,0.8817691055572271,0.37242466812747493,0.43147292894425027,0.8542718674393536,0.4660604339100049,0.4486983425481397,0.3962964945390788,0.342370273100771,0.3965448668518146,0.36476106758681015,0.3943585964573495,0.3967210909890472,0.3774683665889609,0.30978298754643596,0.36529327292601543,0.30136723371548624,0.8012831420785136,0.3854659770345011,0.3435795665967918,0.3343740431500795,0.2742689657528358,0.3319211979641244,0.45990096950622616,0.32346197217911626,0.3359531509819563,0.0008623581629684986,0.21296416299011034,0.294110476392378,0.3222732910788153,0.27520620117775674,0.3490191562037485,0.3109670167553142,0.3687577274516338,0.2029033602635226,0.01920314223866939,0.29194154398602473,0.3085856047438154,0.4136299590006362,0.28231607150012117
MCHI,0.3586811822169259,0.47403794015536355,0.4147330692050534,0.4590931902809756,0.4788118117477688,0.4554841932857446,0.5210125678577928,0.4991603122261288,0.7532722152168077,0.41084365953148666,0.33702786662252454,0.45134059186615527,0.39414486681033034,0.3639393257296929,0.38931727942900624,0.10526605608576113,0.11249746917799944,0.07745912376811839,0.47669692820545106,0.32891220353912826,0.33764146942651235,0.2646442707895339,0.32331071104032977,0.4076009117284264,0.6390497992040621,0.11880611925045707,0.45455778150659043,0.3821210491789031,0.6934172045398764,0.4304457656842068,0.5266038914300496,0.47864095741729495,0.29710236385308875,0.36604802941067094,0.5108692943343625,0.43305334771827275,0.5207851103599226,0.788681202832682,0.41362403389463515,0.49763582571708764,0.4729977197080209,0.46023433621603543,0.7684293130578033,0.4328762166933339,0.3959446568094854,0.3858576613687193,0.540733064195402,0.3899830965868396,0.4740954766751322,0.5326330463506571,0.4659017672605182,0.4560979694238024,0.3959848738847368,0.43239616288665195,0.5835512220439794,0.4285641252752317,0.4988622666528819,0.3783671546372335,0.5316428454873333,0.7677074536515689,0.5008614167606772,0.26834739916134936,0.3022316213284463,0.3218790489794775,0.2113168607732868,0.44825533635947346,0.06714832478249796,0.5157769619119505,0.4015207294188148,0.4611119906669426,0.19609040532085378,0.3758388951226229,0.439537249387843,0.4927634110947789,0.3537544460790545,0.304231484407746,0.3296676893753293,0.2282841275464731,0.412421235512861,0.30449185408667073,0.33292952692567485,0.4114463020893978,0.3921829717608548,0.24356733215476262,0.36528231581983384,0.1961623564993857,0.49966349647657465,0.29861490646422967,0.616728264578928,0.18767126663622172,1.0,0.40434948344433785,0.20862795318368557,0.38596386127980187,0.21579106246979668,0.3182676703968631,0.469879601857977,0.2833014225376994,0.31016102270142204,0.5266447572221016,0.3343265372736599,0.46988873856939983,0.5151171048223995,0.42482115480629545,0.4516473570213957,0.40659180168749326,0.3287019469593792,0.385465093526977,0.39452999654084825,0.41257503986098015,0.057444825184713076,0.5124543297463018,0.5889019597915769,0.37447845461892926,0.2702548978567307,0.32030926521979436,0.4061295749405373,0.2631287376913101,0.40392636629144774,0.26520863691484453,0.39978310344087276,0.17000951489995883,0.17879951661928065,0.46952630247003974,0.39550416822415657,0.45069782273545056,0.4036732183377047,0.13848733473290886,0.24314221870070535,0.3478426944001088,0.36627486264743264,0.2782517860826863,0.4493971375787908,0.3654622342509922,0.17323319691597444,0.5293081874620166,0.048384884877514106,0.5011767180246689,0.041957136290562726,0.3381371760529027,0.5363981344307882,0.12072399898138188,0.2763374492140112,0.5429299734575282,0.4214060776876189,0.33857257157038567,0.4436947809632768,0.5002091443957316,0.6385212411576056,0.5243720410596104,0.42135643553410307,0.31795279292980116,0.4159480157722351,0.8471077417827929,0.33327781357604735,0.6409218634412256,0.5533371400883172,0.37705098400412845,0.2962448316785432,0.3632673592416558,0.2997379212310064,0.39042416398967356,0.3826958238701399,0.18077916906428848,0.27812163171170445,0.3067084201435593,0.38475456544175274,0.1387847827544334,0.10987788121930316,0.2114043809776642,0.39861828532264126,0.3661599230683669,0.214817615272592,0.303434330867097,0.7821187503463977,0.5513920115848836,0.36964438862619764
MGC,0.7130784644028278,0.7672409832301148,0.6347976185641494,0.7494944536463758,0.8053259892393902,0.7667179313798944,0.7675669424861777,0.7191788258714614,0.6845870290770557,0.9550656180393863,0.7124712641667906,0.7528638755472833,0.6903793148398215,0.6366292610234167,0.6836531511034543,0.2066455145632992,0.19900599233435987,0.17512956536690477,0.8509426760466682,0.7543607418295633,0.8907155499796559,0.5794773434610112,0.8395340626792689,0.9840120288556565,0.5494817085151853,0.19630640193720333,0.46723322425522307,0.45131799892839447,0.6358610447072781,0.6135632265228207,0.8119901393833246,0.6874039108481934,0.423405223121581,0.6995696435919241,0.7073319457533485,0.582067673154943,0.7817791683714401,0.6714216149727352,0.9940075845969562,0.736805584935293,0.6968352830780815,0.709663507288375,0.4264423839820981,0.6736393123860922,0.6205547578796252,0.48803744162266555,0.785759715673925,0.6095275617076694,0.6861372133447202,0.6408963693160422,0.6830778385044751,0.6426065162120385,0.5165615852416422,0.5669202571753543,0.5454011493022866,0.8535555277570012,0.7486210845243362,0.7829432816881438,0.7485612001983434,0.6292850241493538,0.733279173003759,0.7651256212108383,0.313531793868253,0.3459043000431787,0.1457576621754961,0.5870169567208859,0.06253506185991259,0.7897896465780805,0.9886056504524102,0.8030069806736136,0.2546315586009691,0.6329789327316376,0.5524737810350587,0.7508280492051514,0.8012159799564825,0.673520790507072,0.5673378918134497,0.37610054189765274,0.9176273030089924,0.8418407934903889,0.6290656071287166,0.943739282687986,0.9566071580269621,0.6004236803068254,0.8161233925908272,0.5765224908216942,0.8173510756607485,0.41247509183668707,0.5501664094566715,0.3616401314713357,0.40434948344433785,1.0,0.42388036018105,0.8591800812407336,0.41287675555443504,0.7768743057178927,0.629443973462494,0.5882968025318063,0.7542684524666274,0.5949289315299647,0.8198747490433521,0.6856772650416547,0.867956688067213,0.9586966765413303,0.8840069582830927,0.8739851756120698,0.617153585399028,0.8760793571961553,0.7847915861158725,0.8237914582515128,0.18268096205866421,0.7516208618001189,0.6346579283613614,0.749076300528515,0.25740231500742977,0.3501581861924547,0.8173507235160055,0.49181537553088034,0.995083940500084,0.6241207650446572,0.9936456647195632,0.2948617824220907,0.34572396442940834,0.49875154003144573,0.8968700359481144,0.5012746547471008,0.9703806114087792,0.24620618629900806,0.3946973593489081,0.521954757092941,0.7295182815107539,0.7992407680084231,0.8602258686436429,0.7805821851195899,0.34517695538326226,0.7936999227554293,0.07174122323862232,0.7438067995431349,0.06757674935709845,0.9073025811693279,0.7788173250750243,0.20184198769935868,0.6175247974556461,0.5990672981369758,0.8962997158053603,0.7830505841027707,0.903224654164703,0.735140942710768,0.785384705110991,0.9585313176249376,0.9884414669310685,0.8186530221815447,0.9703962399760042,0.6696338176627971,0.5566119608532967,0.7903799137467052,0.7127781941998039,0.684324525574204,0.694734519084309,0.5833712726019746,0.6547773790525125,0.7246232195551852,0.8273385753887065,0.35523407005540225,0.7445309111855469,0.8059239423889383,0.9265381482114875,0.44539382237023933,0.40283115434855665,0.5940435305788597,0.8723487928986584,0.5851288445937045,0.3864060100776953,0.6177596344138722,0.6804462048223331,0.9042953590142339,0.8678593749370163
MLPA,0.3605625496122268,0.3021979247545822,0.25723625836515,0.28764482927463997,0.3465471953050299,0.2965529587435123,0.45776918677635786,0.4765667654180532,0.3234975402224981,0.5367060862357047,0.6138758333472882,0.5756341198737546,0.3277005606231553,0.41077317515057954,0.32737634431737095,-0.00815262262984027,0.009979261988369313,-0.024172190704557128,0.34992168987744265,0.31343996502609883,0.47744569206087234,0.6285251780464097,0.5158304456992989,0.41804544608043126,0.38836668440927125,0.01463546724484117,0.23601723959413604,0.3148736142310669,0.2778484611779183,0.33356549924610207,0.32465677390293424,0.4733288870903585,0.25209168005046223,0.30526381555792376,0.31903428621526536,0.35731724247080443,0.4072575392787437,0.2974624892591289,0.4497108369482234,0.46568603242489065,0.34141545201784224,0.3326554040530553,0.24634162604057605,0.38022959356040503,0.2852936767657738,0.25096117702585014,0.32456374078408634,0.3604576891496364,0.3561404965607064,0.35200821734604876,0.2767065519458406,0.4761977007884523,0.332010405113687,0.19841925587073497,0.29368952007684823,0.30632791840155665,0.3613043230069584,0.5504793510046725,0.44097412512155404,0.39039322115359665,0.479305363829301,0.4164628068928599,0.21102119153349347,0.23750707384410033,0.10623594601064669,0.6415815462435076,-0.06624552015192463,0.4213768634398641,0.4429579686461067,0.41887190949950226,0.10436393273557325,0.2757613069070364,0.29142242588323747,0.35173901814685704,0.2828405197196947,0.29761847208434206,0.2794957545048097,0.7557038589856883,0.29218020848659304,0.4478486068971156,0.340334165384789,0.4229367783564226,0.44805387170989663,0.4846990873820809,0.4704187998003153,0.4820038151140258,0.4188613349258112,0.3192539802335886,0.2844105511496496,0.09235940011001426,0.20862795318368557,0.42388036018105,1.0,0.4449901285347233,0.6943192260980642,0.49532497203004494,0.3454098010879746,0.32275224214852716,0.37963547902787403,0.4477354187504419,0.5371725223646907,0.33673270073311934,0.3936390089133739,0.3158613336624815,0.3033285073911006,0.345132137733558,0.47692577745464726,0.5403176843636279,0.4941646549224692,0.5102861348629236,0.12496659703044351,0.40297125039049125,0.5194689964631471,0.3885787886779075,0.16154422726276862,0.24660962033828146,0.27989746406317023,0.25057625426042707,0.4505525867651306,0.5983222359552426,0.4282575976106817,0.10903876994342142,0.08414236282605343,0.2606575306489516,0.38058670567402236,0.27776769331162127,0.34110102540513365,0.1309240239083244,0.18867900895115597,0.3755013847799207,0.373354991965519,0.4213185135182052,0.4360949705274704,0.5736374211650094,0.07840527451548888,0.41904861188928283,-0.04554889478687209,0.3927982793495418,-0.08452649284826075,0.4583627850707514,0.3826792230677417,0.05207216366089049,0.3970550735512997,0.34477573548061935,0.5170062514061621,0.5873668907208038,0.41201006652173433,0.3481641238262014,0.37156609593726,0.46623441362178547,0.46761330739151524,0.5750281270020835,0.33218805247612987,0.33829421195061715,0.22607433675223812,0.41384475927297626,0.49632436861664647,0.27593721063495746,0.44154485875557203,0.2792597404678827,0.30561542509687945,0.4866955692510176,0.32878264215198566,0.753058702463173,0.5167819606153168,0.4809656102976616,0.3008570553252775,0.27866690325742743,0.30285256395651583,0.29248208851856594,0.3481029909907868,0.5101422832542333,0.7460941322670203,0.35797070851990603,0.29599238221076124,0.38770539184312125,0.42887474903143546
MOAT,0.7337852269467454,0.718292779987291,0.6674976635114466,0.7028556273448106,0.7063481189677526,0.6950507537924333,0.739973716835907,0.6965015644799616,0.5879808202344136,0.8900885842146367,0.7776978129504528,0.7422019644452436,0.6222199980463909,0.6258527134309484,0.5986692923134376,0.263299664355055,0.2698357729542072,0.21972956705767235,0.7603912614698878,0.6986689611529597,0.866659670310937,0.7044975077250524,0.8108743676593613,0.8694258340743424,0.5245432337349898,0.26778093680335313,0.485512757823893,0.4502797690332831,0.5605903276594006,0.6473515320304669,0.7513874230948441,0.6908714813394201,0.4155556396857481,0.6269917645471507,0.5906650909846208,0.5573684876800167,0.7498297256523314,0.5790396421817045,0.8854768278153028,0.7093590098039664,0.693052111682828,0.6942388070780838,0.4345794970622323,0.6552107060915698,0.6572167487811035,0.465981120582703,0.7126780912163082,0.5985319156594279,0.6850111437106997,0.6200723163407249,0.5581113075964309,0.6534295274500533,0.4885098232736861,0.4529305751447164,0.5307929442696351,0.7839237671952073,0.7194161073058165,0.8442473426400197,0.7339832186998384,0.5847116823514756,0.7138734777902142,0.8218808307836054,0.31388516264506994,0.33649065678716483,0.1497915000673239,0.6058370449885985,0.13866020177204713,0.7604112111797908,0.8865886238061956,0.7369012338873069,0.29983058782138505,0.6695585982118443,0.5117411356032083,0.6403421288490607,0.7373275540339697,0.7288711985137389,0.5174959784743677,0.3947636111762999,0.7200181140486782,0.8270135089159573,0.6688928726443047,0.8066473171158356,0.9031516267479396,0.6826708056375198,0.8347939349801065,0.6415814138600868,0.7689674879967336,0.4063383377638594,0.514970440972071,0.4131568672248237,0.38596386127980187,0.8591800812407336,0.4449901285347233,1.0,0.42706402597680077,0.777284205614248,0.6051800589125514,0.6061252080614753,0.8479244760855585,0.5738411056955992,0.8662016823519783,0.6280983243276311,0.8384354191488423,0.7832181215769142,0.7637141269904901,0.7096614866799216,0.7019959534781226,0.9305381289778226,0.7498887742253897,0.838044828647955,0.23588199958496708,0.737663162057283,0.678766256621646,0.7654401661508295,0.23605364822375735,0.3370342401988763,0.6408947066447808,0.43899156406758694,0.8822850985700219,0.7787363851838398,0.8802134981686816,0.3585381337709953,0.39945690981555665,0.4867551117506224,0.7920971514570447,0.46800367049374153,0.8087011709258695,0.2281662793732225,0.349856368067941,0.4243671466158339,0.7505351351002724,0.8214338840499871,0.8407039674428957,0.854778269414888,0.3917476760451446,0.7501835752999999,0.15039903661478465,0.7310694291577613,0.13081348641753968,0.8860277547690781,0.7644116714857155,0.28117211991322155,0.7221765333888085,0.6349228557511245,0.9064222297573381,0.8644293569001464,0.8490489014624313,0.6536411309333129,0.7243598604759515,0.8732400348014056,0.8929856775905344,0.8493992528955894,0.8039296116317667,0.5984615100498223,0.5723559950561601,0.7362273463422349,0.7063257522823313,0.7125587155821449,0.6704797858537249,0.598986239031342,0.7511351074787977,0.7943800037497057,0.7729379156883299,0.3858479475483743,0.7750100347746828,0.8055756837478623,0.7309146309325661,0.5488153686952805,0.43444845331395787,0.6677549966760102,0.8051063425874864,0.5769589942183381,0.409451082121785,0.6997522838767923,0.5820321168926694,0.8456337045582953,0.7562277941135523
OIH,0.3150520113426492,0.26314376136794587,0.25195308181900733,0.26803105365783386,0.37461812505222725,0.2609701708255304,0.49094360800674514,0.525810637470739,0.37971679274515274,0.5567427127372484,0.6875635661200853,0.5815737165497719,0.37778230448251915,0.3708939990750912,0.3209307725932701,-0.0818214659873236,-0.08212064858833766,-0.10523807080720081,0.37442699198990137,0.28250991558107447,0.47945314087164526,0.5551803823624136,0.5161605581941079,0.4046691269087214,0.44151948953605447,-0.07526270109001133,0.20958921880111983,0.3522266740211829,0.3202003065902225,0.29196375141658626,0.3467154571095729,0.5035616140074696,0.27381619983495387,0.2907322918136669,0.3899053271861225,0.36860117571094314,0.43410016265544155,0.35445113127006683,0.4367400253300755,0.49449683181479454,0.35802576023809307,0.3391335927408683,0.2768517016605725,0.41371835889675074,0.26537605554470267,0.2658748435421925,0.35665464487309967,0.3661983201577087,0.36531368981910045,0.3594523335369058,0.33235675496825967,0.4888479533251561,0.33954236369310586,0.2814266528791105,0.34081699772272533,0.26285298527434253,0.3800492831074145,0.5912014194932175,0.46593433534852663,0.438028982960902,0.5320044332736003,0.358222579304115,0.2530721697287847,0.28604281629295975,0.14658778115288146,0.7490925126714275,-0.15387169569678194,0.4455029256768387,0.42594502041835963,0.44482257778814505,0.03138452381306419,0.2446685681676087,0.2893313678631733,0.3567365024584949,0.23862805680235263,0.20634124724925199,0.2637768782897661,0.8690343297418724,0.31748906685015726,0.40922154020354484,0.36073432875502903,0.41844924177188186,0.43294027478293684,0.5054896549159925,0.4617758839435974,0.4146869343886925,0.4425470953423176,0.3344721017137641,0.352500560664285,0.015943266633216737,0.21579106246979668,0.41287675555443504,0.6943192260980642,0.42706402597680077,1.0,0.5486307171803511,0.38123089067204763,0.296276421569122,0.3611940768743072,0.5504783365481563,0.5385914012392975,0.36343031263299225,0.38410044213183064,0.311220885528184,0.32010045297858297,0.3442921973188888,0.4093069177021841,0.5296126511358745,0.5088428152034842,0.5464151044939394,0.05747701848287193,0.4141332439310021,0.5274579455479594,0.34800113065120225,0.23394859768787443,0.297188533554974,0.33084573040884835,0.24489416309220075,0.4436662767052932,0.5602939320187729,0.41104753906157215,0.01659029965426222,0.007676094177689119,0.2638640203219307,0.3998700150786142,0.3117109876668644,0.3058696281088425,0.14117208974698922,0.222309121854867,0.4202853232580423,0.3205223850906187,0.32896154845560055,0.44701020354396714,0.5977611705817932,0.011360569947047474,0.4559741878522288,-0.14063605075930286,0.4073320657290982,-0.15679453401423624,0.43428693933717544,0.37309293809102106,-0.04529161204904221,0.2973092295993983,0.32509726306772946,0.4977850503549632,0.5737251180534075,0.38981731387252205,0.41398480213702715,0.3988030928148039,0.4760051046736223,0.46117247138362916,0.5760348947008165,0.30887381448170853,0.3714748867384192,0.1662610405308915,0.45340143799698407,0.5282252531255714,0.22418356379419413,0.46779233059630054,0.26406942817112183,0.31268662870035996,0.5283734109383409,0.273204643068105,0.8741335405775705,0.4970937849068392,0.5188084197359191,0.31855636142559735,0.1624384591870582,0.1771832027077907,0.21747830369320442,0.32020374700175985,0.6048903961339913,0.8504992821660309,0.3689862747535743,0.3451546971844414,0.3903029189459112,0.41981068124506654
PAVE,0.6150238201395715,0.5753799562378156,0.5419776434618286,0.5768416181566369,0.6940100455990823,0.5615391035930859,0.7394648188644787,0.7183295650932143,0.6006928748052143,0.8900065768687342,0.8724392586275226,0.7440735097869967,0.6381649469887867,0.5447266254873722,0.5792053001187192,0.15271389745332983,0.14959590900370198,0.1496042324337551,0.7266471650004193,0.5533621545056577,0.8330003526974099,0.6767496424647492,0.7929837984629465,0.7988983074442315,0.5139484814318512,0.15413301039834848,0.4138097808006539,0.47834846564336536,0.5548762223105209,0.5464934867523176,0.7099043236782934,0.6863328316163888,0.3640809786128335,0.5790253466648669,0.6368589437309808,0.5366299416461195,0.7211256958429592,0.5804469837818028,0.8120011057391854,0.6933678694473886,0.6595100107954205,0.6362960557832613,0.40382728393449735,0.6382821195476298,0.5548103632775124,0.42685239570029326,0.6881857052025377,0.5719157899323647,0.6498084426610582,0.5558634286029057,0.5865228476113592,0.635190275411344,0.5356298846851522,0.5059333111396415,0.5060152064214382,0.590316021046121,0.6855045426092079,0.897178609202635,0.7240482341546962,0.5720839979097766,0.7267092478009053,0.7199777137253622,0.3160159440338239,0.34769926038870475,0.14839406214969622,0.6698619398722998,0.0384052824714919,0.7289305338755434,0.8177519337207312,0.7412348617432831,0.20919638394743928,0.5276049293322047,0.5219312116829283,0.6562469139517343,0.5299123552818972,0.5412517663682199,0.475278795136518,0.4583179014860096,0.6796709589153666,0.7691507924035055,0.6763980494592733,0.8158044078647391,0.8189584492909845,0.7432107220385663,0.8078983632863785,0.6469415845560307,0.773604096862825,0.37624114428632205,0.5169524129731442,0.287489789577189,0.3182676703968631,0.7768743057178927,0.49532497203004494,0.777284205614248,0.5486307171803511,1.0,0.6215752342490606,0.5409596359600649,0.8494342414206594,0.6649229504674987,0.8616334616677901,0.6528140655470228,0.7615953071159295,0.6874055489937261,0.6741880423976956,0.6444718313074582,0.646577958581843,0.8853078883844394,0.7750634233325947,0.8838849795895052,0.14314346700005706,0.7084740964975427,0.634481792121664,0.6461828976905332,0.23950884230025346,0.3559874267088496,0.6625633208813144,0.4097544881011956,0.8129939195023521,0.7342583782243847,0.8041893772554962,0.23494091708871792,0.27345382352505987,0.4796106293384822,0.7391804504855242,0.43170602550757037,0.6835253096160655,0.21806835835773966,0.35231937159842797,0.5078700766700733,0.6256865438017193,0.6784700916309115,0.8239294504831403,0.9071255796252068,0.27142152079704795,0.7411703525488919,0.04222806301910625,0.6903674145389264,0.03608752867025731,0.834695433005163,0.6878496312343415,0.17236808338052104,0.6248338556425755,0.573077311160945,0.8795792375522368,0.8781975032370626,0.7957180255304973,0.6837845136833061,0.706848201642562,0.8289418193592405,0.8328201261961116,0.8592809184992602,0.6900600503236615,0.5749014234000006,0.4728005312364621,0.7247754773314018,0.7001812340978224,0.4753675271218004,0.7553624594890928,0.4938030164079137,0.7955945744042268,0.8524563815421204,0.5811562466237474,0.45416378468842555,0.7723474162685564,0.9413646742514797,0.6764769372188056,0.38907405257045674,0.42712800711878673,0.4987393644809872,0.7037291170975258,0.74150588034394,0.47539452746157557,0.6485141962121168,0.5838584413752362,0.7586275739344518,0.6996229306698897
PBW,0.5450993863973241,0.7143131631509172,0.727945283826982,0.7692436329334693,0.8212467239097184,0.7351726107209521,0.600962911194426,0.5944297568390471,0.6419515344749173,0.6816674075563953,0.6295998866606716,0.5993588494155043,0.51789376661056,0.44808767495070995,0.6797009700739146,0.19565242777034256,0.1957241324822296,0.16016258283149074,0.7156336639359175,0.5797912756604201,0.5400324290233629,0.4360096910207028,0.47111724076799555,0.6437470633538441,0.4795130394204888,0.20421613393277993,0.4164477423594321,0.44591574854992555,0.5734910109396969,0.4245821502921474,0.6193356176027407,0.5100132677773264,0.32258542322679307,0.5804523106002494,0.6100306627748547,0.4628829499470653,0.5876316813392055,0.6357565205861434,0.6529200888594443,0.5541476320332047,0.5585260939718835,0.5260037888930047,0.41182458278341455,0.5008826150165775,0.43843815679362513,0.35996885250182464,0.6270544846128934,0.46602179467100374,0.5035782955359013,0.5214760250092223,0.5806670469675427,0.4576263174520626,0.4379364368362932,0.5163734311200652,0.49409405832273817,0.637094943153583,0.5539153442770894,0.6902472810694665,0.6146279101531685,0.5594160268130162,0.5740627446575757,0.38745009064189445,0.3225547081287924,0.3641980631882014,0.20874918042708251,0.5134243510136361,0.08124087147263327,0.5905252108719996,0.637815376989587,0.5662247833572485,0.23002653012220584,0.58184054614708,0.8336281432838374,0.7799351838784034,0.5711367765097223,0.4013382434098203,0.41320469781915825,0.3004218800364539,0.6415369685369878,0.4563534138598703,0.5445297102189889,0.6881287393889626,0.6184012403009221,0.48742406083360085,0.61377892979824,0.30970621943547044,0.8740119683321699,0.3223149574193028,0.6760955405457013,0.30705484122609533,0.469879601857977,0.629443973462494,0.3454098010879746,0.6051800589125514,0.38123089067204763,0.6215752342490606,1.0,0.5015391535667313,0.5466544526004679,0.5513616835329987,0.5687054203154154,0.9404499230039464,0.7834399036203444,0.6595438310636202,0.6896529993182703,0.5993162571945335,0.5526241705702514,0.6285804120771497,0.6685261236657336,0.7745670642561895,0.16753650726113728,0.6159668628308675,0.5697442939953399,0.5567964075774198,0.2912728593839563,0.38298751161519135,0.6424963532028677,0.36826452769099444,0.6382451501691757,0.4475187253648207,0.6337760423095515,0.249106870145443,0.2928603157041638,0.8391563174958061,0.6365843258059877,0.41482259163211016,0.6165442743731647,0.1927792675665397,0.29929307137780314,0.5575271956346081,0.5473563687141941,0.4072512326662077,0.8081957249143412,0.6554907925779142,0.29194091312437814,0.6174994606743855,0.0962462320893649,0.5592103279472626,0.09396483906083446,0.5345424792698212,0.5738374314730993,0.20317689284443397,0.4552424330373159,0.5196021218864805,0.6987531560309334,0.5735165382941098,0.732896649056895,0.5894613533717907,0.646196776719199,0.6910269196648813,0.6785189725408083,0.5214036791540503,0.6447177493206899,0.630214130155249,0.4374211037742534,0.6478662168473911,0.5496099033556024,0.6066394409517212,0.6214036302022082,0.6234503036978895,0.5464392645329789,0.5488655638687705,0.5063779178486382,0.2809272597174512,0.45009712272360014,0.5726198237021077,0.6280918028494173,0.12085387050825816,0.24349576798635822,0.28722526486592687,0.6501422965715467,0.6010456958790978,0.3753749992434368,0.5926456223365512,0.642762793610136,0.7646122973341614,0.530816432026242
PFFD,0.695557975409946,0.5226723451248549,0.49233708951976746,0.5197844520682917,0.5329610972734901,0.5129379625295932,0.5773875613025767,0.5519575363915369,0.46919080262381074,0.6201263216591645,0.5506003896125566,0.5641766649608939,0.4841598157002714,0.5484660019222566,0.430375948659516,0.4797266478445676,0.4638434254191354,0.36380596727354536,0.5641692585978432,0.47983408390060595,0.5658474318459488,0.5361988099669008,0.5402213129511834,0.5965265341263004,0.41083751527474244,0.4656147955802396,0.5049142339207328,0.3781097525529688,0.43900075172166675,0.5194249843628873,0.5753303288314141,0.5314684881945364,0.31922571005239964,0.47749656307534927,0.478155141946283,0.43622277456968417,0.5769304750490972,0.4632365453220058,0.608879354774478,0.5546930497268079,0.5265634736565756,0.5245716249411788,0.31217932794651027,0.5051514092011375,0.5086115389984354,0.3744785819289315,0.5365071627575017,0.4836377250342685,0.5128621376433613,0.4825693189979066,0.4387849116691805,0.49246061246494793,0.4242699340116727,0.3876180241944388,0.4306444402618051,0.5293467077107393,0.5360909609261139,0.599938476768575,0.5817445554265758,0.4268881572497812,0.550087027819749,0.5240581629023343,0.2575178973665174,0.28156264961822164,0.1647146069188082,0.42610614540471253,0.3376608511858889,0.5833318591071254,0.6088305579440064,0.5350359372464891,0.463010302572649,0.46925807300382294,0.4736923760676931,0.5393003323324749,0.4915718162113205,0.48173841816900725,0.37380742327972505,0.2759477663450007,0.5110806675081591,0.5592663232989588,0.4515218778501715,0.5950143631225217,0.612391885614657,0.5007197462543673,0.5885280057865647,0.4203115415497343,0.5774694325395368,0.27289762446456345,0.3888426942683802,0.5668204381222425,0.2833014225376994,0.5882968025318063,0.32275224214852716,0.6061252080614753,0.296276421569122,0.5409596359600649,0.5015391535667313,1.0,0.5657442486288037,0.41032619407658333,0.5843452154979135,0.5175456068173293,0.59893208982528,0.546507900360797,0.5328218834115104,0.48468761590035453,0.5831117423652388,0.6288803352482895,0.559149872560804,0.6149387887831677,0.3703231586000285,0.585583523372568,0.5335599699392121,0.6974081612357546,0.1919319636187587,0.27652304009061124,0.4570755762044622,0.3202270809062018,0.6032081034479955,0.5375871691090524,0.5995064359890329,0.4663942626156175,0.55359637825307,0.4329945517760331,0.5292167678341584,0.35246477902909784,0.5537879223577679,0.15095648831108455,0.25453389832716533,0.35570587047873764,0.7048401686831589,0.53152244878922,0.618950530999973,0.6011911786609991,0.5549176378870231,0.5831329448615076,0.3349464393219236,0.5583806894303252,0.39188373035298696,0.5834387566911536,0.5815118624629702,0.4510185402809461,0.5674731823070207,0.5361249061348524,0.6410193299596729,0.5962211017516661,0.6117339744199473,0.5233884108100451,0.5696480640651523,0.628289215989459,0.6193081229247741,0.5672568090002245,0.5610781369611161,0.45779533953477863,0.6207301737575168,0.5712812661169984,0.5387700097076206,0.47935699615439437,0.4965528353079443,0.4304733946770551,0.5639680672415115,0.5239989060357342,0.514146697256274,0.25654659002629554,0.5089146215091734,0.5431922492408991,0.5054904079461648,0.33511146939422803,0.38665430444686555,0.4083961943337946,0.5604597189510075,0.4123500224041479,0.27354647733315535,0.4733352944281762,0.4661647545069811,0.6105411492574624,0.5091430873365022
PHO,0.6708171859673673,0.5871772551924529,0.5753013804692229,0.5745449080437147,0.6125456719143202,0.555243932907791,0.6895776011483759,0.6408745574588806,0.5119457822125638,0.8241062306675405,0.7625466117770296,0.6878116491980848,0.5709575239073691,0.5429879180704528,0.4984176209596652,0.27812134413658574,0.2833879956692574,0.23945172365318715,0.6739705421618467,0.5831553986886818,0.8165088437175979,0.6927580129255889,0.7820378017671298,0.7762036821432846,0.4628944692690354,0.28067903902612146,0.45033023369761077,0.4181521066482347,0.4898139092695252,0.6289976578700497,0.6999563454886899,0.6411487705723796,0.3571781133601611,0.5483246025419636,0.5246160147995713,0.5083771532465887,0.6957883433173473,0.49988016824875986,0.7940812451973294,0.6585476608769998,0.6582648846119639,0.6386191857570874,0.37002721588526033,0.6136737021247535,0.6256927542578776,0.41006197362887803,0.645197178596633,0.5625578387813513,0.6478039730625769,0.549687083895245,0.4823538883501457,0.611905893854259,0.4656440499510264,0.39579055797360074,0.47013647142006804,0.6251431557936971,0.668962402570519,0.8279434104579594,0.6821947505711304,0.5010896002528611,0.6560921218185021,0.8377792695448357,0.2845762713683216,0.3024799013830955,0.1266342380656112,0.5442090978604348,0.1676454516339368,0.7081879412292926,0.8087243330919942,0.6852253204842681,0.2994110997062428,0.6044163571117612,0.49506948602807,0.5669251384158511,0.5930643744294355,0.6995453387367802,0.47588736931245,0.31735207942773647,0.6126261330152478,0.8093092144405797,0.5999989141012982,0.7634211106412215,0.8366930385490704,0.6652987465739859,0.7743046028339176,0.6685617517913033,0.7035093783927897,0.33891144230513937,0.4625439322642167,0.40904122892192035,0.31016102270142204,0.7542684524666274,0.37963547902787403,0.8479244760855585,0.3611940768743072,0.8494342414206594,0.5466544526004679,0.5657442486288037,1.0,0.5210432313369058,0.8285640557864669,0.5784812178696093,0.7535297883870393,0.6571350280466468,0.6352508215258693,0.6132862012079016,0.6703755214843813,0.8892004621719328,0.7106998617428759,0.8082654223301324,0.23884477081227765,0.6857112673797929,0.6121522625683481,0.6858618944876199,0.18086549119963702,0.29893205536066497,0.5483750266110072,0.40051729603082653,0.7894016432820191,0.7414902756552448,0.7873882246600346,0.35492983456488997,0.39530461550067353,0.4562374759336202,0.6850350136873388,0.39232220411536484,0.6853417730643124,0.2020432733721084,0.30362986269754116,0.3583429706135778,0.6785689414220135,0.8039026952102996,0.788725464872281,0.8456345520170325,0.38707369865487284,0.6952896498777037,0.17524341193660734,0.6850732091431646,0.1606035746518553,0.8598648052564702,0.7160926754438033,0.28804845296353915,0.7283816078425085,0.5943786196521779,0.8698046749882203,0.8559023968636338,0.7893304492777804,0.5983017740833618,0.6621461852854821,0.7905600508576407,0.8048170754968634,0.8281379560453,0.6817675435290934,0.5154885731897567,0.5482163322455681,0.6729524403116561,0.6513425428832971,0.5662441848321761,0.6426473795048641,0.5207920265759015,0.8207472196497734,0.8145651851641293,0.6226625312378959,0.30798778960307116,0.7322518992078536,0.8422014894439359,0.6195965346587948,0.549192617630361,0.5107249832635884,0.6540830307879925,0.7098464855941308,0.5455172901090591,0.3272051788927438,0.6401264548006801,0.5045273109373004,0.7393799411341139,0.6724635245212165
PICK,0.4876048866515911,0.4615541747930319,0.4286299784157916,0.45860830414129145,0.5702110658758974,0.4493593822604978,0.7896442823841519,0.8051856762852894,0.7529573920669304,0.6685447343265185,0.6384803931019902,0.7569310937811105,0.631825195793657,0.4420132431549271,0.5060286065956708,0.1131621654160349,0.12900277462002846,0.1041648370406824,0.6242964844289928,0.4146188863724496,0.6032272812794459,0.5233059238687761,0.6092866513454281,0.5983836034291322,0.7431297952273417,0.13561477899916663,0.5547189669532012,0.5852202447835548,0.702745200665374,0.5836324345040756,0.6933033176010088,0.7624276489649561,0.4475919942017148,0.5033998352844651,0.7273478838954496,0.6163398536597643,0.7456425684054618,0.7210155037638674,0.6123216021749852,0.7839643595751209,0.6708794111178125,0.6379652188839067,0.567714417385426,0.647426586521745,0.5599338900390148,0.5023240192224802,0.6581104067466178,0.6027916866505434,0.6521032008220728,0.6021983146419144,0.6247752070595676,0.7384887670140291,0.5931844043736731,0.6059610008911619,0.7138763672005218,0.4463866607423088,0.6771307768149598,0.6470810344268133,0.7680703600647236,0.7736739439612295,0.8013285488376956,0.47158087777523683,0.6042223523004578,0.6287020701237865,0.4433407972019294,0.8784956714646514,0.047994777749769076,0.7467276639188207,0.6015704217308645,0.6615493350224616,0.18973593340921643,0.42145543857043516,0.5160645260514657,0.5759442383576568,0.3956736560241635,0.3795176806931855,0.4736955048491168,0.5261277325142606,0.5617028769727846,0.5216328301701025,0.5053956632847603,0.6019046191747964,0.6002453592809853,0.4886900451875733,0.5762237344980446,0.39142408175761934,0.6258294083907372,0.41460724283930267,0.6556332250368508,0.22470212847751367,0.5266447572221016,0.5949289315299647,0.4477354187504419,0.5738411056955992,0.5504783365481563,0.6649229504674987,0.5513616835329987,0.41032619407658333,0.5210432313369058,1.0,0.5956887091779319,0.56045188960455,0.5987924927244472,0.5373002754723628,0.5409277817327869,0.5041027126740913,0.4958559437102081,0.6382226726729039,0.5734291841951723,0.6410725400593822,0.1556372243192298,0.7333624067780896,0.7229283263027763,0.5079347597205913,0.5600451119025501,0.6277821131025133,0.5454362257077582,0.41984412891460354,0.6128720262922149,0.5544072685867367,0.6005711487722242,0.21963514243508367,0.21373860383190366,0.4682279819160281,0.5812147182097962,0.5531592528714148,0.5181617232891547,0.24498016843876774,0.3519541043590721,0.616125883092976,0.4854990959600441,0.4584107677457035,0.6058398001960171,0.6459171846277771,0.20224662155720421,0.778632404899661,0.05382619653689771,0.7128903739194792,0.018568266905821106,0.5786185724604639,0.677036296264855,0.1692127654517027,0.4259936448861811,0.6410250820379997,0.6317332225694112,0.6303407323056699,0.573925842183448,0.7403711306686142,0.7628797309974299,0.7212787448633885,0.6258497347292661,0.6306364020707689,0.5265009814620281,0.7302453946890186,0.407369054308469,0.7964804017488673,0.8037880963892433,0.3395027497342945,0.5437598745378471,0.38785337109122187,0.48053125451993467,0.746028987144257,0.44117999180776823,0.4716012823410687,0.5401120749225895,0.6139724514450159,0.5313579844757204,0.25768540236921617,0.26627252010654134,0.34617571645665507,0.5137139894641541,0.8351355477631935,0.4639153271479258,0.43130248178506053,0.7109827081347216,0.6496884308230709,0.5326166616371963
PKW,0.6682804214971043,0.6388749795193308,0.5673955219168099,0.6163058094084369,0.664934459589684,0.6096286825335526,0.7458933676162535,0.7146256137946554,0.5559047755222374,0.9176390091688066,0.8829748064635594,0.7705398549470697,0.6191592440207382,0.6156499826193024,0.585664659346755,0.16766121999863232,0.16431832597479762,0.13378174840875326,0.7004443013972997,0.6135494437221402,0.8986471335380151,0.7733985584724282,0.8682265244043595,0.8244840153435871,0.5235130411671789,0.16453353740902527,0.42625149772090787,0.4571792176913139,0.5208620292732745,0.6084225805476918,0.7025115387776923,0.721353960713235,0.384632454141337,0.5876839730303728,0.570384559148129,0.5605986373624899,0.7353403062811942,0.5406025335885535,0.8540842292202372,0.7053459826092225,0.6683560488703303,0.6714740142984317,0.3928984401697239,0.6732534921024851,0.6058800272417801,0.44375883067284333,0.6684994722105555,0.6182097451102482,0.6724498194815471,0.5941238396991944,0.5214049489614686,0.6761480746119003,0.5176340783736161,0.41742596579421454,0.49453054722427603,0.6700360164327778,0.6992918196497502,0.9026442066211284,0.7244213278529718,0.5680689861644999,0.7309987886994581,0.8355932376916868,0.2612585189862858,0.28947209988099065,0.08687789898677672,0.6639949904916256,0.03952343133467236,0.7534836944259903,0.8691816570241452,0.7558768074406178,0.23604484272142906,0.599638737607461,0.47184537306829516,0.6311309330132339,0.6200311243789396,0.6556161327393935,0.5164671364262721,0.5121360903715861,0.6473389313979494,0.8432514753329278,0.7076554308139738,0.819272315773283,0.8762714042823109,0.8005415651352576,0.8703938367937633,0.7787013895060001,0.758613065330934,0.4005489850551883,0.4765255615723304,0.31831076621851206,0.3343265372736599,0.8198747490433521,0.5371725223646907,0.8662016823519783,0.5385914012392975,0.8616334616677901,0.5687054203154154,0.5843452154979135,0.8285640557864669,0.5956887091779319,1.0,0.5952769123388937,0.791469875537833,0.7019413399565182,0.6685541461832936,0.6783030899742731,0.7066186545975407,0.9471630286347098,0.7983844203961148,0.8758518773884274,0.16036538168236045,0.7193494687595932,0.6877461082760338,0.7058570842051572,0.18484725611641903,0.2969587164349683,0.5863099923877417,0.44541557800234294,0.8548839516909058,0.8332644667960261,0.8464244851608796,0.26579260880364036,0.3040198416841043,0.4397912479191171,0.745551593385015,0.42994980404180533,0.728997847989158,0.21029403907142633,0.3514010946349701,0.4486834520046445,0.6885216322333608,0.8053869529728498,0.8226130311917558,0.9296678271610164,0.3020654414149118,0.7378137545344574,0.04758311535902146,0.716359412410548,0.03985348132335371,0.8929650366506597,0.7245586462678149,0.1821103307771556,0.6952473495322037,0.6050767590328814,0.9178032482279397,0.9330795336884761,0.8138269435877804,0.6389256674334403,0.6946510958764731,0.8506257115718192,0.8716137936749625,0.9185797386140908,0.7210526804701909,0.5629892297735885,0.5035106972888137,0.7176339535414047,0.7306782460766494,0.582116653212281,0.71282930718798,0.5411113215530095,0.7652066340885079,0.8253173935656571,0.6937819467879414,0.5103270107985246,0.8775666041355356,0.8701665252955936,0.6582135723086817,0.5305877164979448,0.4493744051050278,0.6248544623664897,0.7643448080906805,0.6398451974390791,0.5227608546004742,0.7229270402491607,0.5440821956035662,0.7593701208993149,0.7596006790418847
QCLN,0.5751094319071756,0.712733273388571,0.7092060944942746,0.777315970205202,0.8315608927460002,0.7447835013346072,0.6256014179790124,0.6106807393999469,0.6759049801044112,0.7231345910862657,0.626137147234117,0.6063778881944684,0.5457971916513643,0.4790502936154409,0.6789510545568874,0.21093503822234724,0.20704386939034294,0.1707949397427367,0.7421867190737047,0.6018628774211124,0.5692906934753682,0.428834040458118,0.5012829750391151,0.7018309774622293,0.49573449810116044,0.2141930570138809,0.42299610549290556,0.4751613541358711,0.6092639529962717,0.44313582956739017,0.6587196586159441,0.5253545633788772,0.3441019814381529,0.6090596953206997,0.65496135482475,0.4773197697137542,0.6174436680933006,0.667647104550797,0.70562223567193,0.5765463469282617,0.5801838275722639,0.5500089035932417,0.417480584514744,0.5235006376921677,0.45666115113133765,0.3849781762839977,0.6757945186284352,0.4843147629700331,0.5263980044091916,0.5340662811244345,0.6231000930465816,0.475354646908981,0.4534626159817262,0.5600254710192749,0.5066865853424531,0.6619443266119343,0.5852046905949521,0.6950448743114076,0.6345613864125688,0.576634549585349,0.5956128371387965,0.42186811867223456,0.3176644013555936,0.3533730328458413,0.19277788737522833,0.5171344302506413,0.0933312395186905,0.6185781019573511,0.6907186476650141,0.6019515121231809,0.248285495924888,0.5913008660298644,0.869921227976459,0.8128855412145836,0.5896330344720284,0.4281859878644611,0.43923321305499935,0.2871178062013977,0.7083846826208827,0.503847822694486,0.5430787346420825,0.7479759407765011,0.670872838363846,0.48207252608633994,0.6249521881947756,0.31282182527242375,0.8715008571662854,0.32710902682367055,0.6968733830381667,0.32664049520497185,0.46988873856939983,0.6856772650416547,0.33673270073311934,0.6280983243276311,0.36343031263299225,0.6528140655470228,0.9404499230039464,0.5175456068173293,0.5784812178696093,0.56045188960455,0.5952769123388937,1.0,0.81449010021485,0.7304744986378344,0.7562321333103796,0.6599233357128886,0.5505472883813172,0.6595268654640869,0.679771868912421,0.7824006097893124,0.17077537678346874,0.6365378810617351,0.5674853024167292,0.5809679008509232,0.27485452159814605,0.36825092350817024,0.7212931660662057,0.38721502376652034,0.6929639463853976,0.44598528728736103,0.6881117935251311,0.2633791414791545,0.3137704283931941,0.8587057485196218,0.695973386067209,0.43415173764138654,0.6743203351048043,0.19735444212944644,0.31757302327936704,0.5291962247513509,0.5739634995586967,0.4476703556811689,0.8268945426545706,0.6635668157647004,0.3109226995464725,0.6485925324876132,0.10344717906439611,0.5867932163257097,0.10363920179349109,0.5810823699823975,0.6006658728573396,0.21031190558503912,0.46734042684140487,0.5276582339217496,0.7335840316860581,0.5946597575913902,0.774024231349169,0.6266782894358666,0.6803955433771389,0.7357137902284097,0.7263207031706067,0.5516773765916402,0.7026487365450396,0.6533751479332529,0.4592999692653157,0.6790450585910326,0.5667023175356855,0.6041576726106892,0.6150084899783593,0.6117550613616862,0.5748508266730509,0.5785455397763879,0.5306176742133842,0.26517945068238996,0.4615155577467335,0.6074020114103347,0.6959683846704755,0.14656011138619862,0.2675426422683107,0.3091728173226648,0.713177275021002,0.5857975817064895,0.3517229624725503,0.5798200901278032,0.6747414982111064,0.8090261987718317,0.5775209819373386
QQQJ,0.7118617804312499,0.850985465865544,0.7973666619747031,0.8598142960498818,0.8652105139307209,0.8483647120859501,0.7474690829738939,0.705984383891386,0.7241240976690558,0.8882223329985657,0.7285241994201866,0.733165310310343,0.6488481413356288,0.6200147948660123,0.7325439750057609,0.24459095534577732,0.2383932514571251,0.20727246864643706,0.8580311907460045,0.7909531227444588,0.777392977303971,0.5487331799520707,0.7098967698403925,0.8781985625703916,0.5557187371674835,0.23992211312704095,0.5006286938247798,0.4755558146163524,0.6716835466311859,0.6004482202268577,0.8007335018556824,0.6481925263977939,0.4020617147011366,0.7141497318373236,0.704737090704712,0.5711594653925796,0.7552847818912152,0.7197749837939244,0.8922124361269372,0.6984697802950223,0.6994837524706116,0.6894092644845355,0.47061903926501547,0.6372231616911952,0.6128055028287608,0.4750800843947321,0.7853832358800199,0.5797059491842079,0.6667627666171094,0.6528172022765553,0.6710933290853491,0.6048739863979793,0.5187350724362704,0.5797596958259734,0.5656133425801181,0.8611859969829818,0.7233020401543908,0.8175316330092673,0.7424403980598838,0.6457415455511101,0.701981251028478,0.671002954377948,0.34342018540348646,0.38044801204651835,0.1758383893767983,0.5706100385039928,0.11385256277679888,0.7636577773385731,0.8911563643665705,0.7502991907398873,0.2864630005669132,0.7553097161458264,0.6885567470346462,0.8719647048539959,0.8053416344974131,0.6714448933176859,0.5420439609767176,0.322656656601899,0.830783367259112,0.7215758045774564,0.6737771091712192,0.9192030194054669,0.8855667899663136,0.5836527172497256,0.7977025738313114,0.5180170420726429,0.9161946265596814,0.37925918307063455,0.6298984328919275,0.3914183735249839,0.5151171048223995,0.867956688067213,0.3936390089133739,0.8384354191488423,0.38410044213183064,0.7615953071159295,0.7834399036203444,0.59893208982528,0.7535297883870393,0.5987924927244472,0.791469875537833,0.81449010021485,1.0,0.8683201151953427,0.8856186153296387,0.7958786931946882,0.6333107969382525,0.8521003258796339,0.8046926533316399,0.8900397682793839,0.19448446072560957,0.7520718293614461,0.6532531308515513,0.7358923787130884,0.26949926877047214,0.3873038115105885,0.7885310363835885,0.46968446771740113,0.8772779770121397,0.5817893503669729,0.8774080253356576,0.3186014387125761,0.3761165861755494,0.654256019614649,0.8303757142456246,0.49818410297090443,0.8525416249774822,0.22091401216317272,0.359268290892918,0.5388329091281244,0.722649831135531,0.7049971527907232,0.9590864860657767,0.8021234506212536,0.37207190153395747,0.7719843791255911,0.11653354844779448,0.7262181120214478,0.11601445644231931,0.7963164000797465,0.7699941016381379,0.236651491076477,0.6173241555985284,0.6274808889918783,0.9182152282473639,0.7653327374786517,0.9530208831623245,0.7121296652281686,0.791076616190021,0.9008020473596245,0.9066926927485733,0.7323686166956765,0.8728759879292026,0.7195610552387457,0.5698381772359726,0.7896194637472379,0.6822460507988505,0.7949769908705466,0.7179792694154941,0.7291894625169001,0.7032237274025185,0.7119694006622566,0.7418053918845481,0.30230026027650625,0.6504683320563498,0.7589013400003793,0.8299312249282476,0.3255587627457193,0.3307481779543462,0.5500924863342364,0.8185855383149314,0.610822019557346,0.37557020100951954,0.6861712301108734,0.7297728270043403,0.9260459666557399,0.7544610149462968
QQQM,0.6769346046686446,0.797860645225321,0.6545339189964374,0.792597499508243,0.8348813867972283,0.8138525546202272,0.699912661120346,0.6529297945768625,0.6986292807338678,0.8828003493427334,0.6083389213649002,0.6600652667959659,0.6585567264932003,0.5887272000702544,0.6998018538451679,0.21768084383170846,0.20728140710409756,0.1838915923267885,0.8651555845260425,0.77948240385315,0.7648673332820642,0.4288599911056878,0.6973233244957557,0.9476884095043306,0.5033456743770869,0.20520546407825707,0.44598728907999957,0.41894812076301996,0.6427970425255268,0.5391522998366556,0.789291634928099,0.5893373244015554,0.39032484355907765,0.6998484528821897,0.71757326946811,0.5319617435527637,0.7229978411506859,0.6922822370306551,0.947281718728272,0.6659424729950437,0.6513806426201005,0.6599911215396769,0.40349773230445324,0.5975552292251762,0.5543780135397189,0.45210893118502177,0.7874202508434036,0.5315451375068233,0.6206389506785082,0.6015224612649832,0.7072499260205617,0.5396498970948279,0.4754355366833128,0.6029247074485634,0.5188628573832698,0.885931720997407,0.6982855778747542,0.6950990026503938,0.6919395529829651,0.6004287788887993,0.6581193357359859,0.6246218446796307,0.29411802285937394,0.32944626795422366,0.14705134246609547,0.4860698973928502,0.07850880872025198,0.7250581154151926,0.9360396440057839,0.7394352588725119,0.24809192081434733,0.6056345117336812,0.5769681970433079,0.7892242519362956,0.8268212772059114,0.5971345747049118,0.5278342045878653,0.2551259017754317,0.9615529795890784,0.7168723759315221,0.5687093681702877,0.9285901812588206,0.9022245150251481,0.4792973019155093,0.7290706950702649,0.41972125469790506,0.8195071607325181,0.36481718134530255,0.5712974993103184,0.36092072690687,0.42482115480629545,0.9586966765413303,0.3158613336624815,0.7832181215769142,0.311220885528184,0.6874055489937261,0.6595438310636202,0.546507900360797,0.6571350280466468,0.5373002754723628,0.7019413399565182,0.7304744986378344,0.8683201151953427,1.0,0.9485618543699001,0.886194954509622,0.5323506569301376,0.769150708563336,0.7276320017019491,0.7727789214654693,0.17527365678986234,0.7019753825589437,0.554723857946984,0.705960897040135,0.2519817830004763,0.33348873187507017,0.8884318309008246,0.4561475352888632,0.9426503648992343,0.4602888775040605,0.9449551200348844,0.2890302037207184,0.34563000510002817,0.5333554226738115,0.8985474629795768,0.47751703125149014,0.9733528727953206,0.22540727631407256,0.36922798499679865,0.5096201598917476,0.6925428029399289,0.6817283117388971,0.8474152230434946,0.6726723867892892,0.34546696611929173,0.7420423414566268,0.08682008037863378,0.6798509208406283,0.08703480832771361,0.7955236680778117,0.7212843147595789,0.1993017749468025,0.5143920347350612,0.5409697660252472,0.8280983625569104,0.6484035446404064,0.8953760168423346,0.7162181602993727,0.7600048106043065,0.9109828046229201,0.938755379702847,0.6695912019016022,0.9833463529564277,0.6722948648394358,0.5355168548047866,0.7523120437336218,0.6223056797094861,0.7184360689592912,0.6306692720624271,0.5814764984709092,0.5959229284475405,0.6134128229478156,0.8110828315613797,0.23112376352263347,0.5890748359422655,0.6979287505488359,0.9669712318466294,0.3094838862861846,0.2913361908422218,0.4599685405554698,0.8583697588259008,0.5202901885487498,0.292541926428745,0.5721501665836252,0.7044050763331369,0.912732297604132,0.8075922594268867
QTEC,0.6485937190793994,0.8043989122880573,0.6799690858364548,0.7999786307841154,0.8324990820205851,0.8177695168157667,0.6740540900627571,0.6307958699938941,0.7122910332574708,0.8381564621729978,0.6062212284377456,0.6323690184427568,0.6405898283490299,0.5696186537309603,0.6968281555972051,0.2057568815975142,0.19322462581428687,0.16824663314840738,0.8640049222359987,0.8243430098273119,0.6986837913118185,0.3768698528649656,0.6189141033088261,0.8896920741682142,0.4902475352765565,0.19133613330866892,0.4340431682234861,0.41633077034952937,0.6523373927545998,0.4973814705579272,0.771080535239191,0.5535770881558193,0.36092360866768103,0.6840430636240923,0.7223238669282241,0.5143166721372089,0.6955693842179116,0.7062912045929953,0.885440265399902,0.6333849373014968,0.6314734775819179,0.6317539640366086,0.41293747011541965,0.5596561993938814,0.5148490706043609,0.42572320637630195,0.7921995576543949,0.4919711508970183,0.5878697344666332,0.5890234189992283,0.7184817429791696,0.503400107215535,0.45671805247508923,0.6233043399220893,0.507952046670865,0.8695978489943349,0.6737249171219516,0.6906800407421734,0.6713233802901011,0.6011457839162613,0.6342787196580295,0.5481957681192627,0.2941794940168881,0.33148512295442045,0.16092470684728122,0.4794554656558426,0.07524464772788873,0.6938306148620657,0.8728686424907695,0.7077651893225653,0.2434972197306395,0.5893085714414628,0.5919084152196779,0.8183083905112687,0.8487485629067978,0.558456928146846,0.49751487555706936,0.24939275332740496,0.9386942932278102,0.6404912786723799,0.5561715246863504,0.9098173899050671,0.8675559805351307,0.46802787448140865,0.7143306898622033,0.3691890694069206,0.8328314883506037,0.3465056153470078,0.5913086549850647,0.3432211206593972,0.4516473570213957,0.8840069582830927,0.3033285073911006,0.7637141269904901,0.32010045297858297,0.6741880423976956,0.6896529993182703,0.5328218834115104,0.6352508215258693,0.5409277817327869,0.6685541461832936,0.7562321333103796,0.8856186153296387,0.9485618543699001,1.0,0.8360634703276806,0.5014448681411741,0.7386301990089373,0.7087208302284194,0.7793512256415235,0.15902007060323742,0.6784347409071555,0.5337559773949836,0.6742843180110801,0.26317809908438766,0.33914979652420735,0.9227097317171367,0.42489436290380944,0.8739672668173151,0.4125142886517568,0.8746952675106427,0.26882748595134387,0.3281286542846948,0.5612388880257531,0.896389149649021,0.4654155371661073,0.8962825757036027,0.20707880124327654,0.3485009115541872,0.5131681023636573,0.6616954760924056,0.6100635661321218,0.8637968268476568,0.6600631826170749,0.3278541015481438,0.7193463887217215,0.07907052767709907,0.6502412202370821,0.08313965304755346,0.7317447794925409,0.6901613437300987,0.18628446670953175,0.4688427001196055,0.52418649323967,0.8149302268265948,0.611892272283168,0.9031415649323259,0.7087181368025206,0.7488941874875903,0.8683579398148674,0.8836836454744904,0.6185669856156186,0.9213643421210426,0.6801064527283698,0.50836562456085,0.7375118577856622,0.5906119839951702,0.7736018730642362,0.613267596819757,0.5822608701738521,0.5874591242653651,0.5911589487688214,0.7249877596973995,0.2281074194705562,0.5452097157742856,0.6648929477441308,0.9418910242540414,0.2029088964597965,0.20476808087898382,0.39868160608451353,0.78171134167232,0.5304255198417149,0.3041071894367016,0.5575767826377822,0.718374945862095,0.9209244780316723,0.7381864114550236
QYLD,0.6036050030103914,0.7072839146823439,0.5855366593085779,0.6969227127582915,0.7420687765084276,0.7139516936737864,0.6594052639108958,0.6204850068975153,0.6412474321757464,0.8227508319966943,0.5805317680956728,0.6298691154761001,0.6113978716822318,0.5801589087036978,0.630531732149215,0.17439482539060885,0.15185237599639506,0.13638332473319456,0.7743544325248909,0.699119004634244,0.7307784270689639,0.4388458811907495,0.688464191192574,0.8599922026308595,0.4901472105012612,0.15382129268920108,0.39476061526437595,0.38686864790782677,0.5876371242242675,0.5189557152390925,0.7253395121448939,0.5695836817558206,0.3804577017382401,0.6285648519486964,0.6510417918102025,0.5072274706271259,0.6757241495715655,0.6340538851030005,0.8680340228650758,0.6276073682902081,0.594655334642904,0.6084673862610418,0.3801741770737016,0.5674803863870072,0.5184867974800416,0.4288348887058997,0.7149061845250615,0.5202627391602868,0.5784569323494815,0.5643516921363259,0.6379623594879366,0.5372458147180939,0.4564513414523513,0.5251199937473106,0.48926604916152544,0.7785699027175645,0.6428726408906625,0.6521162451159365,0.6445632570696619,0.5689196964716045,0.6225112901567236,0.6144396257011092,0.2871069514765761,0.32151431699828414,0.14807200917599767,0.4890901639755835,0.03926711409450064,0.686529865403084,0.8613119983761581,0.7080444841586205,0.20994481024072603,0.5789142281940124,0.530731987162388,0.7196535198552304,0.7300162494818827,0.5761066805387789,0.4939688575742529,0.3026949760800733,0.8534580558368491,0.7524581711506525,0.5447892246017594,0.8621425886453356,0.8292701636774895,0.449919711633068,0.6815775974995603,0.4465689696661609,0.7506548713149286,0.34900847870259316,0.5320492072077403,0.29993035518641714,0.40659180168749326,0.8739851756120698,0.345132137733558,0.7096614866799216,0.3442921973188888,0.6444718313074582,0.5993162571945335,0.48468761590035453,0.6132862012079016,0.5041027126740913,0.6783030899742731,0.6599233357128886,0.7958786931946882,0.886194954509622,0.8360634703276806,1.0,0.4931686651553189,0.7281931917018795,0.7948300743782569,0.719746634711203,0.13931930550031324,0.6490459356397229,0.541904205955416,0.6341737732301231,0.23832613053454965,0.32764061941223804,0.7885627403200429,0.43786445168440546,0.8677862943463187,0.4593410706390522,0.8666157966887295,0.2225205057433365,0.2892613179945672,0.4889477469718502,0.7996729323190652,0.4772932606257594,0.8688068713827953,0.2191119410707364,0.35118184186127666,0.46375583202154924,0.6162332300106711,0.6625091341450418,0.7789877041474604,0.6422531069864862,0.2922332636397321,0.6902126195165936,0.035509353707189724,0.6383937230699108,0.052684897061795036,0.7519506089013073,0.6840750828486183,0.14225953232167401,0.4956030770100115,0.5006260841877972,0.7781662877969125,0.6345550734361922,0.8216417344391445,0.6564744736488928,0.6987724020702113,0.8402267582696958,0.864673019146934,0.656661268443472,0.879679342444003,0.6290131889484465,0.4661394016975725,0.7009418866039363,0.6037144375556236,0.6377343368389217,0.5982380597549767,0.5513218833570828,0.5417301644659006,0.5960875891406374,0.7172176806626082,0.28227486854314704,0.5811051130047058,0.6635556413776986,0.8577256337721322,0.32961198898648447,0.30182744779247367,0.4728171303036687,0.7721005563960299,0.4945414282536683,0.3367914130410713,0.527587122376725,0.6432658192101322,0.8188651180181574,0.9126059786854063
REM,0.6448873943165269,0.5222628329862857,0.5290640362186134,0.5265524643775751,0.5551381137221224,0.5020584463758263,0.6479773730103257,0.6309952010378731,0.4973698355359513,0.7033656631274955,0.7184789457194632,0.66516150320373,0.5084245205359749,0.5275502576246837,0.4617722603610684,0.3308716542271024,0.3467670859674534,0.26949098601673444,0.5721771053705114,0.4606983587573152,0.6598080684015606,0.7445906067584958,0.6196644035507889,0.6291017571277979,0.4850474884289895,0.34671942277059387,0.4825635882852409,0.4304616765810145,0.47470212716902227,0.57240792164358,0.5961177880707271,0.6315558338948322,0.3434949610388417,0.4992375692341168,0.4941669807509476,0.5017247173397114,0.6314207014410451,0.48786112481997407,0.6499061958087928,0.6091102143010353,0.5855570611054376,0.5750283434945241,0.3719015581358544,0.5873639841733178,0.5696160350783476,0.38232853601007455,0.5650680614228608,0.5641960270931912,0.5900822889076505,0.524677017651175,0.44404645132656045,0.5885263448710707,0.46058799632070174,0.3717310836590209,0.4880904716026514,0.5226888139897928,0.5987482822478508,0.7660169583746166,0.6570073571742842,0.5093931112983641,0.6369901681667431,0.6073849016676405,0.290038389568326,0.3147050201478787,0.16426542847430106,0.5492759925980597,0.22982745758825485,0.6470070493139584,0.6505908812842304,0.6012921759670256,0.371933886538249,0.5200358604086842,0.4993473165666355,0.5199183450134175,0.4653335221821066,0.5205526678390221,0.4305234817896389,0.393805943991213,0.4860365019994168,0.6219013020045168,0.5912224291448063,0.6038461358061318,0.6555851531091045,0.6738740734011016,0.6780881439732283,0.5743651935760712,0.6365677161637153,0.3594994343281741,0.433787603210391,0.43368681033671647,0.3287019469593792,0.617153585399028,0.47692577745464726,0.7019959534781226,0.4093069177021841,0.646577958581843,0.5526241705702514,0.5831117423652388,0.6703755214843813,0.4958559437102081,0.7066186545975407,0.5505472883813172,0.6333107969382525,0.5323506569301376,0.5014448681411741,0.4931686651553189,1.0,0.7494564720872258,0.653748980320632,0.738587556996497,0.3360599515197059,0.6511923487151821,0.7410609299440375,0.6618017133478299,0.22134046413147068,0.30783464690552353,0.4285891216217118,0.36908344838056373,0.6478399324280409,0.7457307850251678,0.6431413783218689,0.3849219564311049,0.4251884407709269,0.46959599847717426,0.5579178517613025,0.37025760324849943,0.5556045583894641,0.18429111933968187,0.2875446797479674,0.37069630207751164,0.6571363826961342,0.6027222521066056,0.6783499851234134,0.7758636196089718,0.4143712211970764,0.6415537443517916,0.24306409614278762,0.6296745509898596,0.2314077930291127,0.6616852792268851,0.6273396781946643,0.38053370638908895,0.7200382154057045,0.6323115571823452,0.7300859560125348,0.7581130210833547,0.6322976804974354,0.546107386421443,0.6139192764144721,0.6828408806051777,0.6727850567344255,0.6960911278033046,0.5515065010053048,0.50652646766376,0.5660871794289063,0.6282473091235105,0.6462658612868566,0.47839755924672844,0.5541949605576025,0.5017788616378261,0.6644255243578682,0.6426835394212563,0.5445133132076359,0.37615669051122963,0.6391997223937023,0.6388557944444668,0.4833921794769884,0.419216668026355,0.44372697597702987,0.46416910944859,0.6170735402030106,0.5042383929083091,0.39220918036162017,0.5909710233651289,0.4854845824940417,0.6333001039352043,0.5614303584041241
RSP,0.7320778898862248,0.6835629985130924,0.6317381603122285,0.6688886892049046,0.7182237647914373,0.6586144931587662,0.8011809973117633,0.762392736627194,0.6250140442234684,0.9538432267964636,0.8763130226736434,0.8157694766541715,0.6651922756040531,0.6433128522816968,0.6092863449734096,0.22678366428898383,0.2272188112544332,0.18774494192891422,0.7622205140696604,0.6587067466893896,0.9296220817799635,0.7997461778101241,0.8973524582379386,0.8871571173375744,0.5728658670665787,0.22677944992715396,0.48804763200578377,0.48863819308737044,0.5919981728853534,0.6802664226020754,0.7778547712029242,0.7626082738555214,0.4218499128883265,0.6399891034462901,0.635859411158849,0.5992816278805775,0.7968119580710346,0.6089685651681808,0.911608903669208,0.7652895284926301,0.7268078491643283,0.7219475273875077,0.44610079508787065,0.7125429211364143,0.6757757517649272,0.48355369495983924,0.7355324377910716,0.6566218083990818,0.7258670053910474,0.648509345514952,0.5844497795742588,0.7232799913315129,0.5471162659607173,0.4876605169905289,0.5537852159730065,0.7184917787479137,0.75575388296087,0.9246141503698849,0.7859721579411969,0.6234945625049567,0.7830755130408966,0.8813533441140927,0.32822401969317055,0.35527975843812415,0.14504877725389298,0.6957294923153915,0.0942709610613202,0.8102997189690068,0.9191838352143312,0.7999967448973145,0.2883324059017251,0.6571173440483771,0.545946051603873,0.683415921674337,0.6652429401484399,0.7223921542579274,0.5469951211390464,0.5030606184063894,0.717848442361666,0.8913666908761871,0.7210279399292311,0.8681724726120778,0.9356961102232307,0.774734160915414,0.8815015737815544,0.7551793193093002,0.8035011694983593,0.4267539225297886,0.5371176788153106,0.38185359930460827,0.385465093526977,0.8760793571961553,0.5403176843636279,0.9305381289778226,0.5296126511358745,0.8853078883844394,0.6285804120771497,0.6288803352482895,0.8892004621719328,0.6382226726729039,0.9471630286347098,0.6595268654640869,0.8521003258796339,0.769150708563336,0.7386301990089373,0.7281931917018795,0.7494564720872258,1.0,0.821209237659443,0.9079888497990953,0.2101599722426525,0.7793006561449635,0.7341167551198472,0.7639607746039841,0.23895937880350146,0.3571694846123253,0.6516130404563232,0.4696263484887838,0.9116252138799736,0.8710000485356016,0.9040372508530806,0.3228093376814239,0.36654629097475033,0.5025795554945365,0.8054135234535906,0.48115430436813955,0.7892771571308376,0.237496512534854,0.3660461173988258,0.4775965342989155,0.747583653571312,0.8689853153571704,0.8742668351905454,0.9467117080249293,0.36170159468505453,0.8029264316390917,0.10228400718041422,0.7754343733231654,0.09083801201790012,0.9469005987867776,0.793223097944674,0.2438389243914448,0.7835422944485233,0.6743854130571779,0.9713464417346137,0.969785946394386,0.8754147442565013,0.7043462049297805,0.7647236653021028,0.912906782258199,0.9251714969302507,0.9545181684103742,0.7838866566529471,0.6253963868256264,0.5697712227537844,0.7847743351462121,0.776987442204957,0.6254499712885556,0.7360990651584048,0.5918916042615086,0.7974645116196017,0.8741123807171982,0.7360785759860957,0.4935259578275621,0.8651292323043915,0.9068889422533277,0.7267615865570481,0.5893986767962512,0.5334606133683181,0.6845647137004303,0.8053073660490925,0.65672063377059,0.5075289240778845,0.7270234054089233,0.6120489661751415,0.841450503961855,0.7981113552851873
RYLD,0.6026146434926973,0.6827674851503277,0.6400003785224572,0.684638263296457,0.7378602283941613,0.6737419388809607,0.7041261483102503,0.6789875256211303,0.6123867629083635,0.8533870196878187,0.800994458450446,0.7220230579283108,0.6142186761012189,0.576070135645234,0.6285134265662358,0.14626843380157273,0.12896355173257504,0.10559179245897685,0.7318603525344181,0.6350801478038978,0.767864494444519,0.6426162394856484,0.7241853744453979,0.7885905093289699,0.5282254940182967,0.13148769152953657,0.3934579520740555,0.43373447532298237,0.5558798586850132,0.5458687601030132,0.6948526243017347,0.6533615210408339,0.3892944091968215,0.5964602211098726,0.6154183614372626,0.5381313508371717,0.6970905720438878,0.6005190769802417,0.8097595876438242,0.6711380328103745,0.6157113408828366,0.6219109371891473,0.40652001457714415,0.6179186926123027,0.538085761197958,0.42489664253777903,0.6689436674050399,0.5699232090559109,0.6150097526647409,0.6028979524081467,0.5732800171518694,0.606058094123201,0.5071186674866979,0.4824269767656319,0.5077788724163701,0.6769134198606096,0.6572428884769721,0.8393905072095287,0.6900142878027584,0.5777854202207686,0.6873300673871405,0.655659417361575,0.29188892130903393,0.331549025803403,0.1355100172735905,0.6008966769164219,0.013279761422021977,0.7125823295570445,0.8111988285912267,0.7357442408664225,0.19428817130368586,0.6296231505686258,0.547796649324762,0.7106822357457186,0.6354237210506222,0.5822880815717809,0.49633858649621077,0.44066456898362155,0.6960123282402599,0.7552725073961634,0.6810880480389114,0.8090715418003604,0.7986143912302445,0.6788993021224478,0.7821235838739812,0.6119560831752661,0.8059101702429722,0.3919085845603727,0.525419459643118,0.2762070885685325,0.39452999654084825,0.7847915861158725,0.4941646549224692,0.7498887742253897,0.5088428152034842,0.7750634233325947,0.6685261236657336,0.559149872560804,0.7106998617428759,0.5734291841951723,0.7983844203961148,0.679771868912421,0.8046926533316399,0.7276320017019491,0.7087208302284194,0.7948300743782569,0.653748980320632,0.821209237659443,1.0,0.8633350144024944,0.13264683199930016,0.6798270546083738,0.6561964642333248,0.6423328558040702,0.22960235534839255,0.3488841927723389,0.6491019185114786,0.4365010831678489,0.8073012151865703,0.6578827097033054,0.8021600940767264,0.20860848727755565,0.26239434065984446,0.5193813427476115,0.7279369521283865,0.4502953349145174,0.7271617454774404,0.20760219654547785,0.3610737841960286,0.497272993392069,0.6198919855856283,0.6614338412832507,0.844246490527617,0.8355580438477911,0.2674621275511951,0.7113030316907227,0.007960986360877538,0.6647448412796461,0.026888971836106498,0.7654459564466382,0.6939268539766055,0.14644901683212538,0.6095156076774813,0.5617119252536947,0.8419628306102511,0.7889832321341361,0.8040422817535803,0.6519396020743029,0.6936584485806071,0.8191481005501089,0.8321235884362566,0.7617221512599671,0.7377593764718814,0.6105265840492442,0.44663535017695166,0.7120437006299087,0.6776035854270112,0.6086152278449373,0.701039010201017,0.6274234812617392,0.6538859426776131,0.7030122215481135,0.6418633512235528,0.4280774049274558,0.7023594537138395,0.7608363341405796,0.6967387499439541,0.3605885137923005,0.34807216083499315,0.50215849781421,0.7336430548738874,0.6252241955221507,0.4820410299532235,0.6570256316213648,0.6053606312271079,0.7776863050561182,0.8467656762563842
SCHA,0.6895980949651451,0.7523440088869452,0.7513755290755064,0.7767399960929205,0.8245963932517041,0.7477965681908177,0.7656784510784307,0.7428960952672728,0.6769547010260303,0.9277517975631211,0.9233689333043019,0.7748352875779516,0.6678329911430716,0.603540110324259,0.7059820196551984,0.20944152969188623,0.2072132888851478,0.17651592289386303,0.8099140360420073,0.6837669856128668,0.8303879134176839,0.7112202877407766,0.7632356411978597,0.8411728794793809,0.5536002992123842,0.20968040365430812,0.47211294343032023,0.49277326554582046,0.629483266732572,0.585797130057506,0.7577256619629745,0.7024842421192437,0.40389086128089946,0.666992177346578,0.6893766350257534,0.5689155376697879,0.7554546536056453,0.6633349442801698,0.8590378689870001,0.720971462895536,0.6897339005212848,0.6743679403081465,0.4326334267333524,0.6624962608090166,0.5919170962552303,0.44780727036684176,0.734383778764641,0.6108753078741466,0.6714946709051216,0.624749644403739,0.6355058097622183,0.641254247299171,0.5335938455884104,0.560042512492594,0.5540915801237903,0.7351380209867246,0.7136387796882473,0.9688339475505556,0.7652950793363983,0.6202445802178448,0.7482097691550372,0.6905499738943371,0.32992222495975004,0.3699917290099333,0.15740426003270114,0.652318877157956,0.08191965467230138,0.7639414329138549,0.8597414804079154,0.7626268066130739,0.25994960361167496,0.6896345878091152,0.6308910430634512,0.8044499364495727,0.6683552571093371,0.6041580586786686,0.5231456099890818,0.44916914167844385,0.7427538918920511,0.7365244060476622,0.7435744453677062,0.8690779121725196,0.8611572814795267,0.79580737946715,0.8659428377244058,0.6406326259605798,0.9137745140428778,0.4127651796354934,0.5912870252036796,0.35554276958122843,0.41257503986098015,0.8237914582515128,0.5102861348629236,0.838044828647955,0.5464151044939394,0.8838849795895052,0.7745670642561895,0.6149387887831677,0.8082654223301324,0.6410725400593822,0.8758518773884274,0.7824006097893124,0.8900397682793839,0.7727789214654693,0.7793512256415235,0.719746634711203,0.738587556996497,0.9079888497990953,0.8633350144024944,1.0,0.18607136750877068,0.7554757929649297,0.7119188347904342,0.7225129609551427,0.2581981353731089,0.38168628260193,0.709160265330552,0.4609541870041341,0.8515851040201958,0.7492441164508208,0.8441143184818156,0.2931164569651206,0.3385649530566063,0.6008872522030322,0.7883035611080305,0.4734305497503039,0.7572889739783669,0.23000931032973843,0.3818691473593085,0.5377166143529206,0.7041848061793963,0.6881426044199143,0.955319517679456,0.9513546100616959,0.3370998063462129,0.7788770646428413,0.08726258120274168,0.7225135969734101,0.07953704083813491,0.8183000351444333,0.736368990380188,0.22512396055193026,0.6830365604661643,0.6441338825114066,0.9297857961169271,0.8742790642780001,0.8843112402866731,0.7248591400797755,0.7661005505657541,0.8821940792303526,0.8897179528233569,0.8325106475683639,0.7720786308935668,0.6572874813913462,0.5355742137696458,0.7768714352068755,0.7231911180899341,0.6742079822157768,0.7786583361598056,0.7059961958324237,0.7860514721763955,0.7840784808188609,0.6719777100228567,0.44281447765284715,0.7616350307943651,0.84482922195206,0.7410820125455908,0.3596262303481155,0.3806543606475908,0.5153953541302237,0.7901176644303464,0.7123398580544564,0.5110966630061957,0.7707912554798311,0.6694493612808805,0.85749674138402,0.7275967140177576
SCHP,0.4914564574028412,0.16774671010209363,0.19884063198134694,0.17482883259952586,0.16795634875495577,0.15979346298375113,0.22381640491824525,0.22527831990324848,0.15293471194975528,0.17348616409941747,0.1314417459204272,0.2420766909736354,0.17196778794234488,0.16393948143264764,0.10756933019820027,0.7619820465546866,0.8149395377911072,0.6670720109585465,0.18099127892026434,0.174076762429462,0.17415079310820883,0.25691777145050293,0.17705248579574026,0.1878239523830501,0.17030248180205193,0.8086623151392903,0.4708947290848232,0.16496616100779118,0.18571892897662284,0.30691210413847886,0.2268869908978203,0.18246946514034912,0.15250900713300516,0.18011355017116493,0.1737145278426903,0.15235415304989824,0.21857753222223067,0.1468938780287636,0.1962905967760569,0.2500481732260824,0.19577825811454036,0.1854945865938382,0.0899039949449344,0.1570366700881677,0.2755115364035289,0.17162972846707983,0.16033626362236375,0.1696176037922305,0.17767018064424794,0.1543933170171629,0.1340387388946026,0.19735746892196337,0.21039234470406323,0.14192237291908624,0.245091271048866,0.18326902852988505,0.17216044165320316,0.18124847254846502,0.2562074698429147,0.15021961548402038,0.19730025722101857,0.2100405034301335,0.3154837164954327,0.3173667825467315,0.3199476632061749,0.16913422771528402,0.7714757014010443,0.2270000299693537,0.1947071289922309,0.06840671330363637,0.5148368964381614,0.1938972213034109,0.24589861761095091,0.17332780686211113,0.17226639363197688,0.20731013446461646,0.11075901870044012,0.08947828255885978,0.14838059555120048,0.19810968257350994,0.0749350158412609,0.17944550494068476,0.20888594189130183,0.0462309531190713,0.1377547671203782,0.061851639055067235,0.17816824292551606,0.11751234736386541,0.14252639967257105,0.7641657020443886,0.057444825184713076,0.18268096205866421,0.12496659703044351,0.23588199958496708,0.05747701848287193,0.14314346700005706,0.16753650726113728,0.3703231586000285,0.23884477081227765,0.1556372243192298,0.16036538168236045,0.17077537678346874,0.19448446072560957,0.17527365678986234,0.15902007060323742,0.13931930550031324,0.3360599515197059,0.2101599722426525,0.13264683199930016,0.18607136750877068,1.0,0.2543459946717255,0.25637366829973957,0.43075877890860065,0.2250913604717605,0.27884846643512573,0.10545313822616358,0.0845324486636813,0.18933956300260638,0.2187185905657342,0.18921288102496067,0.7208480581304322,0.7681026249282983,0.20129142942583603,0.1571295612665036,0.1853121712705882,0.1788082630173642,0.011201128315365261,0.06575952036996477,0.13510424439639354,0.45726638031969397,0.24535865274271276,0.20681295816412046,0.1718160653561687,0.734536156119449,0.2272561197438576,0.7998127492043247,0.2139901142901013,0.7512471866075687,0.1963518689513414,0.256434013133105,0.7702994354019024,0.3322716160419167,0.2944674573616306,0.21849069408563912,0.19856253234723603,0.2067073044079783,0.19993457550763763,0.20971091428511615,0.20883312385268823,0.19372773338197044,0.17524025294325737,0.1788908281269044,0.14055002502829975,0.6129050487303858,0.21125932550400603,0.20476535679080807,0.18779423774482232,0.15688117674460073,0.16412184325906654,0.2734493869746603,0.1903544698681783,0.17581252120867075,0.07309950164106259,0.07276931900395427,0.14170125305518208,0.14653652593357763,0.18144902006795827,0.2810980944331605,0.18477683704834255,0.18956818456765243,0.15736637113590068,0.06889878892111671,0.14132941043103095,0.14007914949899972,0.21932479238715852,0.13157963238830575
SCZ,0.6795119948352392,0.6426258465601365,0.5820986506964677,0.6175506706634081,0.6836885863228741,0.614377745678038,0.9677394103526828,0.9607607130242508,0.7748256037340587,0.7867827345713848,0.680449098824735,0.8066532439401461,0.8355932455031133,0.589280161811937,0.5985908841370087,0.2735887792929161,0.29998942378818494,0.25962837933464683,0.8050803124985069,0.5649584463491256,0.7348113292761463,0.6074087176966285,0.7055668731968675,0.7598912185517412,0.6961138466185047,0.3000231147075692,0.6994393703004169,0.5644652393769993,0.7563723866383605,0.8643963938674183,0.9301085997899288,0.9179149246074211,0.491246905299518,0.6664126059973144,0.7720281602911027,0.7359665124542024,0.9573114210439986,0.7592837003927265,0.7707977461365426,0.8458926685018101,0.883000448281429,0.8845276760767198,0.5488574129632041,0.8535371781080827,0.8032107831824363,0.5676777383487626,0.8608963527822892,0.8014040754177163,0.8733307693095836,0.737653437985514,0.6884287352445198,0.84767236368108,0.6280839266163312,0.6226332630956131,0.7091686030485137,0.6355369453326699,0.8967548662257678,0.7423331170685133,0.9750400948530302,0.7573578946766,0.9319649035899492,0.6439699893454932,0.49378013232825013,0.5260589172531022,0.3434289653641462,0.7112248584229004,0.1801234688968636,0.9559571197060464,0.7649334309549036,0.8356682186935099,0.3400597043268353,0.5732910145942531,0.6167050984670575,0.6692674617024592,0.5682633707336909,0.5720157079923122,0.6258070207600345,0.39471161515032355,0.6976918929881692,0.6733068642822846,0.6237046510694991,0.7490249014626438,0.7620051906554605,0.5721792263214018,0.7226268524166821,0.5249425231542105,0.7405836819605758,0.42674975675346094,0.6175726361416773,0.4164442572688905,0.5124543297463018,0.7516208618001189,0.40297125039049125,0.737663162057283,0.4141332439310021,0.7084740964975427,0.6159668628308675,0.585583523372568,0.6857112673797929,0.7333624067780896,0.7193494687595932,0.6365378810617351,0.7520718293614461,0.7019753825589437,0.6784347409071555,0.6490459356397229,0.6511923487151821,0.7793006561449635,0.6798270546083738,0.7554757929649297,0.2543459946717255,1.0,0.7743585896834482,0.7002498808415881,0.39656876130206054,0.5061152423991602,0.6380181412189871,0.5388945163073775,0.766092730542464,0.6394255026978982,0.7644339119466332,0.40378798529708154,0.40215237557346084,0.5444441716713895,0.7013193209796235,0.6003929575111246,0.7028375834705166,0.27511028226956213,0.3846750389043383,0.5545931381502737,0.6898104785907317,0.6429081285524875,0.7503978335467351,0.7398252207916307,0.3822640732541436,0.9608633195028271,0.202992114525612,0.9345959573733411,0.15122257867440778,0.7382539824907217,0.9182162779328098,0.32803173088575976,0.6270661870090825,0.8531833328633757,0.7878884591600116,0.7424787277473113,0.7450463843151904,0.8771804732845009,0.9345024556464949,0.8801074453383647,0.7804036874471503,0.7276945740281766,0.7056288398908108,0.7679898461491357,0.6195603355230845,0.9446612370281862,0.9157460590960931,0.5275629162869109,0.6323228808591921,0.5364550145232704,0.6443698184088987,0.745888158056949,0.6363405430639258,0.3328645262536943,0.6596863622826105,0.7132013993783696,0.6624945417433601,0.3992112846165988,0.38811270568787865,0.49642043165135513,0.6924386152844889,0.624335928094144,0.34558972174924363,0.5534547727994981,0.7612840548733303,0.8225360217198119,0.663897123537255
SDIV,0.6174831639364688,0.546553789937585,0.5153094247192751,0.5316494102439627,0.5853641306428471,0.5172846581098554,0.7992907380496721,0.7942789031687391,0.7352093721842096,0.7149828861813202,0.7091502886964997,0.7659580295540396,0.603032023532415,0.5443747614630319,0.5027340345648755,0.23996707608052759,0.2569839441857679,0.18705505261457236,0.6208551367509267,0.44727409095289605,0.6649770831650431,0.7229022055876313,0.6648837280122438,0.6394625334403709,0.8290404197547777,0.26076688014375476,0.6399247865266828,0.552259702623565,0.688458790561952,0.6931605785245846,0.7113107269122324,0.795300662237137,0.4491916580549473,0.5437777982337644,0.6635477436834094,0.6369765120334124,0.7748344961830221,0.7133621248578886,0.6623187267466395,0.7635860934482513,0.695415174310529,0.6916563184674601,0.6255928045318968,0.7059819064944242,0.6479661626604808,0.5125633479670038,0.6793761241855855,0.6702007430564626,0.7118828908690313,0.6661399681217698,0.575571383470405,0.759864683162561,0.5922650577050499,0.5089380304519018,0.6716282635332994,0.5212647881870489,0.7213349977350065,0.732082204252626,0.7931584190497913,0.8047106961039133,0.7982087491637926,0.5839948933052101,0.4367715968757455,0.4670485891473912,0.2898970245876046,0.7644902553181925,0.15357939578230023,0.7853215605435655,0.6589884711750604,0.6986637183220882,0.29732454639109135,0.5167615642874889,0.5326622002726255,0.5603189663026421,0.45030592875146264,0.49286250581822616,0.4943041557568053,0.5416801725651528,0.532309048755934,0.6216882246152043,0.5774614447183338,0.6148450223255159,0.6547492143215615,0.5979311116966484,0.6622353605685879,0.5177692597776412,0.6573686422946624,0.4328910263401066,0.5827720831823258,0.36689000001699107,0.5889019597915769,0.6346579283613614,0.5194689964631471,0.678766256621646,0.5274579455479594,0.634481792121664,0.5697442939953399,0.5335599699392121,0.6121522625683481,0.7229283263027763,0.6877461082760338,0.5674853024167292,0.6532531308515513,0.554723857946984,0.5337559773949836,0.541904205955416,0.7410609299440375,0.7341167551198472,0.6561964642333248,0.7119188347904342,0.25637366829973957,0.7743585896834482,1.0,0.6427133116143231,0.36746066791187837,0.46059733211864085,0.48493812611983544,0.4256653704679905,0.6602049526105246,0.7136396867234657,0.6509862883978362,0.3407406034995057,0.3556691314297948,0.49375008398788456,0.5926815228559661,0.5397038177540954,0.5650273321711656,0.23921907323331074,0.33803951607022853,0.4871458848476603,0.6275024621798624,0.5831696721134139,0.664102346629435,0.7383672101574761,0.3401310595253494,0.7837139615397873,0.1549319567691815,0.7644832353344325,0.12911174035652412,0.6512046428591861,0.7446626296717425,0.28746693885586155,0.6381655203920921,0.7711130671355332,0.7175993479132492,0.7368726905637005,0.630506896050725,0.6873849709212074,0.7774883442792879,0.757561431987317,0.6800679418826524,0.7041652794295139,0.5615778003310912,0.7506867647866562,0.5547666859810921,0.8054134127865367,0.8385079357739873,0.45365301202654357,0.5427273036352241,0.49490416946668325,0.5737526532308544,0.7031570640869711,0.5511462361933547,0.4868087583784166,0.6260215937688964,0.6283724644875139,0.5112374725494904,0.4044460415250346,0.4031579262129577,0.44931438300517756,0.5949769233248716,0.6305120128221192,0.4893967234116578,0.5451920516827841,0.6999997419607117,0.6923932875656988,0.5988453114953454
SHYG,0.9484357797792451,0.6572270498465881,0.5996308718919637,0.6497550966022796,0.6501786895242602,0.6439571568531223,0.6936805091670701,0.6553351227530795,0.5756967881641997,0.7606034038143935,0.6387665734735886,0.6498093000894106,0.5918835578634479,0.7067523665884493,0.5381621155033529,0.4943616518829309,0.5176868740506954,0.42015202579569455,0.6924351321943467,0.5900041954579964,0.705817959641475,0.5941585470217648,0.6573062274591442,0.7528979772267722,0.5115977129889067,0.5164403532372379,0.6068885813694145,0.42417358449059617,0.5525663908751974,0.6225757466288196,0.7027427054618283,0.6440774324234625,0.38276723729277345,0.5683030571377868,0.5740358164856605,0.5429327565001137,0.7022581660490483,0.5640382906152007,0.7669021549512668,0.6711280967673688,0.6312683406840578,0.6521137338148588,0.3783932252697062,0.6359904229052215,0.6010897205454779,0.4226414150572249,0.6647559460228866,0.5853834439543398,0.642587281630084,0.5989238935117561,0.5287577691708975,0.598008330644218,0.4747046641475294,0.4557227666078266,0.5260374927241824,0.6811903950751308,0.6746231525746315,0.7019829960941308,0.6948291150970236,0.5417522986319219,0.6636294746788259,0.6526426420641419,0.3295767717167447,0.3598587233303564,0.2130093864512185,0.5195809689061134,0.36798147004288906,0.7122091772532866,0.7647201942459947,0.644096261665082,0.5106923961699654,0.5852672221107958,0.5014629652004083,0.6122014420977464,0.6233079901770554,0.5951506372336961,0.46655461968541856,0.33616047540388194,0.6581035540270619,0.6764085086826561,0.562322267377885,0.7264800349835936,0.7580681836915185,0.5413667858924676,0.7004889208511038,0.494430314942244,0.6848453189879512,0.36491995465598864,0.4587572409646712,0.6499757419496882,0.37447845461892926,0.749076300528515,0.3885787886779075,0.7654401661508295,0.34800113065120225,0.6461828976905332,0.5567964075774198,0.6974081612357546,0.6858618944876199,0.5079347597205913,0.7058570842051572,0.5809679008509232,0.7358923787130884,0.705960897040135,0.6742843180110801,0.6341737732301231,0.6618017133478299,0.7639607746039841,0.6423328558040702,0.7225129609551427,0.43075877890860065,0.7002498808415881,0.6427133116143231,1.0,0.24870676864946814,0.3395952104750069,0.5855689043251553,0.40011862522356106,0.7647348005984707,0.6143752970243443,0.759472573374621,0.5992247127876799,0.6383084502552645,0.4540892056040436,0.6749082235507086,0.4674295785195843,0.7183246542742001,0.19491253030176162,0.3173770590256481,0.410109262966084,0.9794148205975944,0.6611306498540908,0.7422139228725619,0.7008571962332236,0.6122268279569207,0.7056161342428712,0.39494757243938866,0.6834627694807254,0.3591450440856017,0.7270319272388417,0.6983497528910313,0.5130832972682351,0.6510331814052989,0.6209617674764444,0.7720740541138176,0.7059036589755572,0.7503499059717884,0.6312539212579013,0.6885328672997997,0.7780624393223239,0.7734796160145991,0.6842301422733117,0.7237633103561818,0.5731578332920585,0.7727574805644247,0.696147198075297,0.6595561546482465,0.5978244257626218,0.582959442735519,0.5607384168365546,0.6476360627687301,0.6305405598226922,0.6628830413724077,0.3105614317645875,0.6184691351410831,0.6652510572268243,0.6577290223389306,0.40622008615308824,0.41559482069341447,0.5048923876003059,0.7101540413450409,0.4924544928726972,0.3404897280013047,0.578814154270317,0.5692045774722295,0.7524660829458517,0.6533088348800398
SLV,0.2541872808440683,0.23067545505371145,0.22536115135223017,0.23075588360364155,0.2880628660072293,0.22918721691025606,0.4346160977481345,0.47448908490488834,0.4288727426284357,0.26552785341631147,0.21167602883675324,0.4377760155744961,0.3349440282023951,0.1529694785460341,0.26240447103234643,0.14951462389714612,0.19233695804837317,0.19517248119314493,0.3096752100726587,0.18518398385454496,0.2355543884063138,0.20025690969168722,0.2405491336698074,0.2574972648858508,0.423466863209817,0.19163258260563976,0.422081334537033,0.3367487232367253,0.4192689237764745,0.33646668206074104,0.37613129981540977,0.3854666290089292,0.271859357157179,0.2291054172766942,0.42813251484474896,0.3383355215654641,0.3921505150233753,0.4054134482214768,0.2618112791504466,0.41695967566302633,0.3485718165897401,0.332298543749026,0.3142661022287356,0.3321345183024797,0.3075298467371013,0.2956280754085893,0.33642976053819146,0.3135596581394297,0.32478994675749906,0.3096481334398227,0.3375645874568961,0.38393595656613017,0.36040466258205667,0.3803202875127226,0.5496200473283355,0.20353679846786363,0.34689558028343337,0.2425049183061421,0.4231164933263552,0.4326096430054393,0.41951142577165457,0.15074939616769556,0.7682036040485624,0.7790497833775064,0.7830955128713517,0.5022061689155327,0.15526340245438075,0.39148569538112443,0.25112579835344223,0.2636371597572715,0.13031276898718136,0.2106031467778587,0.3106099171143232,0.294509498301342,0.19168027729540965,0.15709622169473128,0.21833956829639214,0.21927398269600495,0.2840177731432416,0.19664043200996156,0.16943054206687863,0.26310611515675814,0.24856160981804834,0.0934753975635768,0.20330391625942945,0.05114855818487751,0.3033879438218613,0.24164593332008777,0.3563535475792338,0.2040175617939437,0.2702548978567307,0.25740231500742977,0.16154422726276862,0.23605364822375735,0.23394859768787443,0.23950884230025346,0.2912728593839563,0.1919319636187587,0.18086549119963702,0.5600451119025501,0.18484725611641903,0.27485452159814605,0.26949926877047214,0.2519817830004763,0.26317809908438766,0.23832613053454965,0.22134046413147068,0.23895937880350146,0.22960235534839255,0.2581981353731089,0.2250913604717605,0.39656876130206054,0.36746066791187837,0.24870676864946814,1.0,0.7950932685409294,0.2698167930203046,0.19317839153925948,0.25994205818041494,0.19314315766214585,0.25656621466180035,0.2370603148648317,0.2033013499504934,0.24918022073023846,0.272510659598795,0.3719890374928761,0.22467392234813582,0.15678940561824573,0.20436547280675887,0.4161165013178177,0.2435600045887099,0.18905671518968492,0.2742428329381455,0.22435279521780488,0.17463831797868357,0.42143535796671877,0.19188524857259484,0.3698489538264268,0.11576212589201687,0.2271074743492693,0.35910454894138905,0.2048111371377629,0.19583668813271116,0.3638468178577378,0.2582069049391429,0.23522746166193675,0.2531124208919283,0.4129418571415466,0.42445369089215035,0.34318223094438716,0.2646628667943746,0.23851669808687465,0.23944144386967176,0.39785412554095173,0.24993325221740054,0.43384591011681206,0.4221298671999857,0.13260687373492344,0.2700516601692221,0.1948730052296473,0.17184363641340186,0.35849694754979855,0.1805025685393184,0.17316112636240716,0.13667833276961708,0.22739125314450326,0.2621733645218519,0.08943502808687362,0.18105078631025193,0.14417211532759877,0.18773713161776812,0.5185781321245853,0.16622560671519587,0.1421413584044479,0.3909672777031303,0.3199948684946123,0.22293186596204292
SLVP,0.34936551165989976,0.32470314059506,0.3365728620879615,0.3276334722102975,0.38339409903887106,0.3200324446924293,0.5419377222086054,0.585248726318375,0.506998357590754,0.3735692176060298,0.3238465045843832,0.5624235280713006,0.41880496501336584,0.25355828527500396,0.34883055032306765,0.19997204362542972,0.24315189086748742,0.23157175083267473,0.40601266168268557,0.27301366941266625,0.3347772684443039,0.31585058261296245,0.3506991847914042,0.3546996200529823,0.4758734886199912,0.24369340799382602,0.504795202326359,0.40939559943683157,0.4938243225663749,0.4445989616220285,0.4795485279012736,0.4805972449842308,0.3230417916370558,0.31080111898178714,0.5032150988227685,0.4210644289744834,0.4936010299954818,0.4825585692990862,0.3632759702404229,0.5235624399356636,0.4456779680963671,0.43034783485279793,0.34539019125077003,0.4114625312008878,0.4097453290878405,0.36168373374375623,0.4249339765114934,0.40052285632127044,0.41235901812302495,0.4073528540073087,0.40074792249118285,0.4778542020973583,0.4560591039087819,0.4311760165174756,0.6169939284429602,0.29236613554561663,0.4335505804755209,0.3620039243099279,0.5386049603438772,0.49326997694203767,0.5140379679086559,0.24924065696836983,0.9300334620774772,0.9550557241569788,0.7479523559597091,0.5935176947131566,0.1950844078268728,0.4992334851077424,0.35154811909741707,0.3525017009293078,0.19764027339522433,0.3106502393368062,0.39720276754144174,0.4003496625836097,0.26971897511050613,0.2673728116445188,0.29990125921195215,0.2724801252375958,0.35595805094658417,0.29764948615517606,0.2662421315686151,0.36927349088203976,0.3486111312770913,0.17148771009721223,0.30320870231377034,0.14167632198440455,0.4102832019843212,0.2785746921690029,0.4048057103772163,0.26905441183072143,0.32030926521979436,0.3501581861924547,0.24660962033828146,0.3370342401988763,0.297188533554974,0.3559874267088496,0.38298751161519135,0.27652304009061124,0.29893205536066497,0.6277821131025133,0.2969587164349683,0.36825092350817024,0.3873038115105885,0.33348873187507017,0.33914979652420735,0.32764061941223804,0.30783464690552353,0.3571694846123253,0.3488841927723389,0.38168628260193,0.27884846643512573,0.5061152423991602,0.46059733211864085,0.3395952104750069,0.7950932685409294,1.0,0.33858349943252425,0.27820810639547816,0.3579379950997808,0.2959616912142592,0.35562653081654766,0.2929924526332843,0.263238642737673,0.32780612268166387,0.3562327173185949,0.4443827003996446,0.3097787064241073,0.17712005451280075,0.25084984196006416,0.5239494585869874,0.33569031758228185,0.29974910143545364,0.3970907006603568,0.3449886048013057,0.23600647282381415,0.5274689390298175,0.23185631842289625,0.4713947297981474,0.15166928728906745,0.3302984760821977,0.4795762318002357,0.2573213146513731,0.3012583151572414,0.4599714846227854,0.3770618894352096,0.3471756731650794,0.3684339705701513,0.49985727140099584,0.5213978660618913,0.4514561358542724,0.3699958011152106,0.3479199911255778,0.32281736058725574,0.4775251580925527,0.33973137193470204,0.5353629506059322,0.518540671179965,0.22626963049243326,0.37694980976748355,0.30958611521071566,0.27592039685132996,0.4744239520694431,0.26046806357943214,0.2284662964712457,0.22720297410586537,0.3329474255853685,0.3332949218470091,0.1643577310375793,0.2536367557492967,0.22893629873436316,0.27972926849043467,0.6504558599089895,0.2363899032187005,0.22425517289159494,0.47000146854811076,0.4282356447661343,0.3161944349922812
SMH,0.5630789451703453,0.6577703646128215,0.5680795724974317,0.6691754149480813,0.7724011851123717,0.6804284762906309,0.6505895488871213,0.6117132025957958,0.7172242989910291,0.778370990080428,0.5623846153068974,0.5739114947189069,0.6299198228430072,0.4957005020844861,0.6401370471778829,0.15170484687159774,0.13571070257433024,0.12323798277799969,0.8240319276579464,0.6504235204623173,0.6187580719489343,0.31878080318382335,0.5450987596024676,0.8313595893192377,0.48083684690904654,0.13678074843823823,0.4021971302012824,0.4124074468386739,0.6403810641243914,0.4387637870644797,0.7371307807003209,0.5365636197214485,0.3477025908694289,0.6335492930449559,0.7494395402425013,0.49097187480833887,0.6669398118653894,0.7051238209817655,0.8119614863690822,0.5981493847399777,0.5885853494709953,0.5920086448976413,0.401221730224739,0.5343157672890877,0.46045891017391966,0.39583831598867203,0.7901188471546567,0.46634098165438825,0.5592044308518371,0.5383678030513223,0.7653396412699105,0.4806199700876946,0.4499279470970983,0.6509829623217143,0.4962236799821279,0.7017918229934548,0.6532686302273492,0.6297429207702626,0.6403685585280045,0.5995121745311653,0.6224732667921015,0.4430379989508048,0.29223738664771826,0.3278497394287023,0.17314518304313212,0.471822727268888,0.02661398095083779,0.6573855998605149,0.7969500057614489,0.687175834970279,0.19098190540286505,0.5010654010237059,0.5604554099619566,0.7409301816953924,0.6610038007637126,0.44255644067337085,0.4667161202339772,0.24630456736919254,0.9290780924250929,0.5592202546483475,0.5109047798073673,0.8528249959874898,0.7766385252813386,0.4126954612327786,0.620727940443225,0.2794346640222486,0.7601762944714667,0.31932504908066156,0.5634245233161752,0.2766099894617365,0.4061295749405373,0.8173507235160055,0.27989746406317023,0.6408947066447808,0.33084573040884835,0.6625633208813144,0.6424963532028677,0.4570755762044622,0.5483750266110072,0.5454362257077582,0.5863099923877417,0.7212931660662057,0.7885310363835885,0.8884318309008246,0.9227097317171367,0.7885627403200429,0.4285891216217118,0.6516130404563232,0.6491019185114786,0.709160265330552,0.10545313822616358,0.6380181412189871,0.48493812611983544,0.5855689043251553,0.2698167930203046,0.33858349943252425,1.0,0.3989640715505815,0.8072241424359397,0.34740420604706723,0.8063478361371422,0.20548567065546364,0.2607982889163367,0.5227034785393936,0.8848874013894431,0.4544791680447903,0.8108846320664918,0.20643153346106816,0.33304726312684996,0.5142257382477157,0.5695451152002101,0.4845686823031268,0.7685865192352757,0.59896558109708,0.26501080632833235,0.6940782385448453,0.030883547582657975,0.6191222623529464,0.03860549503091236,0.6588735858757089,0.6277488716181516,0.13125629861631102,0.36863089635294893,0.47147337310190723,0.7148337624834488,0.5422940051079316,0.7906295751825076,0.705809766613625,0.7275112375318399,0.8112120650145258,0.8090776285082493,0.5663730311804653,0.8405936436556932,0.6649967311619479,0.4369115260368896,0.7153144413280528,0.5726359249940918,0.5525785694430941,0.572987891547247,0.49549281478622476,0.5345570005359019,0.5450263926700869,0.5952344584880483,0.22073044934787658,0.46369744573103283,0.6346699564037839,0.9158196903878953,0.12544466592555015,0.174632022776176,0.3135157304919958,0.6773635924468754,0.5296073635907254,0.28643241493929616,0.47109105560047165,0.7134803927280066,0.8468884964831391,0.6853493949428489
SMIN,0.3971955866581014,0.40974262391549315,0.34705264096171673,0.38255132323921054,0.413992943688494,0.3840386122917341,0.5326687690790541,0.5206221803411472,0.5472388010152437,0.49488474912094943,0.4024536711307826,0.4567531445316717,0.4588481779740908,0.35144685483333454,0.3708264092015592,0.10889715300180468,0.12048573077998775,0.12359298437934102,0.46736028311879246,0.3522379179071753,0.4712035333334204,0.33163666662696667,0.4426010620372054,0.48911196801967083,0.46033294719149165,0.11961763399077661,0.41069197662991447,0.3153780456710916,0.5357550100590427,0.4497372673475961,0.5243452510864378,0.5062372182555034,0.3560530545548113,0.40135901419289316,0.5725008886102478,0.46379755872569944,0.5341039046575428,0.5066642706636716,0.4957817273191088,0.46937731565462526,0.4938730425189905,0.5005755009255316,0.24715879380565792,0.48331345021753996,0.44305907721030496,0.39091252340056043,0.49608589794084584,0.4650819612152584,0.48831224156310815,0.4513349311188955,0.42163935192870544,0.47299772244687743,0.3508362691787029,0.37583447848798435,0.4255555404814191,0.4194614107210522,0.5096179626813101,0.4468128026126641,0.5320387820980265,0.4931109920774766,0.517035793299706,0.4028214328578961,0.260497011409341,0.28640704605675593,0.13966277931598567,0.3773684838519307,0.055184947879335706,0.5314324073201353,0.4904750712256978,0.5065960985651105,0.1481929360551771,0.37556552239635893,0.3864448889555301,0.4332835410314294,0.3718868279278807,0.3600683863810673,0.8676017104295338,0.20135106604358885,0.455510227741181,0.42686559074476293,0.4245056296202827,0.4774036421988764,0.48018999303998744,0.35572440344177686,0.4471789600324926,0.34311731261486644,0.45193616705099027,0.3206366148193912,0.3162823397600141,0.19708017016020896,0.2631287376913101,0.49181537553088034,0.25057625426042707,0.43899156406758694,0.24489416309220075,0.4097544881011956,0.36826452769099444,0.3202270809062018,0.40051729603082653,0.41984412891460354,0.44541557800234294,0.38721502376652034,0.46968446771740113,0.4561475352888632,0.42489436290380944,0.43786445168440546,0.36908344838056373,0.4696263484887838,0.4365010831678489,0.4609541870041341,0.0845324486636813,0.5388945163073775,0.4256653704679905,0.40011862522356106,0.19317839153925948,0.27820810639547816,0.3989640715505815,1.0,0.49385460202049797,0.35997647225690554,0.4944315224298847,0.19903073633542206,0.19156952575830918,0.3245317738554669,0.4559557182771153,0.4165633825588823,0.4611557769149854,0.18909380667757608,0.3320219518331626,0.359385873153166,0.3979140646840848,0.40543916527148455,0.4636526771594887,0.44277521701862416,0.18276945692992666,0.5393382711299874,0.06233950493641809,0.5268136211772174,0.03502587362183145,0.4650916703735921,0.5375805462380295,0.13345815679739226,0.3536770059217623,0.47036736274116364,0.4793672149960555,0.43714808412323636,0.4652251788507706,0.49156848600962827,0.5593879950143728,0.5464262211572886,0.5002794606372417,0.4448055348032441,0.46608580060435373,0.5490882674613023,0.35494073648993457,0.5633820322282225,0.519683582046503,0.3257522696761038,0.3773459542848381,0.3645679936600254,0.37209379593513714,0.4262067911921757,0.4025490475444379,0.17949140762965576,0.41898718160705617,0.42594920562880945,0.43693527542675364,0.23425032536519638,0.21095892035052527,0.3257303562625212,0.4401120208667637,0.35318726952004204,0.19039635754234463,0.3347908606326859,0.531734388349323,0.49136064128478796,0.4554745446336242
SPY,0.7276697981157235,0.7582205018780926,0.6384725312208207,0.7414967816320581,0.8022710526126055,0.7532305443251555,0.7854958539581919,0.7385690805097057,0.6858011207283898,0.9720060578932525,0.7524609279417191,0.7757375926298397,0.7002791327872454,0.6502179255092481,0.6785426054279806,0.21366504581042722,0.2059256737379132,0.17694371521412547,0.8499209091568184,0.7470590254390725,0.9122305403412108,0.6269222645149483,0.8640470374118239,0.9846367663852386,0.5628528765131818,0.20396156247040487,0.47577775373636605,0.46421926875224456,0.6378368290106655,0.6306241058327672,0.8188375497252985,0.711400623123824,0.43217564548666515,0.698342161118921,0.7089601414346863,0.5944049198798583,0.7967558958162301,0.6718733086834638,0.9973063924867376,0.7534873680186607,0.7109538281913834,0.7220815842427313,0.43602070112195096,0.690683120884962,0.6356806713429426,0.49462832583825395,0.7904574165971099,0.6263014224534471,0.702452940306135,0.6516716351126441,0.6805111706045646,0.6653472596332867,0.5320433971417303,0.5657374509330504,0.5546201859337178,0.8383610157451165,0.7610976598231701,0.8198148273123522,0.7663266908401369,0.6381293131900312,0.7546837606760367,0.796123229629596,0.32197038954625073,0.3539382289795434,0.14930938584980175,0.6171630596284633,0.06812454092000059,0.8074518024638344,0.9939758001769238,0.8184834414182345,0.2613158533167213,0.6419945814138364,0.5599719182787889,0.7485958779572022,0.786453747914975,0.6888954905073287,0.5709659131756324,0.4074271884755037,0.9021328530182423,0.8678488858622153,0.6559644752006211,0.9481749451239498,0.9695097656421289,0.6389979759646992,0.8393166103297799,0.6142278652848752,0.8261910089410008,0.4217359842161247,0.5562262688495266,0.37106911894752764,0.40392636629144774,0.995083940500084,0.4505525867651306,0.8822850985700219,0.4436662767052932,0.8129939195023521,0.6382451501691757,0.6032081034479955,0.7894016432820191,0.6128720262922149,0.8548839516909058,0.6929639463853976,0.8772779770121397,0.9426503648992343,0.8739672668173151,0.8677862943463187,0.6478399324280409,0.9116252138799736,0.8073012151865703,0.8515851040201958,0.18933956300260638,0.766092730542464,0.6602049526105246,0.7647348005984707,0.25994205818041494,0.3579379950997808,0.8072241424359397,0.49385460202049797,1.0,0.6756366718211573,0.9955832167485426,0.30208392113307475,0.35493705771120865,0.5066153205646282,0.8992323114911485,0.509518841062172,0.9537885715084643,0.2483781393942976,0.3956387333010133,0.523941906658224,0.7435866096210288,0.8224631731617217,0.8756320923907803,0.8217434061592301,0.35479471679097213,0.808520266501832,0.07573102145412541,0.7595876127937097,0.07296734367021628,0.9297439519372044,0.7916992408464776,0.21091178952261558,0.6561298990210925,0.6189381769071264,0.9237422710940992,0.8288762903148589,0.9131510333283303,0.7447125721271022,0.7936083598631162,0.9667581871446799,0.9948782114282549,0.8566034436855297,0.9541054418592319,0.6715994769259774,0.5675304270598933,0.8021936045515252,0.7354761487332243,0.6774409766880195,0.7139277078544576,0.5886543454414219,0.6889024593234601,0.7640126229183405,0.8206643483309504,0.38823291721668385,0.7759448554240074,0.8408075732921473,0.911294798905076,0.4739921964150143,0.4357749367833443,0.6146221282551366,0.8716904016990062,0.6091442826488195,0.41694593500514604,0.6419945480058639,0.6791162282972453,0.9071058764828048,0.8758395162304683
SPYD,0.5875298991880114,0.42305156826374,0.41969425354545914,0.411849734969575,0.4585463003903102,0.3938454973883249,0.6718014580446957,0.6557215336437839,0.43488283963321284,0.7604713160803935,0.823884810246472,0.725825603466185,0.5060747177425001,0.512756483846649,0.403531553193186,0.19148374428551806,0.20471970699727884,0.15770256161316254,0.49450564242079514,0.3859214096807501,0.7788418242600876,0.9009596595138467,0.7851812174470808,0.6344143620973605,0.5069717529774302,0.20532254367272332,0.4144503072628866,0.4171882072413284,0.4197132694323776,0.605780079643044,0.5592355309606271,0.7004383142366273,0.36165094639303874,0.4544928199808114,0.4389712752949674,0.5028617334953448,0.6441111838328343,0.4144882154846288,0.6703481827206619,0.6550284711226879,0.5846015914688523,0.5770100413105047,0.36809314745130445,0.6080423500299377,0.5718206763385764,0.3953175100656881,0.5106480971672828,0.5863228061647704,0.6017976855536832,0.5152701923574108,0.3723845414359694,0.6723330960319667,0.46506883326171894,0.2985183917905383,0.45633994442327064,0.42920815145883423,0.5973630954977812,0.830365168902563,0.6609499897627158,0.5087347985782196,0.6842554605642113,0.778924541875618,0.28478170467529595,0.29736603523106087,0.12362992402505335,0.6847058299244538,0.09659363226238994,0.660180373720383,0.6787484607062465,0.6247212757707827,0.2590580350700279,0.48706770974298064,0.3898198192346144,0.4243063402484577,0.371545263062372,0.5572255290186857,0.42302473816110464,0.5853674472915974,0.4071848854106663,0.7523002944757377,0.5958503281026687,0.5830716166497849,0.7058266852764522,0.7847624300106323,0.7283210309192776,0.7466760058086971,0.5777415261283675,0.38679109871794104,0.3786866365031545,0.3163958860473474,0.26520863691484453,0.6241207650446572,0.5983222359552426,0.7787363851838398,0.5602939320187729,0.7342583782243847,0.4475187253648207,0.5375871691090524,0.7414902756552448,0.5544072685867367,0.8332644667960261,0.44598528728736103,0.5817893503669729,0.4602888775040605,0.4125142886517568,0.4593410706390522,0.7457307850251678,0.8710000485356016,0.6578827097033054,0.7492441164508208,0.2187185905657342,0.6394255026978982,0.7136396867234657,0.6143752970243443,0.19314315766214585,0.2959616912142592,0.34740420604706723,0.35997647225690554,0.6756366718211573,1.0,0.6629105392593183,0.2849935761431558,0.30329094655876077,0.35313892473476793,0.5613915219099591,0.37416711784877305,0.5000235153733629,0.20324495416750873,0.2729278628395616,0.3284218729521424,0.6026518108796359,0.7484725961562128,0.6316606845755982,0.8697150178512326,0.2967242569499327,0.6448851772684518,0.1093760644735195,0.6401294450521584,0.08279515016442808,0.7822859345178867,0.6274579115125547,0.2377282833490152,0.8047231706092388,0.6240006396644006,0.7866505164169075,0.9258465575916511,0.591848700791737,0.528152961125686,0.5787571016946939,0.6914860560612353,0.6905546696763682,0.8894010538558172,0.47731613012004137,0.4497322302473826,0.46206064395382773,0.6150128588491548,0.7013005360879836,0.3772062034761569,0.5709241861758813,0.429183110172955,0.6660454013373712,0.7876160006044562,0.5443095941348373,0.5810611355778839,0.8041002139486155,0.750733049802871,0.41456483572265806,0.6434969484106549,0.6119186801983663,0.6040327695874851,0.5745475302780754,0.5766820326007811,0.5546710356094603,0.6330106847587539,0.4091943589440248,0.5804712122649748,0.5979294126675437
SPYX,0.7238613278879372,0.7639961678310084,0.6424424236596853,0.7464900761730603,0.8015098108323393,0.7588118617557048,0.7786108373103509,0.7300559686289416,0.6785248345583754,0.964329390573979,0.7379747584598652,0.7647763049551934,0.6959043989136404,0.6402751967364838,0.678471030060052,0.2179805498006921,0.21189971463788565,0.18611748823108684,0.8498188049718632,0.7491294923564076,0.9066736817045045,0.6143201112767303,0.8556939733802668,0.9840784818490564,0.5533762822649754,0.2092934486801708,0.4771649821275602,0.4577882190550487,0.6326781184743833,0.6309490661262416,0.8190506264736197,0.7018688607009713,0.4262638744594666,0.7005007882484205,0.7021297740682382,0.589275701006281,0.79206768474673,0.6656678864887647,0.9946764508681797,0.7463999295595359,0.7099966707734753,0.7215375896695678,0.4295679191447576,0.6847999207991907,0.6373493864532442,0.4950970660730503,0.7886501395613295,0.6215148031762777,0.6994147911716365,0.6470591789081972,0.674962822322656,0.6559824929250613,0.5291581043677916,0.5609747759750208,0.5500530507857057,0.8434213283783004,0.7583781612245618,0.8111329565944602,0.7602534915987536,0.6288972025614926,0.7437105893503095,0.7928223557514369,0.319507770863293,0.3512945851531605,0.14714303135183265,0.5919940403330078,0.07517586785599936,0.8014414109728737,0.991942890720202,0.8099708894758169,0.2623819596966058,0.645214833352119,0.5551337026599603,0.7448630133257624,0.7917564685113011,0.6938374344259576,0.5681721763191093,0.36943675248014546,0.9031116759042336,0.8631175220630716,0.6566173787445385,0.9457378001135246,0.9665730207209317,0.6317323604616923,0.8358360744987456,0.6080993362814989,0.8235365253780667,0.4147366936858872,0.5492381951143323,0.3736798667484456,0.39978310344087276,0.9936456647195632,0.4282575976106817,0.8802134981686816,0.41104753906157215,0.8041893772554962,0.6337760423095515,0.5995064359890329,0.7873882246600346,0.6005711487722242,0.8464244851608796,0.6881117935251311,0.8774080253356576,0.9449551200348844,0.8746952675106427,0.8666157966887295,0.6431413783218689,0.9040372508530806,0.8021600940767264,0.8441143184818156,0.18921288102496067,0.7644339119466332,0.6509862883978362,0.759472573374621,0.25656621466180035,0.35562653081654766,0.8063478361371422,0.4944315224298847,0.9955832167485426,0.6629105392593183,1.0,0.30672199998655203,0.357919948054353,0.5012897350595519,0.8972527890581274,0.5000035177939564,0.958026018373279,0.24212000784798304,0.39403936294236425,0.5169143067469069,0.7398927983239412,0.8214619438274013,0.8726460298817792,0.8124084456917999,0.35598197579044577,0.8027228266273152,0.08443499017996028,0.7559151921097418,0.07917354543334097,0.9263569240266937,0.7901554135189396,0.21621160537107575,0.6551594874437848,0.6182334575285667,0.9185742029086987,0.8190469153311876,0.9123020626633428,0.7387572135655036,0.7906101101071825,0.962187704440164,0.9912899643374868,0.8449409721967054,0.9572307331001997,0.6653811334440564,0.5658844618710869,0.7957157363256147,0.7251057217428815,0.6823237918263667,0.7095297264282745,0.5914971897081748,0.6880727422844485,0.7537596681372631,0.826164988237449,0.3496663404485392,0.7687263964234513,0.8332563601394851,0.9124536208917352,0.4745063920462208,0.4320337816381695,0.6179339195448872,0.8734886254701624,0.594987327485055,0.3821092192218383,0.6400597787746476,0.673565266560754,0.9074381076529825,0.8706970043756944
SUSB,0.6460236671367524,0.28576215633648555,0.31749211863107163,0.2905350545485081,0.26828841812822246,0.2717792735799972,0.3623323962412474,0.33981729183681114,0.2852372150916775,0.28012675462343023,0.2096418245497535,0.3038646445659147,0.3110703116041749,0.26882997391586777,0.2031316926531573,0.7438966433495412,0.8722707897839697,0.719245155951739,0.3038093849752278,0.24290539661673444,0.2814991898048971,0.297615201493662,0.2549181931718769,0.30280040451162077,0.26991355812295503,0.8614596194087878,0.60480362194097,0.22973606740311073,0.3199160498736357,0.4671898741422386,0.3886756695635869,0.320909956811324,0.229963011637492,0.2584736114188822,0.2924800044742942,0.28222077975074883,0.3725447386849966,0.28154989368378536,0.3086612297373171,0.36819730163876346,0.3385067366557672,0.3428789806860913,0.18810610769372282,0.29966868828926585,0.42095994937768977,0.27899502476873245,0.30958343951054856,0.2993461386997564,0.3295687042601675,0.3206320955619751,0.24248351312138733,0.31165681791766653,0.2772348207148646,0.24080063624151765,0.33777605572723485,0.2902963834578913,0.3286206532995839,0.2815499241243755,0.397123028714294,0.26308260660997107,0.3283336772517916,0.3150673837201663,0.3340942218157594,0.3365193321485035,0.32707666680695036,0.19037417675360427,0.7835787004345308,0.3739846870769446,0.30909930171853683,0.18870311222669853,0.5921884714663427,0.31588944417467063,0.30887382774065053,0.2626880566074137,0.2595771872366606,0.3074274341294561,0.2291942773083311,0.02579561079373861,0.2575482775911558,0.28817719137106795,0.1810147909679479,0.28374757298625825,0.32153815699000743,0.13788441867995616,0.2567785862846426,0.12452473578336015,0.2908040738809496,0.15808547106138518,0.20188543788976027,0.8422408539053737,0.17000951489995883,0.2948617824220907,0.10903876994342142,0.3585381337709953,0.01659029965426222,0.23494091708871792,0.249106870145443,0.4663942626156175,0.35492983456488997,0.21963514243508367,0.26579260880364036,0.2633791414791545,0.3186014387125761,0.2890302037207184,0.26882748595134387,0.2225205057433365,0.3849219564311049,0.3228093376814239,0.20860848727755565,0.2931164569651206,0.7208480581304322,0.40378798529708154,0.3407406034995057,0.5992247127876799,0.2370603148648317,0.2929924526332843,0.20548567065546364,0.19903073633542206,0.30208392113307475,0.2849935761431558,0.30672199998655203,1.0,0.8492846548556285,0.26007339272933694,0.2697868867370145,0.2882582080799999,0.28938397263289706,0.0739672781440283,0.13122376823631693,0.167108831361781,0.6246134462405746,0.336051640495089,0.3199143406198126,0.2701083490788161,0.7637494072696164,0.3729600928899834,0.8800655007117633,0.3632802830578642,0.6822291037612919,0.314092337827294,0.40546935433452436,0.8554352291923262,0.40142722935182756,0.4294756052044621,0.3272441957063036,0.29412061791691607,0.31806314927473545,0.3428023677914347,0.3681892295831773,0.34196953351354886,0.3067971116607127,0.267876426725308,0.29336365556878385,0.27919911156108457,0.711460583437396,0.3605838159633826,0.3335273574901092,0.26767812731259855,0.24790538458351932,0.289443461086816,0.3939729959003284,0.27918716575117597,0.2918069385169694,0.0001510467951187999,0.17309100112904544,0.24753595024316472,0.248143296687984,0.2666620124858345,0.3076226198913259,0.2765016939804903,0.3068292722659885,0.19218311980975228,0.0065286759430407655,0.25157806024477675,0.2804884289215187,0.35130642422074587,0.2157017095914471
SUSC,0.7004221987719962,0.32667681712973656,0.36595064760232376,0.3415487203501593,0.309626238665455,0.31309720986439293,0.36138823967134326,0.332129461894183,0.2997685054956698,0.3269852974114522,0.23299516579113022,0.31034340051110554,0.3235900023920093,0.31424198440392304,0.2249431808547706,0.9493975443827022,0.9465085179926626,0.7694324434405342,0.34994305663175906,0.3038623080508626,0.31937221863164855,0.31855238233366323,0.29069405753287036,0.35851976126217816,0.272136469879445,0.937738321792101,0.6083501986387331,0.24800910073531057,0.31826018041889054,0.44773149133113577,0.4073871947154048,0.31286874944988813,0.22302760806776248,0.29542361442946785,0.30498849121030763,0.28888342891510765,0.3811435920158956,0.29681839134251387,0.36334821442576115,0.36209437998103056,0.33603178346313783,0.34675930432905755,0.1938694755802363,0.3019351756003777,0.4228712852972275,0.2714121178053446,0.3357821824823388,0.3059436386695697,0.33539076160018033,0.31624312173876284,0.27177060025603134,0.29604288272044915,0.3044231655757728,0.258224092658278,0.32911514201023223,0.33860845679113066,0.34224550932872205,0.31653806085874076,0.3946171921101867,0.2681687483022019,0.3253175899796202,0.3498741158186277,0.2963452789783691,0.3012850985258061,0.269820777609735,0.17966546210403095,0.8506998816653707,0.38362276543563917,0.36456794272516585,0.2365222708874863,0.6376739420035369,0.3644494388169231,0.3433143442773311,0.3132299899452343,0.3154298943399996,0.35033355197722227,0.2259057593789707,0.013010415438826639,0.31391329016635633,0.33697052300251895,0.22921928552096185,0.3461781478295512,0.37658557570253315,0.15926822848427727,0.29928945509276017,0.15125678757266423,0.33532063550735125,0.14598368695568,0.23624782519145943,0.9908734765911134,0.17879951661928065,0.34572396442940834,0.08414236282605343,0.39945690981555665,0.007676094177689119,0.27345382352505987,0.2928603157041638,0.55359637825307,0.39530461550067353,0.21373860383190366,0.3040198416841043,0.3137704283931941,0.3761165861755494,0.34563000510002817,0.3281286542846948,0.2892613179945672,0.4251884407709269,0.36654629097475033,0.26239434065984446,0.3385649530566063,0.7681026249282983,0.40215237557346084,0.3556691314297948,0.6383084502552645,0.2033013499504934,0.263238642737673,0.2607982889163367,0.19156952575830918,0.35493705771120865,0.30329094655876077,0.357919948054353,0.8492846548556285,1.0,0.3034280612330585,0.31902533582788545,0.2947998597399078,0.3446393731243479,0.05419832673274813,0.135789123695481,0.15727835037059223,0.6645389486537708,0.3724458984137435,0.3802105156615424,0.3075919445121811,0.9747835841316754,0.38034597497442957,0.849177998620374,0.36905557386588494,0.8829188316569508,0.3587685299051745,0.4180854219300879,0.8584801287891226,0.45677577227565724,0.4379285392616027,0.38106116785714333,0.32851969787357743,0.38154545152112884,0.34984010075508465,0.37784125407072616,0.37977947700260906,0.36104795443865834,0.2968643543366541,0.3499264784683868,0.28850467031380733,0.7907444941817802,0.3694529102410182,0.3286988471984775,0.32323049540112236,0.26045943445602887,0.3255730531183092,0.4467480092759275,0.3123303672297411,0.3246266924387858,-0.004727986379976748,0.19909024846289863,0.2798693987181624,0.30701414575816516,0.26905333584747576,0.344964427333375,0.30527167775074576,0.3525318618060692,0.1905774358384423,0.012120474712850222,0.27647717745209194,0.2953299991530764,0.39773391960543164,0.270613636004676
TAN,0.4686017966105228,0.549678425501102,0.5845699563340131,0.5938662921153625,0.6213069193299917,0.5603033858230627,0.5207200591250337,0.5181344210449216,0.5871718519253547,0.5348218713727211,0.4635082635401487,0.4964642338263232,0.4186691095461159,0.3514821022130093,0.5062639817668352,0.22597393363436336,0.2304979327242331,0.1936168402269117,0.5741437148174628,0.4662780263205864,0.4122022527361398,0.35275430049987183,0.36939286038544095,0.5095516115783079,0.43982859554756515,0.23519468714181854,0.3974878238417958,0.40446657236875627,0.5337423449573868,0.4083208652219235,0.5364342342864349,0.4450472899064485,0.2838678720703839,0.4989830779104689,0.5271387104861927,0.4038353937379203,0.5114404297090491,0.5764087951114598,0.5202079163927692,0.48031397571286816,0.49192155200237975,0.4566317208598748,0.4054245665783676,0.44505528258948274,0.4019688899062829,0.32290620214687504,0.5405701637192323,0.4371714164281294,0.43936058859378524,0.44844502730547986,0.499987856692623,0.41266463039413964,0.3907363011953531,0.45249036841813806,0.4478502030437304,0.5057612212226428,0.4819648332526375,0.5282129542680186,0.5440151148055903,0.5092614858606297,0.49269354696925916,0.3301373221541649,0.2966251860356036,0.3248356381269093,0.20235853102480283,0.43933922519353164,0.1345956013292169,0.5127643924192475,0.5098916331458517,0.4709902052025132,0.24229985685450472,0.500106311173901,0.9178565852856589,0.6452676286412937,0.4549681471776012,0.3554330984236151,0.36284267407709286,0.23076057671722897,0.5177844376604697,0.37976093233933333,0.4069300686878772,0.5602678129440806,0.4992337735761314,0.33551156538776555,0.45492544435467136,0.21170679937648593,0.6975922557360685,0.2778812374694552,0.6082800516350172,0.3111752376355506,0.46952630247003974,0.49875154003144573,0.2606575306489516,0.4867551117506224,0.2638640203219307,0.4796106293384822,0.8391563174958061,0.4329945517760331,0.4562374759336202,0.4682279819160281,0.4397912479191171,0.8587057485196218,0.654256019614649,0.5333554226738115,0.5612388880257531,0.4889477469718502,0.46959599847717426,0.5025795554945365,0.5193813427476115,0.6008872522030322,0.20129142942583603,0.5444441716713895,0.49375008398788456,0.4540892056040436,0.24918022073023846,0.32780612268166387,0.5227034785393936,0.3245317738554669,0.5066153205646282,0.35313892473476793,0.5012897350595519,0.26007339272933694,0.3034280612330585,1.0,0.5058378399778508,0.3746451817344598,0.4879993990592701,0.16134460817979335,0.24732539569430353,0.423545527292914,0.458714833642137,0.3506376569701648,0.6465513761621768,0.5033805858229893,0.29696405160374884,0.5361201318656853,0.14551951103638683,0.49816668035571515,0.14556831000934486,0.43011402760115336,0.5112357747813148,0.2316078309632067,0.39691707739897497,0.48681952192303257,0.5666647435724687,0.4534756546459094,0.5977321072178781,0.5010251553950004,0.5722074893027573,0.5703023318019748,0.5382919468937682,0.40715145163016203,0.5154088225554483,0.5814256454725506,0.4083110870875704,0.5731913611521209,0.48878376527993783,0.49037935364885776,0.45676866210722294,0.5085130167228724,0.461797613310687,0.4568917219779796,0.3982967621931463,0.20135334341704847,0.3083380227508246,0.44253813284580007,0.5005639096842528,0.12722845062199936,0.2688077357150316,0.26656628807298405,0.5103665535376676,0.4414392345300769,0.2697523731454178,0.4327154742668501,0.5832624299652206,0.6511277163136316,0.41738560755051424
TDIV,0.6481943723541632,0.6805942646188878,0.5933234281351666,0.6821601508197427,0.7747246669388905,0.6908138117362789,0.7169765166301366,0.6763090517959773,0.6985325504284103,0.8755165725070034,0.6812633907278944,0.6892746102593444,0.6549436211571867,0.5671012890784772,0.6456252193740573,0.191837343432996,0.18495542175664256,0.16402163079665827,0.8161481093635425,0.7339173351443659,0.7827681390553943,0.5222588541618536,0.7252816630687181,0.9003989308338782,0.5280569803772436,0.18478776451043283,0.44890474230045946,0.42691623468362544,0.6380548581097345,0.540587059547892,0.7684852251585039,0.6276065990339758,0.39781861253380596,0.6504386634275888,0.7284247916440191,0.5412999623458196,0.7291641616117842,0.6825010756182597,0.900792363731085,0.6882154459467441,0.6559810018176673,0.6592089168429089,0.4288598305173493,0.6036043226111678,0.5499740317260965,0.4553632099609863,0.7765637377205646,0.5396602470739615,0.6301415767530856,0.5975055533028656,0.7290089906162063,0.5762819512322274,0.4937316729320773,0.602452013680693,0.5354678724523722,0.7555485964086441,0.7021423567188033,0.7473698452593033,0.7062060723442599,0.6312134632005969,0.6953991713572417,0.6432451913352136,0.3229476876529653,0.3518678141076329,0.16982339387879977,0.5613010999866911,0.0606255795994453,0.7298675152551838,0.8934707280458714,0.7409831978648178,0.2427968457200339,0.5585603898202366,0.5467043589271157,0.721763692374195,0.7505447771758417,0.5606066874819297,0.524370254515797,0.34377367325964947,0.916662037649784,0.7295204713772051,0.586680009933393,0.8887071526949587,0.8900867286190488,0.5409745866415151,0.73665863572797,0.456687806176929,0.7917462318885282,0.38865609475643403,0.5420337527644647,0.33451208546211725,0.39550416822415657,0.8968700359481144,0.38058670567402236,0.7920971514570447,0.3998700150786142,0.7391804504855242,0.6365843258059877,0.5292167678341584,0.6850350136873388,0.5812147182097962,0.745551593385015,0.695973386067209,0.8303757142456246,0.8985474629795768,0.896389149649021,0.7996729323190652,0.5579178517613025,0.8054135234535906,0.7279369521283865,0.7883035611080305,0.1571295612665036,0.7013193209796235,0.5926815228559661,0.6749082235507086,0.272510659598795,0.3562327173185949,0.8848874013894431,0.4559557182771153,0.8992323114911485,0.5613915219099591,0.8972527890581274,0.2697868867370145,0.31902533582788545,0.5058378399778508,1.0,0.4839077890237122,0.8581066021627274,0.21992574816794835,0.3664110913538038,0.5191207679859223,0.6588082094605973,0.6901051581637271,0.8183234475960358,0.732440966302408,0.3182999055277155,0.749080591062761,0.07254969906839556,0.6869788383853317,0.06466902897778802,0.8280312592519874,0.7111424537178725,0.18758709044773722,0.5361710712245975,0.5535237486198402,0.8261217276030578,0.7153527758858322,0.840043063441226,0.7202688279583136,0.7571623731545766,0.8855137773547709,0.8980731206890844,0.7427233210901606,0.8722070494566256,0.6660134221350329,0.4990749149393658,0.7561186134275069,0.6615378461398811,0.627598608239796,0.6421973121653741,0.5285687680587758,0.6161959873499581,0.6660965580520761,0.700845336570469,0.32227603984597636,0.6258353681374698,0.7437278090407832,0.9223949211573755,0.3212649058685627,0.32427464272307704,0.4620784221256048,0.7478506292875401,0.5852273199701862,0.3704459850169214,0.5770073630212479,0.6892472150916957,0.8791157593163451,0.7665039060651418
THD,0.45550703211987204,0.40025364508957967,0.3848848524725174,0.40279490937043894,0.46527883090309463,0.3936623171761183,0.6146525553609766,0.6078328944368089,0.6537795652814511,0.5068926814915143,0.4112063189909571,0.5324273729179191,0.5164772239416304,0.3966345262871132,0.37755058168866423,0.21369804411340151,0.23026746709082507,0.18375773481402827,0.5307905818710259,0.36968157502846377,0.46787605597456516,0.36091444773584636,0.45587924659154366,0.5017863741148868,0.5876927200928812,0.2305853893660378,0.5596047755018451,0.4291292493178081,0.6627511830066848,0.5299869572499941,0.5927398324319485,0.5807916563865756,0.48534266986124214,0.40985919739984616,0.643992515877835,0.513920302406622,0.607652257956426,0.6467576675806767,0.5071897348731521,0.5960636031180423,0.5313970590745373,0.5481056269639898,0.48526659198495964,0.5279736312142514,0.49283854583472675,0.5427431779461294,0.5558309197368415,0.4877744279679912,0.5470358515879309,0.5502604370660875,0.5656904330518899,0.5406127899330238,0.47182287344214074,0.5328548140607995,0.5926441199793342,0.4121016077798384,0.5678336657918931,0.45789770407623104,0.635359235507973,0.6438005824622991,0.6157393215098479,0.3839575968619016,0.4456150437108963,0.46270915427225345,0.3603473198611034,0.5192460096876267,0.1634080649587036,0.6075335986260146,0.4984915258731866,0.5122814087019688,0.2395691258886493,0.375002433586358,0.4171675438869609,0.4664910502946847,0.37393328172313023,0.3551682610239612,0.4772414187360715,0.2851858676694708,0.49532226545302266,0.4419476928793863,0.4065201304206148,0.48919941428999325,0.49296052314767824,0.2956796812968405,0.43012459150222265,0.24978477826474024,0.48581995542427603,0.3294531448212082,0.4738172088960595,0.30281400381143647,0.45069782273545056,0.5012746547471008,0.27776769331162127,0.46800367049374153,0.3117109876668644,0.43170602550757037,0.41482259163211016,0.35246477902909784,0.39232220411536484,0.5531592528714148,0.42994980404180533,0.43415173764138654,0.49818410297090443,0.47751703125149014,0.4654155371661073,0.4772932606257594,0.37025760324849943,0.48115430436813955,0.4502953349145174,0.4734305497503039,0.1853121712705882,0.6003929575111246,0.5397038177540954,0.4674295785195843,0.3719890374928761,0.4443827003996446,0.4544791680447903,0.4165633825588823,0.509518841062172,0.37416711784877305,0.5000035177939564,0.2882582080799999,0.2947998597399078,0.3746451817344598,0.4839077890237122,1.0,0.46288822713440264,0.20341569538810544,0.34965688767695563,0.4130042535064792,0.4456039027269293,0.3899234892022506,0.48390515425826147,0.4470328805427728,0.28309515044305716,0.6262843544961703,0.16544361268448432,0.579633496154917,0.13510431157872294,0.46428083746670973,0.5842880003252179,0.24687583469427038,0.37239551989496805,0.5497601686730853,0.4883069909452002,0.4416801618658348,0.48070621294870847,0.6093464509072102,0.6508197838049508,0.5908738860522559,0.5128550085685073,0.44904914397307444,0.475894102532033,0.6508681306637231,0.43407567399549374,0.6581541969577596,0.6220915055665365,0.32999587811725845,0.4009093476481891,0.35237510345204714,0.3706565797091427,0.4834738671529668,0.3957338142071602,0.2455351047297813,0.3614460340120106,0.4364741083251936,0.4657552450978082,0.2509153699370058,0.24504073739402912,0.3084221822025757,0.43959691786403116,0.4486866617332967,0.2529534177137709,0.3280637459847939,0.6420964993468583,0.5533324453331756,0.46824072267185723
TMFC,0.6853522787934619,0.7996871601084283,0.6388011289712,0.7778300235151983,0.8043934086611145,0.8058341360583807,0.6991812002903189,0.649725505844589,0.6434169203599732,0.8899465459202063,0.6153121831145681,0.6795824555118402,0.6420177808190426,0.6050095342382352,0.6841921089332188,0.21503264459926388,0.2049755082640008,0.18223652859732511,0.8440784748293184,0.7790740775239832,0.8026516174394377,0.4644762874089571,0.7430938186308118,0.9531284148450726,0.4913676226330675,0.2010909318936074,0.4394423453709052,0.40710294986279405,0.5911256076948156,0.5651422567640425,0.7747004802876732,0.6016286786723849,0.38959865371685065,0.6890298207634413,0.6552902845925448,0.5313882171518876,0.720446415351912,0.6371527305177893,0.9580299572658089,0.6718126704977871,0.6546863622389761,0.665011708492755,0.39059818150314485,0.606725467682609,0.5728430349777234,0.4553118191795662,0.7556896722953962,0.5398262617206194,0.6292788320404168,0.6024803118026412,0.6519992047676206,0.5585106376081738,0.4607311566139557,0.523104179967584,0.49996019752387283,0.9004788404924294,0.6956139884033564,0.6983152222281467,0.6858814079119823,0.5749920498840216,0.6502478474147015,0.6840336399566627,0.27104919189637633,0.3060377745982523,0.12086893664115585,0.48548945439991104,0.07806588916930596,0.728172135926368,0.9502801112537771,0.7375851354262564,0.24968363052958023,0.6045722589591572,0.5333132486338056,0.7483355334896075,0.8428097473287389,0.641005794431649,0.536105579458368,0.26986719431767436,0.9181182239288254,0.7565367044234417,0.5762774860143832,0.912420418327609,0.9074097455772483,0.5080117920708573,0.7609645480843041,0.4878153464049537,0.79335257046637,0.3636758534570327,0.5347426551560237,0.35952806444570656,0.4036732183377047,0.9703806114087792,0.34110102540513365,0.8087011709258695,0.3058696281088425,0.6835253096160655,0.6165442743731647,0.5537879223577679,0.6853417730643124,0.5181617232891547,0.728997847989158,0.6743203351048043,0.8525416249774822,0.9733528727953206,0.8962825757036027,0.8688068713827953,0.5556045583894641,0.7892771571308376,0.7271617454774404,0.7572889739783669,0.1788082630173642,0.7028375834705166,0.5650273321711656,0.7183246542742001,0.22467392234813582,0.3097787064241073,0.8108846320664918,0.4611557769149854,0.9537885715084643,0.5000235153733629,0.958026018373279,0.28938397263289706,0.3446393731243479,0.4879993990592701,0.8581066021627274,0.46288822713440264,1.0,0.22996049886401698,0.36022144256128086,0.4847746757485706,0.7033943252304206,0.7279080610163454,0.8307445222214598,0.6864744169937109,0.34336513978977845,0.729345920956115,0.08420622342176641,0.6842415104821626,0.08370333932261603,0.8238613340756241,0.7351335920329561,0.19994170795318014,0.5539722102165688,0.5493488948525725,0.8382482714578224,0.6752924985325031,0.8890083091979406,0.6762952403540685,0.7359297733214795,0.9097440052664268,0.9482158787536885,0.6937162452360803,0.987758643590436,0.6386195054675167,0.5412732803735271,0.7326567331689791,0.628865877675991,0.736693802749056,0.6264379060775909,0.5701350939401975,0.6005340345895214,0.6274467512510847,0.8446073642873885,0.24812671338726477,0.6493231700712226,0.70588907238562,0.928775552564696,0.362913383365672,0.32030718714658485,0.5142669876520654,0.8771318050786846,0.500275439433374,0.3012625074914423,0.5786624733852345,0.650695982056558,0.8868035776738346,0.8212297578078683
TUR,0.19460092728353706,0.19865218560735518,0.13927397338792472,0.17172063006717467,0.21699576877077711,0.1928289704578363,0.2827438530318847,0.2756699115852439,0.2592329174775844,0.2526828226646334,0.22307293460981784,0.24649026376739122,0.22337306937905124,0.2051115494764604,0.21000255882517058,0.01997288268889514,0.024821501049466045,0.02968475871752998,0.24045053058288113,0.15128819802108975,0.23431698340462143,0.20006495716559627,0.22581873310001901,0.2441162018887504,0.25300147996581523,0.016229045888027625,0.2362896310987563,0.15011696580267492,0.25273756649854334,0.21839386697500332,0.26358499705953287,0.2693337388299888,0.21729433304147872,0.21555580648924827,0.2766296142811748,0.2691714409969728,0.27847150612620536,0.24580366523767305,0.24758829336672625,0.24064633122958634,0.2454666331842005,0.2611182205797954,0.18193678089475412,0.24992047201044468,0.21027719130895597,0.19717814370240694,0.2586580994330627,0.23936694361021477,0.26733742691058343,0.1997182775652082,0.2070363698471044,0.2579668722759596,0.19093954640223382,0.19881089971734006,0.22473119415908407,0.19729972043980695,0.2729783021658338,0.2315179335040594,0.28257950309307744,0.2797079140471826,0.27459024061471954,0.18951826087037976,0.1481238821939029,0.1753390551213062,0.09934993621712897,0.230778590459892,-0.013963378212532383,0.27559776094232,0.24450955334247876,0.2666567431602183,0.03508738981017997,0.15327379268049643,0.17661954571102068,0.22333843968390024,0.1647905895458153,0.13892271230770017,0.24624159000061954,0.12846788955739247,0.21761995461263345,0.21476623419507065,0.20819651859321886,0.22827498741411908,0.23241359292437277,0.19960167507365906,0.22003899613161823,0.14670854259659094,0.23238377690884948,0.204921111255451,0.1714551277804987,0.06977061030302714,0.13848733473290886,0.24620618629900806,0.1309240239083244,0.2281662793732225,0.14117208974698922,0.21806835835773966,0.1927792675665397,0.15095648831108455,0.2020432733721084,0.24498016843876774,0.21029403907142633,0.19735444212944644,0.22091401216317272,0.22540727631407256,0.20707880124327654,0.2191119410707364,0.18429111933968187,0.237496512534854,0.20760219654547785,0.23000931032973843,0.011201128315365261,0.27511028226956213,0.23921907323331074,0.19491253030176162,0.15678940561824573,0.17712005451280075,0.20643153346106816,0.18909380667757608,0.2483781393942976,0.20324495416750873,0.24212000784798304,0.0739672781440283,0.05419832673274813,0.16134460817979335,0.21992574816794835,0.20341569538810544,0.22996049886401698,1.0,0.18664265276953468,0.19792803331424474,0.1831438110623329,0.18428551703222712,0.21804263698416537,0.22880986743671733,0.056439094360250824,0.2812442548101536,-0.001141833290224058,0.27860583668567473,-0.026508330420076626,0.2322841550292396,0.25576055037115253,0.03899432486278062,0.16612352819329085,0.23021581407566954,0.22708808093043803,0.22357081904396806,0.21079750046459872,0.24767734079887294,0.28429483418718154,0.2774641731331264,0.24814411658464494,0.23563851269063588,0.2227395109913855,0.26152517093167643,0.18737785480475302,0.28850354036759057,0.28152168079755135,0.13932492607316727,0.1798025409776053,0.13485853800981204,0.17493215506055923,0.22277758204690778,0.2014201935061054,0.11727562992135877,0.21743346446232012,0.2187662596257138,0.20788559479442076,0.1466706603882585,0.13124493031423198,0.13970887311691474,0.21915872227240496,0.2299907466862542,0.11677750437783625,0.14903947581426802,0.248859607575826,0.2392074093902469,0.2250161431094177
UAE,0.29979369422305957,0.32254799623634,0.2900784634584857,0.31949362175037016,0.3718139479430352,0.31193696495819756,0.3970998204674907,0.3917281952524386,0.4225582728024778,0.40059026478504123,0.33855889165857367,0.3616326007491224,0.35163745246401534,0.30219962571669656,0.3114637256671371,0.06426853447941332,0.0738565110076009,0.08901045025720927,0.3705156570698479,0.2617753259687468,0.3822306796626718,0.2569782129677736,0.3591324212840332,0.38360813915746,0.3288537182100867,0.06851039746530639,0.269797851040909,0.3054622725458606,0.4659083326406324,0.3077637895943203,0.39473032012843673,0.37542314627345996,0.29535100665118064,0.36092715303804257,0.44975009990083875,0.3395292163544736,0.40253018772214716,0.41977478899550513,0.3953902257793833,0.37722771956725987,0.3357566050049592,0.3609683324238515,0.25055356956099784,0.36821587717969523,0.327798672420156,0.32715497956537226,0.3672687934323735,0.3350284504637613,0.35161893994138854,0.3300335199597664,0.35603212030844394,0.3511090003739932,0.29161433628403627,0.37157730136564393,0.3620513872502968,0.31433401312127385,0.37566694917602395,0.3674297283154084,0.40228799545301297,0.3726762040076778,0.39581548308887426,0.28568835886257776,0.23458971477494261,0.2519596428039942,0.14112192674027874,0.30049535983246217,0.02632070188852001,0.4015259749874053,0.3910608069640752,0.4012123966430945,0.10082797305283962,0.27117075015043457,0.2700738432268077,0.36110956360089874,0.27556131704713926,0.25928032967735604,0.35470873451441615,0.1628132785826997,0.3713223792102484,0.34458980729354177,0.3518009961631156,0.38506737245858885,0.37262636445643477,0.30064007172849827,0.3579770201549489,0.2509287118231567,0.3774453408143752,0.4263833068927603,0.28410914920718544,0.1404676717234868,0.24314221870070535,0.3946973593489081,0.18867900895115597,0.349856368067941,0.222309121854867,0.35231937159842797,0.29929307137780314,0.25453389832716533,0.30362986269754116,0.3519541043590721,0.3514010946349701,0.31757302327936704,0.359268290892918,0.36922798499679865,0.3485009115541872,0.35118184186127666,0.2875446797479674,0.3660461173988258,0.3610737841960286,0.3818691473593085,0.06575952036996477,0.3846750389043383,0.33803951607022853,0.3173770590256481,0.20436547280675887,0.25084984196006416,0.33304726312684996,0.3320219518331626,0.3956387333010133,0.2729278628395616,0.39403936294236425,0.13122376823631693,0.135789123695481,0.24732539569430353,0.3664110913538038,0.34965688767695563,0.36022144256128086,0.18664265276953468,1.0,0.3048293361583125,0.29409158260537643,0.2843753655055657,0.3697111827750366,0.362878586177278,0.1281992548752361,0.4155528950391571,0.023611370599320138,0.3800231321981745,0.012458869934303111,0.35745875334033744,0.38025721307042903,0.07552661756865123,0.242572476354608,0.36951659374415635,0.3684840818368681,0.34003663081350705,0.3621830500943876,0.4060501556822566,0.43430512476310074,0.43148122858159493,0.40070214691541056,0.35130900066635984,0.3687317049664727,0.41483952642616323,0.23007083692672262,0.43325372715316024,0.40356563872959195,0.23238626688145753,0.34685376470030466,0.26403479936845786,0.2879666642335501,0.3398968425210538,0.302686982544157,0.15984666424826016,0.3329551654669814,0.3559391922633733,0.3588251109567681,0.1722991361809757,0.14335009569748938,0.22037445666556196,0.3471532263191515,0.30840546570808974,0.15531761487998702,0.24697868306178233,0.40634743866029693,0.3821481712610689,0.3696959301370611
URA,0.3993654244615473,0.5036399186619213,0.43645106557477165,0.4923037568318381,0.6012942913049186,0.4918809325331931,0.585877103218331,0.5972371347848455,0.5743808015454713,0.5460730101252359,0.47077820607121373,0.6117349065889176,0.5089250348006765,0.3618143490354612,0.5189088927686427,0.05990752588989987,0.08394984683273111,0.06111079946193146,0.5830547088039786,0.4271207734234368,0.46966954227092633,0.34028419092796375,0.44778423487326324,0.5250354773340471,0.4727035229705938,0.0871374418987982,0.3776031355285766,0.41607901849636336,0.532682593677086,0.41973660892910675,0.5548095004560264,0.5144529827862634,0.31819670639639275,0.44646712345840506,0.5796119929616244,0.42123335601647954,0.555615832796254,0.5519829949408492,0.5289813262999957,0.5622692763066468,0.4936803929220325,0.4715476784058023,0.34048620346302433,0.4582058110602671,0.39086968664932126,0.35809362246802945,0.5273053309366093,0.42207216165554906,0.46178831532099807,0.4577523955431463,0.5086915288589765,0.500288665711376,0.4502180591830674,0.4982833734315194,0.5122182561426738,0.4516731448349842,0.4945277683728258,0.4872480225801845,0.58468951933697,0.5310174634613298,0.5668873013413677,0.31996496339503394,0.4879808431362634,0.5241653300597591,0.3663814855284687,0.5762010632531611,-0.0014414753930095726,0.5589500958290363,0.5157594798836967,0.5096813394742822,0.1339148915942007,0.3696398334153713,0.49312462507490046,0.5705243566386177,0.4282988075672237,0.3040277583028537,0.3930192455358796,0.38274743223942176,0.5325438414482604,0.3933915101478592,0.38341482042615077,0.5572914887859903,0.49577106739872645,0.3241101530340729,0.46989298380503125,0.2612215204070142,0.5942935863410933,0.31995857621624146,0.48757066573347496,0.16615534500849996,0.3478426944001088,0.521954757092941,0.3755013847799207,0.4243671466158339,0.4202853232580423,0.5078700766700733,0.5575271956346081,0.35570587047873764,0.3583429706135778,0.616125883092976,0.4486834520046445,0.5291962247513509,0.5388329091281244,0.5096201598917476,0.5131681023636573,0.46375583202154924,0.37069630207751164,0.4775965342989155,0.497272993392069,0.5377166143529206,0.13510424439639354,0.5545931381502737,0.4871458848476603,0.410109262966084,0.4161165013178177,0.5239494585869874,0.5142257382477157,0.359385873153166,0.523941906658224,0.3284218729521424,0.5169143067469069,0.167108831361781,0.15727835037059223,0.423545527292914,0.5191207679859223,0.4130042535064792,0.4847746757485706,0.19792803331424474,0.3048293361583125,1.0,0.4002467003600645,0.3555143485794683,0.5611244970370098,0.476403455828784,0.14815819668395053,0.5883428699645012,0.03186005774578832,0.5168355266388486,-0.022925390934506854,0.44566735000097846,0.5246834432506482,0.11139339634486287,0.2940735404372714,0.45057191978161204,0.5224542549350788,0.44298954250041234,0.5429616745103388,0.5768741570704673,0.5875895645095459,0.5886004359588124,0.5407662500407638,0.4543687262967638,0.5048999068640646,0.5401178043966264,0.3067159420127311,0.5998749809287485,0.5496025240164455,0.36474298766482943,0.5525629784259591,0.3967085382155565,0.33392345681814584,0.4827951781926779,0.3903468860426102,0.34134485544798454,0.3866255391634392,0.4829392971948044,0.5139497835119315,0.12088389426114074,0.21778899817815367,0.2208899450128926,0.43381405941934253,0.6727695097501613,0.38069723749797474,0.334167659176097,0.5486970545133443,0.5672865858534358,0.43487910479223374
USHY,0.9579111975493022,0.6497501576863774,0.5976412588423493,0.6408017938016781,0.6345747043140242,0.6350664828751226,0.6758265213071311,0.6395052389860991,0.559071972986549,0.7386308396608684,0.6150456921390177,0.6332418061827861,0.572294774677375,0.6923571910063584,0.5281625801629317,0.5242245371699661,0.551124873379039,0.45454149309041564,0.6765418791243143,0.5780779161806936,0.6837749540924006,0.5871854772668446,0.6388536624767847,0.7363514544530881,0.49171998455519594,0.5497443900967042,0.616126502940624,0.41623147838113855,0.5376390964405277,0.6202874505235062,0.689494725175834,0.6219716617272948,0.3760316565226827,0.5606604533229973,0.5575123165129687,0.528177971763297,0.6845454100693472,0.5487177690438575,0.7480992679173835,0.6516853802232739,0.6227683128602521,0.6357144796728137,0.3640065138865421,0.6135615372333888,0.5945995374135011,0.4065011640759883,0.6537257781457796,0.56811792056368,0.6276001180226701,0.575607236344144,0.508263220790749,0.5789663557500323,0.4670718053114666,0.44434637083300327,0.517630158219233,0.6710750129188912,0.6583469178966395,0.6824829252773414,0.6816466858534472,0.5224437160033477,0.6424593624739608,0.646132556330792,0.3276335551507387,0.35766079012612856,0.2165574500577905,0.4980997105930025,0.40400367021353867,0.6918901165268803,0.7462831389142253,0.6131490909501864,0.5406100215388643,0.5791373394491424,0.5092085407790755,0.6054332556774678,0.6130099577426296,0.5896510312258366,0.4615801628939099,0.3164018114242037,0.6417317205513544,0.6578484126825344,0.5372729507147112,0.7111414460999399,0.742759007876728,0.5160951776336683,0.6787472320710397,0.4768610008124695,0.6715879909346967,0.34479793983432433,0.448432247330812,0.6755895269196005,0.36627486264743264,0.7295182815107539,0.373354991965519,0.7505351351002724,0.3205223850906187,0.6256865438017193,0.5473563687141941,0.7048401686831589,0.6785689414220135,0.4854990959600441,0.6885216322333608,0.5739634995586967,0.722649831135531,0.6925428029399289,0.6616954760924056,0.6162332300106711,0.6571363826961342,0.747583653571312,0.6198919855856283,0.7041848061793963,0.45726638031969397,0.6898104785907317,0.6275024621798624,0.9794148205975944,0.2435600045887099,0.33569031758228185,0.5695451152002101,0.3979140646840848,0.7435866096210288,0.6026518108796359,0.7398927983239412,0.6246134462405746,0.6645389486537708,0.458714833642137,0.6588082094605973,0.4456039027269293,0.7033943252304206,0.1831438110623329,0.29409158260537643,0.4002467003600645,1.0,0.6580942272965666,0.7285147134564758,0.6808506003196393,0.6347580003311137,0.68780250362911,0.43453076608461527,0.6686074417242135,0.3900090686170605,0.7115047391818806,0.6867377792061877,0.5425773374706723,0.6556709404214054,0.6158382538750434,0.7597809128308042,0.6913019798745034,0.7382803474437101,0.6119500889338811,0.6723284280822935,0.7587515521496659,0.7536674846379459,0.664849538046015,0.7083185192363997,0.5571572232731921,0.7870354979600275,0.6780486038617844,0.637086998399628,0.5924084596350203,0.5678936428967661,0.5546637864265637,0.6449610719544664,0.613878832529768,0.6528613068558755,0.2904879684987031,0.5912612107248919,0.6436498728145793,0.6415335655841699,0.40913247433653294,0.42542034981530197,0.5002979230239059,0.6953744356656183,0.47261668528092454,0.32149332559509114,0.5708420610303283,0.5561548700744559,0.7393895437806703,0.6308604746543927
USMV,0.6490981979658591,0.5459181551601259,0.489344409185971,0.5120141075819642,0.5378061984822686,0.5151748811260078,0.6586665423433993,0.604902994948038,0.4673887783180112,0.801900724615319,0.6276988100276033,0.6917353475579965,0.5449770148029209,0.5395507043011514,0.4506394916295378,0.2546873563752226,0.26206571031458514,0.23056102498111775,0.5976840959132153,0.622003899317092,0.857838246861725,0.7248833305214211,0.8655712342720878,0.7943551445620551,0.45102881353051855,0.2555473196270579,0.41055027612186445,0.35538612483629595,0.4676201287830015,0.6784108806004118,0.6675107667259573,0.6250487508714238,0.34792262683312003,0.5213292607736494,0.47597352966038764,0.49072194454200074,0.6719495426554967,0.4507284389014734,0.8217489757791978,0.6499573037023711,0.5974654195018564,0.6045813696636625,0.33043484370456305,0.5815883383440975,0.6346888845145137,0.42036304273937874,0.5837772982356124,0.5409715683932383,0.5978656646696998,0.5338305022950239,0.4275726988436895,0.6263354035902532,0.4462212918581395,0.34696581568784207,0.4404584086631925,0.6286732840496906,0.6196729597097476,0.6956099315074402,0.6381748325552584,0.4735358785078913,0.6254777610321501,0.9424612053256446,0.30602045327912336,0.31338728749680217,0.14013387974748773,0.5289624356268497,0.14817249428956478,0.6906328459276224,0.840867345667187,0.6663288256561111,0.27693169893141073,0.6314199275954813,0.4146014535648409,0.5121277105869114,0.6334874062878258,0.7379232106206008,0.47776409870529646,0.365933393896787,0.61224025490302,0.9068838837366664,0.4782938034099128,0.7703205184478197,0.8778230454365572,0.5462466635042478,0.7153907843726406,0.7283237174956839,0.6057178890075292,0.3421238724339876,0.3739521998007956,0.38243057320366375,0.2782517860826863,0.7992407680084231,0.4213185135182052,0.8214338840499871,0.32896154845560055,0.6784700916309115,0.4072512326662077,0.53152244878922,0.8039026952102996,0.4584107677457035,0.8053869529728498,0.4476703556811689,0.7049971527907232,0.6817283117388971,0.6100635661321218,0.6625091341450418,0.6027222521066056,0.8689853153571704,0.6614338412832507,0.6881426044199143,0.24535865274271276,0.6429081285524875,0.5831696721134139,0.6611306498540908,0.18905671518968492,0.29974910143545364,0.4845686823031268,0.40543916527148455,0.8224631731617217,0.7484725961562128,0.8214619438274013,0.336051640495089,0.3724458984137435,0.3506376569701648,0.6901051581637271,0.3899234892022506,0.7279080610163454,0.18428551703222712,0.2843753655055657,0.3555143485794683,0.6580942272965666,1.0,0.6973064811858296,0.7281516696357113,0.36140328273065536,0.6656550031932469,0.1616397757805484,0.6552548845841442,0.13974817162478992,0.918282841384632,0.7249458210045232,0.2611122125181786,0.7490617690171891,0.5701265161755507,0.8401554230936013,0.8331631533633931,0.7563037973736615,0.5647260208736952,0.6223613556766363,0.7862004571364818,0.8163135556052954,0.8700529524682916,0.7049783439042262,0.4758036220630955,0.514504938223314,0.6383706716970717,0.640041186684146,0.5513360665643714,0.5883445983235274,0.5125070924273988,0.6187893242246387,0.7292697362501004,0.6778812397346616,0.3522785079763778,0.7392996791203221,0.7539077799065943,0.636488904485138,0.7420225995405018,0.6384777020106094,0.7948913949695331,0.6704626371552376,0.461404239274366,0.3302987261132209,0.5457361164121434,0.45597756484912255,0.7014717920524614,0.7401453894914196
VBK,0.7179911407305254,0.8503316325314939,0.8191051610583813,0.8696092377568191,0.8861244318416932,0.8482237763208922,0.7472755014837188,0.7154387913305426,0.6962017997664376,0.9110853098381391,0.8085189333845946,0.749332258011103,0.6607804821113112,0.6110527181926682,0.7516552344820187,0.25309617228746367,0.24541788084897168,0.20645210247019077,0.8617407769961961,0.7769807246382462,0.7963531486761842,0.604824451414851,0.7242716705710333,0.874072256449755,0.5373386913688143,0.2471311281575936,0.4866734158130186,0.4753686496974069,0.6450864632515201,0.5865580363427713,0.7853521475935935,0.6522129819967925,0.40338573542422,0.7017724377817476,0.697476630066229,0.5585339285073332,0.7487835641794597,0.6872245629367303,0.8895932301626575,0.708698017687283,0.6917298470918236,0.6737087728210366,0.43346997548937233,0.6358460117252644,0.5952254858293055,0.452687635089285,0.7608084711713428,0.5815812904778954,0.6557384205677698,0.6427994356831009,0.6594406319179134,0.5998186168291748,0.5177395585059765,0.5736151389614214,0.5562898531079914,0.8378923056590964,0.7088363274841247,0.8873988981503924,0.7477825100300748,0.6155573501550881,0.7068831289339161,0.6729911341457823,0.3485720868482704,0.38846474870903336,0.17983390060585927,0.5900894930164835,0.11803770742326998,0.7572050756615079,0.8882791012872553,0.749672147262237,0.27873082357395085,0.7416398336016478,0.6800736227636556,0.8668654363591388,0.7838399450490982,0.6595252644667713,0.5282224277848312,0.36175032536341606,0.8091498590739301,0.7280126268473263,0.6952438113634699,0.9194329625941806,0.8841274337438279,0.6619102733126031,0.839740285017224,0.5557253610138826,0.9449347289821148,0.3910552699496004,0.6179168726725063,0.3968268292723165,0.4493971375787908,0.8602258686436429,0.4360949705274704,0.8407039674428957,0.44701020354396714,0.8239294504831403,0.8081957249143412,0.618950530999973,0.788725464872281,0.6058398001960171,0.8226130311917558,0.8268945426545706,0.9590864860657767,0.8474152230434946,0.8637968268476568,0.7789877041474604,0.6783499851234134,0.8742668351905454,0.844246490527617,0.955319517679456,0.20681295816412046,0.7503978335467351,0.664102346629435,0.7422139228725619,0.2742428329381455,0.3970907006603568,0.7685865192352757,0.4636526771594887,0.8756320923907803,0.6316606845755982,0.8726460298817792,0.3199143406198126,0.3802105156615424,0.6465513761621768,0.8183234475960358,0.48390515425826147,0.8307445222214598,0.21804263698416537,0.3697111827750366,0.5611244970370098,0.7285147134564758,0.6973064811858296,1.0,0.865296522545385,0.37930240383295066,0.7694363136059771,0.12082139808990812,0.7135586658050712,0.12369382782164645,0.8045560160316694,0.75489054075851,0.24751053924412011,0.6587077942280803,0.6301301496124061,0.9349926649906066,0.801804087753001,0.9524797386702158,0.7190378677257455,0.774214561194597,0.8979300695091109,0.912093908123786,0.7623100577911986,0.8522459856498602,0.6814620363183084,0.5662990322045504,0.7769439210193368,0.6822607478499605,0.7853370419881741,0.7710750024780609,0.7490502753149447,0.7520344128170247,0.7328107085720446,0.7177275948761024,0.3496111828701076,0.6840588771251702,0.8000672062810035,0.8093629765264903,0.3214028834054479,0.3565060123091117,0.5274849369046061,0.8247193353743689,0.6568600172064724,0.42771919174909895,0.7252250274040472,0.6969079194921985,0.9141942453632066,0.747304181031297
VBR,0.6643371130969613,0.6407110326717816,0.6219700814027367,0.64075375875085,0.7043294019327848,0.6190438133890603,0.7634248290088903,0.743580409055357,0.5973781352508053,0.91764698508229,0.9669379704523844,0.7900748861345156,0.6323887334496547,0.6012812052121962,0.6007190395818284,0.17919374983962216,0.1771965788484613,0.14655407294093292,0.7185687694341847,0.5882745042916891,0.8612907000600666,0.8097700127580966,0.8175007593284114,0.7990291622243471,0.5529963464359512,0.17961898175821295,0.4495297855310248,0.49144227642561333,0.5524214252975139,0.6039179396168196,0.7073032670422479,0.7376133017116203,0.3951655774278176,0.600450645851539,0.6077249276512098,0.5727290123639822,0.7434196876629501,0.5806771424215222,0.8232756780825902,0.7223696161872877,0.6770220523202513,0.6681934732206132,0.42553929152574,0.6785032748720414,0.5985986327742346,0.4448565607893696,0.6788002843129886,0.625468112940732,0.6829861872106159,0.6061539261234372,0.5542690934434951,0.6863854474159196,0.5337797884031105,0.458061822504598,0.533524232125855,0.6396877450808787,0.7063606720224633,0.9853492632348967,0.7556320700006257,0.59982239117446,0.7581508672645113,0.7657134468371742,0.300273551108693,0.3355635896470684,0.1252967483007123,0.7035279535288878,0.055991065052771606,0.7572373201857787,0.8305632921113113,0.7574806774365294,0.2490180591336528,0.6082521518097223,0.5288098371086608,0.6665126482966395,0.5735046980404785,0.6056652390174772,0.5112821550469172,0.5317235625027844,0.6338459924622617,0.7804459859199261,0.7580707151820341,0.7959104691881578,0.8390046794263191,0.8679566121396645,0.8735864358405309,0.7508282269741657,0.8091734602263958,0.4131912970423401,0.5272200128542622,0.32374168660852337,0.3654622342509922,0.7805821851195899,0.5736374211650094,0.854778269414888,0.5977611705817932,0.9071255796252068,0.6554907925779142,0.6011911786609991,0.8456345520170325,0.6459171846277771,0.9296678271610164,0.6635668157647004,0.8021234506212536,0.6726723867892892,0.6600631826170749,0.6422531069864862,0.7758636196089718,0.9467117080249293,0.8355580438477911,0.9513546100616959,0.1718160653561687,0.7398252207916307,0.7383672101574761,0.7008571962332236,0.22435279521780488,0.3449886048013057,0.59896558109708,0.44277521701862416,0.8217434061592301,0.8697150178512326,0.8124084456917999,0.2701083490788161,0.3075919445121811,0.5033805858229893,0.732440966302408,0.4470328805427728,0.6864744169937109,0.22880986743671733,0.362878586177278,0.476403455828784,0.6808506003196393,0.7281516696357113,0.865296522545385,1.0,0.3066637288862212,0.7556568913037708,0.05907550636019043,0.7227438002002793,0.05316952328432517,0.849035883266772,0.7206405808387164,0.20415787576163405,0.7327399368505566,0.6441265556009069,0.9187819634748542,0.9487065444128685,0.803501931118565,0.6675323359295389,0.7182935761856747,0.8458013180610942,0.8532959666025194,0.8996963224536869,0.6857423709302408,0.5977913873233227,0.5121695122878671,0.7416979193107609,0.749144024498735,0.5722719039653185,0.7440615834584814,0.5874251651590825,0.8110362501560127,0.8483029142830768,0.647813582374586,0.5296546806389476,0.8419907295227756,0.8767753266888061,0.6358301366614092,0.46895150879896846,0.4389309674175848,0.5589960313891139,0.7542481936504497,0.709397854986217,0.5696757396355074,0.7738717052650426,0.582544572061193,0.774247464487002,0.713976440595153
VCLT,0.6728451897096804,0.3230923830659959,0.3627191741118107,0.3409717539135162,0.30963609596910857,0.31051431531504053,0.34567523382448784,0.31487408388818067,0.29079431214875295,0.3265490387843266,0.23207696257068205,0.2989356053869489,0.31283293436699,0.31050372484158234,0.22856418524636102,0.9660378398542273,0.914135810242928,0.733044137423479,0.3460308070970762,0.3015546367143513,0.31795055354908786,0.3095540940542149,0.29159668264035954,0.3582708125806093,0.260994377973082,0.9052670760631722,0.5728886059351406,0.22877320015047523,0.3025638846890145,0.4175367285959868,0.3950334907432597,0.2991568095609891,0.21056276383365435,0.2938408543067522,0.2961595687920868,0.2806872042837131,0.36773657961589223,0.2888417055577843,0.3623578766323903,0.3471706966591569,0.3204598647877766,0.3360090219015367,0.1869328828821176,0.2895388558215988,0.40169667262620967,0.25683312456708185,0.32813644213817317,0.2988409589624948,0.3259954215214782,0.3037765490935036,0.2718316577589867,0.28234977653396764,0.29301052370989045,0.25084478480586714,0.3087591597245127,0.33330314996178506,0.33442593669343385,0.3147371927375694,0.37685834243078087,0.25952950891468946,0.3128750737827403,0.3411917539125454,0.2625716191189432,0.2684244542611317,0.2328833717510485,0.16920243392038656,0.818769863087504,0.37157723998120373,0.36369057807874366,0.24664759797139413,0.6214043059747593,0.35726011952686565,0.3308656843849863,0.31061062284660634,0.315778765630245,0.34181421627126074,0.2181083926223027,0.011687885739546872,0.3158817201026254,0.33347644394955456,0.24097675238009145,0.34622945412548284,0.3748256522012684,0.16364777518554918,0.30018420157129644,0.15559900331457224,0.33430412908746887,0.14248266728073422,0.23287390748224152,0.983462532249701,0.17323319691597444,0.34517695538326226,0.07840527451548888,0.3917476760451446,0.011360569947047474,0.27142152079704795,0.29194091312437814,0.5549176378870231,0.38707369865487284,0.20224662155720421,0.3020654414149118,0.3109226995464725,0.37207190153395747,0.34546696611929173,0.3278541015481438,0.2922332636397321,0.4143712211970764,0.36170159468505453,0.2674621275511951,0.3370998063462129,0.734536156119449,0.3822640732541436,0.3401310595253494,0.6122268279569207,0.17463831797868357,0.23600647282381415,0.26501080632833235,0.18276945692992666,0.35479471679097213,0.2967242569499327,0.35598197579044577,0.7637494072696164,0.9747835841316754,0.29696405160374884,0.3182999055277155,0.28309515044305716,0.34336513978977845,0.056439094360250824,0.1281992548752361,0.14815819668395053,0.6347580003311137,0.36140328273065536,0.37930240383295066,0.3066637288862212,1.0,0.36652762981987014,0.7811128445312755,0.355563675982604,0.8986186087369485,0.354511573790345,0.4024825588583427,0.8109580494420777,0.4444561829880026,0.41618123525898254,0.3760182910396231,0.3224796668835499,0.3776029811827423,0.33655009824876486,0.3649667743478971,0.3739069761907876,0.3606325484435464,0.29167464729578896,0.34949623186938406,0.2805549081037815,0.7693653390130248,0.3566438169272798,0.3149663606464466,0.32158777407827244,0.25422263058862443,0.31569463768685674,0.4376352365737715,0.3049608087962619,0.31333624613210426,-0.0038792923839424585,0.2005149311185632,0.27508869283099124,0.3099630099625506,0.25920773555502646,0.33317048677249594,0.2954313302021507,0.3529391632535257,0.18077754150314124,0.015167785404911989,0.27458248206165525,0.28811333141659645,0.3902255790397013,0.275765312014759
VEA,0.6778475929266118,0.6406609200812249,0.5797904833706531,0.6211561531171129,0.7047671502461172,0.6157173836489964,0.9855093460757567,0.944677607679438,0.8368982481900897,0.825118007371986,0.6984638005874181,0.8387763994671706,0.8531102351807484,0.6028775140693675,0.6119386277398303,0.25092664000670956,0.27105444374891,0.22781471527296746,0.8232569853853434,0.5718348421908244,0.7755892078982393,0.612603885778124,0.7460105105711563,0.7975277331499203,0.7314509071177195,0.2701354959169738,0.693558667320224,0.5780425805579881,0.8119745862735934,0.8658461152194483,0.9644865832507216,0.9467191446819798,0.5006388197946982,0.6611775660562057,0.8458553152421049,0.7504572255657528,0.9894629238098646,0.8197550315181554,0.8094570758087264,0.880592683146221,0.8830815344385881,0.9055703428504375,0.5767311757303374,0.8825782256813823,0.825721622350209,0.5808839271397358,0.8974919240427635,0.8316545621109117,0.9041261817900842,0.7650225689879204,0.7432149259801621,0.8821821743041727,0.6539429170877233,0.7214603809002158,0.7328938093377836,0.6366725262791756,0.9362272115119862,0.7586159944750083,0.9655248136960348,0.799257510917262,0.9736396594660598,0.6599047992520318,0.5167473220996798,0.5459148400845789,0.3509468913463075,0.7520944099568425,0.15073037888548002,0.9835965228440587,0.8021261979162664,0.8920481737652516,0.31674737728893176,0.5846714284109268,0.6163283931486997,0.6998933876186586,0.5723010072274521,0.5756520150335327,0.6315751766228831,0.4333747860687498,0.7567115093502776,0.7126264185654472,0.6403925891799098,0.7943644140052143,0.8026533137821319,0.5765158441350802,0.7315193245658106,0.528934014788002,0.759997466722717,0.4485235534059359,0.6317642879461631,0.39644208415096327,0.5293081874620166,0.7936999227554293,0.41904861188928283,0.7501835752999999,0.4559741878522288,0.7411703525488919,0.6174994606743855,0.5831329448615076,0.6952896498777037,0.778632404899661,0.7378137545344574,0.6485925324876132,0.7719843791255911,0.7420423414566268,0.7193463887217215,0.6902126195165936,0.6415537443517916,0.8029264316390917,0.7113030316907227,0.7788770646428413,0.2272561197438576,0.9608633195028271,0.7837139615397873,0.7056161342428712,0.42143535796671877,0.5274689390298175,0.6940782385448453,0.5393382711299874,0.808520266501832,0.6448851772684518,0.8027228266273152,0.3729600928899834,0.38034597497442957,0.5361201318656853,0.749080591062761,0.6262843544961703,0.729345920956115,0.2812442548101536,0.4155528950391571,0.5883428699645012,0.68780250362911,0.6656550031932469,0.7694363136059771,0.7556568913037708,0.36652762981987014,1.0,0.1664940440415801,0.9608579347042548,0.12603261849101455,0.7751692177724115,0.937057721835259,0.30049329535793196,0.6079129493208852,0.8249846224380605,0.8071706757453517,0.7585437751523937,0.7682879144970924,0.9256657346038304,0.972549151398008,0.9206327785630688,0.8172827120234393,0.7697719563108804,0.7356941284747125,0.8047054089747498,0.6055969761770006,0.9843278557565526,0.9505132905593132,0.5070075261003043,0.6554540888722966,0.5366294733399077,0.6483807492595043,0.7725516209008633,0.635690921393138,0.36730838005755756,0.676309687472292,0.7522852765393137,0.7176672745391581,0.41433845918491685,0.3973910935648568,0.5223694873551523,0.6974804143964268,0.6629493173495659,0.371708513046256,0.5499019640934193,0.8178551410852757,0.8485535566023054,0.7081016271017586
VGIT,0.47829606740374714,0.10821008588858812,0.17998638602329264,0.1241882256732571,0.08300014151413879,0.09520074389978876,0.15071177106343275,0.13822220932106638,0.1129283032252106,0.0465304928506628,-0.00041934330949236465,0.11722372505503852,0.1452523782052065,0.05979159962395964,0.03847889618611235,0.8424264688578049,0.9539533722359975,0.8093014712887565,0.11099503036641219,0.08670177511979528,0.0678662011630376,0.13586164366662035,0.047078999544988544,0.08629985547304149,0.10651118248310258,0.9417973392679825,0.5253397104672914,0.11096492952123889,0.1657138040145274,0.30517433725726323,0.1924646104193918,0.11086125323313514,0.11995112991651997,0.11050420687168924,0.12446804891254416,0.11196185552279377,0.1641546912294691,0.1136147175141629,0.08505008910135843,0.1819794916393306,0.15383383022847902,0.13863834544538325,0.06390469793956835,0.08910395797111369,0.2671950632897689,0.1605004800232919,0.11053854638718093,0.11085878150792837,0.12615954356924822,0.12233809556894493,0.08562677385167537,0.11706865489789274,0.14568997318726873,0.12869314170920956,0.20975081529372352,0.10084754260970538,0.11720766711839836,0.07615091529117725,0.1972121253546476,0.08808678516592425,0.1210714420686424,0.127209212002575,0.28668734667680734,0.275652013891806,0.3169922913375448,0.005462856184748515,0.9209247964640948,0.161161178814144,0.08660784776121859,-0.03730447505282575,0.592467414415543,0.17775404960176003,0.18657874741597966,0.09548778824735102,0.09290283315082802,0.15632863964793864,0.0740112489944921,-0.13292405866750756,0.07012581856553157,0.09672551857474043,0.005106345785443177,0.07453992560877128,0.10623042856535361,-0.05660502675653228,0.04382135910561887,-0.05390789624883504,0.0961683246856848,0.029373645805586233,0.06514450779152497,0.837745605853125,0.048384884877514106,0.07174122323862232,-0.04554889478687209,0.15039903661478465,-0.14063605075930286,0.04222806301910625,0.0962462320893649,0.3349464393219236,0.17524341193660734,0.05382619653689771,0.04758311535902146,0.10344717906439611,0.11653354844779448,0.08682008037863378,0.07907052767709907,0.035509353707189724,0.24306409614278762,0.10228400718041422,0.007960986360877538,0.08726258120274168,0.7998127492043247,0.202992114525612,0.1549319567691815,0.39494757243938866,0.19188524857259484,0.23185631842289625,0.030883547582657975,0.06233950493641809,0.07573102145412541,0.1093760644735195,0.08443499017996028,0.8800655007117633,0.849177998620374,0.14551951103638683,0.07254969906839556,0.16544361268448432,0.08420622342176641,-0.001141833290224058,0.023611370599320138,0.03186005774578832,0.43453076608461527,0.1616397757805484,0.12082139808990812,0.05907550636019043,0.7811128445312755,0.1664940440415801,1.0,0.15475630760721454,0.8527543562304415,0.10239827107040786,0.21709809055044332,0.9193226001311776,0.282290834296798,0.2768888511048627,0.11117618230792313,0.08649056007059328,0.11670299458136865,0.1700103237365762,0.1681395011864337,0.11296855547582366,0.08068288483977726,0.05566046748860797,0.08627144287571485,0.09854083454829095,0.6254956714504928,0.1532824396453284,0.12556923919561486,0.11811602711855058,0.0705500172848494,0.1526621618235995,0.26424932434441833,0.09183906790029575,0.09569362617512217,-0.14586784764285451,-0.046815519617449265,0.04651078890184479,0.05920520602041725,0.1563532385103884,0.24522886510327768,0.1478776437160176,0.10591556445048103,0.037549341897194055,-0.14819453950036235,0.08688151582609958,0.11057212463477577,0.1467508248919425,0.00961043841470534
VGK,0.6538429647923584,0.6013236368246258,0.5392795159368017,0.570731706854648,0.6371066265252663,0.5691914042542172,0.9626805134398566,0.9001317570524061,0.7510263260113386,0.7746102972058164,0.658164746927756,0.7896507600053584,0.7269855073186934,0.5906885557461619,0.5609403696636699,0.24087702027039998,0.2576468672226175,0.2090704671100303,0.7528181826185376,0.5269025354161053,0.746319573681128,0.6044164905889795,0.7229654892919556,0.749637001877894,0.69291251239604,0.2557590486883913,0.683691077553651,0.5432095805299618,0.7324501091676112,0.8763115153809277,0.9422284919144417,0.9423680463085923,0.47053276111621206,0.6231515222487247,0.746774439462937,0.7682407746252686,0.9737713488328031,0.7369487617596298,0.7608125697121332,0.8274026480590566,0.9120108312593607,0.9504651064653136,0.5372437933963882,0.9239350791020362,0.8747406251560416,0.5449868247156576,0.8976176333361546,0.8735945373518693,0.9562339578017844,0.7311757739910704,0.6557592783522239,0.9118793926797916,0.6278765544417667,0.597824184825277,0.6970031888136169,0.598643806155191,0.9724160993568022,0.7168814298376768,0.9199898176155995,0.7458938393682891,0.933517038429075,0.664987489504289,0.4608800925364552,0.4889381355785777,0.29476804491977593,0.708240388844816,0.14089272077744708,0.9708124703149597,0.7563493195227392,0.8690729224307113,0.3105165388004009,0.5690499217675926,0.5784090041786057,0.6268147351238982,0.5348315994844216,0.5794833502338238,0.6177677198812637,0.40211230922990854,0.6797305436004534,0.6922354399730068,0.6283021302553468,0.7333001158673504,0.7582965774937788,0.5573094576338314,0.7032276334403642,0.5469217166000604,0.6980490062077863,0.41944958723857395,0.5769668227676894,0.38421566275296487,0.5011767180246689,0.7438067995431349,0.3927982793495418,0.7310694291577613,0.4073320657290982,0.6903674145389264,0.5592103279472626,0.5583806894303252,0.6850732091431646,0.7128903739194792,0.716359412410548,0.5867932163257097,0.7262181120214478,0.6798509208406283,0.6502412202370821,0.6383937230699108,0.6296745509898596,0.7754343733231654,0.6647448412796461,0.7225135969734101,0.2139901142901013,0.9345959573733411,0.7644832353344325,0.6834627694807254,0.3698489538264268,0.4713947297981474,0.6191222623529464,0.5268136211772174,0.7595876127937097,0.6401294450521584,0.7559151921097418,0.3632802830578642,0.36905557386588494,0.49816668035571515,0.6869788383853317,0.579633496154917,0.6842415104821626,0.27860583668567473,0.3800231321981745,0.5168355266388486,0.6686074417242135,0.6552548845841442,0.7135586658050712,0.7227438002002793,0.355563675982604,0.9608579347042548,0.15475630760721454,1.0,0.11723888588823551,0.7483809872925564,0.9212112382368834,0.28533142899751396,0.6045644611737301,0.80189338702058,0.7691870162269343,0.7369024945742255,0.7168614281575943,0.7959899267377707,0.9217265563979774,0.8706173161177803,0.7677071280541906,0.7389409030292561,0.6858549508411798,0.7464503295976338,0.5965640637679875,0.9383807314570854,0.9306216719962532,0.4832775459007371,0.5959523450474282,0.5100619246325637,0.6273389573458567,0.7491463861844777,0.6146296897114923,0.32949545038411354,0.6706738039241394,0.7090085126708998,0.6458231178328082,0.44196542569391983,0.38687667269329123,0.5391593669721374,0.6674697171410275,0.588380016861772,0.3278560757111192,0.5377415586772997,0.7375963253287078,0.7967006312678031,0.6700459726915261
VGLT,0.4449636693456605,0.10383710096629944,0.17353927093387095,0.12202994068360629,0.07677082876120953,0.08939865596015817,0.10405752282320746,0.08658169350600826,0.08916499716890819,0.04151675063612954,-0.011871144730010413,0.07390392422223321,0.11145541339538385,0.08795818456832494,0.021508503201760423,0.9714303580959915,0.9287191749794974,0.7656842787099186,0.10452771912297201,0.09860695114055537,0.05478749792741119,0.1176808626038648,0.043782099884512315,0.08373953040086614,0.08473660892990434,0.9154493606655921,0.4559093385107419,0.08726902018544527,0.11947905361220146,0.22988675250332932,0.16134339049052066,0.06689906460144082,0.0895371673295102,0.10313512558913458,0.0940218529386917,0.08906758103343383,0.1257144321660058,0.09184816039214648,0.0820630861336432,0.13404621777945844,0.10768978210192079,0.10469012753252019,0.055786033201454255,0.054281824581045496,0.22046576939041768,0.11420950685285454,0.08924983235745058,0.08222356322257426,0.09248823955331661,0.0916470446514583,0.07586461648578256,0.06799930570921318,0.13375907203315685,0.10098588836809144,0.15344025482265547,0.09651895121510028,0.08991670435219003,0.06455881200256541,0.14475531369704323,0.060233713029767315,0.07677580412462796,0.10958622602475586,0.19159228400955863,0.18293358556236666,0.21575325732606115,-0.03334004408916968,0.9033669309946126,0.12582532407561767,0.08555992396882774,-0.006780102112382145,0.5885440203575376,0.1653310833882227,0.16662518552765757,0.09641149284077878,0.09875714072659644,0.14800465038212982,0.04535084622223864,-0.15194862327144348,0.07337625254366881,0.09969298939462676,0.031240661901925926,0.08114921158148437,0.10345950064407604,-0.05155258992834155,0.04629144256336505,-0.05065385444541777,0.08713971304821132,0.0017749925533029974,0.06966704702907282,0.8817691055572271,0.041957136290562726,0.06757674935709845,-0.08452649284826075,0.13081348641753968,-0.15679453401423624,0.03608752867025731,0.09396483906083446,0.39188373035298696,0.1606035746518553,0.018568266905821106,0.03985348132335371,0.10363920179349109,0.11601445644231931,0.08703480832771361,0.08313965304755346,0.052684897061795036,0.2314077930291127,0.09083801201790012,0.026888971836106498,0.07953704083813491,0.7512471866075687,0.15122257867440778,0.12911174035652412,0.3591450440856017,0.11576212589201687,0.15166928728906745,0.03860549503091236,0.03502587362183145,0.07296734367021628,0.08279515016442808,0.07917354543334097,0.6822291037612919,0.8829188316569508,0.14556831000934486,0.06466902897778802,0.13510431157872294,0.08370333932261603,-0.026508330420076626,0.012458869934303111,-0.022925390934506854,0.3900090686170605,0.13974817162478992,0.12369382782164645,0.05316952328432517,0.8986186087369485,0.12603261849101455,0.8527543562304415,0.11723888588823551,1.0,0.09185417822206819,0.17620505565210717,0.8252771720171223,0.2675427022774667,0.23064268463142443,0.10648793343455326,0.07115318091416195,0.1192681234085573,0.12872544865655072,0.13247965405190856,0.09516957977859346,0.07823291743701126,0.03734750796181087,0.08723114183841042,0.07710081248758771,0.6219101558360401,0.11593594508198826,0.07975979383638349,0.12908319768967394,0.040050655924285514,0.13139661357122842,0.24876569574368856,0.07790395246413646,0.0754057930042249,-0.15645554745832685,-0.05051619610893428,0.03037095230126388,0.06364875400131839,0.12819608758850057,0.22781147798540283,0.13197639212924642,0.10368712075755362,-0.0024913360389851318,-0.1563116084009711,0.07277508787264686,0.08943794829086836,0.1351969431516047,0.029580474131283
VIG,0.701788267266872,0.6238668834517227,0.55126266994264,0.5999497128275252,0.6700886826575162,0.6000675470308332,0.7655689630189508,0.7132075314590728,0.5905129321033075,0.9284706296906698,0.7682789118922942,0.7668272865227052,0.655435215167082,0.6101434728871682,0.5644823815950303,0.22421055941928558,0.22213448513231224,0.19295702012476623,0.7295884445359028,0.6496444868858042,0.9501630454656582,0.72714700415352,0.9326574297857897,0.900711103693855,0.5284438616553374,0.21929080528384717,0.45534280616786804,0.4344143846644085,0.5674519105807725,0.6778455851549114,0.7692719303380618,0.7232753521690777,0.40336738520965854,0.6137478885972638,0.613189482639231,0.5780316935404471,0.7746858231006215,0.573817005475872,0.9251290905389676,0.7361665104261782,0.6922146523831747,0.6960354930075912,0.41114796898936123,0.680906217889578,0.6660194299646754,0.4775930351021069,0.7176623785966458,0.6281508048173432,0.6949499158724441,0.6115639315447676,0.572217329242169,0.6937598753048559,0.5149280515011917,0.4703029667515687,0.5199529987621518,0.6902282846819047,0.7328890797928069,0.8249304090952924,0.74041364358929,0.5822686855091499,0.7400343658382166,0.9200362080607266,0.3130451270063413,0.33184451273362586,0.14036928791163847,0.6195321981453038,0.09597945597981448,0.7872501599055446,0.9354019049294677,0.7863622101372764,0.26239413129927713,0.6266083738536573,0.4901287769679911,0.6258167752495981,0.6619595551047904,0.7248546661392924,0.5446976202334896,0.4200987020744024,0.7546401886913382,0.9322687726586146,0.6234098118742405,0.8747211513961949,0.9475031520509976,0.6812854169744087,0.8285125089608995,0.7230886594812652,0.7313295541129913,0.4057338011029157,0.4800263244868316,0.37242466812747493,0.3381371760529027,0.9073025811693279,0.4583627850707514,0.8860277547690781,0.43428693933717544,0.834695433005163,0.5345424792698212,0.5834387566911536,0.8598648052564702,0.5786185724604639,0.8929650366506597,0.5810823699823975,0.7963164000797465,0.7955236680778117,0.7317447794925409,0.7519506089013073,0.6616852792268851,0.9469005987867776,0.7654459564466382,0.8183000351444333,0.1963518689513414,0.7382539824907217,0.6512046428591861,0.7270319272388417,0.2271074743492693,0.3302984760821977,0.6588735858757089,0.4650916703735921,0.9297439519372044,0.7822859345178867,0.9263569240266937,0.314092337827294,0.3587685299051745,0.43011402760115336,0.8280312592519874,0.46428083746670973,0.8238613340756241,0.2322841550292396,0.35745875334033744,0.44566735000097846,0.7115047391818806,0.918282841384632,0.8045560160316694,0.849035883266772,0.354511573790345,0.7751692177724115,0.10239827107040786,0.7483809872925564,0.09185417822206819,1.0,0.7830022746541148,0.22774341341906887,0.7262603830319733,0.6210542769483699,0.9178290213220552,0.9015078166336306,0.8385652918738337,0.6849839329481632,0.7369863171639678,0.9021679135586618,0.9252607515212286,0.9431207643575193,0.8102676736579298,0.5869448978696467,0.5501716874765317,0.752374192772178,0.7367970684054249,0.5646566864490115,0.6936375317074949,0.5344630915504712,0.7293623922607673,0.8239084759111099,0.7191842090363384,0.4053399467631569,0.8373357584958874,0.8823962314759747,0.7684854895048627,0.653845164951011,0.5528019208206727,0.7393996576863182,0.7767351106459025,0.5874373363345364,0.3995815920170359,0.6346738114874715,0.5782001181791185,0.81129289627013,0.8212024267980494
VIGI,0.6781004428147329,0.655904608529732,0.6001797252072913,0.6260953489015232,0.6739461260231767,0.6195330953171249,0.9281528782040597,0.8682923738024174,0.7565319093452926,0.791053193064474,0.6470874185760854,0.8145237843763417,0.808293266753824,0.5837739185779175,0.5847740920226353,0.2951063034976073,0.31518192217035074,0.2706133505452699,0.7904727876057649,0.6012169527126884,0.7655520541530545,0.6037518545793719,0.7419828115174417,0.7834770568204434,0.6687674614591723,0.31336521339411655,0.6646202096360165,0.5254480889213536,0.7438990816808977,0.8991284643874945,0.947096041359817,0.8767036740486749,0.4950645784723454,0.6253265281625262,0.7390469775703996,0.6883849717792326,0.9471844158637963,0.7491366398368733,0.7966904460311235,0.8380914946410257,0.8479341535789979,0.858025522927175,0.5582019897275856,0.8097951542532862,0.8649716918985761,0.559442529943128,0.8429521327231603,0.7561826291369544,0.8552569357157643,0.7375974249786209,0.6589302002159283,0.8373733256292298,0.6124620812507497,0.5825448013289314,0.6901977704306007,0.6624499016834332,0.8790431650074794,0.7187387347034648,0.9056420628793355,0.7369418339725229,0.8864686642554157,0.7176851797988121,0.4758261660729827,0.5018401297902513,0.3088776205452134,0.6694121162709558,0.20043964358224348,0.9487515144583921,0.7964874175922229,0.8530856471445463,0.3428841014633646,0.6369969792582509,0.5773368126696076,0.6590689597414802,0.6182126009042783,0.6441802365756609,0.6464544131752468,0.3674500134690273,0.7048191057946919,0.7405265818634943,0.5845467131051579,0.772821070712616,0.7988409078076066,0.5322133939443627,0.7169933377784019,0.5463140094869282,0.7251447533486624,0.42158555483037374,0.5850702579390683,0.43147292894425027,0.5363981344307882,0.7788173250750243,0.3826792230677417,0.7644116714857155,0.37309293809102106,0.6878496312343415,0.5738374314730993,0.5815118624629702,0.7160926754438033,0.677036296264855,0.7245586462678149,0.6006658728573396,0.7699941016381379,0.7212843147595789,0.6901613437300987,0.6840750828486183,0.6273396781946643,0.793223097944674,0.6939268539766055,0.736368990380188,0.256434013133105,0.9182162779328098,0.7446626296717425,0.6983497528910313,0.35910454894138905,0.4795762318002357,0.6277488716181516,0.5375805462380295,0.7916992408464776,0.6274579115125547,0.7901554135189396,0.40546935433452436,0.4180854219300879,0.5112357747813148,0.7111424537178725,0.5842880003252179,0.7351335920329561,0.25576055037115253,0.38025721307042903,0.5246834432506482,0.6867377792061877,0.7249458210045232,0.75489054075851,0.7206405808387164,0.4024825588583427,0.937057721835259,0.21709809055044332,0.9212112382368834,0.17620505565210717,0.7830022746541148,1.0,0.3286645124162284,0.6434336920163298,0.8007621291063048,0.8011905716355447,0.7401228186465341,0.7680032968189054,0.8384955572202403,0.9198071405436629,0.888104425230238,0.800932556174214,0.7451228656792287,0.7327579326824015,0.7685665509620662,0.6116875167565755,0.9272021654000349,0.8885849831482064,0.5651440040734976,0.6131199593529777,0.5659623774544675,0.6455076647481354,0.74037718695985,0.6614672009623078,0.30940272006675523,0.6555080839114285,0.7106337403859372,0.6770205608551959,0.47998465756005526,0.4213985267837138,0.6099518007054913,0.6990890356748434,0.5753466134795397,0.3184914021272534,0.5352747438652576,0.7528841792083651,0.8302779818084772,0.7001835788658617
VMBS,0.5757411264654265,0.21219548063770377,0.26493580855915383,0.225070029481568,0.19628705091243856,0.19736630854526166,0.2832323053928613,0.26583716645958727,0.2245129644589461,0.19103164423587932,0.1398473243784766,0.24152292667247735,0.2553354845400028,0.1842892573993049,0.13713998444013303,0.8408195864870279,0.9448708201079868,0.7739568360972595,0.22734652282732543,0.1767210405089162,0.19956579894282897,0.24965778785104456,0.17069749334265583,0.21840026444640145,0.216936895704725,0.9349558513153976,0.5903785362376216,0.201029770941627,0.263218663770228,0.394884214946976,0.31178274107076603,0.24871387825339297,0.17210298901677948,0.20184408432147494,0.23397119186461807,0.22208490317045235,0.29729432633358893,0.22188092061501347,0.2184596147425978,0.3020338560941151,0.2688561115809024,0.26512962540012547,0.14374271747404757,0.21883872044378458,0.3533060537065742,0.2241031332647289,0.23415054041179653,0.23142485388609907,0.2541240756829202,0.2383378086367038,0.19695265988154198,0.24784222680921544,0.23636705747499903,0.2184437574818058,0.2942350830107063,0.20431659681074904,0.24953818133302105,0.21657115981982955,0.326388840563165,0.2015016621969378,0.26118919940477714,0.23111379719329792,0.30316057255268575,0.29898870030794833,0.29151680900586857,0.1283745258990192,0.8633922354767083,0.2941740211214483,0.21648364551463406,0.11937869000954011,0.6295087352426578,0.2593706571624181,0.27050768063070635,0.1971712817510633,0.19160142753672815,0.23697409069772674,0.1507755573214656,-0.03899602140548586,0.1823861066001645,0.21419288047823556,0.1315500638513242,0.1961976160092229,0.2380713000598172,0.08478197593833388,0.18832488920836116,0.06809221273182067,0.21693064556176628,0.09851274695342507,0.16089680145113855,0.8542718674393536,0.12072399898138188,0.20184198769935868,0.05207216366089049,0.28117211991322155,-0.04529161204904221,0.17236808338052104,0.20317689284443397,0.4510185402809461,0.28804845296353915,0.1692127654517027,0.1821103307771556,0.21031190558503912,0.236651491076477,0.1993017749468025,0.18628446670953175,0.14225953232167401,0.38053370638908895,0.2438389243914448,0.14644901683212538,0.22512396055193026,0.7702994354019024,0.32803173088575976,0.28746693885586155,0.5130832972682351,0.2048111371377629,0.2573213146513731,0.13125629861631102,0.13345815679739226,0.21091178952261558,0.2377282833490152,0.21621160537107575,0.8554352291923262,0.8584801287891226,0.2316078309632067,0.18758709044773722,0.24687583469427038,0.19994170795318014,0.03899432486278062,0.07552661756865123,0.11139339634486287,0.5425773374706723,0.2611122125181786,0.24751053924412011,0.20415787576163405,0.8109580494420777,0.30049329535793196,0.9193226001311776,0.28533142899751396,0.8252771720171223,0.22774341341906887,0.3286645124162284,1.0,0.3766933378936884,0.37700146784495936,0.24661522034283556,0.22635533604670663,0.23628790906935268,0.2878970500349033,0.29455336682702693,0.2535217743723049,0.21796663267763167,0.19218882073604895,0.20355072691650467,0.20872495522947188,0.6998783749768348,0.2849402612523138,0.261052081426725,0.2086764518400297,0.17056443381338898,0.23716121813371996,0.3625214734324434,0.22144106111677347,0.19837181832147963,-0.05876998975563755,0.10300673310821372,0.17162477911538881,0.17048414912743706,0.20904806367903855,0.3051256057100112,0.21663935622114036,0.2254785524179497,0.13724188723558628,-0.05483960101748719,0.1897046340987315,0.21850205253709284,0.2746262995470373,0.13363659310483514
VNQ,0.6535473981008072,0.4989772495979097,0.49591584101724284,0.4867071821083109,0.48485618662445207,0.4732089100469947,0.6122334855430155,0.5853129104830352,0.426943499998475,0.6745508599689836,0.6255108987919167,0.6377626265818952,0.4759714230805927,0.4915543636735888,0.41060876829093135,0.36548158406410003,0.3766873315995797,0.3172270856758509,0.5219785733522005,0.4547869047791033,0.6783770186520665,0.7695587585319961,0.6739222457436559,0.6362129670913214,0.4433808342131541,0.37473292457961793,0.4667414808785858,0.3542137084784731,0.42460074348107524,0.6188460006103342,0.5851912218689366,0.5903796358193065,0.3559995442086018,0.46864006260875896,0.42092640180943425,0.4420785828330432,0.6088337581554549,0.41471596344159944,0.6599564062649891,0.6133884712453831,0.5695223957449409,0.5437105084654654,0.34387444556432095,0.5397454888108278,0.5898022345571517,0.3900643049864941,0.5159313759759112,0.524247553544283,0.5590310311558233,0.4940938573313095,0.37696718536964025,0.5745023732850687,0.41037763928383253,0.3116932544736876,0.43321608805275913,0.5043133871848652,0.5582176761925077,0.7124714460416545,0.6204125537153894,0.4498528911010803,0.5801235225325495,0.7335260131677199,0.30386681683878586,0.31029434652489396,0.16032945629537784,0.4876868825675793,0.272831292295059,0.6248236880641601,0.670130940461888,0.5601388232238141,0.37550546791971723,0.5403317374072095,0.444117181532661,0.4705782713599117,0.46205982196260964,0.6239702606834215,0.40899498081751445,0.3159745835917058,0.45310946749629644,0.7291972026334249,0.5027951350282623,0.6113633812540773,0.6923098824240687,0.5667884379835253,0.6484755960394823,0.5915779689223603,0.569803116785969,0.32068342331602584,0.365163919283734,0.4660604339100049,0.2763374492140112,0.6175247974556461,0.3970550735512997,0.7221765333888085,0.2973092295993983,0.6248338556425755,0.4552424330373159,0.5674731823070207,0.7283816078425085,0.4259936448861811,0.6952473495322037,0.46734042684140487,0.6173241555985284,0.5143920347350612,0.4688427001196055,0.4956030770100115,0.7200382154057045,0.7835422944485233,0.6095156076774813,0.6830365604661643,0.3322716160419167,0.6270661870090825,0.6381655203920921,0.6510331814052989,0.19583668813271116,0.3012583151572414,0.36863089635294893,0.3536770059217623,0.6561298990210925,0.8047231706092388,0.6551594874437848,0.40142722935182756,0.45677577227565724,0.39691707739897497,0.5361710712245975,0.37239551989496805,0.5539722102165688,0.16612352819329085,0.242572476354608,0.2940735404372714,0.6556709404214054,0.7490617690171891,0.6587077942280803,0.7327399368505566,0.4444561829880026,0.6079129493208852,0.282290834296798,0.6045644611737301,0.2675427022774667,0.7262603830319733,0.6434336920163298,0.3766933378936884,1.0,0.6847150410812968,0.7635946170222551,0.797298826623895,0.6547830903925898,0.5061977765097481,0.5678856676546691,0.667825769096614,0.670693789312768,0.7373288474962003,0.5440281096469258,0.4409654790003733,0.5649268951767349,0.5847564705421875,0.6031012157383064,0.47193485940882984,0.5195746364543391,0.48864942495220315,0.6550647337336898,0.6601888976435064,0.5468099258656721,0.29803677276435536,0.6162663666933085,0.6531359927194714,0.4605128631322446,0.5928893433114334,0.6430540977038662,0.6025259952691078,0.5917863789064269,0.42015470394777094,0.3075682346593371,0.5446212222421588,0.41424502641876015,0.6141855178509239,0.5759080520001127
VNQI,0.6163524501757504,0.5450169838084721,0.515396387858019,0.523071066692907,0.5496920352697203,0.5088610753533338,0.8269562337309762,0.8086929124726621,0.7098764455588823,0.6422348600095628,0.5791889147641066,0.7200621698362976,0.6774829789109552,0.4939930839556198,0.48421850730308147,0.33623299537424595,0.36022525695318,0.32344142749113475,0.6332508763127277,0.4349020800581379,0.6146869143671816,0.6026664319196585,0.5989365079413129,0.610829972419733,0.6833211147111207,0.3625824499141486,0.6765173259539147,0.5035067925587211,0.7029201747061531,0.7980063971652814,0.7815224175303264,0.8057530473172669,0.46282453953206765,0.5601664821114246,0.6639615988012472,0.618958884997864,0.8208497473421117,0.69697819605967,0.6240973318072539,0.7742123150356462,0.7509816233262145,0.7392777554025467,0.6110213002384145,0.7253053475888904,0.7235497905314486,0.5493570855846424,0.7006698006724054,0.7043128557799109,0.7499478721289283,0.6726505167327639,0.5682947180956293,0.7563902570524242,0.5692511333633478,0.5366947958802283,0.6693389070091296,0.5111769581812051,0.7489519802911624,0.646072311813166,0.8472621845305057,0.7247961615592258,0.7983823918187002,0.5664176558209584,0.46734187708080915,0.481951918355899,0.34050575862596544,0.6242193288587984,0.26158395156719805,0.8196050534036805,0.6222381277813455,0.68497249993209,0.377209975354031,0.5130341416917336,0.5445256608431369,0.5430369383606926,0.4375081601573914,0.5048718853085989,0.5462478765755048,0.3278899177026178,0.5256804801142826,0.5831565887488461,0.5254727809492892,0.5985194347628381,0.6291255315102346,0.4958836162650126,0.6016289180117385,0.45185235916167865,0.6119600652069016,0.3946132790238768,0.5291058053621255,0.4486983425481397,0.5429299734575282,0.5990672981369758,0.34477573548061935,0.6349228557511245,0.32509726306772946,0.573077311160945,0.5196021218864805,0.5361249061348524,0.5943786196521779,0.6410250820379997,0.6050767590328814,0.5276582339217496,0.6274808889918783,0.5409697660252472,0.52418649323967,0.5006260841877972,0.6323115571823452,0.6743854130571779,0.5617119252536947,0.6441338825114066,0.2944674573616306,0.8531833328633757,0.7711130671355332,0.6209617674764444,0.3638468178577378,0.4599714846227854,0.47147337310190723,0.47036736274116364,0.6189381769071264,0.6240006396644006,0.6182334575285667,0.4294756052044621,0.4379285392616027,0.48681952192303257,0.5535237486198402,0.5497601686730853,0.5493488948525725,0.23021581407566954,0.36951659374415635,0.45057191978161204,0.6158382538750434,0.5701265161755507,0.6301301496124061,0.6441265556009069,0.41618123525898254,0.8249846224380605,0.2768888511048627,0.80189338702058,0.23064268463142443,0.6210542769483699,0.8007621291063048,0.37700146784495936,0.6847150410812968,1.0,0.6771405503307641,0.661974685934447,0.6186843957940873,0.7489232294110884,0.8169291911162554,0.7386121492124413,0.6353597351692212,0.6311045917492039,0.5497545495907632,0.7176649484840193,0.597652916250462,0.8270885177318862,0.821910277525874,0.4357550445276836,0.5058435207860189,0.4754977428660292,0.5803256795976297,0.6487802680282009,0.5300198423748321,0.2688583664096993,0.5511396408361794,0.582203053117795,0.4928535136997185,0.41286510822624634,0.43219205983989234,0.4539561709975937,0.5688087085141437,0.5201727928391485,0.27904253978731847,0.49284663566659137,0.6894870667312539,0.6874863708517012,0.528334584095668
VO,0.745447934296816,0.7759543388781605,0.6981210707496066,0.7610387131524073,0.7940010226808434,0.7585123591666836,0.7987037762163763,0.7607383596407926,0.6645910735761121,0.9587597565512476,0.8458997500723496,0.8174848532903983,0.6734214722815091,0.6510673516947856,0.6786369975377159,0.2422504727967128,0.2384166178919493,0.20165203455386865,0.8212621232359131,0.7379690139887806,0.8935636012734676,0.7333167348992533,0.8538594015342426,0.9089193318470299,0.5709084494000626,0.23895827816550913,0.4982451037802949,0.49141861249508173,0.6235823087163893,0.6660500538850269,0.8000476878155287,0.7317120734013945,0.4229803833915642,0.6776305021048973,0.6706256668958913,0.5947212599218407,0.794991764147967,0.6516753504518943,0.9312919825063107,0.7589590851024636,0.7308938090625293,0.7179489246050368,0.4479080595060521,0.6986359181862134,0.6597041764911056,0.48426894773383966,0.7647239623934563,0.6416478086445744,0.7136748196415627,0.6576015444389466,0.6214478400953329,0.6916497926651312,0.5496146933004218,0.5248398977907109,0.5610253020499002,0.8003730684642348,0.7528369270206715,0.9094536278568943,0.7866995586759901,0.6313233452490518,0.7654673522123442,0.8312465545641498,0.3426198812765778,0.37410879623152504,0.163538065476008,0.6677343164313014,0.10557699739669378,0.8083438376191663,0.9372525526656365,0.7962957792631666,0.2966951829499845,0.6845543311662337,0.6140906543770778,0.7840039811790881,0.745213349050445,0.7205066993276138,0.5547509214241753,0.46263178820005985,0.7779051414029075,0.8589031985149066,0.7080466639481372,0.9249719578644376,0.9442549137238329,0.7296748267072728,0.8856446393775632,0.7032570491479496,0.868858766926414,0.4139700746774671,0.578264910395274,0.3962964945390788,0.4214060776876189,0.8962997158053603,0.5170062514061621,0.9064222297573381,0.4977850503549632,0.8795792375522368,0.6987531560309334,0.6410193299596729,0.8698046749882203,0.6317332225694112,0.9178032482279397,0.7335840316860581,0.9182152282473639,0.8280983625569104,0.8149302268265948,0.7781662877969125,0.7300859560125348,0.9713464417346137,0.8419628306102511,0.9297857961169271,0.21849069408563912,0.7878884591600116,0.7175993479132492,0.7720740541138176,0.2582069049391429,0.3770618894352096,0.7148337624834488,0.4793672149960555,0.9237422710940992,0.7866505164169075,0.9185742029086987,0.3272441957063036,0.38106116785714333,0.5666647435724687,0.8261217276030578,0.4883069909452002,0.8382482714578224,0.22708808093043803,0.3684840818368681,0.5224542549350788,0.7597809128308042,0.8401554230936013,0.9349926649906066,0.9187819634748542,0.3760182910396231,0.8071706757453517,0.11117618230792313,0.7691870162269343,0.10648793343455326,0.9178290213220552,0.8011905716355447,0.24661522034283556,0.7635946170222551,0.6771405503307641,1.0,0.9310828578842472,0.9523653407342778,0.7211085665682198,0.7856111669081222,0.9317393091703691,0.9459581147063952,0.8990650390544631,0.8428852790841908,0.6615277995082104,0.587040325908981,0.7988304217176291,0.7544551731475004,0.716703773536882,0.7581542603619138,0.6424129133783021,0.7830128182624398,0.837352317643587,0.7512786374040141,0.44941529581028117,0.8153986869834057,0.888008539899322,0.7843244477906098,0.5028849913403455,0.5084843928468787,0.6316116728385756,0.8305205146960812,0.6562787507120532,0.48524577788312795,0.7204397839950217,0.6585165160200305,0.8899864664322655,0.8066418780056219
VOE,0.6757228128242126,0.5833392512393656,0.5473074901471225,0.5678975905731615,0.6314511336957683,0.5560480330500113,0.7717453735641397,0.7450906751174042,0.564056181659652,0.9017649499372125,0.8886163823964165,0.804000449548809,0.6202000186499124,0.6021332119391607,0.5424154994274503,0.1972467883469737,0.20137598741439855,0.16427011741258973,0.6678186782384999,0.5504204035153824,0.8882584121499001,0.8503390714928344,0.8737060302327818,0.796686738174607,0.5622968797130294,0.20238531441553057,0.4621048935572837,0.4849036585197618,0.5341623652598955,0.6594544017397228,0.7033968423662151,0.7588362540481675,0.4009354945192445,0.5744082132601169,0.576254352843956,0.5783611295399765,0.752992345200717,0.54506133721558,0.8272857169963447,0.7365418921322826,0.68425026346782,0.6759711462683852,0.41600684141482874,0.6900749800431495,0.6398691634079137,0.4580431935233646,0.6600230317627807,0.6444056868718568,0.6908406047341233,0.6029909771636802,0.5127567556990648,0.7211229661568361,0.5397635086921531,0.42573831086297503,0.5228411000911919,0.5983246559528744,0.707553870064627,0.9163573638956145,0.754833569472062,0.5920760537942434,0.7663428552621896,0.8579340724426593,0.3222142817879152,0.3456634825858549,0.14606105290823307,0.7192618356729029,0.0777541239484459,0.7683769559000386,0.8387731432010047,0.7519877515939029,0.267447852742362,0.5893734801970159,0.502429113178572,0.6067662403464618,0.5416579653695656,0.6529370274941136,0.5083777725808064,0.5589443043119652,0.6008247096752735,0.8574717401028524,0.7019932517101334,0.782610894863669,0.8564956719200951,0.8027683344413848,0.8455632836409809,0.7984128153628451,0.7382605739164646,0.41185489502152445,0.49087095989146234,0.342370273100771,0.33857257157038567,0.7830505841027707,0.5873668907208038,0.8644293569001464,0.5737251180534075,0.8781975032370626,0.5735165382941098,0.5962211017516661,0.8559023968636338,0.6303407323056699,0.9330795336884761,0.5946597575913902,0.7653327374786517,0.6484035446404064,0.611892272283168,0.6345550734361922,0.7581130210833547,0.969785946394386,0.7889832321341361,0.8742790642780001,0.19856253234723603,0.7424787277473113,0.7368726905637005,0.7059036589755572,0.23522746166193675,0.3471756731650794,0.5422940051079316,0.43714808412323636,0.8288762903148589,0.9258465575916511,0.8190469153311876,0.29412061791691607,0.32851969787357743,0.4534756546459094,0.7153527758858322,0.4416801618658348,0.6752924985325031,0.22357081904396806,0.34003663081350705,0.44298954250041234,0.6913019798745034,0.8331631533633931,0.801804087753001,0.9487065444128685,0.3224796668835499,0.7585437751523937,0.08649056007059328,0.7369024945742255,0.07115318091416195,0.9015078166336306,0.7401228186465341,0.22635533604670663,0.797298826623895,0.661974685934447,0.9310828578842472,1.0,0.7814939491324925,0.6524986465434552,0.7073631451121151,0.8411368186083508,0.8465470523814906,0.9573761929898352,0.6636137746851631,0.5678357633464519,0.5253763952899494,0.7355377103331809,0.7677634649949047,0.5169563796039301,0.7106741001162548,0.5333098573968029,0.7719107543722586,0.8755321499614335,0.650033513238078,0.5507449941103446,0.8720192650286398,0.8898471422565685,0.6082166223165248,0.606400446720904,0.5857576974965849,0.6454855730788305,0.718512521420315,0.6632540483008009,0.5489851633444667,0.6998966354763373,0.5439643121584414,0.7425025067574257,0.7384276334091959
VOT,0.7266589134956423,0.8567972546154908,0.7518480357593552,0.8447967276519872,0.8526385992131073,0.8499303586669303,0.741428962746951,0.6995340074476261,0.6841737352969243,0.9130561695107458,0.7286703890181276,0.7461683405249262,0.6563538641043595,0.6270529069376832,0.7254799153808652,0.24951672628679825,0.24045948457889457,0.21018835806828015,0.8680561159673651,0.8188008223620586,0.8106690197311817,0.5611818958487771,0.7511623831069207,0.9131701467275344,0.5210120930921179,0.24162510896056408,0.4774606737181869,0.4507289524363425,0.6379551794827755,0.5979505536707208,0.7997485825633766,0.6376040011269699,0.39977280978817015,0.6959653904986107,0.6876422109077047,0.5478302332181378,0.7507808298751216,0.6774651437007544,0.9265291094750289,0.7036556002785128,0.6940262060706528,0.6800172645096193,0.42859799854067687,0.634586650764121,0.6052375736823815,0.4592881224675115,0.7754218759283004,0.575407675711639,0.6580725259660496,0.6388512559456553,0.6564653336112208,0.5981085365176103,0.5050860017920258,0.5620025190143615,0.5387380626612934,0.8858592465852124,0.7143946963541511,0.8150709325521726,0.734594466901332,0.6020204308037242,0.690906918983451,0.7182203121739176,0.3291437817633123,0.3649134235416473,0.16085678518992133,0.5596924422943035,0.11199024535769111,0.7607678454563913,0.9266459679492258,0.7550953365850771,0.2849083904384195,0.6917094694841392,0.6399142813335456,0.8519391825195718,0.8390424890694285,0.7002258793401002,0.5363046262508976,0.3372457533669031,0.851740881615664,0.7740422002239739,0.648096904375767,0.9517435276344978,0.9228271161951678,0.5973090090374323,0.8316529005827415,0.5512006582367219,0.8915848010201868,0.37622334965330356,0.5899998749532653,0.3965448668518146,0.4436947809632768,0.903224654164703,0.41201006652173433,0.8490489014624313,0.38981731387252205,0.7957180255304973,0.732896649056895,0.6117339744199473,0.7893304492777804,0.573925842183448,0.8138269435877804,0.774024231349169,0.9530208831623245,0.8953760168423346,0.9031415649323259,0.8216417344391445,0.6322976804974354,0.8754147442565013,0.8040422817535803,0.8843112402866731,0.2067073044079783,0.7450463843151904,0.630506896050725,0.7503499059717884,0.2531124208919283,0.3684339705701513,0.7906295751825076,0.4652251788507706,0.9131510333283303,0.591848700791737,0.9123020626633428,0.31806314927473545,0.38154545152112884,0.5977321072178781,0.840043063441226,0.48070621294870847,0.8890083091979406,0.21079750046459872,0.3621830500943876,0.5429616745103388,0.7382803474437101,0.7563037973736615,0.9524797386702158,0.803501931118565,0.3776029811827423,0.7682879144970924,0.11670299458136865,0.7168614281575943,0.1192681234085573,0.8385652918738337,0.7680032968189054,0.23628790906935268,0.6547830903925898,0.6186843957940873,0.9523653407342778,0.7814939491324925,1.0,0.7121219146189024,0.7727853154578389,0.9152900023461286,0.9357799728257226,0.762140232043628,0.9079144461010005,0.6726055130853312,0.5745307541762759,0.7723433243589926,0.669039660549624,0.8048156800521545,0.7314797603801707,0.6669493037294231,0.7102009449513104,0.7200224651132578,0.7586893147071774,0.3221719645909487,0.6900151190950902,0.8024599244695984,0.8567567965898221,0.35857052236415266,0.38814797276890056,0.5515969751542336,0.8379401187630213,0.5918038329982986,0.38746082577295105,0.6644435615195952,0.6895212750481308,0.9235822017856864,0.7852407756955294
VPL,0.6115938941969197,0.5844454638726391,0.5429526653321527,0.586593708706458,0.6814725769226843,0.5740712369517735,0.8885166928827646,0.8745597264745795,0.8513229083164129,0.7557668266157153,0.6239530093119884,0.7286313395389619,0.9345801596610417,0.526831924248239,0.5803019308589714,0.23768240181457245,0.26053716270000304,0.22957351571745155,0.8063253439500905,0.53214519772738,0.6876545582304292,0.5038889945326149,0.6465137746437775,0.7386390916864931,0.6826653920740635,0.25974089830812874,0.6262097051930547,0.5373965722876073,0.8261767643934006,0.7531459765668407,0.884645274130432,0.8363072836472552,0.4729655639303552,0.6096322286426086,0.8791320293017384,0.6337521368495271,0.8936316150939428,0.8332630393451987,0.744814022627817,0.8187909135006184,0.7354888317102091,0.744215292965401,0.5562585183055837,0.7229357425859636,0.6659494235268946,0.5547329189883384,0.7913010409876777,0.6787013574114001,0.7348798670503275,0.705390242347839,0.7724917204320927,0.7240289228620895,0.5942888954812794,0.8144685486445162,0.6796465035187822,0.5816805141160082,0.7821659682533558,0.6843895358411848,0.9021964241469032,0.7657453723167587,0.9055451125618018,0.5420824367728534,0.49084854596486205,0.5165843052939564,0.3572024994055164,0.6675441298237698,0.1529414821226401,0.8773507452693636,0.7351204847057645,0.8155516697331758,0.28549512119149645,0.5212752849102987,0.5720081126551373,0.6888541183775829,0.5234342803603729,0.4780220072655356,0.5751318152758684,0.36356101474754504,0.7579469046273469,0.621340061949905,0.5640341417089906,0.7522420388803323,0.7358756062354972,0.49390107614040163,0.6458284541927147,0.4017957205782179,0.7189364212260938,0.41300714026876695,0.6118421553461346,0.36476106758681015,0.5002091443957316,0.735140942710768,0.3481641238262014,0.6536411309333129,0.41398480213702715,0.6837845136833061,0.5894613533717907,0.5233884108100451,0.5983017740833618,0.7403711306686142,0.6389256674334403,0.6266782894358666,0.7121296652281686,0.7162181602993727,0.7087181368025206,0.6564744736488928,0.546107386421443,0.7043462049297805,0.6519396020743029,0.7248591400797755,0.19993457550763763,0.8771804732845009,0.6873849709212074,0.6312539212579013,0.4129418571415466,0.49985727140099584,0.705809766613625,0.49156848600962827,0.7447125721271022,0.528152961125686,0.7387572135655036,0.3428023677914347,0.34984010075508465,0.5010251553950004,0.7202688279583136,0.6093464509072102,0.6762952403540685,0.24767734079887294,0.4060501556822566,0.5768741570704673,0.6119500889338811,0.5647260208736952,0.7190378677257455,0.6675323359295389,0.33655009824876486,0.9256657346038304,0.1700103237365762,0.7959899267377707,0.12872544865655072,0.6849839329481632,0.8384955572202403,0.2878970500349033,0.5061977765097481,0.7489232294110884,0.7211085665682198,0.6524986465434552,0.7121219146189024,1.0,0.9242856683943182,0.853233881735968,0.7516529834442803,0.6779830859518093,0.6906571083324629,0.7809393492207012,0.5367624429470832,0.9228534208004957,0.8513183289700059,0.4462941073273109,0.6190384985986273,0.49173374780647283,0.5873593006559986,0.6719115705802268,0.56062639283966,0.3127356174717912,0.5600306967256069,0.6849293473283588,0.7116946699590939,0.31078377245276156,0.3317866495863118,0.41972603207753123,0.6284881236812437,0.6300106003751538,0.3232724437128042,0.475820431038555,0.8294128929369345,0.7963602435082491,0.6429579884312011
VSGX,0.6637430591013653,0.670078435791609,0.6072148283427206,0.6535337791598225,0.7318600870728336,0.649672125938664,0.948937723392618,0.9090899783460736,0.9124273942663158,0.8023444094154256,0.6574189995206344,0.7978768400314536,0.8297889027136751,0.5945540774972026,0.6314306243092382,0.2524320614697134,0.27100818092206075,0.23755212557739733,0.8339918624935796,0.5817108463323621,0.7374164499897586,0.5492916678197346,0.6943874034428913,0.7919469232635924,0.7603444886058033,0.2704459786804354,0.7024357821294281,0.5814799732639794,0.8848332151165038,0.8184590419162064,0.9510507009792551,0.8936330450973251,0.5047724883868673,0.6663471173244702,0.8945524119558961,0.7273729380030489,0.9569754901229836,0.9047388929931529,0.7979587617992255,0.8520503481313553,0.8522784739955696,0.8687425793551652,0.6305287255858407,0.8324185896404723,0.7874596747746034,0.5935246265665682,0.8978179788301957,0.7823829637883158,0.8609518262371445,0.7631705581403762,0.8051269441432416,0.8275788022978882,0.6477696579118059,0.7611738552864757,0.7608456596590333,0.6578593733701601,0.9025261515007295,0.7295659583899656,0.9417156683057707,0.8571300960591979,0.9322587934219736,0.6076784582948708,0.5067236834314042,0.5379371497910098,0.34755625990635364,0.6996048484481341,0.15801992130938516,0.9467331798631432,0.7886431806815737,0.8620369097254162,0.3187302527717186,0.5945326956607233,0.6392089999339072,0.7375725298220991,0.5889699663604927,0.5539874450488025,0.6555511320221954,0.3622674000756428,0.7818727196333559,0.6694764040571503,0.623864849906024,0.7941989916358264,0.7851873719638981,0.5356958855724339,0.7080606704237753,0.468535241848419,0.7783693050241061,0.4552607399611802,0.6762334224623907,0.3943585964573495,0.6385212411576056,0.785384705110991,0.37156609593726,0.7243598604759515,0.3988030928148039,0.706848201642562,0.646196776719199,0.5696480640651523,0.6621461852854821,0.7628797309974299,0.6946510958764731,0.6803955433771389,0.791076616190021,0.7600048106043065,0.7488941874875903,0.6987724020702113,0.6139192764144721,0.7647236653021028,0.6936584485806071,0.7661005505657541,0.20971091428511615,0.9345024556464949,0.7774883442792879,0.6885328672997997,0.42445369089215035,0.5213978660618913,0.7275112375318399,0.5593879950143728,0.7936083598631162,0.5787571016946939,0.7906101101071825,0.3681892295831773,0.37784125407072616,0.5722074893027573,0.7571623731545766,0.6508197838049508,0.7359297733214795,0.28429483418718154,0.43430512476310074,0.5875895645095459,0.6723284280822935,0.6223613556766363,0.774214561194597,0.7182935761856747,0.3649667743478971,0.972549151398008,0.1681395011864337,0.9217265563979774,0.13247965405190856,0.7369863171639678,0.9198071405436629,0.29455336682702693,0.5678856676546691,0.8169291911162554,0.7856111669081222,0.7073631451121151,0.7727853154578389,0.9242856683943182,1.0,0.914442585036931,0.8049361376857634,0.7157404291052853,0.7475325927700004,0.8924029077562334,0.600364493670244,0.9898374032977462,0.9184570316383399,0.5278813120089499,0.6329870620828051,0.5537788484674511,0.6316125007024973,0.7265811999251804,0.630806200231707,0.3014196446163319,0.6234574817635745,0.7118657514965333,0.7374671028251911,0.3569159850736636,0.348766067328351,0.4841555092311285,0.6965860951039783,0.6374080761135607,0.31862070366913897,0.530942921058717,0.9039627390907482,0.8674523095396854,0.6893781690897439
VT,0.7445717444159387,0.7751641472459518,0.6732168179162932,0.7579261161767723,0.8260889746605844,0.7626576046697339,0.8998475733371982,0.8551928669109972,0.8114221918392875,0.962823587322785,0.7797152201000009,0.8416942840000073,0.7870692495498764,0.6660367882614093,0.7041777513906855,0.23600509237401168,0.23888733596939984,0.20513167894880163,0.8909984865193112,0.7273591375289356,0.8929906999730464,0.6484591661901723,0.846185508704277,0.9561024025724227,0.678644134875132,0.23778548331284172,0.5946615642376704,0.5436919904259482,0.7671617897217269,0.7436456479660378,0.9145992474545693,0.8311299769590723,0.48657715223312115,0.7264769575109723,0.8157894599483776,0.6861060545482722,0.9066802915493767,0.7981571644265747,0.9685731577637878,0.841359921586615,0.8127376599015842,0.8220953647566749,0.5429689305337193,0.7913722841567579,0.7322730878692245,0.5624455681847486,0.8745988508605724,0.7290012192365264,0.8095768625129486,0.7377825511714132,0.757108372182851,0.7770374252494393,0.6133074266175349,0.6660195125788096,0.6718336270138183,0.8151382172169978,0.8620226288458678,0.8487842205370062,0.8836307345930495,0.7635305002761636,0.8735790620987333,0.7658540623189142,0.42059644919888023,0.45454175479746395,0.24008821472579445,0.7064463115347036,0.10267821670474712,0.9099330347779769,0.9631489457881248,0.881694925857504,0.29999656704317285,0.6647067798318418,0.6311747263236784,0.7965158867769906,0.7521128005204155,0.6738417393957886,0.6347128279419059,0.4382488257732385,0.890131716993686,0.8330849064118773,0.6900937942652406,0.9394751901149752,0.947109076805681,0.652258430718749,0.844833044781726,0.6044170665533835,0.8659483073052114,0.4638846413339708,0.6407060397928565,0.3967210909890472,0.5243720410596104,0.9585313176249376,0.46623441362178547,0.8732400348014056,0.4760051046736223,0.8289418193592405,0.6910269196648813,0.628289215989459,0.7905600508576407,0.7212787448633885,0.8506257115718192,0.7357137902284097,0.9008020473596245,0.9109828046229201,0.8683579398148674,0.8402267582696958,0.6828408806051777,0.912906782258199,0.8191481005501089,0.8821940792303526,0.20883312385268823,0.8801074453383647,0.757561431987317,0.7780624393223239,0.34318223094438716,0.4514561358542724,0.8112120650145258,0.5464262211572886,0.9667581871446799,0.6914860560612353,0.962187704440164,0.34196953351354886,0.37977947700260906,0.5703023318019748,0.8855137773547709,0.5908738860522559,0.9097440052664268,0.2774641731331264,0.43148122858159493,0.5886004359588124,0.7587515521496659,0.7862004571364818,0.8979300695091109,0.8458013180610942,0.3739069761907876,0.9206327785630688,0.11296855547582366,0.8706173161177803,0.09516957977859346,0.9021679135586618,0.888104425230238,0.2535217743723049,0.667825769096614,0.7386121492124413,0.9317393091703691,0.8411368186083508,0.9152900023461286,0.853233881735968,0.914442585036931,1.0,0.9727463573170512,0.8542456588339774,0.9153195757536771,0.7973038379807643,0.6126589929015825,0.9230047950437952,0.8565273337752923,0.6677636004644987,0.7344816075960112,0.6185886731343517,0.7142932096918464,0.8049436458784808,0.7860474601907855,0.4005015700017259,0.7674200135288936,0.8433815001997599,0.878904774470386,0.4507501935007401,0.42608723473958354,0.5922649174746492,0.8507666994129677,0.6735801775485435,0.42881192032707377,0.650388042713295,0.8033237172465361,0.9419492441442492,0.8440294054977858
VTI,0.7377362808764694,0.7898512623960766,0.6794871974360709,0.7774108175908692,0.8301163970654667,0.7851677729333824,0.7959224958054539,0.7519947558777512,0.6984785661633072,0.9820237931036683,0.7869198823434982,0.7911351520453357,0.7053403451369678,0.6585282607888776,0.7052800435674109,0.2195116628024009,0.21175316402952984,0.18194181190204076,0.8660616920268376,0.7654141193684818,0.9109935389373756,0.644036312972484,0.8589425921635975,0.9818270860000765,0.5716689776213444,0.21059458700415076,0.4873924003590554,0.4793381962881075,0.6486421013516328,0.6369392870920724,0.8260435975075818,0.7186672354716511,0.4344133198532176,0.711830562634008,0.7166224860168658,0.601269771453318,0.8038147892670715,0.6851163609532629,0.9958125472758027,0.7618108380143395,0.7225017837281283,0.7284373780139246,0.4440493106349109,0.6966816211548236,0.6413902237513954,0.4975197122734887,0.7980476038197178,0.633256537104792,0.7095433517706758,0.6628105033171657,0.684654459789236,0.6707525209559585,0.5417895300801291,0.5715139425556776,0.5653210761108903,0.8547201156372081,0.7671915619124701,0.8546128470819855,0.7802450615210665,0.6471842439735487,0.7631958182352458,0.7918364337225268,0.3299765609770188,0.36449447108279737,0.15426737670883978,0.6299545985378535,0.07343171199856945,0.814632234483481,0.9929847941151411,0.8226725560817848,0.27028791187546847,0.6701181624663292,0.5881102659537826,0.7828235114006935,0.7995232379666432,0.6957372251999077,0.5765187040709097,0.41632994654077193,0.8960787768029319,0.8583863249793987,0.6810294053858021,0.9581452092412903,0.9710565885334714,0.6679964549760586,0.861072548264167,0.6285952588007625,0.8631901151119581,0.42515989319106146,0.5757868803495697,0.3774683665889609,0.42135643553410307,0.9884414669310685,0.46761330739151524,0.8929856775905344,0.46117247138362916,0.8328201261961116,0.6785189725408083,0.6193081229247741,0.8048170754968634,0.6258497347292661,0.8716137936749625,0.7263207031706067,0.9066926927485733,0.938755379702847,0.8836836454744904,0.864673019146934,0.6727850567344255,0.9251714969302507,0.8321235884362566,0.8897179528233569,0.19372773338197044,0.7804036874471503,0.6800679418826524,0.7734796160145991,0.2646628667943746,0.3699958011152106,0.8090776285082493,0.5002794606372417,0.9948782114282549,0.6905546696763682,0.9912899643374868,0.3067971116607127,0.36104795443865834,0.5382919468937682,0.8980731206890844,0.5128550085685073,0.9482158787536885,0.24814411658464494,0.40070214691541056,0.5407662500407638,0.7536674846379459,0.8163135556052954,0.912093908123786,0.8532959666025194,0.3606325484435464,0.8172827120234393,0.08068288483977726,0.7677071280541906,0.07823291743701126,0.9252607515212286,0.800932556174214,0.21796663267763167,0.670693789312768,0.6353597351692212,0.9459581147063952,0.8465470523814906,0.9357799728257226,0.7516529834442803,0.8049361376857634,0.9727463573170512,1.0,0.8603168919118721,0.9509074624388524,0.6863887164013543,0.5758271132214766,0.8132164714479876,0.7440604715163792,0.7105022458979086,0.7381578851283296,0.6274102390107101,0.7139504532754883,0.7766341573514249,0.8196395858608654,0.3988936387341656,0.7842208658288373,0.8502517810686868,0.9036562729317815,0.45750952391005306,0.42764030201974423,0.6109252736558545,0.8812645966151048,0.6333979884409061,0.43681685511756746,0.6763074290839828,0.6932510681704772,0.9225753434231542,0.8685457317030009
VTV,0.6523831144240911,0.5403118306132079,0.5089373471073015,0.5278428958000808,0.612999447074015,0.5141251210208498,0.7751029358789822,0.738813330655598,0.5744335242976096,0.9070574675491125,0.8428047478871241,0.7984703167851614,0.6420820691002476,0.5891162777765462,0.5237074586168996,0.16324033125053333,0.16745420955996193,0.14465887220600845,0.6570700550964044,0.5387444625069184,0.9354361296154536,0.8223371722459835,0.9314051678995415,0.814785990138572,0.5589154621864881,0.16633537948768504,0.43571792887947985,0.46173548248386637,0.5516489312137274,0.6616003120790195,0.71559097648705,0.7661097553998092,0.3926775431516089,0.5635560824226317,0.5995894989016138,0.5753378105947176,0.763945247183526,0.5521716862746627,0.8489311431789932,0.7412329969414713,0.6676255322778137,0.6718232451864227,0.4141571426245075,0.6894996160999695,0.644283732745375,0.4564825212033809,0.663595641498383,0.646494893882148,0.6869985511341851,0.5943455372565938,0.5295295681945146,0.7352446524673492,0.5337177983575895,0.45647597913777715,0.5205592119508161,0.5706439689823037,0.7095988036223345,0.8644964797841318,0.7456090358037041,0.594823015265897,0.7749700973687063,0.8875657234878793,0.3277487811754933,0.34533501455798526,0.15040244304159492,0.7189670041490784,0.04507869110370196,0.7759130485096072,0.8580825825634072,0.7753857189700816,0.23370456330894354,0.5964966071182121,0.4657878526766299,0.5820156557594405,0.5234815151886992,0.6598961087775417,0.5166685026314494,0.5728671840519937,0.6318599626447495,0.8995900428058498,0.6517930549795765,0.8003074821334033,0.8788584598299197,0.764349972228979,0.8235632874009234,0.7776603685616408,0.7018826733451208,0.4221614343082396,0.4620249255448643,0.30978298754643596,0.31795279292980116,0.8186530221815447,0.5750281270020835,0.8493992528955894,0.5760348947008165,0.8592809184992602,0.5214036791540503,0.5672568090002245,0.8281379560453,0.6306364020707689,0.9185797386140908,0.5516773765916402,0.7323686166956765,0.6695912019016022,0.6185669856156186,0.656661268443472,0.6960911278033046,0.9545181684103742,0.7617221512599671,0.8325106475683639,0.17524025294325737,0.7276945740281766,0.7041652794295139,0.6842301422733117,0.23851669808687465,0.3479199911255778,0.5663730311804653,0.4448055348032441,0.8566034436855297,0.8894010538558172,0.8449409721967054,0.267876426725308,0.2968643543366541,0.40715145163016203,0.7427233210901606,0.44904914397307444,0.6937162452360803,0.23563851269063588,0.35130900066635984,0.4543687262967638,0.664849538046015,0.8700529524682916,0.7623100577911986,0.8996963224536869,0.29167464729578896,0.7697719563108804,0.05566046748860797,0.7389409030292561,0.03734750796181087,0.9431207643575193,0.7451228656792287,0.19218882073604895,0.7373288474962003,0.6311045917492039,0.8990650390544631,0.9573761929898352,0.762140232043628,0.6779830859518093,0.7157404291052853,0.8542456588339774,0.8603168919118721,1.0,0.6744278694332141,0.5645805892602348,0.4949292871288543,0.7427330801968571,0.7747501914968594,0.458580058373796,0.7064271261833492,0.5103700842016593,0.7113719639091546,0.8572410391313617,0.6399964977021239,0.5647521480779364,0.8874130536036515,0.9001155095150186,0.6407855013882464,0.6430020024725052,0.5824533986808209,0.7216851248098233,0.6948447107343021,0.6523715351924261,0.533244092015289,0.6310419492513027,0.5499757421116398,0.7380341625259966,0.7681277860249439
VUG,0.690972500602107,0.8191826859503383,0.6598882615708922,0.8001206465112023,0.8258974588600115,0.8267151377085492,0.7008381866242339,0.6530452505414641,0.6675521982714832,0.8913751665214955,0.6159439024029096,0.6758753833770488,0.6460880615900395,0.6102700996353829,0.6996030972803693,0.21926071186780283,0.20922635811634385,0.1852551672713196,0.8636407417425417,0.792964365905826,0.7867351192965906,0.4443422888008408,0.7206114573247638,0.9587461016460519,0.4953247664540924,0.20685032060559294,0.4466599509061166,0.41065688068322986,0.6127086400318025,0.5510241355986877,0.7839191613249613,0.5953927406574532,0.3989116667266864,0.6971202780668843,0.6814762818593109,0.5345039222429107,0.7226596400480185,0.6610222844317799,0.9591407919266803,0.6712368676724948,0.6580573500219682,0.6672488772367187,0.39752377935057687,0.6097120621564425,0.5661093070890817,0.4582584213182258,0.7710653600402986,0.5419803430330034,0.6301982212237086,0.6087582219718901,0.6770736642999617,0.5502002351827605,0.4663029744714674,0.55492926538332,0.5089349753310554,0.909570907290726,0.7009349892670622,0.7034399522336816,0.6911392247753073,0.5849978261703723,0.6518663470642533,0.6545710961872099,0.2817798942811687,0.31851234621584934,0.13160594284514637,0.4837464074586992,0.07838908545414426,0.7292279224986917,0.9497934861794662,0.7402565518575907,0.2561099640051629,0.6101672328333776,0.5588823743945599,0.7736817372631911,0.8573717249627499,0.6357596908775803,0.5357065624984304,0.2615474513540175,0.9400291926317815,0.7400558572987656,0.5809624126068968,0.9239142316409569,0.9065680586005436,0.49661792423258905,0.7585661144909251,0.45762826651635297,0.813404850671379,0.3664757973768788,0.5498239849441763,0.36529327292601543,0.4159480157722351,0.9703962399760042,0.33218805247612987,0.8039296116317667,0.30887381448170853,0.6900600503236615,0.6447177493206899,0.5610781369611161,0.6817675435290934,0.5265009814620281,0.7210526804701909,0.7026487365450396,0.8728759879292026,0.9833463529564277,0.9213643421210426,0.879679342444003,0.5515065010053048,0.7838866566529471,0.7377593764718814,0.7720786308935668,0.1788908281269044,0.7056288398908108,0.5615778003310912,0.7237633103561818,0.23944144386967176,0.32281736058725574,0.8405936436556932,0.46608580060435373,0.9541054418592319,0.47731613012004137,0.9572307331001997,0.29336365556878385,0.3499264784683868,0.5154088225554483,0.8722070494566256,0.475894102532033,0.987758643590436,0.2227395109913855,0.3687317049664727,0.5048999068640646,0.7083185192363997,0.7049783439042262,0.8522459856498602,0.6857423709302408,0.34949623186938406,0.7356941284747125,0.08627144287571485,0.6858549508411798,0.08723114183841042,0.8102676736579298,0.7327579326824015,0.20355072691650467,0.5440281096469258,0.5497545495907632,0.8428852790841908,0.6636137746851631,0.9079144461010005,0.6906571083324629,0.7475325927700004,0.9153195757536771,0.9509074624388524,0.6744278694332141,1.0,0.6559723378251772,0.547490750607688,0.7426175017886579,0.6255232391815309,0.7523984750454163,0.640594921229282,0.5870438678739777,0.6050755183941402,0.6223180794080657,0.832316589253752,0.23828960553824372,0.6245589273391551,0.7056388165821076,0.9480629155519114,0.3262608401111974,0.30070724063786836,0.48946658918712893,0.873957103381498,0.5128882133525352,0.30063064320604965,0.5874030990280525,0.6748594512444672,0.903436492573292,0.8207719566006543
VWO,0.5538249857652835,0.6274596793410889,0.5534068706017068,0.6114090824203086,0.6829841392803518,0.6115657153575075,0.7829648296108322,0.7626260985600748,0.9633793442106842,0.68012623319263,0.5555559192355822,0.6797401922550528,0.6552113315391526,0.522654911504767,0.581513668098595,0.17825201061346962,0.19061137769963218,0.1586117967768327,0.725263940228801,0.5077169509809673,0.5933245678908807,0.4362566537155236,0.5565744292904745,0.6732548921938275,0.8138429989272234,0.19434086987720234,0.6494823452678995,0.5510782968243587,0.9136259176491605,0.6263400768182336,0.7807377884098359,0.7262155823540247,0.48984634984058684,0.5772725072366862,0.859465132422954,0.6426797354348436,0.781190707647235,0.969852791961955,0.6782055261860889,0.7307206846489492,0.6946519379004295,0.695712786714091,0.7299570806541293,0.6643728885255211,0.5990029135726174,0.5706462838543068,0.7718218881308602,0.6185513116080303,0.6942938242577577,0.7062298423790926,0.7891788874977732,0.6774794045627794,0.5985051244772889,0.6949358670548296,0.7630948084419072,0.6013662962033614,0.7386410933527989,0.6145626902372351,0.7914222142263391,0.9344191023124525,0.772099406609726,0.4584491258778103,0.456049863085038,0.4873895854865814,0.3203601172994349,0.6446772650191777,0.10262373396944532,0.7720742967534862,0.6642685257790159,0.7105721405449524,0.2685420458314471,0.5187491233175873,0.6076050931868457,0.7004424039250058,0.5273513444566581,0.4405419402378937,0.6362239340519181,0.342402475995685,0.690737729531208,0.5293374693169529,0.5367681189320945,0.6800611161649124,0.6500968183205914,0.4271431175387013,0.5889935109595755,0.3450786782457304,0.7171824180639128,0.4675138919712886,0.7125569843696591,0.30136723371548624,0.8471077417827929,0.6696338176627971,0.33829421195061715,0.5984615100498223,0.3714748867384192,0.5749014234000006,0.630214130155249,0.45779533953477863,0.5154885731897567,0.7302453946890186,0.5629892297735885,0.6533751479332529,0.7195610552387457,0.6722948648394358,0.6801064527283698,0.6290131889484465,0.50652646766376,0.6253963868256264,0.6105265840492442,0.6572874813913462,0.14055002502829975,0.7679898461491357,0.7506867647866562,0.5731578332920585,0.39785412554095173,0.4775251580925527,0.6649967311619479,0.5490882674613023,0.6715994769259774,0.4497322302473826,0.6653811334440564,0.27919911156108457,0.28850467031380733,0.5814256454725506,0.6660134221350329,0.6508681306637231,0.6386195054675167,0.26152517093167643,0.41483952642616323,0.5401178043966264,0.5571572232731921,0.4758036220630955,0.6814620363183084,0.5977913873233227,0.2805549081037815,0.8047054089747498,0.09854083454829095,0.7464503295976338,0.07710081248758771,0.5869448978696467,0.7685665509620662,0.20872495522947188,0.4409654790003733,0.7176649484840193,0.6615277995082104,0.5678357633464519,0.6726055130853312,0.7809393492207012,0.8924029077562334,0.7973038379807643,0.6863887164013543,0.5645805892602348,0.6559723378251772,1.0,0.5074890550211871,0.8924901073671148,0.7988769617931702,0.4907309510082316,0.52347090996767,0.4998510843028654,0.49795366355111326,0.6095745255204571,0.5424819029715524,0.2852949174152973,0.4867609767755258,0.5640544705471912,0.648586513129618,0.2410112388488745,0.239599825486423,0.3487995660519068,0.6053683239184379,0.5787584645041948,0.31565316056492243,0.4494486766094956,0.9683284031002727,0.7800908971696822,0.5971813205092757
VWOB,0.7914603957470386,0.5102634450673593,0.4768084458104154,0.4933126487326007,0.48719006709689766,0.4850149636077488,0.5947655450003418,0.5608120805659018,0.5081998228904943,0.5524681109979407,0.43457701932366705,0.5209777980450183,0.49332559492911693,0.4936907064643584,0.39522278633369984,0.7158498491738408,0.7315589059238883,0.6000749083363383,0.5499196190117541,0.43783787973272265,0.5187038979464828,0.4569737786022516,0.4870335778644425,0.5665991609010497,0.47484244602802234,0.7251785856660206,0.7155082578906232,0.38554421635964403,0.5083039177569874,0.589872919299178,0.6087120636986859,0.5473069497077653,0.3422141308575803,0.4744754406725926,0.5050664482680837,0.4934235758210888,0.6052919035241635,0.5033347174091393,0.5748431324165191,0.5571394197213352,0.5600082410656835,0.5774654423767942,0.34542383414230987,0.5427359407277919,0.5484312110747195,0.3750281493135327,0.561183317471545,0.5071990240288574,0.561741110231387,0.5046725810593415,0.43797838457322746,0.5078057739739263,0.446406443847,0.39833896113755635,0.492499441796619,0.519381690907592,0.5812545534731022,0.514215740859248,0.6137139488837816,0.4892747215474796,0.5606074485552814,0.4988550330184991,0.34845544546484597,0.3697306754795626,0.2709809681789249,0.3903054656550208,0.6132081274009126,0.6072207784895535,0.5725328504233734,0.489024008395023,0.577068687622488,0.46507400502423807,0.4573709713281537,0.49749536459508287,0.4636296768363826,0.4680350328468895,0.4195418082328917,0.17651132664442837,0.4997738221076235,0.5070917583363094,0.4136494607706262,0.5488281221127421,0.571411489737102,0.3450652531347771,0.5073829689175008,0.32658412315730734,0.5216481457694361,0.2673197855194688,0.3934774529083619,0.8012831420785136,0.33327781357604735,0.5566119608532967,0.22607433675223812,0.5723559950561601,0.1662610405308915,0.4728005312364621,0.4374211037742534,0.6207301737575168,0.5482163322455681,0.407369054308469,0.5035106972888137,0.4592999692653157,0.5698381772359726,0.5355168548047866,0.50836562456085,0.4661394016975725,0.5660871794289063,0.5697712227537844,0.44663535017695166,0.5355742137696458,0.6129050487303858,0.6195603355230845,0.5547666859810921,0.7727574805644247,0.24993325221740054,0.33973137193470204,0.4369115260368896,0.35494073648993457,0.5675304270598933,0.46206064395382773,0.5658844618710869,0.711460583437396,0.7907444941817802,0.4083110870875704,0.4990749149393658,0.43407567399549374,0.5412732803735271,0.18737785480475302,0.23007083692672262,0.3067159420127311,0.7870354979600275,0.514504938223314,0.5662990322045504,0.5121695122878671,0.7693653390130248,0.6055969761770006,0.6254956714504928,0.5965640637679875,0.6219101558360401,0.5501716874765317,0.6116875167565755,0.6998783749768348,0.5649268951767349,0.597652916250462,0.587040325908981,0.5253763952899494,0.5745307541762759,0.5367624429470832,0.600364493670244,0.6126589929015825,0.5758271132214766,0.4949292871288543,0.547490750607688,0.5074890550211871,1.0,0.6009706417242952,0.5633551234652295,0.4605279372543159,0.41309208480125686,0.4339840422097123,0.5659949426166933,0.4983520539507931,0.5011584595763353,0.13830225719956177,0.4161543869514053,0.4824316970587946,0.48937016843058045,0.33949761210384155,0.4009532481787763,0.39756925575426744,0.5430163611110059,0.3509915412269649,0.15561315924076177,0.42206045924378205,0.5048060128456129,0.5964877151940178,0.45890485977746115
VXUS,0.6701600219814727,0.6618623217078152,0.5968060187725007,0.6435947499210238,0.7282041186693375,0.6391366267092833,0.9677596470702082,0.9306831674854726,0.9075527266637224,0.8178400893874713,0.6870221069200938,0.8271177804331054,0.8316729927123565,0.6035675697996606,0.6293110191845724,0.2396013561621038,0.25825370910988554,0.21634146672906432,0.8285313922763886,0.5764782957200791,0.7545231630385939,0.5863900601292998,0.7216774217965132,0.794543729767483,0.784386844864131,0.2592048771468837,0.7066118959459439,0.5957251030826399,0.8750030885887946,0.8328546234428859,0.9516190029719176,0.9219422734104039,0.5179578921507264,0.6637514970611325,0.8853326720934939,0.7497403978766396,0.9702779350897267,0.896496482468936,0.8048031523719478,0.8737891352352568,0.8644440524172149,0.8815918250401218,0.6451130304056023,0.8560298864532458,0.793907273141102,0.5996218936931577,0.8983606491427587,0.8045071426963065,0.8800591929786329,0.7781628857441223,0.787242110944153,0.8595945111749507,0.6648883588266811,0.7446188604976335,0.7694076216125632,0.6516589311297678,0.9171490454003627,0.7488892360662115,0.9549019004432269,0.8706790283584463,0.9560370647274705,0.6289610735165588,0.5207598301106475,0.5518280056692674,0.35691030214480585,0.7538628143907659,0.14080163933772374,0.9632783910115325,0.7954003617759507,0.8767195368485715,0.31472661044726297,0.5910781047118516,0.6426281681685077,0.7304655831409487,0.5815203921612054,0.5588120984402877,0.6594944552629737,0.42853528269926977,0.7691910019412131,0.6889289256665693,0.6357756294150788,0.794921531167189,0.7917566294633132,0.5556405025915675,0.7200347920996386,0.49590553864118236,0.7803220846684049,0.4708194134055192,0.6811725961338844,0.3854659770345011,0.6409218634412256,0.7903799137467052,0.41384475927297626,0.7362273463422349,0.45340143799698407,0.7247754773314018,0.6478662168473911,0.5712812661169984,0.6729524403116561,0.7964804017488673,0.7176339535414047,0.6790450585910326,0.7896194637472379,0.7523120437336218,0.7375118577856622,0.7009418866039363,0.6282473091235105,0.7847743351462121,0.7120437006299087,0.7768714352068755,0.21125932550400603,0.9446612370281862,0.8054134127865367,0.696147198075297,0.43384591011681206,0.5353629506059322,0.7153144413280528,0.5633820322282225,0.8021936045515252,0.6150128588491548,0.7957157363256147,0.3605838159633826,0.3694529102410182,0.5731913611521209,0.7561186134275069,0.6581541969577596,0.7326567331689791,0.28850354036759057,0.43325372715316024,0.5998749809287485,0.6780486038617844,0.6383706716970717,0.7769439210193368,0.7416979193107609,0.3566438169272798,0.9843278557565526,0.1532824396453284,0.9383807314570854,0.11593594508198826,0.752374192772178,0.9272021654000349,0.2849402612523138,0.5847564705421875,0.8270885177318862,0.7988304217176291,0.7355377103331809,0.7723433243589926,0.9228534208004957,0.9898374032977462,0.9230047950437952,0.8132164714479876,0.7427330801968571,0.7426175017886579,0.8924901073671148,0.6009706417242952,1.0,0.946271433949179,0.521275434653894,0.646177477241837,0.5496331783513484,0.633121954988854,0.7579515440246987,0.6344582120074109,0.36235480612737625,0.6480449433401051,0.7298023000313032,0.727609822635496,0.38049524707388893,0.3687474964243964,0.49331227552944495,0.698276530427415,0.666725582795699,0.37478283324302225,0.543130767802209,0.8943552420378733,0.8639534333094294,0.7047046953599966
VYMI,0.6295188382302337,0.5470859405314816,0.48989054657877473,0.5211085267703739,0.6095145704717363,0.5160690982298709,0.9647377339119693,0.9337778185815735,0.8015103284833728,0.7750441626990519,0.7092544934475954,0.8453582563198647,0.7868820220020959,0.5786030364791803,0.5367700042229979,0.20018405368762493,0.22297581457313487,0.165938627735453,0.7096395893031417,0.4734296071830446,0.7502837076657575,0.6711289516838204,0.7483482257647778,0.7121413768499804,0.8027281974593518,0.223853919779775,0.6940611850210342,0.5937433816903052,0.7773428027958155,0.8573939991045745,0.8681912796024225,0.9783159438891493,0.5150994286834367,0.5856183712774016,0.7816605119196455,0.7615391659241388,0.9500728942656903,0.7789412992149021,0.7331388087365925,0.88509517315554,0.8343751151205168,0.8654246576627418,0.610725594706987,0.8792022230535055,0.7894055901414415,0.5799148305227726,0.8091216660075592,0.8465135439728928,0.8768810896816348,0.7568763749840625,0.6802792976616427,0.9163217273926436,0.6697752789437126,0.6166209991203786,0.7429005800774318,0.5360704323845878,0.8940969164512211,0.7378230278754473,0.9343649544852803,0.8443606334196069,0.9716064720845232,0.6549899566990207,0.5093000689394459,0.5359473816791044,0.3461165162852984,0.8216266291626552,0.11213168469164993,0.9502327378307838,0.7278138092202525,0.846923550641311,0.28411572496439547,0.5245293256608703,0.5621201884796144,0.6015861117256085,0.466805489086587,0.5288414206471443,0.6128726356844124,0.5469328198438533,0.6271728879849602,0.6897562349130508,0.6152348491780171,0.6958204533892858,0.7278849707806777,0.60165747966832,0.6967422539015877,0.5767228736498409,0.678731208175186,0.4810103576848053,0.5998229216032626,0.3435795665967918,0.5533371400883172,0.7127781941998039,0.49632436861664647,0.7063257522823313,0.5282252531255714,0.7001812340978224,0.5496099033556024,0.5387700097076206,0.6513425428832971,0.8037880963892433,0.7306782460766494,0.5667023175356855,0.6822460507988505,0.6223056797094861,0.5906119839951702,0.6037144375556236,0.6462658612868566,0.776987442204957,0.6776035854270112,0.7231911180899341,0.20476535679080807,0.9157460590960931,0.8385079357739873,0.6595561546482465,0.4221298671999857,0.518540671179965,0.5726359249940918,0.519683582046503,0.7354761487332243,0.7013005360879836,0.7251057217428815,0.3335273574901092,0.3286988471984775,0.48878376527993783,0.6615378461398811,0.6220915055665365,0.628865877675991,0.28152168079755135,0.40356563872959195,0.5496025240164455,0.637086998399628,0.640041186684146,0.6822607478499605,0.749144024498735,0.3149663606464466,0.9505132905593132,0.12556923919561486,0.9306216719962532,0.07975979383638349,0.7367970684054249,0.8885849831482064,0.261052081426725,0.6031012157383064,0.821910277525874,0.7544551731475004,0.7677634649949047,0.669039660549624,0.8513183289700059,0.9184570316383399,0.8565273337752923,0.7440604715163792,0.7747501914968594,0.6255232391815309,0.7988769617931702,0.5633551234652295,0.946271433949179,1.0,0.4195616002055001,0.6047344644861559,0.47733156302986224,0.5933211894435223,0.7732278309356837,0.5745742699079672,0.47126373757994233,0.6954462210178446,0.711673252367401,0.5930053471183425,0.454474172862904,0.4124356746940706,0.5136005567608065,0.6230580627601485,0.6640451793856645,0.4514834596161791,0.5188917742268407,0.7677183869021851,0.7524476814274043,0.6637453224449334
WCLD,0.576290750487345,0.8479327683401022,0.7085863458557895,0.813762491104995,0.7091805159200683,0.839128059304965,0.4853112706103151,0.45608635988180113,0.46252337089363027,0.6569319972364615,0.5156029204508219,0.5294933348176997,0.4277988168139756,0.49918031549638014,0.608137850992488,0.2263020561237531,0.217183985564533,0.1671735167823275,0.6970496347907178,0.8722273563042663,0.5602394256008518,0.3532442405807526,0.4812271708841098,0.6937100708103893,0.33926136731848,0.21585619882898824,0.35360092946458793,0.28721778840889356,0.42082341073334145,0.4159967230244372,0.5603428331880989,0.39061220895733184,0.2779016294987901,0.56851421629202,0.42917523335986535,0.38031069311002674,0.5019980965143246,0.468939967602411,0.7032360111401866,0.4768152599195047,0.49441065829204306,0.48990843794979844,0.2867214830910725,0.4128545828470835,0.4126548145108601,0.31473689953444217,0.5389732722612611,0.3645752244238329,0.4372492426182327,0.4860029075073291,0.43953375557557706,0.36195186143552066,0.31394501155282895,0.3268959677293098,0.36102409619010994,0.8817350990787601,0.4841626643789721,0.5985767188788769,0.5000781564389789,0.40710060624583233,0.4292192155870399,0.48524706710401905,0.17929459678606705,0.22022989485322517,0.05797694120634565,0.32991852309058395,0.11980509798147457,0.51649220113832,0.696900585530536,0.49841644258683404,0.24315698424969967,0.5716393767150569,0.47874362049329394,0.6854674925821155,0.9129473797246311,0.5552183380675756,0.3786752767049824,0.1867287626087504,0.6508934790081914,0.5035603908051113,0.4816882989574099,0.7042088204975517,0.6997879320718589,0.4323455814796292,0.6589603546658793,0.38665214126765063,0.7279882961774274,0.26871535415175396,0.45231585214273334,0.3343740431500795,0.37705098400412845,0.684324525574204,0.27593721063495746,0.7125587155821449,0.22418356379419413,0.4753675271218004,0.6066394409517212,0.47935699615439437,0.5662441848321761,0.3395027497342945,0.582116653212281,0.6041576726106892,0.7949769908705466,0.7184360689592912,0.7736018730642362,0.6377343368389217,0.47839755924672844,0.6254499712885556,0.6086152278449373,0.6742079822157768,0.18779423774482232,0.5275629162869109,0.45365301202654357,0.5978244257626218,0.13260687373492344,0.22626963049243326,0.5525785694430941,0.3257522696761038,0.6774409766880195,0.3772062034761569,0.6823237918263667,0.26767812731259855,0.32323049540112236,0.49037935364885776,0.627598608239796,0.32999587811725845,0.736693802749056,0.13932492607316727,0.23238626688145753,0.36474298766482943,0.5924084596350203,0.5513360665643714,0.7853370419881741,0.5722719039653185,0.32158777407827244,0.5070075261003043,0.11811602711855058,0.4832775459007371,0.12908319768967394,0.5646566864490115,0.5651440040734976,0.2086764518400297,0.47193485940882984,0.4357550445276836,0.716703773536882,0.5169563796039301,0.8048156800521545,0.4462941073273109,0.5278813120089499,0.6677636004644987,0.7105022458979086,0.458580058373796,0.7523984750454163,0.4907309510082316,0.4605279372543159,0.521275434653894,0.4195616002055001,1.0,0.4915095047199714,0.5920033966036403,0.4944714676973229,0.4489073119644412,0.6545909663002347,0.18148472971740548,0.48112001775801155,0.46967311208231943,0.6696604537880739,0.17495536083912297,0.15423061118253156,0.3643179732125803,0.6972517810082254,0.36765450968797164,0.2710267342862742,0.566661971426521,0.48403853192609153,0.7525054409283498,0.5713694284256748
XAR,0.5641776819461997,0.6056813131426075,0.5746397305960319,0.6239092439987396,0.7747788757456301,0.6032730271603199,0.6493371592472302,0.6412697972534827,0.546801835449959,0.7573124627207457,0.7017177615380241,0.6647834576651432,0.57882049732122,0.5017723738153845,0.5883306728172112,0.14534208485348044,0.1570712334155224,0.17963093958199416,0.688298102288126,0.5691362423763112,0.7158018575892576,0.5497311544056644,0.6738362954228853,0.6971042856348644,0.44028870021398325,0.16087653100297472,0.35886310838528546,0.41348621887085496,0.5214375222147071,0.49287680843153103,0.636651755906641,0.5864561576300523,0.3377648997126307,0.5564977980443172,0.5768290024798414,0.47170796976156915,0.6316377943111184,0.5310059381029939,0.7155938569629342,0.6143745485199366,0.558622471625168,0.5555770123247687,0.33454746065492574,0.5625687893425374,0.49502172049612764,0.39379726556049355,0.5913445058947575,0.5095047019642165,0.5473817474000312,0.5162804065659325,0.5214094494636897,0.5475653003771506,0.4629916668642034,0.47265575929358133,0.4794034802145279,0.5794254290864155,0.5855499759285486,0.7489700086913281,0.6399580910977231,0.49219368300388217,0.6238436649722153,0.5980196657001351,0.3486900429860821,0.3813442384972689,0.2189171532793501,0.5428308408014028,0.05201065580377092,0.6391911259903481,0.7135463968896353,0.6424615499892505,0.20344840043140788,0.514379809355994,0.5134720604586391,0.6752075651948842,0.5439578415010881,0.48544492382723653,0.41606925582903787,0.38359111924111927,0.6123744573781463,0.6431896940954486,0.621758515175307,0.7351378551911554,0.7002414648722726,0.5861795178729322,0.6915839410609784,0.5444374203002946,0.7797786592638511,0.34680225703191997,0.45663960442040835,0.2742689657528358,0.2962448316785432,0.694734519084309,0.44154485875557203,0.6704797858537249,0.46779233059630054,0.7553624594890928,0.6214036302022082,0.4965528353079443,0.6426473795048641,0.5437598745378471,0.71282930718798,0.6150084899783593,0.7179792694154941,0.6306692720624271,0.613267596819757,0.5982380597549767,0.5541949605576025,0.7360990651584048,0.701039010201017,0.7786583361598056,0.15688117674460073,0.6323228808591921,0.5427273036352241,0.582959442735519,0.2700516601692221,0.37694980976748355,0.572987891547247,0.3773459542848381,0.7139277078544576,0.5709241861758813,0.7095297264282745,0.24790538458351932,0.26045943445602887,0.45676866210722294,0.6421973121653741,0.4009093476481891,0.6264379060775909,0.1798025409776053,0.34685376470030466,0.5525629784259591,0.5678936428967661,0.5883445983235274,0.7710750024780609,0.7440615834584814,0.25422263058862443,0.6554540888722966,0.0705500172848494,0.5959523450474282,0.040050655924285514,0.6936375317074949,0.6131199593529777,0.17056443381338898,0.5195746364543391,0.5058435207860189,0.7581542603619138,0.7106741001162548,0.7314797603801707,0.6190384985986273,0.6329870620828051,0.7344816075960112,0.7381578851283296,0.7064271261833492,0.640594921229282,0.52347090996767,0.41309208480125686,0.646177477241837,0.6047344644861559,0.4915095047199714,1.0,0.5370922376014444,0.5702801416057717,0.6394089482450757,0.5416389358772611,0.37757202875605056,0.6375662686065905,0.8108971906245531,0.6106585708127703,0.3058654291968231,0.37765166160684693,0.4192693070490796,0.6254555516813585,0.6492854978073955,0.4099590739454216,0.5442955536487243,0.534183041876334,0.6880507342966105,0.6290136730933557
XBI,0.5507205204552992,0.6518537399448137,0.8393989303286673,0.7333279681572447,0.6486798682152082,0.6518524808769061,0.5173950128269771,0.48614464725210843,0.4946263891265348,0.6096548452433262,0.5315505067233275,0.4994739036755619,0.4606812984915971,0.42822341666537606,0.5609051436947289,0.23067783564686545,0.2366268071944997,0.20450017658504352,0.5983506350320262,0.537292798829518,0.5362594978066806,0.4192533610800482,0.4701036676511939,0.5862682717243343,0.3888045208485812,0.23262425061224082,0.39004694594078965,0.3372232643486361,0.4704374305575329,0.4722564087392744,0.5636264885320823,0.45678125782874496,0.30850472852753347,0.49630849779724706,0.47026591507756615,0.3919816023173653,0.5313383835751329,0.4934122458022534,0.6032000377662072,0.4898019592342374,0.48570204919477045,0.4640832472831247,0.31063840027441225,0.4370157750188472,0.48006771651372226,0.30470646334799023,0.5106673218848575,0.42319657223700285,0.4646775307571826,0.46745762961003356,0.4241792321472775,0.422312479596282,0.3546324621743409,0.3743730643606297,0.4091133409870048,0.6022110419523005,0.48711982048982516,0.6011296945281782,0.5229136220787328,0.432148087542518,0.4810287633161585,0.4753296702938536,0.27594467909224824,0.30338678189306423,0.14283257011597578,0.372548888506042,0.13886162448616968,0.5323403515803671,0.5988245872322607,0.5100820887931858,0.23840141775651055,0.8984931700456191,0.5310154073586852,0.6407939572518455,0.5402425449894952,0.5188194011615462,0.40563059913121513,0.19591344593145785,0.5288975852747956,0.4900138005333848,0.48598164999725396,0.6203084024247474,0.5935632070574935,0.4234275207456758,0.5623838942530177,0.362432468210875,0.7080484951646095,0.2540199071761835,0.44124276638642973,0.3319211979641244,0.3632673592416558,0.5833712726019746,0.2792597404678827,0.598986239031342,0.26406942817112183,0.4938030164079137,0.6234503036978895,0.4304733946770551,0.5207920265759015,0.38785337109122187,0.5411113215530095,0.6117550613616862,0.7291894625169001,0.5814764984709092,0.5822608701738521,0.5513218833570828,0.5017788616378261,0.5918916042615086,0.6274234812617392,0.7059961958324237,0.16412184325906654,0.5364550145232704,0.49490416946668325,0.5607384168365546,0.1948730052296473,0.30958611521071566,0.49549281478622476,0.3645679936600254,0.5886543454414219,0.429183110172955,0.5914971897081748,0.289443461086816,0.3255730531183092,0.5085130167228724,0.5285687680587758,0.35237510345204714,0.5701350939401975,0.13485853800981204,0.26403479936845786,0.3967085382155565,0.5546637864265637,0.5125070924273988,0.7490502753149447,0.5874251651590825,0.31569463768685674,0.5366294733399077,0.1526621618235995,0.5100619246325637,0.13139661357122842,0.5344630915504712,0.5659623774544675,0.23716121813371996,0.48864942495220315,0.4754977428660292,0.6424129133783021,0.5333098573968029,0.6669493037294231,0.49173374780647283,0.5537788484674511,0.6185886731343517,0.6274102390107101,0.5103700842016593,0.5870438678739777,0.4998510843028654,0.4339840422097123,0.5496331783513484,0.47733156302986224,0.5920033966036403,0.5370922376014444,1.0,0.502214317207537,0.4600108417708022,0.516538341692517,0.18344240460063962,0.4356040104155624,0.4864013522406287,0.5270629902567343,0.23383053084657432,0.24487762254809076,0.5248666269895352,0.5670326738862412,0.42040336807010187,0.261453761994453,0.5278757700956282,0.5014428007043995,0.6803163686051157,0.5057170087492922
XHB,0.6426396789510993,0.551589348504433,0.5628097063275047,0.5501840068039289,0.5741713351464058,0.5244952503534951,0.6373843548653473,0.6011015651510928,0.5073815195153262,0.7496576013284095,0.7482712775738593,0.6034995240925164,0.5539789568445149,0.4818250009546382,0.47369005379039825,0.3501038919133609,0.35913291281028553,0.30929239906601796,0.6304179409036623,0.4810063308464305,0.712860790590496,0.6087638733361693,0.6552398449550804,0.6842307932286545,0.41169891372017303,0.35902672116951934,0.4545588121057804,0.3948983187546888,0.4883079264351576,0.5619964284196047,0.6494046161103431,0.5898961014959254,0.31269267743159174,0.5183084277301109,0.5217819559120197,0.45526830906043964,0.643116332222097,0.5007639247668213,0.6952627417517626,0.5854797109274851,0.6085601857678514,0.5889909724217551,0.3552728059779436,0.5639768379930733,0.5694468684521334,0.38274662182784813,0.6144489619944087,0.5177090198218562,0.6034565989971128,0.4986754108959601,0.49108346226146565,0.5242887641532212,0.43511079516836754,0.42026641720972613,0.4462548429324303,0.559105655440034,0.622550991482266,0.805438930315402,0.6490910891929925,0.4668847753004477,0.6166026066819423,0.6725597349751441,0.2577250280575119,0.2757322152114772,0.13165836789897242,0.4750302397403246,0.25605026662803304,0.6476752909635145,0.7118238618282277,0.6165122050969436,0.34053073014462526,0.5422265374966211,0.47806137043844343,0.5487031849070242,0.4862971584390061,0.5489966354162338,0.4380401300123118,0.241518439241935,0.5618000003082799,0.6623762286192728,0.6077943810416473,0.6862605240270364,0.7283772916149894,0.6255517267578596,0.6895421638683316,0.5353307382252759,0.6682906225118815,0.29864784756421037,0.4411758911956368,0.45990096950622616,0.2997379212310064,0.6547773790525125,0.30561542509687945,0.7511351074787977,0.31268662870035996,0.7955945744042268,0.5464392645329789,0.5639680672415115,0.8207472196497734,0.48053125451993467,0.7652066340885079,0.5748508266730509,0.7032237274025185,0.5959229284475405,0.5874591242653651,0.5417301644659006,0.6644255243578682,0.7974645116196017,0.6538859426776131,0.7860514721763955,0.2734493869746603,0.6443698184088987,0.5737526532308544,0.6476360627687301,0.17184363641340186,0.27592039685132996,0.5345570005359019,0.37209379593513714,0.6889024593234601,0.6660454013373712,0.6880727422844485,0.3939729959003284,0.4467480092759275,0.461797613310687,0.6161959873499581,0.3706565797091427,0.6005340345895214,0.17493215506055923,0.2879666642335501,0.33392345681814584,0.6449610719544664,0.6187893242246387,0.7520344128170247,0.8110362501560127,0.4376352365737715,0.6483807492595043,0.26424932434441833,0.6273389573458567,0.24876569574368856,0.7293623922607673,0.6455076647481354,0.3625214734324434,0.6550647337336898,0.5803256795976297,0.7830128182624398,0.7719107543722586,0.7102009449513104,0.5873593006559986,0.6316125007024973,0.7142932096918464,0.7139504532754883,0.7113719639091546,0.6050755183941402,0.49795366355111326,0.5659949426166933,0.633121954988854,0.5933211894435223,0.4944714676973229,0.5702801416057717,0.502214317207537,1.0,0.7336536609988759,0.5627032523679152,0.24030291501282672,0.6063423856078205,0.7543815038724616,0.5545294857986706,0.43301604864433624,0.3662480122652519,0.4982938504571074,0.6979173457062212,0.5082007399658036,0.27233567034841655,0.7111349204312671,0.503388457568378,0.6780421100613611,0.5627737325501918
XLB,0.6124905232479262,0.5270917791148714,0.4993728528140092,0.51140278061328,0.5863692041705997,0.49778304269755336,0.7841223840594408,0.7664240512759043,0.6093619387442099,0.8239415924048309,0.7898931203994813,0.7886300052267597,0.6181245273775314,0.5444285866120661,0.5013200716405155,0.1931915707951761,0.19712279772836724,0.1612126428796318,0.6584487388448959,0.49480962868428735,0.8073592821451654,0.7169228447489135,0.7981820917770337,0.7395280064305798,0.6038683369186131,0.19746988121540782,0.5070192690540571,0.526476717354711,0.5811807121015808,0.65924191207075,0.7234006053662722,0.7568363620230446,0.41593252580673845,0.5425369744609098,0.609832173237651,0.6000265614696861,0.7609262768491449,0.5893569166453374,0.7603560189973878,0.7444316454108074,0.7036008418903892,0.6896362994541733,0.46492260470007357,0.6924865734441515,0.6491563199171222,0.4826942579290593,0.6753381250785517,0.6307551884789581,0.7076878579234783,0.6034881012412455,0.533718556797516,0.7252225942678137,0.5644820608584933,0.4686247110380153,0.5922750964510434,0.5441833128537626,0.7227611091191257,0.8197980163758878,0.7630038599754331,0.6351909419529576,0.7738752058278513,0.7767046358253259,0.46526702046921226,0.4795237372352792,0.2753602047113319,0.7856389244670062,0.09140853290738765,0.7749710831867893,0.7675543618801145,0.73259506073958,0.24417136282102125,0.538696945753169,0.502691655535165,0.5683697049719523,0.4884164012323429,0.5922335694308639,0.5029755316959984,0.5021619990790652,0.5867177257754231,0.7734205575531278,0.62889089099043,0.7235537968157082,0.7859073198552697,0.663761187347273,0.7475895683638143,0.6540438837385493,0.683061935355719,0.40334501989895644,0.5605273651703617,0.32346197217911626,0.39042416398967356,0.7246232195551852,0.4866955692510176,0.7943800037497057,0.5283734109383409,0.8524563815421204,0.5488655638687705,0.5239989060357342,0.8145651851641293,0.746028987144257,0.8253173935656571,0.5785455397763879,0.7119694006622566,0.6134128229478156,0.5911589487688214,0.5960875891406374,0.6426835394212563,0.8741123807171982,0.7030122215481135,0.7840784808188609,0.1903544698681783,0.745888158056949,0.7031570640869711,0.6305405598226922,0.35849694754979855,0.4744239520694431,0.5450263926700869,0.4262067911921757,0.7640126229183405,0.7876160006044562,0.7537596681372631,0.27918716575117597,0.3123303672297411,0.4568917219779796,0.6660965580520761,0.4834738671529668,0.6274467512510847,0.22277758204690778,0.3398968425210538,0.4827951781926779,0.613878832529768,0.7292697362501004,0.7328107085720446,0.8483029142830768,0.3049608087962619,0.7725516209008633,0.09183906790029575,0.7491463861844777,0.07790395246413646,0.8239084759111099,0.74037718695985,0.22144106111677347,0.6601888976435064,0.6487802680282009,0.837352317643587,0.8755321499614335,0.7200224651132578,0.6719115705802268,0.7265811999251804,0.8049436458784808,0.7766341573514249,0.8572410391313617,0.6223180794080657,0.6095745255204571,0.4983520539507931,0.7579515440246987,0.7732278309356837,0.4489073119644412,0.6394089482450757,0.4600108417708022,0.7336536609988759,1.0,0.583256023380258,0.47726969714759887,0.7507047733411194,0.827053352998321,0.5802958823980341,0.5248165978321409,0.4621306311519804,0.5859719600546467,0.6554164609571788,0.7466883288510615,0.4753680405228249,0.6109459039878467,0.5853157519238104,0.7208209283335033,0.6733564045518594
XLC,0.6279535449866187,0.7292743392955952,0.5748032914148116,0.6907219234426609,0.6596008973030012,0.7153713480531235,0.6200892605783221,0.5833547439037278,0.5204846795793876,0.780730569671533,0.5818428660396402,0.618147071457127,0.5481054698513509,0.5437318310105408,0.5726810553113613,0.194753679172364,0.20002282481971348,0.17869053947945956,0.6952810214184794,0.6327968086537404,0.7130904095017677,0.49697462893123734,0.6655981210419414,0.803882755625747,0.4384993033156101,0.19892791355759284,0.39926464842197423,0.3562488848728499,0.48401205023110067,0.5389813363426302,0.6624374908332363,0.557181498298396,0.34124512179439925,0.5849474345041095,0.5078439236232944,0.474661832817825,0.6363170967985666,0.521112463554747,0.8226357147663254,0.5982695722618661,0.5893923506269162,0.5989342133995839,0.3617504632511079,0.5564296315627169,0.5386791048762141,0.38769739454384106,0.6321071302761633,0.5114994603052531,0.5758543674078976,0.5491792374291405,0.486959889061688,0.5129420468926845,0.41761506800281567,0.38850095031127807,0.43215791754888816,0.8528358455771011,0.6147471695673613,0.648771228526561,0.6190442015014614,0.49316730415468535,0.5801705279573153,0.6448716441724701,0.23181040615372492,0.2652976247441697,0.09799875989180384,0.4393409505080105,0.0770550953059282,0.6478674626269663,0.8219781526861433,0.6455975868412984,0.23282309890963165,0.5407897377343172,0.42009516353547866,0.6053990615330078,0.7114573623350823,0.6061300710621466,0.46412416952598995,0.2671543336318851,0.6943983030694283,0.6834577891825194,0.5496519354396475,0.7405077966994045,0.7926232639588893,0.5048860537308871,0.696158774112046,0.5054660553499815,0.6775575018572189,0.3342759500932105,0.42347733386542513,0.3359531509819563,0.3826958238701399,0.8273385753887065,0.32878264215198566,0.7729379156883299,0.273204643068105,0.5811562466237474,0.5063779178486382,0.514146697256274,0.6226625312378959,0.44117999180776823,0.6937819467879414,0.5306176742133842,0.7418053918845481,0.8110828315613797,0.7249877596973995,0.7172176806626082,0.5445133132076359,0.7360785759860957,0.6418633512235528,0.6719777100228567,0.17581252120867075,0.6363405430639258,0.5511462361933547,0.6628830413724077,0.1805025685393184,0.26046806357943214,0.5952344584880483,0.4025490475444379,0.8206643483309504,0.5443095941348373,0.826164988237449,0.2918069385169694,0.3246266924387858,0.3982967621931463,0.700845336570469,0.3957338142071602,0.8446073642873885,0.2014201935061054,0.302686982544157,0.3903468860426102,0.6528613068558755,0.6778812397346616,0.7177275948761024,0.647813582374586,0.31333624613210426,0.635690921393138,0.09569362617512217,0.6146296897114923,0.0754057930042249,0.7191842090363384,0.6614672009623078,0.19837181832147963,0.5468099258656721,0.5300198423748321,0.7512786374040141,0.650033513238078,0.7586893147071774,0.56062639283966,0.630806200231707,0.7860474601907855,0.8196395858608654,0.6399964977021239,0.832316589253752,0.5424819029715524,0.5011584595763353,0.6344582120074109,0.5745742699079672,0.6545909663002347,0.5416389358772611,0.516538341692517,0.5627032523679152,0.583256023380258,1.0,0.2502734562149334,0.6211508278324216,0.6126051282679156,0.7051738748042834,0.39694733382542047,0.30614064807630026,0.4826841468538203,0.7655977227427274,0.417552457538026,0.29004561278093977,0.5649960375662851,0.5332563390721178,0.7564643209635535,0.7029751331414545
XLE,0.28210428910936625,0.19844572216652495,0.16243762272085924,0.18478815247238803,0.26592563195619773,0.18946070407732896,0.4146492416857699,0.448786079714653,0.2773993231784736,0.49480140474619844,0.6138487944913975,0.5489325264011415,0.29476742609070544,0.35087411967779714,0.23926560407208144,-0.08782148508958017,-0.09031632680614421,-0.13091780673908968,0.2678356847810822,0.22311801809038553,0.43544502547695446,0.5754754094415221,0.5142301073862166,0.3350015009681364,0.3763808819145489,-0.08551437844051661,0.13779954636617467,0.2823487438615473,0.21885235506990355,0.26350504323381,0.24849252421910387,0.4467447340413321,0.22783223896258537,0.21467775790592444,0.27004419805087865,0.29321237767037206,0.3523985626486019,0.24985400719646178,0.3800568699073342,0.43547191169815275,0.2813846506865276,0.25490251163958405,0.24430988632765033,0.33731837983894397,0.2066695730638061,0.20151863423228736,0.25394199396281225,0.30099120546727465,0.2951333346578977,0.30605263217229217,0.23310326072973248,0.4504709375347913,0.2801459151856753,0.16647520376945682,0.2508463433797046,0.20760804344257858,0.29552880793728775,0.5005333872953743,0.38644276120396737,0.37034623669640065,0.46002409141611084,0.3764013148156074,0.19170255591763347,0.21889083111373533,0.10891559149274872,0.7488434485092834,-0.1521963632174243,0.3695714444089864,0.3715122567600479,0.3718138694226787,0.02015873854941856,0.18911499934117637,0.2160008311959798,0.2581542150556128,0.19160568031703337,0.20187887537145743,0.20673279306125011,0.9786604724009274,0.21795110178173885,0.39941964620355364,0.26815130466306597,0.34647592000547156,0.3876072101046541,0.45065507781427766,0.40272297844737703,0.43152338656451733,0.3308767795345251,0.28824327233166874,0.2707183052750469,0.0008623581629684986,0.18077916906428848,0.35523407005540225,0.753058702463173,0.3858479475483743,0.8741335405775705,0.45416378468842555,0.2809272597174512,0.25654659002629554,0.30798778960307116,0.4716012823410687,0.5103270107985246,0.26517945068238996,0.30230026027650625,0.23112376352263347,0.2281074194705562,0.28227486854314704,0.37615669051122963,0.4935259578275621,0.4280774049274558,0.44281447765284715,0.07309950164106259,0.3328645262536943,0.4868087583784166,0.3105614317645875,0.17316112636240716,0.2284662964712457,0.22073044934787658,0.17949140762965576,0.38823291721668385,0.5810611355778839,0.3496663404485392,0.0001510467951187999,-0.004727986379976748,0.20135334341704847,0.32227603984597636,0.2455351047297813,0.24812671338726477,0.11727562992135877,0.15984666424826016,0.34134485544798454,0.2904879684987031,0.3522785079763778,0.3496111828701076,0.5296546806389476,-0.0038792923839424585,0.36730838005755756,-0.14586784764285451,0.32949545038411354,-0.15645554745832685,0.4053399467631569,0.30940272006675523,-0.05876998975563755,0.29803677276435536,0.2688583664096993,0.44941529581028117,0.5507449941103446,0.3221719645909487,0.3127356174717912,0.3014196446163319,0.4005015700017259,0.3988936387341656,0.5647521480779364,0.23828960553824372,0.2852949174152973,0.13830225719956177,0.36235480612737625,0.47126373757994233,0.18148472971740548,0.37757202875605056,0.18344240460063962,0.24030291501282672,0.47726969714759887,0.2502734562149334,1.0,0.48014582850540194,0.4452670345082431,0.22730837603085036,0.22520496782208826,0.22780419559522677,0.23585547625651673,0.25610932950841664,0.5156374628704946,0.9321077492047319,0.2964818585081975,0.24028300760634158,0.2970637881057746,0.3792528662589622
XLF,0.5623106261754752,0.557330957628803,0.4498108053610631,0.5103727869256123,0.5581699972962293,0.5161984768141298,0.6929437158643346,0.6582613093846548,0.46707010495522056,0.8329612110226114,0.802209069337783,0.7264299379404556,0.558073472005942,0.5711247678075028,0.5150992745233409,0.0692686486545822,0.06413970440931804,0.050207600844091524,0.5942921423257688,0.5097451713255087,0.8684631268079197,0.6950662104960628,0.8468587325519868,0.7394608415397762,0.47613899234369395,0.06155939281620978,0.3583025109983395,0.4170371970952082,0.444927644825813,0.5602610467406418,0.6223592515064057,0.7031555629297881,0.3386940111006132,0.5200109728697903,0.48568875787098803,0.5341588220877597,0.6818474696776151,0.4547389238367953,0.7708669968617603,0.6485302276673046,0.6150780715485537,0.6314931637625061,0.3426792657120321,0.6588264494326632,0.5576520383562857,0.38396022953921755,0.5912003338195048,0.6151613812935669,0.6339564873435074,0.5458488178947957,0.42632091122485916,0.664204899022115,0.46207687066787967,0.32762509198982376,0.43158255736826107,0.5686970470194487,0.6528699676524303,0.80112798387168,0.6568936625776581,0.5051138688315931,0.6834872793037979,0.786153096892383,0.1948094320266133,0.22135419968996653,0.031117937905911705,0.601580167956938,-0.05155000323978471,0.6950422287758404,0.7761668130220089,0.7158243347842135,0.16432258034611308,0.4814853369452018,0.35562697106087376,0.5132682053735173,0.5266242373412897,0.5775543452428827,0.49450383724741026,0.48323085741235466,0.5374184310144738,0.7785818550963829,0.6629818434238434,0.7037562662362821,0.7754509137775266,0.8452748368801463,0.8711387686270706,0.8390636922517984,0.6372476493442842,0.3693473367413959,0.3861613571262686,0.21296416299011034,0.27812163171170445,0.7445309111855469,0.5167819606153168,0.7750100347746828,0.4970937849068392,0.7723474162685564,0.45009712272360014,0.5089146215091734,0.7322518992078536,0.5401120749225895,0.8775666041355356,0.4615155577467335,0.6504683320563498,0.5890748359422655,0.5452097157742856,0.5811051130047058,0.6391997223937023,0.8651292323043915,0.7023594537138395,0.7616350307943651,0.07276931900395427,0.6596863622826105,0.6260215937688964,0.6184691351410831,0.13667833276961708,0.22720297410586537,0.46369744573103283,0.41898718160705617,0.7759448554240074,0.8041002139486155,0.7687263964234513,0.17309100112904544,0.19909024846289863,0.3083380227508246,0.6258353681374698,0.3614460340120106,0.6493231700712226,0.21743346446232012,0.3329551654669814,0.3866255391634392,0.5912612107248919,0.7392996791203221,0.6840588771251702,0.8419907295227756,0.2005149311185632,0.676309687472292,-0.046815519617449265,0.6706738039241394,-0.05051619610893428,0.8373357584958874,0.6555080839114285,0.10300673310821372,0.6162663666933085,0.5511396408361794,0.8153986869834057,0.8720192650286398,0.6900151190950902,0.5600306967256069,0.6234574817635745,0.7674200135288936,0.7842208658288373,0.8874130536036515,0.6245589273391551,0.4867609767755258,0.4161543869514053,0.6480449433401051,0.6954462210178446,0.48112001775801155,0.6375662686065905,0.4356040104155624,0.6063423856078205,0.7507047733411194,0.6211508278324216,0.48014582850540194,1.0,0.8012106246860871,0.5489220886307661,0.48272565402504247,0.40480113779398386,0.560388173580252,0.6609748848728983,0.5626252394745466,0.4705385262525511,0.5768493306512761,0.45871564737311527,0.6387236031096875,0.6981845559462626
XLI,0.6364825596471275,0.5716354395141072,0.5218294397788878,0.5659470805683193,0.6853075253098789,0.553014265481482,0.749072455732024,0.716089838606294,0.5871137789135098,0.8927538971910635,0.819578857206589,0.7506991131495663,0.6434238937673213,0.5667103329046109,0.558195508418682,0.1502709218881889,0.1532021797045753,0.15656678808414268,0.7173886800740205,0.5591429198850478,0.8830034952460385,0.688517644063485,0.8495036954816415,0.8152524807434935,0.5029696810398231,0.1574464842403121,0.4033894467252556,0.4578704941436538,0.5548261075515185,0.5810892473480617,0.7246078518862212,0.702098520320635,0.3725562347645691,0.5825583694174283,0.6268903528182486,0.5454211431995164,0.7377704188397153,0.5686229350105698,0.8363436901276106,0.6962469308041052,0.6689582168869427,0.6557237210002818,0.392702687496952,0.6610803142477455,0.5952734637911518,0.4351929149305635,0.6863914814834108,0.5948029307515886,0.6674379725805137,0.5695412556926234,0.5721292305484096,0.6546541227489799,0.5224276496392201,0.4972976137576201,0.5007402728192173,0.5969443704915478,0.6999117476296282,0.8577333092239339,0.7260888587251451,0.5608628051344453,0.7320587552382336,0.7945196070705316,0.3046782331081055,0.33249534084037335,0.1492540016525344,0.6390034107255905,0.03699706714730899,0.7468213327680834,0.8421655352179356,0.7606005061031234,0.2125938406571621,0.5366587191085432,0.49534223067652444,0.638576305935781,0.5392703604039036,0.5856897297910724,0.48905757046702697,0.45093525967368686,0.6796418450709213,0.8333324327903919,0.6926092516881849,0.8274517778693766,0.8505010033678698,0.7116895690268757,0.7996861046706235,0.679076470779536,0.751396287820842,0.3868499940002311,0.4838191125751778,0.294110476392378,0.3067084201435593,0.8059239423889383,0.4809656102976616,0.8055756837478623,0.5188084197359191,0.9413646742514797,0.5726198237021077,0.5431922492408991,0.8422014894439359,0.6139724514450159,0.8701665252955936,0.6074020114103347,0.7589013400003793,0.6979287505488359,0.6648929477441308,0.6635556413776986,0.6388557944444668,0.9068889422533277,0.7608363341405796,0.84482922195206,0.14170125305518208,0.7132013993783696,0.6283724644875139,0.6652510572268243,0.22739125314450326,0.3329474255853685,0.6346699564037839,0.42594920562880945,0.8408075732921473,0.750733049802871,0.8332563601394851,0.24753595024316472,0.2798693987181624,0.44253813284580007,0.7437278090407832,0.4364741083251936,0.70588907238562,0.2187662596257138,0.3559391922633733,0.4829392971948044,0.6436498728145793,0.7539077799065943,0.8000672062810035,0.8767753266888061,0.27508869283099124,0.7522852765393137,0.04651078890184479,0.7090085126708998,0.03037095230126388,0.8823962314759747,0.7106337403859372,0.17162477911538881,0.6531359927194714,0.582203053117795,0.888008539899322,0.8898471422565685,0.8024599244695984,0.6849293473283588,0.7118657514965333,0.8433815001997599,0.8502517810686868,0.9001155095150186,0.7056388165821076,0.5640544705471912,0.4824316970587946,0.7298023000313032,0.711673252367401,0.46967311208231943,0.8108971906245531,0.4864013522406287,0.7543815038724616,0.827053352998321,0.6126051282679156,0.4452670345082431,0.8012106246860871,1.0,0.681070541566022,0.4754919883761974,0.4769865472004353,0.5636400005119826,0.7064633032268648,0.6615475797530855,0.44378311597969444,0.6270926991910969,0.5724217216217207,0.7565480277491248,0.7408037223136322
XLK,0.6285032657206971,0.7277501118401141,0.5972418276492334,0.7225476642134867,0.7955814859642266,0.7460194180915378,0.6717978782555084,0.6267348604866639,0.6930657758000817,0.8507044969357795,0.5802616994196623,0.6269167812876482,0.644566605403227,0.5582642291005697,0.6642266260536164,0.18643155992463004,0.1737520087764792,0.15668043267301143,0.8438185621316464,0.7685173117061563,0.7365970287956256,0.38599848670902487,0.6661456507016199,0.9247611395837585,0.481641648707707,0.17088533109400197,0.4139814794360676,0.39731502732216895,0.6356363109527069,0.489194044855853,0.7620009896547297,0.5599019844651145,0.37844455857855114,0.6709269568918651,0.7281691128247432,0.5082718641458335,0.6939763035169754,0.6813624776972526,0.9148635104944565,0.637456160705464,0.6193012297127691,0.6289864648853464,0.38144542959083655,0.5662695501107146,0.5064281353262463,0.43930131927918487,0.7718636442453191,0.5007198868300127,0.5875440572822034,0.5646872756722713,0.7289135680057348,0.5085481269402669,0.45205949989945987,0.6267283455307067,0.4972893474916084,0.8120183136707159,0.6720450414381217,0.6628078530364645,0.6596390107094297,0.5872931354114485,0.6385558696164458,0.5691982373470775,0.291477221132143,0.3257622905922768,0.15121939211344687,0.47262733867996903,0.05198563072455919,0.6917200037032977,0.9019299149288288,0.7172314857237778,0.22291698363776713,0.5428793122144315,0.549221299716726,0.7613778972358418,0.8104843302531332,0.5292446702957659,0.4986859505217099,0.2507376895609111,0.9901483989011693,0.6771165295017779,0.5323472126526901,0.9093881413233931,0.8748493723510357,0.44680908145148385,0.6899684252724608,0.3698845270819725,0.7833286870704972,0.35420837697209123,0.5457547614711444,0.3222732910788153,0.38475456544175274,0.9265381482114875,0.3008570553252775,0.7309146309325661,0.31855636142559735,0.6764769372188056,0.6280918028494173,0.5054904079461648,0.6195965346587948,0.5313579844757204,0.6582135723086817,0.6959683846704755,0.8299312249282476,0.9669712318466294,0.9418910242540414,0.8577256337721322,0.4833921794769884,0.7267615865570481,0.6967387499439541,0.7410820125455908,0.14653652593357763,0.6624945417433601,0.5112374725494904,0.6577290223389306,0.2621733645218519,0.3332949218470091,0.9158196903878953,0.43693527542675364,0.911294798905076,0.41456483572265806,0.9124536208917352,0.248143296687984,0.30701414575816516,0.5005639096842528,0.9223949211573755,0.4657552450978082,0.928775552564696,0.20788559479442076,0.3588251109567681,0.5139497835119315,0.6415335655841699,0.636488904485138,0.8093629765264903,0.6358301366614092,0.3099630099625506,0.7176672745391581,0.05920520602041725,0.6458231178328082,0.06364875400131839,0.7684854895048627,0.6770205608551959,0.17048414912743706,0.4605128631322446,0.4928535136997185,0.7843244477906098,0.6082166223165248,0.8567567965898221,0.7116946699590939,0.7374671028251911,0.878904774470386,0.9036562729317815,0.6407855013882464,0.9480629155519114,0.648586513129618,0.48937016843058045,0.727609822635496,0.5930053471183425,0.6696604537880739,0.6106585708127703,0.5270629902567343,0.5545294857986706,0.5802958823980341,0.7051738748042834,0.22730837603085036,0.5489220886307661,0.681070541566022,1.0,0.23693724859633794,0.25830157241516316,0.40270816074253224,0.7605010242164263,0.5228229483764602,0.2869980310454755,0.5148962884380529,0.6920187837449172,0.8794659376288879,0.7798141214327436
XLP,0.40490327151267824,0.20080397521288282,0.1708388081767029,0.16765993382987682,0.18586964488457403,0.1666380474403438,0.42201338681276773,0.3743492096929322,0.21490968580478562,0.4625525089960526,0.38175108444067957,0.43115653014573024,0.3139489535014985,0.3217773425215797,0.16374005027800542,0.19908661172572184,0.2146512783770545,0.17570533750734918,0.2431104682551956,0.20675567499627895,0.5796293098144353,0.6278194620284889,0.6333438156896799,0.4365354938483621,0.3026802912633019,0.210221409487705,0.29838140998831525,0.2167319219838505,0.24041255297168138,0.54952823128534,0.39240289138397255,0.4572670300459233,0.24091219841441253,0.2523729131447607,0.2115923097928911,0.3295919838290003,0.435832292351853,0.20631943132189254,0.46264346715878946,0.4314027837988007,0.3666930848473917,0.3958362992574056,0.21186851107373178,0.3960114460317062,0.48511613921478836,0.30932457508141814,0.31167484548141033,0.37729109944270495,0.4247801854820125,0.33200761325521105,0.15241359811798846,0.476294676106746,0.30255062709705877,0.12711287791582065,0.2834124450639127,0.24935751214074683,0.4057027489054687,0.4224601378041549,0.41311775707197473,0.2866267083819506,0.4198560576831967,0.7611460255584583,0.19043633016648104,0.1815386480762535,0.08564791161570866,0.34721577564685574,0.14828026996868782,0.45230520080818915,0.49181588609567606,0.3986010916517138,0.2092881368229045,0.34388697244591326,0.16852861067080346,0.15905616291072433,0.21241025030510532,0.52127704228608,0.2980464847369821,0.23902436752578649,0.2247835704900123,0.6749512768912576,0.28612304322659243,0.3822364047487752,0.5269915843828701,0.33638520593766064,0.3849554798774974,0.5314557692316572,0.2478362983684145,0.23503201737758933,0.16041337473296308,0.27520620117775674,0.1387847827544334,0.44539382237023933,0.27866690325742743,0.5488153686952805,0.1624384591870582,0.38907405257045674,0.12085387050825816,0.33511146939422803,0.549192617630361,0.25768540236921617,0.5305877164979448,0.14656011138619862,0.3255587627457193,0.3094838862861846,0.2029088964597965,0.32961198898648447,0.419216668026355,0.5893986767962512,0.3605885137923005,0.3596262303481155,0.18144902006795827,0.3992112846165988,0.4044460415250346,0.40622008615308824,0.08943502808687362,0.1643577310375793,0.12544466592555015,0.23425032536519638,0.4739921964150143,0.6434969484106549,0.4745063920462208,0.2666620124858345,0.26905333584747576,0.12722845062199936,0.3212649058685627,0.2509153699370058,0.362913383365672,0.1466706603882585,0.1722991361809757,0.12088389426114074,0.40913247433653294,0.7420225995405018,0.3214028834054479,0.46895150879896846,0.25920773555502646,0.41433845918491685,0.1563532385103884,0.44196542569391983,0.12819608758850057,0.653845164951011,0.47998465756005526,0.20904806367903855,0.5928893433114334,0.41286510822624634,0.5028849913403455,0.606400446720904,0.35857052236415266,0.31078377245276156,0.3569159850736636,0.4507501935007401,0.45750952391005306,0.6430020024725052,0.3262608401111974,0.2410112388488745,0.33949761210384155,0.38049524707388893,0.454474172862904,0.17495536083912297,0.3058654291968231,0.23383053084657432,0.43301604864433624,0.5248165978321409,0.39694733382542047,0.22520496782208826,0.48272565402504247,0.4754919883761974,0.23693724859633794,1.0,0.5805453627636648,0.6207992498254475,0.40483252134410774,0.22793282313809496,0.1613327352308559,0.39545765017993273,0.20030949518263602,0.32834108882458957,0.44280682384642445
XLU,0.42965183432450066,0.20779332334100592,0.2288307004876786,0.20705972015436702,0.25432954217926595,0.19281404777224065,0.4018075620296702,0.37842422251355745,0.24860348170351193,0.43311963712289975,0.3440458288625408,0.4525173025035276,0.30314468424143665,0.28886679542416854,0.19378123937026903,0.28983384210909263,0.30466608715886845,0.2842134953403802,0.26430515279567973,0.20919265948070567,0.4787393971845907,0.6205937568176048,0.5229881691991061,0.4010528094413292,0.29603571964560854,0.30270318352660236,0.31588752735543196,0.2324803860060807,0.26049473644132426,0.46361809312660673,0.3638356649662532,0.4008054943111775,0.21826417808524365,0.25310188485661855,0.26136006871991185,0.28778475608763265,0.39521793838907365,0.22595915622753696,0.43168697053592664,0.42476532484476703,0.34146231386952414,0.32917370377834876,0.20221931777904825,0.3538806659366481,0.406545897504129,0.26592291462962625,0.28372798067755883,0.3683065123183898,0.34766226572326486,0.3077021358159307,0.20759644074634634,0.4178086663614876,0.2982321441292655,0.1978061199339549,0.28925965887170335,0.22116865143194542,0.3414689919662558,0.40279724772688513,0.39923054695987015,0.27945887753742105,0.3862735263381554,0.5796064509449144,0.2894551738023086,0.2707354874796061,0.18503096645473696,0.346402554464598,0.22756216570619275,0.4110996140322033,0.442382864627387,0.36012424479608723,0.27707012401199027,0.3156046484268244,0.3514790729302426,0.2503079782528223,0.1885266109903713,0.43039304011602864,0.23871439666169522,0.25099804719879354,0.25077130010580556,0.6000604052787849,0.22874901868573702,0.3958370610035214,0.4531243859533726,0.3046949327265385,0.3653583412562661,0.43830897492754817,0.3049486173161469,0.22959186304708953,0.16871378035155285,0.3490191562037485,0.10987788121930316,0.40283115434855665,0.30285256395651583,0.43444845331395787,0.1771832027077907,0.42712800711878673,0.24349576798635822,0.38665430444686555,0.5107249832635884,0.26627252010654134,0.4493744051050278,0.2675426422683107,0.3307481779543462,0.2913361908422218,0.20476808087898382,0.30182744779247367,0.44372697597702987,0.5334606133683181,0.34807216083499315,0.3806543606475908,0.2810980944331605,0.38811270568787865,0.4031579262129577,0.41559482069341447,0.18105078631025193,0.2536367557492967,0.174632022776176,0.21095892035052527,0.4357749367833443,0.6119186801983663,0.4320337816381695,0.3076226198913259,0.344964427333375,0.2688077357150316,0.32427464272307704,0.24504073739402912,0.32030718714658485,0.13124493031423198,0.14335009569748938,0.21778899817815367,0.42542034981530197,0.6384777020106094,0.3565060123091117,0.4389309674175848,0.33317048677249594,0.3973910935648568,0.24522886510327768,0.38687667269329123,0.22781147798540283,0.5528019208206727,0.4213985267837138,0.3051256057100112,0.6430540977038662,0.43219205983989234,0.5084843928468787,0.5857576974965849,0.38814797276890056,0.3317866495863118,0.348766067328351,0.42608723473958354,0.42764030201974423,0.5824533986808209,0.30070724063786836,0.239599825486423,0.4009532481787763,0.3687474964243964,0.4124356746940706,0.15423061118253156,0.37765166160684693,0.24487762254809076,0.3662480122652519,0.4621306311519804,0.30614064807630026,0.22780419559522677,0.40480113779398386,0.4769865472004353,0.25830157241516316,0.5805453627636648,1.0,0.4818952784259197,0.310841766529275,0.27099633119831057,0.18508958405370934,0.2486022166568365,0.21917056767505572,0.33858912542930014,0.39740968961498213
XLV,0.4988267238729129,0.3729889028526541,0.47837945714507046,0.38161595549713384,0.3649105748557326,0.33969342581130685,0.5196506430594037,0.45844223876221946,0.33018748368423034,0.597450733985689,0.4584884878804014,0.5128723175071621,0.4227418374829571,0.39082418843843975,0.3028845157215675,0.21802649563716556,0.22267669564073841,0.18244894777820905,0.43317720649778624,0.3908707377125993,0.6972414383673401,0.5752213940306362,0.6997782762365644,0.5791313331450662,0.3439720563148983,0.21588414811492057,0.3335559403902673,0.2692386223521569,0.3482358310957416,0.5858436353718153,0.5387819921839786,0.510900197813626,0.2732869672105491,0.38870955248856065,0.32651778666027687,0.37870685970896056,0.5438475640764915,0.3193408045252704,0.6119208868324507,0.5055780939179029,0.46126930737895055,0.4710273261760625,0.26349728151027785,0.45470327635714697,0.5829422686118618,0.332889002324193,0.4389825812768423,0.446510960786799,0.4867438140034484,0.4119779890932309,0.2779980159109626,0.5336190439751449,0.32039405664204756,0.23199366524058923,0.3535293510343334,0.4159104847455746,0.491429301351945,0.5205479771860592,0.49071030669306726,0.34887176356423955,0.49033800772972075,0.7916653434634171,0.2396479912642284,0.23372677542238232,0.10968635278264648,0.3994069396675231,0.14179305060815275,0.5545355219797782,0.6306377590614806,0.5330690964186948,0.20996583857668802,0.7145376398976616,0.30372103617904816,0.3548378177986085,0.4049176512920384,0.7705360684869185,0.38251860781793895,0.24721745005855283,0.38950026106799585,0.7489561487173206,0.36278164194065615,0.5627970549430987,0.66064830716566,0.40306587181503917,0.5181142316249538,0.551237544879442,0.4435009072441062,0.2596211838322364,0.278079225671978,0.3109670167553142,0.2114043809776642,0.5940435305788597,0.29248208851856594,0.6677549966760102,0.21747830369320442,0.4987393644809872,0.28722526486592687,0.4083961943337946,0.6540830307879925,0.34617571645665507,0.6248544623664897,0.3091728173226648,0.5500924863342364,0.4599685405554698,0.39868160608451353,0.4728171303036687,0.46416910944859,0.6845647137004303,0.50215849781421,0.5153953541302237,0.18477683704834255,0.49642043165135513,0.44931438300517756,0.5048923876003059,0.14417211532759877,0.22893629873436316,0.3135157304919958,0.3257303562625212,0.6146221282551366,0.6040327695874851,0.6179339195448872,0.2765016939804903,0.30527167775074576,0.26656628807298405,0.4620784221256048,0.3084221822025757,0.5142669876520654,0.13970887311691474,0.22037445666556196,0.2208899450128926,0.5002979230239059,0.7948913949695331,0.5274849369046061,0.5589960313891139,0.2954313302021507,0.5223694873551523,0.1478776437160176,0.5391593669721374,0.13197639212924642,0.7393996576863182,0.6099518007054913,0.21663935622114036,0.6025259952691078,0.4539561709975937,0.6316116728385756,0.6454855730788305,0.5515969751542336,0.41972603207753123,0.4841555092311285,0.5922649174746492,0.6109252736558545,0.7216851248098233,0.48946658918712893,0.3487995660519068,0.39756925575426744,0.49331227552944495,0.5136005567608065,0.3643179732125803,0.4192693070490796,0.5248666269895352,0.4982938504571074,0.5859719600546467,0.4826841468538203,0.23585547625651673,0.560388173580252,0.5636400005119826,0.40270816074253224,0.6207992498254475,0.4818952784259197,1.0,0.4806826355061974,0.3275652877789665,0.20958921274897394,0.40421503795742497,0.31828167542673275,0.5446363202116328,0.5612777578672647
XLY,0.6764523824492006,0.783103577387871,0.651539982427241,0.7907029353847147,0.8023507196154332,0.7948778740354331,0.6791479106449043,0.638178872581783,0.5949144894436014,0.8547151227130221,0.6887074017547873,0.6644573379854279,0.6014079766375457,0.5887537726819904,0.6640199545585104,0.23419641167267918,0.2251030121289104,0.194156609521493,0.767557023659608,0.6765644248483925,0.7776204505744819,0.5213926702296736,0.7119267275421101,0.867041748252809,0.48073439287840847,0.2243840931083903,0.4393021634338276,0.4193638748742327,0.5463049380040288,0.5454107755145272,0.7229663812672361,0.6037247706243077,0.37509235384159667,0.6400171278339839,0.595439014809869,0.5225565390885211,0.6910343995484828,0.5926805902706497,0.8762902347533785,0.6460910538220374,0.646519499863814,0.6488810733992505,0.39587638188462987,0.6090653202491126,0.5595668845734189,0.43036475568270793,0.6976044364802407,0.5415915982797337,0.6278219358872487,0.5850361783631158,0.5745516099659638,0.5545791000941462,0.46831893699656796,0.45779616181028787,0.4935092499410411,0.8322238099970496,0.6731505085249078,0.7621421895204017,0.6761082553355336,0.5489144863969445,0.6409819903027921,0.6678065438353655,0.23953749422388138,0.27418984466761237,0.09172967054102381,0.4897696474194493,0.10032221666643686,0.7025354695475096,0.8722561551116988,0.7014605108032094,0.27322751088239755,0.5835326009681652,0.5342732920766952,0.7012407949638397,0.728731506413155,0.6016001805843432,0.51793086529432,0.26998315832822534,0.7550699591311287,0.7191779791390599,0.6625585424136649,0.8238384159979905,0.8325012475553272,0.5860546730924857,0.7607301755929021,0.5245170293927223,0.7856970676453329,0.3583370530272592,0.5521666393535861,0.3687577274516338,0.39861828532264126,0.8723487928986584,0.3481029909907868,0.8051063425874864,0.32020374700175985,0.7037291170975258,0.6501422965715467,0.5604597189510075,0.7098464855941308,0.5137139894641541,0.7643448080906805,0.713177275021002,0.8185855383149314,0.8583697588259008,0.78171134167232,0.7721005563960299,0.6170735402030106,0.8053073660490925,0.7336430548738874,0.7901176644303464,0.18956818456765243,0.6924386152844889,0.5949769233248716,0.7101540413450409,0.18773713161776812,0.27972926849043467,0.6773635924468754,0.4401120208667637,0.8716904016990062,0.5745475302780754,0.8734886254701624,0.3068292722659885,0.3525318618060692,0.5103665535376676,0.7478506292875401,0.43959691786403116,0.8771318050786846,0.21915872227240496,0.3471532263191515,0.43381405941934253,0.6953744356656183,0.6704626371552376,0.8247193353743689,0.7542481936504497,0.3529391632535257,0.6974804143964268,0.10591556445048103,0.6674697171410275,0.10368712075755362,0.7767351106459025,0.6990890356748434,0.2254785524179497,0.5917863789064269,0.5688087085141437,0.8305205146960812,0.718512521420315,0.8379401187630213,0.6284881236812437,0.6965860951039783,0.8507666994129677,0.8812645966151048,0.6948447107343021,0.873957103381498,0.6053683239184379,0.5430163611110059,0.698276530427415,0.6230580627601485,0.6972517810082254,0.6254555516813585,0.5670326738862412,0.6979173457062212,0.6554164609571788,0.7655977227427274,0.25610932950841664,0.6609748848728983,0.7064633032268648,0.7605010242164263,0.40483252134410774,0.310841766529275,0.4806826355061974,1.0,0.5081690090537881,0.30665685969655465,0.6989553956093509,0.6040808287026893,0.8289562504965685,0.7504508330412637
XME,0.4660724760632516,0.4784469023677155,0.46882506703679044,0.4880585458554719,0.6090826464250698,0.47445895722564213,0.6781783734070648,0.704815274023529,0.6079181222214349,0.6925204487311595,0.7309803594784584,0.7280923048536861,0.5515298964008118,0.4354615086882911,0.5325566966058197,0.08853470627850488,0.10538375764683378,0.10238105702407378,0.5952365154605072,0.44056187797821694,0.6146780406748205,0.5551242636674042,0.6085468846577198,0.5919933761292948,0.5772431500603781,0.1084433413380335,0.43435133144767746,0.5159546509899986,0.5625030691325063,0.4666244093633699,0.5883087397574057,0.6308190960952037,0.3614063753186761,0.4878270079550185,0.6150654285858866,0.502519039182266,0.6248856458137823,0.5801805349310831,0.6098558225925306,0.6772620008495057,0.556686211643022,0.5251229073953757,0.413994602468189,0.5347643056683807,0.44648718602824045,0.4094460209154963,0.5647787641148395,0.48930081619124216,0.5304355401919666,0.5042731438823514,0.5340202218502916,0.6071816660343022,0.5133770926613224,0.5001637071214682,0.6015554931202179,0.4507253624695323,0.5584801897780989,0.717822414572299,0.6627873994824253,0.605577568731044,0.6783121293534261,0.46179382413577696,0.60692923769421,0.6376109258430401,0.4270373294346207,0.8057859155658462,0.018951238279017863,0.6324160883429161,0.6021203454595888,0.5816215437942371,0.14457319780124125,0.42057854798857014,0.4873476855151997,0.5935414967179414,0.41281446060603616,0.3574328033706059,0.3968068039108346,0.5374171637846787,0.5358318816271604,0.51539702881054,0.5269307079901374,0.6114549880874973,0.5967465506685258,0.5484138345099587,0.6036144656238913,0.4321156235061763,0.6699624122617451,0.3652005857680691,0.5678179718209528,0.2029033602635226,0.3661599230683669,0.5851288445937045,0.5101422832542333,0.5769589942183381,0.6048903961339913,0.74150588034394,0.6010456958790978,0.4123500224041479,0.5455172901090591,0.8351355477631935,0.6398451974390791,0.5857975817064895,0.610822019557346,0.5202901885487498,0.5304255198417149,0.4945414282536683,0.5042383929083091,0.65672063377059,0.6252241955221507,0.7123398580544564,0.15736637113590068,0.624335928094144,0.6305120128221192,0.4924544928726972,0.5185781321245853,0.6504558599089895,0.5296073635907254,0.35318726952004204,0.6091442826488195,0.5766820326007811,0.594987327485055,0.19218311980975228,0.1905774358384423,0.4414392345300769,0.5852273199701862,0.4486866617332967,0.500275439433374,0.2299907466862542,0.30840546570808974,0.6727695097501613,0.47261668528092454,0.461404239274366,0.6568600172064724,0.709397854986217,0.18077754150314124,0.6629493173495659,0.037549341897194055,0.588380016861772,-0.0024913360389851318,0.5874373363345364,0.5753466134795397,0.13724188723558628,0.42015470394777094,0.5201727928391485,0.6562787507120532,0.6632540483008009,0.5918038329982986,0.6300106003751538,0.6374080761135607,0.6735801775485435,0.6333979884409061,0.6523715351924261,0.5128882133525352,0.5787584645041948,0.3509915412269649,0.666725582795699,0.6640451793856645,0.36765450968797164,0.6492854978073955,0.42040336807010187,0.5082007399658036,0.7466883288510615,0.417552457538026,0.5156374628704946,0.5626252394745466,0.6615475797530855,0.5228229483764602,0.22793282313809496,0.27099633119831057,0.3275652877789665,0.5081690090537881,1.0,0.548387394766747,0.49760240709449427,0.5718624862876507,0.6181320246548332,0.5240085398194595
XOP,0.31103919476590236,0.28443830973846174,0.24900940276266056,0.2775968479798105,0.34332486224630204,0.28169824279461764,0.4127353295736461,0.4520820026569256,0.3069818521764845,0.5268531849700058,0.6640660196771403,0.5524012065687003,0.3050553084783217,0.36983066249237473,0.30654579943569005,-0.07823772193742473,-0.08569157434808208,-0.1342333462597125,0.33044829817159355,0.29442469683066924,0.4249704541399108,0.5574223857141156,0.47794764170476506,0.37483818445942757,0.36836111926392656,-0.08016300334520123,0.1412868124372548,0.2804762703838883,0.23736294973277156,0.2490262882668626,0.27226601752943347,0.42151891898853716,0.23477576129033204,0.25809327317567166,0.29234448532784085,0.28234185117863214,0.35169126227215786,0.28321153502996105,0.4127444328903271,0.43122587371601845,0.2861101333384959,0.2536606486679133,0.2500049387951596,0.325053153856995,0.2023977689263487,0.20981905526741734,0.28316098857100264,0.2864519491075918,0.29432941001265583,0.3197721941994832,0.2682256377705026,0.42218945508670114,0.2775796091801939,0.18786979656472108,0.26127772969380525,0.28705898808198743,0.2962168578878519,0.5528354277655528,0.39584070447313446,0.37368294432265137,0.4483586762804728,0.3482557370026018,0.18672042113970266,0.22376580779361802,0.09869511977998847,0.7179554665820875,-0.15684817608597426,0.3715428807162963,0.4026908325798859,0.3799191395159297,0.024312728941730786,0.24324986363084417,0.2727408266067429,0.33932895883794134,0.267370799271407,0.21610133550629537,0.21879457362425103,0.9173118248591113,0.27601671141730066,0.3840282437975363,0.3075140555301511,0.39315839843115485,0.4103194043911575,0.4698920397111037,0.4347264830729513,0.41190878943577885,0.4114158750794571,0.29392130547686446,0.3222274392414037,0.01920314223866939,0.214817615272592,0.3864060100776953,0.7460941322670203,0.409451082121785,0.8504992821660309,0.47539452746157557,0.3753749992434368,0.27354647733315535,0.3272051788927438,0.4639153271479258,0.5227608546004742,0.3517229624725503,0.37557020100951954,0.292541926428745,0.3041071894367016,0.3367914130410713,0.39220918036162017,0.5075289240778845,0.4820410299532235,0.5110966630061957,0.06889878892111671,0.34558972174924363,0.4893967234116578,0.3404897280013047,0.16622560671519587,0.2363899032187005,0.28643241493929616,0.19039635754234463,0.41694593500514604,0.5546710356094603,0.3821092192218383,0.0065286759430407655,0.012120474712850222,0.2697523731454178,0.3704459850169214,0.2529534177137709,0.3012625074914423,0.11677750437783625,0.15531761487998702,0.38069723749797474,0.32149332559509114,0.3302987261132209,0.42771919174909895,0.5696757396355074,0.015167785404911989,0.371708513046256,-0.14819453950036235,0.3278560757111192,-0.1563116084009711,0.3995815920170359,0.3184914021272534,-0.05483960101748719,0.3075682346593371,0.27904253978731847,0.48524577788312795,0.5489851633444667,0.38746082577295105,0.3232724437128042,0.31862070366913897,0.42881192032707377,0.43681685511756746,0.533244092015289,0.30063064320604965,0.31565316056492243,0.15561315924076177,0.37478283324302225,0.4514834596161791,0.2710267342862742,0.4099590739454216,0.261453761994453,0.27233567034841655,0.4753680405228249,0.29004561278093977,0.9321077492047319,0.4705385262525511,0.44378311597969444,0.2869980310454755,0.1613327352308559,0.18508958405370934,0.20958921274897394,0.30665685969655465,0.548387394766747,1.0,0.36444271679339924,0.27790259147458035,0.35720527975165006,0.3976980865080406
XRT,0.5524506936610927,0.6104152650728735,0.5708455955307957,0.6167167013239535,0.6074759770008802,0.6040272775754996,0.5467906209738264,0.522806637788489,0.4373528632999527,0.7099592733129856,0.7584434648518019,0.5593896933316987,0.45624683195286847,0.46589345056335263,0.5237201406479826,0.17305276603138436,0.1793363026862728,0.14236354741457471,0.5894382749186956,0.520638789153124,0.6485424418181461,0.6019109004111729,0.5833251230545268,0.6310542142609262,0.37548419148726214,0.1837043296074819,0.35481923191088316,0.36464783407677837,0.39658066325869884,0.4477732223485454,0.543712122722666,0.5115509385020208,0.2554932606330742,0.49104776896730046,0.42959039300802604,0.42246517801544053,0.5448308793762305,0.4333022541221332,0.6496110867253508,0.5132857376768786,0.5320666617701213,0.5221237699251702,0.3015650956328384,0.49382300278089053,0.44853219342741507,0.32697574309823835,0.5244815009104047,0.44734584712437203,0.5144586142215078,0.46727701770418567,0.4033404462362569,0.4616905836367496,0.36338524837547653,0.32091501746456946,0.39706001698537163,0.6047179794574344,0.5388302484974876,0.7913123427110773,0.5510988433585606,0.418133145004408,0.5322513736721672,0.5776469813738121,0.18779695968230392,0.216879328344993,0.06731669191946646,0.4532870161588691,0.07909598309338937,0.5567949052475516,0.6604050825796789,0.55089751538741,0.2239876059889219,0.5180840305633101,0.43386693516445995,0.5352583283991079,0.514252495690046,0.4786595338191751,0.3781347446518301,0.29174486640673314,0.5123532594015798,0.5632387069971666,0.6220069808465334,0.6240162979593218,0.6603317862631023,0.6169851851328712,0.6629555605484773,0.4918023737427392,0.6869456896644961,0.30648668119352673,0.4122511665105766,0.29194154398602473,0.303434330867097,0.6177596344138722,0.35797070851990603,0.6997522838767923,0.3689862747535743,0.6485141962121168,0.5926456223365512,0.4733352944281762,0.6401264548006801,0.43130248178506053,0.7229270402491607,0.5798200901278032,0.6861712301108734,0.5721501665836252,0.5575767826377822,0.527587122376725,0.5909710233651289,0.7270234054089233,0.6570256316213648,0.7707912554798311,0.14132941043103095,0.5534547727994981,0.5451920516827841,0.578814154270317,0.1421413584044479,0.22425517289159494,0.47109105560047165,0.3347908606326859,0.6419945480058639,0.6330106847587539,0.6400597787746476,0.25157806024477675,0.27647717745209194,0.4327154742668501,0.5770073630212479,0.3280637459847939,0.5786624733852345,0.14903947581426802,0.24697868306178233,0.334167659176097,0.5708420610303283,0.5457361164121434,0.7252250274040472,0.7738717052650426,0.27458248206165525,0.5499019640934193,0.08688151582609958,0.5377415586772997,0.07277508787264686,0.6346738114874715,0.5352747438652576,0.1897046340987315,0.5446212222421588,0.49284663566659137,0.7204397839950217,0.6998966354763373,0.6644435615195952,0.475820431038555,0.530942921058717,0.650388042713295,0.6763074290839828,0.6310419492513027,0.5874030990280525,0.4494486766094956,0.42206045924378205,0.543130767802209,0.5188917742268407,0.566661971426521,0.5442955536487243,0.5278757700956282,0.7111349204312671,0.6109459039878467,0.5649960375662851,0.2964818585081975,0.5768493306512761,0.6270926991910969,0.5148962884380529,0.39545765017993273,0.2486022166568365,0.40421503795742497,0.6989553956093509,0.49760240709449427,0.36444271679339924,1.0,0.4402086068793347,0.6355935374021163,0.5359840603723677
XSOE,0.5532090491014144,0.6339619228014798,0.5659803624124471,0.6270588738593721,0.7029927125989517,0.6251710740068844,0.7734894130085899,0.7491641819098629,0.97924540034796,0.6832995138283621,0.5389993100408849,0.6531987058122852,0.6741161876219844,0.5131398091840288,0.5975140871997404,0.18949756207881693,0.20178241777614347,0.1742486229265979,0.7487120085103589,0.5186458440167824,0.5830921725915978,0.3917151035553959,0.5323891715228812,0.6862944003277337,0.7616688840278408,0.20420879150062912,0.6391252368275077,0.5389612509080567,0.932113511847424,0.6035099704406356,0.7950831112769267,0.7033162019634964,0.47953896628748927,0.5947341971507174,0.9191998695323074,0.6272012885677548,0.7784790440453113,0.9888949433945595,0.6861916562077893,0.7137596764557704,0.688722766711064,0.6941725755826723,0.6783964743182049,0.6549567106854177,0.5891420850238083,0.5574916884379858,0.7894615475093592,0.6053980854111441,0.6855417714802537,0.6905153765554817,0.8259061254589837,0.6459253408844225,0.5829524311799885,0.8160094093703777,0.7406616425576634,0.6061306178978887,0.7370165629190151,0.6082913850144787,0.7895674554577942,0.888076255309521,0.7762379399579854,0.4267811504739283,0.44986542595608514,0.48119316708626625,0.31327111990259066,0.6066479706459988,0.11190570325050729,0.7642242207993369,0.6702615232102983,0.7084710290174209,0.26633360985803756,0.5155064306160076,0.6178090092228226,0.7372145594913582,0.5327778084651913,0.4179048803721463,0.6265909047043279,0.2930665823720871,0.7420592091110322,0.5107151367925882,0.5333826351633356,0.7074782702357433,0.6603343933741688,0.41025808990939755,0.579767534676153,0.3016015792813788,0.732063512744684,0.4302961883036295,0.7086297550612107,0.3085856047438154,0.7821187503463977,0.6804462048223331,0.29599238221076124,0.5820321168926694,0.3451546971844414,0.5838584413752362,0.642762793610136,0.4661647545069811,0.5045273109373004,0.7109827081347216,0.5440821956035662,0.6747414982111064,0.7297728270043403,0.7044050763331369,0.718374945862095,0.6432658192101322,0.4854845824940417,0.6120489661751415,0.6053606312271079,0.6694493612808805,0.14007914949899972,0.7612840548733303,0.6999997419607117,0.5692045774722295,0.3909672777031303,0.47000146854811076,0.7134803927280066,0.531734388349323,0.6791162282972453,0.4091943589440248,0.673565266560754,0.2804884289215187,0.2953299991530764,0.5832624299652206,0.6892472150916957,0.6420964993468583,0.650695982056558,0.248859607575826,0.40634743866029693,0.5486970545133443,0.5561548700744559,0.45597756484912255,0.6969079194921985,0.582544572061193,0.28811333141659645,0.8178551410852757,0.11057212463477577,0.7375963253287078,0.08943794829086836,0.5782001181791185,0.7528841792083651,0.21850205253709284,0.41424502641876015,0.6894870667312539,0.6585165160200305,0.5439643121584414,0.6895212750481308,0.8294128929369345,0.9039627390907482,0.8033237172465361,0.6932510681704772,0.5499757421116398,0.6748594512444672,0.9683284031002727,0.5048060128456129,0.8943552420378733,0.7677183869021851,0.48403853192609153,0.534183041876334,0.5014428007043995,0.503388457568378,0.5853157519238104,0.5332563390721178,0.24028300760634158,0.45871564737311527,0.5724217216217207,0.6920187837449172,0.20030949518263602,0.21917056767505572,0.31828167542673275,0.6040808287026893,0.5718624862876507,0.27790259147458035,0.4402086068793347,1.0,0.7931748876138502,0.5894909967092018
XT,0.7269332082743318,0.8277446420408233,0.7591091596106339,0.8304328477963596,0.8620697606868919,0.8250090595512616,0.8190353993782864,0.7753928438948817,0.7922391988624172,0.8957265364175855,0.7053976026748723,0.7578513889260254,0.7273609264215328,0.622264181482152,0.7228411929339601,0.2656954735426257,0.2672953233608391,0.22609605031483246,0.907396760853485,0.7879170774415907,0.7866123253195723,0.5499666369892803,0.7175989079360786,0.912174589898089,0.6159084754406489,0.26587020435298614,0.5628474670465105,0.5183246412124214,0.737873841159145,0.6701002759068931,0.8765637243092849,0.7201709807051319,0.4334987560689013,0.7299406926747339,0.7758142171069712,0.6179274030395593,0.833410341763523,0.7850498863295537,0.9176013172394166,0.7609236249103896,0.7630991755398794,0.7599124060573755,0.5316519042166948,0.6985376780046887,0.6727108712987763,0.5080899244833534,0.8559549357553629,0.6415457563959709,0.7278333170663986,0.6958201311095255,0.7489132686439445,0.6711227666430649,0.5579348766602007,0.6502167898549823,0.6314380026731221,0.852827165425007,0.7936667870488052,0.7936096069025305,0.814562379466808,0.716831294737787,0.7769732353903515,0.6620521391751488,0.3921210617134849,0.42746575730968334,0.22707388457258743,0.6098741536892945,0.13651470162789384,0.8311104705879964,0.9060859454551132,0.8059678286056048,0.3131011926586854,0.7112603643464238,0.6865339512155543,0.820843637531995,0.7968229580843741,0.6509507211080446,0.5700857483736643,0.33100497725504413,0.8898434131618842,0.7383070727973546,0.6363979453963089,0.90907779515346,0.9004598230364608,0.5655809278316473,0.7858975163864218,0.47454344588648767,0.8906724623138674,0.4054973358803396,0.6815739886982433,0.4136299590006362,0.5513920115848836,0.9042953590142339,0.38770539184312125,0.8456337045582953,0.3903029189459112,0.7586275739344518,0.7646122973341614,0.6105411492574624,0.7393799411341139,0.6496884308230709,0.7593701208993149,0.8090261987718317,0.9260459666557399,0.912732297604132,0.9209244780316723,0.8188651180181574,0.6333001039352043,0.841450503961855,0.7776863050561182,0.85749674138402,0.21932479238715852,0.8225360217198119,0.6923932875656988,0.7524660829458517,0.3199948684946123,0.4282356447661343,0.8468884964831391,0.49136064128478796,0.9071058764828048,0.5804712122649748,0.9074381076529825,0.35130642422074587,0.39773391960543164,0.6511277163136316,0.8791157593163451,0.5533324453331756,0.8868035776738346,0.2392074093902469,0.3821481712610689,0.5672865858534358,0.7393895437806703,0.7014717920524614,0.9141942453632066,0.774247464487002,0.3902255790397013,0.8485535566023054,0.1467508248919425,0.7967006312678031,0.1351969431516047,0.81129289627013,0.8302779818084772,0.2746262995470373,0.6141855178509239,0.6874863708517012,0.8899864664322655,0.7425025067574257,0.9235822017856864,0.7963602435082491,0.8674523095396854,0.9419492441442492,0.9225753434231542,0.7380341625259966,0.903436492573292,0.7800908971696822,0.5964877151940178,0.8639534333094294,0.7524476814274043,0.7525054409283498,0.6880507342966105,0.6803163686051157,0.6780421100613611,0.7208209283335033,0.7564643209635535,0.2970637881057746,0.6387236031096875,0.7565480277491248,0.8794659376288879,0.32834108882458957,0.33858912542930014,0.5446363202116328,0.8289562504965685,0.6181320246548332,0.35720527975165006,0.6355935374021163,0.7931748876138502,1.0,0.7746634710947325
XYLD,0.6170522722419386,0.6401964531901411,0.5223871410709398,0.6171819971212819,0.6777406694148953,0.6332560617865365,0.6952587205530206,0.6573848304845279,0.5987577020395562,0.8486353135601444,0.6480742393830368,0.6911169912492885,0.6098293034432354,0.6045042825139673,0.5771640412415308,0.15123522982765614,0.13027098233264248,0.1124276622846761,0.7264345790482064,0.6392908067266403,0.8093292473236672,0.5745937119908014,0.7836387609769639,0.8521450504642838,0.5227479826573995,0.12793763262248006,0.3901060377839279,0.39364128421587924,0.5506979441009973,0.5568571391078017,0.710277563727225,0.6409387341597061,0.3881808631139465,0.590350706840071,0.6116638654357276,0.5365676171253797,0.7003600867239129,0.5860749809036195,0.8690753919450159,0.668037805920044,0.6140719315735512,0.6363886563211781,0.380549144644045,0.617565724059339,0.5583221850413402,0.4359733872839768,0.6823833937818584,0.574114290651812,0.6148617037043352,0.5899451371214223,0.5801068593495553,0.6060288314680276,0.4855428268753153,0.4653123536225352,0.4847515352825609,0.7045461897209385,0.6642402492565144,0.7020610659859775,0.66504137540499,0.5735255518003688,0.6709499664074237,0.7134813539397085,0.28071620484439386,0.31029676598090355,0.13425835850212267,0.5576910342936506,0.015767397754451937,0.7197573939889241,0.8686326203089225,0.7460873732084818,0.1981865429201269,0.5585089154425064,0.4671725007947524,0.6354958449854641,0.6675581913361065,0.6107240124240537,0.5068203529347763,0.39642665601935656,0.7725785840456988,0.8455491621407764,0.5957857176591757,0.8292172299928408,0.8437528872001939,0.5436386758474082,0.7287382147824228,0.5769705302386032,0.7044631115959434,0.3854250572136591,0.4807083856765925,0.28231607150012117,0.36964438862619764,0.8678593749370163,0.42887474903143546,0.7562277941135523,0.41981068124506654,0.6996229306698897,0.530816432026242,0.5091430873365022,0.6724635245212165,0.5326166616371963,0.7596006790418847,0.5775209819373386,0.7544610149462968,0.8075922594268867,0.7381864114550236,0.9126059786854063,0.5614303584041241,0.7981113552851873,0.8467656762563842,0.7275967140177576,0.13157963238830575,0.663897123537255,0.5988453114953454,0.6533088348800398,0.22293186596204292,0.3161944349922812,0.6853493949428489,0.4554745446336242,0.8758395162304683,0.5979294126675437,0.8706970043756944,0.2157017095914471,0.270613636004676,0.41738560755051424,0.7665039060651418,0.46824072267185723,0.8212297578078683,0.2250161431094177,0.3696959301370611,0.43487910479223374,0.6308604746543927,0.7401453894914196,0.747304181031297,0.713976440595153,0.275765312014759,0.7081016271017586,0.00961043841470534,0.6700459726915261,0.029580474131283,0.8212024267980494,0.7001835788658617,0.13363659310483514,0.5759080520001127,0.528334584095668,0.8066418780056219,0.7384276334091959,0.7852407756955294,0.6429579884312011,0.6893781690897439,0.8440294054977858,0.8685457317030009,0.7681277860249439,0.8207719566006543,0.5971813205092757,0.45890485977746115,0.7047046953599966,0.6637453224449334,0.5713694284256748,0.6290136730933557,0.5057170087492922,0.5627737325501918,0.6733564045518594,0.7029751331414545,0.3792528662589622,0.6981845559462626,0.7408037223136322,0.7798141214327436,0.44280682384642445,0.39740968961498213,0.5612777578672647,0.7504508330412637,0.5240085398194595,0.3976980865080406,0.5359840603723677,0.5894909967092018,0.7746634710947325,1.0
