Name,Total Return,CAGR,Annual Volatility,Sharpe,Max Drawdown,Daily Observations
Strategy,1.530974505073551,0.1763224435221964,0.14844207563675413,1.0338806539417704,-0.13721951789329734,1441
SPY,1.3963237960542694,0.16512995857173896,0.16842828020155384,0.8729405436908749,-0.24496381945241774,1441
QQQ,1.6986724654791021,0.18959442657134673,0.22525901324407582,0.7946066116614204,-0.3511871218228134,1441
VTI,1.3354170386537239,0.15989597753410645,0.17193204381111216,0.8324518527333437,-0.2536333438271877,1441
