Name,Total Return,CAGR,Annual Volatility,Sharpe,Max Drawdown,Daily Observations
Strategy,1.3055892692482396,0.1571743167632922,0.1469734138053236,0.9310029890967935,-0.13722027018960858,1442
SPY,1.3931142887557,0.16473364415899172,0.16837202910443966,0.8711542182289851,-0.24496400650373296,1442
QQQ,1.658601480142873,0.18634566105727735,0.22528584287440243,0.7823914403849052,-0.35118736247929805,1442
VTI,1.3306837898558315,0.15936555232931693,0.1718765294538577,0.8300023761466353,-0.25363314309457996,1442
