Name,Total Return,CAGR,Annual Volatility,Sharpe,Max Drawdown,Daily Observations
Strategy,1.3610047501896894,0.16198733136381493,0.14810173158330692,0.953083497073414,-0.1372194846913911,1442
SPY,1.40274211095184,0.16555117989087598,0.16837199967735722,0.8753244307332512,-0.24496387071508718,1442
QQQ,1.6734126791439845,0.187498019009678,0.22522929657915486,0.7868446177318603,-0.3511870829476914,1442
VTI,1.3421391303929213,0.16035935758836328,0.171875184095567,0.8349959360797373,-0.2536330432144577,1442
