Date,Strategy,SPY,QQQ,VTI
2020-10-12,0.0,0.0,0.0,0.0
2020-10-13,0.0,-0.006526136763791435,-3.420255719333021e-05,-0.005279107815246653
2020-10-14,-0.002569212120980713,-0.012768223059690942,-0.008386274031316976,-0.011892169404592812
2020-10-15,-0.0065914360614656164,-0.013988431944017665,-0.015040869375394728,-0.01155900263932419
2020-10-16,-0.007536019170751751,-0.014584441564085115,-0.020439083637367905,-0.013336872406871314
2020-10-19,-0.010526541186166694,-0.029566066786043343,-0.03643086987717514,-0.02745202237741018
2020-10-20,-0.006217544821522258,-0.025678611833282017,-0.03435995328724106,-0.02406208500632845
2020-10-21,-0.021550095864729446,-0.02752311363517157,-0.03510704864311265,-0.027396509901210897
2020-10-22,-0.016865282023491024,-0.022188715151605698,-0.035140607892020226,-0.020505794022795287
2020-10-23,-0.014939277222170366,-0.01886879921481044,-0.03323931025343341,-0.017282853620677163
2020-10-26,-0.025566699416786465,-0.037000172322077196,-0.047737012999544914,-0.035120832003346814
2020-10-27,-0.022686198364527566,-0.040319994605569565,-0.04030176305068789,-0.039011025016734036
2020-10-28,-0.039098669702038236,-0.07312084647601336,-0.07771721625923078,-0.0708529446013978
2020-10-29,-0.029981869764508784,-0.06370035438409827,-0.06158958475307874,-0.06207296637074389
2020-10-30,-0.04551174348024234,-0.07346108892568404,-0.0853900614016313,-0.07202017713075282
2020-11-02,-0.03497360568357033,-0.06307624877314155,-0.08335281127865224,-0.06235080447595964
2020-11-03,-0.025534905067642555,-0.04653398491057947,-0.06749729917738001,-0.04434555340010682
2020-11-04,-0.010446269968555022,-0.025224486967206028,-0.025872036546772392,-0.023506776428189324
2020-11-05,0.0,-0.006214083958312799,-0.00047529760513465025,-0.0033346087110286415
2020-11-06,0.0,-0.006441005911396291,0.0,-0.003834588629114566
2020-11-09,-0.009143612279008617,0.0,-0.020433536420661036,0.0
2020-11-10,-0.022124364664627194,-0.0014666436546507677,-0.03798251105118067,-0.0016537947011462384
2020-11-11,-0.007090223815644281,0.0,-0.0164622930717353,0.0
2020-11-12,-0.010523208133502715,-0.009700870171635567,-0.021078599512076135,-0.00985962716724853
2020-11-13,-0.0009284617956375474,0.0,-0.012491049722809566,0.0
2020-11-16,0.0,0.0,-0.004785879356695166,0.0
2020-11-17,0.0,-0.005378384521948609,-0.007942379508903308,-0.002263530938918956
2020-11-18,-0.003721229501431722,-0.017348546827521294,-0.015274317956721628,-0.012826259383211913
2020-11-19,0.0,-0.013211411995943001,-0.007569254779555168,-0.007329201946693842
2020-11-20,0.0,-0.01996878077236386,-0.014358066825878035,-0.012556999382957179
2020-11-23,0.0,-0.014093805340186338,-0.01432387355134146,-0.004473138574244917
2020-11-24,0.0,0.0,-0.000474954230319069,0.0
2020-11-25,0.0,-0.0015419020608673506,0.0,-0.0003730257999666753
2020-11-27,0.0,0.0,0.0,0.0
2020-11-30,-0.004002363583579527,-0.004427210773714441,0.0,-0.007864878112274432
2020-12-01,0.0,0.0,0.0,0.0
2020-12-02,-0.0010858284400029339,0.0,0.0,0.0
2020-12-03,0.0,-0.0002727497448651306,0.0,0.0
2020-12-04,0.0,0.0,0.0,0.0
2020-12-07,0.0,-0.0020547129800496666,0.0,-0.0010966028714621823
2020-12-08,0.0,0.0,0.0,0.0
2020-12-09,-0.015364930083788808,-0.008969200433912805,-0.022641280603516334,-0.00983714568602978
2020-12-10,-0.004697414531144473,-0.009293226185489445,-0.01871627024246414,-0.008379956556343937
2020-12-11,-0.009689343159050678,-0.010454779148006632,-0.020889376740969245,-0.010149363607424466
2020-12-14,-0.005228316265382227,-0.014885122438756615,-0.013785679561080788,-0.012960013552685168
2020-12-15,0.0,-0.0015671647247413878,-0.0032439363516929554,0.0
2020-12-16,-0.0003494867667276358,0.0,0.0,0.0
2020-12-17,0.0,0.0,0.0,0.0
2020-12-18,0.0,-0.003993218223545925,-0.003022337373067452,-0.002834842788804748
2020-12-21,0.0,-0.007554262679542956,-0.004887829804379185,-0.005721087135272751
2020-12-22,0.0,-0.009226918804089768,-0.0021816879152604107,-0.005515139932429691
2020-12-23,0.0,-0.008336413849741597,-0.0072070028465717195,-0.003814285404975415
2020-12-24,-0.004418583438349999,-0.0044783275141203616,-0.0028260606002757926,-0.0021476985826299755
2020-12-28,-0.005852841464767389,0.0,0.0,0.0
2020-12-29,-0.018598647888228514,-0.001907749456146135,0.0,-0.004174353051253021
2020-12-30,-0.0011745329930158421,-0.0004837592705073668,0.0,-0.0014943087151991774
2020-12-31,-0.005571786234034315,0.0,0.0,0.0
2021-01-04,0.0,-0.01361393612763473,-0.01411980636004162,-0.014231506598677779
2021-01-05,0.0,-0.006820241805376548,-0.005992297282729209,-0.00626812197022153
2021-01-06,0.0,-0.0008825719553265943,-0.019761258565286877,0.0
2021-01-07,0.0,0.0,0.0,0.0
2021-01-08,0.0,0.0,0.0,0.0
2021-01-11,-0.0134371130279064,-0.006740806689980672,-0.014450150000993145,-0.005972227102032934
2021-01-12,-0.004613631071923474,-0.006531072398243021,-0.016017199204856114,-0.0024591766507595647
2021-01-13,-0.004913740377252451,-0.003855473159872558,-0.009372159661564794,-0.0013548743109994543
2021-01-14,0.0,-0.007344062166175225,-0.01466939856236582,-0.0023085523909120997
2021-01-15,-0.017614339886440233,-0.014583127880506419,-0.02247460782518773,-0.010991024133362837
2021-01-19,-0.002872339189971207,-0.006845630733858132,-0.008212187552274264,-0.0019572886806529244
2021-01-20,0.0,0.0,0.0,0.0
2021-01-21,0.0,0.0,0.0,-0.0007447017099100339
2021-01-22,0.0,-0.00353945573640313,-0.002880193790101293,-0.002383634427370218
2021-01-25,0.0,0.0,0.0,0.0
2021-01-26,-0.0060698483901763245,-0.0015610107948893504,0.0,-0.003623647284921816
2021-01-27,-0.027056949088129056,-0.025963208299990992,-0.027876913920728996,-0.02754900762397594
2021-01-28,-0.02215192047035419,-0.017586487667570094,-0.02212501907817155,-0.01990459094255781
2021-01-29,-0.03564799965370946,-0.037253924052126464,-0.04269759541651896,-0.037079365961884436
2021-02-01,-0.017719545602134845,-0.02122844717944572,-0.018777237657274348,-0.020649368647793542
2021-02-02,-0.00231769733562337,-0.007388317017976154,-0.0027696084991322145,-0.006602022240309702
2021-02-03,0.0,-0.006607939873595536,-0.006725972799683566,-0.005112793881195898
2021-02-04,0.0,0.0,0.0,0.0
2021-02-05,0.0,0.0,0.0,0.0
2021-02-08,0.0,0.0,0.0,0.0
2021-02-09,0.0,-0.0006656379254550426,-0.00020930752283365717,0.0
2021-02-10,-0.0065743844887420355,-0.0011010925500984925,-0.002487782913607961,-0.0004369438460395392
2021-02-11,0.0,0.0,0.0,0.0
2021-02-12,0.0,0.0,0.0,0.0
2021-02-16,0.0,-0.0008662683121495318,-0.0027044387422983096,-0.0017832629385200471
2021-02-17,-0.004908584997028065,-0.0006368315121106916,-0.007489625770736086,-0.0038558109301483068
2021-02-18,-0.028358021414901624,-0.004889992127496967,-0.011829038547949033,-0.00959094267869065
2021-02-19,-0.016805903672475475,-0.006647472993464021,-0.016138845469048757,-0.007325802607249021
2021-02-22,-0.04466862876123401,-0.014288111850649488,-0.041640542933925495,-0.016771943986030435
2021-02-23,-0.06214467928638767,-0.013090788250592733,-0.04449357309329871,-0.016916665899262218
2021-02-24,-0.05127484972404861,-0.002215768527482176,-0.036617384783564466,-0.005880091821806821
2021-02-25,-0.08526853271058155,-0.026258334452894605,-0.07020335475573114,-0.031857000460125184
2021-02-26,-0.0859591422237761,-0.0312757263650173,-0.06630990360857925,-0.035712573230240796
2021-03-01,-0.05608849343488065,-0.007793485116532772,-0.038222565583529766,-0.0109402780375486
2021-03-02,-0.07002033045921607,-0.015535993578113527,-0.053648059823316885,-0.02024193566313126
2021-03-03,-0.09260436273814387,-0.028575721468245163,-0.0811113326345354,-0.034363237871382735
2021-03-04,-0.12510028917869853,-0.040597088136460346,-0.09615054540357859,-0.049641045198646094
2021-03-05,-0.1211684429142601,-0.022947111929751185,-0.08253803509305813,-0.03248359950627833
2021-03-08,-0.14574011882095816,-0.027811908699053367,-0.10851511266527292,-0.03720670988900787
2021-03-09,-0.10666295529990899,-0.013931358971494001,-0.07335375512809039,-0.02226629594146723
2021-03-10,-0.10678368984649722,-0.007793485116533216,-0.07599935691583426,-0.015277886713940925
2021-03-11,-0.0791557609068444,0.0,-0.05471808666720879,-0.0024098619846731895
2021-03-12,-0.08510014386207532,0.0,-0.06238628446880534,-0.0004339275796620967
2021-03-15,-0.08104061851868971,0.0,-0.05236976140303273,0.0
2021-03-16,-0.08939423563293158,-0.0012613842958899557,-0.04716878073715569,-0.004021962066024121
2021-03-17,-0.0820370855535052,0.0,-0.04324572373389046,-0.00023936964154080975
2021-03-18,-0.10357434023457013,-0.01454909535797011,-0.07255149264107086,-0.018434143969600192
2021-03-19,-0.09672019213135308,-0.016372923714749188,-0.0692819193289137,-0.01718942183358685
2021-03-22,-0.09689034721566403,-0.008518341533184093,-0.05182823656653002,-0.011874627094040413
2021-03-23,-0.11780507938976681,-0.016322291691417523,-0.05596443699592735,-0.02312649877140649
2021-03-24,-0.136976195835946,-0.02132286585194354,-0.07188564194677616,-0.031218454571230514
2021-03-25,-0.13061030508037386,-0.015817212439063977,-0.07349297760335716,-0.024050773179715934
2021-03-26,-0.1185161247915234,0.0,-0.05959527670420117,-0.008101341298124787
2021-03-29,-0.12780497683376524,-0.0005053057517576676,-0.059863041061073874,-0.01276128063941262
2021-03-30,-0.11896852398036695,-0.0031570027493166286,-0.06459482512120607,-0.013049549515798953
2021-03-31,-0.10665346107349638,0.0,-0.05028048737984803,-0.0070444079978640994
2021-04-01,-0.09719555635723931,0.0,-0.0340912370038724,0.0
2021-04-05,-0.09202848392307938,0.0,-0.014806956701622798,0.0
2021-04-06,-0.09254640847120044,-0.0005905072235359299,-0.01549154527953367,0.0
2021-04-07,-0.10471283732534686,0.0,-0.013110709787283903,-0.0008496965679452018
2021-04-08,-0.09639077102663174,0.0,-0.002813774293197735,0.0
2021-04-09,-0.09918211887108541,0.0,0.0,0.0
2021-04-12,-0.10518305812702233,0.0,-0.0013049108746713278,0.0
2021-04-13,-0.09569385221128601,0.0,0.0,0.0
2021-04-14,-0.09657176523250688,-0.003414978121494494,-0.012008462991051738,-0.00223466983475451
2021-04-15,-0.0945116994684535,0.0,0.0,0.0
2021-04-16,-0.0955495288377819,0.0,0.0,0.0
2021-04-19,-0.10172453208464471,-0.004913119127201382,-0.009151800199840632,-0.006539148248213333
2021-04-20,-0.11262153413940446,-0.012198792745039322,-0.01637377107428395,-0.015657197516102173
2021-04-21,-0.10073514455581911,-0.0028522470100866837,-0.007952664181622104,-0.003914280478223731
2021-04-22,-0.10469544301953337,-0.011959024994728229,-0.019911438645649038,-0.011696799081149067
2021-04-23,-0.09265089196240295,-0.0012461014187750141,-0.007572681569876671,0.0
2021-04-26,-0.08174973382407191,0.0,-0.001111044119129101,0.0
2021-04-27,-0.08262700871357209,-0.00021540620307114455,-0.005438409080553153,-0.00045855299231623015
2021-04-28,-0.08218982422304899,-0.0005027452132130295,-0.008800997454355586,-0.0005962920993856091
2021-04-29,-0.08719259420440095,0.0,-0.005233505666370819,0.0
2021-04-30,-0.09167665759764188,-0.006570407889199825,-0.011754055149947096,-0.00731569229697504
2021-05-03,-0.0953929477754153,-0.004427505514397856,-0.01701692478268113,-0.005578182534461185
2021-05-04,-0.10827660325424482,-0.010569847636974106,-0.03470636724012288,-0.013031248151465613
2021-05-05,-0.10757213031480184,-0.010260164787773252,-0.037952144098831964,-0.01321426244339552
2021-05-06,-0.11223575136525721,-0.0023566623067230452,-0.03070080925802554,-0.008184447178231968
2021-05-07,-0.10468404309154788,0.0,-0.02283568467518482,0.0
2021-05-10,-0.12228052117359889,-0.00990223255582956,-0.047512922676575586,-0.011748810247775965
2021-05-11,-0.12614595523950833,-0.01873863079014848,-0.048828870209887354,-0.019702781653495594
2021-05-12,-0.14846239337924017,-0.039585726170446645,-0.07344793257885984,-0.04178292882395629
2021-05-13,-0.14939930830265802,-0.028048733167360895,-0.06628459758709138,-0.031222988960188824
2021-05-14,-0.13217605834985546,-0.013124181261679468,-0.045671185250267476,-0.014674267451781575
2021-05-17,-0.13465834836085133,-0.01563518572554945,-0.0514603970763059,-0.01677739949969992
2021-05-18,-0.1307105924937063,-0.02411615064164252,-0.05786376684458361,-0.024457437637214863
2021-05-19,-0.1364772186008847,-0.026674649688646523,-0.056781810541663424,-0.027291633785292868
2021-05-20,-0.12681953693272163,-0.01620364621812742,-0.038536569874503046,-0.016731618871315135
2021-05-21,-0.1299326962937133,-0.017009269204263933,-0.04385807538991193,-0.017280010759197828
2021-05-24,-0.1216645952654426,-0.006988377796127154,-0.027777023478745777,-0.007360174140503939
2021-05-25,-0.12229429075807197,-0.009191443524905307,-0.026431896079173622,-0.010102959132233025
2021-05-26,-0.11357036894327499,-0.007225307473102016,-0.023040035789059554,-0.006537323632943237
2021-05-27,-0.10687499376418941,-0.006703875930490266,-0.026694883075723208,-0.004708725254913393
2021-05-28,-0.10507006109545736,-0.004927330183583711,-0.02362492181498721,-0.0030171685611963817
2021-06-01,-0.09852727714130383,-0.005803807016781404,-0.02687023842343983,-0.0026058183576264105
2021-06-02,-0.09690292017416202,-0.004240366049754307,-0.02496986511445687,-0.0012800563897258366
2021-06-03,-0.10529602554830919,-0.00793594129297015,-0.035115897918333694,-0.005714398075171934
2021-06-04,-0.0973472915693927,0.0,-0.018741942743947138,0.0
2021-06-07,-0.09358964378428669,-0.000970362322345597,-0.01581788081451385,0.0
2021-06-08,-0.09409182967245733,-0.0007573446148999574,-0.01535008245383307,0.0
2021-06-09,-0.09616549587248047,-0.002248080980216338,-0.015116275323544204,-0.0028178369586880914
2021-06-10,-0.09239519759086046,0.0,-0.004853615104676634,0.0
2021-06-11,-0.09022848747206169,0.0,-0.002251268104518811,0.0
2021-06-14,-0.09220793775827796,0.0,0.0,0.0
2021-06-15,-0.09400613635259658,-0.0018342208247499325,-0.0065308936270693785,-0.002619890296126637
2021-06-16,-0.1014257549597628,-0.007407368035241446,-0.010159492778349377,-0.007589412424428454
2021-06-17,-0.10247541325986376,-0.0077365279018641875,0.0,-0.008538209496143923
2021-06-18,-0.11126297440197552,-0.021122619252855523,-0.00784735324922492,-0.020825624774305718
2021-06-21,-0.10328459380588328,-0.007108944135569728,-0.0016811263957080547,-0.007318115645851386
2021-06-22,-0.1017720919899342,-0.0018007887203468353,0.0,-0.0016712415550720339
2021-06-23,-0.0974889869915917,-0.0030037282188684067,0.0,-0.002077964226946283
2021-06-24,-0.09126456989109533,0.0,0.0,0.0
2021-06-25,-0.08819074119694259,0.0,-0.0012290092190520019,0.0
2021-06-28,-0.08436685269229571,0.0,0.0,0.0
2021-06-29,-0.08443096750216972,0.0,0.0,0.0
2021-06-30,-0.08452580290319833,0.0,-0.001577105991018679,0.0
2021-07-01,-0.08453416622893994,0.0,-0.0011827409117096677,0.0
2021-07-02,-0.08445763994303213,0.0,0.0,0.0
2021-07-06,-0.08973926660104303,-0.001821487591111226,0.0,-0.0021752284211441486
2021-07-07,-0.08872917332396002,0.0,0.0,-0.0008434559184028467
2021-07-08,-0.09648339514436577,-0.008147822864423504,-0.006039689612904797,-0.009277651825698174
2021-07-09,-0.0832261897873866,0.0,0.0,0.0
2021-07-12,-0.07867512878874072,0.0,0.0,0.0
2021-07-13,-0.08788372302334335,-0.0034090083941406,0.0,-0.005562679352404176
2021-07-14,-0.09418371188789831,-0.0019217833791175254,0.0,-0.006931310621419606
2021-07-15,-0.09426395510368235,-0.0053310905928311,-0.007023306627948478,-0.010418823857206272
2021-07-16,-0.10361993949103421,-0.013132597300882343,-0.01506575531964105,-0.018189117513552233
2021-07-19,-0.11551590978601511,-0.027706700222112524,-0.023135746050618855,-0.0321398930327339
2021-07-20,-0.10095669991140144,-0.013773341170374542,-0.011788252644685415,-0.015407561064539221
2021-07-21,-0.08901397423445401,-0.005788508654262947,-0.004158934542272896,-0.006578043197618455
2021-07-22,-0.09081362611533894,-0.003706557983995773,0.0,-0.005739060162692211
2021-07-23,-0.09129091671676037,0.0,0.0,0.0
2021-07-26,-0.08804787514397383,0.0,0.0,0.0
2021-07-27,-0.0988412334758787,-0.004557821834854758,-0.011017935292585657,-0.005396494292996712
2021-07-28,-0.08775577000742985,-0.004965916471941889,-0.007218594293325387,-0.0038611838033791868
2021-07-29,-0.0784188973169645,-0.0008390668581474969,-0.005454693784482378,0.0
2021-07-30,-0.08067949640740968,-0.005691409822598192,-0.010637762251129779,-0.005919821302930561
2021-08-02,-0.08069315160454171,-0.007777416063514231,-0.010556607467196222,-0.007323195041245345
2021-08-03,-0.07950124387898405,0.0,-0.004559089728347621,-0.00021919415930105046
2021-08-04,-0.07994362873443384,-0.004918785926747771,-0.003121003062889427,-0.00469207562873164
2021-08-05,-0.07395548874725955,0.0,0.0,0.0
2021-08-06,-0.07400037371184331,0.0,-0.004382319478558605,0.0
2021-08-09,-0.07575825859061791,-0.0008136255192986441,-0.002543068891086242,-0.00039324730235146266
2021-08-10,-0.07469778295465301,0.0,-0.007655746594787627,0.0
2021-08-11,-0.07050938878465407,0.0,-0.009359915786787298,0.0
2021-08-12,-0.06870932719802669,0.0,-0.005788935319573918,0.0
2021-08-13,-0.0714871101491179,0.0,-0.00229944602166976,0.0
2021-08-16,-0.07783414851353365,0.0,-0.0018666411475110056,0.0
2021-08-17,-0.08444126192504797,-0.00655524010117392,-0.010658245345412043,-0.007427168537012752
2021-08-18,-0.08830110826754234,-0.017428505556620455,-0.020180377896157897,-0.017329799267405965
2021-08-19,-0.09274883891729324,-0.01590727258063751,-0.015446404457345353,-0.01806817981482134
2021-08-20,-0.0868955634092603,-0.008076765284797172,-0.005247929226875558,-0.009251189569662088
2021-08-23,-0.08015609251745126,0.0,0.0,0.0
2021-08-24,-0.07388817281617177,0.0,0.0,0.0
2021-08-25,-0.0713649978169143,0.0,0.0,0.0
2021-08-26,-0.07796705580904018,-0.005903198713383628,-0.006350189705289222,-0.006686703499869773
2021-08-27,-0.06479993763698932,0.0,0.0,0.0
2021-08-30,-0.06198599671727367,0.0,0.0,0.0
2021-08-31,-0.059328930342837705,-0.0014815176360815085,-0.0008152887605757941,-0.0018835336672184955
2021-09-01,-0.055692536750561294,-0.0009509756218543108,0.0,-0.0001283526885264008
2021-09-02,-0.05030851935220371,0.0,-0.0004732779721493552,0.0
2021-09-03,-0.04954689540801105,-0.0002425899820064359,0.0,-0.0003412803396964925
2021-09-07,-0.047745702546201696,-0.003817315838034907,0.0,-0.004650826286700882
2021-09-08,-0.05313993773758141,-0.00503091419173729,-0.0034805648301490244,-0.006997469064441986
2021-09-09,-0.05239587682179314,-0.00928953197209148,-0.006908872634073471,-0.010453499907748798
2021-09-10,-0.052505978377895834,-0.017100972622275945,-0.014445899411725804,-0.0183042745729175
2021-09-13,-0.05298853020581562,-0.014585227329220296,-0.015126557465117929,-0.01608542860746298
2021-09-14,-0.05231851051772507,-0.019903257968327925,-0.01792646424187494,-0.022016318046739425
2021-09-15,-0.042066542419379904,-0.011716656630199496,-0.010624964407616067,-0.01395233919145522
2021-09-16,-0.04729136768061115,-0.013283296537757283,-0.00994463553234215,-0.0148482437296108
2021-09-17,-0.05665555906586406,-0.022895105014011374,-0.02166897255938327,-0.022741826835179557
2021-09-20,-0.07661150985191723,-0.03918739633006807,-0.04188445913895589,-0.03968077054634045
2021-09-21,-0.0739237273276857,-0.04009507336996021,-0.04070567229857536,-0.03976610808984549
2021-09-22,-0.06566946191145573,-0.0307314747208558,-0.03174527933890536,-0.03008050640499471
2021-09-23,-0.05762292223592713,-0.018954873075797463,-0.022811302923200882,-0.018261815304136175
2021-09-24,-0.06394667416299782,-0.017338879399996454,-0.021894294981120388,-0.01708873833539848
2021-09-27,-0.060432939253079354,-0.020150170908136533,-0.02970182387719844,-0.01922909052106625
2021-09-28,-0.07707297793624213,-0.03989607321246047,-0.057158982168092454,-0.03977406920274229
2021-09-29,-0.07835582588134582,-0.03828000748736282,-0.058704638020928734,-0.039131942596744684
2021-09-30,-0.07648072649084148,-0.05003434589973932,-0.062162983328116095,-0.04953292709310597
2021-10-01,-0.07026716241787079,-0.038744725451111295,-0.056346652867520275,-0.03643542985749759
2021-10-04,-0.07982323184429152,-0.05114123924502134,-0.07615338251912807,-0.050945465957652925
2021-10-05,-0.06915382208351506,-0.041268396166804444,-0.06368230493151661,-0.04208537581271454
2021-10-06,-0.07282180321809162,-0.03728399800971005,-0.057682869142810844,-0.0381048891987672
2021-10-07,-0.06172552440634527,-0.02896043095854517,-0.04903708816937191,-0.02885959292455398
2021-10-08,-0.06547518481346026,-0.0307314747208558,-0.053779063547507056,-0.030999526104279806
2021-10-11,-0.0673590390999862,-0.037748715973458635,-0.06103628892490143,-0.037976324208920276
2021-10-12,-0.06106292403193747,-0.04011719250404866,-0.06431103513680203,-0.03866104975234663
2021-10-13,-0.05075111641398422,-0.0366640138115617,-0.05681836511054339,-0.034295496677771764
2021-10-14,-0.043201177787288936,-0.020460199031858806,-0.039447718120828035,-0.01824470589484095
2021-10-15,-0.04025676258114774,-0.013000142801705583,-0.03339602530589758,-0.012423526178024669
2021-10-18,-0.03541199965995079,-0.01007811152452942,-0.023675806955468448,-0.008828175859028398
2021-10-19,-0.03306042957923605,-0.0024409581230747657,-0.01628756868712966,-0.0015945271119888194
2021-10-20,-0.028157541554101773,0.0,-0.017571363347136493,0.0
2021-10-21,-0.032480429047633486,0.0,-0.011571598380312742,0.0
2021-10-22,-0.033530798808393714,-0.0010360829391603543,-0.0198767622962025,-0.0019165113406789391
2021-10-25,-0.028219693223316078,0.0,-0.009842508021248642,0.0
2021-10-26,-0.02817761345842973,0.0,-0.006724779771610345,-0.0003817344263148392
2021-10-27,-0.03861964649714922,-0.004430093944174818,-0.004419380822544339,-0.007209639662629108
2021-10-28,-0.03477970397728525,0.0,0.0,0.0
2021-10-29,-0.036232495430800093,0.0,0.0,0.0
2021-11-01,-0.02708497889741579,0.0,0.0,0.0
2021-11-02,-0.025459856047582052,0.0,0.0,0.0
2021-11-03,-0.020543425440236462,0.0,0.0,0.0
2021-11-04,-0.019937857502394296,0.0,0.0,0.0
2021-11-05,-0.01938106345632995,0.0,0.0,0.0
2021-11-08,-0.008790935789667498,0.0,-0.0013546175081042833,0.0
2021-11-09,-0.011664718203374114,-0.0033053732617499554,-0.008228887647834915,-0.002883519173043525
2021-11-10,-0.021256156527676318,-0.011323655469913096,-0.022804698119272437,-0.012687511244844352
2021-11-11,-0.012278149042513231,-0.011003612714255318,-0.020095305497769167,-0.011492810591757885
2021-11-12,-0.008626729636854402,-0.003540112927686634,-0.009784136696115442,-0.004160617609696549
2021-11-15,-0.011188042400200326,-0.003198761751732615,-0.01000998508344686,-0.004160617609696549
2021-11-16,-0.012349711005610886,0.0,-0.0029602214480473066,0.0
2021-11-17,-0.017866869569705512,-0.0024291517069880975,-0.002433662158393357,-0.0041186411098429465
2021-11-18,-0.02042138013914163,0.0,0.0,-0.0025536797927057098
2021-11-19,-0.027740727090589057,-0.0017882446197797774,0.0,-0.005395716207355683
2021-11-22,-0.03833346268096982,-0.004598590773439382,-0.01160873224598169,-0.010173323766694109
2021-11-23,-0.02925181419057632,-0.0032784022760484754,-0.016114107774933384,-0.009844109343271956
2021-11-24,-0.02966175258748338,-0.0006172381847875386,-0.012945665463465539,-0.0065076128903406305
2021-11-26,-0.05636382315724464,-0.022906756707129827,-0.03165899844691822,-0.02800775411183709
2021-11-29,-0.05455819273479878,-0.010921055457894568,-0.01064376114030019,-0.018863939421858267
2021-11-30,-0.06259792690481392,-0.03016630370086526,-0.02517384213769358,-0.038469434500475574
2021-12-01,-0.07073815924257809,-0.04093845425764764,-0.04175834514180854,-0.05202044852323595
2021-12-02,-0.05603902163958285,-0.026249183240334095,-0.034852165664646995,-0.036616049361062664
2021-12-03,-0.0670709310082459,-0.03472221163620082,-0.05163477892396107,-0.047777890002331236
2021-12-06,-0.056357004121531884,-0.023290070766205373,-0.044035524558712846,-0.03554501047955583
2021-12-07,-0.042627236243762634,-0.0030869531174755327,-0.01524788079174122,-0.014910073524554757
2021-12-08,-0.04011061119993797,-0.0004469918646233806,-0.010841715892944248,-0.010667515003650041
2021-12-09,-0.05032948411096749,-0.0071956613172229344,-0.02539659954787632,-0.02009961911524194
2021-12-10,-0.0472827488264187,0.0,-0.014802210468820909,-0.01342729821269295
2021-12-13,-0.05458585013749573,-0.008858360540577204,-0.029035203834693157,-0.02240633769013256
2021-12-14,-0.057817830829584804,-0.0156774569143735,-0.039085022965783756,-0.029737692242508218
2021-12-15,-0.05147169803756102,-0.0002972400031528988,-0.01717852276460241,-0.014786424914818741
2021-12-16,-0.0516097634265229,-0.009113147563516999,-0.042451497781173186,-0.02582481854734542
2021-12-17,-0.0585734570359715,-0.019659256063377928,-0.047228769527719594,-0.03027301008226757
2021-12-20,-0.07640879536565182,-0.03008346781386506,-0.05647106389016887,-0.0439062773106349
2021-12-21,-0.06374773989144844,-0.012858827938209472,-0.035354438917624686,-0.02516578489751886
2021-12-22,-0.05785192127612815,-0.002988648322001075,-0.023606376382272254,-0.015527778970583994
2021-12-23,-0.05321885247925573,0.0,-0.01624527418016175,-0.00873174225796769
2021-12-27,-0.043923709345224715,0.0,0.0,0.0
2021-12-28,-0.04444067740213242,-0.0008170631435612252,-0.004634846453800523,-0.0020577949094516823
2021-12-29,-0.043637579684014605,0.0,-0.004783582635544459,-0.0014816685422555098
2021-12-30,-0.04306428891847103,-0.0027644942696757324,-0.007757684268618004,-0.0030868596482562793
2021-12-31,-0.044369041106544826,-0.005277726455132692,-0.013953833004488825,-0.006256023063255012
2022-01-03,-0.03453729557781604,0.0,-0.004461230199836019,0.0
2022-01-04,-0.033706579889751564,-0.00033505846006320894,-0.01737390993211707,-0.0018932432927030174
2022-01-05,-0.0456215586636195,-0.01953047955861631,-0.0475612903085354,-0.023541923311703017
2022-01-06,-0.0427104898967271,-0.020451805455892313,-0.048230408750818965,-0.023788757540605054
2022-01-07,-0.041032841180717816,-0.024324429468768338,-0.058540943929724976,-0.028233847898058384
2022-01-10,-0.041077472998426456,-0.025538583560219097,-0.05792143013143136,-0.029921407151822788
2022-01-11,-0.028373072351589923,-0.01666275934865724,-0.043769411801660274,-0.020249506649368865
2022-01-12,-0.02369277296434169,-0.014004289427232086,-0.03997722229388212,-0.018726615066335994
2022-01-13,-0.029588427877688672,-0.02759001038307818,-0.06399356725732741,-0.03309044015514517
2022-01-14,-0.027160263808258867,-0.02719214967872763,-0.058169064600252174,-0.03272015535635331
2022-01-18,-0.0374359399662898,-0.04442026501460794,-0.081615189408491,-0.051529137713493545
2022-01-19,-0.03950519271596875,-0.054342748034748145,-0.09170211493831415,-0.06148908954569077
2022-01-20,-0.04393026061748795,-0.06480926822621291,-0.10349970093375693,-0.0724369804913978
2022-01-21,-0.055410388957061074,-0.08316768817063058,-0.1283584695925476,-0.09079290929367356
2022-01-24,-0.06571301240981064,-0.07927415270776483,-0.12436825025993836,-0.08494864556658899
2022-01-25,-0.061837373172414445,-0.09051527917498647,-0.14466657943091332,-0.09774856270415766
2022-01-26,-0.06465642758972467,-0.0927970035250053,-0.14600481631548046,-0.1012469979598205
2022-01-27,-0.06672149407000016,-0.09727660274212957,-0.15460507977989524,-0.10791446621880552
2022-01-28,-0.057331138116266556,-0.07485715205197374,-0.1280857218008289,-0.085936450858343
2022-01-31,-0.0442358556652831,-0.05819446059763467,-0.10020340236542613,-0.06651034947350865
2022-02-01,-0.03954085875616309,-0.051830658263251395,-0.09408173834576583,-0.05938996148141529
2022-02-02,-0.03784311283541808,-0.04262011506321717,-0.08672065797838979,-0.05317527913378284
2022-02-03,-0.04630371107943321,-0.06512314365901395,-0.12374850321096764,-0.0756883138746467
2022-02-04,-0.04440064646878439,-0.06072732603048503,-0.11269459812424465,-0.0695559319069411
2022-02-07,-0.04396196172463007,-0.06374176586196323,-0.11983261309411763,-0.07190196111099667
2022-02-08,-0.045508496841001,-0.056038204947554404,-0.10994356188867416,-0.063382199016638
2022-02-09,-0.03607419819897373,-0.04222218646454845,-0.09108267889024602,-0.04815408611684302
2022-02-10,-0.04455082531950172,-0.05942939035043904,-0.11165375585293957,-0.06428783775022129
2022-02-11,-0.047323175684095053,-0.07797628492203701,-0.1398336254020559,-0.08243808251355855
2022-02-14,-0.05524471066278769,-0.08099065685919715,-0.13876782530830478,-0.08581306719933135
2022-02-15,-0.04480467456008708,-0.06616980246759241,-0.11735424690004004,-0.0695559319069411
2022-02-16,-0.03813448852909507,-0.06512314365901406,-0.1175773122975432,-0.06869144336332123
2022-02-17,-0.048851725040557015,-0.08509344261059681,-0.14382392248489084,-0.08984645492451726
2022-02-18,-0.05182272146337541,-0.0910174934463317,-0.15358888433013373,-0.09713137676558603
2022-02-22,-0.058936103176073784,-0.10077241328928122,-0.16208993850656883,-0.10750289740829444
2022-02-23,-0.06151587003397274,-0.11672357228942332,-0.18355319930904923,-0.1239248341931719
2022-02-24,-0.06923713213606186,-0.10343095110502465,-0.15611685516820117,-0.10857300307997486
2022-02-25,-0.0506202320251139,-0.08364912678062231,-0.1430307924326325,-0.08873513215199524
2022-02-28,-0.04627346143804023,-0.08599365337492859,-0.140478097022796,-0.08972307126550505
2022-03-01,-0.05120222385655493,-0.09991422910788339,-0.1536384889741238,-0.10392236250533882
2022-03-02,-0.04063983719566555,-0.08335589122053866,-0.13943709925103975,-0.08692445688273076
2022-03-03,-0.04490011982880582,-0.08791954360353083,-0.1517301874348015,-0.09387977573882511
2022-03-04,-0.04933102388013544,-0.09532973316921967,-0.16402335336878882,-0.10293455721358502
2022-03-07,-0.061261780199354354,-0.12199889291524879,-0.19485466111436744,-0.1305921686304008
2022-03-08,-0.06015185974950066,-0.12865545554948865,-0.19859716822792994,-0.13549004489920669
2022-03-09,-0.05161545812651769,-0.1052941069836576,-0.16974849123743285,-0.11149513494351704
2022-03-10,-0.052079154790871995,-0.10933402259645164,-0.17896826850014125,-0.1154874393896177
2022-03-11,-0.05849077491430732,-0.12065899854658668,-0.1959950236745548,-0.12750543600700504
2022-03-14,-0.06402129092749143,-0.1270856031252573,-0.21143551874445188,-0.13610729774865649
2022-03-15,-0.06111154442001954,-0.1078897746607953,-0.18670076169563599,-0.11808043664433121
2022-03-16,-0.04543846415294561,-0.0881078824420749,-0.15653833914166382,-0.0960200539930639
2022-03-17,-0.0426812309035679,-0.07669926069198063,-0.1463271687511889,-0.08391975699574983
2022-03-18,-0.0406095393514293,-0.06658660568670627,-0.12885412728131773,-0.07321896792245675
2022-03-21,-0.03880572755509126,-0.06685960873998165,-0.1312761245617703,-0.07408312191168676
2022-03-22,-0.03487595044890046,-0.05594043712942032,-0.11420334125374854,-0.06272366215546854
2022-03-23,-0.03734059871025741,-0.06809861215187463,-0.12693338570588497,-0.0754893209235068
2022-03-24,-0.030231314606446347,-0.054050530889436676,-0.10752809562717924,-0.06231931971978
2022-03-25,-0.02821840628537009,-0.04943100148260826,-0.10827247628793024,-0.05831450293949536
2022-03-28,-0.029023268300564453,-0.04266954212682883,-0.09447530998820586,-0.052204134650648215
2022-03-29,-0.02161675052201406,-0.030826464634902018,-0.07889136575191158,-0.03783662946354971
2022-03-30,-0.022467846333828367,-0.03681107720242538,-0.08906560478518388,-0.04563990987640054
2022-03-31,-0.027301914824271356,-0.05163559788721017,-0.10035649255980839,-0.06004843143170646
2022-04-01,-0.02154504822404646,-0.048948069197617405,-0.10206870802994195,-0.05629131872173765
2022-04-04,-0.014915466320809867,-0.04080088680842575,-0.08358157036640301,-0.048282019715558344
2022-04-05,-0.020037495537722272,-0.052916627882037326,-0.10392981518227062,-0.062195266951988515
2022-04-06,-0.021333857992629546,-0.06238707053194448,-0.1233847099049663,-0.07297099620862946
2022-04-07,-0.018641090276665162,-0.05766223703766771,-0.12130038185468295,-0.06946158756897658
2022-04-08,-0.015819116835448566,-0.06018213465575162,-0.13358398451091047,-0.072351669121962
2022-04-11,-0.01893435138125288,-0.07624572664674767,-0.15408104325874783,-0.0868429594333403
2022-04-12,-0.017587149171139238,-0.07966848290757123,-0.15765452138166158,-0.08965027223025324
2022-04-13,-0.013928550412040552,-0.06912748264909763,-0.14053213342964987,-0.07771879137810567
2022-04-14,-0.01582518851668646,-0.08071840064342073,-0.16018552447853074,-0.08894851094190293
2022-04-18,-0.01393262391556327,-0.08034036507996944,-0.15954035310575942,-0.09051737029811457
2022-04-19,-0.015183720878291451,-0.06549472926224043,-0.14075543207782992,-0.07449843773136566
2022-04-20,-0.010095212051792535,-0.06618759077894654,-0.1532869802037813,-0.07569580789298169
2022-04-21,-0.02279647719555622,-0.0801513472982438,-0.17080643855838895,-0.09080629146927166
2022-04-22,-0.0330551153359635,-0.10539133164724557,-0.1925193553355582,-0.11557770216402541
2022-04-25,-0.03758416400198994,-0.1002048167895585,-0.1821468532267777,-0.1107474058819885
2022-04-26,-0.046577941964337066,-0.12626353872111384,-0.21301649183362115,-0.13609665891905642
2022-04-27,-0.041557753572391554,-0.12380678281890811,-0.21395967982146014,-0.1344039475276868
2022-04-28,-0.031473533886235416,-0.10167452509452068,-0.1860429170360769,-0.11330701460858539
2022-04-29,-0.04267525060780675,-0.13487274194530652,-0.22266964885432272,-0.14588143807267784
2022-05-02,-0.04413877573983105,-0.12966531563762973,-0.20969134793155964,-0.13944086460095395
2022-05-03,-0.04095661043306564,-0.12567550603162914,-0.20884760248237766,-0.13535354670810862
2022-05-04,-0.030119691226672463,-0.09904973075489709,-0.18209717083256227,-0.11000422676016275
2022-05-05,-0.042144595392401896,-0.131072085909668,-0.22329001790509917,-0.14282648811632703
2022-05-06,-0.039816649378971,-0.13625866866167313,-0.2325956314169687,-0.14972098498432918
2022-05-09,-0.0590850154189102,-0.16391331443562873,-0.26262175782530717,-0.1798595179352266
2022-05-10,-0.06421594518664975,-0.16198144950702953,-0.25366376557249504,-0.17820815746645435
2022-05-11,-0.06696734883367417,-0.17529450688119097,-0.2757985550742553,-0.19307100388330656
2022-05-12,-0.07626952640711326,-0.17615533894099666,-0.27751084829461437,-0.19220397272632306
2022-05-13,-0.06224907469456309,-0.15645892566882513,-0.2507355365725783,-0.1705702807439926
2022-05-16,-0.05917048273455294,-0.1598816819296487,-0.259420703283446,-0.17465746481508204
2022-05-17,-0.054386235172658504,-0.14260020165970355,-0.24023855635246893,-0.15702852270215828
2022-05-18,-0.06787977182188143,-0.17716309430527555,-0.27753580611706075,-0.19001592010519996
2022-05-19,-0.06853347649177222,-0.1822028895414436,-0.28140683435368785,-0.19360762912477958
2022-05-20,-0.06824164425596235,-0.18184610489957287,-0.28364013183639225,-0.19360762912477958
2022-05-23,-0.06388960863798054,-0.16653804088093394,-0.2717290305114429,-0.17981816701262943
2022-05-24,-0.06326899690650778,-0.17290055322327236,-0.2872136099593059,-0.18803415372091736
2022-05-25,-0.05348951059374962,-0.16559322354957862,-0.2772379450024445,-0.1789924867782433
2022-05-26,-0.0508227330722093,-0.14892068741910802,-0.257212130372511,-0.16218935872146167
2022-05-27,-0.04307233039203262,-0.12802729731797746,-0.2329679772477955,-0.14096830612369027
2022-05-31,-0.044379004771814334,-0.13292003346103565,-0.2350027006540889,-0.14802813977120366
2022-06-01,-0.045237021233406116,-0.1399334486314644,-0.24066066232773708,-0.15364316683029722
2022-06-02,-0.04127579588842967,-0.12355469121562268,-0.21986558696483194,-0.13638578082284714
2022-06-03,-0.04322711671483703,-0.13793850988130507,-0.24016430488693552,-0.1501752429349974
2022-06-06,-0.04277380479903503,-0.13531371554168148,-0.23763322403984055,-0.1476567843983635
2022-06-07,-0.03573083411114708,-0.1270194061650619,-0.23105726545147665,-0.13840869739709305
2022-06-08,-0.04162379123257376,-0.1365106923706405,-0.23659082676402177,-0.14806942378292265
2022-06-09,-0.05162365491007137,-0.15704689046399145,-0.25703859186877187,-0.16846459541367376
2022-06-10,-0.05517636187745889,-0.18148884499747497,-0.28324321693424737,-0.19315363881762282
2022-06-13,-0.07765501086223647,-0.2125661112436179,-0.31656976267287806,-0.22609961838718917
2022-06-14,-0.08186130548855342,-0.2149390855572283,-0.3153290245713254,-0.22828773791919044
2022-06-15,-0.0845636236456121,-0.20374704668202803,-0.29823151669153447,-0.21705801835539307
2022-06-16,-0.10287790253628559,-0.23009975101116675,-0.3265453498795138,-0.2443890377767438
2022-06-17,-0.11635752889521145,-0.2284401422983432,-0.31835638510899633,-0.24154037405723383
2022-06-21,-0.10188546873750304,-0.2090172073396741,-0.3011588904389686,-0.22316831973336249
2022-06-22,-0.11496964869232518,-0.21045113533897186,-0.3021780403973062,-0.22329203794676433
2022-06-23,-0.12447580881268838,-0.20271152254162605,-0.2917854787302977,-0.21624966803840606
2022-06-24,-0.11613138101834519,-0.17736249991767772,-0.26751978879306615,-0.19092336543248833
2022-06-27,-0.10749531482384866,-0.18050485264454763,-0.27288991913121197,-0.19341024203471113
2022-06-28,-0.10207205099754912,-0.19724949254089208,-0.29504266893510667,-0.21003217543389818
2022-06-29,-0.10957060527274609,-0.1979033827189809,-0.29439617580849864,-0.21135854976827728
2022-06-30,-0.11529267015508549,-0.20441974358624393,-0.3031478967125566,-0.21815649423934103
2022-07-01,-0.11104815675822022,-0.19600526126650142,-0.29854834886121906,-0.20990772120083845
2022-07-05,-0.12692490668203293,-0.1944868048411088,-0.28653967100302935,-0.20708903355466768
2022-07-06,-0.13077019225992403,-0.19176655109016827,-0.2819649254736868,-0.20551395148680307
2022-07-07,-0.1180936797918154,-0.17966140153018795,-0.266599692622257,-0.19241561183340283
2022-07-08,-0.11866852356500646,-0.18033627105258476,-0.265679829702125,-0.19324457070081047
2022-07-11,-0.12414118934366025,-0.1896997122570897,-0.2813681147412943,-0.20344132013021132
2022-07-12,-0.12955806726340657,-0.19687016698539606,-0.28832955894862655,-0.21032230100085958
2022-07-13,-0.12860285128426419,-0.2010878978174212,-0.2897966279571611,-0.2137626576144278
2022-07-14,-0.13079398903003425,-0.20302797795851646,-0.2872604155951707,-0.21724449897234932
2022-07-15,-0.1294440604278062,-0.1878016586989284,-0.27433210806752595,-0.20203211012888178
2022-07-18,-0.12528812664260014,-0.19450791997405292,-0.28047328739383437,-0.20754503118816403
2022-07-19,-0.11915713165750275,-0.17274426050289393,-0.25834533991193476,-0.18541031055145085
2022-07-20,-0.1180696596693146,-0.1674719951213851,-0.2465853072755,-0.17881958906951934
2022-07-21,-0.11989520675152432,-0.1589942352971282,-0.23576986213096662,-0.17069527026407671
2022-07-22,-0.12149127948596827,-0.1667971255989884,-0.24917104653125466,-0.17969003268128025
2022-07-25,-0.11403562894224906,-0.16578488920971146,-0.25344738669440103,-0.17857101515778961
2022-07-26,-0.1151961053148689,-0.17565441466169585,-0.26811628852455593,-0.18872648057547114
2022-07-27,-0.10679679182452995,-0.15424916929604304,-0.23718717099505993,-0.1674205849844096
2022-07-28,-0.0987909163910412,-0.14364142892282938,-0.22972820309354092,-0.15656061493238027
2022-07-29,-0.09203724294981763,-0.13115675012439865,-0.21568083656754777,-0.14507884209119792
2022-08-01,-0.09500488826980957,-0.13372967320495677,-0.21615348018951397,-0.14706837013732732
2022-08-02,-0.0955931860701289,-0.13944488111806674,-0.2184903409728367,-0.15166949666225127
2022-08-03,-0.09984161448547313,-0.12596887738034868,-0.1972076161944073,-0.13803198915401427
2022-08-04,-0.10305962328919249,-0.1265594221596048,-0.19345352429721707,-0.13886114875405586
2022-08-05,-0.10014322297693479,-0.1280357841077454,-0.2000423116728195,-0.13915114049926092
2022-08-08,-0.09828062770683033,-0.12904788470838613,-0.20262805092857417,-0.13836386710884052
2022-08-09,-0.09540836303145472,-0.13250648916919217,-0.21165314162615612,-0.1437938186794162
2022-08-10,-0.08988175494298489,-0.11428562311334356,-0.18964959450535968,-0.12427049578886373
2022-08-11,-0.08729019078887745,-0.11428562311334356,-0.1942491423566972,-0.12422901104451045
2022-08-12,-0.08012892359127544,-0.09929143452750544,-0.1785607795673021,-0.1090579731236403
2022-08-15,-0.0808609716786105,-0.09557972004864157,-0.1719224652979352,-0.10557619867659684
2022-08-16,-0.08341316532488863,-0.09380828939382746,-0.17386186692753325,-0.10366943938654005
2022-08-17,-0.08543068062504555,-0.10024032551794992,-0.18328480552996818,-0.11171092252503223
2022-08-18,-0.08160608946587966,-0.09762537585445796,-0.18132060157837526,-0.10938971725671054
2022-08-19,-0.09026458942835813,-0.10975150475874618,-0.1972825674119716,-0.12211509567619938
2022-08-22,-0.09225161830234907,-0.12828869044284907,-0.21841554525572304,-0.14089229536629488
2022-08-23,-0.08640978490960594,-0.13039742007022537,-0.21906227163300807,-0.14250886217851266
2022-08-24,-0.08180607596376943,-0.1276139567090887,-0.21679981781567026,-0.13890249967665347
2022-08-25,-0.07512577691908118,-0.11529785950262084,-0.2029511808665393,-0.12642609663416216
2022-08-26,-0.08248238732642987,-0.14524427798568118,-0.23562073719809395,-0.15535862792018318
2022-08-29,-0.08262514056438075,-0.15089593681700397,-0.24315418981582348,-0.16153463578033778
2022-08-30,-0.09104062177379313,-0.16021741933289324,-0.25158262528146447,-0.17086114233061167
2022-08-31,-0.09215093512615491,-0.16660742887408175,-0.25593345016082136,-0.1769544483455716
2022-09-01,-0.09868529922920277,-0.16399220763331723,-0.2556103979730817,-0.1764569659677223
2022-09-02,-0.09721170611075614,-0.1728074701130906,-0.2661272822509676,-0.18462276951751833
2022-09-06,-0.09772497983074191,-0.17592850402406202,-0.27139812555090803,-0.18793880571978272
2022-09-07,-0.0874977021395853,-0.16112414795176733,-0.2566793858260862,-0.17293370677632558
2022-09-08,-0.08440717681072152,-0.15564100281808924,-0.25282577364001346,-0.16638433621699145
2022-09-09,-0.07953891439803207,-0.1425237526574683,-0.23649083997378473,-0.15254007409576809
2022-09-12,-0.07500422553414932,-0.1333079815949364,-0.22741606688198712,-0.1434207236237487
2022-09-13,-0.08764858866098324,-0.17099380919238805,-0.26978208710995233,-0.18022906671436079
2022-09-14,-0.08176492925662182,-0.16783047712121024,-0.26398907329428145,-0.17703728401252228
2022-09-15,-0.0884747650738581,-0.17727837885749198,-0.2762464741244518,-0.18582475652971553
2022-09-16,-0.09080601795884202,-0.18355480120441792,-0.2806718614702448,-0.19324457070081047
2022-09-19,-0.09003198856977956,-0.1772233165654733,-0.27507042421067285,-0.18752435974151782
2022-09-20,-0.09564924571007538,-0.1866675520085751,-0.28084882098391417,-0.1969751197922175
2022-09-21,-0.09924476045565422,-0.2008551560948083,-0.29372589111282943,-0.21069519532389291
2022-09-22,-0.10264656989111476,-0.20756786733015697,-0.30241859959558903,-0.2195242194963175
2022-09-23,-0.11219343656765979,-0.2208449407156997,-0.31377619706385507,-0.2329864205042229
2022-09-26,-0.12010129050669671,-0.2285529147607882,-0.31661579080648583,-0.24139490980848566
2022-09-27,-0.11953143168547786,-0.23052212156436913,-0.3163417212609304,-0.24251887873694744
2022-09-28,-0.113683599028095,-0.21538162072292089,-0.3027424292855856,-0.2265757561949604
2022-09-29,-0.12206399989473804,-0.23177144491262092,-0.32284280638195517,-0.2426437344352752
2022-09-30,-0.12378717788483451,-0.24365111744202983,-0.3343250374620015,-0.25292552759060005
2022-10-03,-0.11149274659761965,-0.22368244795408254,-0.31870797162956377,-0.23394364752473573
2022-10-04,-0.10183767323122928,-0.19962694787950064,-0.29728762895166405,-0.20934252501446438
2022-10-05,-0.10732332422444346,-0.20149044322972443,-0.29766114103587626,-0.2108409941270315
2022-10-06,-0.11181872897561074,-0.20972778927341718,-0.30319058158645984,-0.2183753597212439
2022-10-07,-0.1174107300452516,-0.23177144491262092,-0.32974205040873594,-0.24072887892898154
2022-10-10,-0.11798859659036998,-0.23763724242338435,-0.3364420983573002,-0.24676470849974907
2022-10-11,-0.11994790535131128,-0.24246520738692878,-0.3455582345691647,-0.2515933989207142
2022-10-12,-0.12051447086975153,-0.24496398987206858,-0.34578246622005304,-0.2536331101253355
2022-10-13,-0.11347664271114033,-0.22503775433296436,-0.33043939218294494,-0.23510930193018487
2022-10-14,-0.12042489794885025,-0.24269808489817846,-0.3505647659768737,-0.25313355351026856
2022-10-17,-0.11165230181966534,-0.22323780806452775,-0.3291194266014148,-0.2331944464238913
2022-10-18,-0.10893950790122264,-0.21411118224172487,-0.3238139844510426,-0.22382839554472578
2022-10-19,-0.10718006807735536,-0.21968034947649728,-0.32627983285878404,-0.23044715268453475
2022-10-20,-0.10706625933739711,-0.22622352859942885,-0.3297170925862897,-0.23710746147957484
2022-10-21,-0.10149251691135586,-0.20741958613932032,-0.31400058421519506,-0.21954088030493701
2022-10-24,-0.10050046267238244,-0.19772135805202484,-0.30645344755774406,-0.21113232408979643
2022-10-25,-0.09872590504664402,-0.18491003968898123,-0.2921069759135235,-0.1968543456574473
2022-10-26,-0.0965275578722834,-0.19105087708256452,-0.3077487663177306,-0.20180795868761814
2022-10-27,-0.09632663809982323,-0.19537072096908514,-0.320351922401542,-0.2055542318353527
2022-10-28,-0.09453736289192516,-0.17622805375573336,-0.2995542035309635,-0.1870721091171894
2022-10-31,-0.09267208114637482,-0.18217824390395543,-0.3076990061732895,-0.19231705211012495
2022-11-01,-0.09080374740366526,-0.18575695341356635,-0.31477272170651727,-0.19481470136370405
2022-11-02,-0.09567935251247317,-0.206191513712649,-0.33826044288549983,-0.21600276689862663
2022-11-03,-0.09231291259103802,-0.2143652427802366,-0.35118731203396925,-0.22349564774848574
2022-11-04,-0.0867620017117875,-0.20305744409259308,-0.34075109361523626,-0.2135050507341696
2022-11-07,-0.08299343031390438,-0.19543420215655394,-0.33350313982623836,-0.20634531914581855
2022-11-08,-0.08216495118926759,-0.19109324313708909,-0.3286460832274173,-0.20218265960435744
2022-11-09,-0.09140590136446591,-0.20775851457551786,-0.34413843769784924,-0.21937447295137802
2022-11-10,-0.0803339685956942,-0.1642214867457047,-0.29574343171924555,-0.17520834207356684
2022-11-11,-0.07830137900860634,-0.1561323539985301,-0.2827666858009964,-0.1667998527693041
2022-11-14,-0.07887810162936781,-0.16331088815069594,-0.2890433060204558,-0.17433421836351648
2022-11-15,-0.07626818816159109,-0.156174855841691,-0.2792048702119363,-0.16596734762536303
2022-11-16,-0.08043581667443767,-0.16261211982831092,-0.2890433060204558,-0.17445914097272208
2022-11-17,-0.08331399920660365,-0.16517438350091973,-0.2906125388255464,-0.1779141510685699
2022-11-18,-0.0823661219533165,-0.16138397950732164,-0.2905877365035514,-0.17404288840075155
2022-11-21,-0.08386873969321773,-0.1644331133353737,-0.29788545043699055,-0.1775395839735867
2022-11-22,-0.07396903933597065,-0.15318886372951723,-0.287773100583367,-0.16675830111407275
2022-11-23,-0.074112014494785,-0.147852777688949,-0.2806245893330259,-0.1616797654746962
2022-11-25,-0.07223088378896492,-0.14804328914567388,-0.2853570900702924,-0.16105542007217943
2022-11-28,-0.07750894801662211,-0.1616380400458337,-0.29584326300903097,-0.17466723380326854
2022-11-29,-0.07397525016637563,-0.16307807853376477,-0.30117319648049545,-0.17595774390704544
2022-11-30,-0.06723073972868188,-0.13671437532508623,-0.26931659650874995,-0.15056553408630835
2022-12-01,-0.06702373035601183,-0.13734966246000235,-0.26842005865632457,-0.15006604438211935
2022-12-02,-0.06838960603676492,-0.13834478948110596,-0.27133421486539144,-0.15085686404907317
2022-12-05,-0.07717895994074908,-0.15384540178601425,-0.2835636256143135,-0.16754918769190474
2022-12-06,-0.08055200222653491,-0.16604254814708586,-0.2984084762052035,-0.18003730013804398
2022-12-07,-0.08284211978700373,-0.16746140360775463,-0.30127279451960354,-0.18136909425353998
2022-12-08,-0.08199340430973212,-0.16093933961776719,-0.2930035137659489,-0.17429280053004126
2022-12-09,-0.08419333551260955,-0.16720727517492462,-0.29751178285232693,-0.18120275381085882
2022-12-12,-0.0779119693729885,-0.15520070816489595,-0.28869467400846427,-0.16942235772121084
2022-12-13,-0.07317014829259005,-0.14880567444416437,-0.2810480948123565,-0.16322005388600647
2022-12-14,-0.07643825584976405,-0.15424774351536263,-0.28637833928472367,-0.16788227004253453
2022-12-15,-0.08295354145965061,-0.17493650014159345,-0.31033901508657535,-0.1886123306176215
2022-12-16,-0.08424539587956681,-0.1846771621777319,-0.31691481817448786,-0.19789501054281244
2022-12-19,-0.08398318526497484,-0.1915907727004823,-0.32651456079014074,-0.20597055131820108
2022-12-20,-0.08027111877697679,-0.19048463846920582,-0.3270388305619648,-0.204305474119441
2022-12-21,-0.07520566360154268,-0.17838023574672512,-0.31727666772484664,-0.19227543354401544
2022-12-22,-0.07882913730555141,-0.1901015787262117,-0.3339795932092636,-0.20373198098419598
2022-12-23,-0.07470533896349996,-0.18544287429781148,-0.33248157961090463,-0.1993398840421099
2022-12-27,-0.07434436552239232,-0.18865522606669272,-0.34191936850644633,-0.2026862977829813
2022-12-28,-0.08163272505270558,-0.19873848283220874,-0.3506076841014545,-0.21272486989681572
2022-12-29,-0.07466282392069801,-0.18431548914495466,-0.3347785545284486,-0.19825258227478626
2022-12-30,-0.07758272791866438,-0.18646400484276604,-0.3351779574378154,-0.20030212937847192
2023-01-03,-0.07646397193527188,-0.18988900161608857,-0.339672075983118,-0.20356463687834492
2023-01-04,-0.07269480214006996,-0.18363471281687904,-0.33652630185172216,-0.19649583717318098
2023-01-05,-0.07768260204805721,-0.1929522574623156,-0.3469126435006754,-0.2059069190732331
2023-01-06,-0.06650567086143055,-0.1744449452781981,-0.32888648692524947,-0.1883812873559244
2023-01-09,-0.07011295654277871,-0.1749129408131963,-0.32454203756439914,-0.1880466660551008
2023-01-10,-0.06920107636700679,-0.16912671544330293,-0.3188245969680984,-0.18164690821895046
2023-01-11,-0.06903867189338209,-0.15861789709163165,-0.30704038401147415,-0.1708555887277381
2023-01-12,-0.06149651737529693,-0.1555547091397228,-0.30329531114046404,-0.16684006620697522
2023-01-13,-0.059096032297903056,-0.15227867250041827,-0.29850162097557986,-0.16328482361589958
2023-01-17,-0.056298838886883695,-0.15383161923943045,-0.2970783253441085,-0.16441421232547848
2023-01-18,-0.06259213706328726,-0.16719084474993284,-0.3062163871196173,-0.1775896333103224
2023-01-19,-0.06213998178229185,-0.17325367157196347,-0.31303236065468454,-0.18428226005943116
2023-01-20,-0.05580674607770453,-0.1578519133942795,-0.29423212283229416,-0.16863889825083556
2023-01-23,-0.05461446326499286,-0.14774754149581926,-0.27855301231975627,-0.1580982938194484
2023-01-24,-0.053251112199504735,-0.14866221374991673,-0.2800259125952176,-0.15947859832148648
2023-01-25,-0.05221688166488281,-0.1483431783489365,-0.28162375748336177,-0.1590602715122984
2023-01-26,-0.0511958921591632,-0.1389830639660209,-0.2676174430765327,-0.15040207081138013
2023-01-27,-0.053533627386551874,-0.137004827218126,-0.2603270376643084,-0.14697215229477822
2023-01-30,-0.05951265126623695,-0.14783268097077729,-0.27528213807522617,-0.15839102891065093
2023-01-31,-0.056230034600976975,-0.13530292034509595,-0.264421597799793,-0.14492267210197063
2023-02-01,-0.05702454691461334,-0.12611308491209683,-0.24869202739078256,-0.13450765938856912
2023-02-02,-0.06081525099806118,-0.11339186230923648,-0.2217279381207724,-0.12158302037442859
2023-02-03,-0.06213978464639636,-0.12281572945689379,-0.23555962552070298,-0.13065954788453493
2023-02-06,-0.06621385660038548,-0.12817652902926824,-0.24202618954152166,-0.13718456288428105
2023-02-07,-0.06761785514152652,-0.11677442513371628,-0.22632188795586006,-0.12630940406294822
2023-02-08,-0.07241010664903469,-0.1264322561017135,-0.2400787018884517,-0.13563698118726986
2023-02-09,-0.07626878792401015,-0.1340053241366408,-0.24679484413373376,-0.14404413227397272
2023-02-10,-0.07288263252232596,-0.1319842460739945,-0.2517382034830702,-0.14249668439871765
2023-02-13,-0.06933014002543181,-0.12179473470057589,-0.23975432794687546,-0.13229070126815434
2023-02-14,-0.06538522717497208,-0.12219890957651436,-0.2341366408901343,-0.1319560799673306
2023-02-15,-0.061654759483572574,-0.1193483666290468,-0.2282692978587043,-0.12806621607543134
2023-02-16,-0.0623339781922142,-0.13147388448447161,-0.24275027739336763,-0.13969405536326418
2023-02-17,-0.06649070390137635,-0.13364365110386334,-0.24809303965207086,-0.14220394930751512
2023-02-21,-0.07275694120100684,-0.15102351024080574,-0.26589457582547993,-0.15998042990640493
2023-02-22,-0.07535173872961898,-0.15219353302546001,-0.2653453482312096,-0.16069149180679554
2023-02-23,-0.07379976598421545,-0.14768372083675985,-0.25892869985528344,-0.15621589008897918
2023-02-24,-0.07809527958796769,-0.15678855258343694,-0.27133740262464545,-0.16562723963254333
2023-02-27,-0.07376653886640927,-0.1539166229257527,-0.266119118477271,-0.16265746722387275
2023-02-28,-0.07477635702670893,-0.1570436315367213,-0.26706790448135975,-0.1654600293484484
2023-03-01,-0.06668698729941847,-0.16027730212150126,-0.2729601275850103,-0.16345216772174986
2023-03-02,-0.06757706547308329,-0.1537463439758362,-0.2669432708695795,-0.16215563563895408
2023-03-03,-0.05987482262979327,-0.14017433767225618,-0.25178811912796273,-0.14851966708091102
2023-03-06,-0.0596408077265671,-0.13957876871345698,-0.2509392421638852,-0.14964905579048993
2023-03-07,-0.07012349152324715,-0.15276791895699726,-0.2601271418340608,-0.162322712101293
2023-03-08,-0.06823988129727032,-0.15138511537926547,-0.25643206235816896,-0.16123527651221337
2023-03-09,-0.07757830215596684,-0.1670418846159153,-0.2693148860037854,-0.17779879671491594
2023-03-10,-0.08389915394657244,-0.17906101207480152,-0.27957659404095836,-0.19164379485579708
2023-03-13,-0.09062626465752666,-0.1802312385424102,-0.27423359853157814,-0.19498987404227863
2023-03-14,-0.08646974190786882,-0.16668034737177428,-0.25755563086960753,-0.18064324504911267
2023-03-15,-0.09937152352116008,-0.17189218681013074,-0.25366065556346795,-0.18695902973338674
2023-03-16,-0.09192010855272903,-0.15736293851497396,-0.23398673845500506,-0.17290506892054536
2023-03-17,-0.09968126739274674,-0.16721562617605756,-0.237606944463558,-0.18357113124816204
2023-03-20,-0.096106298496479,-0.15920789871634322,-0.23490146986024174,-0.1764604453333768
2023-03-21,-0.09016287503855447,-0.14816780732515955,-0.22397390889026414,-0.16470701432755852
2023-03-22,-0.09139704257036241,-0.16268850093622955,-0.2345261695208387,-0.1796393142357634
2023-03-23,-0.09191905297793601,-0.16042497226347452,-0.22544921942272178,-0.17814432448885176
2023-03-24,-0.09254118822112034,-0.1549157557116273,-0.2225984296475917,-0.17297893852984514
2023-03-27,-0.08847138602058258,-0.15333544756240125,-0.22792486435890003,-0.17087914135678972
2023-03-28,-0.0871554728955306,-0.1552358095273796,-0.23202572226266527,-0.172054899304815
2023-03-29,-0.0807104748587083,-0.14295739366748406,-0.2180225178648636,-0.16012823603588267
2023-03-30,-0.07828363303781105,-0.13793932461312364,-0.2106206963792263,-0.15559248143875415
2023-03-31,-0.07851457214147262,-0.12578875375430199,-0.1974928040222368,-0.14286803977155715
2023-04-03,-0.07452173666576656,-0.12245745114002449,-0.19944332393410846,-0.14060016247299278
2023-04-04,-0.07195227169120733,-0.1273262205887763,-0.2021438225229808,-0.14635362813864594
2023-04-05,-0.07583341806575883,-0.12961127176038434,-0.2100206978875807,-0.14946130386685208
2023-04-06,-0.07417052291758164,-0.12621601269841087,-0.20469449642694948,-0.14664763453653007
2023-04-10,-0.07016347204403395,-0.12531906086135014,-0.20514451473324025,-0.1447157167563493
2023-04-11,-0.06847199608717436,-0.1250841465205561,-0.2102458625411776,-0.14383376447357432
2023-04-12,-0.06592222572081163,-0.12865015979267325,-0.21722215704161651,-0.1474454798456728
2023-04-13,-0.06060702742962587,-0.11707635116652348,-0.2018937777971639,-0.1363586819172603
2023-04-14,-0.06485867341827256,-0.11923321786546703,-0.2033942016525192,-0.1387524854882003
2023-04-17,-0.06553187504444902,-0.1160726694613331,-0.20271909644285757,-0.13530871641985476
2023-04-18,-0.0653617740170852,-0.11549611091161549,-0.20266910304773922,-0.13488871683871673
2023-04-19,-0.06496085201166613,-0.11564568209449677,-0.20304409238623944,-0.13446878416845676
2023-04-20,-0.06560062722934545,-0.1204716781228149,-0.20912050577454844,-0.1398442702843492
2023-04-21,-0.06719436311772342,-0.11978838970496786,-0.20829526487908046,-0.13908837809570584
2023-04-24,-0.06442479753898345,-0.11886998326337228,-0.20994559116956513,-0.1387524854882003
2023-04-25,-0.07345936972448197,-0.13285723121674886,-0.224849065430625,-0.15311490544857165
2023-04-26,-0.07671655051699866,-0.13652983856835932,-0.22014782028408553,-0.1569365202449221
2023-04-27,-0.07148613122500391,-0.11933981194496024,-0.19894315673224838,-0.14110406829512911
2023-04-28,-0.07033724165857647,-0.11182329987705086,-0.19341690394091804,-0.1336288519170591
2023-05-01,-0.07016709432262302,-0.11272018381979343,-0.19434220937684843,-0.1340487176764411
2023-05-02,-0.07524408366325663,-0.12269250126945475,-0.20136873052308257,-0.1446318774262293
2023-05-03,-0.07580827526840661,-0.12871438781764177,-0.20659486744325162,-0.14962918325972696
2023-05-04,-0.07574585233682063,-0.13488564186575558,-0.20939566382326325,-0.15597059481027087
2023-05-05,-0.07192667137956799,-0.11886998326337239,-0.19259158529522424,-0.14039026304874092
2023-05-08,-0.06935401839825417,-0.11863527260553286,-0.19059130523891132,-0.13946629073458872
2023-05-09,-0.06921041948544504,-0.12250042824341245,-0.19571745536884355,-0.14299396604393277
2023-05-10,-0.06882424186243197,-0.11840022247610249,-0.1869653457136572,-0.13921430436808158
2023-05-11,-0.07311977226063737,-0.11993789299353119,-0.1843147627696775,-0.14034817610648564
2023-05-12,-0.07521903393403895,-0.12109094219864813,-0.18724042601214652,-0.14236406703854276
2023-05-15,-0.07456458763033569,-0.11805851037286053,-0.18283952998744557,-0.13871033163506707
2023-05-16,-0.07928256550327284,-0.12395228034270123,-0.18191422455151518,-0.14538763579311642
2023-05-17,-0.07871648734447145,-0.11331792539677321,-0.17201195580770445,-0.13430077095382598
2023-05-18,-0.08314274792150522,-0.104776480702093,-0.15663358316813325,-0.12569174974822972
2023-05-19,-0.0818471449225523,-0.10607910109009133,-0.15853395418443528,-0.12779154692128525
2023-05-22,-0.0841010995821061,-0.10571586648799647,-0.15570843323265438,-0.12627956181136435
2023-05-23,-0.08933082614339483,-0.11575234406830814,-0.1664108295490352,-0.1355186158441064
2023-05-24,-0.0941184537542108,-0.12215864824585232,-0.17068678096105327,-0.1421959869130337
2023-05-25,-0.09704662157927424,-0.11455665723139374,-0.150507176384706,-0.1363586819172602
2023-05-26,-0.08897848857696822,-0.10308951057905547,-0.12880234563100834,-0.12497767685832939
2023-05-30,-0.09072600569393108,-0.10274786637013189,-0.12485139016237234,-0.12468380428220127
2023-05-31,-0.09536063616403512,-0.10772322989837702,-0.12982763785717533,-0.12993316339308414
2023-06-01,-0.08590205399648809,-0.0992456737570746,-0.11977507792710695,-0.12124016903561152
2023-06-02,-0.08080593711291972,-0.08621980934868156,-0.11317377276516838,-0.10670966894973155
2023-06-05,-0.07994653573920729,-0.08797093960236935,-0.11254873870085069,-0.10906145248929411
2023-06-06,-0.07549175541471431,-0.08598496290220559,-0.11269856338575424,-0.10498791823731457
2023-06-07,-0.08032598855261708,-0.0891453755177033,-0.12775201783216916,-0.10675175589198671
2023-06-08,-0.07355839888340587,-0.08363595528290169,-0.11692459915287956,-0.10255202772411975
2023-06-09,-0.07327508617926926,-0.081991826474616,-0.1135486843534429,-0.10158630302210248
2023-06-12,-0.07275435168423727,-0.0736637736218766,-0.0985704143752697,-0.09352294002650774
2023-06-13,-0.07221578124399086,-0.06755640812714048,-0.09164388001927215,-0.08684556895758022
2023-06-14,-0.06684161886453666,-0.06644606444813894,-0.08504218610620506,-0.08684556895758022
2023-06-15,-0.06116018279883195,-0.054872187927671234,-0.07413981620935095,-0.07571675099779063
2023-06-16,-0.06263132680647732,-0.05809146491700368,-0.07996618487184248,-0.07920247318663554
2023-06-20,-0.07260495706962822,-0.06297815846574673,-0.08128335144524768,-0.08373802705113009
2023-06-21,-0.07453437554760256,-0.06777923727930435,-0.09380315928711991,-0.08877748673776109
2023-06-22,-0.07862191394336038,-0.06441432697754346,-0.08311118150098129,-0.08634179695720001
2023-06-23,-0.08429910405503227,-0.0714872854649885,-0.09220057163520845,-0.09390045120012247
2023-06-26,-0.08194778499270883,-0.07528094838585764,-0.10437011471034952,-0.09706199018510986
2023-06-27,-0.07534895344227788,-0.06514310458855033,-0.08897051625916508,-0.0860593661412078
2023-06-28,-0.07757127739430125,-0.06467151065469035,-0.08719275734877541,-0.08530052987393277
2023-06-29,-0.07724205240314097,-0.060984984967859646,-0.08902074290496043,-0.08091626150457176
2023-06-30,-0.07287122974925075,-0.04990395330283237,-0.07497322087851588,-0.07138908923120846
2023-07-03,-0.06741253910428757,-0.04881085478064051,-0.0727946595546971,-0.06860666728090759
2023-07-05,-0.0722184087912956,-0.050225365004947675,-0.07281969512736919,-0.07143124308434157
2023-07-06,-0.08146476520828028,-0.05766278019221405,-0.07988097062448674,-0.07969379976370983
2023-07-07,-0.07454554633864208,-0.060042000783094185,-0.08293585474205167,-0.08083188688742737
2023-07-10,-0.07041644419263904,-0.057662780192213825,-0.08263558337043886,-0.07682713701802069
2023-07-11,-0.0656221631396704,-0.05166153351674396,-0.07810313396387136,-0.06957633972472632
2023-07-12,-0.05303753914982812,-0.04403116267729912,-0.06645964891574507,-0.062451937079953446
2023-07-13,-0.04489533861398587,-0.03644376894124235,-0.05060933240623888,-0.05452667813652856
2023-07-14,-0.04725286373466986,-0.03704395471367572,-0.05080961698761488,-0.05591788911167894
2023-07-17,-0.04261674698652629,-0.03370049901644956,-0.041945313756758695,-0.05233461086272595
2023-07-18,-0.0392309034704692,-0.026520131717693518,-0.03410801325703472,-0.04478866968662143
2023-07-19,-0.03845967240922177,-0.02435538927784464,-0.0343333334110828,-0.04230145853000844
2023-07-20,-0.04837492982577385,-0.030828229887174485,-0.056593922778008565,-0.0492150249982376
2023-07-21,-0.0500668319885651,-0.030828229887174485,-0.059423253490848205,-0.04929933270450404
2023-07-24,-0.050538076358082606,-0.026498677113158786,-0.05792080812962508,-0.045926823721216814
2023-07-25,-0.0475318612603044,-0.023841089817869587,-0.051535881845780396,-0.043523987181748325
2023-07-26,-0.04283200844672974,-0.02369090758612491,-0.05469090825403322,-0.04280737167848436
2023-07-27,-0.04745715677699869,-0.03016381608977292,-0.05694442079541662,-0.050184697442056225
2023-07-28,-0.0378960001467058,-0.02066893148533233,-0.03976698568361692,-0.040278006668738264
2023-07-31,-0.03619289087143229,-0.018804146143063916,-0.039266040979499595,-0.03736919006991579
2023-08-01,-0.04475799287864857,-0.021611915670097792,-0.04149482894911394,-0.03998292969680606
2023-08-02,-0.05903880514049464,-0.03522207858047732,-0.0625282865039829,-0.05359929336759839
2023-08-03,-0.06334781382999488,-0.03798700679275957,-0.06403073186520614,-0.05633929382125413
2023-08-04,-0.05810848549121339,-0.042337878382674,-0.06841265683483877,-0.06034417751241672
2023-08-07,-0.05558240118735536,-0.03397893361517723,-0.06052520743954504,-0.05313546716137729
2023-08-08,-0.06300353830747407,-0.03818003033925599,-0.06851295462597817,-0.057519668619860465
2023-08-09,-0.06500650065645897,-0.04461002963383409,-0.07875429210402052,-0.0642646865864348
2023-08-10,-0.06434101765891098,-0.044267095432865666,-0.07705148441119536,-0.06409607117390226
2023-08-11,-0.0665682480171702,-0.04482430410191085,-0.08293585474205134,-0.06498130208969866
2023-08-14,-0.06520611428253198,-0.03955169924881152,-0.07264444611866483,-0.060344177512416386
2023-08-15,-0.0710768990895192,-0.05073986814787734,-0.08248505893350377,-0.07100957073125314
2023-08-16,-0.0770239059052773,-0.057705689401283955,-0.09220057163520823,-0.0786819734667572
2023-08-17,-0.08349093633234628,-0.06488571722844927,-0.1021166021689659,-0.08622798155373956
2023-08-18,-0.08309634274356714,-0.06443584947639702,-0.1032433584396576,-0.08517406831453234
2023-08-21,-0.07670635565470596,-0.0583487164884694,-0.08879518950023524,-0.07990463594025277
2023-08-22,-0.07768338890404203,-0.06089923444403833,-0.09009727252985666,-0.08234969324373242
2023-08-23,-0.0675041493473284,-0.05043977526166099,-0.07574940138157371,-0.07231654091101514
2023-08-24,-0.07489084484532427,-0.06359986673703377,-0.09550596697994451,-0.08475246287232285
2023-08-25,-0.07202669705403208,-0.05699836639481237,-0.08849484037839683,-0.0785134249651025
2023-08-28,-0.06473933450623903,-0.05101843853524135,-0.0816338494626555,-0.07261141715031338
2023-08-29,-0.054505307711304574,-0.03730107049650511,-0.061576779241995006,-0.05912171577155434
2023-08-30,-0.05252709545930323,-0.03333597442231073,-0.05634356705128829,-0.054948417400492944
2023-08-31,-0.05906130996471104,-0.034750552540936064,-0.05351384758732003,-0.05595997605393299
2023-09-01,-0.057237072631128094,-0.03295026680090862,-0.05451550374487735,-0.05284039018944464
2023-09-05,-0.06754799694858327,-0.0371297731318162,-0.05331348525571822,-0.058489474885434656
2023-09-06,-0.07396109190342415,-0.043602613741146046,-0.06165211921068803,-0.06439121505671186
2023-09-07,-0.07910238034383354,-0.04653890721243514,-0.06836258568949449,-0.06759510862746632
2023-09-08,-0.07849614977211294,-0.04510280659495669,-0.06706065816032447,-0.06658328233051436
2023-09-11,-0.07559152545689118,-0.038822921637804986,-0.05606802025144464,-0.06072362910149243
2023-09-12,-0.08148944802626745,-0.04409559438522259,-0.06653467788353506,-0.0652763790616302
2023-09-13,-0.0817934497493733,-0.04298104125849578,-0.06297916006275572,-0.06514998441310882
2023-09-14,-0.0764230367886295,-0.034729165830719055,-0.055316719820607485,-0.057140350852539434
2023-09-15,-0.08267981914547873,-0.046359123057977625,-0.07149257652507546,-0.068227349513586
2023-09-18,-0.08479197470103528,-0.04579967387643358,-0.0705246639654672,-0.0681429748964415
2023-09-19,-0.08518495280580429,-0.04777872535614602,-0.0725057397160348,-0.07050385831541073
2023-09-20,-0.08676162632064888,-0.056532611372313246,-0.08587139226318274,-0.07872412731988998
2023-09-21,-0.09374062417361118,-0.07212664625899401,-0.10262228963685005,-0.09417592328480284
2023-09-22,-0.09132804157168795,-0.07421310655001756,-0.10249687852281297,-0.09607980540710603
2023-09-25,-0.08857061132934019,-0.07031984266442448,-0.09823414464916203,-0.09244119186205613
2023-09-26,-0.09731458622102507,-0.08397821054068944,-0.1117749684547884,-0.10551517595586846
2023-09-27,-0.09850028871304706,-0.08361259963745937,-0.10969375041353269,-0.10458424491040541
2023-09-28,-0.09444246605803253,-0.07829980134801606,-0.10224605629473849,-0.09866082561465983
2023-09-29,-0.09510902245675856,-0.08053678334237502,-0.10159419840255801,-0.10128420040798047
2023-10-02,-0.0997415992489229,-0.0809023263512868,-0.09409635538819416,-0.10246872368102244
2023-10-03,-0.10910857937216234,-0.09320545574298833,-0.1099945660367252,-0.11550042009994554
2023-10-04,-0.10584029318145138,-0.08660219014849513,-0.09788294687972265,-0.10911163564778537
2023-10-05,-0.10821988349660061,-0.08694655013014463,-0.10054099384536852,-0.10957706771507791
2023-10-06,-0.09801943559511661,-0.0761059322456813,-0.08546996784794769,-0.09895697316063978
2023-10-09,-0.09848591333429113,-0.07019084345994209,-0.08080604280973935,-0.0932873468251072
2023-10-10,-0.08780142173902528,-0.06535133646231228,-0.07571542453294722,-0.08766007507534157
2023-10-11,-0.08708167193711014,-0.06152277586191479,-0.06912033938906392,-0.08406374920518067
2023-10-12,-0.09373057778063076,-0.06724416215797624,-0.07235521527909983,-0.09142575237769301
2023-10-13,-0.09587811588156103,-0.07189017034888256,-0.08401572762665199,-0.09654530438527698
2023-10-16,-0.08944061006254778,-0.06212506635821069,-0.07365924206436358,-0.08605240740989617
2023-10-17,-0.08687578527572637,-0.06216811135591682,-0.07669344462189509,-0.0848677503150983
2023-10-18,-0.09609925764211136,-0.07466473955434172,-0.08880521927934903,-0.09840703265444706
2023-10-19,-0.09964038962847077,-0.08279508415263226,-0.097331075777779,-0.10691140524686837
2023-10-20,-0.10663945324123358,-0.09406574464824857,-0.11079710386629205,-0.11795437655019791
2023-10-23,-0.10642195150199207,-0.09563600443838849,-0.1081138658275228,-0.12036611223643878
2023-10-24,-0.10010229470563181,-0.0888177175383188,-0.09943756264238379,-0.11372340100230982
2023-10-25,-0.11181572458172362,-0.10189497794555025,-0.12147959612489645,-0.12688189353502244
2023-10-26,-0.1127883077052314,-0.11264957372891926,-0.13823057124878946,-0.1359363404553925
2023-10-27,-0.11548356919993308,-0.11667183681899473,-0.1340931707389501,-0.1405905942174399
2023-10-30,-0.10808923522425584,-0.10611080773666726,-0.12433823867282101,-0.1306898585122631
2023-10-31,-0.10572483792958276,-0.10049689814623486,-0.12015053376696072,-0.12506265367337543
2023-11-01,-0.09944271581674469,-0.09090397414638773,-0.10487914543793819,-0.11630422047722944
2023-11-02,-0.08889983207830987,-0.07348174895492066,-0.0886297370199679,-0.09874553478619419
2023-11-03,-0.0819620322208311,-0.06502870266246996,-0.07792213143846594,-0.08859100612080462
2023-11-06,-0.08270277414748317,-0.06287787855784166,-0.07416073102006082,-0.08821021631416837
2023-11-07,-0.08257042789576641,-0.0602107181636935,-0.06540901011600286,-0.08550226617106949
2023-11-08,-0.08492957141218382,-0.059522609249257674,-0.06480737886961763,-0.08562912919573695
2023-11-09,-0.08607029192305593,-0.06685702875589272,-0.07200425076033756,-0.09341434367153068
2023-11-10,-0.07999569692279651,-0.052295462765297285,-0.05114075519882577,-0.07991721518531492
2023-11-13,-0.0812242694200912,-0.05319879666826388,-0.05409969553788985,-0.08046742333501966
2023-11-14,-0.0662294864946501,-0.03483026047044213,-0.03373799993297777,-0.060073857565339894
2023-11-15,-0.06782493477493001,-0.032787048860079215,-0.033010568821427166,-0.057746630317999204
2023-11-16,-0.06546306883640929,-0.03160399036634032,-0.032183073169414045,-0.05838121308484834
2023-11-17,-0.061297246317113085,-0.030399341479430353,-0.03195759751491456,-0.05601196580613044
2023-11-20,-0.05646184213008287,-0.02293571908535852,-0.020171674053325317,-0.04890395632646494
2023-11-21,-0.058580689541593456,-0.025065428057042594,-0.02586392357650258,-0.05148484271226261
2023-11-22,-0.057479307315028816,-0.021301163375931798,-0.021876736502695282,-0.047422950953053045
2023-11-24,-0.05704375982104881,-0.020699008668272345,-0.02325602550642647,-0.04640751146868971
2023-11-27,-0.05692211164741523,-0.022462495687863182,-0.024108556731111452,-0.04763459006013271
2023-11-28,-0.05401669671667053,-0.02149486586560978,-0.0215508075566051,-0.047042027324660785
2023-11-29,-0.05617811972912523,-0.022183042674363773,-0.02250379207288089,-0.046619083664891314
2023-11-30,-0.05367964398078362,-0.018333027469431218,-0.024961087955796546,-0.04268418875210511
2023-12-01,-0.04720210723000673,-0.012525619072275451,-0.022177707626339305,-0.034602893641209276
2023-12-04,-0.04839691852232464,-0.01770914657996392,-0.031255357476487555,-0.03807228957582476
2023-12-05,-0.049074984055699766,-0.01790264538668751,-0.028822941665792468,-0.03993401784499495
2023-12-06,-0.05247596980359015,-0.02186034098020362,-0.034440162221179405,-0.04399590960420441
2023-12-07,-0.04854640904953578,-0.014396786480450063,-0.02094902080976868,-0.03633762506395599
2023-12-08,-0.04785992167379349,-0.010159434190480043,-0.01658583364452726,-0.03172572588767564
2023-12-11,-0.04952912042007118,-0.006309486879865656,-0.008185232759683081,-0.027748677121756327
2023-12-12,-0.048795129247515945,-0.0017711590775429942,-0.00028612083053591864,-0.024067441347427332
2023-12-13,-0.04027773746139085,0.0,0.0,-0.008920424431755225
2023-12-14,-0.03277669044170006,0.0,-0.0008668715528742377,-0.003039292810898875
2023-12-15,-0.03672442121109232,-0.0016465957025069144,0.0,-0.0043932344270094514
2023-12-18,-0.03160525445144813,0.0,0.0,-7.768352934311995e-05
2023-12-19,-0.029515327279628023,0.0,0.0,0.0
2023-12-20,-0.040972318397517804,-0.013857327917874529,-0.01485989664896803,-0.014912159554792859
2023-12-21,-0.028121647210026635,-0.004506842659807053,-0.0033972630255704184,-0.004019467383205022
2023-12-22,-0.02705612689850101,-0.002506170251673656,-0.0019063424475314061,-0.0017413905495783366
2023-12-26,-0.02554005266017556,0.0,0.0,0.0
2023-12-27,-0.023115247765281066,0.0,0.0,0.0
2023-12-28,-0.024370377252528663,0.0,-0.000486046256090944,-0.0005036962288084146
2023-12-29,-0.02728457659317285,-0.0028948547903271393,-0.004811609914171178,-0.004323221889854345
2024-01-02,-0.03324595266837449,-0.008474906026368134,-0.021652470087524467,-0.010996916025491354
2024-01-03,-0.0374219169722958,-0.01657250617367645,-0.032004872036880405,-0.020482743364557576
2024-01-04,-0.035601488191082664,-0.019740134450420666,-0.03698663947753833,-0.023001026229018007
2024-01-05,-0.03491484009335566,-0.018397503252045366,-0.035844539754705695,-0.021532171093335606
2024-01-08,-0.026308432190689346,-0.00438429299565668,-0.015917319676237884,-0.007555046872962712
2024-01-09,-0.026499381251624876,-0.0058947036305514455,-0.01397320980979222,-0.009401955076324353
2024-01-10,-0.02252337443434782,-0.00027250968227121586,-0.0072903180517749355,-0.004281252711886618
2024-01-11,-0.023511814428568867,-0.0007130626052078703,-0.005224752989744674,-0.00495275955937291
2024-01-12,-0.01679415929661887,-2.097242956444756e-05,-0.0047145058840385445,-0.004784948940695033
2024-01-16,-0.025156510301639567,-0.003692004966904028,-0.0048116099141714,-0.009401955076324464
2024-01-17,-0.03201388412701367,-0.00923011134381524,-0.010425229971955718,-0.015361974906926257
2024-01-18,-0.02831556151394632,-0.0004194485912986101,0.0,-0.0066736941356371204
2024-01-19,-0.02167620744847576,0.0,0.0,0.0
2024-01-22,-0.019695199463354185,0.0,0.0,0.0
2024-01-23,-0.026666357381064376,0.0,0.0,0.0
2024-01-24,-0.023545112976538607,0.0,0.0,-0.00016614333367681589
2024-01-25,-0.02063321827222342,0.0,0.0,0.0
2024-01-26,-0.016041048663238966,-0.001270334204830692,-0.005957574911274466,-0.0008254802348073298
2024-01-29,-0.0082609161399132,0.0,0.0,0.0
2024-01-30,-0.008733686455376755,-0.000773300179463976,-0.006656541705869268,-0.001391822400496845
2024-01-31,-0.012941585903653685,-0.01707806952943869,-0.026112358170789163,-0.018213892585340896
2024-02-01,-0.0013068261829549677,-0.004213474877215018,-0.014644377305881529,-0.004993545540435296
2024-02-02,0.0,0.0,0.0,0.0
2024-02-05,-0.008072658278310163,-0.00364125952716865,-0.0013051958907631667,-0.004731204563166114
2024-02-06,-0.0044909823071281885,-0.0007485768708507257,-0.0033099565936758335,-0.0013459007252425437
2024-02-07,0.0,0.0,0.0,0.0
2024-02-08,-0.0005787463995589048,0.0,0.0,0.0
2024-02-09,0.0,0.0,0.0,0.0
2024-02-12,0.0,-0.00043889273328623357,-0.003912621816098638,0.0
2024-02-13,-0.01815268802435377,-0.014206023788651101,-0.019448683414894807,-0.016015133117929015
2024-02-14,0.0,-0.005247518691047226,-0.008763364256096917,-0.00513761996718054
2024-02-15,0.0,0.0,-0.005811649127177021,0.0
2024-02-16,-0.003658890285005101,-0.004980098830441149,-0.014826580013579616,-0.005244761416975163
2024-02-20,-0.007544763927768927,-0.010457875633362201,-0.022262832994078052,-0.011490611491859704
2024-02-21,-0.012834720917685671,-0.009561529235966426,-0.02617559633852029,-0.011290318106496722
2024-02-22,-0.0019037163314343797,0.0,0.0,0.0
2024-02-23,-0.002924120250247242,0.0,-0.0029447012497859637,0.0
2024-02-26,0.0,-0.0036626408528258603,-0.003469819636165994,-0.003015931227894897
2024-02-27,0.0,-0.001811634799681494,-0.001072899182282372,-0.00023807516789131622
2024-02-28,-0.007877374006562743,-0.0031310051221011825,-0.006391646678209795,-0.0019047263169725825
2024-02-29,-0.004233649860925226,0.0,0.0,0.0
2024-03-01,0.0,0.0,0.0,0.0
2024-03-04,-0.003097121425821081,-0.0010725214798540383,-0.003568101849631522,-0.0009808176845438332
2024-03-05,-0.01241999562337992,-0.011055810839970204,-0.021453724231464744,-0.011573117403944844
2024-03-06,-0.0038115813825833067,-0.006044641806269291,-0.015305012325949274,-0.005727747942025019
2024-03-07,0.0,0.0,-0.0003588923295945179,0.0
2024-03-08,-0.006705411240990444,-0.006002148112792205,-0.014788779267058905,-0.005783471802290552
2024-03-11,-0.014504120232886053,-0.00685678873503659,-0.018446552145473194,-0.007385523826893503
2024-03-12,-0.009028580169035738,0.0,-0.0043760433713504465,0.0
2024-03-13,-0.015019074671672183,-0.0015675295145969326,-0.01202841072468308,-0.001247496321595376
2024-03-14,-0.021909874417690545,-0.003541131117909546,-0.014519349751784372,-0.0051067980354833065
2024-03-15,-0.020513576361050223,-0.010383461021459706,-0.026233634256443095,-0.01099298202753296
2024-03-18,-0.01879134279637029,-0.004501955472841934,-0.01694657515317144,-0.005964325153167138
2024-03-19,-0.020411664165910004,0.0,-0.014497140209051573,-0.0002340551825145143
2024-03-20,-0.003618730370899881,0.0,-0.002812422158155359,0.0
2024-03-21,0.0,0.0,0.0,0.0
2024-03-22,-0.004981243135579572,-0.001895633620864312,0.0,-0.002812361023113219
2024-03-25,-0.0036953282081522154,-0.004653289901107249,-0.003629135295151853,-0.005049550301287287
2024-03-26,-0.004673315375705589,-0.0064915473705849935,-0.006855079464355707,-0.006824035641520232
2024-03-27,0.0,0.0,-0.0034723425902611904,0.0
2024-03-28,0.0,-0.0001910988893021326,-0.005309432755684407,0.0
2024-04-01,0.0,-0.0019307577436384893,-0.00320352544176139,-0.0007696048643229814
2024-04-02,-0.006924816411369661,-0.008276379075019213,-0.011806089355373639,-0.010003897230249637
2024-04-03,0.0,-0.007186995594781309,-0.009588295985048068,-0.008464747876975487
2024-04-04,-0.013452335361950118,-0.01930536092889157,-0.024732284759631518,-0.0203539868423952
2024-04-05,-0.005637063137848841,-0.009060184049197395,-0.013239780814039426,-0.010465587698397227
2024-04-08,-0.0001488998312902945,-0.00850581755339741,-0.012948614131700453,-0.00931127096497042
2024-04-09,-0.004804381407203184,-0.007358924689545021,-0.009296990915502845,-0.007887619697948045
2024-04-10,-0.014700259973191132,-0.017298343346355827,-0.01794439228400002,-0.018968915437952316
2024-04-11,-0.008158331721198064,-0.009882148895627996,-0.0022625616316074293,-0.012312409946359515
2024-04-12,-0.02657790964511908,-0.023548714761125078,-0.018168441171218075,-0.026548681115096895
2024-04-15,-0.03772449647993725,-0.03578197905124836,-0.034320511551076516,-0.03851483830418867
2024-04-16,-0.04450679642532984,-0.0375404482664754,-0.03423090583490995,-0.041400599950069505
2024-04-17,-0.04834850298092319,-0.043236513091052586,-0.04601464565644431,-0.04701816604374376
2024-04-18,-0.04795389323867083,-0.04520531089572766,-0.051458452389577025,-0.04898048637795771
2024-04-19,-0.05075132223444356,-0.05353901963753738,-0.07108300374690302,-0.05644493509496584
2024-04-22,-0.041233752492250586,-0.044822993305907666,-0.061741106182912286,-0.047172062866459474
2024-04-23,-0.029241399540531732,-0.03348819332354391,-0.04773957299105214,-0.03582149296823123
2024-04-24,-0.032393409426399566,-0.033946830657868965,-0.04451362882184828,-0.035590617546471415
2024-04-25,-0.03379613001954074,-0.03761682791658838,-0.049128426994832664,-0.04016942536834245
2024-04-26,-0.024822198294653486,-0.028499374106208175,-0.034454954722127784,-0.03124280589710393
2024-04-29,-0.02366656092615438,-0.025058875231475097,-0.030534514357430598,-0.0274336029395561
2024-04-30,-0.04410672364791213,-0.04050302020112928,-0.0488149107786543,-0.043439778132583706
2024-05-01,-0.045205750439469505,-0.04361871086965674,-0.05569254735765894,-0.045825390198480864
2024-05-02,-0.032841006012151674,-0.03467330596525653,-0.04363992119402149,-0.03593699105448289
2024-05-03,-0.02360497375821824,-0.022707640025764086,-0.02441856096264361,-0.02450944255721066
2024-05-06,-0.009482119175887482,-0.012615521974335242,-0.01373271604336046,-0.014043794483441618
2024-05-07,-0.015655301262283094,-0.011525779060449937,-0.013575992532072978,-0.013158872658982412
2024-05-08,-0.017847866232573062,-0.011430349427014819,-0.014158325896751034,-0.013851559299633442
2024-05-09,-0.010730969124684409,-0.00573440441365336,-0.01200765032154627,-0.008041576896035574
2024-05-10,-0.015400457414473934,-0.004453682421681648,-0.009677832507611672,-0.007118256335112094
2024-05-13,-0.014976198788838158,-0.004319853293562326,-0.00739278295495871,-0.0065794061418053
2024-05-14,-0.005633448970221333,0.0,-0.0010080124116720324,-0.0017313241617104014
2024-05-15,0.0,0.0,0.0,0.0
2024-05-16,-0.004796560789924853,-0.0020574030719894276,-0.0020313982549220455,-0.0027034839154954637
2024-05-17,0.0,-0.0006229356014735288,-0.002517168885392107,-0.0012948044953948745
2024-05-20,0.0,0.0,0.0,-0.0002665844249930549
2024-05-21,-0.000774194878647716,0.0,0.0,0.0
2024-05-22,-0.00896932168842779,-0.0028792780571242904,-0.00019746308053658623,-0.0033825329450609676
2024-05-23,-0.018042138787805806,-0.010162643584941677,-0.004694999840416769,-0.01185821809330978
2024-05-24,-0.006303821934898424,-0.0036133712785878513,0.0,-0.004712716396347738
2024-05-28,-0.003628769005284971,-0.0029170267042184506,0.0,-0.004712716396347738
2024-05-29,-0.01466247804593579,-0.009899346771458206,-0.007048332942502067,-0.012884422659589112
2024-05-30,-0.016300810071285032,-0.016467316454575998,-0.017686243390864886,-0.017711108773270645
2024-05-31,-0.013773930776336818,-0.007509149623250666,-0.019513519288360204,-0.010147956667890479
2024-06-03,-0.011690705003882362,-0.006699913001164792,-0.014248989270171264,-0.009843798866529085
2024-06-04,-0.022680494452445688,-0.005589630918501176,-0.011551447609691734,-0.009957708945078081
2024-06-05,-0.0074313893217178295,0.0,0.0,0.0
2024-06-06,-0.0028985158062339034,-1.864024675468645e-05,-0.0003452283294593794,-0.0008720574903334777
2024-06-07,-0.015655979651255425,-0.001234359484778902,-0.0012297218336562166,-0.002768398693210994
2024-06-10,-0.009159459442216966,0.0,0.0,0.0
2024-06-11,-0.015354443570679166,0.0,0.0,0.0
2024-06-12,0.0,0.0,0.0,0.0
2024-06-13,-0.00391533171131786,0.0,0.0,0.0
2024-06-14,-0.003884010911906377,0.0,0.0,-0.0007497423348664656
2024-06-17,0.0,0.0,0.0,0.0
2024-06-18,0.0,0.0,0.0,0.0
2024-06-20,0.0,-0.0027164444541964983,-0.007708069464990364,-0.002523929921744772
2024-06-21,-0.008921168540857005,-0.004053524812383191,-0.010366608334217653,-0.004046139479920718
2024-06-24,-0.012459568320814518,-0.007291087765154747,-0.021633252131322056,-0.005716294713376646
2024-06-25,-0.010511288259296037,-0.0034680664640932557,-0.010445032811923216,-0.002449840591447039
2024-06-26,-0.011884986209269144,-0.002224467450607226,-0.008401540455349799,-0.002486768763938163
2024-06-27,-0.010360741635533022,-0.0006513981232192378,-0.005841923370501045,-7.420582295525335e-05
2024-06-28,-0.010297196352605398,-0.004584014301503125,-0.0110025340909361,-0.003493847789761473
2024-07-01,-0.00637227862383849,-0.0025351957834203187,-0.005201923614941095,-0.0014821360839268882
2024-07-02,-0.002604762332401478,0.0,0.0,0.0
2024-07-03,0.0,0.0,0.0,0.0
2024-07-05,0.0,0.0,0.0,0.0
2024-07-08,0.0,0.0,0.0,0.0
2024-07-09,0.0,0.0,0.0,-0.0002569579779024833
2024-07-10,0.0,0.0,0.0,0.0
2024-07-11,-0.002324745243889592,-0.008622565598673582,-0.02193023815038997,-0.004471973649758709
2024-07-12,0.0,-0.0023694385064090273,-0.01618423506736333,0.0
2024-07-15,0.0,0.0,-0.013539836367330804,0.0
2024-07-16,0.0,0.0,-0.01316209140116098,0.0
2024-07-17,-0.02382093045990985,-0.014021015983044616,-0.04213061159123388,-0.014116754376765406
2024-07-18,-0.032472237498442746,-0.02159835312598901,-0.04666379643439644,-0.022715660622423584
2024-07-19,-0.041324887726250426,-0.02809523614636711,-0.05511385506733135,-0.028806851337433326
2024-07-22,-0.029063463287775315,-0.018075263009500686,-0.04103704573883937,-0.018666855801370952
2024-07-23,-0.03467483145169126,-0.01961552955912549,-0.044417130504294744,-0.019383730112844555
2024-07-24,-0.05616768923830073,-0.04183341826460807,-0.07869412933678632,-0.04145467445077
2024-07-25,-0.0652272330344531,-0.0468258728942178,-0.08885400356322459,-0.04514504211608583
2024-07-26,-0.05285764627880285,-0.03615063663060247,-0.07950933743128286,-0.03371550196440165
2024-07-29,-0.054679052561118935,-0.0355840840081838,-0.07766022033426723,-0.033643792123928984
2024-07-30,-0.05946493241658757,-0.040470240888839326,-0.09032537569407029,-0.03765662997811958
2024-07-31,-0.038074150167834775,-0.024873341420516115,-0.06340456308071152,-0.023396567967035042
2024-08-01,-0.06303504650880187,-0.0386822043520576,-0.08609041378800386,-0.03869586243184209
2024-08-02,-0.08300946776694984,-0.056580378187701896,-0.10778202453889174,-0.058043737624450364
2024-08-05,-0.11436996943492106,-0.08405618936617665,-0.13438450378683042,-0.08570401584070397
2024-08-06,-0.10561146759800544,-0.07561160196238237,-0.12611347701580367,-0.07642414622712135
2024-08-07,-0.11252257266133714,-0.08179031071130649,-0.13557745684749656,-0.08348257943881687
2024-08-08,-0.08605413025041242,-0.06056372317765424,-0.10913396034542344,-0.062020720558404574
2024-08-09,-0.08356026151143603,-0.05642109748167212,-0.1044815231147912,-0.057971915737352164
2024-08-12,-0.08188207941775683,-0.055925336284155414,-0.10255294530098358,-0.05858122528811682
2024-08-13,-0.07016543947671205,-0.04039944946393703,-0.08028481516738295,-0.042923717760824376
2024-08-14,-0.06986804918877931,-0.037371899321762436,-0.07998646960572375,-0.040200648615507206
2024-08-15,-0.05313375281502364,-0.0208722985743377,-0.05674408731947944,-0.023575730521590454
2024-08-16,-0.046441495636946994,-0.01867710073276818,-0.05553126907961514,-0.021246617312368876
2024-08-19,-0.036777019417125856,-0.009294361031620846,-0.04312472892307506,-0.012002882735586917
2024-08-20,-0.040636362308053675,-0.010905308394546287,-0.04513282876595626,-0.014403369645403785
2024-08-21,-0.03348916971068705,-0.007506213883237689,-0.04067934988871158,-0.009458864098199515
2024-08-22,-0.044307164999609516,-0.015295925300887858,-0.05588914886658691,-0.017842976962317625
2024-08-23,-0.028176468843055025,-0.004833063311978525,-0.04564993654791938,-0.005410171323772972
2024-08-26,-0.031415675144535915,-0.007205239715802891,-0.05491489671394323,-0.007918335040924318
2024-08-27,-0.029551353631623534,-0.005842062340034371,-0.052091588776565834,-0.007022298174895303
2024-08-28,-0.039030932362315474,-0.011613443866768658,-0.06284797018947796,-0.013077633969668878
2024-08-29,-0.039515443386504256,-0.011525065197242723,-0.06421977117520772,-0.012110335449670218
2024-08-30,-0.03290319932627228,-0.0020890107042160766,-0.05306590224149077,-0.0025795374177467467
2024-09-03,-0.0588728654341627,-0.022625271233472688,-0.08181559889897827,-0.024041396298158935
2024-09-04,-0.05837955698635011,-0.024625571433358973,-0.08420168895715496,-0.026227089826435512
2024-09-05,-0.057011069119276,-0.026997969060386207,-0.0833466278796996,-0.029236886287016928
2024-09-06,-0.07799340790513343,-0.04337368481423243,-0.10790127692636109,-0.045359947544251766
2024-09-09,-0.06547769066544817,-0.03266294222656474,-0.09642925856406837,-0.0351485783075941
2024-09-10,-0.06209206422651037,-0.02844941449407934,-0.0880785871394053,-0.03138650080180572
2024-09-11,-0.05441271673361392,-0.01848253492588936,-0.06827588515621041,-0.02174825005579939
2024-09-12,-0.04349527829956956,-0.010214870778549434,-0.05912999344081182,-0.013615233679961092
2024-09-13,-0.03271963677151002,-0.005045437586684631,-0.05491489671394334,-0.006735794952882568
2024-09-16,-0.030941401879204022,-0.003576073073563113,-0.05909032439469719,-0.004765342992649302
2024-09-17,-0.03187845157948521,-0.003168801157173995,-0.05859320441649496,-0.0037621895524145854
2024-09-18,-0.03733420893542916,-0.006125338651243872,-0.06266899963985129,-0.006270129176314421
2024-09-19,-0.022594396785002302,0.0,-0.03896941167064516,0.0
2024-09-20,-0.02214250832623832,-0.0017286027009622007,-0.04079847965161831,-0.002091873227182628
2024-09-23,-0.018940718563257186,0.0,-0.038255981963397856,0.0
2024-09-24,-0.01082464443673714,0.0,-0.03361697212240877,0.0
2024-09-25,-0.012429804986167192,-0.0022054649913506585,-0.032720893128646344,-0.0032876339173532054
2024-09-26,-0.005133506702040491,0.0,-0.025453671029934344,0.0
2024-09-27,-0.008259157028710606,-0.0014506166154593103,-0.030869323540371862,-0.0009881886664068196
2024-09-30,-0.01141642808001242,0.0,-0.02824117259493042,0.0
2024-10-01,-0.017678285803781058,-0.008958279843517492,-0.041780150590320475,-0.009111469842725928
2024-10-02,-0.01515404353554084,-0.008540204347833202,-0.040426191478499796,-0.008899416445786845
2024-10-03,-0.017138805385127465,-0.010352769519462957,-0.04114293204894681,-0.011018409009384778
2024-10-04,-0.008447441678768541,-0.0013594238787224544,-0.029734371897981227,-0.0014479305416124078
2024-10-07,-0.021106684502050888,-0.010387618191006642,-0.04012747804315164,-0.010559180183510875
2024-10-08,-0.01575814736077963,-0.0010283072176375807,-0.02579217613595952,-0.00222490916165341
2024-10-09,-0.010681542136969258,0.0,-0.018126792081346488,0.0
2024-10-10,-0.01165030358152841,-0.0017499289570287457,-0.0192417559199759,-0.002073836240904736
2024-10-11,-0.0015714145798754187,0.0,-0.017708642321684565,0.0
2024-10-14,0.0,0.0,-0.009465819200136338,0.0
2024-10-15,-0.006005959923443993,-0.007769603150609372,-0.022706083760178353,-0.006866965690147886
2024-10-16,0.0,-0.0034569590529066607,-0.02258664743586436,-0.0018035907902151926
2024-10-17,-0.0007959921203202214,-0.003371571769876569,-0.021909698536095035,-0.0020115102848247135
2024-10-18,0.0,0.0,-0.015498579823623349,0.0
2024-10-21,-0.0038176567340981737,-0.0016422798462758514,-0.013607034627826753,-0.0031499779742195644
2024-10-22,-0.006820252330380416,-0.0021725871709313838,-0.012531923772156284,-0.0042921673907511115
2024-10-23,-0.013876157464341898,-0.011290101228284333,-0.027663794840276257,-0.013292304876514227
2024-10-24,-0.012423885353107011,-0.009151823673294035,-0.01977928069167012,-0.010661621637021446
2024-10-25,-0.018236284211177844,-0.009494173971489328,-0.013806115605777158,-0.011596287409562978
2024-10-28,-0.01052891849600246,-0.006431987472941159,-0.013646887610785585,-0.007580818210798479
2024-10-29,-0.007533448329605896,-0.004823910691004074,-0.004169725638575539,-0.006265422632746431
2024-10-30,-0.012592530339335384,-0.00783452621403824,-0.011695685565113578,-0.008723115543941673
2024-10-31,-0.025463377040796376,-0.02728413604338098,-0.03664322371146922,-0.02720772026805618
2024-11-01,-0.025375698720248807,-0.023178702806696982,-0.029515425740832102,-0.023053794056686838
2024-11-04,-0.029174323923185086,-0.02528288384895061,-0.03234265766422406,-0.024819309821469182
2024-11-05,-0.01954976489211302,-0.013496784911952164,-0.019998288161099942,-0.01242692156858094
2024-11-06,-0.0011784990574276177,0.0,0.0,0.0
2024-11-07,0.0,0.0,0.0,0.0
2024-11-08,-0.0016452138810454375,0.0,0.0,0.0
2024-11-11,0.0,0.0,-0.0005834359881596862,0.0
2024-11-12,-0.004721302108446235,-0.003106335718117026,-0.002392500826099986,-0.003932366646615448
2024-11-13,-0.011539959636295172,-0.0026221801108793352,-0.003676048021076128,-0.004402825645904107
2024-11-14,-0.013529401532490937,-0.009035629441820792,-0.010600195173443128,-0.011763256230097885
2024-11-15,-0.01915577491571041,-0.021728433437238626,-0.034173680406571094,-0.024299364482189723
2024-11-18,-0.012154634893556837,-0.017720157642896694,-0.027463417856782635,-0.02033357324297458
2024-11-19,-0.006529338902361181,-0.01412935422755024,-0.020772740931481404,-0.01583005470212251
2024-11-20,-0.006375780358228944,-0.01379541793635286,-0.021336591295154084,-0.01525858847002437
2024-11-21,-0.0010085851643014676,-0.00850101928591318,-0.01781615016220417,-0.008368616885119251
2024-11-22,0.0,-0.005427973166918898,-0.016240795130833874,-0.003461802868039654
2024-11-25,0.0,-0.002054280355849425,-0.014684726249570068,0.0
2024-11-26,-0.000688103259263384,0.0,-0.009394451422529926,0.0
2024-11-27,0.0,-0.0030298813060565255,-0.017193782504574595,-0.0028422782636706723
2024-11-29,0.0,0.0,-0.008558019477693524,0.0
2024-12-02,-0.002450363390636645,0.0,0.0,0.0
2024-12-03,-0.0008419307452388614,0.0,0.0,0.0
2024-12-04,0.0,0.0,0.0,0.0
2024-12-05,-0.0016499608314175518,-0.0016456369760092793,-0.0027709389683684416,-0.0027774444913106766
2024-12-06,-0.0024646524248050916,0.0,0.0,0.0
2024-12-09,-0.011804119535185231,-0.005149673070058869,-0.007787494175756859,-0.006381370702099209
2024-12-10,-0.015819912933045077,-0.008242653824833912,-0.011168625979300462,-0.010117443279109906
2024-12-11,-0.0070932980179250205,-0.0005757385732854114,0.0,-0.0021492853994550254
2024-12-12,-0.012259509126479107,-0.005725411643344169,-0.0064538436282386424,-0.007836114591721177
2024-12-13,-0.013501333853394804,-0.005922892638488442,0.0,-0.008332230395643125
2024-12-16,-0.008216969886615244,-0.0016782297750302932,0.0,-0.004298467720621479
2024-12-17,-0.014848390799035549,-0.0057913069624295765,-0.004403803652223814,-0.00922478529823223
2024-12-18,-0.047801270770026494,-0.0354221671238516,-0.04032185154531953,-0.03987428984212926
2024-12-19,-0.04926570112734652,-0.03571843985709633,-0.044595650235382256,-0.04122997549622909
2024-12-20,-0.041064355617953074,-0.02413644081857358,-0.03625261612098152,-0.030319138628341236
2024-12-23,-0.039406378519249,-0.01829266355541015,-0.0268631908344672,-0.024809707171074002
2024-12-24,-0.029601832797067296,-0.007380993104972089,-0.013667458293126433,-0.014460646977064173
2024-12-26,-0.029882764327977873,-0.00731489282377451,-0.01433739583581295,-0.013896808737410504
2024-12-27,-0.038865690834948174,-0.017764476192164924,-0.0274398589720819,-0.02457747178644154
2024-12-30,-0.04784283461734817,-0.028973341705352706,-0.04037489494317337,-0.035357605384150115
2024-12-31,-0.04927599757313972,-0.03250596619088486,-0.04852664094643622,-0.03870775284795003
2025-01-02,-0.046160946856497076,-0.034883219249713826,-0.050387909172307954,-0.04053203240286629
2025-01-03,-0.03581321781506075,-0.022815869929403987,-0.03484716634958884,-0.027927619250241564
2025-01-06,-0.0325555884021238,-0.01718668799775691,-0.023754859164342723,-0.02248776563790411
2025-01-07,-0.04194207725105248,-0.02829645432967609,-0.04117523799147815,-0.03340066407156761
2025-01-08,-0.04290226446952439,-0.026876784259237674,-0.04100775360580655,-0.03250511989860394
2025-01-10,-0.061768743079749555,-0.041733975370317866,-0.056045699948547356,-0.04703359238968874
2025-01-13,-0.06558637167520032,-0.040248102537625674,-0.05907947331510821,-0.045474533271816164
2025-01-14,-0.058424305205576954,-0.03892753164845608,-0.05997279966601532,-0.04331844470530122
2025-01-15,-0.042591442612730845,-0.02144569820907194,-0.03834631399311139,-0.0257716337620153
2025-01-16,-0.03900682499400032,-0.023327557842613977,-0.04508356938694402,-0.026501428046612707
2025-01-17,-0.031997168983028734,-0.013521862949829266,-0.028966043985622192,-0.01751227971654279
2025-01-21,-0.023466926092259976,-0.0044922570950456375,-0.023271002667847984,-0.007760248971175554
2025-01-22,-0.02393024599741056,0.0,-0.010782744313198145,-0.0029177340423470755
2025-01-23,-0.022155151708000087,0.0,-0.008679547839079205,0.0
2025-01-24,-0.02188072475970715,-0.0029193667721001404,-0.014281777515733118,-0.002912205708388016
2025-01-27,-0.036247764710570674,-0.01702332713941046,-0.042980315692331184,-0.016811051449413084
2025-01-28,-0.031750199945816404,-0.008577281616877652,-0.028835810141485507,-0.008372462862383911
2025-01-29,-0.029104026355987633,-0.013021695291373314,-0.030659656164340854,-0.012608314296905898
2025-01-30,-0.01938954970200768,-0.007724399722133901,-0.02652787874016027,-0.006419954296120189
2025-01-31,-0.022892692814121318,-0.013005303506121502,-0.0279424837905784,-0.011847200007486514
2025-02-03,-0.028276112849967783,-0.019647438152318064,-0.03572206770145725,-0.019061382875041444
2025-02-04,-0.02190932628206599,-0.013070972459459207,-0.023885207449467316,-0.011946337174761346
2025-02-05,-0.016951532780324463,-0.009069340611421728,-0.019455654574984327,-0.007379651438244594
2025-02-06,-0.014725007553238356,-0.005625233086604675,-0.014337395835812727,-0.0049308399992963325
2025-02-07,-0.019765766232192283,-0.014727357268529917,-0.026770150311370866,-0.013832720016380029
2025-02-10,-0.01619862924675075,-0.008036149078908927,-0.01498902282044845,-0.007512005726919457
2025-02-11,-0.020282417778495265,-0.007281617895675607,-0.01733380421985109,-0.008041525721004139
2025-02-12,-0.022845902874205626,-0.010479848641716694,-0.01675713608223628,-0.011317680013401832
2025-02-13,-0.011286938167979321,-3.2783570503625015e-05,-0.002612229987933201,-0.0009927085847539763
2025-02-14,-0.013984883200823028,-8.206073858940677e-05,0.0,-0.001125165712813958
2025-02-18,-0.00971836319725794,0.0,0.0,0.0
2025-02-19,-0.0090495894524667,0.0,0.0,0.0
2025-02-20,-0.011135281442734235,-0.004160346116164559,-0.004244502587309351,-0.0053774029128726974
2025-02-21,-0.02576338752348173,-0.021193294951382113,-0.024911065692458934,-0.023753066771264875
2025-02-24,-0.02928071949797939,-0.02564726370341086,-0.03642121029526091,-0.0287345356863965
2025-02-25,-0.03682305022831034,-0.030492898110109357,-0.04856167071244211,-0.03355115170966705
2025-02-26,-0.03460210137650366,-0.030003392004855245,-0.046263391433015943,-0.03322124088503442
2025-02-27,-0.045874062651268144,-0.04548649138371019,-0.07274981927071644,-0.048198761737438756
2025-02-28,-0.03768937888373025,-0.030590738560694164,-0.05810718571425477,-0.03351824264356784
2025-03-03,-0.04475293053245666,-0.04757476717061937,-0.07871813104209358,-0.05083815085495402
2025-03-04,-0.05166656542689152,-0.05884839763979666,-0.08149839306792783,-0.0626815188733495
2025-03-05,-0.0372066125606344,-0.04873315354053298,-0.06952478598267886,-0.05202564528681186
2025-03-06,-0.05288113086446944,-0.06561913913165285,-0.09512155732511762,-0.06964255525673124
2025-03-07,-0.049085274879268836,-0.06038214292261568,-0.08846748291833295,-0.06525478229730086
2025-03-10,-0.07164043569036982,-0.08540924401843886,-0.1237951428584777,-0.0907232213239264
2025-03-11,-0.07203785021642983,-0.09301223704492656,-0.12588964224890464,-0.09709045923115178
2025-03-12,-0.06773866051758426,-0.0881992161217563,-0.116028997832616,-0.09263666309861296
2025-03-13,-0.07346445714079508,-0.10035401835085744,-0.13193197809069845,-0.10537093387215346
2025-03-14,-0.05940348519690475,-0.0817712200592774,-0.11095045652735569,-0.08620360705918928
2025-03-17,-0.0496252723470646,-0.07469034662157203,-0.10518603861583276,-0.07864897724056141
2025-03-18,-0.05448746428208073,-0.08469154481259733,-0.12044035375185758,-0.08857890348427044
2025-03-19,-0.04574510073702687,-0.07472296010510027,-0.10867058354103543,-0.07822003165626612
2025-03-20,-0.04850483440520337,-0.07739868373195868,-0.11169183694007367,-0.08043037266903075
2025-03-21,-0.049219739676007346,-0.07709432498039881,-0.10876329883169589,-0.08006734773738888
2025-03-24,-0.03917259853480892,-0.06056648000342735,-0.08920567214710695,-0.06304433876408111
2025-03-25,-0.0365429021052851,-0.058308249479374186,-0.08400820225450278,-0.061461012854937436
2025-03-26,-0.04441160297118907,-0.06955048187434731,-0.10086306709475612,-0.07244669474565246
2025-03-27,-0.042805789400766514,-0.07202140903010612,-0.10598634196066092,-0.07636963996148927
2025-03-28,-0.05531986740531558,-0.09070923894410476,-0.12952377392148495,-0.09477677759960867
2025-03-31,-0.05350731740205883,-0.08460545331881153,-0.12956087143483475,-0.09010881623628753
2025-04-01,-0.04992974148027973,-0.08201997383426252,-0.12254419875240641,-0.08703002444805297
2025-04-02,-0.043340780329488404,-0.07621051983360605,-0.11614011941638236,-0.07981278944728254
2025-04-03,-0.07514993051652519,-0.12173570174746451,-0.16345625963837251,-0.12612835294430036
2025-04-04,-0.12210029916694509,-0.17315192201285534,-0.215413065140156,-0.17740985350749638
2025-04-07,-0.1307839826224072,-0.17462469426125204,-0.21351966732363237,-0.18009148105252826
2025-04-08,-0.14117785297654706,-0.18755229425221764,-0.22768299644878187,-0.19303602127955577
2025-04-09,-0.0847397871496055,-0.10222959750606087,-0.13498126832010238,-0.11116446731242924
2025-04-10,-0.10520745502599071,-0.14156905494936434,-0.17177237102573628,-0.14774673879869193
2025-04-11,-0.09299646012814011,-0.12625226407968115,-0.15651378198264354,-0.13347804437310828
2025-04-14,-0.08646138968826778,-0.11777559431743456,-0.15079654800515074,-0.12549928743157635
2025-04-15,-0.08378603929341788,-0.12024672404141412,-0.14984984909688903,-0.1270222287926439
2025-04-16,-0.08737304025390469,-0.13980184979222066,-0.1754849146466565,-0.1451644535746881
2025-04-17,-0.0826669236885621,-0.13857448894316804,-0.17563341867091042,-0.14337675313822784
2025-04-21,-0.09042501077136778,-0.159078798733989,-0.19603374585844136,-0.16373705922739945
2025-04-22,-0.07712484960435506,-0.13719975971357656,-0.1749279960629906,-0.142449814443102
2025-04-23,-0.07088376101295646,-0.12383045971743556,-0.156216887904991,-0.1278498764269692
2025-04-24,-0.0576882702293986,-0.10538783863456036,-0.13247522017174718,-0.10947605793676951
2025-04-25,-0.059645437360822395,-0.09892408928113283,-0.1228041092875648,-0.10401346052567761
2025-04-28,-0.05709122838193892,-0.09858043229476243,-0.12308254008668396,-0.10272221539322068
2025-04-29,-0.05455328616014721,-0.09290214121699114,-0.11729099711163671,-0.09732594871660283
2025-04-30,-0.05649693245682663,-0.09254207620474642,-0.11740240362254084,-0.09679632804536242
2025-05-01,-0.05618792392858063,-0.08611094033484712,-0.10587504942061221,-0.09116826261967848
2025-05-02,-0.04463284735974926,-0.07254504788054361,-0.09260274444098615,-0.07699880799466807
2025-05-05,-0.04341218720286433,-0.07786347651429082,-0.09798587285662153,-0.08222950413623897
2025-05-06,-0.04285734279635611,-0.0855709947426454,-0.10637612228525717,-0.08967843536562026
2025-05-07,-0.04125962543898576,-0.08172533835729501,-0.10286787142218423,-0.0859043498506431
2025-05-08,-0.0404212073948198,-0.07532701853914459,-0.09360506112655853,-0.07872022895688213
2025-05-09,-0.03735449063062768,-0.0765052565946841,-0.09419902023814664,-0.07974656123326374
2025-05-12,-0.032148043450376806,-0.04598602461588741,-0.057296511021608376,-0.048957925707732164
2025-05-13,-0.026822286317159105,-0.039685747816542216,-0.04292894612403919,-0.042502007606812775
2025-05-14,-0.028386903008000064,-0.03845848825160003,-0.0371931348971577,-0.04187304461454422
2025-05-15,-0.02372232873696334,-0.033762045339426616,-0.03613502947799174,-0.03796660519198458
2025-05-16,-0.023010338678535525,-0.027641952972369266,-0.031939990241815264,-0.03137833318348271
2025-05-19,-0.020534231503359313,-0.026578267245619847,-0.03101169762665934,-0.03061701628363167
2025-05-20,-0.019807777298811446,-0.029850959418799006,-0.0342416316614681,-0.03379515039289438
2025-05-21,-0.024850444670345806,-0.046198721247592944,-0.04766255463620306,-0.0506131184559272
2025-05-22,-0.02646112180562754,-0.04582245077769442,-0.04588050634515617,-0.05077868899097426
2025-05-23,-0.023859104558225597,-0.05233542420874526,-0.05471632483198108,-0.05634042368218417
2025-05-27,-0.017828387024362846,-0.03263282879328944,-0.032478388561519966,-0.036940375436058104
2025-05-28,-0.020141282589081766,-0.03822938359401973,-0.03676631404463948,-0.042601452448296384
2025-05-29,-0.019637922927204232,-0.03443305257040297,-0.03487291622811595,-0.03952255813960659
2025-05-30,-0.02184802375470518,-0.03551284247069597,-0.03639488302772198,-0.040316989146467086
2025-06-02,-0.015954212666668743,-0.03008006407637931,-0.028784365204560736,-0.03541743407499032
2025-06-03,-0.015672348427988703,-0.024548938810926346,-0.02119231065993299,-0.02876303637292499
2025-06-04,-0.014514004134526859,-0.024810960804365845,-0.018463506475196567,-0.02886237869395325
2025-06-05,-0.012319070167869262,-0.029523811742413697,-0.02585143921825972,-0.03422553126356176
2025-06-06,-0.010256452780036618,-0.01955796170589552,-0.016328832358331158,-0.022969400412194085
2025-06-09,-0.010116023914337302,-0.018674359127323514,-0.014880832643714093,-0.022174866884878464
2025-06-10,-0.010011871432630381,-0.013110519094231998,-0.00836534679678591,-0.017010398957326367
2025-06-11,-0.008938970034540805,-0.015925103236361093,-0.011706630357071313,-0.019625593247429185
2025-06-12,-0.008521949511615001,-0.012014118599843915,-0.009386297717174585,-0.01648067576563106
2025-06-13,-0.014877070580746499,-0.023059859820765194,-0.021823367284870554,-0.02810085675319207
2025-06-16,-0.009529235229910227,-0.013765118299334023,-0.008216956743387183,-0.018500226211384918
2025-06-17,-0.013961185144626964,-0.022192462699846982,-0.01788806762756956,-0.026677360233607783
2025-06-18,-0.015620265774950348,-0.022339831080385952,-0.01805514890121218,-0.02631320757695932
2025-06-20,-0.017663624860248528,-0.024635941861704702,-0.02206464358521254,-0.02856455677177905
2025-06-23,-0.011011587868313133,-0.0150017972865375,-0.012009109006625995,-0.01922842900422661
2025-06-24,-0.0034750376409209416,-0.004120338892581454,0.0,-0.007773613510802413
2025-06-25,-0.002871799989361379,-0.003562263444629732,0.0,-0.00893250473567675
2025-06-26,0.0,0.0,0.0,-0.00039101301589505866
2025-06-27,-0.0008922731883714841,0.0,0.0,0.0
2025-06-30,0.0,0.0,0.0,0.0
2025-07-01,-0.0012135520364427999,-0.0003237141327537829,-0.008429252270324872,0.0
2025-07-02,0.0,0.0,-0.0015226663381786576,0.0
2025-07-03,0.0,0.0,0.0,0.0
2025-07-07,-0.0035782817459067973,-0.007451971921066947,-0.007532999876067148,-0.007888821411664693
2025-07-08,-0.005070508676894181,-0.007995625508040893,-0.006975522601866402,-0.007953770606460187
2025-07-09,-0.0018951616627486123,-0.002046916445999636,0.0,-0.0017205522806438278
2025-07-10,-0.0011698247451775723,0.0,-0.001438160900480101,0.0
2025-07-11,-0.0010047071120605766,-0.0035154084840562927,-0.003685259743832159,-0.004216624911642541
2025-07-14,0.0,-0.0016140310257233281,-7.188599410545837e-05,-0.001946142277370111
2025-07-15,-0.0057216209449576505,-0.005880247930469706,0.0,-0.007200375950428106
2025-07-16,0.0,-0.0025567324312654183,0.0,-0.0034379677287854626
2025-07-17,0.0,0.0,0.0,0.0
2025-07-18,0.0,-0.0007324327901533367,-0.0009612012034829753,-0.0005498723653196702
2025-07-21,0.0,0.0,0.0,0.0
2025-07-22,0.0,0.0,-0.0051758566122592775,0.0
2025-07-23,0.0,0.0,-0.0006382175912161836,0.0
2025-07-24,-0.0025477058389845597,0.0,0.0,-0.0003521134763996292
2025-07-25,-0.0015648767858583712,0.0,0.0,0.0
2025-07-28,-0.00812391485234365,-0.0002510690047468067,0.0,-0.0002869978177929555
2025-07-29,-0.00943730846798796,-0.0028881653219655634,-0.0015489342427811303,-0.0034429895960337298
2025-07-30,-0.014466296523749755,-0.004143704071783327,-0.0002110367582853767,-0.004590488758464573
2025-07-31,-0.017717449527849816,-0.007879324147811118,-0.005509084889562921,-0.008925868345557753
2025-08-01,-0.020127139234914826,-0.02414078849422041,-0.025099449048331945,-0.02534360016519077
2025-08-04,-0.008938187709481515,-0.009307860290560077,-0.007110913255904072,-0.010073761194981379
2025-08-05,-0.010129067308437989,-0.0143306933311248,-0.013852107382842926,-0.014441029428496122
2025-08-06,-0.00467898212408846,-0.006780703525959941,-0.001443253942852163,-0.0077784676048749946
2025-08-07,-0.002254175341718012,-0.007612660193309528,0.0,-0.008352167975216318
2025-08-08,0.0,0.0,0.0,-0.002104060133325647
2025-08-11,-0.0027633864435334665,-0.0019774044951013092,-0.002959018853778028,-0.004399255301683835
2025-08-12,0.0,0.0,0.0,0.0
2025-08-13,0.0,0.0,0.0,0.0
2025-08-14,-0.004938706534243775,0.0,-0.000775464383009572,-0.0014794522624919093
2025-08-15,-0.003961535066396182,-0.0023411979263346927,-0.005169339841823439,-0.003746254595831666
2025-08-18,-0.003839634713169837,-0.002558400774658187,-0.005565843298494633,-0.003368373213847198
2025-08-19,-0.01199881620774157,-0.007969622220138417,-0.019057845648348226,-0.0094126286830436
2025-08-20,-0.009248377200302471,-0.01060552709485918,-0.02488207139661891,-0.01202543351634855
2025-08-21,-0.008817388683181715,-0.01457478954287883,-0.029396525331994994,-0.015425296845361092
2025-08-22,0.0,0.0,-0.014422707558516046,0.0
2025-08-25,-0.0042639855892383505,-0.004401210875694894,-0.017265759929204094,-0.0048086579713571
2025-08-26,-0.0004872591012329286,-0.00023257381851882197,-0.013319853061229514,-0.00028294785084814755
2025-08-27,-0.00312275196763534,0.0,-0.011803480966407376,0.0
2025-08-28,-0.0009720323918148699,0.0,-0.005617519788449821,0.0
2025-08-29,-0.0018079949635312342,-0.005963734491660877,-0.017127850278096712,-0.0059354894215590814
2025-09-02,-0.0027695286535214247,-0.013329794393760586,-0.025364596658655203,-0.012839731272474286
2025-09-03,-0.0006510743453627121,-0.007982489666813142,-0.01769660870128542,-0.008653571083415135
2025-09-04,0.0,0.0,-0.008805293447960327,0.0
2025-09-05,0.0,-0.0028961941058495144,-0.007375048836396725,-0.0018429455496866698
2025-09-08,0.0,-0.0004467310958305992,-0.0025330991088501342,0.0
2025-09-09,-0.002149231074467295,0.0,0.0,0.0
2025-09-10,0.0,0.0,0.0,0.0
2025-09-11,0.0,0.0,0.0,0.0
2025-09-12,0.0,-0.000334630409346115,0.0,-0.001447114032737895
2025-09-15,0.0,0.0,0.0,0.0
2025-09-16,-0.0011171257358989495,-0.0013767915798059693,-0.0008450788899230233,-0.0013501004356870627
2025-09-17,-0.008619661669928558,-0.002617444663623014,-0.002839249472927019,-0.002240062086998784
2025-09-18,-0.0051885030876930305,0.0,0.0,0.0
2025-09-19,0.0,0.0,0.0,0.0
2025-09-22,0.0,0.0,0.0,0.0
2025-09-23,-0.002963452917704057,-0.005443470649980853,-0.006642261760471557,-0.005365918582925788
2025-09-24,-0.0110195027489981,-0.008607815584989464,-0.010129558537849914,-0.009003661329201718
2025-09-25,-0.010968405931464864,-0.013181571271498438,-0.01439717891301362,-0.014309022624090728
2025-09-26,-0.0021960542363949065,-0.007527962572724589,-0.010345416532179241,-0.008124597883696016
2025-09-29,0.0,-0.004738765274230561,-0.005762248796784997,-0.005610581258239988
2025-09-30,0.0,-0.0009897806646047558,-0.0030387963546651964,-0.002357709560507515
2025-10-01,0.0,0.0,0.0,0.0
2025-10-02,0.0,0.0,0.0,0.0
2025-10-03,0.0,-1.4805406382767394e-05,-0.004209680647392244,0.0
2025-10-06,0.0,0.0,0.0,0.0
2025-10-07,-0.004958342473618371,-0.0037075138893176707,-0.005265670505592235,-0.004800492598473705
2025-10-08,0.0,0.0,0.0,0.0
2025-10-09,-0.00794123265989144,-0.002896974724933221,-0.0012102542195091548,-0.0034658561853405656
2025-10-10,-0.02224099855832795,-0.02984653787017777,-0.03588243462272822,-0.030168036310206814
2025-10-13,0.0,-0.01496038853801529,-0.015422626183529187,-0.014707248262177286
2025-10-14,0.0,-0.016163758522537375,-0.02198084151540647,-0.015008719849941676
2025-10-15,0.0,-0.011795896674751116,-0.015079186492761298,-0.01033716289162201
2025-10-16,0.0,-0.018525881825995794,-0.018726279568323845,-0.0182033536742372
2025-10-17,-0.016004451997285063,-0.012954741421280502,-0.012282477342297593,-0.01359220238031733
2025-10-20,-0.001790134787791109,-0.0026889769499154337,0.0,-0.002591969015884321
2025-10-21,-0.03154212849223992,-0.002703971075235345,-0.00026154446867010517,-0.0027124091885275536
2025-10-22,-0.03467523145983409,-0.00788873847018079,-0.009893012184907013,-0.00877014160071321
2025-10-23,-0.023612955676056036,-0.002005555689141736,-0.0015697676631668545,-0.0024110303898025043
2025-10-24,-0.019082818310561023,0.0,0.0,0.0
2025-10-27,-0.02500719550810182,0.0,0.0,0.0
2025-10-28,-0.019021647745118386,0.0,0.0,0.0
2025-10-29,-0.01745624509700494,0.0,0.0,-0.0007101495632374499
2025-10-30,-0.013876900212780652,-0.010998098598900663,-0.015288652640875422,-0.011451491956360416
2025-10-31,-0.016943792019309956,-0.007753952717262869,-0.010538373049714944,-0.007486315613788319
2025-11-03,-0.02078827670526573,-0.005891764994057858,-0.005804087990351592,-0.0063620108338120485
2025-11-04,-0.04200582948498355,-0.017675474038685746,-0.02598436948833005,-0.01837551852533781
2025-11-05,-0.033145971178446865,-0.014271341163713203,-0.0196454282087849,-0.014173656029424997
2025-11-06,-0.03679542330316854,-0.024847582620703412,-0.03790684765410801,-0.025388370729229393
2025-11-07,-0.031082446544424047,-0.02388748160418186,-0.04094253270713144,-0.02325792203951682
2025-11-10,-0.011302860334363674,-0.00865586036743482,-0.01972414828395541,-0.008965831830206272
2025-11-11,-0.008507427630620845,-0.0063864981362902196,-0.022335207423544,-0.006539479897210154
2025-11-12,0.0,-0.005833661155963732,-0.023105931880445296,-0.006184450667199193
2025-11-13,-0.014811457871938827,-0.022330853818442686,-0.04305014950551378,-0.023790420332926
2025-11-14,-0.02179573061835316,-0.022490751283521848,-0.04232673417579558,-0.023938554160998327
2025-11-17,-0.032448713396713735,-0.03159774453255404,-0.05050572108022444,-0.03408790786112348
2025-11-18,-0.03502239684076136,-0.03972986460283723,-0.06206668428634565,-0.04062738775833352
2025-11-19,-0.033042019430571834,-0.0360201717903984,-0.05646705651571471,-0.03749079515888454
2025-11-20,-0.05110537061923792,-0.05071345962427831,-0.07880226393925871,-0.05281845561647225
2025-11-21,-0.048924822674047186,-0.04125739570540088,-0.07188144930114027,-0.04187021782141054
2025-11-24,-0.03311526369766371,-0.027146220591534376,-0.048146431287539926,-0.02754851906712863
2025-11-25,-0.027435778239095043,-0.017995627081867416,-0.04227942504861271,-0.017132779565476097
2025-11-26,-0.012396964867795401,-0.011216278958585457,-0.03381735420189391,-0.010386222059896588
2025-11-28,0.0,-0.005819068050247789,-0.025984369488330383,-0.004852794969207541
2025-12-01,0.0,-0.010357971569048496,-0.029256022061662668,-0.00973510738017136
2025-12-02,0.0,-0.008524880529018342,-0.021658908515806985,-0.008551676613467674
2025-12-03,0.0,-0.00509165097087072,-0.019268111422533818,-0.004113127964214258
2025-12-04,0.0,-0.004364323419749572,-0.020180281497978902,-0.0025447861128820026
2025-12-05,0.0,-0.0024731285416250692,-0.016185213594928416,-0.0011540044281631578
2025-12-08,-0.002513849697133197,-0.005469907852146516,-0.018072664699596452,-0.004083519419242898
2025-12-09,0.0,-0.006328394298195317,-0.016861608855266774,-0.005089481122548811
2025-12-10,0.0,0.0,-0.012834937299026627,0.0
2025-12-11,0.0,0.0,-0.0160278697971884,0.0
2025-12-12,-0.008449281805926634,-0.010752075575282682,-0.034839751653097606,-0.011416150961117255
2025-12-15,-0.006947867406298602,-0.012246639797788617,-0.0396842640882199,-0.013358188417310957
2025-12-16,-0.009616271222738892,-0.01494546363102034,-0.03778110750955821,-0.016212180863312553
2025-12-17,-0.00686342215605984,-0.02578460380073122,-0.05561770833624424,-0.02695145413655442
2025-12-18,-0.002627398059079522,-0.018428047408145076,-0.04193351921034816,-0.019477988883334962
2025-12-19,0.0,-0.00953156390693033,-0.02944468045478843,-0.010739363861797524
2025-12-22,0.0,-0.00336105053300495,-0.02479239145903589,-0.0038614277734730917
2025-12-23,0.0,0.0,-0.02022518181013222,-0.0005567572630736928
2025-12-24,0.0,0.0,-0.017358691924794556,0.0
2025-12-26,0.0,-0.00010140966545213459,-0.017421802878572534,-0.0006178549233283315
2025-12-29,-0.01915773247485586,-0.0036647017840368834,-0.022178056331006668,-0.004383879406281377
2025-12-30,-0.01285079362828545,-0.004881351135810452,-0.024446003857765297,-0.005972778251506883
2025-12-31,-0.02570148039021325,-0.012254127111194113,-0.03250956034597119,-0.013563631830729728
2026-01-02,-0.01327230397347856,-0.010443595739656364,-0.034383618439074115,-0.010503714355913685
2026-01-05,0.0,-0.0038530340198764668,-0.026713855031922806,-0.0030600078044836776
2026-01-06,0.0,0.0,-0.018161983560897044,0.0
2026-01-07,-0.007067249397041286,-0.003223412281198046,-0.017216957248446962,-0.0033997127915723624
2026-01-08,-0.009885526755277874,-0.0033246123310795017,-0.022808009637572235,-0.0031358085565076355
2026-01-09,0.0,0.0,-0.013074951628584852,0.0
2026-01-12,0.0,0.0,-0.012256050871089608,0.0
2026-01-13,0.0,-0.0019995067653818532,-0.013720706761745638,-0.0020114272048884496
2026-01-14,0.0,-0.006904843320334031,-0.02425696005423439,-0.0059178418712483305
2026-01-15,-0.001437665898555207,-0.004200438262084272,-0.020744811388337503,-0.0028568459722363437
2026-01-16,-0.0025934881964624346,-0.005034823882229755,-0.021563808498433867,-0.0034399396911937163
2026-01-20,0.0,-0.025289130990863273,-0.04235274937811573,-0.02308836326622321
2026-01-21,0.0,-0.014039886333605645,-0.029406910235121875,-0.01151500457211696
2026-01-22,0.0,-0.008889962604907264,-0.022351298307941803,-0.0062968751636173215
2026-01-23,0.0,-0.008530452118198917,-0.019264450023687818,-0.0072005585527673555
2026-01-26,0.0,-0.0034956282359694946,-0.014949106074289231,-0.0029151105940383726
2026-01-27,0.0,0.0,-0.00601933970140478,0.0
2026-01-28,0.0,-0.00010066458032498282,-0.0027277421396265655,-0.0005535293960867715
2026-01-29,-0.004294817642754634,-0.0020848419786652084,-0.008696689430610638,-0.0028548486545629803
2026-01-30,-0.05980455699814957,-0.0050611963010486205,-0.020603076711990242,-0.00786550156882504
2026-02-02,-0.06440019477409442,-0.00011495700978370049,-0.013878146912086442,-0.0023013192584760978
2026-02-03,-0.04126631462951014,-0.008569458383974382,-0.029028918980662066,-0.00996290306626102
2026-02-04,-0.04925314009904036,-0.01337180290704476,-0.0459908308937651,-0.014623944345476536
2026-02-05,-0.08011790687545783,-0.025694082722464318,-0.05972406349366566,-0.027296270505138054
2026-02-06,-0.05230191818465557,-0.0070022317363926945,-0.03984864162584534,-0.006729375551941419
2026-02-09,-0.03174710594723518,-0.0022141796427811444,-0.03249375851937586,-0.0018352598493615035
2026-02-10,-0.03881203398498034,-0.004845486486067085,-0.03698234444571025,-0.004282362419458563
2026-02-11,-0.026802192406003456,-0.005075488730507782,-0.03439942026566856,-0.005243637900011255
2026-02-12,-0.04226212836528642,-0.02044593791509819,-0.05403868190797734,-0.021149402136377726
2026-02-13,-0.03407095173880326,-0.01975584295690269,-0.05202279278592592,-0.019285075062306145
2026-02-17,-0.04140743183197848,-0.018174235654988657,-0.05299932639896443,-0.018061568496064884
2026-02-18,-0.03097782114495884,-0.013228084588597033,-0.045927912645189695,-0.012934467807734995
2026-02-19,-0.02936732843930867,-0.015830630123218614,-0.04958169963483272,-0.014798794881806687
2026-02-20,-0.013994124841927524,-0.008713176702422776,-0.04117156284015433,-0.00873948593763385
2026-02-23,-0.009945477902701283,-0.018835569304520017,-0.052826084422029074,-0.019838604458392917
2026-02-24,-0.004665061308858132,-0.01170399990401172,-0.042652020557405135,-0.01182740901556123
2026-02-25,0.0,-0.003364455539604738,-0.028776956928556308,-0.004194981870100478
2026-02-26,-0.0002040341747726604,-0.008900213433613469,-0.04049439675900646,-0.008098575992188994
2026-02-27,0.0,-0.013659415993687474,-0.04356553956926679,-0.013109228906451054
2026-03-02,-0.0017090420390156735,-0.013098570474734617,-0.042305536603533755,-0.012089550663635373
2026-03-03,-0.044811421091191295,-0.02179745474769823,-0.052558224190726754,-0.021965162618153178
2026-03-04,-0.03259515834118676,-0.014895975816503704,-0.038116221856488774,-0.014798794881806465
2026-03-05,-0.05287684487663358,-0.02038841529776958,-0.04101421904241476,-0.021178558798701674
2026-03-06,-0.05275386254202319,-0.033228310444272435,-0.05544041955005807,-0.03454992935322754
2026-03-09,-0.040197072136709866,-0.02475942841574963,-0.042825262534340935,-0.026189211712963956
2026-03-10,-0.040571933879839484,-0.026326743288204724,-0.04280946070774594,-0.02843230708440636
2026-03-11,-0.03952006578304412,-0.027548834231815533,-0.042935489910099545,-0.02921900034147218
2026-03-12,-0.06221210654941367,-0.04231547238420319,-0.059361874065800846,-0.044716839618143656
2026-03-13,-0.0670124847042487,-0.04773609681868185,-0.06493722098093246,-0.04993149973106037
2026-03-16,-0.05072137614353167,-0.03804503562167516,-0.0544481804630258,-0.04023073831287327
2026-03-17,-0.04480017155273541,-0.03551456980846068,-0.0498336616869387,-0.03699703192332471
2026-03-18,-0.058348946063410456,-0.0489726566414983,-0.06307867565662062,-0.05025195470378285
2026-03-19,-0.05956774705488377,-0.051316262173268457,-0.06603959109112223,-0.051941520679138486
2026-03-20,-0.08753167595450484,-0.06491639105216318,-0.08330077418351456,-0.0667987183232086
2026-03-23,-0.0743379936975127,-0.05509802136312403,-0.07277801025519204,-0.05558306259076706
2026-03-24,-0.07948468463157898,-0.058269882004525986,-0.07911724059254077,-0.05852529179468824
2026-03-25,-0.06825669845497351,-0.053021913646906116,-0.07306186501829115,-0.052786437823237775
2026-03-26,-0.08779564059885303,-0.06993373959122995,-0.09518596389263279,-0.06910012701929924
2026-03-27,-0.08958624207828092,-0.0857931310231127,-0.11286300481175182,-0.08506161088949371
2026-03-30,-0.10063811550271695,-0.08884968175523789,-0.11964372276774315,-0.08918200178910918
2026-03-31,-0.06844424715058561,-0.06236448659476024,-0.08984022522613133,-0.06250150925974374
2026-04-01,-0.05917349678666528,-0.05529987987301299,-0.07859684019352531,-0.05540043098197578
2026-04-02,-0.06587808772976989,-0.05444921564558769,-0.07754033392150084,-0.05388079647415356
2026-04-06,-0.06120499166679794,-0.049979743569112944,-0.07198955691967202,-0.049643510612398134
2026-04-07,-0.058764682640179755,-0.04956173411987608,-0.0718476295381224,-0.04900063303943436
2026-04-08,-0.03257355099154491,-0.02535441696063223,-0.04425176279492604,-0.024833248039660694
2026-04-09,-0.02981639941419345,-0.019731669341645053,-0.03778640690262247,-0.01971920524304671
2026-04-10,-0.029817083378146814,-0.020380386834308428,-0.03639873674031546,-0.02088824430206282
2026-04-13,-0.024606874421531977,-0.010807105843027909,-0.026432698141656163,-0.010309473822414206
2026-04-14,-0.013704402475237853,0.0,-0.008755657222537128,0.0
2026-04-15,-0.018731760167645106,0.0,0.0,0.0
2026-04-16,-0.01615112664404994,0.0,0.0,0.0
2026-04-17,-0.004430585737328463,0.0,0.0,0.0
2026-04-20,-0.010502528787952103,-0.0019997351150194964,-0.003174848913579109,-0.0009129309562784238
2026-04-21,-0.02351713078267703,-0.00853353591203554,-0.00696613494492182,-0.007674085744088788
2026-04-22,-0.011624219214654286,0.0,0.0,0.0
2026-04-23,-0.019784393400399836,-0.0038807408683982914,-0.005632679633709281,-0.004043041658395641
2026-04-24,-0.017494046634407012,0.0,0.0,0.0
2026-04-27,-0.01498374658428514,0.0,0.0,0.0
2026-04-28,-0.01903242464377053,-0.00486599226711959,-0.010056759402575555,-0.005389558373093073
2026-04-29,-0.019564541617281384,-0.005019749750925007,-0.004004673805915515,-0.006581025820134534
2026-04-30,0.0,0.0,0.0,0.0
2026-05-01,-0.0012345921927985337,0.0,0.0,0.0
2026-05-04,-0.0026199920706668767,-0.0036633921467563724,-0.0018838683316974025,-0.003687132550877492
2026-05-05,0.0,0.0,0.0,0.0
2026-05-06,0.0,0.0,0.0,0.0
2026-05-07,-0.012456072440202859,-0.0030660824190705815,-0.001192941202506459,-0.004587337146275017
2026-05-08,0.0,0.0,0.0,0.0
2026-05-11,0.0,0.0,0.0,0.0
2026-05-12,-0.01133373849679864,-0.0015149526145865622,-0.008481790799397704,-0.00231002610752018
2026-05-13,-0.007264074624704353,0.0,0.0,0.0
2026-05-14,-0.007224669156850827,0.0,0.0,0.0
2026-05-15,-0.02986259545416292,-0.012029343756796207,-0.015087656778261405,-0.012683732141595794
2026-05-18,-0.03133647215998325,-0.012724390319108991,-0.019325059657848143,-0.013718100115024168
2026-05-19,-0.036466166035809766,-0.019300423939144218,-0.025368390555150944,-0.019978204716391446
2026-05-20,-0.0222907089158767,-0.009249239296974299,-0.009224799838167708,-0.00873710642869241
2026-05-21,-0.022996105849581006,-0.007284493648601176,-0.007335425959710151,-0.006287427843316484
2026-05-22,-0.01642495727480242,-0.0033815839160763472,-0.003125866663361787,-0.0016603034612547862
2026-05-26,-0.00221573710523415,0.0,0.0,0.0
2026-05-27,-0.008723362055681694,-0.0001732421647460125,-0.0011365676760621835,-0.0002707149093668093
2026-05-28,-0.0015116539023162234,0.0,0.0,0.0
2026-05-29,-0.004136496513721499,0.0,0.0,0.0
2026-06-01,-0.0044043605022254795,0.0,0.0,0.0
2026-06-02,-0.0010682061316933389,0.0,0.0,0.0
2026-06-03,-0.009089577540517868,-0.007017182320499971,-0.002613320951729392,-0.007239056289391588
2026-06-04,-0.010244998083797752,-0.003265012285285529,-0.007438052059240086,-0.0026177576020228743
2026-06-05,-0.05175614614476842,-0.028990115620008083,-0.05508200560693399,-0.029330003663389004
2026-06-08,-0.04186254804569811,-0.026791581636948503,-0.04032644197167212,-0.026418422800227104
2026-06-09,-0.044835013148532776,-0.02964838682468318,-0.05136965352390521,-0.028555386134370475
2026-06-10,-0.05818526554669412,-0.04494652583696379,-0.07031997684181468,-0.04359441173337475
2026-06-11,-0.029979138599109834,-0.02871362721290449,-0.03891926285236269,-0.02687256531987836
2026-06-12,-0.02432849201312548,-0.023460669725494654,-0.033263604922014856,-0.02136987860292161
2026-06-15,-0.017293082718396136,-0.006240404575368119,-0.002894773153373942,-0.004888306692621747
2026-06-16,-0.029461660126277933,-0.012164764855552623,-0.021845178360198725,-0.0106581649224895
2026-06-17,-0.03766294752032706,-0.024500723727740925,-0.03169559597319416,-0.022972498911243422
2026-06-18,-0.023590291823574194,-0.014358465125201114,-0.007424622277142134,-0.011673302216191006
2026-06-22,-0.020010989893435083,-0.017460259020978475,-0.009916092523009512,-0.014825321090206955
2026-06-23,-0.03859868969865954,-0.03172865595295604,-0.0425186082323743,-0.0284752673820291
2026-06-24,-0.04197154604198705,-0.032177466243158426,-0.04658390154004366,-0.028608853138484602
2026-06-25,-0.034851615045757955,-0.030778347896372127,-0.038855880831974665,-0.02772730160123882
2026-06-26,-0.04140486314241265,-0.03778715178029313,-0.05208470753169181,-0.029645409935363243
2026-06-29,-0.034666275915990474,-0.021934827525452172,-0.028525020953325875,-0.01651876990245893
2026-06-30,-0.029603910050364113,-0.014318828675231599,-0.011995661525270762,-0.008696318289893146
2026-07-01,-0.04087817595374876,-0.015651966833958864,-0.027062648705151515,-0.01075913090120606
2026-07-02,-0.04177552071193813,-0.016945468542716835,-0.04392742512998804,-0.012125319136290447
2026-07-06,-0.0332972308367131,-0.008365949485922508,-0.030215535719330444,-0.004329682779610655
2026-07-07,-0.04212167499671804,-0.01307809500454249,-0.04818048972027955,-0.009848311493206752
2026-07-08,-0.04117350560613797,-0.016127120862250766,-0.04548372396393108,-0.013491589125203873
2026-07-09,-0.038536063066149095,-0.007798390969592228,-0.029598338965243443,-0.004919046132295879
2026-07-10,-0.0388582606917689,-0.0035218435911847923,-0.026606445558406522,-0.0015972245556128417
