Ticker,ANGL,ARKF,ARKG,ARKK,ARKQ,ARKW,AVDE,AVDV,AVEM,AVUS,AVUV,BBCA,BBJP,BKLN,BLOK,BLV,BND,BNDX,BOTZ,CIBR,DIA,DIV,DIVO,DSI,DVYE,EAGG,EBND,ECH,EEMV,EFAV,EFG,EFV,EIDO,EIS,EMXC,EPOL,ESGD,ESGE,ESGU,EWA,EWD,EWG,EWH,EWI,EWL,EWM,EWN,EWP,EWQ,EWS,EWT,EWU,EWW,EWY,EZA,FDN,FEZ,FNDA,FNDC,FNDE,FNDF,FTCS,GDX,GDXJ,GLDM,GNR,GOVT,GSIE,GSLC,HEFA,HYD,IBB,ICLN,ICVT,IGV,IHI,INDA,IXC,IXN,JEPI,JEPQ,JETS,JMOM,JQUA,KBE,KCE,KIE,KOMP,KSA,LIT,LQD,MCHI,MGC,MLPA,MOAT,OIH,PAVE,PBW,PFFD,PHO,PICK,PKW,QCLN,QQQJ,QQQM,QTEC,QYLD,REM,RSP,RYLD,SCHA,SCHP,SCZ,SDIV,SHYG,SLV,SLVP,SMH,SMIN,SPY,SPYD,SPYX,SUSB,SUSC,TAN,TDIV,THD,TMFC,TUR,UAE,URA,USHY,USMV,VBK,VBR,VCLT,VEA,VGIT,VGK,VGLT,VIG,VIGI,VMBS,VNQ,VNQI,VO,VOE,VOT,VPL,VSGX,VT,VTI,VTV,VUG,VWO,VWOB,VXUS,VYMI,WCLD,XAR,XBI,XHB,XLB,XLC,XLE,XLF,XLI,XLK,XLP,XLU,XLV,XLY,XME,XOP,XRT,XSOE,XT,XYLD
ANGL,1.0,0.6408700830751933,0.6056542327411328,0.6479315416283271,0.6405459198884991,0.6289961715019954,0.6789254023178621,0.6465285498104849,0.5677487684136099,0.7385858195204508,0.6435021302245785,0.6369197130271833,0.5844795960978945,0.667644780041527,0.550035996819612,0.596088234412351,0.6107539728726037,0.49584832551129493,0.6763136317416593,0.5669193489456951,0.6928567932797064,0.6022381665293381,0.6479333122906032,0.7247839492653639,0.49424521807586397,0.6067012750585059,0.6333902127978526,0.4528667635693116,0.5476261197440768,0.6245846829601346,0.6872894791769633,0.6316350419764122,0.37149949344839184,0.5516791275889473,0.5601049477405007,0.5359276925932792,0.6870689382406806,0.5583097718944069,0.7390537568168574,0.6604557939747623,0.6229433944694704,0.6329672265756592,0.3687639699880278,0.6165860377081583,0.6010925638817955,0.42829033101134306,0.6449969265134479,0.5750493433857051,0.6201932885779072,0.5917146886081179,0.5172085226741867,0.5869514336016697,0.47904204671467765,0.4489305017011855,0.524745334786887,0.6538527870668924,0.6506425690785617,0.7048330808514917,0.6881137970850002,0.5271110040455739,0.6543837174584164,0.6503408917505629,0.35252157562532294,0.38027261958470854,0.23578091570027687,0.5096117174194604,0.47724777712469285,0.6927953263146858,0.7390276056262395,0.6086352347453652,0.5690666863410948,0.6104193897069135,0.5474989721134074,0.6254996285905517,0.5945121548616679,0.5853618710621659,0.4604846818178784,0.30873634317838483,0.6286793431501347,0.6691326571133505,0.6182133334887474,0.5485016455380453,0.7118921983042831,0.7405384121409131,0.5232301219324101,0.6754454639928426,0.47228134373008246,0.6988800487626962,0.34485230747683465,0.4709574570566689,0.7302563529752297,0.3697048459455532,0.7183624551804222,0.38798347155055807,0.7479283126445002,0.3366348215780481,0.6460851227886749,0.5779858287497472,0.6989627440540901,0.6926168734239018,0.5090963034265269,0.6976582693517215,0.6046609701306578,0.7331226993349884,0.6804386104283321,0.6516403209762714,0.6062819126704957,0.6704949254491376,0.7545422590841123,0.6260731657212945,0.7167388220819543,0.4982646320968783,0.6926723630786235,0.6353125111178691,0.9566537290796889,0.25695003711002984,0.365425369727735,0.563954038173016,0.3986884206011458,0.7352430328494953,0.6303957478449557,0.7320832661007244,0.6585362661607526,0.7235726698138147,0.492332405353208,0.6500489844225917,0.4605476193610264,0.691027040889338,0.21150009115033294,0.3091447143791184,0.41835748099499875,0.9626903359113043,0.662915348815471,0.7341214643980791,0.7038563191666005,0.6971221170902129,0.6896329964029702,0.4918993790062855,0.6652836635212082,0.47328601597142106,0.7208620648340031,0.6920733359435441,0.5891511068251601,0.6700474614564068,0.6266400494675985,0.760226029857079,0.7110299965447362,0.7374960652845254,0.6207584179769994,0.6739292329825731,0.7544730969751997,0.7462825205405265,0.6839476594309087,0.6939968741355729,0.5705338994816481,0.8053315962256267,0.6817885713580756,0.6466674175889378,0.5830607128234082,0.5815630415507267,0.5803198970633366,0.65891658000616,0.6348848803319397,0.6366920770785397,0.28724268026458877,0.6068823236361481,0.6621047038653154,0.6272361442188449,0.4125752801577949,0.4445014471971213,0.510895353063515,0.6876190897902792,0.4980162218211424,0.3244834643078898,0.6357652772190775,0.5657985789206188,0.7327154518924192,0.6195699638505943
ARKF,0.6408700830751933,1.0,0.7676222676174139,0.9494892983103688,0.8371892409266727,0.9732185394805903,0.6262548684623102,0.5947873888603679,0.5965030671268415,0.768217553530028,0.6345693601712936,0.6443963593988711,0.553141857510845,0.5674710773927766,0.8339766218133023,0.22719897604382486,0.2219608140821606,0.19442381807704748,0.7844251885628164,0.7567348187491849,0.6632405357638514,0.4322744525369057,0.5858682621536087,0.7841613123326825,0.4508337356039682,0.22292465364933514,0.44115075664564696,0.40631642882838326,0.5514903903384372,0.501667419109521,0.6846121975951943,0.5362988909118075,0.345457883917386,0.6356894405630528,0.5761538157069507,0.4865190458905134,0.6387235823789337,0.6038384573144666,0.7930824633274345,0.5985607748718097,0.6102084130689122,0.6052291242352132,0.38245227318754715,0.5511302435919379,0.5071613524595863,0.40608489967306144,0.6664421343199622,0.499539978034606,0.5627883305149418,0.6193073136734445,0.5462236386718092,0.4963299171670766,0.4288276839695074,0.47273218811132944,0.4847654838116662,0.8849368806147873,0.6159794802290016,0.7097864952274344,0.6309921402518951,0.5268669958043664,0.5799706948975047,0.5275304876696085,0.276270852221829,0.31884792854809973,0.12751316125120546,0.43793172382024353,0.10864138358527688,0.6421805030152846,0.7796705617450896,0.6247151085866403,0.24322390383991718,0.611818049480034,0.5474849228006018,0.7868568960515684,0.8195681537983939,0.5736173048462571,0.4735618117277087,0.22338762024444905,0.72925486219699,0.579401642016798,0.688403156822647,0.6231837665289436,0.7789928327150709,0.7533486740900515,0.5422735049363033,0.7765044702945761,0.4312191416457465,0.8513180701636336,0.3412083038096335,0.5437360136055414,0.3523659844019479,0.44419740545674175,0.7813687941219827,0.3281566273046168,0.7451442182694162,0.28979207109386806,0.6182220883536043,0.7144918388019946,0.5275871621399797,0.614602496691572,0.4777431020638189,0.6723649732339844,0.7072051901285461,0.8462278295574067,0.8000131537485329,0.8005963132691627,0.7035585793258889,0.5333863539381729,0.7173682777574225,0.6972270867027405,0.7725102033432586,0.16411926854487008,0.6495651907072886,0.5602635885780431,0.6731086792010514,0.2292050741299414,0.3301285841270628,0.648913781499115,0.41887938131043084,0.7761365164156238,0.47620776170007945,0.7821149790855346,0.29269724827332666,0.33899521962485174,0.5258796463654832,0.6909490313941716,0.4009928111200961,0.8050766261552733,0.22216138229266738,0.330095110152343,0.5221996617850363,0.6639206836437974,0.5704954335429097,0.8535453145748406,0.6834020702604482,0.3351556342418596,0.649775366824696,0.11330207841353668,0.6110067911220746,0.11507109309840696,0.6604778200925165,0.6556584857088696,0.2223726860821564,0.5194592967276198,0.552673362282114,0.7873477293704659,0.6256481795005792,0.8576385695207825,0.5907328344718683,0.6671879869063027,0.785007042347519,0.8024013744143433,0.5868534414925827,0.8233090115859192,0.6140025567074875,0.5205969331648649,0.662059122890746,0.5594343680142102,0.8412555482081687,0.6291275470817133,0.6539180105333456,0.5750420341782466,0.5595109268870362,0.743013084738986,0.2086837033291444,0.61848826516946,0.6135395182397643,0.730498639089505,0.2274479254713391,0.23260380519720922,0.3812801347373884,0.7970951528682028,0.5160238400766408,0.29537444450578504,0.7053532896478397,0.6193915318348517,0.8304143767477296,0.6508827100358405
ARKG,0.6056542327411328,0.7676222676174139,1.0,0.8691426258034707,0.7483117570123038,0.7643520958614075,0.5686885198259832,0.5397074615784865,0.5464604076365415,0.6755284854346948,0.6186851232429886,0.5557473562135536,0.517887431556932,0.4627461110602926,0.672720485852158,0.29381357715351875,0.2910186520570568,0.2425078082873871,0.6902174786019065,0.6172841079086943,0.5979219574248303,0.444197220596318,0.51336922357371,0.6629874751888898,0.41500321857608236,0.2885434033512478,0.429997020207465,0.40573634298008365,0.5174460832731859,0.473479699643358,0.6299582199998331,0.49040327948931967,0.33512137786832075,0.5430304306890605,0.5316876569840279,0.421569299108322,0.5846031544053987,0.5550435128043489,0.6721469976456099,0.5437358629409897,0.5496716980723142,0.5178733751485461,0.36677362166116323,0.47692783538480266,0.5160996968287439,0.3541584757153368,0.5784664769834493,0.44846807971139757,0.5109082965581867,0.5264623319106619,0.5010556581176996,0.4520383141752537,0.3833990571042549,0.45013923214688756,0.468802036477606,0.7015184399582427,0.5388929431407763,0.6979646591511038,0.5843538965475331,0.4778539514354855,0.5347085578738986,0.4868018040880439,0.31718051450945745,0.34219876365143226,0.17604097175757671,0.4150554319551352,0.1839242679226701,0.5790697588765321,0.6620700718316109,0.5500823054881119,0.269898742661351,0.8017007467392002,0.5744922441514416,0.6994859392786849,0.631085919364802,0.5679735288116783,0.40787708176912346,0.17338440071593786,0.6022364435427028,0.5215745242389332,0.5658137746755751,0.5759231160440292,0.666399180326075,0.6591632796249082,0.5009452475275342,0.6551602316884522,0.3414299442728056,0.8023328737079043,0.2843898736855819,0.5386821409256737,0.39494936126455776,0.3962482417860379,0.6486929029511004,0.27096060762631996,0.6973771316311999,0.27446174273505924,0.5865931818166136,0.7287369709736702,0.5010898953692314,0.6089530178364453,0.45334276366205284,0.5951147443743567,0.7033274077488469,0.7910373296584101,0.6552853763791616,0.6740708597354772,0.5773958675882838,0.5481700472140587,0.6686561278709601,0.6468496910733568,0.770595852270258,0.20461921771876146,0.5959624539624273,0.5400283233178177,0.6172308892865027,0.23086530459929863,0.3524454943490777,0.5585646138139866,0.35813941683047085,0.6568499824128979,0.4769560107254704,0.6606805486387517,0.3319286088055796,0.3866252287924917,0.5694747956362213,0.6047208296579802,0.3946263777128113,0.6403212607676366,0.16240522370009333,0.29629951504454627,0.4565711522826913,0.6134306430155269,0.5142925073147583,0.8171313072733081,0.6664241189488169,0.38240953580820364,0.595367004643857,0.1938049941415738,0.5545075194928678,0.19586480628369274,0.5917960178618663,0.611030369281289,0.27999200736464924,0.5238844927546875,0.5315839547282303,0.7093151717570649,0.5913574762917507,0.7497487921593001,0.5575315864175933,0.6138278916741952,0.6860611646349494,0.690994672404827,0.558509032821524,0.6614230117414864,0.5503051651729499,0.49216806080303005,0.6053315914487527,0.5064527889923758,0.6893584500245746,0.5963351952689866,0.8393135301339395,0.5977295672249598,0.5376100520136223,0.5904084659192778,0.16938450750048528,0.5033175919838684,0.5679082375127944,0.6006695661909645,0.2013036700489958,0.25650077149867573,0.496559903395442,0.661520105545336,0.5121319508553132,0.2538885257339337,0.6619140504889002,0.562717533046641,0.7656256741787145,0.532808932800265
ARKK,0.6479315416283271,0.9494892983103688,0.8691426258034707,1.0,0.8856866338898336,0.9662394166014842,0.6123952811599442,0.5826943673866117,0.6065988538492512,0.7676875936463814,0.6480746029441353,0.6169483082378608,0.5631176174808986,0.5418929620224161,0.8186629069665764,0.24654983245470616,0.24010747362349305,0.20666610141517103,0.7864849244300682,0.7307097549873273,0.6548450063324154,0.4337787641188624,0.567073230694717,0.7806323643353164,0.44045868262384114,0.2402531817776749,0.4230270156555529,0.4103151151271765,0.561738710217597,0.47484842310526293,0.6785621910111022,0.5175109079904598,0.34406974462036555,0.6221517741822163,0.5918015926289371,0.4615637188236676,0.625711159805106,0.6157501621596123,0.7848871147554743,0.5912850732680447,0.5882892266149304,0.5740428889411012,0.3887027587467543,0.5268176171512328,0.49680617026594964,0.39096873876715627,0.6522688524340835,0.48220168974112093,0.5403207659522338,0.5975449030046369,0.5691072284938872,0.47409247408777505,0.4244466081099721,0.5021816684751637,0.4872204609679211,0.8508265681153047,0.5919418860608413,0.7271509989288977,0.6208297335155802,0.5232317980737143,0.5732634668120843,0.501833303283951,0.28962355126962686,0.32515466148453487,0.14341052155743642,0.43503274066987313,0.12652275349944594,0.6249623000512778,0.7688269857811482,0.6136841949651656,0.25230999666188497,0.6777575574065632,0.5885439954195704,0.8002138671069932,0.7744931283751821,0.5574737602170249,0.44958975881947655,0.20880427570195828,0.7336303424483226,0.5630989485857146,0.699663497100344,0.6256274054994361,0.7728627012849698,0.7424502193551435,0.5422998303711879,0.7518650579487887,0.3845673865783902,0.8789853843986194,0.331026171097652,0.5799972167731272,0.3692595400610219,0.44013690518326554,0.7740941036032666,0.31606504763458265,0.7394094757913293,0.3026948307117276,0.6298528355869102,0.769335027344731,0.5321664459093507,0.6090551913297949,0.48453408580939095,0.6545305950031659,0.7719001609371462,0.857298982142884,0.8023664809781388,0.8032297060003613,0.6976873599283748,0.5460337707264605,0.7132290014487092,0.701377480138952,0.8017926129263001,0.17422679310014694,0.6349287008241756,0.5556575564782983,0.6731324258983914,0.2351451823131404,0.33991219787522897,0.6692650638121858,0.3986059811002042,0.7702657990685534,0.47398732247883596,0.7755596696692677,0.30193960779389606,0.3567460213242804,0.5689280956620382,0.7023381650951708,0.4147942534110613,0.7902764415634709,0.20237213261058878,0.3299170133091383,0.5274275017498399,0.662414902623717,0.5439875673618825,0.8741918369442807,0.6919828074313312,0.35552570469720884,0.6416687610089497,0.1311122977468258,0.589341148865886,0.13428361370516656,0.6500037881295093,0.6385692912813334,0.23744020603096808,0.5150421455830473,0.5399334934602884,0.7799263770287609,0.6197367540228531,0.8505106820229169,0.6066038288045625,0.6638182281940378,0.7793273211984109,0.7989722551549359,0.5870733987210155,0.811459427122642,0.611988090709154,0.5098499157840999,0.6562490847284413,0.5418069903449513,0.8015698238035738,0.6560070072090433,0.7285415645782392,0.5841665386869995,0.5522539217849498,0.7157829527993744,0.20031313521171776,0.5788043268952574,0.621358941545983,0.7349861722379621,0.20072125413875222,0.23837909324418302,0.39586821190721394,0.8092398958257321,0.5340060234325428,0.292326610024681,0.7089054188671542,0.6271717629323739,0.8434640186838177,0.6356884435854154
ARKQ,0.6405459198884991,0.8371892409266727,0.7483117570123038,0.8856866338898336,1.0,0.8640986866515392,0.6879134573999985,0.6639163120582748,0.6870205558380069,0.8232651035069013,0.6969105427913664,0.6744490669786898,0.6383383461277233,0.5487797778686354,0.7901076379255862,0.22039029602901172,0.21001707858970484,0.1911314750919006,0.851278559872062,0.7151843812970232,0.7089081591577289,0.46492774037339635,0.6384962219734337,0.8345075471418965,0.5063569054529288,0.2128694659665932,0.43498618645503156,0.4690900465954434,0.6309379713308063,0.4936660161992741,0.7386004650418911,0.5869232454691998,0.367277001739579,0.6590741418652681,0.690826981967422,0.5192054792245987,0.6909768768151735,0.6865712464579468,0.8303611891128778,0.654225223295405,0.6377433039953686,0.6238625350927948,0.42648148131883207,0.5799366268765633,0.5155433804327693,0.44370837305720046,0.723690977222038,0.5182656085965441,0.5879543357403031,0.6143252376704265,0.6714831024218986,0.5371938812229232,0.48786282332685954,0.5832109993745048,0.5486894131528105,0.7874439934657443,0.6498393770191112,0.7645858854211658,0.6865463601906874,0.5989685977476575,0.6539033769695841,0.5230978676157095,0.34530979962872194,0.38213273843801854,0.2047840395833027,0.5235967703943972,0.09634134988385842,0.6885779826038348,0.8135048887228521,0.689676919541975,0.2413628322618024,0.6086747046854205,0.6379802104132143,0.8406159935301089,0.7355651712723134,0.5253874840668304,0.4721828679392925,0.2797550068484994,0.8120229144019712,0.6186445738063691,0.7629206838831725,0.6348774854863307,0.8427607025547368,0.7861070392312975,0.5617119996388831,0.7435839603593806,0.39840296316769286,0.9239286620641827,0.3762623433390765,0.6296800568563802,0.3494929336981929,0.4494204633404814,0.8230880310095468,0.36107330108215385,0.7270055308424362,0.39707518179126966,0.7342203895513605,0.8185093740207198,0.5470292004560912,0.6333544675907381,0.5895227868641019,0.6843239466212043,0.8273747963469089,0.8658668846061132,0.8450646907678829,0.8370393133997902,0.7423278046095139,0.5600615437116615,0.7430778677420113,0.7465089741883971,0.8354982958185593,0.17548595462651725,0.6916534763158042,0.592229718770062,0.6678740839916654,0.29020889201092315,0.39606613625137593,0.776350552271203,0.42308524490838945,0.8214053667116102,0.4903966506281622,0.8222884193531824,0.2809865443047006,0.33402922541502145,0.5983548662235122,0.7888852327220676,0.4732638797619903,0.8155408746564717,0.24220545601845056,0.38214441767065677,0.6330937195547635,0.6510815896530039,0.5591003652654345,0.887358262794626,0.7328691309801633,0.33455051655237916,0.7150373634128017,0.097375032806557,0.6450716018799805,0.10342272550986209,0.7059092511717541,0.6756223998084967,0.21122411180776723,0.5017560143326785,0.5594595615490622,0.8028086269104155,0.6610588940239707,0.8590340486867306,0.694124886431758,0.7328871262395932,0.8374408952854296,0.8427948961227175,0.6531278714825117,0.8361845987851937,0.6746167427746413,0.5041106971513646,0.7302836904985923,0.6152035630991955,0.6969127184923253,0.8052548187844281,0.6341827779675543,0.5893200710921668,0.6116174228718145,0.6719698158629737,0.2621780685060919,0.5995502825663392,0.7286348520194298,0.8095830013565711,0.20277722700727588,0.29006024741568176,0.37119214495272806,0.8089983522208226,0.6487221553473352,0.3381917936629273,0.6736345410731435,0.6964253196029067,0.8682228690697468,0.6905543839576243
ARKW,0.6289961715019954,0.9732185394805903,0.7643520958614075,0.9662394166014842,0.8640986866515392,1.0,0.6023833825197072,0.573951877007273,0.5987119296500929,0.7629291557454346,0.6196157954298722,0.6151016328759565,0.544050558685301,0.5595669214231227,0.8490438653118985,0.20992554834390448,0.20571191229390418,0.18292703444736064,0.7903640662961472,0.7653390132832346,0.6415571532113854,0.4073191548241581,0.5590980883429835,0.7904423720272773,0.4293862571062528,0.2057265266185084,0.40485251225250946,0.3935440515648813,0.5516210794206327,0.46331316892068086,0.6673432007695509,0.5048651987368425,0.34162582933927,0.6274415453151644,0.5837542338533779,0.4618378578995636,0.6142201906230714,0.6060732875486422,0.7924908778361555,0.5815828002824744,0.5828215569753903,0.5748405541134259,0.3697163460771398,0.5241071752273988,0.4709966273322112,0.3949189701644703,0.6547028353559401,0.47445049809877876,0.5326775892735112,0.5951443944586371,0.5707339276499752,0.4655083606875778,0.41807253005453493,0.4879170833561895,0.4613968208743331,0.881438344504841,0.5905086376178165,0.6961570553971393,0.6085405697009121,0.5150647592119364,0.5592248932469241,0.48778324141041124,0.269705114892001,0.3113803787342694,0.12842565270714174,0.42193468797486816,0.09089136158028918,0.6136317783863696,0.7751866328594229,0.6064958067106881,0.23407344511533754,0.5946616762478356,0.5613034721951562,0.8019229557393657,0.813469958094077,0.5409511145445522,0.45184308930807465,0.21499006211800917,0.7522029206470177,0.555005260142634,0.7114276350797053,0.6025600950223741,0.7799806014403968,0.7444647251319229,0.5175595719531492,0.749154560560889,0.38936482443080483,0.8586331545286738,0.33389867078371127,0.5539236384539705,0.3365278860613129,0.433545317547485,0.7862997062714718,0.3252811781051467,0.7250859787541175,0.2905237395230738,0.6068779802707543,0.732006231036636,0.5214223881072895,0.5836819168258618,0.4686692884395612,0.6429157605890325,0.7368586691825542,0.8423664906297854,0.8204779351539996,0.8191876978161499,0.7131376653859152,0.5139805744806885,0.6947352116326501,0.6875938270952092,0.7673935118453612,0.15508504629034092,0.6245407375390347,0.5337699656150878,0.663080854416102,0.2296934009182789,0.3268449789124545,0.6792936569575766,0.3968205141803129,0.7762271716770632,0.44603396579599014,0.782442357152973,0.27869803605084187,0.3231829132245405,0.5338936415795075,0.7067947176254534,0.3994396634529333,0.8155337428962512,0.21748301703675205,0.32151771026834514,0.5195176973540094,0.6523931194512979,0.5419594736211805,0.8500402215011899,0.6619746430847294,0.3203227149059798,0.6296490757871552,0.09874309124354576,0.581659686698594,0.09736736373095575,0.642280003355142,0.6244927643468432,0.20659626348923957,0.4938382736321233,0.5191416395124709,0.7715248344434392,0.5990112908854766,0.852286873237711,0.5878889100162845,0.6537985905314762,0.7780581207219625,0.801606610216717,0.5644584923567333,0.8351401876718562,0.607687575207921,0.4978917355655591,0.6454520054716412,0.5313493903374482,0.8294090757609767,0.6283486919335182,0.6471507431150388,0.5501565248274491,0.5295758880711534,0.7342732079270914,0.2018524343293974,0.5794639029415652,0.5990558508988643,0.7553945970202639,0.19400943644387839,0.21850977625034768,0.3477355219636378,0.8088197045045923,0.511772907287425,0.2949338185783084,0.6885185497968429,0.6202835181019023,0.8330783198016916,0.6468821350782387
AVDE,0.6789254023178621,0.6262548684623102,0.5686885198259832,0.6123952811599442,0.6879134573999985,0.6023833825197072,1.0,0.967231359475821,0.8078153266073002,0.8104920623551544,0.7210153099044945,0.853894221988974,0.8390592175946477,0.6091146010127269,0.6185251941326616,0.28497251824858394,0.2924415411007112,0.2399346172885952,0.7960783162273614,0.5503846303916743,0.7660826055305492,0.644796689908354,0.7529961594783177,0.7689632806133091,0.7376571766177132,0.2920072027421853,0.7090216329847391,0.6270113446326069,0.7831395132631191,0.8751763539282732,0.9441950053913251,0.9684797433826804,0.48667534763319104,0.64373393618076,0.7938371287148593,0.773324053628597,0.9847803455914701,0.7903834698041502,0.7844755608429662,0.8791981958813674,0.8878866080667417,0.9081919248910681,0.5816899429012005,0.8956502244615234,0.8274565883635391,0.5957912319117196,0.876365652663052,0.8515350840249534,0.9045098524811571,0.771243817082664,0.7079523068939496,0.9046200424282252,0.6568523779676719,0.6427519286492286,0.7404395473877202,0.61613821789859,0.9290002882459182,0.7665152554852078,0.9701300271306899,0.7938548820240434,0.977770830577559,0.6644956328089022,0.5375989276487734,0.568456369174267,0.3701337342452793,0.7838698041969697,0.17633705219113796,0.9852236951679573,0.7810641911977885,0.8756446512053859,0.3275870214648998,0.5940529312027848,0.6308314680338223,0.6953919526293821,0.5464136692782948,0.5762473703737107,0.6205605165471669,0.4546470523096398,0.707305532084523,0.7171402915435982,0.6741284572446065,0.6493743121579318,0.7735841329132417,0.7803599807315657,0.5881363507647677,0.7223393594288604,0.5344720964056823,0.760399522446536,0.45497895837822727,0.6491328915984577,0.42457053419845436,0.537373308478628,0.765406425115269,0.4380780929732325,0.7346682517510071,0.4859245807080733,0.7443013279728015,0.6242761087741571,0.5889077037963769,0.6952358708207951,0.7989083512402703,0.7447578685390248,0.650633966222227,0.765833250406931,0.7095327594910203,0.6815064323114908,0.67138851396604,0.6467882972339201,0.799292449945356,0.7074508694978409,0.7691349914757595,0.23975912582949788,0.9684333086707235,0.8036511146015535,0.705902628616445,0.4372042950878902,0.5574452234533713,0.6545551642353591,0.5326689572341415,0.7830386713016221,0.6747110625943215,0.7768149280837605,0.38598908866918313,0.4119514787587861,0.546072146393982,0.7133584597553491,0.6256782156748683,0.7065269492936967,0.29253453274087626,0.4096460804827125,0.5865256891838379,0.6863420128170976,0.6623841855380757,0.7555481845509637,0.7682304287312746,0.3991017606521587,0.9854732534997489,0.1822514019001912,0.9630815368021708,0.16299794595774514,0.7694364776527232,0.9362269867898524,0.30740874698093756,0.6223116697626225,0.835026565572411,0.8001133022774315,0.7749755920193463,0.7540645039517276,0.887491255672213,0.9518559622517547,0.8982531689012327,0.793570695352205,0.7775997335628179,0.7074966222798548,0.8032694849055757,0.6285429201586434,0.9707624745563268,0.9677949665774668,0.4919225622696278,0.6518257131081457,0.5341013269473502,0.6391852975864242,0.7917306130080237,0.6229250920040981,0.3847933242267262,0.6947794457685778,0.7532929770936307,0.6756902291021828,0.4213765736438257,0.42222050452804616,0.5222516234845304,0.6807210243024796,0.6879672574573067,0.39110700691098155,0.6089993216849389,0.7906885237550135,0.82097287144135,0.6991527488433236
AVDV,0.6465285498104849,0.5947873888603679,0.5397074615784865,0.5826943673866117,0.6639163120582748,0.573951877007273,0.967231359475821,1.0,0.78728006133888,0.7719303474769108,0.7086204354515944,0.8396321931064344,0.8303215709245979,0.5834808525881349,0.6003407949408244,0.26161255604951944,0.2728049231113825,0.22488259487292783,0.7673864434382371,0.5245243623851382,0.7148971317105225,0.6348227603042891,0.7113189724384029,0.7201187884165098,0.7307308049529084,0.2745258642523541,0.6864209354369311,0.629238296886804,0.7606322052381036,0.8165822989591542,0.8819618737248761,0.9277592234881614,0.4819069549683733,0.633267996660519,0.7750411084625458,0.7389701064724722,0.9315191109941644,0.765669057292207,0.7370726641610793,0.8482359202201214,0.8433937148871702,0.8445057178810306,0.5556535309410136,0.8339861535496847,0.7549353910875826,0.5829802346509441,0.8169346110502357,0.7952077196845356,0.829528623112441,0.7357079896072235,0.6897143723364703,0.8527921346056186,0.6363669404465793,0.6270570455621188,0.737962435583251,0.5782589866892962,0.8554352039426235,0.7423660413702584,0.9651894315190304,0.7769831518578678,0.9475932725843608,0.6070877610164638,0.5782665259525477,0.6119951910651289,0.4266481061299406,0.8024482995154595,0.16283698313406378,0.936320274183586,0.7320068716610777,0.8144179546799907,0.30613668829812896,0.5446639774823478,0.6211704483864554,0.6706544633277458,0.511201104797435,0.5286946470563496,0.5893204190298124,0.4826729817324042,0.6646095697558463,0.6666007270800909,0.6413832049782381,0.6139601835631328,0.7303846739894012,0.7273353407929459,0.5691364068094196,0.6900518149690112,0.494154972504406,0.7342985889549981,0.45914502890628567,0.6462323802701493,0.39496919914614614,0.5145638617931455,0.716976452228965,0.45199844731955713,0.6898896444164125,0.5191400747386533,0.7180716600981921,0.6174401385580738,0.5646513093621932,0.645096639706895,0.8110189497789986,0.7088563967121492,0.6351643975854226,0.723638251489268,0.6638824953875035,0.6394169096418145,0.6351433932754655,0.6274709046229294,0.7567690021926964,0.6792050540209557,0.7428242243047286,0.2416481431001479,0.9619347426464651,0.7948846297564978,0.6682309655335178,0.4763571351625602,0.6008601615527064,0.6168412249113057,0.5150925017542483,0.7357123145040496,0.6515177853219398,0.7276406432338921,0.3633917606601023,0.38373783075205337,0.5447201458965667,0.6725392821952062,0.616336315099691,0.6582051876205314,0.2862462835042338,0.4044169187104111,0.5990229197352746,0.6503489875612106,0.6093275511168736,0.7229934981554578,0.7419066059773936,0.36962249680030174,0.9445854170860608,0.17069771142057444,0.8988207220339635,0.14735606656064748,0.7148975294338177,0.8772882306913409,0.2901117629047838,0.5949067001164106,0.8162939625022279,0.7606277460555975,0.7424251634611451,0.7131315063703151,0.8753359887763634,0.9121094413445783,0.8530709955695589,0.7486467834461596,0.7366838445401452,0.661029278928594,0.7812041821061407,0.5955410513280045,0.9332462206826085,0.9340587528099862,0.4645996716574703,0.6410814192628846,0.5026724570729663,0.6008729375242717,0.7696293696518919,0.5847632880845772,0.41640749822008016,0.6527055094402662,0.7164800612695886,0.6323997723820879,0.3724634762355808,0.40340884013919814,0.4621222710776884,0.6379403910035263,0.7097299250228265,0.4295060328393642,0.5755733818939586,0.7650301445357687,0.779829950692807,0.6624212058062802
AVEM,0.5677487684136099,0.5965030671268415,0.5464604076365415,0.6065988538492512,0.6870205558380069,0.5987119296500929,0.8078153266073002,0.78728006133888,1.0,0.7031264498727999,0.5774427281410207,0.6810866349562388,0.7052051072484461,0.5161929152666531,0.612200144765813,0.2250385256555593,0.23061547773646018,0.19885374171370707,0.7524532290408966,0.5053177753665233,0.6102088647397336,0.4399216287229376,0.5651624284240704,0.6992539513897799,0.8064847287130891,0.23159969202155667,0.6574581980004519,0.5977620042729678,0.93920778646929,0.6261411057816311,0.8113485207457706,0.7479534349856066,0.4583978177492799,0.5942135807754514,0.9369340798859707,0.6513796255309388,0.8061444103501272,0.9844939395742834,0.6978710744762072,0.7477652572252428,0.7071818025805717,0.7122769528183213,0.6966230948749773,0.6857490733720523,0.6070005366569128,0.5861876483249268,0.7999302453481021,0.6426194845443705,0.7065114959590402,0.7115908169267586,0.8544395457638422,0.6848098192523258,0.6070351515444417,0.836653054161527,0.7596722170425979,0.5781055801399733,0.7590637575459651,0.6403436074796441,0.8177924276602352,0.9219172107241285,0.8224438091538326,0.43844032742304,0.5034612496524928,0.5325508775840994,0.36259972723821543,0.6622057907552827,0.14018126533872288,0.7887141086355884,0.6806557236661476,0.7328487959214662,0.27936551746054306,0.5178568868963207,0.6420000968969108,0.7391985722917143,0.5103102127386496,0.41223028137921913,0.6157434653526158,0.317008357496615,0.75336437057812,0.5447775058733872,0.6553019306413677,0.5644673606999923,0.7179489506506305,0.6798685510226392,0.42026706894995625,0.5825856234813633,0.2890938544061293,0.7381884941227119,0.436049380107733,0.7159162614444223,0.3418446286507517,0.7407207591085487,0.6918689453684103,0.3164924723603605,0.5952075855778762,0.3932360783609635,0.6261596051410026,0.6474304232729929,0.4758142189500057,0.5241031459843636,0.7728240812941888,0.5623340323150877,0.6839739060804692,0.7305407208714426,0.7060894559320616,0.7179147058542462,0.6452119202514306,0.5018330140423475,0.6366475286583173,0.6182793104112455,0.6865568785973122,0.15751926472990704,0.7813161992506048,0.7356532404727456,0.5862719642077586,0.4399625138319879,0.5293381372203818,0.7267129697211826,0.5506295128813947,0.6940799761975333,0.452045753784882,0.6877620090823231,0.30025544510699026,0.33035573838739385,0.5881559601600757,0.7065279826801462,0.6570313101654616,0.6475829400780846,0.28363426518674534,0.43515952410572495,0.5847575281744346,0.5660074847476626,0.47475043313464665,0.6984142090796138,0.6131260700043719,0.3227621919000734,0.8477180332606715,0.13239137806703605,0.7604341504746233,0.12335426164697924,0.6076986640657502,0.7501110481246912,0.24196479617348812,0.43714125617170757,0.7163643873646629,0.6678854472803993,0.5792329741816092,0.6898898844575956,0.8630913084211094,0.9149245678354345,0.8154961298612529,0.7035408931724844,0.5970955197565398,0.6723866229303894,0.9631055390212337,0.5196845206958778,0.9107176269175692,0.8083846114874581,0.4470529944310455,0.550842027934794,0.49641538994279094,0.516940579361965,0.628332224628479,0.5155484710641955,0.2601529779613557,0.48043518002373253,0.6125793317202101,0.7052800654935103,0.21870771597106065,0.2719876365630904,0.33216352459391385,0.5945614376091223,0.6356939773291476,0.2881805923160663,0.5055648950405457,0.9810405507764743,0.7943122029427657,0.6090272986699654
AVUS,0.7385858195204508,0.768217553530028,0.6755284854346948,0.7676875936463814,0.8232651035069013,0.7629291557454346,0.8104920623551544,0.7719303474769108,0.7031264498727999,1.0,0.8842400682336099,0.8179147869939587,0.7115908872702889,0.6704376683633213,0.7310508944228566,0.22691893539759844,0.20616617446913904,0.17237085971678287,0.8515966051579239,0.7282895422237661,0.92826610035345,0.7095015497579604,0.8872221265392151,0.9563263896141845,0.5855667039464029,0.2066493789781651,0.48776583912946464,0.5286514889730345,0.6486787303452188,0.6295142647127123,0.8185359562010337,0.7473020003422126,0.4173204498828476,0.6958929683157741,0.7165868521158867,0.6238092923442002,0.8108174497518676,0.6890046302540088,0.9769755214088706,0.7765097860370156,0.7292632739961418,0.7302015590940759,0.4556689585297567,0.708417029233163,0.6385791946015489,0.5115744483438806,0.7932281320783132,0.6507529635287689,0.7155557954536224,0.6706256450124326,0.685360958634242,0.6963135131667431,0.5598176040582086,0.5661799168485896,0.573705730921722,0.8161387240460243,0.7685595167964122,0.9205883583871447,0.7906431179511512,0.65623756916899,0.7888766462824318,0.7990571003915435,0.33381538453533843,0.36963745620689803,0.15087521171854715,0.6881915084302396,0.07153363712505255,0.8226810066622597,0.9795702909105394,0.8335576984335623,0.2640509833181666,0.6799940072065095,0.5991842917657658,0.7973182967799808,0.7462758957567702,0.6783246470879402,0.5716886852958183,0.4823053443603172,0.8576675758180391,0.8724247917659298,0.839660055301842,0.727622001771899,0.9562085860882912,0.963145601391281,0.7473509271090175,0.880676861353896,0.6565644933071031,0.8901652915849704,0.4436603476984575,0.5977403216600525,0.3799751732805326,0.41809740728538075,0.9616755676039175,0.5281978359473515,0.889766414129084,0.5594379684133542,0.8943785089220178,0.7032868628081093,0.6334588094881637,0.8246723993857915,0.6703079666572844,0.9173472194852806,0.7478293787717213,0.9112135747040959,0.9039961320499784,0.8567186290978067,0.8405138969162097,0.6947117141451652,0.9521561134431682,0.8579713302991453,0.9320925842932901,0.18381964405536869,0.7846226298709595,0.7159047088147662,0.7753295489095247,0.26366544143714793,0.38223168041718,0.7906207780959954,0.496722404767021,0.9768772712904674,0.758413362250908,0.9698794726760982,0.29727494318135056,0.36593241500186385,0.551059877828513,0.8796640276256504,0.5124411512948421,0.9087010619782689,0.2755033272839797,0.41075655851713827,0.5595964122614037,0.7514712647535853,0.8084623810253105,0.9229729269059955,0.9221982183030593,0.36843261464469357,0.8241076246675468,0.06808679818475247,0.7732924819915378,0.08796368900356497,0.9355015913006293,0.7979610943117872,0.20920939044107054,0.6811888570601285,0.6462997630534558,0.9597992746839932,0.9022003455744112,0.9306569381680578,0.7548975196031326,0.8041231446921986,0.9662957253626361,0.9851065629822735,0.9118381227164192,0.9084002124795395,0.6955597891916995,0.5824840502712594,0.8185073646500767,0.7672143113314026,0.6779049344477986,0.755855852275398,0.6291421477526904,0.7435166636123981,0.8229746340407962,0.7923777511475686,0.472096627832763,0.8409173492080301,0.8961896525560146,0.8641464933745601,0.45670955996758006,0.4479551306182941,0.6000039654322433,0.8633989925705575,0.6985677052272523,0.5164422590223199,0.7833117356579485,0.6972710407150854,0.904739631458811,0.8564952917685937
AVUV,0.6435021302245785,0.6345693601712936,0.6186851232429886,0.6480746029441353,0.6969105427913664,0.6196157954298722,0.7210153099044945,0.7086204354515944,0.5774427281410207,0.8842400682336099,1.0,0.7654420258240932,0.6060998070122793,0.5934443724398867,0.6264413584125533,0.1862890560693608,0.16369932304270524,0.12434400932242888,0.6884331776527257,0.5781105122306008,0.8136981416475735,0.7899356307625396,0.7836153598778436,0.7561459130205622,0.5330482435827961,0.16733137140474333,0.4195335471174904,0.4936566093317411,0.519859168540636,0.5495700294447106,0.6650698127601334,0.6916566167448487,0.35072611109462815,0.576656596863217,0.5779127447348756,0.5524894077203023,0.6973986989701797,0.5612348825071561,0.784383698222521,0.6970408810309835,0.6308242423418388,0.6207329636845379,0.4102622232413385,0.6230102568293258,0.5401124670716325,0.430139902445357,0.6454106099589627,0.5699704356707792,0.6253304993969899,0.5719729919156865,0.5467746892575919,0.6389118257594792,0.49967222978318393,0.43371713691687996,0.5041755636043443,0.6285145196124128,0.6517475717077779,0.9675758629817628,0.7085664309283388,0.570273945920756,0.7139873577023005,0.7091465477565034,0.2737538243853665,0.31224710502747993,0.11015742677402664,0.7036827013471403,0.04721852839582088,0.7168200940477841,0.7957439953328447,0.7182479905068512,0.21692269169831305,0.5869988858787112,0.5155342850451275,0.6683014154725085,0.5615467094449675,0.5651989842851786,0.46621082264600483,0.5686729110502068,0.6189935196034271,0.7353509775143968,0.6273420617365782,0.7129079504596303,0.7801520697819737,0.7981337815016349,0.8731932570768174,0.8347292846081198,0.6745074767657065,0.8041885405005408,0.4091716281328563,0.5381389574802635,0.32098237836302784,0.35586504125562746,0.7453668674365175,0.5753479613188915,0.7965359867026308,0.6633933901189233,0.8722927307240929,0.6601313146256181,0.6013190751713822,0.7895028712070032,0.63097967521636,0.8926418888732746,0.6670827428315105,0.7821632762977947,0.6645848216527964,0.657492688852468,0.6271014831264967,0.7141859554743505,0.8875213850185759,0.8113663580210969,0.9316383314832246,0.1643656639644438,0.6940484377737578,0.7196427139803439,0.6808485941298996,0.20309625669188128,0.32691644232411804,0.5958435156073065,0.4005593964485292,0.7817187652807661,0.8109755495826809,0.7691992320657629,0.2445345341009738,0.30733744615165065,0.5055123004576177,0.7079285610870135,0.422939046240325,0.6696976113138761,0.24546397155327543,0.34639807856131644,0.4623406396387583,0.6589804626120593,0.6708167524256757,0.844521862899383,0.96702617119967,0.31171406640346583,0.7098094499621888,0.03940113175266715,0.6692915756164127,0.06656162181044624,0.8005788305091085,0.679015080037973,0.16987394599192895,0.6614347843935816,0.6011185974946074,0.8713153889078862,0.8889073898692161,0.783002493295138,0.6341137676842696,0.674773049288992,0.8032906739599505,0.8117705620016897,0.8526381494586756,0.6659887224223977,0.581412155896784,0.49986917124600627,0.7000718257066256,0.7067281866180135,0.5761471971703178,0.6887469551679936,0.556446137356617,0.7626993891422776,0.7922096022306009,0.6204891051148173,0.5702661186987564,0.7979282221366434,0.8262994415389825,0.6244638991704585,0.3990727453448192,0.38952016368787756,0.4975240822573783,0.7210593175172892,0.7074408705968662,0.6246067101347506,0.8154205984042473,0.5644379328870458,0.7418971905255785,0.67729481474179
BBCA,0.6369197130271833,0.6443963593988711,0.5557473562135536,0.6169483082378608,0.6744490669786898,0.6151016328759565,0.853894221988974,0.8396321931064344,0.6810866349562388,0.8179147869939587,0.7654420258240932,1.0,0.6698693294222139,0.5766925423009647,0.613482298543608,0.24612052441490004,0.24984454607216716,0.21587252046756178,0.7110528591429423,0.5834320441022167,0.7747411865629343,0.7103903632620495,0.7883509326030855,0.7525145502395949,0.6612496156446569,0.25313034761151937,0.5847731268984231,0.5769553858084119,0.6367776278603487,0.7231887319515391,0.7747326158542551,0.8056994723075813,0.4279709248616609,0.5863468553074948,0.6664512119075804,0.6478573542209818,0.8135734321586362,0.6636562827760415,0.7797145490922782,0.8423411649950576,0.7391211240299184,0.7210385165728559,0.4962470425187149,0.7182468261299481,0.6755855806181781,0.5333978894410983,0.7165025820109431,0.6828333129426216,0.7103066624065167,0.6929342186730303,0.5983694790486764,0.7882618719165231,0.5988711774763092,0.5099315411785496,0.6664528539949279,0.6271921000134264,0.7393262464607349,0.7853001595942217,0.8293023959511288,0.6912596102111521,0.8269420116043316,0.694842520196291,0.5621249042005665,0.588426231458584,0.37793988982262233,0.8232595368082999,0.1418458424778702,0.8423961605150264,0.7798163086876834,0.7377067382211797,0.28824908022571866,0.560180329532808,0.5917820926409446,0.6621162889695799,0.5815573385684909,0.5811384653748775,0.5256881318711137,0.5784235064060727,0.6439190218097398,0.7365248995011897,0.6486640670440831,0.5988628416406307,0.7620468130859847,0.7761306454133167,0.6296747274804717,0.7371716753034977,0.5790995710455349,0.7479485633271579,0.43603661417895745,0.5901133894580944,0.37357506269784035,0.4548430069145448,0.7542582654778666,0.5629626889704075,0.738342386887562,0.5794478320246929,0.7451852375301786,0.6193361666394684,0.5788215212092614,0.6947555292776318,0.7634009901700661,0.7731450777360084,0.6289637217930311,0.748551880601793,0.6726419400538809,0.6391588183958368,0.643570029223814,0.6623015555384825,0.8146714100026081,0.7274519812289246,0.7756817268352529,0.2583038632692414,0.8084342961162231,0.7723917873848947,0.6623860496556129,0.4426453380421774,0.5763676050609061,0.5775277276304798,0.45361339083546326,0.7768039985028882,0.7326674594474396,0.7674431230318352,0.32736977554923036,0.35985747879620966,0.5231162236557642,0.6914780944169766,0.535895980448252,0.6903546599365845,0.2518950998069236,0.36030362476124433,0.6161867385794705,0.6457694826542658,0.7062694193906663,0.7563047886942952,0.7937427008815348,0.35190908942756977,0.8377216911022479,0.14936583845059265,0.7865231920738386,0.13371471589236908,0.7768212471885227,0.8245191786118602,0.2673877786203713,0.6546584950007973,0.728930122385516,0.8188684742447354,0.8078058378030513,0.7589120485863318,0.7304314982480271,0.7977011655842254,0.8409603449555589,0.7902543769234248,0.8039647170934777,0.685006173388128,0.6900194958575311,0.554243200451677,0.8269946132883262,0.8447403101104979,0.5378963534582403,0.6639029129326199,0.5098073414179628,0.6021714975034433,0.7925222164664377,0.6215378468593985,0.524764241939963,0.7297533392719259,0.7512132662111892,0.6348326956729792,0.4393907926226638,0.48653299345958845,0.5223266335357877,0.6677427331260107,0.7388861309534313,0.5375253059046442,0.6268442289112426,0.6590799472177318,0.7618439807142329,0.6964308699264491
BBJP,0.5844795960978945,0.553141857510845,0.517887431556932,0.5631176174808986,0.6383383461277233,0.544050558685301,0.8390592175946477,0.8303215709245979,0.7052051072484461,0.7115908872702889,0.6060998070122793,0.6698693294222139,1.0,0.49043536971691876,0.5518859685214693,0.2633755637010281,0.26637349077730516,0.22869762121177675,0.774652414000036,0.5120853847147149,0.6592962713141826,0.4760399445372978,0.6182228818777032,0.6961976873707632,0.5717701363766748,0.2658704017816313,0.5529910271332937,0.49940470072130533,0.6831409069773862,0.7274923059280453,0.837478312997293,0.8001691437267162,0.4139286417004414,0.554570931099635,0.7283642618221849,0.5842248091167461,0.8486777431412853,0.6889165389549122,0.7034663958167392,0.7181027338580468,0.6797259714597726,0.6892479559762527,0.4396685583269771,0.6697514137223818,0.620170022714566,0.4987306903927502,0.7196465926820298,0.6289629140072279,0.6694274989303515,0.6446790490087945,0.6683694114709258,0.6595816008473658,0.5290192885836945,0.6197612170879367,0.5787785941310372,0.5627462996684784,0.7153112196155181,0.6535993111414228,0.8433519722280186,0.6438655317364645,0.849565816310105,0.5323860847144835,0.41923024770804834,0.4450673612725589,0.303234107316198,0.586227762375915,0.16767326822376818,0.8336901601351374,0.6987849022993274,0.7948945367988426,0.2676883152883693,0.5120506328610666,0.5110028536611467,0.6325241585906459,0.5072706366911454,0.47573940522909647,0.5397385813413393,0.3162526893339288,0.6890704478845605,0.6085228404021978,0.6420392140353087,0.5415489173427807,0.7078394393841271,0.6904711865528165,0.48787154683877465,0.6189947080590917,0.39635959035431584,0.6766689427462773,0.37296221312468203,0.5488496057483188,0.37642022577464546,0.3993533484995639,0.6948337284466062,0.319109675178072,0.6188637284854944,0.38334424689901103,0.6529807769550751,0.5441285806232009,0.49542773347263264,0.5747333009305027,0.6491370049723224,0.6196502555159641,0.5752788539702919,0.6681182538347251,0.6753384985909507,0.6579913143875792,0.6309857659880783,0.5082362168576632,0.6658941680743603,0.6235005769033001,0.677666466337381,0.19251808760229414,0.8383143124661865,0.6033271582529232,0.6039471730066414,0.343583774001391,0.4408648197674737,0.6449893457569909,0.46983900166603093,0.7041543034771547,0.5016437429875203,0.6990281134938156,0.32899260937187097,0.3657385840982106,0.4391048488845101,0.6587375484066913,0.5306770742535687,0.6541710366345513,0.22904343240294153,0.3701751499357196,0.5210169815658519,0.5808877887226154,0.5434885860520119,0.6741781711467686,0.639506124652511,0.35829983597035714,0.8555297863996193,0.17021990764782388,0.729693620266741,0.16176180633999065,0.6584611038450533,0.8181581562355618,0.2753113513373785,0.48045612262668047,0.6818030195390176,0.6776419399877956,0.6217621298817965,0.6730828299405934,0.9337532186571627,0.8332382400523224,0.7904145918443013,0.7091942996519978,0.6446577324019558,0.6591707201920716,0.670861555487413,0.5208778455248015,0.8358921420647422,0.791020935390508,0.4370872464336735,0.5863476295439917,0.4760760770330292,0.5587258147399384,0.6278705692052977,0.5522130686561403,0.276236988504783,0.5597078245435199,0.6519045836988085,0.6579962387672897,0.2988457812967657,0.3076763661799904,0.419069080938211,0.6080856638280823,0.569970187240764,0.29527475670559006,0.5068926947162261,0.6905930840263896,0.7333579716480281,0.6188272528182366
BKLN,0.667644780041527,0.5674710773927766,0.4627461110602926,0.5418929620224161,0.5487797778686354,0.5595669214231227,0.6091146010127269,0.5834808525881349,0.5161929152666531,0.6704376683633213,0.5934443724398867,0.5766925423009647,0.49043536971691876,1.0,0.5114971576710989,0.22179915781325144,0.19374090447600062,0.14303178005098147,0.5951093251315158,0.5235134274536046,0.6138255997255208,0.5125079191630253,0.5889680177926047,0.6395090986789334,0.4477825632382085,0.19575775969540898,0.4106436692410506,0.4121100356553805,0.48033284592675113,0.501138317344153,0.5956749874451468,0.5751069065225468,0.3355910750343608,0.5065964979149428,0.4994662055771025,0.4943786573212107,0.6065089658705966,0.5153057054922336,0.6585405627417895,0.5682036719740587,0.5514666020199391,0.5742303389139553,0.3343565082851775,0.5759986844738091,0.49018286566254876,0.3915777462160948,0.5815287580218902,0.5133991961978743,0.5583548774765086,0.5479482710527892,0.4781368418623433,0.5380078215133941,0.40168276232356476,0.3824100516170086,0.40409509074380323,0.5815442549149255,0.5874211740966815,0.6158457576807793,0.6016727622353509,0.4819529828735634,0.5902225614353994,0.542220079650072,0.2315808650144368,0.26484530088708874,0.11052981731317797,0.49527515079228873,0.09094568742580365,0.6214975118707691,0.6561564559980216,0.6062765770094963,0.39694504178824663,0.47247488649829256,0.4205412836999422,0.5738956700874727,0.5375150679532252,0.4847669619569129,0.43753823443534307,0.37968284839008626,0.5687321447083068,0.5944703412441374,0.5859213764151756,0.5274556678010119,0.6330099546994385,0.6450558592736271,0.5052275926939451,0.6231151243504881,0.47640332375121647,0.5992943113771022,0.3620464401520321,0.42614061168354883,0.3476190220470711,0.37067317917470455,0.6444134553149982,0.44082362699769373,0.6299142767945245,0.3884809508405843,0.5605854447196411,0.46875535279147723,0.5544696321836624,0.5531520401365928,0.4576229524105856,0.6346862246297746,0.5020437182826502,0.6410219945538966,0.6008041932453786,0.5818002763837777,0.599788760158122,0.5381371633195505,0.6552891149939597,0.5967309069030928,0.6199712508480835,0.17492983723361058,0.5975830138769804,0.5513071859609582,0.7117949084595611,0.15115224645886588,0.2624333144231833,0.5051171474667863,0.36233875770632035,0.6579425777390218,0.5341323221149294,0.6484418340601179,0.27555205342692124,0.3355716416254564,0.37088070297192727,0.5706378465652889,0.3976892860396812,0.6195012587444454,0.22269416168592845,0.3119033058656691,0.3776099210963334,0.6979379449079703,0.5478311452577538,0.6248316779174421,0.6249825005917475,0.3336252527159623,0.6088188828489731,0.06905747358384526,0.5987790460855915,0.11085654636981761,0.6223011001366606,0.5934499665228667,0.19128707408054088,0.49891415279631146,0.5006246054176868,0.6628351051942687,0.6221078001755062,0.6423012658392944,0.5268130350304402,0.6002250650813448,0.6743115695671545,0.6668417568434452,0.6049193865907426,0.6218096814836949,0.5378019985397415,0.5052677316490632,0.6107025073745129,0.5875155660741627,0.5165040845806269,0.5107662795716762,0.44638858452747765,0.49001783687925826,0.5592459338345025,0.5551017047778798,0.3603016610311283,0.6008233302872853,0.5808142113637309,0.5656406544342458,0.3201240467841775,0.29261996447132566,0.39240704511489083,0.5995164029863324,0.4572578911484697,0.3903046991314131,0.532016506275809,0.5240402558586994,0.6284508681176363,0.6167846419138948
BLOK,0.550035996819612,0.8339766218133023,0.672720485852158,0.8186629069665764,0.7901076379255862,0.8490438653118985,0.6185251941326616,0.6003407949408244,0.612200144765813,0.7310508944228566,0.6264413584125533,0.613482298543608,0.5518859685214693,0.5114971576710989,1.0,0.16579179699480495,0.1581336006859871,0.15769620749220345,0.7439486328986027,0.6284667052436302,0.635264183483425,0.4108974702099258,0.5697184605293694,0.7350571427324798,0.45218474440329876,0.159477029076404,0.4037099330052566,0.39973105533399994,0.5640423326879043,0.45606911874859546,0.660496357954862,0.530644243440852,0.3540853385083604,0.5974842028527725,0.6227066895130274,0.47642710534672816,0.6218405517981612,0.6120486651524805,0.7359484487127641,0.595502924598626,0.5725655015028361,0.5716438973643877,0.36894076583492236,0.5324252953847436,0.4674104325729512,0.405736271739856,0.6426106992419975,0.4859279507675965,0.5404089753295531,0.5459715510997539,0.5916967419826787,0.48744917968166374,0.43040426820147515,0.5355984993629026,0.4665590863931316,0.7211475425128735,0.5920207359700526,0.6807643589598587,0.6163103144471596,0.5344968259268599,0.5877898006208736,0.45529144791005893,0.3183662902971306,0.3628481462615183,0.18233214444152102,0.46857260255214844,0.05162194263178863,0.6217654754040898,0.7236764663953157,0.6073832697893873,0.2001321937739791,0.5421071213635116,0.538821666846258,0.7840832294428257,0.6664408661216593,0.4651855368047257,0.4432857198649482,0.2462993039118084,0.7161915861479794,0.5466472012088417,0.6651713160754673,0.5952025332805537,0.7414820003121985,0.6877619775228478,0.5201019792474124,0.7255110512005687,0.3689857834789418,0.8428306531018851,0.3560192868719617,0.5410018664095192,0.28208320395488967,0.38993386131702357,0.730643938763495,0.3386407225683702,0.6397822267058948,0.33568143787311466,0.632732611135175,0.7013192868267962,0.46516959825219734,0.5387052403595599,0.5254003431794139,0.6211139455019336,0.6959451084248605,0.7596089467457858,0.7433298359063376,0.7298899604980067,0.6628028711373968,0.4829613132849622,0.6548764278635829,0.6633294733630236,0.7468525610242436,0.12254774984654145,0.6224427820851929,0.5276723906978962,0.587495173012592,0.27578144377286473,0.37770266315950096,0.6659540466364441,0.3907068918477294,0.7267736423328589,0.44273226311386055,0.7291820694936358,0.22476573345528766,0.2643597201080957,0.5029014378518772,0.6873009853260812,0.3944755108967577,0.7287630620590281,0.2187177690800716,0.34872465013366,0.5526017335732006,0.573651132886252,0.49182911834523374,0.7882161114019208,0.6496912292774961,0.26929962803589136,0.642879378560332,0.05979089449001025,0.5871525627055093,0.058073214436338,0.6211183140675893,0.608530187698528,0.15968056051476445,0.4514323957945816,0.5179634702746849,0.7169287106399036,0.5869040268662328,0.7681889446161925,0.6142808553041054,0.657774467989984,0.7450852420596966,0.7484438602186357,0.5755706896037288,0.7455543572820722,0.6008011101125977,0.44089155505194083,0.6556204938943253,0.5571784390492917,0.6251374891401789,0.6323168139104668,0.5792705571441108,0.5188058476040243,0.5345735295690719,0.6178400083288345,0.22992475843876156,0.5658254931824164,0.6127180627336059,0.7091127974609363,0.18754987230291614,0.23935451577027353,0.32374074367337435,0.7000659205457038,0.5729501693630394,0.30514719561406,0.6057678265941082,0.6217306254588328,0.761422616262335,0.6184882388857821
BLV,0.596088234412351,0.22719897604382486,0.29381357715351875,0.24654983245470616,0.22039029602901172,0.20992554834390448,0.28497251824858394,0.26161255604951944,0.2250385256555593,0.22691893539759844,0.1862890560693608,0.24612052441490004,0.2633755637010281,0.22179915781325144,0.16579179699480495,1.0,0.9498221443657899,0.7725795951532182,0.2498397261795163,0.19723589153577148,0.24071561292995688,0.27493493499907995,0.21836357338614143,0.24779585557913167,0.21188411142615837,0.9421995967851581,0.5590213414782041,0.21590844140244297,0.2493756179726078,0.37576553686071973,0.31610304640232095,0.2560787522396054,0.174246935208955,0.21339035464640158,0.22856915314455128,0.2227444682231004,0.3017570847541479,0.2225596576882963,0.250121622480692,0.306936949550421,0.2615979574722496,0.2665346912536488,0.1523829979206997,0.22513238409649375,0.3453703970914294,0.2227912264619358,0.2362348144394092,0.2577700089141049,0.2585756347206116,0.25041619674814325,0.2005365647989204,0.24883230161955566,0.24160394724931866,0.20792255840914517,0.2724991333706213,0.2196418903728421,0.2575081072288795,0.26258156321326814,0.32639435355106966,0.20441369357605166,0.26797479384628925,0.26779616895556746,0.2558525579037456,0.25526549524822156,0.23092286939051157,0.13188334364507492,0.8922242253073199,0.29851483562608966,0.24874614903093595,0.1615298272993509,0.6554809203551376,0.29746842344986385,0.28840950792246006,0.2280428293771046,0.20597333666448622,0.2666312658617298,0.15762688213118972,-0.033667847465860275,0.19757691294324006,0.24756989720019654,0.18651949404810472,0.18564122399360272,0.2270248250808967,0.270534929805396,0.12801465725264727,0.22979373683647816,0.10461641134763647,0.2591798321304218,0.0927976303924515,0.17170667419087776,0.955374686276234,0.1291237367590326,0.2296956369172691,0.049355078893573566,0.31309980955547695,-0.0385374820106897,0.2160642439851908,0.2288250141867737,0.496990626896062,0.32863568896227047,0.1747491317531725,0.22369855471185107,0.23494922077365682,0.26553347531314,0.2190428368677726,0.20691267827691295,0.17155794719445178,0.393209811862449,0.2861483943977872,0.18899061520290958,0.2644303132276288,0.7781394922704835,0.3233166472182673,0.2973889433171973,0.5287974694668853,0.16067803847152792,0.22679771511123617,0.15191550134005088,0.12393187976708246,0.24270257928694533,0.28410760117066336,0.24589618037925995,0.7704223851990466,0.9497553063913534,0.2496071027559793,0.2109868545632399,0.24638743738030092,0.22193666129735765,0.028709710347779735,0.08010463519901555,0.09470028644794834,0.556998290286405,0.28978871976913667,0.2823854973034331,0.25415544385141686,0.9662697809079956,0.30236104660185875,0.8511262870427689,0.2876310626397104,0.9727144884350233,0.2689625189283476,0.3345499768978653,0.875056308247296,0.4123303544522612,0.38242217877453805,0.28286889665507686,0.2709999445262825,0.265805347412473,0.2856044891017302,0.2972784849632323,0.27482769923294686,0.24997397747207686,0.23381237148625075,0.22461642288002226,0.21485791519527356,0.7296144061748454,0.2883481414014551,0.26600926108090367,0.22714840619240123,0.19368521855781368,0.262516684482633,0.39357921266287427,0.2530245062518517,0.21769931740831583,-0.048217771547682135,0.1509585338037825,0.2084934633865517,0.18657927976432448,0.23281245872886028,0.3273243551482713,0.24986400833149935,0.2551297142489672,0.14591478098531793,-0.040446540047122885,0.24112593561178222,0.22281225602575827,0.2897596337864496,0.16515983423406566
BND,0.6107539728726037,0.2219608140821606,0.2910186520570568,0.24010747362349305,0.21001707858970484,0.20571191229390418,0.2924415411007112,0.2728049231113825,0.23061547773646018,0.20616617446913904,0.16369932304270524,0.24984454607216716,0.26637349077730516,0.19374090447600062,0.1581336006859871,0.9498221443657899,1.0,0.8227827149552737,0.23861666236200435,0.1834565456776586,0.2221688263499767,0.2709499737703155,0.19467714781758205,0.23189646184613144,0.21637648593998174,0.9872206640404181,0.6026231658020063,0.22204525696945926,0.2691851667050164,0.4076632748495635,0.3214567247012795,0.25907106197993385,0.18665132460831346,0.20634930993072595,0.23551717711965858,0.2189361149787949,0.3068545229551688,0.2288018847031937,0.23334058419385725,0.317543629036394,0.2722337984794268,0.2693545673144039,0.15041871593268144,0.226046924697717,0.36596164208753423,0.24220556145105962,0.23634137988996315,0.24965200307637714,0.261060027012797,0.25120431450976727,0.19635546183062244,0.2572542407157646,0.2373137109098445,0.2183216131790983,0.29779759510241727,0.2127396077191883,0.25588280037084604,0.24443667338453787,0.3392564678281785,0.2073474704661538,0.27275195715867256,0.2576461886661089,0.30529276754732626,0.3034669818705438,0.29398515878123976,0.1292119537430759,0.9370229062725703,0.3019661721818777,0.23139069576779067,0.1268790417189515,0.6636353146683537,0.29339032976167617,0.3020416432695762,0.21881635961822904,0.19578621505700364,0.2592185116528491,0.1628322456310615,-0.047718760220544734,0.18575728194343152,0.23045582331029388,0.1775223129960496,0.15051219429540388,0.20946025759438516,0.25432526561202584,0.09660777257041109,0.20677788230754807,0.07627343332078593,0.24567908317816237,0.10127478045472597,0.16756898040954152,0.944365206690343,0.1304705645356046,0.2138666791523192,0.05263918231932744,0.30238581335111675,-0.05512881987816248,0.19342878669502203,0.22357518291917963,0.4710356532837249,0.31848951011210214,0.1750184831632174,0.20314769868507487,0.22811378878484448,0.2535988041024191,0.20768953027524592,0.19270221880293037,0.14929472160649512,0.39364894477460194,0.26865419866931667,0.16128850447233023,0.24701988817578638,0.8284005580802914,0.33709865497044134,0.29783394860591855,0.5383046468792354,0.20158210915355013,0.2665860231926547,0.13429480682499748,0.13461218788673587,0.22496529314864147,0.2717243279529798,0.23037570523196033,0.8855815561226835,0.947571441131834,0.25347418981541797,0.19604004784832935,0.25625486004885206,0.2096981252023945,0.033343927311028684,0.08562698491658484,0.11442036200643366,0.5711485733862999,0.2862622972071291,0.2663566935675673,0.2309563715161815,0.9153058737205495,0.3089089484486157,0.9568133078539094,0.29223892467965756,0.9352400391519862,0.2527403552740399,0.34536892028335925,0.9603501557316623,0.41098329498899544,0.39466671834678,0.26672466519172555,0.2537436271359447,0.2521278038046119,0.29543435856264616,0.3042008621301765,0.26607166231576923,0.23193776629431145,0.21608466782323388,0.21237090529266575,0.218904349754717,0.7391355002994603,0.29439983780087764,0.272141166937086,0.21736759441388256,0.19079961181376912,0.26454047685251453,0.39154579207964263,0.2378669165395225,0.2131875883249284,-0.06622942338848803,0.12136504343578054,0.1929370366605135,0.17322505970850516,0.23738257038782232,0.33167186960857487,0.24413754083762637,0.24118070932173677,0.14760606180878255,-0.06248993992686212,0.2333779425090712,0.2278032972293971,0.28290661603573836,0.13906085175869784
BNDX,0.49584832551129493,0.19442381807704748,0.2425078082873871,0.20666610141517103,0.1911314750919006,0.18292703444736064,0.2399346172885952,0.22488259487292783,0.19885374171370707,0.17237085971678287,0.12434400932242888,0.21587252046756178,0.22869762121177675,0.14303178005098147,0.15769620749220345,0.7725795951532182,0.8227827149552737,1.0,0.1982434313428281,0.1600816587779396,0.19855297491236215,0.20809317409216002,0.16493043650906197,0.19994810015947245,0.16055335411714308,0.8103739542456242,0.4656272098715246,0.1903760216442314,0.23662182042056235,0.32702547764416495,0.28106526161935824,0.19350144593219257,0.1256418967183748,0.1936807694461986,0.21138520021206722,0.1554029176235787,0.2524079239654999,0.1964143682956543,0.2014847844672392,0.2610164461105539,0.22606113892993757,0.2112354358531973,0.11424356843341303,0.16910628513080198,0.3129535667487702,0.18943129382125487,0.19384763901048624,0.18269341463483896,0.19543289013012952,0.16294738168688802,0.16904041947767062,0.21954777068392162,0.19532849776461414,0.19312710462751953,0.26572336324696655,0.18821572694677413,0.19871859745521392,0.20435079268585224,0.2826794554257987,0.15833768513680624,0.20731486814652136,0.21599551036124567,0.29111147893227035,0.2891834178570209,0.2796762845772117,0.071717042907713,0.7782787875079604,0.2442304490073334,0.2023061035462886,0.12931242708108104,0.5694051167457698,0.24417582695302345,0.2630010686510203,0.20047324630674906,0.16260858427175648,0.2021144569440708,0.1681653669733136,-0.1102933441939032,0.16986963655779097,0.1984755878426651,0.1658493901944897,0.14924160492247188,0.1865308237202953,0.21400577727189593,0.06371788596358807,0.17406246316666713,0.05308517467902027,0.21980910248820829,0.07180156390917847,0.11206021432214482,0.7643611557652021,0.09216302607720615,0.18768285439705404,0.0013654088331361775,0.24663592577385138,-0.08416982218777595,0.1849580834734293,0.18094705241428893,0.36831778591693826,0.2666603325303907,0.14377492354925664,0.16561642413172262,0.18579766745723184,0.22050512392748042,0.18611701393862634,0.17020561614303673,0.13313706589712443,0.30918131725212156,0.2215906230517999,0.13171579847800435,0.20696824417903767,0.6774887766398361,0.2911518212341271,0.22127115210459009,0.437053249682901,0.20813743468188667,0.25564589278915506,0.12580145167005122,0.14060396791306265,0.19262563933293714,0.20864974648700324,0.2018887008243836,0.7317153876024783,0.7705493156681334,0.210909573364104,0.17404712499453437,0.20696067572187232,0.18740848785080844,0.024528088592280048,0.10224056142807983,0.10006060148077517,0.47132852617954873,0.24995030652409117,0.22223374570729695,0.18829211781507613,0.7335919714582005,0.25905194620396343,0.812115655416715,0.23806667913692603,0.7701419880021637,0.21587386791588067,0.295686618354484,0.7886008572647809,0.34686233010800066,0.3556626566771752,0.2255515274715977,0.2053130399361197,0.2224429670286869,0.25767726718078804,0.2663575022427575,0.22809545114501587,0.1980481231533052,0.18340729288941424,0.18911335207593405,0.1835045674767885,0.60446820803817,0.24633388232935982,0.2050402252472904,0.16537415076605086,0.21165550328853908,0.2237083768331436,0.3333822340918162,0.19183493636694762,0.19202521624899505,-0.11637832940470404,0.09778417745434487,0.19116606406265962,0.15711147303239176,0.19007977463753542,0.2980512470646039,0.19819314488186984,0.20894083744698128,0.13984881473493652,-0.12155325334519729,0.18347509593761144,0.19697534865045555,0.24027454294624292,0.11816012253804524
BOTZ,0.6763136317416593,0.7844251885628164,0.6902174786019065,0.7864849244300682,0.851278559872062,0.7903640662961472,0.7960783162273614,0.7673864434382371,0.7524532290408966,0.8515966051579239,0.6884331776527257,0.7110528591429423,0.774652414000036,0.5951093251315158,0.7439486328986027,0.2498397261795163,0.23861666236200435,0.1982434313428281,1.0,0.7293289734261313,0.7404376207630031,0.47680985705229906,0.6679197555066356,0.8781312583105869,0.5553029135692479,0.2386023120304618,0.5234462839066998,0.5034438132473408,0.7014488415984957,0.6116394818486557,0.8564955942425869,0.6979642552617588,0.4096797179995931,0.681220461721018,0.762720673646947,0.5960612163794461,0.809307381361415,0.7462333158313347,0.8696105398186768,0.7188888129074871,0.7337261045440187,0.7304254281655758,0.47452170730481197,0.6758746256244719,0.6225549993799514,0.49828317082311213,0.8181976597185369,0.6132495151634073,0.6971276652128215,0.6670915762052465,0.7445783809808231,0.6280918574541428,0.5393370669353977,0.642723455214328,0.588940026836287,0.8012627052358833,0.7595977429133378,0.7658060188906585,0.7973637994340305,0.6632383018641719,0.7648746519954747,0.5806768424326724,0.3727759254512056,0.4135584435859706,0.22791301918913906,0.5679633353765664,0.11709439988414568,0.8011325577953351,0.8577899495729826,0.7835374196072327,0.2980602396090421,0.6042718922903505,0.6261944101693898,0.8107405472616527,0.7539423102553799,0.5977216689864192,0.5480698836111078,0.2811169625953009,0.8718752862967198,0.667904641679927,0.7834071260061496,0.6424343930501732,0.873021372944079,0.8396235980722422,0.5455177146376323,0.7559687445698587,0.4161956499618559,0.872837742727032,0.38608835948953035,0.6359232243230141,0.3850902934970918,0.47514317967658454,0.8625646120423173,0.35412467352419136,0.7733052615468162,0.38601176247610475,0.7594794794620365,0.7278561127269535,0.569867685717368,0.6875669419874301,0.6446828576710809,0.7122324028861237,0.7539579867804699,0.8665800341137121,0.8767945920170562,0.8723035431438855,0.7815630106167069,0.5740701722388427,0.777473557764846,0.7375090838335073,0.8201021560104446,0.18110583140214795,0.8057112212164185,0.6263043724386869,0.7052203809419578,0.31213639881963545,0.42099973639866767,0.8305262076504006,0.4773130419640221,0.8622557672827609,0.5132456078626081,0.8622609771560181,0.31359199807315824,0.37113940245104915,0.5748778148699581,0.8234234378114004,0.5451984718587775,0.8553535138080322,0.2602426490029202,0.3816189195357357,0.6001981858680673,0.6855610582230122,0.6046074853820118,0.8660366132806537,0.7402782879491111,0.3680651695860502,0.8261102446518723,0.11958222663952454,0.754737181934611,0.1267859422753996,0.7507261301278584,0.789186359991394,0.2393988494343893,0.5306196151974902,0.6345454408355442,0.8259618345397612,0.6870041006155317,0.8761429160514205,0.8088857975475379,0.8353316806045111,0.8980782689982056,0.8745539753582603,0.6823955554881207,0.8745958494782637,0.7364842809491909,0.565627608971322,0.8307364762064089,0.7128930740183423,0.6939478475143842,0.7061612168256332,0.5953944350673958,0.638078702189894,0.68070193492919,0.7064735676846755,0.25532699486370514,0.6259635192073344,0.7463463239062476,0.8554892951391043,0.2442597694812835,0.28137483819951425,0.432424882473125,0.7744100377019523,0.6280096333273829,0.3199762837688082,0.6501874758157211,0.7604068780936758,0.9116923351794214,0.7350613297004079
CIBR,0.5669193489456951,0.7567348187491849,0.6172841079086943,0.7307097549873273,0.7151843812970232,0.7653390132832346,0.5503846303916743,0.5245243623851382,0.5053177753665233,0.7282895422237661,0.5781105122306008,0.5834320441022167,0.5120853847147149,0.5235134274536046,0.6284667052436302,0.19723589153577148,0.1834565456776586,0.1600816587779396,0.7293289734261313,1.0,0.6481315377663798,0.39656290935505345,0.579436234752407,0.7669611321583493,0.35813132796332464,0.1809406443939623,0.3288475964436083,0.33640254969495603,0.46856190267143705,0.43820959362431694,0.6171367423701227,0.4578704249020559,0.2892715648641859,0.5826921555110862,0.5106097422255056,0.41674617775604283,0.5656840740249854,0.502218402553789,0.7697324551692416,0.5356349220021609,0.52568403550008,0.5261902363979275,0.2911266942303158,0.4646553339160821,0.4304436109492923,0.36745824818030826,0.5939072673325768,0.41994932719568423,0.4703424712960374,0.5127922314669549,0.5289076146626612,0.43123160488772466,0.36573098586135033,0.40683394090967995,0.3939998219731271,0.8301899551073397,0.5333869819881808,0.6444591268065682,0.5538945036052226,0.4375551563125812,0.5118424818366147,0.5383521520830351,0.24550306761680588,0.28002136802693744,0.10107992934759785,0.40896233695094053,0.08183425822365878,0.5698375565323425,0.7597812529863611,0.5718791497698386,0.2337556365180646,0.5221081939139071,0.47408258224528993,0.6950205850324316,0.9032404101701698,0.5153146951392836,0.40913422383197084,0.24878708084652934,0.7451191552610351,0.590835043693042,0.6888165388058727,0.48942382906514276,0.7759641118046867,0.7764043441421123,0.4649075451793254,0.6838330451640439,0.4250219176926673,0.7434245875486376,0.28474572500702927,0.4470727516978856,0.3097856717421986,0.3176659932130151,0.758791648097086,0.3422152963610961,0.7127373576437139,0.3209284502223469,0.5828796728665151,0.5792090896770353,0.4784341447330245,0.5885933187706021,0.43038344061915723,0.6301465960982643,0.5956679197228382,0.7819256438266068,0.7769900628074654,0.8239655614832511,0.6921431120081645,0.4685194849683038,0.6776360177858746,0.6436956295749091,0.6965310909238949,0.16277853143674456,0.5641701608956653,0.45618484126110115,0.5961010634951548,0.1850486543162493,0.2837837204401861,0.644649403009162,0.35204929203620444,0.7538138259766037,0.422096496352248,0.7563838131386056,0.24549459599222784,0.3016708901728275,0.4460825828272751,0.7425169053751566,0.37124509753632545,0.7772021557476163,0.1669865296299003,0.2691117649333771,0.44601058089077833,0.580040149360202,0.6280310985916493,0.7725986680383996,0.6209749522018122,0.29842552859499294,0.5747927425285627,0.08457613065113623,0.527961818919475,0.09630035821253963,0.6693505392629961,0.5971114265190988,0.18396685448479713,0.45244803723984084,0.43053436915556437,0.736102931707894,0.577406367225847,0.8088759518615175,0.5359322453421305,0.579614412660776,0.7303581902152091,0.768437987744783,0.5713430678880994,0.7891502339246955,0.5063822381314169,0.4382488659919701,0.5759070440187435,0.4782587537498524,0.8700278615069273,0.5883386538570033,0.5284010750324009,0.48487803550027325,0.5142399212584169,0.6404984405675883,0.24441350863771533,0.5608132633764205,0.5843659834458567,0.7681953793063587,0.21002692398380682,0.21146368355193854,0.38056322192415926,0.6767096417057888,0.47589056416586967,0.32157058803548394,0.5871536846760884,0.5163434499666193,0.7889157039852371,0.6416885016460947
DIA,0.6928567932797064,0.6632405357638514,0.5979219574248303,0.6548450063324154,0.7089081591577289,0.6415571532113854,0.7660826055305492,0.7148971317105225,0.6102088647397336,0.92826610035345,0.8136981416475735,0.7747411865629343,0.6592962713141826,0.6138255997255208,0.635264183483425,0.24071561292995688,0.2221688263499767,0.19855297491236215,0.7404376207630031,0.6481315377663798,1.0,0.7141936895459192,0.9431591776249447,0.8839382433103156,0.5420372216012652,0.22008826467575204,0.46631651985956846,0.4698217201097878,0.5859716753767459,0.6450087641406959,0.7676074118879687,0.7318686741073629,0.39571268710956087,0.6258951032617982,0.6255436148118726,0.5892973592062638,0.7743999652818605,0.5977055298190123,0.9120689374533726,0.7313833914052541,0.691769335305362,0.7039308767532432,0.4145307942226987,0.6867332871087701,0.6608222308329484,0.49469410669913816,0.7090642636665274,0.6407844215096744,0.6972724711036271,0.6160083568869098,0.5837553851164027,0.6959442637230848,0.5198056964720423,0.4764667869220995,0.5374950929855294,0.712823642687569,0.7314654303142369,0.8546633908322855,0.7368661701744583,0.5951230986251819,0.7450733251949159,0.8672094393577355,0.3145511014422214,0.33940769120311226,0.1408372517815217,0.6232672924631981,0.10148532517579269,0.7890757853373894,0.922742900840345,0.7972678596682301,0.25573828068385696,0.6734231223509249,0.5049694980369841,0.685820253697765,0.6740622264693932,0.6824332482228614,0.5555255394784254,0.4148609652631297,0.7377035350319009,0.9026541342071255,0.7468309605616184,0.6994233307715467,0.8710105725798579,0.9168657949686831,0.721126021844851,0.8438870969164545,0.7119357136928975,0.7885693141151785,0.42577165474507744,0.5075905516207763,0.3793312062301284,0.35591676110557524,0.8956093243715438,0.46786566752317166,0.8647608856585974,0.4778772726909618,0.8340729897624005,0.5777156234791461,0.5795482459915695,0.8196446335612642,0.6039230934084,0.9049083168104282,0.6101061535064194,0.8170484556779637,0.7897423906939772,0.7244325796189064,0.7577960144692436,0.6569409291030522,0.92774248827782,0.7832888015956272,0.8458826009623543,0.1932943119894878,0.735676075135833,0.6668539361546243,0.7203950925949443,0.23819938728335804,0.3478434145907644,0.6357842072991118,0.48003934723121683,0.9150428408107136,0.7758756053263342,0.9102145406498949,0.3033329466566598,0.3674107843112575,0.44668039668631576,0.7862991022097682,0.47728824867196656,0.8241812400912419,0.26171885416616414,0.39469846464713065,0.48753220728735885,0.6969280253876438,0.864451250192132,0.8225509296877,0.871320409052207,0.37020327317533946,0.7748537995825967,0.09558797141110105,0.7482374813866003,0.11157887283524465,0.952343412551644,0.7810959307005864,0.2206792202272932,0.6826473873426258,0.6205147370265772,0.9017980793566353,0.8897682265918079,0.8385228336034647,0.6836641651607176,0.7428843211763161,0.8981368113586975,0.9165478365482186,0.9353467448248601,0.8060950121975019,0.6168366801245527,0.5523487137994683,0.7584304105274506,0.7426894151216142,0.5988421700293497,0.7168474443301434,0.5813215351370334,0.7121814565689216,0.8071960760603881,0.7231798669368138,0.4080635750179897,0.8758592736661535,0.8789545868491884,0.7492860952537387,0.5679098037534382,0.48380849181019586,0.7074271769134526,0.7914918317798328,0.6232337945332221,0.41388172360468534,0.7276341984644621,0.6029608167234746,0.8001875905274289,0.8162401306913304
DIV,0.6022381665293381,0.4322744525369057,0.444197220596318,0.4337787641188624,0.46492774037339635,0.4073191548241581,0.644796689908354,0.6348227603042891,0.4399216287229376,0.7095015497579604,0.7899356307625396,0.7103903632620495,0.4760399445372978,0.5125079191630253,0.4108974702099258,0.27493493499907995,0.2709499737703155,0.20809317409216002,0.47680985705229906,0.39656290935505345,0.7141936895459192,1.0,0.7431614421460083,0.5904976911275058,0.5056315246447113,0.27415217563106636,0.44157282472813014,0.44495853406255653,0.4103889557646441,0.6095002998229736,0.5435492121352927,0.6609257676118474,0.3355118499384183,0.448176199367895,0.41806660641475274,0.4889161718833996,0.6156532314690075,0.41939106241630114,0.6310712771688353,0.6393140626662284,0.5474453625057056,0.5379839686175296,0.36559110809315665,0.5628996410155556,0.5732467104503812,0.3998131187091836,0.4895693692732734,0.5434982933399365,0.563861239948099,0.5077286418576197,0.3645903127170558,0.6478799157268111,0.45134076791119565,0.29060336006232856,0.4469195962525059,0.42308561578492015,0.5521819265431135,0.786207823106639,0.6347254732062063,0.4931036865041906,0.6441401711471828,0.7511966839744346,0.29459941958423796,0.3108854634937826,0.14516009167969915,0.6657851052626368,0.16607608427311468,0.6433592784368599,0.648554442018658,0.5894442899565911,0.2700977396788215,0.5251676581736313,0.4395674877233492,0.4458051432659448,0.37033004525616486,0.5676615351051154,0.3904139015993908,0.582651726217857,0.391644423172542,0.7394202035866478,0.45513053348940263,0.5196433477889307,0.587557559454995,0.6677321147192491,0.7004503501188126,0.6593597408436794,0.6795192416304316,0.5832869079304157,0.3804341931278042,0.4033092852912858,0.37847239781800973,0.2913851892331844,0.5875974493461372,0.6386156692544407,0.7044394302079583,0.5631792598427876,0.6724010438418394,0.46967350597524804,0.5609668327946105,0.7073455550276481,0.5210757411977507,0.7786978064968615,0.4681091023427225,0.5873989986576186,0.4535980153319201,0.4012149472995813,0.46532123279725524,0.7607857526387213,0.8038330570881127,0.6561683742945832,0.7170653660800523,0.28547168560851455,0.6206330831391628,0.7366430501520632,0.6139921249076423,0.1886577527101501,0.3136687557220131,0.3322679267741958,0.33946152711917055,0.6334090641985853,0.9103289976242359,0.6213889289155309,0.32440202696511816,0.3710617350520528,0.40695258716896304,0.5253307430240619,0.36519272981137124,0.48896929987103394,0.21446222353815175,0.26014035699537774,0.32925327576370245,0.6083422150187151,0.7429987362845134,0.627342751613296,0.8157675742139888,0.36624860329168724,0.6166088266897316,0.1642720806943709,0.6112803445157572,0.17811238375534297,0.7381501310436002,0.6291774734724171,0.27518047928169265,0.7869380581545072,0.6213574410532104,0.7489346431574504,0.8573389814544727,0.592020945801927,0.5013681705646669,0.559157339585396,0.6564323966424858,0.650701783948912,0.8275959290159443,0.46466615018729424,0.46155639181277713,0.5025410514296073,0.5950745308450731,0.673111024647625,0.39348232398559585,0.5360675976092794,0.44179396243573815,0.6113970184285918,0.7219427862736559,0.5143204573357031,0.5725795415828941,0.7013622892782699,0.6861930024116122,0.3991350223116006,0.6308377789475469,0.6448637426389524,0.5949870982456728,0.5372222255086292,0.544517417614389,0.563105699210539,0.6277458283647943,0.4106457702796659,0.565210479432687,0.5877420930179024
DIVO,0.6479333122906032,0.5858682621536087,0.51336922357371,0.567073230694717,0.6384962219734337,0.5590980883429835,0.7529961594783177,0.7113189724384029,0.5651624284240704,0.8872221265392151,0.7836153598778436,0.7883509326030855,0.6182228818777032,0.5889680177926047,0.5697184605293694,0.21836357338614143,0.19467714781758205,0.16493043650906197,0.6679197555066356,0.579436234752407,0.9431591776249447,0.7431614421460083,1.0,0.8229814250830046,0.5484098940546012,0.19486466542264586,0.45051324964000516,0.4627458673071198,0.5390995627172414,0.6487155535347874,0.7225905396133833,0.7310182087321975,0.39039709438322173,0.5703410166557158,0.5686425159961855,0.5746934682136653,0.747077570086276,0.547698777196027,0.8602173617498357,0.7367158208596135,0.663420532971484,0.6693452974218601,0.4034992873275628,0.6669069235761328,0.6464210396215541,0.48441378082480646,0.6564153230476483,0.6255525940270121,0.6703374960382932,0.5981132317159567,0.5227046596498273,0.7162300438530921,0.5124621021918488,0.41613197865257673,0.5144045191793104,0.6327606338384136,0.6952768981022199,0.8059000065459726,0.7164402878853954,0.5797705659778272,0.7326106788411282,0.8830766981549191,0.3380528943372635,0.35864700764380397,0.16064226003560148,0.6781810364069448,0.08344326207645128,0.7688035292884767,0.8754670825137346,0.7603375261970465,0.22999448237732711,0.6242496671044765,0.46398546565057247,0.6142196918521439,0.5943900346188782,0.6725742782869928,0.5152084390102561,0.5107090738862051,0.6612448296449576,0.9027303954301056,0.6932170262225049,0.6302234868356122,0.8230841033293483,0.875405817048391,0.6826677206358417,0.7947906041617857,0.7147574385715905,0.7183240666033086,0.41243679815890405,0.4703713338930533,0.3473538986763602,0.3433928405600867,0.8424249353768631,0.519831087139982,0.80995545482482,0.5268162819837161,0.7961140647400996,0.5147162005590782,0.5525052638834376,0.7841284006029677,0.6141409307362102,0.8795787287909023,0.545003908501095,0.7521964524464964,0.7184329532260998,0.640721033808887,0.7154705962109047,0.625915432566381,0.8982552623612281,0.7486910093496452,0.7848207210524261,0.19304806232451546,0.7093978296912972,0.6738064221733109,0.670778619907906,0.24383099827027288,0.36331860646315217,0.5593067331664405,0.44911067915530356,0.8656948879510765,0.7911783388214682,0.8580938054320264,0.27427505489936216,0.3367783278430113,0.40818376760444036,0.7282925259363032,0.46144234400991024,0.7614024789509709,0.24612566741713635,0.3640936859620559,0.4661680749573652,0.6501741966266368,0.8716023036856779,0.7542266031218813,0.8342139627752697,0.341390350931249,0.7459048871372582,0.0700200599196376,0.7261768331103953,0.09651225924973428,0.9332036585939992,0.7573664805540815,0.19138519251080652,0.6836997134521399,0.6077324812572485,0.8661292528347079,0.8831100471262785,0.7793246757495916,0.6412557778278892,0.6993028352185964,0.8515852705103514,0.8653013224724138,0.9347409844537142,0.7372525713836428,0.5797885400784595,0.5161307521994555,0.7262600134575548,0.7444529748859621,0.5199196983648662,0.6829932938119814,0.5179282427954655,0.6533855831140244,0.7995234002033784,0.6761758280683093,0.5001854181790736,0.858120432865153,0.8481529103699298,0.6752250699146456,0.6228547375403599,0.5282128136603729,0.707308525303342,0.7251068091655354,0.6254020540509942,0.48369300545668725,0.6687378295774099,0.5492970239671164,0.7289314613513029,0.7926619875123717
DSI,0.7247839492653639,0.7841613123326825,0.6629874751888898,0.7806323643353164,0.8345075471418965,0.7904423720272773,0.7689632806133091,0.7201187884165098,0.6992539513897799,0.9563263896141845,0.7561459130205622,0.7525145502395949,0.6961976873707632,0.6395090986789334,0.7350571427324798,0.24779585557913167,0.23189646184613144,0.19994810015947245,0.8781312583105869,0.7669611321583493,0.8839382433103156,0.5904976911275058,0.8229814250830046,1.0,0.5480146516170559,0.2296262910913675,0.4847292904113961,0.48608042455031925,0.647137088712884,0.6090089469966098,0.8214527489012299,0.6882621767417894,0.41356736284539636,0.6932722409044769,0.716412422107383,0.5922494675639459,0.7853482461681489,0.6892178273878566,0.9861772706046467,0.7337301846263977,0.7081875729714929,0.719754567642298,0.4319353794963477,0.6761313900043014,0.6221018904025494,0.502801543572309,0.7984967339386513,0.6169274571576843,0.6912964656938718,0.653083261370751,0.7049779086509104,0.6426005427553461,0.526944404031874,0.5757596342660368,0.5562873483751102,0.8520488752905685,0.7539652782396458,0.825344969590973,0.7555103077129559,0.6337996424966184,0.738876313443169,0.7489179968588328,0.32335421819254323,0.3554859627622307,0.14614428748260425,0.5793643600973115,0.09734920298722254,0.7914633880551429,0.9806361410852965,0.8005970021458698,0.2783405751151069,0.6587611826878086,0.5789284014226805,0.7889560569219989,0.8139613282298297,0.6709573652621594,0.5661850386613592,0.3379292049786501,0.9208643092183842,0.8337110595232842,0.8742582716670328,0.6688329893583402,0.948821316951614,0.9540541897454378,0.6281536160314951,0.8330417246709262,0.5592142991071306,0.8617918405845049,0.40588045815812523,0.5804273175716761,0.39533619650406976,0.41547913075558146,0.9843814421746347,0.42608403221810887,0.8700315567852608,0.41925405788779724,0.8141886695814162,0.6706144827482197,0.5979137645456871,0.7741052578599608,0.6094141876056154,0.8289288913019787,0.7268347498641677,0.897026859459821,0.957299412446755,0.9009202671216555,0.8687010415367723,0.6285362501572976,0.8885447959444932,0.7972539384716686,0.8556010932369223,0.18819441130369965,0.757974978590483,0.6437515462133507,0.7595620504461622,0.2578506723344019,0.3666084257171181,0.8420241583579057,0.49479525899946725,0.9843991080328375,0.6449969819029857,0.9845541269291321,0.31376072529310567,0.3810814935943141,0.5214700524736143,0.9015057417423021,0.5101275596494856,0.9606282665789694,0.2679789601527092,0.39482841483798925,0.5480671125711004,0.7389958397246442,0.7871383602016937,0.8856813672356499,0.8171238512284835,0.3823303396315443,0.7967593327699455,0.09949721818577964,0.7479094433826304,0.11198045487417609,0.9013529915728843,0.784947852914106,0.23174560076175085,0.6336252874279229,0.6110778566021222,0.9084871804614298,0.8057815044120101,0.9217646356459299,0.7385994531547935,0.7932797295741638,0.9576199730396441,0.9826108181548558,0.823301024994322,0.9655053756672547,0.6905771286955806,0.5815101704466868,0.7959876517966552,0.7083731613888719,0.7074302020340301,0.7077235554652177,0.6100015524337504,0.6809479142680892,0.7447604903499873,0.8078118118881992,0.3204521347682888,0.760385662987439,0.8239676804865024,0.9286972159942608,0.4211381730339534,0.4005487166995471,0.5691591966256236,0.8704449790249583,0.616275404309756,0.37691744026215784,0.7118188628568463,0.7010735860905059,0.9166208283250409,0.8514912593966003
DVYE,0.49424521807586397,0.4508337356039682,0.41500321857608236,0.44045868262384114,0.5063569054529288,0.4293862571062528,0.7376571766177132,0.7307308049529084,0.8064847287130891,0.5855667039464029,0.5330482435827961,0.6612496156446569,0.5717701363766748,0.4477825632382085,0.45218474440329876,0.21188411142615837,0.21637648593998174,0.16055335411714308,0.5553029135692479,0.35813132796332464,0.5420372216012652,0.5056315246447113,0.5484098940546012,0.5480146516170559,1.0,0.21564916310451784,0.6750687070590975,0.6185012619015983,0.7528437109537323,0.6237382200098635,0.6649426930766487,0.7346985402722374,0.46191585470386737,0.4741935499184566,0.7202525354597755,0.6445906982943025,0.7169484981576002,0.7853655331490477,0.561060006908906,0.7216844572258679,0.6328709606630644,0.6368134791771564,0.6659480822118133,0.6503196683175789,0.5608890187534114,0.5452010983528548,0.6413633623861373,0.6180124849774158,0.6481562674303321,0.6607119096259358,0.6175984642435338,0.6891745549688887,0.5860893314510432,0.5569181389165717,0.6941789032311415,0.43053149610147945,0.6713680068297289,0.5551373724166304,0.727046565034205,0.9037440608337449,0.7513456535065433,0.44498272191160154,0.47098056403341915,0.49370445161350135,0.35749559086316923,0.7251117717010135,0.13547862712186684,0.7181934960109051,0.5524124078604347,0.6302936920599265,0.2578885710016743,0.4341856151009047,0.5121153530698618,0.5216325973436857,0.3728763959649477,0.38066115885754975,0.5075838999189894,0.43375499873450957,0.5161267876833983,0.514697054951029,0.4849566107895218,0.4643933593681692,0.5396022494800071,0.5473271457958396,0.39814385328522023,0.5054088189294361,0.3395195899347757,0.5673847212221212,0.4134097280554412,0.6162787637054188,0.3110388853529763,0.6534327028704319,0.5474814171213713,0.37021081064859207,0.5211208862084961,0.44565260925050865,0.5159641836430451,0.4895406931217277,0.4161533131490348,0.4700679996199041,0.7550951547206368,0.5194116743056524,0.5080269791597157,0.5636768079982225,0.506633338094952,0.4930608531312053,0.4967756390549935,0.4830085161985125,0.5695707944139454,0.5321840288376548,0.5523754698696557,0.17851971677489012,0.6953880090146877,0.825146108177536,0.514216661271875,0.43079524181451856,0.4902066315741335,0.48348598263211273,0.4513652857437235,0.5603917881659322,0.5078382858189054,0.5514059443091633,0.28073388915109826,0.3033018404560627,0.45498573708072554,0.5228288067326996,0.5839850581438566,0.49455268505923583,0.2716083039957837,0.33093382701934243,0.46600314783838387,0.4923775218318881,0.4535375437797056,0.5383687963373599,0.5536606534221702,0.29593416354100455,0.7314045192204811,0.12515749734693135,0.6943793056234766,0.1259802522488077,0.5313689124097436,0.6668725787839739,0.23292505368249541,0.44558695659523706,0.6821128644962104,0.5681902193354396,0.5612308850218923,0.5253223299359654,0.6789126113128044,0.7586910258408888,0.6750382061104863,0.5681388014470472,0.5608122911496415,0.49760067394394125,0.8236552943912352,0.4921108527424422,0.7833497137564945,0.802160253898258,0.33865868552393763,0.42665574862913197,0.3987190302825837,0.41279667971062156,0.6114501775496274,0.43313197953700516,0.3593654443925871,0.47263504621716185,0.5021038996860302,0.4844321391953514,0.30111422385245096,0.3138043606533512,0.3506409577667455,0.4774462463326155,0.5872987492905323,0.35633247350767205,0.4245768665819063,0.7664746144284507,0.6165682649361048,0.5290799002738772
EAGG,0.6067012750585059,0.22292465364933514,0.2885434033512478,0.2402531817776749,0.2128694659665932,0.2057265266185084,0.2920072027421853,0.2745258642523541,0.23159969202155667,0.2066493789781651,0.16733137140474333,0.25313034761151937,0.2658704017816313,0.19575775969540898,0.159477029076404,0.9421995967851581,0.9872206640404181,0.8103739542456242,0.2386023120304618,0.1809406443939623,0.22008826467575204,0.27415217563106636,0.19486466542264586,0.2296262910913675,0.21564916310451784,1.0,0.5967216732417214,0.22555792331254404,0.26940449498654445,0.4023615065161921,0.3194193481080547,0.25814143494296105,0.18407308532855968,0.20454047529708816,0.23412011673435892,0.21533748317283902,0.3053211417666179,0.2306885161499898,0.23114905802633168,0.31675065461860974,0.27281559946255535,0.2658342305032971,0.15422640050863368,0.2247333790306003,0.36116886440076695,0.23768762875446844,0.23849784691371573,0.2493249479876672,0.2580534031644865,0.2533590719340012,0.1999520012033098,0.2562146351856433,0.24069514506739453,0.2153362943640058,0.2993948475343168,0.21073454925953491,0.2534533409857135,0.24819618510894736,0.3388694307123095,0.2075814956138711,0.27238041225758547,0.25565734782440624,0.3059538454115569,0.3048160763253665,0.2926983300173631,0.13375771550495277,0.9314928721657638,0.3012216402957184,0.22918780000406402,0.1244257815083543,0.6617423225156324,0.2883794058744803,0.30180642771643784,0.2159200852341692,0.1888478563414249,0.25946270700851787,0.15551497692344748,-0.04246253735278016,0.1832099936263425,0.22737362260534094,0.17976962072090172,0.1499217742815644,0.20949901558525352,0.25208253618864707,0.10042007694937923,0.2077320874523709,0.07779927934667394,0.2476720684018525,0.10079962746887454,0.16805913464741679,0.9368593286343273,0.13662474310719314,0.21121294277756045,0.05336326732943197,0.30107272286622383,-0.046648635477199704,0.19915243830560153,0.22843070915132452,0.47187954274945015,0.31749043828420787,0.17975137981501177,0.20481921759543492,0.23169123029891378,0.2535520629604678,0.2042799787267125,0.1902142599527345,0.14826027237921338,0.3944110397250325,0.2691169940356081,0.16338784032229092,0.2487699052936809,0.8234311740793782,0.3372259024106151,0.29910740075582587,0.5361198750780282,0.1979507919711038,0.2647990193341594,0.13566129771710445,0.1294116116121084,0.22328350285437293,0.2740417800625781,0.22760496078779427,0.8748198331700977,0.9414218538174804,0.25378260394254876,0.1956988914149971,0.25423747672890495,0.2047519886193763,0.01966684836721294,0.0800264740780077,0.11658569438626412,0.5684517809255202,0.28182818012292615,0.2668105011116845,0.2343438948183902,0.909873043429324,0.307378677299909,0.9462199668542993,0.28956414557382376,0.926084991981026,0.25129848488330914,0.3423174823450571,0.9511764339122107,0.4124822468111027,0.39769638344947833,0.2674747395256155,0.25615568616004203,0.25240379424827203,0.2942206915066829,0.30255722758363685,0.26477899222961854,0.23070702891408879,0.21671936377578138,0.20906377253900238,0.22092498521845944,0.73338864302456,0.2942791307450725,0.27165946639077315,0.21433017949382135,0.1944134593616568,0.2571996535998151,0.3909080836365845,0.23994618759978317,0.21222144503031776,-0.06138684915070821,0.12181689599904673,0.19867731840296787,0.17006667791099758,0.23215433590177054,0.3292538918320146,0.23760091163062308,0.23811153523115922,0.14982265637511497,-0.057812712905225196,0.23593756296129403,0.22890412223356355,0.28133724901993556,0.138316491341165
EBND,0.6333902127978526,0.44115075664564696,0.429997020207465,0.4230270156555529,0.43498618645503156,0.40485251225250946,0.7090216329847391,0.6864209354369311,0.6574581980004519,0.48776583912946464,0.4195335471174904,0.5847731268984231,0.5529910271332937,0.4106436692410506,0.4037099330052566,0.5590213414782041,0.6026231658020063,0.4656272098715246,0.5234462839066998,0.3288475964436083,0.46631651985956846,0.44157282472813014,0.45051324964000516,0.4847292904113961,0.6750687070590975,0.5967216732417214,1.0,0.5770378487941012,0.6620357154463266,0.6962132881775621,0.671220986518839,0.6918517428695524,0.43806119270669874,0.44779202569077714,0.6358293207452906,0.6199766902537408,0.7043617576813144,0.6525455653684403,0.48791423962328284,0.6684225037596139,0.6343787583022864,0.6763997450082364,0.478799990434102,0.6399167623253176,0.6278157691321836,0.5198158625769959,0.616377020390867,0.6339746424925687,0.6676710811953923,0.6052361766324216,0.5285423646585917,0.6453916427148939,0.5700908545582711,0.5301388012244811,0.6729167362110628,0.4110427336134247,0.6723962562335948,0.484053428117003,0.7256746773329862,0.6692428454583549,0.6986179866202447,0.41962366465709167,0.5193365129362127,0.5392600741020476,0.4266421190466061,0.5287799250241526,0.51649782082675,0.7006078408886363,0.48330681602967457,0.4648567277980561,0.4845006974655738,0.42971925119011833,0.4799763717536304,0.4651350266993681,0.3554727229509056,0.4022656544654629,0.4750989924627981,0.19074151651559274,0.4488702181204217,0.4299138810635164,0.4083170886381859,0.4282935261672589,0.4632386750223368,0.4881688852998637,0.32951769262144986,0.4483973851771046,0.2725668754947679,0.4962503064362237,0.29944395328671825,0.4742972904569011,0.6311743478366004,0.46095045439251914,0.47228167554956674,0.22749101923705856,0.4995955208253756,0.208987306900505,0.43907964049469417,0.4286414400635389,0.5135079117764089,0.4768621724254612,0.5781088598835165,0.44677430356378356,0.4344856281135008,0.5073261219498074,0.4444889118568487,0.4287333530941303,0.3847194830204693,0.5058812265608551,0.508254838332577,0.40233119848125726,0.4847001914270013,0.47395545502848996,0.712605510755819,0.6563362117234752,0.6194890077591745,0.41496761336651333,0.5103362645319289,0.3974072101009685,0.4119996996963752,0.4837487772092917,0.4489732208605469,0.4845721897676146,0.613529503638079,0.6290206176935296,0.41225285260539474,0.44872490879207166,0.5688160634664922,0.4418518100007657,0.22424964608795125,0.28505767197631005,0.3866753449554336,0.6257917292695778,0.42963418562781,0.4907061043509153,0.47480378157650444,0.5973048095386948,0.7088269522540406,0.5377824081425837,0.6985939014644187,0.4906809603821036,0.477496131304743,0.6725325235206019,0.6113525901680017,0.4889691161204315,0.6956431166561333,0.5086333116351182,0.4888290420019152,0.48170454026170656,0.6383631077756488,0.712483424241049,0.6022831203863351,0.4936069749098678,0.46405567567978495,0.4471459974824187,0.6593874397626648,0.7246116498276879,0.7189210839743914,0.7189085714530643,0.34447319366915,0.36171283264807585,0.3978023439374028,0.47577500150639906,0.5327281794756219,0.40151655123787117,0.12383680241162301,0.3937490595006835,0.426358426710869,0.41247083454789424,0.31677708235319413,0.3389672926725169,0.350958900514368,0.44653543542271457,0.45222197945796566,0.12381691188461694,0.40757761262463843,0.6463155318696905,0.5646578113069614,0.39731166661961914
ECH,0.4528667635693116,0.40631642882838326,0.40573634298008365,0.4103151151271765,0.4690900465954434,0.3935440515648813,0.6270113446326069,0.629238296886804,0.5977620042729678,0.5286514889730345,0.4936566093317411,0.5769553858084119,0.49940470072130533,0.4121100356553805,0.39973105533399994,0.21590844140244297,0.22204525696945926,0.1903760216442314,0.5034438132473408,0.33640254969495603,0.4698217201097878,0.44495853406255653,0.4627458673071198,0.48608042455031925,0.6185012619015983,0.22555792331254404,0.5770378487941012,1.0,0.5712766895260853,0.5166630159116742,0.5726023277674432,0.6065819262845051,0.36045379033248687,0.433364183773011,0.5817846781904771,0.5133817859712297,0.6067649173940632,0.5849236918407057,0.4966476195731112,0.5977665146015931,0.5515459589226759,0.5469319208412119,0.42829662376078,0.5493153650324477,0.4902759640626015,0.44451679988085985,0.55337687757233,0.53315043128434,0.540970902265575,0.5161600216493483,0.4818915144072841,0.5573780930550541,0.5297188963093423,0.4760630772982272,0.5823911039864629,0.3940619830192837,0.5693516472112239,0.5189800133671367,0.6253298709975673,0.6038858304023703,0.6202768795177944,0.39709174007548714,0.42746798755554644,0.4558043745968931,0.30793337055329506,0.59101342836471,0.14499866664301864,0.6069157200145289,0.4918345887781208,0.5118139465892754,0.2481279344704039,0.39369531359908383,0.4914368306527517,0.4814425349855972,0.3264079713454018,0.3613659320560789,0.39981892757063625,0.32108230468322096,0.4507601669023686,0.4313200891561302,0.4276150025223767,0.4282329645729936,0.4920053946379851,0.4810517476984973,0.3947907929263313,0.4562281801964887,0.31615527387809095,0.5235006532983285,0.3316591014327628,0.5832865809263565,0.29859868334631046,0.4101975271171721,0.4805007169502102,0.319984171583968,0.47668420224972474,0.37350504726243844,0.4993357662779079,0.4801903464094255,0.4129919776258017,0.45031335734544803,0.628241056758455,0.47229500386560636,0.5119897487566949,0.5157842349640618,0.4519262266264323,0.44335030720495955,0.41472656358597304,0.4548351091604013,0.5181815550496512,0.4572049874587599,0.5195672983200204,0.20290566119990358,0.60504981392712,0.5932162001148003,0.4663573660133826,0.3699296188515427,0.46354591482000945,0.43270052220107974,0.3559947110511689,0.49381097026848714,0.4460238128826617,0.4884077802522241,0.26489136149245296,0.30365191285719767,0.43882617569939425,0.44997936736450056,0.44089917827232955,0.4410430032149539,0.2035394857646788,0.3282449795074895,0.44114001546586534,0.4584362236730674,0.3858071301410029,0.5059817805688316,0.5166165558718518,0.28212545484980794,0.6206482123069623,0.15018671730954916,0.5862666361433636,0.14233840629750452,0.46596167597946114,0.55823109439246,0.23844202118311766,0.39476268525709696,0.5486772891934307,0.5224903156491411,0.5136054456378044,0.4873025092404899,0.5717309719082118,0.6218639363829097,0.5784012766522642,0.5070197785239283,0.49096354655904995,0.44306216098379303,0.593150725854327,0.44631893163078495,0.6372906240904751,0.6350957608394869,0.30816729647160557,0.4384463333082186,0.37265483118948484,0.4162316393369184,0.561457314434037,0.38824414874323265,0.2767390410926298,0.43862449904638057,0.48338282637841223,0.42611685096759694,0.232484276869193,0.2798781330827616,0.28914545824155385,0.4428041910089182,0.5447257462627074,0.27578952355405795,0.41953759968183496,0.5736666262570873,0.5529851285627163,0.4256555299688447
EEMV,0.5476261197440768,0.5514903903384372,0.5174460832731859,0.561738710217597,0.6309379713308063,0.5516210794206327,0.7831395132631191,0.7606322052381036,0.93920778646929,0.6486787303452188,0.519859168540636,0.6367776278603487,0.6831409069773862,0.48033284592675113,0.5640423326879043,0.2493756179726078,0.2691851667050164,0.23662182042056235,0.7014488415984957,0.46856190267143705,0.5859716753767459,0.4103889557646441,0.5390995627172414,0.647137088712884,0.7528437109537323,0.26940449498654445,0.6620357154463266,0.5712766895260853,1.0,0.6480840331270228,0.7889387125246246,0.7309937387530946,0.4631757887204194,0.5646160955571551,0.9065956606149579,0.6268211617324728,0.7841438568116633,0.9370989541595911,0.6476281218330593,0.7235036108015864,0.6911539263362131,0.6932654989245867,0.642440663811103,0.6675794346663753,0.6270831385874885,0.6035923449202176,0.7476500086705168,0.6404972109087749,0.6939647521198242,0.6874111667353882,0.8074912816632693,0.6721552445865422,0.571261850174791,0.8081214627404312,0.7281933823802126,0.530284215022747,0.7330189298835375,0.5935150850834504,0.7978968933996335,0.8652148343704399,0.793409684661189,0.43493565852756,0.513783161763014,0.5365655665243746,0.38202005848646786,0.6068284905028521,0.18684852055314327,0.7676942352790336,0.6334727236128569,0.6856468232808289,0.2942676234079824,0.503534858093469,0.6088359694375485,0.7006990412357543,0.4690296298111621,0.4083388003145114,0.6311480234944111,0.2506978564132028,0.6936507411962166,0.517015948387011,0.6056497465268899,0.5373676756785971,0.6685999744613764,0.6410309366799292,0.3866313642323536,0.5422617196172536,0.2841621219008161,0.6854272323748911,0.4949821092927606,0.6644992014512604,0.36219763690713735,0.6753864494831705,0.6421124590103202,0.2578030992007487,0.5680583923028606,0.32921044544663086,0.5755139345320095,0.5834224597442269,0.4429515648688454,0.49893891476709035,0.7250457322015714,0.5278881932398494,0.6204381185730172,0.6809507461104859,0.6511456526780586,0.6592744771502151,0.5933491113226018,0.48250374497189485,0.6025841665736588,0.5610248923673284,0.6418685185263322,0.19523517731375492,0.7641234334465161,0.688365774439265,0.5643045096659254,0.4360992294322956,0.5193851625656958,0.6506385414566187,0.5422347931626237,0.6447050367552997,0.4357545900245965,0.6408210963598427,0.33802319250879825,0.35168315288471774,0.5384916293793761,0.645094300796358,0.6582345337179162,0.5957101656117598,0.2724323146834416,0.4865293938975506,0.5438165177970172,0.5449576046539601,0.47257102886627145,0.6507072901242817,0.5672656030789727,0.33668906991490455,0.8238745440432811,0.18792199782529764,0.7429112339372442,0.15527902855290715,0.5808879780205457,0.736273194944034,0.28331508473054506,0.4317689721052454,0.7112891521129187,0.6272458330371103,0.5483460955822237,0.644414056460204,0.8387993553096911,0.8880988256367791,0.7704012221444722,0.6534624561304985,0.5717247076105647,0.6173980514916939,0.9093390410878028,0.5168962897097124,0.8785211104730206,0.7858215052979395,0.410121094092416,0.5292316303650964,0.48107313815126673,0.4989533638822689,0.5976779314462481,0.4795027605312175,0.19649906062988176,0.459902272286134,0.5767709952110132,0.6474043132268823,0.23938998933244446,0.2778503037871853,0.34843307235080034,0.5480075053107781,0.589378990226063,0.21109546141407762,0.4622457300028504,0.9304638817459387,0.7386993412198404,0.5611543213770912
EFAV,0.6245846829601346,0.501667419109521,0.473479699643358,0.47484842310526293,0.4936660161992741,0.46331316892068086,0.8751763539282732,0.8165822989591542,0.6261411057816311,0.6295142647127123,0.5495700294447106,0.7231887319515391,0.7274923059280453,0.501138317344153,0.45606911874859546,0.37576553686071973,0.4076632748495635,0.32702547764416495,0.6116394818486557,0.43820959362431694,0.6450087641406959,0.6095002998229736,0.6487155535347874,0.6090089469966098,0.6237382200098635,0.4023615065161921,0.6962132881775621,0.5166630159116742,0.6480840331270228,1.0,0.8414369693836369,0.882602760732235,0.43316292077900803,0.5202037366118382,0.6000974653402039,0.6711845367156871,0.8870523946846914,0.6162079017089328,0.6245982565032131,0.7855346167410098,0.7860207256726744,0.8094567708156477,0.4919529129648523,0.7955550870006955,0.8683830379728589,0.5529681293787754,0.7216009934349351,0.7798906123079419,0.8238262957894272,0.7211109556666896,0.5065754149656423,0.8513560805831242,0.563525397256011,0.4745953667724313,0.6412427614203169,0.4874343289167158,0.8156902613741107,0.6077746885298071,0.8619101137370444,0.6454385938623517,0.8556146778132735,0.6780873375306984,0.4782756325962034,0.4925258525536423,0.34430456476176446,0.6211634692356871,0.31052691241558716,0.8891981514908677,0.6295132096559762,0.7185434202788559,0.38253977708556247,0.5631875236152891,0.5129816147134376,0.5016710366476301,0.43682507177825425,0.5812167509924666,0.5469908767792957,0.3335368679709901,0.5017241809381735,0.6490807355717008,0.48567428068545804,0.48043912595603433,0.5930894343770223,0.6513737034581354,0.4521616580604444,0.5702638317359361,0.5273504848208159,0.5716646001796122,0.3702830681279022,0.48038563727849,0.49154200966382533,0.44802812622789395,0.6025149639994068,0.33771679775656466,0.6462078917547701,0.29887392232626403,0.5543374587767376,0.4397833844184454,0.5260394324632418,0.6376030585975357,0.6025696727087955,0.613492921943844,0.4547927022572676,0.609740701207923,0.530448015143406,0.4881670556243294,0.5141628640791269,0.5869269710995753,0.6864517099818236,0.5511543806780439,0.5924681528745432,0.3234997976159117,0.8665273263969443,0.7060069848642218,0.6345406994279116,0.3370686727950401,0.4597951955934554,0.42502809219735055,0.4537933851266581,0.6213857837523594,0.633646934651656,0.6220961398819063,0.4888369001759983,0.4857485794220707,0.4229215873766744,0.5268491007459541,0.5420808754294808,0.5584913673188913,0.22112651195887442,0.31980609041207475,0.42096459790894536,0.630417660635843,0.679701254671311,0.5902791467120071,0.6212398878442057,0.4575899928121643,0.8646631979467346,0.3286319398345326,0.8782690782661299,0.27379943510229293,0.6789687002778267,0.9027390879265372,0.41880819539768344,0.6345229326773428,0.8095322006573605,0.6694945078182138,0.6784912969113851,0.6000996474121962,0.7454811158341874,0.8173017698263325,0.7377120315281896,0.6301787830009936,0.6725898250511719,0.5429193810477929,0.6426033900105087,0.614757349137749,0.8344102837446074,0.8708322731082511,0.4169616885080616,0.5016151205089304,0.49100882515142613,0.5672809776787013,0.6749748520726788,0.5391635272481665,0.2588654378113533,0.5817849795102984,0.5880266749986209,0.474193260804035,0.5536437876926011,0.4746303877271798,0.5865071276356163,0.5446763237920815,0.48290449654024026,0.2505584763635705,0.5059021810839025,0.6134128152715764,0.6615043024939121,0.5548127288324567
EFG,0.6872894791769633,0.6846121975951943,0.6299582199998331,0.6785621910111022,0.7386004650418911,0.6673432007695509,0.9441950053913251,0.8819618737248761,0.8113485207457706,0.8185359562010337,0.6650698127601334,0.7747326158542551,0.837478312997293,0.5956749874451468,0.660496357954862,0.31610304640232095,0.3214567247012795,0.28106526161935824,0.8564955942425869,0.6171367423701227,0.7676074118879687,0.5435492121352927,0.7225905396133833,0.8214527489012299,0.6649426930766487,0.3194193481080547,0.671220986518839,0.5726023277674432,0.7889387125246246,0.8414369693836369,1.0,0.87732430651137,0.4561457782810244,0.6706213417123141,0.8078232109723176,0.713438939806365,0.9714607655644949,0.8050017693985423,0.8260865560525963,0.8356531336353339,0.8816917891461334,0.8965194751397244,0.5593041691263174,0.8448482175117392,0.8394146560629597,0.5767776008142791,0.9224893306273546,0.7898855647177359,0.8940582311914391,0.7573590246826672,0.7398948297178789,0.8292885786899312,0.6158283337633405,0.6788225793421016,0.6969765369317429,0.6930514350440451,0.9313491284230955,0.7462621337213234,0.9220290060777574,0.7507811492114803,0.9117948990627075,0.6581336733427067,0.4756049308997035,0.5055481141687239,0.31181163732290235,0.6447771469720631,0.20572849595834775,0.9593908476109635,0.8204749722777216,0.8891497069065409,0.34474321148724,0.6388765974536883,0.6341160421803936,0.7422615848569897,0.6275139392526948,0.6146561198150605,0.6231989166416404,0.2899629019938012,0.7954225725549284,0.7202771216765099,0.7337071860692482,0.6556073263681371,0.8245900694515429,0.8218382157447655,0.5272871000573244,0.7207301714368384,0.47042694620500125,0.7967423851841623,0.4158597923465356,0.6396897283797363,0.4515079229905989,0.5354108350560371,0.8142549065781428,0.32502115186708047,0.7579297747878198,0.3587628166936322,0.7386551780087294,0.6442809094003054,0.5805597137893419,0.7140678390560431,0.7154908089244254,0.7173135533043207,0.6822866431435985,0.8170499823589986,0.7942255532943149,0.7750900904704822,0.7316496665941044,0.6069605705821908,0.7918428790363995,0.7072735039594152,0.7753105972171834,0.23344021316944344,0.9322230221564034,0.7213503601035878,0.7130643052553928,0.3778979473019726,0.4944709302391297,0.7409682143904289,0.5317013979851759,0.8225782903977599,0.5848174696874109,0.8233323131466348,0.404012838004709,0.43824443241342464,0.5522326404899761,0.7699576602184417,0.6063959807794367,0.7782776155399228,0.2730533105145002,0.4117720978478538,0.5650033009588475,0.6968035907738516,0.670857597095541,0.7963445546918108,0.7341812265825044,0.4276680338425804,0.9680908288002197,0.20950055444626958,0.9447395994692744,0.19605395238698187,0.782680017300127,0.9483486448150648,0.3294714373369134,0.5952214179269676,0.7879976653733964,0.8079696587587961,0.727115245624869,0.8089929638150812,0.8875449597121106,0.9541393817185749,0.9178034752557265,0.8302110944912531,0.7382177477327063,0.7869555439424282,0.7987528656049409,0.6282111753668755,0.956300511405131,0.877910319955612,0.5575685080774936,0.6578666233315291,0.579588125876632,0.6607307251248384,0.7455384266580233,0.6675321839412208,0.2339927745670963,0.6519018038752072,0.7504423913514124,0.7634153257052114,0.39326735167819016,0.37707635085348223,0.5384691163261315,0.7286088088158621,0.6181826754704874,0.2648375658815057,0.6182676598306526,0.8112134061161839,0.8760481063476199,0.7167144404955369
EFV,0.6316350419764122,0.5362988909118075,0.49040327948931967,0.5175109079904598,0.5869232454691998,0.5048651987368425,0.9684797433826804,0.9277592234881614,0.7479534349856066,0.7473020003422126,0.6916566167448487,0.8056994723075813,0.8001691437267162,0.5751069065225468,0.530644243440852,0.2560787522396054,0.25907106197993385,0.19350144593219257,0.6979642552617588,0.4578704249020559,0.7318686741073629,0.6609257676118474,0.7310182087321975,0.6882621767417894,0.7346985402722374,0.25814143494296105,0.6918517428695524,0.6065819262845051,0.7309937387530946,0.882602760732235,0.87732430651137,1.0,0.47442029360961235,0.5723441104163307,0.7302275862210681,0.7709897163378369,0.9602089156537735,0.7297127511480128,0.709577352778768,0.8512174244867787,0.8488277888799223,0.8945626541080427,0.5629456781372116,0.9062806550859278,0.8191120570334762,0.5721867157717078,0.8116843026320649,0.8784967106434625,0.9004040477346561,0.7484785883128043,0.6386614667598225,0.9240528504295437,0.6331770027181425,0.5767868145632256,0.7061449063416205,0.5211023738631418,0.9116394980526249,0.7202218805040864,0.9295441170326451,0.7694422002641479,0.9736536043347832,0.6542375923100152,0.4804176354334854,0.5053966693665711,0.31977006201736363,0.7746679006164756,0.15004331835733958,0.960666069842218,0.709469005954109,0.851102695551192,0.2971872868158836,0.5487586676484648,0.5572638313189416,0.5990162005290691,0.45127618888475557,0.5430254789886098,0.5955288982328172,0.48157578009914837,0.6035069223744091,0.6902837400418829,0.5914798602148424,0.6201441097047018,0.6847940407663168,0.7116739546481615,0.5885907569887595,0.6753126870478774,0.5626930384318667,0.667532289239488,0.4404642490210739,0.5870987851996029,0.3886096509195366,0.5027550721659793,0.6889720915301624,0.4423874198536386,0.6850502403713039,0.4834667231778067,0.6797733202145991,0.5361305784609794,0.552351302460673,0.6482628947211628,0.7649264675914067,0.717074724771285,0.554891868323442,0.6773008554164335,0.6079977328877945,0.5712719595751699,0.5929391641762132,0.6304230192634049,0.757314902813428,0.6586265274147668,0.702081669150316,0.20787569698849864,0.9243569850085086,0.7982711462695845,0.6612293139387497,0.38930808331841643,0.4942274680230448,0.5481282118344558,0.5078273773840444,0.7113876892398314,0.6908279017044361,0.7029657781763732,0.3516610005965477,0.3771963232873545,0.4774529085097099,0.6269686183281418,0.594727010344912,0.6184443095608217,0.2778553187322457,0.3881205929014646,0.5102938312326376,0.6386507242522225,0.6342089118863713,0.6661441454727953,0.733397800262428,0.3672850365410372,0.9494079731084067,0.15021130165912375,0.9480625902164427,0.13938159700513109,0.7270164947732868,0.8963131539499005,0.2770172480749979,0.6041132808290222,0.8179755951471721,0.737166932195614,0.7546646876409354,0.6606883873824172,0.835131337409683,0.9017911468881675,0.832768218301479,0.7193839105375593,0.7601700705207571,0.611021490294461,0.7517837734964286,0.5940950961718947,0.9287745618515016,0.9811721588061145,0.41200578702131435,0.5794720629234222,0.47967617525873335,0.5924046490647995,0.7603063435913658,0.5628315188598252,0.4043370488157257,0.6922303237032519,0.6988909801090322,0.5711779440739504,0.4583240485923991,0.42051500565086697,0.5236146732013109,0.6089732106399574,0.6274010672399213,0.3889795764646459,0.5649859305956211,0.7254674577715532,0.729867934466973,0.6501634316082558
EIDO,0.37149949344839184,0.345457883917386,0.33512137786832075,0.34406974462036555,0.367277001739579,0.34162582933927,0.48667534763319104,0.4819069549683733,0.4583978177492799,0.4173204498828476,0.35072611109462815,0.4279709248616609,0.4139286417004414,0.3355910750343608,0.3540853385083604,0.174246935208955,0.18665132460831346,0.1256418967183748,0.4096797179995931,0.2892715648641859,0.39571268710956087,0.3355118499384183,0.39039709438322173,0.41356736284539636,0.46191585470386737,0.18407308532855968,0.43806119270669874,0.36045379033248687,0.4631757887204194,0.43316292077900803,0.4561457782810244,0.47442029360961235,1.0,0.3219411105094623,0.4740371520977141,0.3831600207263466,0.4820243717233034,0.45031910364560335,0.4187902619514265,0.483436210035123,0.4304525602791873,0.43290835101174313,0.31741073067520537,0.43746401278199726,0.40665279217257744,0.4410246254185501,0.42888675506338825,0.4101178492925046,0.42699004557928566,0.45805712758194356,0.40261549563645593,0.42325164744790006,0.36568989126207563,0.3672110074614301,0.43657760046251853,0.3327250102695385,0.444482550315645,0.3890945187017178,0.491893494796786,0.46148166153582354,0.4845909715816082,0.33430850499053255,0.3002150222409044,0.3250688006244076,0.19812318843268029,0.3976845796651379,0.12221418154179518,0.481139685633191,0.41349636545078045,0.40859792532568,0.16769081396616373,0.33067949394074364,0.3290520181549794,0.36603267690349106,0.30831945866911376,0.3194665569905684,0.3852397541489984,0.21514654576138303,0.38003432549506727,0.38786438194103434,0.3814121511065742,0.3469394040135083,0.3905999856322791,0.40424081052432004,0.28034375083362945,0.36934148277482004,0.23380872429520788,0.39239800573709654,0.3042908851680058,0.35837573679407486,0.24249020237467084,0.27924781682264305,0.4111263634525494,0.21374005193563683,0.41178075052335156,0.25286593480194314,0.35332185540470284,0.3233295312728964,0.3233006796020265,0.3536647451183918,0.4300924690683371,0.3723862524247603,0.34267481094662444,0.3943042149897181,0.38075577767041735,0.34683345495650514,0.36436952846727483,0.32899520376397096,0.4085905939379917,0.3680526071855352,0.3907547463022185,0.15240850554430996,0.4788433462206192,0.43124013683096324,0.3820883035168129,0.25908656873761093,0.312446330996025,0.33307930891330034,0.31882817871477087,0.420239657039888,0.35434300951251846,0.4165946155915128,0.238468523578044,0.2394793358362056,0.28284880487899106,0.3844683690832995,0.4740007497641574,0.37969944600445094,0.22326247167373828,0.31404455785791063,0.2964020376396258,0.3688721733735742,0.33982946734404873,0.3940518823525298,0.3824733387511423,0.2278907075720523,0.48803015523000864,0.13253148376420404,0.4597543039649222,0.11302372324052107,0.3942113224378555,0.4728716019019884,0.18553703049612796,0.35525180477864443,0.4605516926998575,0.40563871511827004,0.3861604547980695,0.3903605068804659,0.45984284296957056,0.4866083346327989,0.4690821192909712,0.42103272580240614,0.38461113057444785,0.38976197383659744,0.4660059231274015,0.3470159513439638,0.49888311806887553,0.5004032763242773,0.267305958704564,0.32691568641780594,0.3141733037528784,0.3018249729268285,0.4064100207873315,0.33633814199519174,0.18660721638835323,0.3318237093382853,0.3675760095030249,0.3673347145853727,0.23616167858167525,0.2212637354475246,0.2754446061558339,0.3646078538738009,0.341028853048583,0.19597052483146277,0.29719130453265163,0.45424732123243267,0.4226912690340676,0.37708186453413384
EIS,0.5516791275889473,0.6356894405630528,0.5430304306890605,0.6221517741822163,0.6590741418652681,0.6274415453151644,0.64373393618076,0.633267996660519,0.5942135807754514,0.6958929683157741,0.576656596863217,0.5863468553074948,0.554570931099635,0.5065964979149428,0.5974842028527725,0.21339035464640158,0.20634930993072595,0.1936807694461986,0.681220461721018,0.5826921555110862,0.6258951032617982,0.448176199367895,0.5703410166557158,0.6932722409044769,0.4741935499184566,0.20454047529708816,0.44779202569077714,0.433364183773011,0.5646160955571551,0.5202037366118382,0.6706213417123141,0.5723441104163307,0.3219411105094623,1.0,0.6059385786594501,0.4970074405848232,0.6471496594601225,0.5840577350377585,0.7031005817042736,0.5894601833030536,0.6022780667122285,0.6025806941337789,0.3787077753226046,0.5585137916498126,0.5162568854398688,0.4157834000626453,0.6514470596932909,0.5187549389048689,0.5658368751932997,0.5312973795483324,0.5735060055699172,0.5215665239423674,0.4346035558329012,0.5084272093791571,0.48395152851320555,0.6328328938248725,0.61851032259354,0.6423309751263749,0.6499015969991098,0.5269078452909369,0.6095013577029057,0.4950707773728145,0.2812729431474826,0.31356924007674203,0.15756609143039504,0.47031769353207353,0.11705167376544219,0.6384457948625786,0.6944865977823085,0.6179255137160017,0.2699303154838607,0.5043460161022976,0.5257298969122871,0.6598990597193217,0.5775795707674481,0.4842425058252314,0.4532355865981216,0.23342437613116065,0.6702824825286926,0.5585080472658656,0.6380221468297852,0.542001092094014,0.6947458564355421,0.6781042321018464,0.4894246962621548,0.6258204935659832,0.383408885645157,0.7067973482053389,0.35780574256597053,0.4819258501798665,0.31758838429480934,0.35247807530671027,0.696064765621604,0.3086712192243117,0.6282002181799426,0.3042454408830831,0.6009423635342455,0.5770791848007822,0.4731818673350781,0.5495947632947477,0.5174339069530712,0.5933468624973487,0.6032295636757355,0.7068616484001886,0.6930734446440145,0.6725616730343409,0.6169107562606265,0.5012949649136128,0.6476333454529632,0.5950765587012921,0.6745694017565091,0.17832208961536325,0.6643999817922633,0.5475286238232194,0.5720782178164766,0.2253917108931614,0.31575754782915844,0.6237215285926739,0.40228890894087815,0.6966133455394368,0.48258668219838274,0.6994167146343365,0.2628766625134302,0.30443947779774166,0.49023892991251306,0.6456612002488754,0.406633359407401,0.6824736554541335,0.2441068675131758,0.3677394071987267,0.4531557792549483,0.5620720578831623,0.5203254417005376,0.6948040528449965,0.6214143687763868,0.30240352401912074,0.6603799537301572,0.11769322961391177,0.6218332076209021,0.1176209009468093,0.6235644705691877,0.617930047662656,0.2111998813579315,0.4749402483326222,0.5621715563718951,0.6724902948420236,0.5917739888307828,0.6854844372505176,0.6097130562072964,0.6613023760706656,0.723328942454171,0.7077386772911498,0.5840481429487515,0.6892996576579227,0.5746515826765356,0.4794236254687525,0.66063224046688,0.5877954627822556,0.5504707746371404,0.5656491843962915,0.4971205388266854,0.5196334202167476,0.5560025680613118,0.5853931344157102,0.20651454312129855,0.5506305951737583,0.6009379034878217,0.6632379217392717,0.25733552749310395,0.2664290798677734,0.3828619367098677,0.6330612038636741,0.5122345672153499,0.25521640652048494,0.5436464945761182,0.5925694995519064,0.7214989657734435,0.5851325971864204
EMXC,0.5601049477405007,0.5761538157069507,0.5316876569840279,0.5918015926289371,0.690826981967422,0.5837542338533779,0.7938371287148593,0.7750411084625458,0.9369340798859707,0.7165868521158867,0.5779127447348756,0.6664512119075804,0.7283642618221849,0.4994662055771025,0.6227066895130274,0.22856915314455128,0.23551717711965858,0.21138520021206722,0.762720673646947,0.5106097422255056,0.6255436148118726,0.41806660641475274,0.5686425159961855,0.716412422107383,0.7202525354597755,0.23412011673435892,0.6358293207452906,0.5817846781904771,0.9065956606149579,0.6000974653402039,0.8078232109723176,0.7302275862210681,0.4740371520977141,0.6059385786594501,1.0,0.6415558836650852,0.7966630572761246,0.9271936710275781,0.7115038958275027,0.7300558405223567,0.6914618831449175,0.7065387084491438,0.5211331134842172,0.6787363840593454,0.5970054975016849,0.5747856336730074,0.7860528359292026,0.6440308175058687,0.6890932277840207,0.6665734608733682,0.8958378685295637,0.658830782534992,0.6008421901779905,0.8988047742797622,0.7075167019387004,0.5669578435896996,0.747589716187229,0.643978005591474,0.80364938517608,0.8162245898387068,0.8213641026567714,0.43207248121423086,0.4969543401847479,0.5264183899361001,0.36500082332147915,0.6239252770797965,0.1386753398224293,0.776980480632163,0.6949739205675217,0.7264124773388632,0.26007974360354263,0.4958304939446309,0.6247027299700882,0.7460954829637005,0.5075108075725351,0.39415094270878437,0.6498759808037747,0.28591124986377886,0.7929857444450485,0.5488036637240643,0.6832827646897122,0.5703271543753726,0.7450275431637164,0.6922530776701211,0.4320424234849763,0.5879595331967669,0.28059219660474477,0.7346590952808612,0.45797863049341914,0.6326672177857569,0.34358457397808567,0.497563782993625,0.7087771182558663,0.28981156068091407,0.5873800407214105,0.3910945809615971,0.6532261549761761,0.6277239440634393,0.480864674443684,0.526406992064531,0.7342950066924483,0.5655514982763301,0.6756480368721617,0.713826229196954,0.7260833308347934,0.7306251967798995,0.6547252579064602,0.4915204805872157,0.6350592321633688,0.6182942188719731,0.6978116601194428,0.1743726952929363,0.7692256787689538,0.6545665926340459,0.5772449069465272,0.4356156978917418,0.5203239539762152,0.7615045961552228,0.5692475766666659,0.710076089116768,0.43620666917720774,0.7044203414332458,0.30288344123948796,0.3314042218007984,0.537810179880551,0.730970138584548,0.639022990015333,0.6578642946869144,0.2962860156359737,0.46879472221650453,0.5932741170996144,0.5556301354447503,0.47173120806058577,0.7024992016121836,0.6138979776554981,0.32478517470984825,0.8483732963647954,0.14110133415626924,0.7458516650956479,0.1282309067213976,0.6175536214704274,0.726223817702216,0.24916072409145115,0.4198391022244914,0.6610466810332384,0.6678830962291232,0.5768452894851944,0.6943021859189963,0.886053716195069,0.8943091177564046,0.8139880783006135,0.7163452813503357,0.6073470461382267,0.6855436786506458,0.8596109547458922,0.511870184618914,0.8834231643215364,0.7742342710162279,0.41787653481228343,0.5823859099845746,0.47687721580733883,0.5247366826143605,0.6139232488401839,0.5006636942761921,0.23677004663562445,0.48713766621418547,0.6423722363285335,0.7393859901694634,0.19963143627541727,0.2711019671302701,0.31941350994565115,0.5922989725769368,0.6336998712995254,0.26118741479998897,0.49401335304772104,0.9255840886396227,0.7752548795062632,0.6155967227648578
EPOL,0.5359276925932792,0.4865190458905134,0.421569299108322,0.4615637188236676,0.5192054792245987,0.4618378578995636,0.773324053628597,0.7389701064724722,0.6513796255309388,0.6238092923442002,0.5524894077203023,0.6478573542209818,0.5842248091167461,0.4943786573212107,0.47642710534672816,0.2227444682231004,0.2189361149787949,0.1554029176235787,0.5960612163794461,0.41674617775604283,0.5892973592062638,0.4889161718833996,0.5746934682136653,0.5922494675639459,0.6445906982943025,0.21533748317283902,0.6199766902537408,0.5133817859712297,0.6268211617324728,0.6711845367156871,0.713438939806365,0.7709897163378369,0.3831600207263466,0.4970074405848232,0.6415558836650852,1.0,0.7635457235195118,0.6409634271929608,0.6051279727538753,0.6706183836886134,0.709621586159645,0.7651938376224592,0.45325870830021375,0.7615607720794925,0.6303385497657997,0.4920773789411712,0.7033439001352826,0.7301658141069759,0.7485257255181377,0.6204638807271733,0.5344162197868293,0.7145712807483603,0.5486551457474798,0.4982151408206997,0.6114286276168496,0.47729197600758577,0.7701619362209382,0.5875541156763685,0.7550648074125531,0.6625156305324067,0.7674152036431017,0.5097348135839223,0.40331586241588224,0.431290360331634,0.26878830387047925,0.612619087119907,0.11954737915955772,0.7665957918159029,0.6019417618047449,0.662408962486222,0.2601589249444622,0.4454913650852913,0.4896604799560933,0.5227152753897045,0.4209760823663162,0.42949945481720686,0.5398818142446233,0.3494575918800041,0.5420962354048329,0.546010228217083,0.49670304422791883,0.5181163155513852,0.5885475565551447,0.5952723568494126,0.4747471745200309,0.5635954943034821,0.43095554572883443,0.5830927065976513,0.3920641619338624,0.5010630954967797,0.3342691823410438,0.44328533515136237,0.5928324510874131,0.36244059070969753,0.5632822236864482,0.36995060567129623,0.5540988192123767,0.4838660142280724,0.4475703740535703,0.5245211725237446,0.6212356080667377,0.5796175927694229,0.49929448507299307,0.5916734926825066,0.5474622970397198,0.5250773400990482,0.5257984478052654,0.5128632315553064,0.6136640184440955,0.5546879798280854,0.5856343462750898,0.16465177000440628,0.7478897395732527,0.6467736334985648,0.5559572096784408,0.33181186540380847,0.4234461256182269,0.49992772813315256,0.45948665934916544,0.6059853670390514,0.5267011924272595,0.6009902147835937,0.29744125966222656,0.32265750518407277,0.4234845136817585,0.5498247369421975,0.522239787406215,0.5466975875736054,0.2872925910360984,0.3538665884536449,0.42186428438951845,0.5394637308328947,0.5050850165685687,0.5718449840046402,0.5960885285033807,0.31720303451810394,0.7618157824654412,0.12657034720132315,0.7799548501209794,0.12093134728642803,0.5956358021411173,0.7009385166157844,0.23593836202636378,0.4549507082149495,0.6325317138512474,0.6075111795155252,0.5997985176302143,0.5623717198585473,0.641086458191596,0.7366147916893336,0.6963115085228899,0.6128178409589696,0.5950671556045657,0.5482904108049695,0.6575833956704772,0.518553968719182,0.7601740067683543,0.7746390978234311,0.3877734192082136,0.484071520125131,0.4055098967072478,0.4701544346172134,0.6150189529355206,0.4843526024931948,0.27961733967094676,0.5565030605857343,0.5651519080166898,0.5197575373852269,0.34028299114832883,0.30982070122073363,0.3917759527599178,0.5348415289103179,0.5145780716046471,0.27558364736745294,0.4919208530196509,0.6394314924562864,0.626540881329994,0.5498727541837558
ESGD,0.6870689382406806,0.6387235823789337,0.5846031544053987,0.625711159805106,0.6909768768151735,0.6142201906230714,0.9847803455914701,0.9315191109941644,0.8061444103501272,0.8108174497518676,0.6973986989701797,0.8135734321586362,0.8486777431412853,0.6065089658705966,0.6218405517981612,0.3017570847541479,0.3068545229551688,0.2524079239654999,0.809307381361415,0.5656840740249854,0.7743999652818605,0.6156532314690075,0.747077570086276,0.7853482461681489,0.7169484981576002,0.3053211417666179,0.7043617576813144,0.6067649173940632,0.7841438568116633,0.8870523946846914,0.9714607655644949,0.9602089156537735,0.4820243717233034,0.6471496594601225,0.7966630572761246,0.7635457235195118,1.0,0.7944890233483388,0.7982500526087603,0.8673585583728772,0.8931003197011516,0.923822934807797,0.5767162035140218,0.899079438015414,0.8537810200891082,0.5897092903758253,0.9007167152893478,0.8552715707488704,0.9230416285842101,0.7773777338082501,0.7131236293919581,0.8970866454950744,0.645375132920052,0.6521067128921824,0.7229141213778216,0.6369647644032033,0.9503631365948917,0.7562067495415238,0.9548678490650561,0.7819297134078013,0.9695212731727878,0.6757412265339502,0.49008129376985365,0.5193605765470465,0.3255960825809244,0.7244388357703663,0.18972417792685592,0.9892292213168791,0.794943376380975,0.8966700948796037,0.3349484764513583,0.6160680346828613,0.6188920078186156,0.698763297236785,0.5682593165798602,0.5966895504841768,0.6307267528289594,0.3923352061904437,0.7319990952238301,0.7277214760135832,0.6919363559546574,0.657369809246691,0.7855023958360682,0.7964629491590342,0.5715373532960413,0.7216133990135145,0.5291455853142463,0.761131778115752,0.44099725585624083,0.6327235595061149,0.44083996682017235,0.5347774248389144,0.7819266450686626,0.3936101472893398,0.7487629114923386,0.4318846195329743,0.7330185097466364,0.6148527618435224,0.5874226962410918,0.7045512567642536,0.7574515221674264,0.7397525352468886,0.6454017460740111,0.7776018663943168,0.7336455858413325,0.70545086378152,0.6890424366626787,0.6362609246855496,0.8002417743896708,0.7054262858950162,0.7643951835287649,0.23421775892272897,0.9585044929612624,0.7793709563173772,0.7144091670116401,0.3941572234317205,0.5080506056855517,0.6738508967837586,0.5382165075015996,0.7969432201965096,0.6523551985023944,0.7930131135211637,0.39508065379360985,0.4283126960812222,0.5359397305549928,0.7281069722319193,0.6195799190609507,0.7292012424400411,0.28693030500938244,0.4163869961070244,0.5585428157891981,0.6950016506894978,0.6748427551521002,0.7608912907809644,0.7553392385233119,0.41788110614073726,0.9895250661751975,0.1921903162659252,0.9746403849065706,0.17935515172313177,0.7810165016262415,0.9539795963196637,0.31999917064134964,0.6192249648376221,0.8268347947565035,0.8006550670606194,0.762942474364658,0.7657475503542625,0.8916294019951778,0.9592139264835844,0.9069191608097638,0.8047880961027262,0.7711486654592418,0.73064050753424,0.8005626322509435,0.6367712842700259,0.9730248353097246,0.9535654870875557,0.5108121413338571,0.6403775836177299,0.5513297035363658,0.6489901699911693,0.7726891386045177,0.640670774771569,0.325334435836685,0.6912665212403637,0.7489534880971161,0.6990552855266521,0.43353454305778266,0.40898789829081167,0.5459154030504015,0.6957250585482296,0.6389425394410779,0.3343563399729456,0.6112955273552432,0.7955674542436608,0.8357622021274049,0.7066156395326986
ESGE,0.5583097718944069,0.6038384573144666,0.5550435128043489,0.6157501621596123,0.6865712464579468,0.6060732875486422,0.7903834698041502,0.765669057292207,0.9844939395742834,0.6890046302540088,0.5612348825071561,0.6636562827760415,0.6889165389549122,0.5153057054922336,0.6120486651524805,0.2225596576882963,0.2288018847031937,0.1964143682956543,0.7462333158313347,0.502218402553789,0.5977055298190123,0.41939106241630114,0.547698777196027,0.6892178273878566,0.7853655331490477,0.2306885161499898,0.6525455653684403,0.5849236918407057,0.9370989541595911,0.6162079017089328,0.8050017693985423,0.7297127511480128,0.45031910364560335,0.5840577350377585,0.9271936710275781,0.6409634271929608,0.7944890233483388,1.0,0.6867751005798093,0.7322446425448168,0.7020717253649387,0.706152417046922,0.7057792814340985,0.6761831761454667,0.6005600423908963,0.5789328181195622,0.7950748452828637,0.632196535104698,0.7006445155364263,0.7118617019718179,0.840460842170556,0.6684450018247357,0.6009338288809989,0.8284237968759258,0.7559924122138247,0.5834849604141582,0.7528824998138492,0.628420758907433,0.8020500197547267,0.9135201844623752,0.8043293619402418,0.4263154195296124,0.48120805153915414,0.5083991390496748,0.34743279133273414,0.6317730461625517,0.1382802469335141,0.7760555024839222,0.6688595900301013,0.7172915302957936,0.27939172490901304,0.5146045503224702,0.6269043375194369,0.7350959162432583,0.5078497895067184,0.409417251513068,0.5944864597480929,0.28780510259556036,0.7452501541402318,0.5285533160191334,0.6464051628512423,0.563243925244719,0.7049168615594037,0.6668806050068322,0.41660201338706293,0.578146148100314,0.27913871624846076,0.734032648781773,0.4455492736494071,0.7162909161889944,0.33813787389088334,0.7730837175638193,0.6810226247254898,0.2884272073266049,0.5914680669164585,0.36828029645687904,0.6095096535788536,0.6429421828147506,0.4713478914456117,0.5157981476220166,0.7459106258514184,0.5510628176195654,0.6762216882328157,0.7281358187429819,0.7010733813446346,0.7133798780371873,0.6387685636675077,0.49626886193975794,0.6244503524118828,0.607492998393733,0.6760973166724861,0.15069865912262387,0.7693402857637923,0.7180300557215568,0.5765998554628288,0.4166183833315251,0.5037443134707028,0.7172506559037336,0.5106421073057608,0.6828611466644335,0.43547007382862934,0.6778873408358513,0.29734050241018006,0.3262640109125727,0.5769486655414744,0.6935143257363594,0.6493741010473023,0.642521711693694,0.265141836593057,0.43050595146000037,0.563944575491501,0.557795725946241,0.4593173877639653,0.6915259342250731,0.5999451976197998,0.31886858146092545,0.8342365107845692,0.13262589141887896,0.7504053462971046,0.12327295208001293,0.5935630964066615,0.7424396751189433,0.24012236516747712,0.4257399201721895,0.7079805760217184,0.6572196491345189,0.5632693160497312,0.6846911962027227,0.8479921056438714,0.9091098875286149,0.8046933915209786,0.692709603328507,0.57767478263909,0.6675576213652097,0.96761338217267,0.5123435391086751,0.9020437387195968,0.7896432339944156,0.45390501517317283,0.5384276027652848,0.4963519232259853,0.512408795791053,0.6111097368141643,0.5194820094781396,0.23302428911608652,0.4722499806097252,0.598131300054616,0.6954710893426336,0.2112355393676996,0.24778270038481026,0.32136944147476104,0.5945155120510234,0.6085617798621615,0.2647565194169066,0.505252257792389,0.9889195770119114,0.7895124202123754,0.5986676849876712
ESGU,0.7390537568168574,0.7930824633274345,0.6721469976456099,0.7848871147554743,0.8303611891128778,0.7924908778361555,0.7844755608429662,0.7370726641610793,0.6978710744762072,0.9769755214088706,0.784383698222521,0.7797145490922782,0.7034663958167392,0.6585405627417895,0.7359484487127641,0.250121622480692,0.23334058419385725,0.2014847844672392,0.8696105398186768,0.7697324551692416,0.9120689374533726,0.6310712771688353,0.8602173617498357,0.9861772706046467,0.561060006908906,0.23114905802633168,0.48791423962328284,0.4966476195731112,0.6476281218330593,0.6245982565032131,0.8260865560525963,0.709577352778768,0.4187902619514265,0.7031005817042736,0.7115038958275027,0.6051279727538753,0.7982500526087603,0.6867751005798093,1.0,0.7535309750494561,0.7188067449458672,0.7270288588216096,0.4394241514530631,0.6874528454149995,0.63615979108582,0.5091601838100909,0.7974744597722251,0.6312979482056627,0.7002504077714495,0.669378224515133,0.6934592613837853,0.6641021476698833,0.5328993527776179,0.5659811637699463,0.5618918772029707,0.8639432102129222,0.760792911264611,0.8474152163998382,0.7679181857332674,0.6415672798577516,0.7551792766792044,0.7837535226836548,0.3309002578789999,0.3640909569843642,0.1489802276112474,0.6141106579327862,0.09782858910537137,0.8061471810069797,0.9952171759947049,0.818196110580107,0.27855849660512605,0.6788379494031469,0.5864945359953165,0.7929270448039379,0.8088404531257071,0.6918929714082355,0.5745568908370821,0.3884855201614257,0.9069095613368804,0.8644723563193679,0.8755029333573564,0.681891319026584,0.9604121826881175,0.9708570895992663,0.653481877822374,0.8493104449043194,0.599200089675743,0.8717905765552875,0.4253155217792017,0.5801518789177174,0.40097820035691595,0.41918576348899794,0.9941058442373739,0.46253216336078706,0.8867637843074436,0.45758693506661297,0.8307065907136348,0.6778169704870001,0.6108602667560659,0.7950264757584513,0.6247131782508794,0.8623846469822918,0.7293738958738989,0.9089429073059274,0.9547218162273969,0.8941338235811711,0.8753340045038704,0.651257382689254,0.9159688770879377,0.8204125092064103,0.8737350313772394,0.19866054962526114,0.7686716772383282,0.6679668879531117,0.7739784438413765,0.2627937551776371,0.3752231773915155,0.8190930772156085,0.5016774003625045,0.9974988455989394,0.6858232214745729,0.9951822302817795,0.3196288656143587,0.38740848215904783,0.530826632886716,0.9010154183501933,0.5137132913279188,0.9638145712787279,0.27182252464484097,0.4072660554333107,0.5508749803277732,0.7516562460019826,0.8182823107366479,0.9003452389610571,0.844363403962392,0.38813334472244626,0.8085782596808697,0.09812203075159674,0.759707307543085,0.11158168124173579,0.9300534770418692,0.798342609068558,0.23222593354976068,0.6592370922033857,0.6246087963240358,0.9321665765913469,0.8405555441763274,0.9344399927180321,0.7433350096586891,0.7980224234464177,0.9698980988488674,0.9966546989229141,0.8619004211137123,0.9639909570300821,0.6930576541329325,0.5904293894205527,0.8055415856500378,0.7307523866889895,0.7135442051146765,0.7265399180699669,0.6252835674157958,0.6937006606484559,0.7691857329508872,0.8258550520710307,0.37373354121461727,0.7964717511549327,0.8484049359426644,0.9164963782621741,0.4510958670684134,0.4338272903257704,0.6045519132948778,0.8806614749404457,0.6371784106970317,0.42185523681778775,0.7326164714932473,0.6979882642735981,0.9208751510228552,0.8705142180198725
EWA,0.6604557939747623,0.5985607748718097,0.5437358629409897,0.5912850732680447,0.654225223295405,0.5815828002824744,0.8791981958813674,0.8482359202201214,0.7477652572252428,0.7765097860370156,0.6970408810309835,0.8423411649950576,0.7181027338580468,0.5682036719740587,0.595502924598626,0.306936949550421,0.317543629036394,0.2610164461105539,0.7188888129074871,0.5356349220021609,0.7313833914052541,0.6393140626662284,0.7367158208596135,0.7337301846263977,0.7216844572258679,0.31675065461860974,0.6684225037596139,0.5977665146015931,0.7235036108015864,0.7855346167410098,0.8356531336353339,0.8512174244867787,0.483436210035123,0.5894601833030536,0.7300558405223567,0.6706183836886134,0.8673585583728772,0.7322446425448168,0.7535309750494561,1.0,0.7678848829249573,0.7553072182113975,0.5624037569958472,0.7449908729883973,0.7240328402294319,0.5964117819863842,0.7486024830359288,0.7134286115315598,0.7618738942037027,0.7419045172614088,0.6579261165330105,0.8143687826915168,0.6157554308065374,0.5915382472361927,0.707372653594296,0.5956818984510809,0.7850001451642731,0.7336172230092328,0.8623445218364545,0.7530965111082459,0.8657413417094292,0.6477322873958916,0.5415643523225281,0.5667202597444749,0.3659117367655657,0.7793977111330054,0.20712169761462215,0.8765277045812943,0.751680831778876,0.7540569202384847,0.3269211775194948,0.5624308142532594,0.5783571256209453,0.6509120590165163,0.5405690809259258,0.5673468277559099,0.5446292646649402,0.47180114922232874,0.6625354800928142,0.7029966448901657,0.6567546206523532,0.5843384915919183,0.7318897976446784,0.7482959759632732,0.5566072608966494,0.6862397366098615,0.5006575909616906,0.7183596763562173,0.44685844446523887,0.6169966109071381,0.42930454453365896,0.5120291476887103,0.7365832251156194,0.4509735393511737,0.7089536047370775,0.4960948499085984,0.7037770111192488,0.5868339084235199,0.5713679190661504,0.6698881378912281,0.796538853399235,0.7105123976770257,0.6096268546455765,0.7210944497658172,0.6755687414783257,0.642474357642788,0.6399429450002595,0.6161845993727215,0.7679526525259297,0.6820762956673853,0.7306014278006518,0.27450598653614616,0.8464196835736495,0.7719752087104224,0.6832967521495669,0.4237348334200714,0.5445676121386771,0.605670757549831,0.4615215708596593,0.7532948409037346,0.6645080876730022,0.7477615648179438,0.3950559662504055,0.4168474239624414,0.5099352536704966,0.6887658106034662,0.6075321929682366,0.6795736643330191,0.24692911276204074,0.3945814033272801,0.5675305744722924,0.6614119093789407,0.654480229819245,0.7225005679354815,0.7339130218386992,0.40548972414633844,0.8788517974264258,0.21719355256760114,0.8242795237061001,0.19857027027247284,0.7433565534174477,0.8437843804686351,0.33096709830170196,0.6255001277022021,0.7796396026304465,0.7649918744252697,0.7456975604201732,0.7189416630038822,0.8176218674111109,0.8524874963838089,0.8405521913045813,0.7627863914953641,0.7484714934731941,0.6780730117410405,0.7474522554269514,0.5883018359337264,0.8744773711918365,0.8852520767351452,0.4852931644735578,0.6199541477930266,0.509621782340982,0.5925720523812944,0.7571204220680672,0.6014312480071784,0.41288613401044844,0.6550289673523336,0.7046470073740475,0.6409308160639141,0.43158571503671433,0.44370405285656395,0.5118011183568165,0.6505885850096091,0.6959723079767582,0.41833784227255766,0.5820557362308562,0.7259110556257776,0.765737670094542,0.6753616414085595
EWD,0.6229433944694704,0.6102084130689122,0.5496716980723142,0.5882892266149304,0.6377433039953686,0.5828215569753903,0.8878866080667417,0.8433937148871702,0.7071818025805717,0.7292632739961418,0.6308242423418388,0.7391211240299184,0.6797259714597726,0.5514666020199391,0.5725655015028361,0.2615979574722496,0.2722337984794268,0.22606113892993757,0.7337261045440187,0.52568403550008,0.691769335305362,0.5474453625057056,0.663420532971484,0.7081875729714929,0.6328709606630644,0.27281559946255535,0.6343787583022864,0.5515459589226759,0.6911539263362131,0.7860207256726744,0.8816917891461334,0.8488277888799223,0.4304525602791873,0.6022780667122285,0.6914618831449175,0.709621586159645,0.8931003197011516,0.7020717253649387,0.7188067449458672,0.7678848829249573,1.0,0.8799210105920642,0.5187214977928355,0.8254113785543655,0.7884617013989864,0.5290124588341978,0.8372371875549127,0.7746888732356011,0.860395567216866,0.6891914777258733,0.620305816884225,0.7946738144254679,0.5738898329795452,0.5513454590640398,0.6635752096973065,0.6081782225955712,0.8850241643859939,0.6932321236017028,0.8636945419803971,0.6922384074246689,0.8509616810012103,0.6113058090269129,0.44063899453955635,0.4662347653189581,0.28061157751870547,0.6433688591105772,0.1646387920931481,0.8875827171848816,0.7159067246156435,0.7908370290004721,0.3048299894347397,0.5571417117404984,0.5827745052001982,0.6233320156745207,0.539200274221184,0.5568942537029474,0.5872765383827955,0.31294629674486696,0.6501376931229249,0.642168060899514,0.5997267476047512,0.6087078192493135,0.7035864573650756,0.7214496383467569,0.5244588473554224,0.6721886988514683,0.47551120847037964,0.7027562986563668,0.3919084728839009,0.5795428395244754,0.3881807726718637,0.49337883006496314,0.6995097581496518,0.3250854342136615,0.6977856893245638,0.349751508251144,0.6733960498452903,0.5843236553148398,0.5371007121421011,0.6736325824056802,0.678444754207795,0.6778068105348991,0.6058081114588103,0.720146384567694,0.6618601377968916,0.6409869362712395,0.6027798234640018,0.5924780796592674,0.7343244700360501,0.6220680368527755,0.6994821825964214,0.20356765232852492,0.8869299757263887,0.7039884016666543,0.6450587946254791,0.34639578656811665,0.45744982269452744,0.5946942034501487,0.4966279446301426,0.7139030731159578,0.5990101004456637,0.7141055101969691,0.3589061728738934,0.37608096393162255,0.5151845479527859,0.6568207502515512,0.5447791168350342,0.665343074963621,0.25611190970378145,0.3485008363081287,0.49430944092076506,0.6353871452062602,0.6050454906647766,0.7047877045053776,0.6919485026872823,0.36285203403696437,0.8844618976906001,0.17772147728927062,0.9117570212455094,0.1513322004562996,0.7040403591867865,0.8564381593034821,0.28827076508304567,0.5865419153916199,0.7618531278839006,0.7395610698457311,0.698878705584628,0.7093747729657949,0.7389437214216051,0.857509203917191,0.8154781224144886,0.7258263607395441,0.6796546216703734,0.6665100553781744,0.7181057661312487,0.5895183988802066,0.8692198652000526,0.8392462254204824,0.5050244703529998,0.5684870406887292,0.5079325142906738,0.618708525786947,0.715752202008616,0.601865141151561,0.2524805072159112,0.6315101029068435,0.6830870265854508,0.6225672280773238,0.3739930958768998,0.35918172591761527,0.467945538704179,0.6530074400587588,0.5677514751711105,0.26451027740351335,0.5885789563162644,0.7086206034132326,0.7680805747669595,0.616334118421625
EWG,0.6329672265756592,0.6052291242352132,0.5178733751485461,0.5740428889411012,0.6238625350927948,0.5748405541134259,0.9081919248910681,0.8445057178810306,0.7122769528183213,0.7302015590940759,0.6207329636845379,0.7210385165728559,0.6892479559762527,0.5742303389139553,0.5716438973643877,0.2665346912536488,0.2693545673144039,0.2112354358531973,0.7304254281655758,0.5261902363979275,0.7039308767532432,0.5379839686175296,0.6693452974218601,0.719754567642298,0.6368134791771564,0.2658342305032971,0.6763997450082364,0.5469319208412119,0.6932654989245867,0.8094567708156477,0.8965194751397244,0.8945626541080427,0.43290835101174313,0.6025806941337789,0.7065387084491438,0.7651938376224592,0.923822934807797,0.706152417046922,0.7270288588216096,0.7553072182113975,0.8799210105920642,1.0,0.49732692506734466,0.9095615904271096,0.796156893389051,0.5241335139274688,0.8636651856747743,0.8546306392701858,0.9238593513073073,0.7019932030876593,0.62923690061329,0.8261232778626678,0.5833164704399801,0.5681747464141934,0.6600486823414488,0.6072832498666701,0.9606631078306558,0.6822203506822856,0.870764788288044,0.6915304522507033,0.8843550160214629,0.6181563627529661,0.41867252142028405,0.44944872570722005,0.2600489600464887,0.6153379954447016,0.1573614554221003,0.9196620763301026,0.7228786820666487,0.8233377330007852,0.3066067474650258,0.5329743475000996,0.550589099317359,0.6229260815739835,0.551968904042036,0.5569808536064208,0.5979446365601907,0.2937178687114654,0.6626685262944576,0.6478655893510751,0.6131726274824769,0.6376633566615224,0.7042372233826742,0.7244784530239221,0.5284454773033904,0.6746796643360564,0.5062931454068383,0.6891926057495809,0.38852741341754443,0.5518663927786533,0.4009214218155347,0.47564237372878126,0.7116256434049809,0.32477104025466175,0.6963858124221625,0.33046259012676615,0.6484406976617952,0.5470447037988011,0.5315537084394985,0.6515443049799857,0.6464051963020393,0.6803279973391834,0.5722227673788989,0.7101451660574124,0.6693882818789646,0.6421109582181547,0.622817597708002,0.5797722106434379,0.7296127052122083,0.6297870245023157,0.6846196558343524,0.19589459491867559,0.8872020741943735,0.6972085318808734,0.6630091590745212,0.33079434364864235,0.43998855237536494,0.599523111961083,0.5074749099981825,0.7243102292560611,0.5906555345813345,0.724702325092162,0.3605759977134625,0.3867213556242912,0.4783036859600969,0.6601807638657771,0.5630773135067674,0.6736410141463847,0.2785477725799697,0.3708419177810216,0.4753127647615828,0.6460328750317746,0.6130579016856402,0.6858396161740967,0.684010017708434,0.378351369222667,0.9071281636465419,0.16122412306570424,0.9526522499007546,0.1491906722500382,0.7062669826680987,0.8666415734161106,0.28125406857356805,0.5543796308795899,0.7465408665028542,0.7267489282103322,0.6894009313339285,0.6960719891515208,0.7448647833507193,0.8732169600127281,0.8247129183811723,0.7316405350604865,0.68116525693268,0.6756214866131989,0.7174206458027733,0.606998534808368,0.8865746502632096,0.8715021099979919,0.5023002884153304,0.5669270007187359,0.48074877328738774,0.5961018703049725,0.7022027919621177,0.606446203863007,0.2286155993605528,0.6488296139606428,0.6688101657711087,0.632875828496019,0.39963011474612364,0.3457402326292235,0.47562200183809694,0.6533753763368124,0.536758523763093,0.23698681589199022,0.5816632760465718,0.7133098263330357,0.7630665045156075,0.639645214961577
EWH,0.3687639699880278,0.38245227318754715,0.36677362166116323,0.3887027587467543,0.42648148131883207,0.3697163460771398,0.5816899429012005,0.5556535309410136,0.6966230948749773,0.4556689585297567,0.4102622232413385,0.4962470425187149,0.4396685583269771,0.3343565082851775,0.36894076583492236,0.1523829979206997,0.15041871593268144,0.11424356843341303,0.47452170730481197,0.2911266942303158,0.4145307942226987,0.36559110809315665,0.4034992873275628,0.4319353794963477,0.6659480822118133,0.15422640050863368,0.478799990434102,0.42829662376078,0.642440663811103,0.4919529129648523,0.5593041691263174,0.5629456781372116,0.31741073067520537,0.3787077753226046,0.5211331134842172,0.45325870830021375,0.5767162035140218,0.7057792814340985,0.4394241514530631,0.5624037569958472,0.5187214977928355,0.49732692506734466,1.0,0.4813415649135256,0.45007985253122645,0.4278752779657664,0.5471835031424461,0.4527950972296149,0.5155162414974775,0.5574620270004129,0.47730025011005495,0.5262840449820824,0.465387743937275,0.4462992819383559,0.5856820343831186,0.37074082756724425,0.5382761190885834,0.44668126402322544,0.5818788867814787,0.769312331410555,0.5763146608484301,0.33118568279118515,0.35271196330136567,0.3665199598093508,0.2645803927998669,0.5361785676821245,0.10021323351153283,0.5649642606160495,0.4317652011423796,0.5142195533162016,0.21288739396178818,0.3688096586803128,0.43046014285722356,0.44940437928738136,0.30061241300683283,0.3176967752699022,0.30586776217552064,0.2886950933032577,0.411142452811265,0.38301434461190764,0.396232576219117,0.37656062950066216,0.41685876466041094,0.4331391530317924,0.2887516277339035,0.4047010931256473,0.21629778406165676,0.4814073009474367,0.28844208905897284,0.5881554299148455,0.2273156299965351,0.7984054795360087,0.426605515163039,0.24305722378769998,0.43893788673619666,0.296417494821179,0.4114309330533101,0.43805592744589394,0.3184142437746561,0.37497035493308556,0.5980977914520336,0.3979772217244736,0.4396369322281963,0.49227239629577557,0.4097309153665924,0.4215263345895282,0.3896923051670314,0.3868959933924093,0.45056716940091796,0.41372734909369946,0.4442930860422818,0.10104534151696339,0.5579904003816262,0.6407754581153118,0.3829257574545859,0.33069953832352234,0.3742038447391904,0.40823385201159085,0.24503682556818004,0.43577289707976535,0.3819627978589307,0.4309662725761322,0.2018225783733763,0.22039941553092196,0.4337163933854656,0.4315025452753778,0.49170949951503207,0.39504787780483724,0.18213654586502612,0.24651032785360183,0.3515499080450259,0.36758783847065646,0.32688673620561537,0.4447769075284488,0.4379217398260201,0.21398917235529716,0.5827868915298827,0.08172124359416137,0.5460555792720554,0.08475803704163276,0.4107134744715278,0.5558284903684764,0.15937603404556044,0.3523053171469449,0.6222648310448055,0.4521364848219248,0.42446512838000794,0.43883374560168525,0.5558522997790002,0.6336506703475888,0.5444913087008205,0.4453369824073018,0.4179367970851875,0.4012737544369729,0.7468892775725121,0.35352036037348766,0.6500909069648171,0.6204513353323103,0.2964167271813266,0.33072504306753664,0.3308089658000532,0.35555945350297896,0.47993757568931134,0.3608553656075558,0.2407656842598294,0.3407769425739014,0.3947491502340391,0.38545394678094536,0.20501665081778975,0.20634696376135483,0.2624046979993613,0.3991705835937994,0.43763695935516356,0.24893596970096443,0.35655434382178586,0.6878793613696232,0.5383963839028972,0.3875489181462544
EWI,0.6165860377081583,0.5511302435919379,0.47692783538480266,0.5268176171512328,0.5799366268765633,0.5241071752273988,0.8956502244615234,0.8339861535496847,0.6857490733720523,0.708417029233163,0.6230102568293258,0.7182468261299481,0.6697514137223818,0.5759986844738091,0.5324252953847436,0.22513238409649375,0.226046924697717,0.16910628513080198,0.6758746256244719,0.4646553339160821,0.6867332871087701,0.5628996410155556,0.6669069235761328,0.6761313900043014,0.6503196683175789,0.2247333790306003,0.6399167623253176,0.5493153650324477,0.6675794346663753,0.7955550870006955,0.8448482175117392,0.9062806550859278,0.43746401278199726,0.5585137916498126,0.6787363840593454,0.7615607720794925,0.899079438015414,0.6761831761454667,0.6874528454149995,0.7449908729883973,0.8254113785543655,0.9095615904271096,0.4813415649135256,1.0,0.7697176314673916,0.5118765728505554,0.8123669454450816,0.8927521653474828,0.9124604699758257,0.6888143154671806,0.5882274261727064,0.8346384765451415,0.5772178236848114,0.5423554235872661,0.6432722546077627,0.5371080933265473,0.9283149254137879,0.6673597361775224,0.8453990230067499,0.6827278190278592,0.8824750112427092,0.6061447217229237,0.40516332022520013,0.43515251509889163,0.25274576189732645,0.6481865806235511,0.1157875877499079,0.9003986563563798,0.6856524912680226,0.8091609030629426,0.2880558153163107,0.5072992175927991,0.5506769360592139,0.578675676765809,0.47163302659601286,0.5206332613926561,0.5678945658180635,0.3708996108394172,0.6030032048092436,0.6380693446030946,0.5712398622061508,0.6161742766415883,0.6658944271775652,0.680490244883326,0.5393018647849097,0.6520732602160202,0.5238086635118737,0.6518725801722094,0.3936652979221568,0.5331257604837926,0.36197432146823105,0.45503398004405593,0.6728140990577828,0.3527220726506966,0.6493129303127259,0.39698229658116313,0.6338167296295937,0.5204859806371412,0.5152263746612351,0.6182739082967973,0.6509317312738462,0.6692337208215757,0.545532292850805,0.6596952612204832,0.6102632521800115,0.5715974709239409,0.5830958665602545,0.583026134884499,0.7078668325962191,0.6204643548341818,0.6607012918677285,0.16948735142255011,0.855988683024781,0.7089268365880378,0.6475263060230775,0.33198236381613083,0.41858182692274043,0.5428054111159946,0.4884683369583382,0.6887057001079769,0.6035067142355728,0.6836260933293852,0.32385879912793303,0.3512825508295582,0.46921459551358013,0.6003995907111325,0.5450393528530888,0.6179837690482216,0.26188118924135223,0.3738293377339748,0.4610080749761635,0.6245915497606083,0.5853610138076447,0.6440713476921172,0.6765618412090608,0.3410755937007507,0.8846251629575004,0.11786295893761568,0.9286529792016491,0.10818337125847952,0.6817364931462468,0.8242341173105499,0.23879863572240556,0.5491470691259434,0.7340389226175156,0.700725336587939,0.6877178438847754,0.6507948382942794,0.7225284000829323,0.8394766175565659,0.7915987829851161,0.6949191141439338,0.6842740617613987,0.6203242433988273,0.6905051591247157,0.5795779448121816,0.8622815489535861,0.8827059254935186,0.4273236027419008,0.5585348388542984,0.45297259992491207,0.5647084585284764,0.6934133063698021,0.5586667278327216,0.2970088161485457,0.6575711428988468,0.6595302829155238,0.5730525389243997,0.39347203700219974,0.3658136185105303,0.46008442178454223,0.6115554860740243,0.5301462016676229,0.29344028041209685,0.5518241727676421,0.6787655068321904,0.7037746422293961,0.6200084786170587
EWL,0.6010925638817955,0.5071613524595863,0.5160996968287439,0.49680617026594964,0.5155433804327693,0.4709966273322112,0.8274565883635391,0.7549353910875826,0.6070005366569128,0.6385791946015489,0.5401124670716325,0.6755855806181781,0.620170022714566,0.49018286566254876,0.4674104325729512,0.3453703970914294,0.36596164208753423,0.3129535667487702,0.6225549993799514,0.4304436109492923,0.6608222308329484,0.5732467104503812,0.6464210396215541,0.6221018904025494,0.5608890187534114,0.36116886440076695,0.6278157691321836,0.4902759640626015,0.6270831385874885,0.8683830379728589,0.8394146560629597,0.8191120570334762,0.40665279217257744,0.5162568854398688,0.5970054975016849,0.6303385497657997,0.8537810200891082,0.6005600423908963,0.63615979108582,0.7240328402294319,0.7884617013989864,0.796156893389051,0.45007985253122645,0.7697176314673916,1.0,0.5122204149824161,0.7361773275146744,0.742126852034733,0.8279155885245365,0.6486697954510611,0.5181985931067903,0.8024312088213801,0.5431337946152276,0.48465209983351665,0.6027172679637577,0.5016512766330782,0.8158741329380682,0.6108933319622858,0.7990761451678076,0.6032445081960452,0.7953463088469065,0.6538123926957676,0.43141562563013747,0.4460219079398409,0.2900581558971094,0.567276682134286,0.26214201382073005,0.8490758385549506,0.6392245739517337,0.7306353623491313,0.35027719292522336,0.5964838619262657,0.4949281634921141,0.5169430636715134,0.43679018066877073,0.5877159372758805,0.5354111469457705,0.2524907002279379,0.5217537127387429,0.641691901139982,0.5059946563573566,0.5379480656534661,0.6054551091420574,0.6551335434798041,0.4541471997029502,0.5824708572937817,0.49565424570166805,0.587526777832225,0.3581676702941952,0.4739862054784294,0.45513408598194505,0.4108529238546702,0.6175005818122883,0.28738774893848307,0.6646270920261188,0.2670535614827095,0.5739872535839204,0.4566355511741959,0.5138397539584403,0.6427158091198923,0.582623944910393,0.6188111501945531,0.47371392013677693,0.6260281380544809,0.5504393480205205,0.509312336695748,0.5159003900111738,0.5853024463108492,0.6904492205963044,0.5465544691173049,0.6050593342618104,0.27883546839602796,0.8114354043116264,0.6633798874965183,0.6142947975606198,0.3056011397117026,0.42151880408984077,0.4521091882072674,0.4485022928769484,0.6345813084127205,0.6059035979312697,0.6368415394191951,0.43917167657715517,0.4497261297533388,0.42350635114374785,0.5413147084411145,0.5098425984314421,0.5714306670438027,0.2232505260894551,0.34056907671138675,0.3928466848565696,0.606289631240116,0.642410306579405,0.6034292687028909,0.6232904961704215,0.4298869706533841,0.831582128389672,0.28029925483605034,0.8800662572138048,0.24733390026619942,0.67781380847265,0.8716166372608194,0.370701615678334,0.6052303133355056,0.7388624497454073,0.6683624697756029,0.6658380290729015,0.6110267563923639,0.6718647092547875,0.7935506781240012,0.7339296346868865,0.6421112775175574,0.6667397309792646,0.5628685998240849,0.6178139588382842,0.5681997256809703,0.8013654987176801,0.8048643187258817,0.41172432753207105,0.5109482409667686,0.5051670536173323,0.5793687757242396,0.6719059945715704,0.5412003981645712,0.19604773109985332,0.5921518376104082,0.6148083607561758,0.4962991484785816,0.49567097667366056,0.42646883591766876,0.5934324906412038,0.5639725068411231,0.46897135145474517,0.19714929562906824,0.5115301283313975,0.6038122890862221,0.6694453785525801,0.5566282556276726
EWM,0.42829033101134306,0.40608489967306144,0.3541584757153368,0.39096873876715627,0.44370837305720046,0.3949189701644703,0.5957912319117196,0.5829802346509441,0.5861876483249268,0.5115744483438806,0.430139902445357,0.5333978894410983,0.4987306903927502,0.3915777462160948,0.405736271739856,0.2227912264619358,0.24220556145105962,0.18943129382125487,0.49828317082311213,0.36745824818030826,0.49469410669913816,0.3998131187091836,0.48441378082480646,0.502801543572309,0.5452010983528548,0.23768762875446844,0.5198158625769959,0.44451679988085985,0.6035923449202176,0.5529681293787754,0.5767776008142791,0.5721867157717078,0.4410246254185501,0.4157834000626453,0.5747856336730074,0.4920773789411712,0.5897092903758253,0.5789328181195622,0.5091601838100909,0.5964117819863842,0.5290124588341978,0.5241335139274688,0.4278752779657664,0.5118765728505554,0.5122204149824161,1.0,0.5173223570516421,0.5086247616040307,0.5297801416471936,0.5526254073179927,0.5052508976362374,0.5371020204748063,0.43879871536078824,0.4778622785731455,0.5251526882429635,0.3994137271858785,0.5435210238188971,0.478437991916595,0.6101912453593131,0.5788394655458231,0.5896437960426938,0.4398596637393883,0.37661804597637116,0.3885370562176506,0.2681839827258759,0.4802015849083253,0.18156649688306337,0.5941022386305912,0.5103409800946928,0.47979726771032194,0.2544836338233258,0.3813711042452186,0.4183568588113264,0.4526571001075748,0.3708374972628874,0.38981137867988475,0.44512795217429274,0.2342079850714893,0.4701959767501973,0.47876746410427906,0.4520790366520541,0.4140126014363697,0.4855938266580131,0.50305686291963,0.3327034154188663,0.44547854614045174,0.3062131044223367,0.4844371339796915,0.34217348293072397,0.4240048343305175,0.3081775671803055,0.39606487509340704,0.502514226688364,0.25841514587403697,0.4861488615275922,0.27459962486632483,0.4525107673332469,0.387055276183334,0.38392783462317887,0.4380552707440484,0.5282057509466456,0.4663362343333145,0.413030526801559,0.4978594556474429,0.4646411872727382,0.4382896334523495,0.4480805849582553,0.3940819068152213,0.5063731787386287,0.4423844313936206,0.47190602660623043,0.18163770284165567,0.5840920286213563,0.5237761434605024,0.4396878510342734,0.31036544317078807,0.38090635979544823,0.4141193571314794,0.40256786565632074,0.5100569004527588,0.42451753997623964,0.5110206435145068,0.2997021270831313,0.30319989727923974,0.3541375622084919,0.47116671348660794,0.5467892069587078,0.4669697597389332,0.20929404953428707,0.36777612336360854,0.3711329855229654,0.4208353522501018,0.4416071529010451,0.47341166925543443,0.4738574179706952,0.28980408654182177,0.6015665689084154,0.18549615204893372,0.5654469127382957,0.1446156213652887,0.5020780587529599,0.5770678851675449,0.24668644067517473,0.39553034531918385,0.5654519087444241,0.5005671933156336,0.4820060095340812,0.47643655803011603,0.570762468442811,0.6101828072425999,0.5789493505615929,0.513413797379405,0.4852534317406914,0.47087583932587845,0.587773965460212,0.39104025931874786,0.6170328667276918,0.6011035637120881,0.31962700105960296,0.4122398061918131,0.3281607009159055,0.4066578727838197,0.5119087516380294,0.4001467163737609,0.19487461468738493,0.4095409880004365,0.4575687711520925,0.4500268539866112,0.3297355402244961,0.2935055240196121,0.35628954702216503,0.4450826899764271,0.43559274388061586,0.2062158725932946,0.392857253342709,0.5715209676786773,0.5269278885186808,0.45687920525248854
EWN,0.6449969265134479,0.6664421343199622,0.5784664769834493,0.6522688524340835,0.723690977222038,0.6547028353559401,0.876365652663052,0.8169346110502357,0.7999302453481021,0.7932281320783132,0.6454106099589627,0.7165025820109431,0.7196465926820298,0.5815287580218902,0.6426106992419975,0.2362348144394092,0.23634137988996315,0.19384763901048624,0.8181976597185369,0.5939072673325768,0.7090642636665274,0.4895693692732734,0.6564153230476483,0.7984967339386513,0.6413633623861373,0.23849784691371573,0.616377020390867,0.55337687757233,0.7476500086705168,0.7216009934349351,0.9224893306273546,0.8116843026320649,0.42888675506338825,0.6514470596932909,0.7860528359292026,0.7033439001352826,0.9007167152893478,0.7950748452828637,0.7974744597722251,0.7486024830359288,0.8372371875549127,0.8636651856747743,0.5471835031424461,0.8123669454450816,0.7361773275146744,0.5173223570516421,1.0,0.7465909350127009,0.8500678688920082,0.6991903779034769,0.7335134853765721,0.7543797426778229,0.5829843728894709,0.656622802866499,0.6597668772712666,0.6763060351439402,0.918076503289613,0.7153169540802379,0.8499461941776955,0.7330612912540445,0.8464773117049699,0.5748876269132859,0.39199962398843835,0.42679436321312886,0.23559174653861178,0.6098139747074528,0.1252091490370362,0.8862636484545205,0.7862720476004741,0.8343241271574133,0.2828638413978811,0.5597920933714566,0.6200480627481437,0.7416403572989918,0.5967736224030759,0.5417717464801324,0.5835590169077521,0.2930723892155539,0.8076569463488105,0.6500269707340424,0.7228431597622057,0.6401416965647575,0.8018248847935336,0.7820015943132378,0.5131137519617205,0.6886824113646841,0.42641955896834893,0.7760355793915389,0.3914248697570593,0.6367882998537004,0.37591418368282903,0.5495437852666165,0.7880744388830189,0.3205492747077098,0.7165048747201064,0.3646872974210073,0.7115859753178012,0.6508981097725584,0.541158264651313,0.6560178416257346,0.673848097320317,0.6783272852596614,0.6981811594313388,0.7980843995479056,0.793960731620869,0.7948666625718773,0.7177359040409019,0.5694555925011512,0.7452732299806665,0.6774337435840764,0.7481205238873374,0.1543821479072736,0.8590357734469036,0.687822314659816,0.6757302676975916,0.330573735102401,0.42696542118896036,0.7936832672794976,0.4987489489281739,0.7939868748119816,0.5294236889976408,0.7924075478466932,0.3236714254677302,0.36243767039728997,0.5531160375897026,0.7792360375865461,0.56445552405902,0.760109222467492,0.2723394038166134,0.3847926283340651,0.5326826953071994,0.6615155119458674,0.5846481581470073,0.7673287867781544,0.7008006016154749,0.35521489299291203,0.8995798348315515,0.12435609872202733,0.8982906890568225,0.11726438419080318,0.728537969151401,0.8385847872012927,0.24786063661502475,0.5247454699602498,0.7068117961946979,0.7690905694552036,0.6783809445762715,0.7819334834966948,0.794608420281763,0.8994362950560341,0.8766135762414371,0.801044947235963,0.6809490604089308,0.7754710076934641,0.787648088768138,0.5814139593785929,0.901413106961367,0.8144061985754857,0.5327945956730327,0.608580626336863,0.520350337208833,0.6220461645721626,0.6892241352774274,0.6385562425901168,0.23662060438697569,0.6139681323281385,0.7091257981719604,0.7760977685059433,0.3119013670336038,0.2991600259358735,0.43113973563193536,0.7019651887035869,0.5860449720581089,0.2752549623697195,0.5962329802467039,0.8045057996186157,0.8546122993116352,0.6861275899461926
EWP,0.5750493433857051,0.499539978034606,0.44846807971139757,0.48220168974112093,0.5182656085965441,0.47445049809877876,0.8515350840249534,0.7952077196845356,0.6426194845443705,0.6507529635287689,0.5699704356707792,0.6828333129426216,0.6289629140072279,0.5133991961978743,0.4859279507675965,0.2577700089141049,0.24965200307637714,0.18269341463483896,0.6132495151634073,0.41994932719568423,0.6407844215096744,0.5434982933399365,0.6255525940270121,0.6169274571576843,0.6180124849774158,0.2493249479876672,0.6339746424925687,0.53315043128434,0.6404972109087749,0.7798906123079419,0.7898855647177359,0.8784967106434625,0.4101178492925046,0.5187549389048689,0.6440308175058687,0.7301658141069759,0.8552715707488704,0.632196535104698,0.6312979482056627,0.7134286115315598,0.7746888732356011,0.8546306392701858,0.4527950972296149,0.8927521653474828,0.742126852034733,0.5086247616040307,0.7465909350127009,1.0,0.853958240902467,0.6546895025279782,0.5496800961343564,0.812377819886292,0.5670195892509192,0.5093756615405007,0.6182594197436942,0.48196583344101873,0.8722748847375518,0.616376150915748,0.8043690572387485,0.6416851958220875,0.8422766489601728,0.5649934336414645,0.41047676316336024,0.4308634426967586,0.26069202991269,0.6041294224189449,0.14675454187598216,0.8557592703168173,0.6295671960461651,0.7464313354825862,0.2901361948074284,0.4989659147837641,0.5616924631190404,0.5369468776104241,0.41817333039930726,0.49701546093894017,0.5451679275016909,0.3254869822589157,0.5487739201354244,0.6042558077361657,0.5181195534619475,0.5780404538393353,0.6084656978194318,0.6258637948237793,0.5115621447431886,0.6013421278066298,0.5002828669999212,0.5994578249755973,0.37604409421550505,0.4970945386931355,0.375995627383,0.4080034923515037,0.6162893632916775,0.3286565598481683,0.5995027987637646,0.3429953809178905,0.5720606382485586,0.4889223103853375,0.5035339508047758,0.571668342785772,0.6109900373670064,0.6221540832784299,0.5088879511182143,0.606395967901467,0.5519191471384026,0.5108393585790029,0.5410741208673903,0.5698190015448505,0.657632205944098,0.5797852575424648,0.6135577256991225,0.1971436171348616,0.8119067574798274,0.6776273350801117,0.6002889044679379,0.3210273297801031,0.41569215817280203,0.480934521159648,0.48096784776226237,0.6319423769059761,0.5876737463653567,0.6286031281429366,0.32431746527672023,0.36478753018105725,0.46540343144440005,0.5468915693199967,0.502476756389043,0.5594278941626438,0.23242185181369276,0.3479404592147187,0.4316700114494257,0.583946645641406,0.5553268258081455,0.5937856703580804,0.6266444604836049,0.3610795330227015,0.8398646761467248,0.145629863100261,0.8843013391192309,0.14783432883636588,0.6370507893783545,0.7783225591414717,0.25499908651389314,0.5422846864366363,0.7194729098813247,0.6503054276021548,0.6477622492234589,0.5969300017442665,0.6827805564909432,0.7950705261342675,0.7358264622226717,0.6388152547051611,0.6467102680498131,0.5597777020947919,0.6450410059238689,0.5504308553004987,0.8160231618825382,0.8543766732660772,0.38212411718872086,0.5062015039471381,0.4429665545006585,0.5273778800960693,0.6378713651986231,0.5175036259828847,0.2557474612568308,0.6133358370649273,0.598565868822139,0.5173575821348835,0.3801750475576456,0.3806022341457719,0.46124842594891513,0.5483561531962914,0.49446696202268675,0.24728455944605698,0.5040148427612994,0.6291096490072408,0.6538384452143902,0.5864956943001977
EWQ,0.6201932885779072,0.5627883305149418,0.5109082965581867,0.5403207659522338,0.5879543357403031,0.5326775892735112,0.9045098524811571,0.829528623112441,0.7065114959590402,0.7155557954536224,0.6253304993969899,0.7103066624065167,0.6694274989303515,0.5583548774765086,0.5404089753295531,0.2585756347206116,0.261060027012797,0.19543289013012952,0.6971276652128215,0.4703424712960374,0.6972724711036271,0.563861239948099,0.6703374960382932,0.6912964656938718,0.6481562674303321,0.2580534031644865,0.6676710811953923,0.540970902265575,0.6939647521198242,0.8238262957894272,0.8940582311914391,0.9004040477346561,0.42699004557928566,0.5658368751932997,0.6890932277840207,0.7485257255181377,0.9230416285842101,0.7006445155364263,0.7002504077714495,0.7618738942037027,0.860395567216866,0.9238593513073073,0.5155162414974775,0.9124604699758257,0.8279155885245365,0.5297801416471936,0.8500678688920082,0.853958240902467,1.0,0.6951487667799341,0.6036793160677685,0.8432218047523132,0.5928693919088777,0.5556228421464617,0.652013848496797,0.5604557503488075,0.9686163181596729,0.6805531542432175,0.8625907441408202,0.7031305873467127,0.8861575013786966,0.6247282924455362,0.40412301653669314,0.43237322903320935,0.2523657007485509,0.6383124540065487,0.15263443714486147,0.9197069092523387,0.7001961224756497,0.8216652811167041,0.29975128605046847,0.5430597430230074,0.5357754785101058,0.5930468016608815,0.488789359487493,0.5485210267888454,0.584251149278153,0.32812442630805744,0.6203060822003591,0.6507525460215866,0.5758898429325408,0.6418530887372492,0.6769110956030652,0.7017666547693244,0.5253465924976317,0.6447627506185206,0.5061984726832688,0.6610872861848724,0.3912034525856233,0.5512057482518391,0.39056961652183125,0.4953815896737019,0.6838886760760198,0.32750516882547864,0.6835248188793962,0.3468584728774348,0.6544701394180935,0.5256631550701725,0.5205217567220127,0.6576425262685117,0.6567398800596289,0.6758683347896088,0.5491455939771263,0.6863848613831581,0.6289195323326174,0.5959566373553445,0.5886396835289076,0.5915228933995492,0.7264777881553635,0.6155050233720757,0.6734062064672259,0.18969211921182777,0.8731104576991447,0.7170601045425196,0.6523745056084528,0.32322548047790495,0.4195265964478019,0.5643529182583102,0.4884167905174222,0.700247947626388,0.6058824622833308,0.6979796905888344,0.3511394868765689,0.3784948225889411,0.4643732614846304,0.6286740571953366,0.5566365122002774,0.6363681767919903,0.2751786001956585,0.35871980724975594,0.45753034865378744,0.6365318865702331,0.6037150561021956,0.6635006129693416,0.6888697022746889,0.3717684147906392,0.903271381689644,0.15262051943271607,0.9578290164969953,0.1418342056210643,0.7002747503931704,0.863172433617224,0.2737875293575629,0.5676535555411925,0.75675922831802,0.716470880382508,0.6957510880002423,0.670256048273533,0.7317625429373954,0.8645298326583299,0.8081836897313763,0.7080090814730235,0.6890475958513583,0.6364141428225382,0.7162899258520522,0.5928700733007484,0.8832196444071339,0.8798211160413818,0.44623800891242305,0.548129555842629,0.4770121383481743,0.6098827541783901,0.7161072839314158,0.5791493285737803,0.2560838586992791,0.6369221663022991,0.67260592419753,0.5902996078357073,0.4283703688378757,0.3623838747555177,0.49375377837512346,0.631346682189195,0.5324568814900523,0.2628722428225078,0.5777490890604079,0.7049292573494773,0.7302988547606218,0.6174491742128
EWS,0.5917146886081179,0.6193073136734445,0.5264623319106619,0.5975449030046369,0.6143252376704265,0.5951443944586371,0.771243817082664,0.7357079896072235,0.7115908169267586,0.6706256450124326,0.5719729919156865,0.6929342186730303,0.6446790490087945,0.5479482710527892,0.5459715510997539,0.25041619674814325,0.25120431450976727,0.16294738168688802,0.6670915762052465,0.5127922314669549,0.6160083568869098,0.5077286418576197,0.5981132317159567,0.653083261370751,0.6607119096259358,0.2533590719340012,0.6052361766324216,0.5161600216493483,0.6874111667353882,0.7211109556666896,0.7573590246826672,0.7484785883128043,0.45805712758194356,0.5312973795483324,0.6665734608733682,0.6204638807271733,0.7773777338082501,0.7118617019718179,0.669378224515133,0.7419045172614088,0.6891914777258733,0.7019932030876593,0.5574620270004129,0.6888143154671806,0.6486697954510611,0.5526254073179927,0.6991903779034769,0.6546895025279782,0.6951487667799341,1.0,0.6168308821241292,0.7058874812683397,0.5401639000943059,0.5380160396541861,0.61954680636293,0.5874481506946364,0.7220608885559663,0.6259732287709305,0.7597690931178319,0.7121823455418884,0.7589038688166142,0.5449460166677162,0.41677374729238803,0.441441978089834,0.2660115271611924,0.5999991096575422,0.1515760258065894,0.782607901083035,0.663122552870151,0.7032149149730546,0.29293749215772813,0.5362031266738911,0.5119244995160576,0.6100781023261785,0.5236193186467873,0.526666186479309,0.5191174633024939,0.34268475533898884,0.6073044781506496,0.5935748215213642,0.5810770023607724,0.5527813984504529,0.6508450905508832,0.6584037204769002,0.4779684609590835,0.6247341407948196,0.4362993806968387,0.6570493273108438,0.38136869349971414,0.5642169641676571,0.3748177726353989,0.556650046889328,0.6546223678492451,0.3415159716525526,0.63382629368675,0.3625304834559309,0.5652058121532231,0.5447720243036744,0.5007143887469153,0.5667259293846814,0.6153335529976839,0.6096422826518828,0.5536399309119406,0.6851874786238259,0.6223964774170779,0.6094744347710426,0.5874769305232592,0.5333522331518556,0.6634359599998867,0.6263729682217223,0.6391010352973505,0.1677815838357544,0.7485695383975616,0.6808242546618825,0.6214855453521394,0.31869737288994127,0.4331194348563693,0.5508604151363211,0.4572645469658297,0.6660155352268402,0.5304749567448382,0.6631940594623195,0.34435288409724313,0.3652483048688446,0.46897953399448317,0.6097343227456116,0.5668290510339934,0.6236146612562975,0.2139988648731561,0.35499598771931823,0.4780180233841604,0.5966086862267094,0.5552937135608726,0.664366501161052,0.6228186492705317,0.35491338796608685,0.7780654132923163,0.15015035235678248,0.7439383529829364,0.14191032501349118,0.631312280280368,0.7579506250369528,0.25883417361806843,0.514586145917044,0.6861522314078645,0.675883400341153,0.6206484457690234,0.6667063198935738,0.7161800272958084,0.7763926391636707,0.7517312494708907,0.6770312580282661,0.610046450880636,0.6291227484585058,0.7348166138371237,0.540140247376379,0.7925458529747296,0.7721486933187615,0.5099789179414675,0.5273002094507802,0.4994482500253859,0.5100129169971981,0.6202186029244421,0.5688037094070482,0.28676758577336187,0.5632966920721854,0.5826268607795196,0.5816747586330078,0.344306599413113,0.3297257556651472,0.4266819741664399,0.5965806612867077,0.5168329718612241,0.3058590608924097,0.526880214540865,0.7118413899240444,0.7139203768347631,0.6094075342609235
EWT,0.5172085226741867,0.5462236386718092,0.5010556581176996,0.5691072284938872,0.6714831024218986,0.5707339276499752,0.7079523068939496,0.6897143723364703,0.8544395457638422,0.685360958634242,0.5467746892575919,0.5983694790486764,0.6683694114709258,0.4781368418623433,0.5916967419826787,0.2005365647989204,0.19635546183062244,0.16904041947767062,0.7445783809808231,0.5289076146626612,0.5837553851164027,0.3645903127170558,0.5227046596498273,0.7049779086509104,0.6175984642435338,0.1999520012033098,0.5285423646585917,0.4818915144072841,0.8074912816632693,0.5065754149656423,0.7398948297178789,0.6386614667598225,0.40261549563645593,0.5735060055699172,0.8958378685295637,0.5344162197868293,0.7131236293919581,0.840460842170556,0.6934592613837853,0.6579261165330105,0.620305816884225,0.62923690061329,0.47730025011005495,0.5882274261727064,0.5181985931067903,0.5052508976362374,0.7335134853765721,0.5496800961343564,0.6036793160677685,0.6168308821241292,1.0,0.5776866738121318,0.4980420510654693,0.7669698080087123,0.5971613204113697,0.5678635918525647,0.6706191177980481,0.60509673619149,0.7173633722757307,0.7543154524567491,0.7207253535755351,0.38955357071435065,0.403507195185735,0.4336010604622521,0.2784478814806786,0.5478689039603042,0.1061111308504205,0.6958595167104293,0.6752654356002734,0.6746895384723142,0.24636881248769932,0.4509843515368693,0.5683142939194122,0.6836275957502401,0.5323770700752662,0.36336085656004224,0.4944768373376027,0.2656108454976075,0.7921533531912194,0.5116947419341829,0.6906250160071002,0.5279309723565568,0.7152399359662629,0.6661086482605928,0.3933696348349746,0.5653456207586126,0.2388337112725847,0.6950121995967014,0.3612374717146289,0.596790243351458,0.30954277422061965,0.465044526586369,0.6941036691737377,0.27927314423676325,0.5655403231351717,0.35997911898327545,0.6142173345685429,0.6041036290353634,0.44285974155723346,0.4867873378911326,0.6447575892346185,0.5273532566441469,0.6464313085738785,0.6860418915329247,0.722894240900542,0.7341876571382566,0.6467758452532617,0.4483481471880948,0.5941896777033419,0.5836889534868637,0.6535220716296425,0.13840560649362713,0.6918104032600519,0.578987093152445,0.5399608528617924,0.3526799502289793,0.42988020549747336,0.7836907579453581,0.42766264195618997,0.6914064395006054,0.3815468202619467,0.685782716849589,0.25472243425288454,0.2975005307619087,0.5109750223713203,0.7426010884379965,0.5725854362294471,0.6624760914502816,0.23095901664457893,0.380947292587845,0.5350573296477092,0.5143175670705448,0.4288391744233078,0.6703679834330647,0.5737598029784164,0.2995798538834377,0.7532949992184148,0.09876250130769809,0.6616447501269568,0.10261292788538742,0.5845263519925351,0.6580259498341603,0.2092658379999567,0.3775582963707182,0.5694665450044003,0.6283861641967241,0.5242099110557771,0.6690814433590855,0.7861216475355984,0.8130081594940222,0.7661209738702746,0.6945721742415839,0.547795804382083,0.6886347441073044,0.8029238400890034,0.4493966666570085,0.7950874756820043,0.6839083946363581,0.4369391304194995,0.5345324233405454,0.4372151027318455,0.4950562165521094,0.5512166102005949,0.48836324214903987,0.22747809387934828,0.43789337332100253,0.5964952801463214,0.7470616964188542,0.14316123683073084,0.21634205021132616,0.2712352030128661,0.577643853265547,0.5737650409145888,0.2681058207044764,0.46726216648743335,0.8411304617903722,0.7569328115560714,0.593742392759752
EWU,0.5869514336016697,0.4963299171670766,0.4520383141752537,0.47409247408777505,0.5371938812229232,0.4655083606875778,0.9046200424282252,0.8527921346056186,0.6848098192523258,0.6963135131667431,0.6389118257594792,0.7882618719165231,0.6595816008473658,0.5380078215133941,0.48744917968166374,0.24883230161955566,0.2572542407157646,0.21954777068392162,0.6280918574541428,0.43123160488772466,0.6959442637230848,0.6478799157268111,0.7162300438530921,0.6426005427553461,0.6891745549688887,0.2562146351856433,0.6453916427148939,0.5573780930550541,0.6721552445865422,0.8513560805831242,0.8292885786899312,0.9240528504295437,0.42325164744790006,0.5215665239423674,0.658830782534992,0.7145712807483603,0.8970866454950744,0.6684450018247357,0.6641021476698833,0.8143687826915168,0.7946738144254679,0.8261232778626678,0.5262840449820824,0.8346384765451415,0.8024312088213801,0.5371020204748063,0.7543797426778229,0.812377819886292,0.8432218047523132,0.7058874812683397,0.5776866738121318,1.0,0.5780305753286062,0.5048474350729981,0.6805053049620007,0.47675729691256113,0.8440460030972584,0.6651058579339566,0.8546698732453758,0.717820975727416,0.894839153585477,0.6536748281115403,0.48326534381118613,0.5031101015065649,0.32207238624027484,0.7602025107210788,0.15552671074490662,0.9018938397043275,0.6656625338965741,0.7909204820924852,0.29953835433710374,0.5343328692803433,0.5209984747450745,0.5521612717745136,0.42401276718341274,0.5412539159514944,0.5576046460526592,0.4895192370241371,0.5453768664737174,0.6726357841170321,0.551969831535255,0.5535717349782326,0.6409477026548769,0.6741849013818996,0.5361790188343293,0.6268729281966551,0.5487629217672382,0.6124695007617745,0.4156518938809874,0.5430380246971792,0.3716986208981589,0.4799561067517007,0.6438746286372483,0.45073512884269307,0.6494555511480328,0.4698882846049503,0.6270457479586237,0.48347832263484325,0.5157240961558911,0.6205389695351939,0.7327827051137513,0.6734117040486605,0.50193778075115,0.6351698806366249,0.5553719352999621,0.5171340467370131,0.5584872690412533,0.5899281432556507,0.7199633470951908,0.6135670350135695,0.6415361562918467,0.22260418159593162,0.8532977808174529,0.7632108247610728,0.6154438800915668,0.39001946937575876,0.48796575781524676,0.488029711775834,0.47201210161644525,0.6653789031179856,0.6656182341769156,0.6578999256776596,0.34498608703312794,0.36033609802461547,0.4415321399793069,0.5746226969127933,0.547763538882412,0.5749074536993999,0.26759833692132384,0.35984059290776405,0.49108244803021417,0.5964383236169845,0.6388190061086845,0.6144036904900445,0.6837679553959529,0.35102471551201014,0.8836547913527598,0.15890392488895438,0.9165600560876874,0.14075576106769483,0.7009581528142931,0.8559386017383392,0.2788073209056903,0.5897621273605623,0.7692403291381812,0.6980406287902164,0.7201860830108757,0.6204151038469065,0.7217498330762592,0.8343995575651348,0.7779780751763836,0.6717806970864083,0.7334630249988148,0.5637456121142479,0.7004291530222205,0.5557491367581339,0.8644940429756225,0.916951395186394,0.3830708109636747,0.5450040952909225,0.44796988734401944,0.5297573637823395,0.7290855356604292,0.519137514189701,0.40848834428712455,0.6550967157927785,0.6531881200256996,0.5170790093060523,0.48508167880065095,0.4421449800044989,0.5517583697415607,0.5599873630851048,0.6009448615801447,0.38822439026683203,0.5163722274159805,0.6635690148125006,0.6796132204397447,0.6194317120569731
EWW,0.47904204671467765,0.4288276839695074,0.3833990571042549,0.4244466081099721,0.48786282332685954,0.41807253005453493,0.6568523779676719,0.6363669404465793,0.6070351515444417,0.5598176040582086,0.49967222978318393,0.5988711774763092,0.5290192885836945,0.40168276232356476,0.43040426820147515,0.24160394724931866,0.2373137109098445,0.19532849776461414,0.5393370669353977,0.36573098586135033,0.5198056964720423,0.45134076791119565,0.5124621021918488,0.526944404031874,0.5860893314510432,0.24069514506739453,0.5700908545582711,0.5297188963093423,0.571261850174791,0.563525397256011,0.6158283337633405,0.6331770027181425,0.36568989126207563,0.4346035558329012,0.6008421901779905,0.5486551457474798,0.645375132920052,0.6009338288809989,0.5328993527776179,0.6157554308065374,0.5738898329795452,0.5833164704399801,0.465387743937275,0.5772178236848114,0.5431337946152276,0.43879871536078824,0.5829843728894709,0.5670195892509192,0.5928693919088777,0.5401639000943059,0.4980420510654693,0.5780305753286062,1.0,0.4661399759060528,0.5902425470835375,0.4174716630981758,0.6104174850044817,0.5347402423806957,0.634263742609173,0.6242974456771094,0.6468062938814854,0.4369978342458655,0.4185229926426242,0.4461101751098142,0.3080709031156245,0.5665469494670949,0.1467464529991161,0.6464868206608326,0.5321928671319833,0.5826525920465944,0.25438371535030896,0.4053326266492449,0.4703036297154279,0.5009703301691549,0.3651833698986117,0.3687898501324778,0.394997570075842,0.30967942872566573,0.4817603777865518,0.49986851538984184,0.45930900598914937,0.464381573426575,0.5422590893668418,0.5298045289689021,0.4018517740497624,0.480289431158145,0.3593941012348487,0.539651018737711,0.34673865515173485,0.4757653073814263,0.3297734203767651,0.4125229838730452,0.5184775226303827,0.314800281047494,0.4848593165991548,0.3408135226887161,0.5401143814709246,0.4630968189007991,0.43643150367456257,0.47216412692812904,0.5945835925546088,0.5138823993466227,0.48017687726707403,0.5390558945921476,0.48888435327905105,0.47111891753235785,0.47193578461310626,0.45883251625034144,0.545961126141349,0.5168390391648755,0.5364411297320175,0.20885501416973687,0.6248324825734254,0.5905150764125398,0.4840966794649462,0.3633894881004237,0.4658021712424408,0.4639546848723928,0.33194396390967734,0.533596408163452,0.4594655006357392,0.5308664906176532,0.2864025734221505,0.32420048042812977,0.42230520918330383,0.49507203988274623,0.47232765674052163,0.46986860714574874,0.20259465209430585,0.2938413584676731,0.44792705688239853,0.47430014081189825,0.447547946530254,0.5294076450937554,0.5351883529047103,0.3163795381808622,0.6526692351804471,0.1544032416864713,0.6261194270815585,0.1602639712187978,0.5175315525612915,0.612271676997174,0.2501340434062533,0.4115930358096225,0.5723740479047492,0.5526502058928999,0.5373609780399575,0.521260221206985,0.5918299602755561,0.6485236977298648,0.613102022374775,0.5437318123676282,0.5349829030315626,0.47521733504530783,0.6098358954210831,0.45651135899895345,0.6643061933187284,0.6685694313582599,0.32593311580935425,0.4588921687496018,0.36117826096958283,0.43977274694598906,0.5671405981847383,0.4208480812759771,0.2600629530863178,0.4614802547138579,0.5288336306325021,0.4620784329589461,0.30085477264161214,0.3064034313708592,0.3215884436463058,0.469119326371191,0.5116786441052521,0.26147315172397334,0.420502115149806,0.5912415900394465,0.5636163654281142,0.4940600680238746
EWY,0.4489305017011855,0.47273218811132944,0.45013923214688756,0.5021816684751637,0.5832109993745048,0.4879170833561895,0.6427519286492286,0.6270570455621188,0.836653054161527,0.5661799168485896,0.43371713691687996,0.5099315411785496,0.6197612170879367,0.3824100516170086,0.5355984993629026,0.20792255840914517,0.2183216131790983,0.19312710462751953,0.642723455214328,0.40683394090967995,0.4764667869220995,0.29060336006232856,0.41613197865257673,0.5757596342660368,0.5569181389165717,0.2153362943640058,0.5301388012244811,0.4760630772982272,0.8081214627404312,0.4745953667724313,0.6788225793421016,0.5767868145632256,0.3672110074614301,0.5084272093791571,0.8988047742797622,0.4982151408206997,0.6521067128921824,0.8284237968759258,0.5659811637699463,0.5915382472361927,0.5513454590640398,0.5681747464141934,0.4462992819383559,0.5423554235872661,0.48465209983351665,0.4778622785731455,0.656622802866499,0.5093756615405007,0.5556228421464617,0.5380160396541861,0.7669698080087123,0.5048474350729981,0.4661399759060528,1.0,0.5793437671168465,0.44682259366112975,0.6076457126428337,0.5029389924628341,0.6771341117983305,0.6568220827278417,0.7002045853604517,0.2915732814542854,0.43842301045305326,0.4585754338296455,0.3393712017931365,0.4902307143607156,0.14140998704898405,0.6280955441177842,0.5488100982767111,0.5760160533056117,0.22168588372888948,0.3946415725427916,0.5425341927779491,0.6613512191164924,0.3999653754155275,0.2871588500496502,0.44102845671998114,0.186474176313456,0.6938431445437319,0.40450921725331074,0.5732268823492527,0.4468566382002652,0.6180625162444412,0.5553955965478541,0.2975366514991257,0.4404841614759924,0.13923417640336017,0.6169319451647455,0.3239077903491904,0.560646103948026,0.29326768671777415,0.42134431517722615,0.5666727765961511,0.18128605296139738,0.4490087214025804,0.28973548693367496,0.5190738319359879,0.5364519385022066,0.38875500035402627,0.3933266942298178,0.6173191347796376,0.4123314635479424,0.5812027544031797,0.5887774622354858,0.6092414027951982,0.6319957875796506,0.5294659206798628,0.3706842404022885,0.48680393339769523,0.4860688969092592,0.5708216606523485,0.1511165153639087,0.6219402931712504,0.5044593621306648,0.4539839011534054,0.38999232407617623,0.450198939510149,0.6620550448409411,0.3793481899303413,0.5647806323112778,0.29695742204739894,0.5608427962496363,0.2501825004973881,0.2829732118893291,0.4676350680425689,0.604370966286708,0.5323977552511076,0.5221053540451597,0.2125747275260183,0.38693097715137637,0.5218280628233684,0.4405393379888743,0.3385643447037558,0.5791413107842789,0.4641757012630564,0.2769529118593903,0.7248399965458817,0.14644560272445073,0.5984749153026305,0.1315723106774522,0.46987710363768037,0.5739082240764247,0.22894155905824745,0.30911923652346107,0.5359548596607835,0.5221793566803076,0.4263187637400593,0.5667705084755368,0.8211218986793365,0.761789994550996,0.6646187370063353,0.5701993026866873,0.46244178819562515,0.5556244972804659,0.6974994915275349,0.4020536826019812,0.7447978701985104,0.6126084647501602,0.3189444784508612,0.4821447065984787,0.37923509390911797,0.4221287445240957,0.47288825456067846,0.38011213058165866,0.14710236022281079,0.3268633330232169,0.509106847310786,0.6356152500763759,0.11539203496756133,0.19894927131328344,0.21964871502343605,0.4517914269090618,0.5260177352828368,0.1696636523985262,0.3739950065938177,0.8254867919956582,0.6484187543772831,0.4672464913098114
EZA,0.524745334786887,0.4847654838116662,0.468802036477606,0.4872204609679211,0.5486894131528105,0.4613968208743331,0.7404395473877202,0.737962435583251,0.7596722170425979,0.573705730921722,0.5041755636043443,0.6664528539949279,0.5787785941310372,0.40409509074380323,0.4665590863931316,0.2724991333706213,0.29779759510241727,0.26572336324696655,0.588940026836287,0.3939998219731271,0.5374950929855294,0.4469195962525059,0.5144045191793104,0.5562873483751102,0.6941789032311415,0.2993948475343168,0.6729167362110628,0.5823911039864629,0.7281933823802126,0.6412427614203169,0.6969765369317429,0.7061449063416205,0.43657760046251853,0.48395152851320555,0.7075167019387004,0.6114286276168496,0.7229141213778216,0.7559924122138247,0.5618918772029707,0.707372653594296,0.6635752096973065,0.6600486823414488,0.5856820343831186,0.6432722546077627,0.6027172679637577,0.5251526882429635,0.6597668772712666,0.6182594197436942,0.652013848496797,0.61954680636293,0.5971613204113697,0.6805053049620007,0.5902425470835375,0.5793437671168465,1.0,0.4536441126579109,0.6809325479882209,0.5543215589093011,0.7374244233259325,0.7600435511039151,0.7260213268198595,0.4364055433723072,0.6528800574055469,0.6567377912242471,0.5154627226815023,0.6525904091275064,0.21411889734179337,0.720059612324746,0.5535237466039483,0.5891910060813274,0.2771549447712033,0.46434545069998345,0.5307941699060791,0.5545765163879749,0.40143769512084376,0.4302787802714867,0.48225700240057773,0.27930113198865636,0.5362658134580512,0.4943068767259297,0.5116724615596381,0.4797161192786953,0.5564764141526124,0.5541189369028459,0.3798693512792083,0.5027829552634634,0.290363492173145,0.5882685943539324,0.42183064795343217,0.5917515419806044,0.36644658092752663,0.5913758527445642,0.5498224381816788,0.27656152965521813,0.53819490681496,0.33380090078849267,0.5236583155284136,0.5185704985277093,0.43916681969162175,0.4938165128768407,0.7358010351338975,0.5003473564144881,0.5331019747510859,0.5828574302204027,0.5255694363390836,0.5120563791299979,0.49632995776430944,0.5000816187487985,0.5619208408681787,0.5164447340991816,0.563052113852191,0.25050822891841457,0.717851652389238,0.6751014813061108,0.5340859444683819,0.5687932199013747,0.6408251653991698,0.5009576786968896,0.41686804774574676,0.5595064165808459,0.4648614434071987,0.5552994855571057,0.35109423874405477,0.35965144252247094,0.478523399394103,0.5387228548217465,0.5978493042085747,0.5069405235139626,0.23440388771054987,0.37292066498195897,0.533071454430187,0.5217988844639725,0.44988912954261245,0.5663666851840435,0.5451812580999088,0.34114509451794117,0.741175305539111,0.22896732663788977,0.7054134451322757,0.19270657900452776,0.5329898489087705,0.6896577390453714,0.3167222373047295,0.4382731176670239,0.6822171349200759,0.5666422050415253,0.532131226970339,0.5504674374449167,0.6843505360043209,0.7654675797408631,0.674939453002605,0.5694511962727806,0.5332126485630638,0.5155548708436376,0.7701910714310329,0.5001240531655459,0.7743453506923249,0.7515013926123459,0.3594934505307231,0.48570811534954955,0.4238251795228555,0.4596894901103522,0.6120913955370475,0.43522022944593813,0.22026970953475333,0.44084867745367634,0.5164825467526495,0.503628839173155,0.2881466387123818,0.3146547158711052,0.36689369709874387,0.49718634653452304,0.6237178127883386,0.2334757558454196,0.45903356393407097,0.7442337733519554,0.6366073383739752,0.49676400178932506
FDN,0.6538527870668924,0.8849368806147873,0.7015184399582427,0.8508265681153047,0.7874439934657443,0.881438344504841,0.61613821789859,0.5782589866892962,0.5781055801399733,0.8161387240460243,0.6285145196124128,0.6271921000134264,0.5627462996684784,0.5815442549149255,0.7211475425128735,0.2196418903728421,0.2127396077191883,0.18821572694677413,0.8012627052358833,0.8301899551073397,0.712823642687569,0.42308561578492015,0.6327606338384136,0.8520488752905685,0.43053149610147945,0.21073454925953491,0.4110427336134247,0.3940619830192837,0.530284215022747,0.4874343289167158,0.6930514350440451,0.5211023738631418,0.3327250102695385,0.6328328938248725,0.5669578435896996,0.47729197600758577,0.6369647644032033,0.5834849604141582,0.8639432102129222,0.5956818984510809,0.6081782225955712,0.6072832498666701,0.37074082756724425,0.5371080933265473,0.5016512766330782,0.3994137271858785,0.6763060351439402,0.48196583344101873,0.5604557503488075,0.5874481506946364,0.5678635918525647,0.47675729691256113,0.4174716630981758,0.44682259366112975,0.4536441126579109,1.0,0.6200375023937568,0.7052486646703132,0.6201925231558666,0.5182431390635592,0.5693531591939183,0.583119790541049,0.24839803954470058,0.28762257824107035,0.09513896179255014,0.43119898329018963,0.09260338047355612,0.6408862456822817,0.8511614153999355,0.6499976237566393,0.24594114645724488,0.592673963023972,0.507542158979057,0.7545247529616076,0.8926377211741999,0.6004301509314547,0.4871834950476414,0.2288822326300838,0.7948195016700143,0.6454360012696404,0.7627295905758663,0.5995790339488303,0.8221680523376467,0.8285678012227363,0.5190108958840958,0.7523830268444661,0.44193291638401383,0.806859040551444,0.34358774883825327,0.5045948520229304,0.35449428345184625,0.4155036545146747,0.8618132393061759,0.33298439338889124,0.8077585803698515,0.29216532275905605,0.6325952999938564,0.6404331740575627,0.5318135012718692,0.6466063926834358,0.46658142035046696,0.6993786835087669,0.6613124732128385,0.8574163556150527,0.8844394999365921,0.8667598031969077,0.7719139589391177,0.5342366075240088,0.7462219744697021,0.6879479552818402,0.754899099166172,0.17236125013376097,0.6380971046572775,0.5344770760020069,0.6917851102936607,0.20294342832588813,0.29762237312796336,0.694385557604579,0.423666220750569,0.8500520460217214,0.47656713937857553,0.85519852989497,0.2947932213729246,0.3436914701422151,0.48421290320616855,0.7623675793991627,0.4138911843589802,0.9018140963491249,0.21912468598022983,0.32332876263356886,0.47223856147035714,0.6778589618417786,0.6411075732146612,0.8396107150886915,0.6818053034763687,0.3372264981596844,0.6425975004556005,0.10096810044288387,0.6044864388823739,0.1005947189126424,0.7173007393811272,0.6607323669326701,0.2130326673516948,0.513208876288125,0.5116574785297329,0.8061954880328808,0.6355889978926424,0.8823022293909675,0.5853997125741462,0.6560243527697295,0.8221232988188539,0.8627636423079912,0.6103636948701567,0.9094247027459522,0.5985213688395938,0.5256733488988039,0.6523254960966546,0.5450353678436227,0.8778057403849326,0.597522122401888,0.6047814962249227,0.5757412191412303,0.5742376011035301,0.8641659116797676,0.217762547097677,0.6305262007510718,0.6331516481947859,0.8092155660673597,0.25877206279510007,0.22862276540047308,0.4151573128172453,0.8448630410769497,0.4930624802737179,0.3035681399219336,0.6986860988591631,0.6004011149383037,0.8563451265508145,0.7095019399341482
FEZ,0.6506425690785617,0.6159794802290016,0.5388929431407763,0.5919418860608413,0.6498393770191112,0.5905086376178165,0.9290002882459182,0.8554352039426235,0.7590637575459651,0.7685595167964122,0.6517475717077779,0.7393262464607349,0.7153112196155181,0.5874211740966815,0.5920207359700526,0.2575081072288795,0.25588280037084604,0.19871859745521392,0.7595977429133378,0.5333869819881808,0.7314654303142369,0.5521819265431135,0.6952768981022199,0.7539652782396458,0.6713680068297289,0.2534533409857135,0.6723962562335948,0.5693516472112239,0.7330189298835375,0.8156902613741107,0.9313491284230955,0.9116394980526249,0.444482550315645,0.61851032259354,0.747589716187229,0.7701619362209382,0.9503631365948917,0.7528824998138492,0.760792911264611,0.7850001451642731,0.8850241643859939,0.9606631078306558,0.5382761190885834,0.9283149254137879,0.8158741329380682,0.5435210238188971,0.918076503289613,0.8722748847375518,0.9686163181596729,0.7220608885559663,0.6706191177980481,0.8440460030972584,0.6104174850044817,0.6076457126428337,0.6809325479882209,0.6200375023937568,1.0,0.7125344857068743,0.8856989055032842,0.7364810267479757,0.9084263471171738,0.6307783482259005,0.41856265947150845,0.44926570571744245,0.2590156742703278,0.6489373233017675,0.14166020912613042,0.9418866845909057,0.757074522871102,0.8611324873346938,0.3016504676054915,0.5608694445185377,0.5773869633850629,0.6550822957127971,0.5500579224829193,0.5668313084901853,0.6072583769192925,0.32874712854608135,0.70860104222943,0.6765063411687174,0.6520873574703037,0.6609907241559405,0.7442749868755093,0.7559523871617695,0.5411444798219034,0.685538925950952,0.5039871975617416,0.7191055133021179,0.41017633406121184,0.5881931784832661,0.39641978190114746,0.5179550521314135,0.7474576387491727,0.3390503319405225,0.71702726351997,0.3677002700134733,0.691909482859699,0.5766335947935398,0.5430939672483236,0.6758860243261464,0.6838924508910263,0.7014310250367504,0.6084502568995513,0.7429006918033663,0.7082847932743449,0.6837419814145685,0.653569134372104,0.5979760081669804,0.7557881615375451,0.6598742794936422,0.7174276327780748,0.18032681779481896,0.8952220725793367,0.7251774333995943,0.6841725781658597,0.3465503173563053,0.44173662866576985,0.6612813496041275,0.5114615404270407,0.7595966338505774,0.5994630789653861,0.7580814762546535,0.34721775786720965,0.38245644954352664,0.503209580841477,0.7012886735011219,0.5786072660963558,0.7037077613214803,0.2815994847775902,0.3875280940625535,0.4958120912280285,0.6664225518421409,0.621879650845551,0.7170813743725838,0.7135643667334859,0.37695531154518985,0.9352001066861656,0.14071298941125904,0.9728052723548777,0.13576070134328555,0.7372143311918524,0.8843569149969831,0.2673565147071221,0.5651520598294278,0.7541701880622188,0.7554313087526016,0.712013304529354,0.7273098128570796,0.7798341275357928,0.9057124978690554,0.8611251195962096,0.766234389785127,0.7115189482662925,0.7085169900850846,0.7612866963015379,0.6095909895087692,0.9200405075891703,0.895719791146022,0.49310078989709355,0.5895567287343585,0.5008003296335646,0.6269393268998686,0.7292592518415985,0.6188255177693228,0.25996263453512963,0.6578243153462527,0.7069981205603041,0.6764879558369271,0.40445928406144566,0.3530045429784624,0.49297012792649947,0.6765491695334669,0.5640498492382625,0.26983588515512424,0.6010932125161252,0.7575009340628532,0.7958871659587595,0.6652640257450757
FNDA,0.7048330808514917,0.7097864952274344,0.6979646591511038,0.7271509989288977,0.7645858854211658,0.6961570553971393,0.7665152554852078,0.7423660413702584,0.6403436074796441,0.9205883583871447,0.9675758629817628,0.7853001595942217,0.6535993111414228,0.6158457576807793,0.6807643589598587,0.26258156321326814,0.24443667338453787,0.20435079268585224,0.7658060188906585,0.6444591268065682,0.8546633908322855,0.786207823106639,0.8059000065459726,0.825344969590973,0.5551373724166304,0.24819618510894736,0.484053428117003,0.5189800133671367,0.5935150850834504,0.6077746885298071,0.7462621337213234,0.7202218805040864,0.3890945187017178,0.6423309751263749,0.643978005591474,0.5875541156763685,0.7562067495415238,0.628420758907433,0.8474152163998382,0.7336172230092328,0.6932321236017028,0.6822203506822856,0.44668126402322544,0.6673597361775224,0.6108933319622858,0.478437991916595,0.7153169540802379,0.616376150915748,0.6805531542432175,0.6259732287709305,0.60509673619149,0.6651058579339566,0.5347402423806957,0.5029389924628341,0.5543215589093011,0.7052486646703132,0.7125344857068743,1.0,0.7642565338469594,0.6107840486645413,0.7502799192070726,0.7516429172354248,0.32106078926739423,0.35720474597758356,0.14346283463949042,0.6677081287148217,0.12414403055980387,0.7707804302757479,0.8574389055192606,0.7631559149044409,0.2780417557668092,0.6589458940288712,0.5884969943532371,0.74180316424492,0.6345527389854879,0.6377348429589619,0.5174204775630696,0.454830272914226,0.6954393618396225,0.7861733955287765,0.6924681094505557,0.7602728686748291,0.8427166384058925,0.8632060585799999,0.8434677289664099,0.8692161932678325,0.6687374335271751,0.8735847807280618,0.42093232557630456,0.580973010800852,0.39843579538853824,0.39560206313049495,0.8087584408094116,0.5098346012085301,0.8611049873857364,0.5624405848483761,0.9004651092800623,0.7188218447112561,0.6390697920684378,0.8509235222813524,0.6436396011858796,0.9082372861978092,0.732203010109681,0.8625556883967672,0.7416487216014203,0.7339316526874065,0.6876190737284092,0.7597985833497404,0.9336704373942857,0.8421111899774998,0.9734283109758651,0.2125599902856211,0.755735834526758,0.7393344540245208,0.7369126253222668,0.2364359367800371,0.3683747468776814,0.6579933053452524,0.44995111167953367,0.8424626975306543,0.8216719929720748,0.8357625650327266,0.31601503800828357,0.38406814274575973,0.5666824174937187,0.7682483384823909,0.4712870789547116,0.742088351441681,0.2539239543888098,0.3814141262738013,0.48723015363684596,0.7180971184813718,0.7298426995778976,0.9154133363928562,0.9852733649486305,0.38669970259238845,0.7696922476125434,0.11524710001446362,0.7280410035150391,0.13915499809294662,0.8521108065414958,0.747419755233998,0.24806490137604215,0.7405137930813476,0.6679702636449126,0.927065057203663,0.9160350529846332,0.858670648634076,0.6946098015176084,0.746452177396941,0.8675231256228921,0.8724505194299443,0.8744547100607335,0.7436223692483569,0.6400781536436903,0.5715514283604373,0.7616257386448807,0.7355873505247635,0.6472703159010651,0.7359395471178014,0.6232225567348891,0.819109512756784,0.8249803907697302,0.6796201648025517,0.4512637805624969,0.8020203448887576,0.8652404143413971,0.698441022465409,0.43716075889385797,0.4379541753051871,0.5545280376796053,0.7876734313912563,0.7015133556396884,0.5070212815697215,0.8484602992711988,0.6338863749935683,0.8247188298849308,0.7219887079891111
FNDC,0.6881137970850002,0.6309921402518951,0.5843538965475331,0.6208297335155802,0.6865463601906874,0.6085405697009121,0.9701300271306899,0.9651894315190304,0.8177924276602352,0.7906431179511512,0.7085664309283388,0.8293023959511288,0.8433519722280186,0.6016727622353509,0.6163103144471596,0.32639435355106966,0.3392564678281785,0.2826794554257987,0.7973637994340305,0.5538945036052226,0.7368661701744583,0.6347254732062063,0.7164402878853954,0.7555103077129559,0.727046565034205,0.3388694307123095,0.7256746773329862,0.6253298709975673,0.7978968933996335,0.8619101137370444,0.9220290060777574,0.9295441170326451,0.491893494796786,0.6499015969991098,0.80364938517608,0.7550648074125531,0.9548678490650561,0.8020500197547267,0.7679181857332674,0.8623445218364545,0.8636945419803971,0.870764788288044,0.5818788867814787,0.8453990230067499,0.7990761451678076,0.6101912453593131,0.8499461941776955,0.8043690572387485,0.8625907441408202,0.7597690931178319,0.7173633722757307,0.8546698732453758,0.634263742609173,0.6771341117983305,0.7374244233259325,0.6201925231558666,0.8856989055032842,0.7642565338469594,1.0,0.7901877360468068,0.9541103241550006,0.6429019333086123,0.5438077038181157,0.574289000330953,0.38432117349102596,0.7505948954521511,0.22656088679392694,0.95516797637825,0.7635289321535452,0.8242466588155193,0.3636863447769717,0.5831333465498668,0.6436436585772155,0.6960630473006768,0.5501786115460955,0.5722147568007316,0.617374375751921,0.41286108708631586,0.6993415574588425,0.688291957593928,0.6603869698028979,0.6363019187569304,0.7559347863423199,0.7645061109085484,0.5713959741981797,0.7052292043180092,0.4987871589012995,0.7596249131417234,0.45089553966753376,0.6562092345681664,0.4602529484764631,0.5438151338718511,0.7474433545584794,0.4152206777235298,0.7328196866578528,0.4548143369435757,0.7285255441165908,0.6360966789427243,0.5949140295637716,0.6914387148958079,0.7755634835507755,0.7215375624748093,0.656929646642811,0.7603575324503863,0.7014719667942084,0.6793848783976835,0.6539769948581148,0.6576028744125222,0.7851728266592953,0.6903679021251149,0.7672224452380569,0.27563823424305256,0.9771250241642738,0.795750272650728,0.709519197758181,0.42673584071325465,0.5571009699027041,0.6446252001830637,0.5321174190060797,0.7648660022953706,0.6639578232250827,0.7600068952879729,0.42406040988049226,0.4485370539632037,0.5665135930368954,0.7031396140972942,0.6442180752078422,0.69402132025861,0.29344617396613076,0.41484913210134367,0.587486975515057,0.6937378656552171,0.6440173787077359,0.7549777278679262,0.7585048128178523,0.433814582262973,0.9668683056126587,0.2323857331519282,0.9226320215337767,0.20758075585929306,0.7454088861615781,0.9146956428409905,0.35482183872856826,0.6333301316320477,0.8577426282635232,0.7881295379359856,0.7568726689410916,0.7480192025801434,0.9009350704252563,0.9448843625830404,0.8822978505105311,0.7781184154601464,0.7485558108953088,0.6982427410463478,0.8070971794764183,0.6469329013384024,0.9572643481392309,0.9363204264345153,0.508106482032302,0.6386878895100873,0.537591994613876,0.6534346845344969,0.7718185717429494,0.6204397936765506,0.3499894022436656,0.657670147350811,0.7304595020080626,0.6646075346736915,0.4144601216636905,0.4206039247114956,0.49738774468380925,0.6775390753374411,0.6694752444706403,0.36534828455856516,0.6105298483126429,0.8029862051031594,0.8195038053496845,0.6690780650181627
FNDE,0.5271110040455739,0.5268669958043664,0.4778539514354855,0.5232317980737143,0.5989685977476575,0.5150647592119364,0.7938548820240434,0.7769831518578678,0.9219172107241285,0.65623756916899,0.570273945920756,0.6912596102111521,0.6438655317364645,0.4819529828735634,0.5344968259268599,0.20441369357605166,0.2073474704661538,0.15833768513680624,0.6632383018641719,0.4375551563125812,0.5951230986251819,0.4931036865041906,0.5797705659778272,0.6337996424966184,0.9037440608337449,0.2075814956138711,0.6692428454583549,0.6038858304023703,0.8652148343704399,0.6454385938623517,0.7507811492114803,0.7694422002641479,0.46148166153582354,0.5269078452909369,0.8162245898387068,0.6625156305324067,0.7819297134078013,0.9135201844623752,0.6415672798577516,0.7530965111082459,0.6922384074246689,0.6915304522507033,0.769312331410555,0.6827278190278592,0.6032445081960452,0.5788394655458231,0.7330612912540445,0.6416851958220875,0.7031305873467127,0.7121823455418884,0.7543154524567491,0.717820975727416,0.6242974456771094,0.6568220827278417,0.7600435511039151,0.5182431390635592,0.7364810267479757,0.6107840486645413,0.7901877360468068,1.0,0.8035580463529473,0.46294779728126445,0.49041941625278107,0.5160494742270345,0.3599912657250533,0.7246321636876691,0.12074969966269604,0.7718470328478986,0.6294688249288671,0.7018317626612302,0.25747647401330637,0.47530767594639384,0.5702316637639581,0.6248350059832692,0.4514372182321175,0.4018427129756058,0.5567165255615587,0.4072747603601528,0.633321996211228,0.5475835356775202,0.5782279155562678,0.5256399747133966,0.6267787682469839,0.624952351624861,0.4247248112737039,0.5592435545713931,0.33319381772865736,0.6588769069420634,0.45979121110081805,0.6988885647431619,0.3163837432749432,0.7918107116553957,0.631369607587305,0.360892284486343,0.5846852492600989,0.4313003552044245,0.5776575679116902,0.5767243542986434,0.4332563514542075,0.5101648504818149,0.7848867916452458,0.5637012093761108,0.5953265883212692,0.6592337756231027,0.6099742114114047,0.6093920729276618,0.5769474517282196,0.5083513562431168,0.6225031188681095,0.581459605377927,0.6204861871163873,0.15401791010748997,0.7579645131679753,0.8054235432424632,0.5502008855379702,0.44679726354031246,0.5154298542121496,0.606876652578001,0.4794799922252017,0.6396375631005343,0.5071736562091803,0.6317945619052309,0.27898923789260166,0.30604448136860785,0.5296039980379237,0.6321479392296561,0.6416393950852141,0.5831857372585454,0.2978355396774185,0.37940719286587893,0.5263724196831663,0.5269429148477743,0.4770855583116562,0.6192844064551003,0.600868572776697,0.3004397530940027,0.8004445266539968,0.1108916518554514,0.7484190239560907,0.10559644926340572,0.5892675829102051,0.7324560149457723,0.22085556341929977,0.45579774246329957,0.7277765897347235,0.6307424494960269,0.5923710267223578,0.6106568717600809,0.764436865789605,0.8575857136108493,0.7622727525455603,0.6471077517905244,0.5978718775485319,0.592580074264,0.9469420330300318,0.5078070848460458,0.870561025445838,0.8407354801910543,0.4070660613063701,0.47962275735465176,0.4398108087253282,0.47177605459165467,0.6450367744173179,0.4907289824949658,0.3371891406791241,0.4997044607698245,0.5656201589064007,0.5970919684434614,0.284792672552218,0.29770459626146334,0.35341534028953325,0.5500834984827376,0.6165569646894205,0.34449664332487856,0.48010004381514854,0.8956948125386469,0.7215746486090457,0.5832411003733192
FNDF,0.6543837174584164,0.5799706948975047,0.5347085578738986,0.5732634668120843,0.6539033769695841,0.5592248932469241,0.977770830577559,0.9475932725843608,0.8224438091538326,0.7888766462824318,0.7139873577023005,0.8269420116043316,0.849565816310105,0.5902225614353994,0.5877898006208736,0.26797479384628925,0.27275195715867256,0.20731486814652136,0.7648746519954747,0.5118424818366147,0.7450733251949159,0.6441401711471828,0.7326106788411282,0.738876313443169,0.7513456535065433,0.27238041225758547,0.6986179866202447,0.6202768795177944,0.793409684661189,0.8556146778132735,0.9117948990627075,0.9736536043347832,0.4845909715816082,0.6095013577029057,0.8213641026567714,0.7674152036431017,0.9695212731727878,0.8043293619402418,0.7551792766792044,0.8657413417094292,0.8509616810012103,0.8843550160214629,0.5763146608484301,0.8824750112427092,0.7953463088469065,0.5896437960426938,0.8464773117049699,0.8422766489601728,0.8861575013786966,0.7589038688166142,0.7207253535755351,0.894839153585477,0.6468062938814854,0.7002045853604517,0.7260213268198595,0.5693531591939183,0.9084263471171738,0.7502799192070726,0.9541103241550006,0.8035580463529473,1.0,0.6363709571526224,0.5119729429473467,0.54021560719984,0.35683982920601925,0.7978039242631428,0.1588282197860213,0.9661049429015715,0.7517179258464519,0.8668599377408812,0.30979426236766544,0.5623229155821787,0.6069744116086082,0.6729094086351644,0.5040266459769379,0.5366256492812546,0.6032545877688751,0.4901116151443969,0.692333586640273,0.6958121267317773,0.6562668006028264,0.6302266249630301,0.7457896433110847,0.7561156280893019,0.578060890915538,0.6904699072312689,0.5126228762145172,0.7300633761989616,0.4540403657622393,0.6387549056365894,0.40231998105894,0.5202146462300716,0.7373279445270118,0.4477321639014827,0.7091118660710074,0.5120459723955249,0.7225514954662022,0.6016936589057909,0.5704582519111495,0.6625273018968897,0.8053405945300128,0.7242600119765479,0.6275324433887369,0.7308917851179348,0.680131655514703,0.6556407348540327,0.645971931635816,0.6320520766924385,0.7773596037544003,0.6902648909623031,0.7489318416298975,0.2220369491365159,0.9374406939321535,0.7992066718471186,0.680956461909282,0.42607086876585604,0.5305489930252351,0.6386207541563602,0.5160703084344191,0.7567634655582172,0.6715273593215053,0.7470673107915476,0.3592362768408454,0.3894576296673194,0.5258252782751388,0.6983354867527058,0.6286335874665963,0.6685748230337604,0.2855785980156632,0.40650641089464373,0.566900422110662,0.6584470774268708,0.6340506493039085,0.721367017052552,0.7525810249245318,0.3808289485626963,0.9780935829817786,0.16130620605009863,0.9378087322623216,0.14978265050585202,0.7445297610797456,0.9034119775161749,0.2906067351390182,0.5916880613528758,0.8099896681180588,0.7694824296141719,0.7597669568070489,0.714372028401823,0.9103327741859897,0.9414166669067296,0.8764066298474855,0.7651642416896985,0.7700267915886924,0.6695276528247354,0.7959077748263425,0.6049271855200926,0.9633789314146818,0.97170777770055,0.44874376255584136,0.6181312141177951,0.5015190506067286,0.6185268956467397,0.7761559262051251,0.5865129100421362,0.4161313513017242,0.6694646185388714,0.7302104422030418,0.6551292526449285,0.41811483562535373,0.40738151292648356,0.5004920444633597,0.6448782366696048,0.6772997521462029,0.4137649944543284,0.5875711192494627,0.7999362439461022,0.7882584643414967,0.6801386102358741
FTCS,0.6503408917505629,0.5275304876696085,0.4868018040880439,0.501833303283951,0.5230978676157095,0.48778324141041124,0.6644956328089022,0.6070877610164638,0.43844032742304,0.7990571003915435,0.7091465477565034,0.694842520196291,0.5323860847144835,0.542220079650072,0.45529144791005893,0.26779616895556746,0.2576461886661089,0.21599551036124567,0.5806768424326724,0.5383521520830351,0.8672094393577355,0.7511966839744346,0.8830766981549191,0.7489179968588328,0.44498272191160154,0.25565734782440624,0.41962366465709167,0.39709174007548714,0.43493565852756,0.6780873375306984,0.6581336733427067,0.6542375923100152,0.33430850499053255,0.4950707773728145,0.43207248121423086,0.5097348135839223,0.6757412265339502,0.4263154195296124,0.7837535226836548,0.6477322873958916,0.6113058090269129,0.6181563627529661,0.33118568279118515,0.6061447217229237,0.6538123926957676,0.4398596637393883,0.5748876269132859,0.5649934336414645,0.6247282924455362,0.5449460166677162,0.38955357071435065,0.6536748281115403,0.4369978342458655,0.2915732814542854,0.4364055433723072,0.583119790541049,0.6307783482259005,0.7516429172354248,0.6429019333086123,0.46294779728126445,0.6363709571526224,1.0,0.25637935070135226,0.2687127219621596,0.10160169389892672,0.550106145640326,0.15446636648748233,0.6987941683602796,0.8098817990875666,0.673324461403907,0.26309438059161333,0.6512620355589167,0.3974532340098168,0.4842315873136964,0.5533608566668872,0.7546705199429666,0.49264963915058124,0.3895519244262078,0.5339443374705403,0.8992463366643239,0.5673292424524768,0.5606657522010046,0.731342707336578,0.8420522428901634,0.6288341154101668,0.7395595438904164,0.7776359613297934,0.6206030783852932,0.33431647111116924,0.3916655418523041,0.3918389442000865,0.2838156674672365,0.7545722272367814,0.43945953004618776,0.8247350017872666,0.3823947234372409,0.7247922078520722,0.4169907577493021,0.5305772966133347,0.8397388898443308,0.4759540287942666,0.849254189193726,0.446660783531628,0.6976798052082032,0.6220588000499322,0.5461191990575311,0.6148002449900153,0.625490694064299,0.8876026017691488,0.6704260135613638,0.7096965101132295,0.22135597939008178,0.6484141576589564,0.5974523433492561,0.6642699007541553,0.14850050413215182,0.2603420696361897,0.4317429247209355,0.41382923033846986,0.7865144266994639,0.8110703556202271,0.7835782740634212,0.33413661221271057,0.38532566614775254,0.348217441510392,0.6283287917644137,0.3884876179854685,0.6830800607331,0.20775741929077796,0.2918806481489384,0.3243992623731476,0.6537893939187763,0.9420910363418066,0.6898953456568007,0.7932951035648012,0.378782068303254,0.6591608326397516,0.147502462381329,0.6711832908218076,0.15159381870758806,0.9140877580154334,0.7292061265506959,0.2519459451297807,0.745291950429065,0.5780811904413831,0.8384541530836658,0.8806266328784207,0.7279895930686907,0.5307858708315878,0.6075919755045874,0.7629937910319102,0.7873914453914528,0.8996073350775275,0.6502568471871927,0.47233285265733926,0.5222978271453521,0.630794694612066,0.657505532848413,0.510194924479837,0.6098317953286784,0.5199600388527968,0.6702218520443987,0.7872110867258423,0.6495249363516271,0.38558825625067605,0.8177307050768824,0.7956572338691404,0.5527064003289954,0.7579103305239943,0.5771349955642813,0.7971064759770051,0.6745243390865593,0.47680267450101593,0.3742346499090176,0.6642824254072044,0.4324128340155156,0.6616251162977411,0.7106359284601623
GDX,0.35252157562532294,0.276270852221829,0.31718051450945745,0.28962355126962686,0.34530979962872194,0.269705114892001,0.5375989276487734,0.5782665259525477,0.5034612496524928,0.33381538453533843,0.2737538243853665,0.5621249042005665,0.41923024770804834,0.2315808650144368,0.3183662902971306,0.2558525579037456,0.30529276754732626,0.29111147893227035,0.3727759254512056,0.24550306761680588,0.3145511014422214,0.29459941958423796,0.3380528943372635,0.32335421819254323,0.47098056403341915,0.3059538454115569,0.5193365129362127,0.42746798755554644,0.513783161763014,0.4782756325962034,0.4756049308997035,0.4804176354334854,0.3002150222409044,0.2812729431474826,0.4969543401847479,0.40331586241588224,0.49008129376985365,0.48120805153915414,0.3309002578789999,0.5415643523225281,0.44063899453955635,0.41867252142028405,0.35271196330136567,0.40516332022520013,0.43141562563013747,0.37661804597637116,0.39199962398843835,0.41047676316336024,0.40412301653669314,0.41677374729238803,0.403507195185735,0.48326534381118613,0.4185229926426242,0.43842301045305326,0.6528800574055469,0.24839803954470058,0.41856265947150845,0.32106078926739423,0.5438077038181157,0.49041941625278107,0.5119729429473467,0.25637935070135226,1.0,0.9817129239032467,0.8140768384234306,0.5970960777942073,0.2561754602545672,0.49460853753192296,0.32276872022437164,0.32515789377353516,0.23832179127272393,0.3139200218333382,0.40976372470231986,0.37424911512333287,0.233396042779221,0.26954654390806204,0.2824319829674507,0.22470534122018507,0.3253122357729586,0.29646996899835526,0.3323611927409613,0.2167386733982741,0.3427050194444623,0.32721283868117995,0.11178394713208713,0.25847874999605736,0.10626957989449985,0.3790516637691423,0.25913692284835826,0.40509599230402665,0.31675683923775955,0.31279783577458076,0.318605866108246,0.19569553694543793,0.3143956980116311,0.2596636254653849,0.3264368319248384,0.34756585330025147,0.2604023021944932,0.2947840705092823,0.629217841718736,0.26080906085267525,0.34379862334360956,0.36017436743194664,0.30354144317483245,0.2998330106263212,0.29978649539403823,0.29570616417011536,0.33248736454568306,0.3034545812403149,0.33932913047177704,0.313894088552896,0.5027851100492043,0.4389475373015565,0.33540729517394163,0.7673669966532364,0.9377668505911533,0.2981383898556411,0.2598951665019496,0.3273256708359723,0.28589987093365693,0.3244814054259019,0.3435647628890898,0.3151279225656697,0.32640624558331927,0.32694022399697187,0.4587633115926439,0.27801017611838647,0.14164907599200766,0.23650295584400385,0.5144696031027165,0.33362166327742265,0.31378737295206893,0.3616523988386148,0.3049083133176657,0.28263761660081044,0.5262348328916642,0.2956792298336256,0.4624895914349004,0.2121019710726307,0.3204206697249908,0.48327589895701484,0.3165502049177874,0.3105542732708007,0.4804620033165676,0.3507048963122728,0.32855476495147395,0.3428059493538385,0.5084144629251521,0.5175049304537933,0.4275692248947845,0.3352695509169617,0.3346913330640995,0.2896576948228608,0.47579892332566515,0.3551212665119115,0.5317397120834646,0.5194203288878843,0.17981139643491592,0.3651024460975094,0.29017712556348113,0.2644443084053096,0.47674893707098726,0.23101900252793695,0.17754615539782606,0.19912936461920958,0.3141795835331029,0.30106279348208453,0.18721226955623602,0.31460390687032636,0.2428417899688905,0.24451448067062545,0.636022564309037,0.17512262486770602,0.2169048184224292,0.46798524229405564,0.3963958922729878,0.28584281621695806
GDXJ,0.38027261958470854,0.31884792854809973,0.34219876365143226,0.32515466148453487,0.38213273843801854,0.3113803787342694,0.568456369174267,0.6119951910651289,0.5325508775840994,0.36963745620689803,0.31224710502747993,0.588426231458584,0.4450673612725589,0.26484530088708874,0.3628481462615183,0.25526549524822156,0.3034669818705438,0.2891834178570209,0.4135584435859706,0.28002136802693744,0.33940769120311226,0.3108854634937826,0.35864700764380397,0.3554859627622307,0.49370445161350135,0.3048160763253665,0.5392600741020476,0.4558043745968931,0.5365655665243746,0.4925258525536423,0.5055481141687239,0.5053966693665711,0.3250688006244076,0.31356924007674203,0.5264183899361001,0.431290360331634,0.5193605765470465,0.5083991390496748,0.3640909569843642,0.5667202597444749,0.4662347653189581,0.44944872570722005,0.3665199598093508,0.43515251509889163,0.4460219079398409,0.3885370562176506,0.42679436321312886,0.4308634426967586,0.43237322903320935,0.441441978089834,0.4336010604622521,0.5031101015065649,0.4461101751098142,0.4585754338296455,0.6567377912242471,0.28762257824107035,0.44926570571744245,0.35720474597758356,0.574289000330953,0.5160494742270345,0.54021560719984,0.2687127219621596,0.9817129239032467,1.0,0.8040512008210118,0.6143096474917512,0.24851618750250146,0.5247469621625609,0.3540364165036803,0.3559432489754819,0.24416029862773692,0.32831631604695516,0.43355733545273784,0.40807217344177255,0.2710043685530642,0.28235108447277807,0.3079517004565797,0.24696472257344693,0.35937393681197577,0.31499937839009845,0.3633112516410728,0.2513672668052165,0.3770258584492392,0.3565422133740632,0.14319806348027095,0.2927131311879641,0.12722213669268803,0.41971454243671674,0.27613654844893026,0.4320154870503851,0.324064689459793,0.3298205055629548,0.35132251087840977,0.21990992878453106,0.3384086384328713,0.28784409233552316,0.36063384924297237,0.3863654657993586,0.2855969197437022,0.31749923429790683,0.6539294612038549,0.28858214088349765,0.3756324223809072,0.3949757224994701,0.33791948381163783,0.33519050037138626,0.3333510519315835,0.3178038272211435,0.35984138410810523,0.33887623353690693,0.37795862742369524,0.3177527782596655,0.5347836948534723,0.4682352991261819,0.3672934769795251,0.7745750218371255,0.9585473037201634,0.33110574145890337,0.2848679181669234,0.35974169622340274,0.2984338852861236,0.3563207542143573,0.3490805540474946,0.32222619978971434,0.35241994376107477,0.3561950222530696,0.47597016688281235,0.312556695088178,0.16662387156384065,0.2567792083552762,0.5487254113951688,0.36507382478530126,0.32553455983464974,0.3999215525440335,0.3394263817442876,0.2899598249982809,0.556093295472599,0.28842522374562135,0.491021548432761,0.20536309614379913,0.34188965997925547,0.5103633266259088,0.3156946011270485,0.3175268757703972,0.4953296669482229,0.38141909748621117,0.35188227256819415,0.3775891826358663,0.5349666954602694,0.548760033137873,0.4615650730803586,0.36963919491783837,0.3542687480369438,0.3260471774462159,0.5053333043934217,0.37757332824703693,0.5627271182050685,0.5461952714524886,0.21854399530489002,0.39681649837679145,0.31419760003916186,0.28425039240826677,0.49336239317706726,0.26538975138958176,0.19924374541910467,0.226199303503385,0.34407012130457143,0.3346608875918174,0.1820237647542997,0.30303924184805203,0.23979448753245663,0.2776179238974287,0.6660196910084917,0.205488795808456,0.24774409053798832,0.4977275909540889,0.43204733448089977,0.3149560533638278
GLDM,0.23578091570027687,0.12751316125120546,0.17604097175757671,0.14341052155743642,0.2047840395833027,0.12842565270714174,0.3701337342452793,0.4266481061299406,0.36259972723821543,0.15087521171854715,0.11015742677402664,0.37793988982262233,0.303234107316198,0.11052981731317797,0.18233214444152102,0.23092286939051157,0.29398515878123976,0.2796762845772117,0.22791301918913906,0.10107992934759785,0.1408372517815217,0.14516009167969915,0.16064226003560148,0.14614428748260425,0.35749559086316923,0.2926983300173631,0.4266421190466061,0.30793337055329506,0.38202005848646786,0.34430456476176446,0.31181163732290235,0.31977006201736363,0.19812318843268029,0.15756609143039504,0.36500082332147915,0.26878830387047925,0.3255960825809244,0.34743279133273414,0.1489802276112474,0.3659117367655657,0.28061157751870547,0.2600489600464887,0.2645803927998669,0.25274576189732645,0.2900581558971094,0.2681839827258759,0.23559174653861178,0.26069202991269,0.2523657007485509,0.2660115271611924,0.2784478814806786,0.32207238624027484,0.3080709031156245,0.3393712017931365,0.5154627226815023,0.09513896179255014,0.2590156742703278,0.14346283463949042,0.38432117349102596,0.3599912657250533,0.35683982920601925,0.10160169389892672,0.8140768384234306,0.8040512008210118,1.0,0.4357670703752753,0.27714627917827533,0.3239869253786425,0.14198139646361574,0.14977592399415957,0.21655701732374838,0.1649270573321945,0.2885328300962227,0.2245350550918434,0.09492315569520633,0.12796525109889517,0.15672852051075792,0.15236706465871205,0.17628100695307605,0.1243298699558285,0.18578190591356405,0.08037628810441394,0.16496318976145388,0.14619777618345908,-0.005584191389718535,0.08756828400759563,-0.02842618620899423,0.2159365997297721,0.16540421761829327,0.2803913937449185,0.26681597586209826,0.22258308239383515,0.14462749669965805,0.09798023041129661,0.14856729395008383,0.1619013014294812,0.15548671278432083,0.22614635632538557,0.16240811961745044,0.12614480304839998,0.475590710309191,0.08314149621399777,0.20749339809746542,0.18063346974713185,0.1448213206878655,0.1551810444729763,0.14488385825403402,0.17082193437402493,0.14674646249483148,0.1391061192197867,0.1606690270089972,0.3137373890750339,0.349252337172812,0.29208275468909395,0.21353562971682138,0.7861652647144444,0.7584674842731967,0.1679557088588354,0.13395107635051204,0.14858340727112337,0.12526862870308275,0.14621824322337734,0.3260742409731876,0.2677110164707001,0.22197156821274544,0.1637841457126289,0.3711885969010978,0.11702315854089171,0.08606105548195397,0.1443050073015535,0.39077366507067945,0.2145290740658909,0.13794594372919297,0.1815444599801502,0.12735853215304724,0.2315652872203046,0.3584346954567142,0.31367021228017944,0.29439022870712356,0.21690789758295834,0.14037002071494825,0.3072279098119633,0.29896848810233784,0.15944084168636405,0.3442802435991514,0.16497922992757605,0.1507212619724698,0.16149662799132816,0.37270259371945036,0.35508643666132206,0.24188474059960488,0.15307622474153346,0.15680702489770174,0.12908100374563208,0.3351553332645259,0.26226137056545823,0.36543443946710813,0.35816007846499287,0.04590165214224391,0.2321368985218109,0.1447748627279448,0.12767443240232626,0.28591614326191594,0.09351859055779335,0.11025315912872403,0.038997379518546406,0.1547165694927977,0.1488743054237283,0.08056835658674791,0.1962989676347181,0.11015295174590974,0.09073219644716622,0.4578645954165793,0.09849356410847236,0.07711521912208828,0.32721614489504874,0.22374363152050666,0.13155143277413597
GNR,0.5096117174194604,0.43793172382024353,0.4150554319551352,0.43503274066987313,0.5235967703943972,0.42193468797486816,0.7838698041969697,0.8024482995154595,0.6622057907552827,0.6881915084302396,0.7036827013471403,0.8232595368082999,0.586227762375915,0.49527515079228873,0.46857260255214844,0.13188334364507492,0.1292119537430759,0.071717042907713,0.5679633353765664,0.40896233695094053,0.6232672924631981,0.6657851052626368,0.6781810364069448,0.5793643600973115,0.7251117717010135,0.13375771550495277,0.5287799250241526,0.59101342836471,0.6068284905028521,0.6211634692356871,0.6447771469720631,0.7746679006164756,0.3976845796651379,0.47031769353207353,0.6239252770797965,0.612619087119907,0.7244388357703663,0.6317730461625517,0.6141106579327862,0.7793977111330054,0.6433688591105772,0.6153379954447016,0.5361785676821245,0.6481865806235511,0.567276682134286,0.4802015849083253,0.6098139747074528,0.6041294224189449,0.6383124540065487,0.5999991096575422,0.5478689039603042,0.7602025107210788,0.5665469494670949,0.4902307143607156,0.6525904091275064,0.43119898329018963,0.6489373233017675,0.6677081287148217,0.7505948954521511,0.7246321636876691,0.7978039242631428,0.550106145640326,0.5970960777942073,0.6143096474917512,0.4357670703752753,1.0,0.036658936058175634,0.74242410041584,0.6114575594221251,0.6456637743147083,0.1956685649468633,0.4450135549077511,0.5264737790274345,0.5400321686543822,0.38549937356789094,0.41707035570602874,0.41547566290584226,0.7857284128265511,0.5014615301486943,0.5964642135476308,0.5211769562504048,0.45306210575765193,0.6032013728294121,0.6183781568919917,0.4995185740162563,0.568290188913077,0.4448560938189692,0.6046920350282283,0.4200203086704128,0.6100257089043661,0.244156005178118,0.47173180738683823,0.5892018422911076,0.6200213942591208,0.5972363473527077,0.7446584602038009,0.6494218855785748,0.5389209785477299,0.44894634105276837,0.5428540081921424,0.875449440433008,0.6517410975150479,0.5493150227218933,0.5978938935233264,0.5071534176181111,0.4948041176609959,0.5116739347583188,0.5415320293644419,0.6835734418306105,0.6029531374028624,0.6437746299573287,0.1878922113875727,0.7087413753953618,0.7697469948394327,0.5335089282117804,0.5123149951945338,0.6107045341177721,0.4789227146282147,0.3549702606054924,0.6172686654669444,0.6656121976666912,0.5928642722487534,0.212202284844843,0.2356426519872561,0.47868995000927117,0.5613219850132491,0.5218494800947754,0.5039519073311461,0.23102936099319038,0.2943481966446035,0.563847687007481,0.5116092772114823,0.5421614304799358,0.6017517700576085,0.6863295125029016,0.2298466852952543,0.7480238741612792,0.03627219501135088,0.7005913507240765,0.03156328911617843,0.6216480120268862,0.6779324553689369,0.15121474933306447,0.5030737980094031,0.631087835956105,0.6689034383325625,0.707132045039493,0.5807777234853383,0.6671841405730683,0.6999150515599301,0.7046800206619915,0.6287261281947281,0.7089627641965311,0.5002268244847805,0.6611838921659665,0.4287782426072647,0.7532095046614733,0.8131682178136382,0.3499738011768634,0.5301941500093386,0.3874689180525606,0.467040326810917,0.7827050170117101,0.4457662423746889,0.7290204586560152,0.5681558015697475,0.6263217273571319,0.4869345219536853,0.3493949091339276,0.38740867083085967,0.4125879659546094,0.49442996092345315,0.8006713474295144,0.7070017034133509,0.4922091090501088,0.6184714011775521,0.6185350227477985,0.5684413006487307
GOVT,0.47724777712469285,0.10864138358527688,0.1839242679226701,0.12652275349944594,0.09634134988385842,0.09089136158028918,0.17633705219113796,0.16283698313406378,0.14018126533872288,0.07153363712505255,0.04721852839582088,0.1418458424778702,0.16767326822376818,0.09094568742580365,0.05162194263178863,0.8922242253073199,0.9370229062725703,0.7782787875079604,0.11709439988414568,0.08183425822365878,0.10148532517579269,0.16607608427311468,0.08344326207645128,0.09734920298722254,0.13547862712186684,0.9314928721657638,0.51649782082675,0.14499866664301864,0.18684852055314327,0.31052691241558716,0.20572849595834775,0.15004331835733958,0.12221418154179518,0.11705167376544219,0.1386753398224293,0.11954737915955772,0.18972417792685592,0.1382802469335141,0.09782858910537137,0.20712169761462215,0.1646387920931481,0.1573614554221003,0.10021323351153283,0.1157875877499079,0.26214201382073005,0.18156649688306337,0.1252091490370362,0.14675454187598216,0.15263443714486147,0.1515760258065894,0.1061111308504205,0.15552671074490662,0.1467464529991161,0.14140998704898405,0.21411889734179337,0.09260338047355612,0.14166020912613042,0.12414403055980387,0.22656088679392694,0.12074969966269604,0.1588282197860213,0.15446636648748233,0.2561754602545672,0.24851618750250146,0.27714627917827533,0.036658936058175634,1.0,0.18398666397917351,0.09736042898739244,0.008702654668325389,0.6119080294386111,0.19667178558308412,0.20036911107937724,0.10918957458519603,0.08963356665561395,0.16662592073077467,0.07551518886102927,-0.11631588853695289,0.06645701812204306,0.11698189058246432,0.061223219608810574,0.049468163149141174,0.08110396516924806,0.12447198954509994,-0.0014559021477885117,0.08735018456680951,-0.008244244509754568,0.11936801876826232,0.045851087955933616,0.07856720301453222,0.8502484125553008,0.08726133827671083,0.08025877323597681,-0.03281758590508239,0.177714968200685,-0.1328561479083511,0.08317585201776223,0.10439197850461465,0.3458300134235547,0.20782616111583307,0.08835880695342245,0.080008506717115,0.11062790383639919,0.12815233462094858,0.07877344828066266,0.07438493906823225,0.03608943575324782,0.2814873319809951,0.13991330128754978,0.0460676650432975,0.1211947838411154,0.7922916842885884,0.21961309548460786,0.19402090695795246,0.3950424876129763,0.1615462965015997,0.21033497175353968,0.023846221523705007,0.06311475761706983,0.09033890486284403,0.1670478503218322,0.09691507455919593,0.8083116365863888,0.8568369830434786,0.15400223518777714,0.07379211897885621,0.19069330593649209,0.08435913357576835,-0.018126249169026158,0.04107232362432531,0.02044025575490023,0.43096985123702497,0.17761857105952167,0.13929092652343603,0.10976866152313615,0.8233338626047042,0.19096048825534062,0.932594213259909,0.1767876898391747,0.9122805773819422,0.13044063401641062,0.2318257330561186,0.8919083463599723,0.3164487320336948,0.3021609128524323,0.1369801678786288,0.13298405991844858,0.1238208996195922,0.1914640662308622,0.19314941595405477,0.13235387642261628,0.09638631238335311,0.097243080695129,0.08215185414403477,0.12985850636333712,0.6259494218895679,0.17867573729602812,0.1630599923916189,0.12011034322418593,0.08746946183028068,0.16240753793326732,0.2929114921597348,0.13478261505671968,0.09165231471696365,-0.12945380540266568,0.008037509189878937,0.08026939852849505,0.05258927264111676,0.17591062384673403,0.25969434372791095,0.1691593828876047,0.11692386252816499,0.05537960132895485,-0.13881296318056696,0.12543515815203996,0.13676326773815378,0.15447408250559327,0.02596247520378777
GSIE,0.6927953263146858,0.6421805030152846,0.5790697588765321,0.6249623000512778,0.6885779826038348,0.6136317783863696,0.9852236951679573,0.936320274183586,0.7887141086355884,0.8226810066622597,0.7168200940477841,0.8423961605150264,0.8336901601351374,0.6214975118707691,0.6217654754040898,0.29851483562608966,0.3019661721818777,0.2442304490073334,0.8011325577953351,0.5698375565323425,0.7890757853373894,0.6433592784368599,0.7688035292884767,0.7914633880551429,0.7181934960109051,0.3012216402957184,0.7006078408886363,0.6069157200145289,0.7676942352790336,0.8891981514908677,0.9593908476109635,0.960666069842218,0.481139685633191,0.6384457948625786,0.776980480632163,0.7665957918159029,0.9892292213168791,0.7760555024839222,0.8061471810069797,0.8765277045812943,0.8875827171848816,0.9196620763301026,0.5649642606160495,0.9003986563563798,0.8490758385549506,0.5941022386305912,0.8862636484545205,0.8557592703168173,0.9197069092523387,0.782607901083035,0.6958595167104293,0.9018938397043275,0.6464868206608326,0.6280955441177842,0.720059612324746,0.6408862456822817,0.9418866845909057,0.7707804302757479,0.95516797637825,0.7718470328478986,0.9661049429015715,0.6987941683602796,0.49460853753192296,0.5247469621625609,0.3239869253786425,0.74242410041584,0.18398666397917351,1.0,0.804725916760655,0.8922721365095871,0.3328067111149079,0.6154992744917981,0.6134512967217797,0.6892007054514705,0.5762845198310582,0.6105207425609523,0.6278895038909411,0.4191821148420058,0.7214000487647864,0.7486040040586177,0.6921353855364414,0.6695874637223141,0.7893829364894388,0.8050765626964188,0.5910411627426836,0.7366779082122061,0.5569870864400038,0.760969064376034,0.44623842403103253,0.6275660395555376,0.43906790224908027,0.5263560396718051,0.7884694547379999,0.41685677643612856,0.7604668659363351,0.4518500202484552,0.7435569780832961,0.6116634327851441,0.5916844108529562,0.7189186468080815,0.7593794699334115,0.760553418453786,0.6396027336094219,0.7801506787471645,0.7300819091941709,0.697179745670594,0.6947400724282833,0.6530597991626742,0.8160065626144386,0.7212081201748887,0.7729397622325739,0.2383137475256637,0.9566186697263247,0.792615282284418,0.7239371676106103,0.391172770473568,0.510750960367618,0.6582869254834707,0.535149867520334,0.8071070623290493,0.676682498965023,0.8015054131337784,0.3933695502526246,0.4256184776475088,0.5318310952745735,0.7265539432318872,0.6188470670496957,0.7326715930742131,0.28653782112478526,0.4145425552698557,0.5602585048756947,0.701319529501673,0.695531278780011,0.7655478667821248,0.7731601135181927,0.416565219936348,0.9836578842861066,0.18525442591336186,0.9716122848318097,0.1738545520314851,0.7957599931539016,0.9535646713243615,0.3151943430232023,0.6359834460026504,0.8267749382781096,0.8126338079338695,0.7824469811031335,0.770976389031931,0.8753201313568132,0.9473113057713599,0.9091198234257192,0.8145646487359165,0.7883362844439972,0.7326514995734161,0.7885134131831623,0.6350663269781307,0.9652070136175257,0.9571728309814964,0.5191996642776429,0.6486241554010602,0.5473009690787024,0.6530145720025529,0.7890665083541599,0.6509829497504468,0.35227810856600666,0.7120672797980842,0.7601000632008847,0.6919331563558089,0.4544081117437068,0.4288347635575499,0.558102464740079,0.7046480551845684,0.649260896678932,0.36196790035938775,0.624066807687714,0.7767832383290126,0.8297563558394994,0.7248011295032919
GSLC,0.7390276056262395,0.7796705617450896,0.6620700718316109,0.7688269857811482,0.8135048887228521,0.7751866328594229,0.7810641911977885,0.7320068716610777,0.6806557236661476,0.9795702909105394,0.7957439953328447,0.7798163086876834,0.6987849022993274,0.6561564559980216,0.7236764663953157,0.24874614903093595,0.23139069576779067,0.2023061035462886,0.8577899495729826,0.7597812529863611,0.922742900840345,0.648554442018658,0.8754670825137346,0.9806361410852965,0.5524124078604347,0.22918780000406402,0.48330681602967457,0.4918345887781208,0.6334727236128569,0.6295132096559762,0.8204749722777216,0.709469005954109,0.41349636545078045,0.6944865977823085,0.6949739205675217,0.6019417618047449,0.794943376380975,0.6688595900301013,0.9952171759947049,0.751680831778876,0.7159067246156435,0.7228786820666487,0.4317652011423796,0.6856524912680226,0.6392245739517337,0.5103409800946928,0.7862720476004741,0.6295671960461651,0.7001961224756497,0.663122552870151,0.6752654356002734,0.6656625338965741,0.5321928671319833,0.5488100982767111,0.5535237466039483,0.8511614153999355,0.757074522871102,0.8574389055192606,0.7635289321535452,0.6294688249288671,0.7517179258464519,0.8098817990875666,0.32276872022437164,0.3540364165036803,0.14198139646361574,0.6114575594221251,0.09736042898739244,0.804725916760655,1.0,0.816151385951719,0.2764206511245369,0.6802609967019726,0.569115382951689,0.7775791640500729,0.7981600317750658,0.7035594251746672,0.5723984255401006,0.3872539609584611,0.8900584632072116,0.881336910429086,0.8657641001975342,0.688100050507132,0.9595416899274507,0.9764818778792499,0.6654687583365642,0.8551933900877162,0.6261032010441101,0.8639060028833475,0.4203097609368621,0.5642252163699476,0.39921303406863445,0.4041966525108986,0.9888904358228563,0.46330028321217304,0.8905120521367115,0.4554003965463476,0.8410147311715849,0.6593034708777232,0.610869156517389,0.811796308096284,0.6169599419123779,0.8814432151530012,0.7102326753034909,0.9054505990324527,0.9404745331048575,0.8776489103278806,0.8660221138183711,0.6557841368237765,0.9275634885416019,0.8241836707182403,0.8771246936698702,0.19484032923376896,0.764328927906616,0.6672643187241287,0.7732053648387652,0.25326284255277326,0.36545216873206204,0.8004468067551451,0.4977677363428081,0.9949405742536701,0.7033963777309257,0.9931066053174452,0.31941697852993706,0.385811527563356,0.5151602299329758,0.8924423576807623,0.5044120464850181,0.9539211113520204,0.269639558965486,0.4046921120187442,0.5374845439789573,0.7507042446482529,0.8383991187295541,0.898285064411567,0.8577462941149093,0.3863058743195662,0.8031689129516503,0.0971053982902075,0.7574723123175184,0.11106397238595805,0.9422760590533705,0.7978655616403888,0.2297647580811324,0.6718513872561143,0.6239967626886979,0.9394730437909686,0.8581198584800258,0.932385116588738,0.7344351955610255,0.7888208813516816,0.9653500221808862,0.9945896718969075,0.8770502081431617,0.9523163416859013,0.6768447230930942,0.5865039687426999,0.7969757551965301,0.7289871810339337,0.7034440252770833,0.7281345355876718,0.619820049198274,0.7107476720838999,0.780405057156023,0.8254560531625239,0.37478092338179536,0.8104709561757976,0.8588054208069175,0.9009043785277925,0.4827276036328844,0.44478236288433076,0.623947969181754,0.8762936052049115,0.6338610759972433,0.41962044011842264,0.7462085209894372,0.679553469416268,0.9076426667417833,0.8711863359665625
HEFA,0.6086352347453652,0.6247151085866403,0.5500823054881119,0.6136841949651656,0.689676919541975,0.6064958067106881,0.8756446512053859,0.8144179546799907,0.7328487959214662,0.8335576984335623,0.7182479905068512,0.7377067382211797,0.7948945367988426,0.6062765770094963,0.6073832697893873,0.1615298272993509,0.1268790417189515,0.12931242708108104,0.7835374196072327,0.5718791497698386,0.7972678596682301,0.5894442899565911,0.7603375261970465,0.8005970021458698,0.6302936920599265,0.1244257815083543,0.4648567277980561,0.5118139465892754,0.6856468232808289,0.7185434202788559,0.8891497069065409,0.851102695551192,0.40859792532568,0.6179255137160017,0.7264124773388632,0.662408962486222,0.8966700948796037,0.7172915302957936,0.818196110580107,0.7540569202384847,0.7908370290004721,0.8233377330007852,0.5142195533162016,0.8091609030629426,0.7306353623491313,0.47979726771032194,0.8343241271574133,0.7464313354825862,0.8216652811167041,0.7032149149730546,0.6746895384723142,0.7909204820924852,0.5826525920465944,0.5760160533056117,0.5891910060813274,0.6499976237566393,0.8611324873346938,0.7631559149044409,0.8242466588155193,0.7018317626612302,0.8668599377408812,0.673324461403907,0.32515789377353516,0.3559432489754819,0.14977592399415957,0.6456637743147083,0.008702654668325389,0.8922721365095871,0.816151385951719,1.0,0.21763742705667072,0.5935411449438956,0.5413755587990073,0.6881450232718842,0.5786549089121135,0.5674099776644425,0.5972920217828123,0.3891299251304867,0.745499925149258,0.7555936308827622,0.7131502410144966,0.6824748147491074,0.8074296510875221,0.8088528638247751,0.6091324880457902,0.7432489653517501,0.5657306496312338,0.7513185848560593,0.4241060010728055,0.5764114973686438,0.29386285463864253,0.46889686077789067,0.8047021413529072,0.41066539658065354,0.7345368766979822,0.44471696854288845,0.753877877301468,0.5889655046730847,0.5445516612432436,0.6917409881100258,0.6682740232955566,0.760774120582955,0.6255326985812761,0.7734254475181783,0.7527996982413482,0.7213857691370246,0.7251592906455063,0.600403440392689,0.801329274379616,0.7446472717585925,0.7708243067171054,0.07748403485137062,0.8324872456241376,0.6994595900488015,0.6528181754883973,0.26820962488629396,0.36461823480588007,0.6984617872528652,0.511156548468271,0.819807341308684,0.6263252668035615,0.8122415130864027,0.20638479951549712,0.2780658907614724,0.48648581354161907,0.7428940230514135,0.5175314708262247,0.7477199946606552,0.27772479000901096,0.41215771829452424,0.5125050257747833,0.6185234792399033,0.6674645712458815,0.7623349077175801,0.7682766623571885,0.2903958962838536,0.8886754645478396,-0.014766094356236577,0.8679390534903267,0.03868397510089189,0.791942837018002,0.8576504902681277,0.13638252029511613,0.5655154627992489,0.6855274937601363,0.8007710915853379,0.758647941176849,0.7709631167555411,0.8091408136016828,0.8612272934781903,0.8816451589511498,0.8246137417632593,0.7816465646633737,0.750170334868433,0.7264918686992332,0.5157475825251623,0.8755025247881257,0.8424055639939981,0.5088191364461465,0.6497726853302501,0.5253750956865118,0.619634229060767,0.7445217428694255,0.6499073616624431,0.34551704577406694,0.7226504747627536,0.7726268679750071,0.7247309775766821,0.3908779569421481,0.36854264864220393,0.5340424695702344,0.7058528688298292,0.5957461137251752,0.36351981388618015,0.6188349773542666,0.7217804852246453,0.8100426424296452,0.7523244127452263
HYD,0.5690666863410948,0.24322390383991718,0.269898742661351,0.25230999666188497,0.2413628322618024,0.23407344511533754,0.3275870214648998,0.30613668829812896,0.27936551746054306,0.2640509833181666,0.21692269169831305,0.28824908022571866,0.2676883152883693,0.39694504178824663,0.2001321937739791,0.6554809203551376,0.6636353146683537,0.5694051167457698,0.2980602396090421,0.2337556365180646,0.25573828068385696,0.2700977396788215,0.22999448237732711,0.2783405751151069,0.2578885710016743,0.6617423225156324,0.4845006974655738,0.2481279344704039,0.2942676234079824,0.38253977708556247,0.34474321148724,0.2971872868158836,0.16769081396616373,0.2699303154838607,0.26007974360354263,0.2601589249444622,0.3349484764513583,0.27939172490901304,0.27855849660512605,0.3269211775194948,0.3048299894347397,0.3066067474650258,0.21288739396178818,0.2880558153163107,0.35027719292522336,0.2544836338233258,0.2828638413978811,0.2901361948074284,0.29975128605046847,0.29293749215772813,0.24636881248769932,0.29953835433710374,0.25438371535030896,0.22168588372888948,0.2771549447712033,0.24594114645724488,0.3016504676054915,0.2780417557668092,0.3636863447769717,0.25747647401330637,0.30979426236766544,0.26309438059161333,0.23832179127272393,0.24416029862773692,0.21655701732374838,0.1956685649468633,0.6119080294386111,0.3328067111149079,0.2764206511245369,0.21763742705667072,1.0,0.2585690251796552,0.2983361989424856,0.2849095939107946,0.25172639799851154,0.23966855955423008,0.20251983286199804,0.0525985405576911,0.23909339694365647,0.2636604351674655,0.22975224882896148,0.20862349882962286,0.2638246104204891,0.29336539364641967,0.15343527166276028,0.2517778064248621,0.1546683126441875,0.27572255140291607,0.10940836442884876,0.21909561542966546,0.6644552009939431,0.21126626322480732,0.2625956795502685,0.12159530018291505,0.31198156244241854,0.04230223787493428,0.22612831567785605,0.24561244209978117,0.4704116389086904,0.31285667005612705,0.21313534602883139,0.25359408673663947,0.26166397434752275,0.3002516971340449,0.25374216656177956,0.25132896107391345,0.21564358444121995,0.40000371340614904,0.30790134179008216,0.2113193004474171,0.27685027577236426,0.5309201818279959,0.3620639869328873,0.317844866058592,0.5217955306006928,0.1404342174341397,0.22145993555527946,0.19815637971606323,0.1532235099157864,0.2709751096559864,0.2919897430758086,0.271743154984712,0.6060342886499108,0.6599390771017322,0.2544339928558187,0.2501641375691538,0.249857006570771,0.25679924190046444,0.0366615560516502,0.10054022149280295,0.15318983730263622,0.5524408462403727,0.28770760557730374,0.29041099243418106,0.2736273974372083,0.6454521122080227,0.3363677364979364,0.6075819018424127,0.3296657262506967,0.6203060624550017,0.2765214500792134,0.3632948149211019,0.6388107605341757,0.39855259450712793,0.3994077867291077,0.3113943901609963,0.2949233310689654,0.29418412937178584,0.30100207498384196,0.33744366764831585,0.3140035107026634,0.27965249298974487,0.25487282657302435,0.2619330132290072,0.28804222593908346,0.5925088462779758,0.3344355480590509,0.30676003656691003,0.25017644548240325,0.21437925295337779,0.2522379891847035,0.3570825090748696,0.262662082091185,0.24461357080466403,0.025962336259783933,0.18885735283183158,0.22953565887248314,0.22817969206935254,0.21952318573939414,0.28379616664004964,0.2147233914806303,0.28312101396112344,0.16461305723528238,0.02767072231207313,0.25524798871141435,0.284529661612537,0.3226112497905204,0.20512131284472498
IBB,0.6104193897069135,0.611818049480034,0.8017007467392002,0.6777575574065632,0.6086747046854205,0.5946616762478356,0.5940529312027848,0.5446639774823478,0.5178568868963207,0.6799940072065095,0.5869988858787112,0.560180329532808,0.5120506328610666,0.47247488649829256,0.5421071213635116,0.29746842344986385,0.29339032976167617,0.24417582695302345,0.6042718922903505,0.5221081939139071,0.6734231223509249,0.5251676581736313,0.6242496671044765,0.6587611826878086,0.4341856151009047,0.2883794058744803,0.42971925119011833,0.39369531359908383,0.503534858093469,0.5631875236152891,0.6388765974536883,0.5487586676484648,0.33067949394074364,0.5043460161022976,0.4958304939446309,0.4454913650852913,0.6160680346828613,0.5146045503224702,0.6788379494031469,0.5624308142532594,0.5571417117404984,0.5329743475000996,0.3688096586803128,0.5072992175927991,0.5964838619262657,0.3813711042452186,0.5597920933714566,0.4989659147837641,0.5430597430230074,0.5362031266738911,0.4509843515368693,0.5343328692803433,0.4053326266492449,0.3946415725427916,0.46434545069998345,0.592673963023972,0.5608694445185377,0.6589458940288712,0.5831333465498668,0.47530767594639384,0.5623229155821787,0.6512620355589167,0.3139200218333382,0.32831631604695516,0.1649270573321945,0.4450135549077511,0.19667178558308412,0.6154992744917981,0.6802609967019726,0.5935411449438956,0.2585690251796552,1.0,0.5118477956963594,0.6032968793319352,0.5377275287777848,0.6381552764037388,0.4508057811625711,0.21748790057308134,0.5484500755148555,0.6533996345026762,0.5302541065901177,0.5237546501087424,0.6621425585211268,0.6945405916820845,0.4747553017582659,0.6163668751070318,0.44907611486529175,0.6932302371968169,0.2814669523945976,0.4734486351507386,0.40181909307953023,0.368367750764959,0.656902282523559,0.29349727897251604,0.7067602220787177,0.2781149027348365,0.5793572648202614,0.5764344639121756,0.4881095338565473,0.6475976884429911,0.4519157704714981,0.6364482665693411,0.5815217200126507,0.7588566535692446,0.6115498253626871,0.5857177363941095,0.5793369779416554,0.5546967013569817,0.7071923131053672,0.6492617078751669,0.7149482214489559,0.20875818904109883,0.5965819571165228,0.5547026958900614,0.6186841193451516,0.21651686288801034,0.32957513928807053,0.49224303625713495,0.40690109792270057,0.6710221653508518,0.5598531967777772,0.674231131577695,0.33888369714175154,0.3969540863277942,0.4860412747777009,0.5752669672884482,0.39044619550703114,0.6138042784786467,0.17648086713732822,0.2876913154328778,0.3829109607359202,0.6093063297268997,0.6694219242657683,0.7451195939019839,0.6625393094579575,0.3891482639538925,0.6107833723622624,0.19695886928612955,0.5975325688768937,0.19626706057072024,0.6847419921231956,0.6610545058296461,0.28263879078448373,0.5818942622327149,0.543425831838499,0.7071292832140991,0.6499721749206423,0.6956530779002429,0.5390616720959133,0.6117810272351795,0.6888471767890457,0.6922758659554993,0.6634889013703388,0.6190113635896713,0.529827035059795,0.49193581564875044,0.6117579142749007,0.5572641261634049,0.5525544677765323,0.5480549693699365,0.9092847558183894,0.5847772243924397,0.5895593650638764,0.5652118323072034,0.20686662220079674,0.5511039532449804,0.5976611687546173,0.551121141549777,0.39006838872180616,0.34955225978104115,0.7484044569350492,0.6040807980537949,0.4633816054524842,0.25325107341648717,0.6066565802668289,0.5218974012967049,0.7215933159589533,0.5850673402960633
ICLN,0.5474989721134074,0.5474849228006018,0.5744922441514416,0.5885439954195704,0.6379802104132143,0.5613034721951562,0.6308314680338223,0.6211704483864554,0.6420000968969108,0.5991842917657658,0.5155342850451275,0.5917820926409446,0.5110028536611467,0.4205412836999422,0.538821666846258,0.28840950792246006,0.3020416432695762,0.2630010686510203,0.6261944101693898,0.47408258224528993,0.5049694980369841,0.4395674877233492,0.46398546565057247,0.5789284014226805,0.5121153530698618,0.30180642771643784,0.4799763717536304,0.4914368306527517,0.6088359694375485,0.5129816147134376,0.6341160421803936,0.5572638313189416,0.3290520181549794,0.5257298969122871,0.6247027299700882,0.4896604799560933,0.6188920078186156,0.6269043375194369,0.5864945359953165,0.5783571256209453,0.5827745052001982,0.550589099317359,0.43046014285722356,0.5506769360592139,0.4949281634921141,0.4183568588113264,0.6200480627481437,0.5616924631190404,0.5357754785101058,0.5119244995160576,0.5683142939194122,0.5209984747450745,0.4703036297154279,0.5425341927779491,0.5307941699060791,0.507542158979057,0.5773869633850629,0.5884969943532371,0.6436436585772155,0.5702316637639581,0.6069744116086082,0.3974532340098168,0.40976372470231986,0.43355733545273784,0.2885328300962227,0.5264737790274345,0.20036911107937724,0.6134512967217797,0.569115382951689,0.5413755587990073,0.2983361989424856,0.5118477956963594,1.0,0.6812503975199324,0.4379178453347677,0.36320275388168227,0.4281140171166688,0.27224200404217025,0.5772952155009407,0.4692649285969136,0.510030361673526,0.4601072119546859,0.6071471091298389,0.5703767227795519,0.36611592796713577,0.4960065833299115,0.23295194392146767,0.7211926270667871,0.33516218683680676,0.6169247889989271,0.3851295135779652,0.428337451893963,0.5652703582789648,0.3052426338791149,0.5401666839849243,0.32961267930079197,0.5596238280395445,0.8309235357565867,0.5058883559817706,0.5100544764251504,0.558346430041151,0.48737879172445886,0.8643050977623236,0.6793137194414922,0.5770188367990079,0.5865830451787302,0.5109529676044092,0.5161430012995213,0.5791200005203576,0.5478291401659463,0.6434213445595153,0.26892548238557296,0.640014716647454,0.5622178562932713,0.5384662685304143,0.33469246740132463,0.43487759372809687,0.5555746790095721,0.3999945295816218,0.5774905292726799,0.44827541425905537,0.572535095561755,0.3411969634836,0.37962164912446983,0.9162576896958943,0.5665956073501465,0.438320767518857,0.5305805754948346,0.20915524824915113,0.29449794757588743,0.5401393876270436,0.5437397425918218,0.43939059672868713,0.6723252011533335,0.5619770765993573,0.36313302672034314,0.6462750229024934,0.2182049790459343,0.601287800369938,0.20100418471235665,0.5261755220923048,0.5909916305481204,0.30671655416704746,0.4895405043365372,0.5834437442636494,0.624739418714495,0.5450523922311545,0.6376323403107893,0.6054827177125485,0.6604616573806608,0.648377960484109,0.5978902058143839,0.5147176593086921,0.5589522424516452,0.619307463555256,0.4939159947996942,0.6650658311092754,0.5894860949170372,0.44231313560365443,0.544996570689586,0.5204559722999132,0.5019176351557163,0.540931299502159,0.42803227227531504,0.2329779111266124,0.38682018704889104,0.5468762312419974,0.5571002214276485,0.19970889458572677,0.4080741639121069,0.3046228796038712,0.5324383886179354,0.543429172146472,0.2847066572952968,0.5047247105447156,0.6303234652055434,0.7053751104030692,0.4735065668129476
ICVT,0.6254996285905517,0.7868568960515684,0.6994859392786849,0.8002138671069932,0.8406159935301089,0.8019229557393657,0.6953919526293821,0.6706544633277458,0.7391985722917143,0.7973182967799808,0.6683014154725085,0.6621162889695799,0.6325241585906459,0.5738956700874727,0.7840832294428257,0.2280428293771046,0.21881635961822904,0.20047324630674906,0.8107405472616527,0.6950205850324316,0.685820253697765,0.4458051432659448,0.6142196918521439,0.7889560569219989,0.5216325973436857,0.2159200852341692,0.4651350266993681,0.4814425349855972,0.7006990412357543,0.5016710366476301,0.7422615848569897,0.5990162005290691,0.36603267690349106,0.6598990597193217,0.7460954829637005,0.5227152753897045,0.698763297236785,0.7350959162432583,0.7929270448039379,0.6509120590165163,0.6233320156745207,0.6229260815739835,0.44940437928738136,0.578675676765809,0.5169430636715134,0.4526571001075748,0.7416403572989918,0.5369468776104241,0.5930468016608815,0.6100781023261785,0.6836275957502401,0.5521612717745136,0.5009703301691549,0.6613512191164924,0.5545765163879749,0.7545247529616076,0.6550822957127971,0.74180316424492,0.6960630473006768,0.6248350059832692,0.6729094086351644,0.4842315873136964,0.37424911512333287,0.40807217344177255,0.2245350550918434,0.5400321686543822,0.10918957458519603,0.6892007054514705,0.7775791640500729,0.6881450232718842,0.2849095939107946,0.6032968793319352,0.6812503975199324,1.0,0.6850063045613619,0.4856472598781146,0.4837872750321233,0.27658664160095536,0.7961302840588137,0.6009828780907582,0.7192753050557357,0.6316256784027741,0.841733787684332,0.7665128034626459,0.5253217801222754,0.7106450965210781,0.36717674352475665,0.8874302795950277,0.3564705506748472,0.6270596205387791,0.3490318158060736,0.47086518588558834,0.7787949060385365,0.3519741308073852,0.6743870454986376,0.3820934005870799,0.7173148983140031,0.7828234005258193,0.5724884961778283,0.5961904809090616,0.6167018473330743,0.6603249841698934,0.8130895602389068,0.8673035282983725,0.8044728986450133,0.8282128750830122,0.7153855319814645,0.527481819853808,0.7227416085863027,0.7203037729081848,0.8275087262280355,0.17281816734410815,0.688759418403757,0.5835261122878398,0.6488520833255007,0.3117948182012757,0.4244638737353322,0.7519388868477245,0.4389372636102837,0.7803598604764768,0.4713833943105423,0.7781581315359873,0.2815018748208246,0.33544907160495036,0.6159251374313421,0.7529003306569969,0.4793479772799166,0.7584699019797623,0.24648056979287444,0.38454263621483714,0.6174839876257878,0.6369312933574373,0.5410913762217121,0.8697594027394379,0.7065808118762009,0.33089103549804255,0.7326581083012148,0.10854842823413678,0.6521095752034247,0.11977122220567957,0.6781662998252262,0.6655605455115322,0.22306283500351615,0.4944063807735377,0.5672463016147178,0.7966840396624779,0.6488501515233602,0.8577316623413574,0.7287093664062914,0.7595420434473816,0.8217407516893317,0.8046658975868151,0.6456868113682105,0.7862650263620091,0.7031207521887938,0.5227295346983465,0.7519278055508499,0.6243406920178878,0.6488721229295431,0.7072631917073213,0.623218467243029,0.5812822643844432,0.6128858093324363,0.615845379592042,0.25167947121742085,0.5723439562195748,0.7025349623639447,0.787255023369347,0.18080641024310143,0.2941738300491951,0.3673998356519655,0.7102973992215023,0.6542154993657624,0.32424358718093743,0.6287549919755651,0.7470521508974272,0.8439809772945739,0.6577704939481895
IGV,0.5945121548616679,0.8195681537983939,0.631085919364802,0.7744931283751821,0.7355651712723134,0.813469958094077,0.5464136692782948,0.511201104797435,0.5103102127386496,0.7462758957567702,0.5615467094449675,0.5815573385684909,0.5072706366911454,0.5375150679532252,0.6664408661216593,0.20597333666448622,0.19578621505700364,0.16260858427175648,0.7539423102553799,0.9032404101701698,0.6740622264693932,0.37033004525616486,0.5943900346188782,0.8139613282298297,0.3728763959649477,0.1888478563414249,0.3554727229509056,0.3264079713454018,0.4690296298111621,0.43682507177825425,0.6275139392526948,0.45127618888475557,0.30831945866911376,0.5775795707674481,0.5075108075725351,0.4209760823663162,0.5682593165798602,0.5078497895067184,0.8088404531257071,0.5405690809259258,0.539200274221184,0.551968904042036,0.30061241300683283,0.47163302659601286,0.43679018066877073,0.3708374972628874,0.5967736224030759,0.41817333039930726,0.488789359487493,0.5236193186467873,0.5323770700752662,0.42401276718341274,0.3651833698986117,0.3999653754155275,0.40143769512084376,0.8926377211741999,0.5500579224829193,0.6345527389854879,0.5501786115460955,0.4514372182321175,0.5040266459769379,0.5533608566668872,0.233396042779221,0.2710043685530642,0.09492315569520633,0.38549937356789094,0.08963356665561395,0.5762845198310582,0.7981600317750658,0.5786549089121135,0.25172639799851154,0.5377275287777848,0.4379178453347677,0.6850063045613619,1.0,0.5637008879604546,0.42424830217065423,0.21495494958638084,0.7764545732915036,0.6080476486109682,0.7112913860642974,0.5117127081076556,0.783718977023851,0.7998145190431079,0.45680509155650956,0.7186446282578095,0.42612290670304576,0.7456518749029772,0.30090254750350826,0.44931522570701077,0.32651908251955736,0.3393673432015665,0.8040218886468856,0.3153893547933292,0.7562077089559879,0.2726605109253477,0.563630432217598,0.5670946923035245,0.4883050429998376,0.6046902997759823,0.4125522632973799,0.6435837562109209,0.5767935019282716,0.7938499369114143,0.8186115723787328,0.84139546637056,0.716006574418561,0.4736854348033192,0.6872573930850953,0.6420748766290126,0.6841651723254725,0.16105113361751683,0.5651775211669156,0.46331993913305003,0.6303036731914374,0.1925145163086175,0.2777489962047013,0.6482740979289632,0.37170960901166716,0.7926097772752797,0.4166491891847788,0.7977081794791833,0.2611744127802396,0.3145552601069295,0.42476689051299527,0.7573918077257725,0.37715562475956516,0.8377967137312251,0.18320175202550834,0.2846484033641522,0.44912841437609513,0.6149336469529565,0.6398465585045628,0.7790469430203925,0.6120641459421872,0.3140128704282029,0.5741421269006807,0.09160801879713605,0.5355798199164173,0.09857222773628498,0.6819845196013822,0.6117563521780505,0.1985337819581811,0.46327317942173607,0.4334174942082159,0.7439265114383911,0.5742422064479802,0.8268477357566336,0.5250750145019007,0.583850038759773,0.7544117841396316,0.8025175091018463,0.5587781365613222,0.8509176825228555,0.5231252969787853,0.4642250592312996,0.5792004780576232,0.4735173488429121,0.9111099253905399,0.5663212674259847,0.53541641381954,0.49548927696449147,0.5121222277574649,0.7165920321831711,0.2102797979138453,0.5850854046605061,0.5669903460642605,0.8042187596975476,0.2154012240755687,0.18970211604644407,0.3967180769022574,0.7325958042015511,0.4535318410813306,0.29354599430779016,0.5936071047437981,0.52511257485182,0.7946513512314219,0.6668609645173101
IHI,0.5853618710621659,0.5736173048462571,0.5679735288116783,0.5574737602170249,0.5253874840668304,0.5409511145445522,0.5762473703737107,0.5286946470563496,0.41223028137921913,0.6783246470879402,0.5651989842851786,0.5811384653748775,0.47573940522909647,0.4847669619569129,0.4651855368047257,0.2666312658617298,0.2592185116528491,0.2021144569440708,0.5977216689864192,0.5153146951392836,0.6824332482228614,0.5676615351051154,0.6725742782869928,0.6709573652621594,0.38066115885754975,0.25946270700851787,0.4022656544654629,0.3613659320560789,0.4083388003145114,0.5812167509924666,0.6146561198150605,0.5430254789886098,0.3194665569905684,0.4842425058252314,0.39415094270878437,0.42949945481720686,0.5966895504841768,0.409417251513068,0.6918929714082355,0.5673468277559099,0.5568942537029474,0.5569808536064208,0.3176967752699022,0.5206332613926561,0.5877159372758805,0.38981137867988475,0.5417717464801324,0.49701546093894017,0.5485210267888454,0.526666186479309,0.36336085656004224,0.5412539159514944,0.3687898501324778,0.2871588500496502,0.4302787802714867,0.6004301509314547,0.5668313084901853,0.6377348429589619,0.5722147568007316,0.4018427129756058,0.5366256492812546,0.7546705199429666,0.26954654390806204,0.28235108447277807,0.12796525109889517,0.41707035570602874,0.16662592073077467,0.6105207425609523,0.7035594251746672,0.5674099776644425,0.23966855955423008,0.6381552764037388,0.36320275388168227,0.4856472598781146,0.5637008879604546,1.0,0.42615711226771086,0.2370161133419143,0.5012637998274294,0.7216554066811941,0.5250567632692319,0.5138171496736403,0.640529718740655,0.7152690798911518,0.49016170530831904,0.6422806872428769,0.551593868091018,0.5949449184625825,0.2917486872304245,0.347021910613472,0.3733608320712957,0.3044792972742708,0.6692992258330298,0.3333221046925832,0.7444536703302183,0.2526005315349007,0.5704037790768101,0.4101509192558652,0.4746191671822464,0.7098274429819562,0.40387381619734636,0.6867908413337406,0.42752106180744714,0.6742691876457642,0.5868106405705831,0.5447160670451089,0.5701101339607556,0.5447480103695327,0.7478912236756572,0.5973631791047148,0.6284182329713793,0.21090325860245424,0.5800243598177176,0.5172337946148637,0.6059163992197223,0.15924598227627232,0.28172458777932546,0.428912728657828,0.3774226512876726,0.6891077494491232,0.6210470035967719,0.6935746147157671,0.3200274820619228,0.36848485410943077,0.34085055173791473,0.5577636570468076,0.3656929146496088,0.6324450607398634,0.15967889750307726,0.2660341144108186,0.3237826300643483,0.5962791524730048,0.7394386334731928,0.6623732398087685,0.6543696472388618,0.35893497934701374,0.5836834619031553,0.1671852711961617,0.5915931970148053,0.16663986969226874,0.737734843175753,0.6517428079619917,0.2489497350728752,0.6430810732663746,0.5195701659637386,0.7294923659205067,0.698205466761745,0.6938010608621407,0.47713382448252584,0.5559647965131461,0.6771000770046172,0.6967506366443712,0.6947008059944626,0.6258284634191819,0.4476343869833124,0.4781144830240255,0.5655477183111287,0.5464479815659152,0.5484316257621791,0.5107509653038038,0.5391134737286304,0.5648924324121308,0.6217017827883837,0.6162078844558985,0.23571618230607141,0.6333534301423427,0.6112479592609493,0.5108899535576301,0.537979597782166,0.4340363377248538,0.7638718674202782,0.6096491933468781,0.39406539534135687,0.2610104849585744,0.5706765018434371,0.4177808623171304,0.6452779321669231,0.6124367212072779
INDA,0.4604846818178784,0.4735618117277087,0.40787708176912346,0.44958975881947655,0.4721828679392925,0.45184308930807465,0.6205605165471669,0.5893204190298124,0.6157434653526158,0.5716886852958183,0.46621082264600483,0.5256881318711137,0.5397385813413393,0.43753823443534307,0.4432857198649482,0.15762688213118972,0.1628322456310615,0.1681653669733136,0.5480698836111078,0.40913422383197084,0.5555255394784254,0.3904139015993908,0.5152084390102561,0.5661850386613592,0.5075838999189894,0.15551497692344748,0.4750989924627981,0.39981892757063625,0.6311480234944111,0.5469908767792957,0.6231989166416404,0.5955288982328172,0.3852397541489984,0.4532355865981216,0.6498759808037747,0.5398818142446233,0.6307267528289594,0.5944864597480929,0.5745568908370821,0.5446292646649402,0.5872765383827955,0.5979446365601907,0.30586776217552064,0.5678945658180635,0.5354111469457705,0.44512795217429274,0.5835590169077521,0.5451679275016909,0.584251149278153,0.5191174633024939,0.4944768373376027,0.5576046460526592,0.394997570075842,0.44102845671998114,0.48225700240057773,0.4871834950476414,0.6072583769192925,0.5174204775630696,0.617374375751921,0.5567165255615587,0.6032545877688751,0.49264963915058124,0.2824319829674507,0.3079517004565797,0.15672852051075792,0.41547566290584226,0.07551518886102927,0.6278895038909411,0.5723984255401006,0.5972920217828123,0.20251983286199804,0.4508057811625711,0.4281140171166688,0.4837872750321233,0.42424830217065423,0.42615711226771086,1.0,0.175379814809294,0.521856865071785,0.5111146925110502,0.4675532780700154,0.5000837103222813,0.5555031476155129,0.5643214558150896,0.4260083377683694,0.5228935843098349,0.4034254654539348,0.5220718049283234,0.36383885521266907,0.37672465975166336,0.2588566657277475,0.31552838042954456,0.569779367698471,0.23071789725747446,0.5232662032022758,0.2293157955158072,0.4846277889246711,0.41400528062246683,0.37811862417031633,0.4853651719823803,0.46096958754312295,0.5229295568478467,0.4435311115455531,0.547704336439087,0.5311255318969722,0.4960044363817268,0.4914193408909381,0.4327736678198767,0.552549870560811,0.492730550763514,0.5244366329961034,0.09898614767048759,0.6246357598310653,0.4872816669613896,0.48158400929586176,0.206222352752619,0.29693130413248586,0.4643088708401328,0.8746455035698477,0.5740185992127508,0.4326439127801467,0.5735573462925664,0.24356316969993846,0.24778080100126326,0.35959470673737354,0.5225939096378718,0.4619988412501626,0.5414567569558502,0.25827481390006096,0.3758743243719838,0.3734335975603945,0.4683870634058392,0.48757215865955017,0.5303110973451469,0.5194384612246781,0.24093658556193895,0.6317014716663305,0.08639253664963725,0.6222761278474779,0.07003491544598706,0.5572658235757403,0.6351259539855667,0.16770096023810804,0.4230221476281326,0.5492372805859638,0.5557233791851061,0.5170412353766294,0.5415022640032775,0.5715173726611894,0.6522749036855924,0.6325116334227929,0.5784394931037397,0.5290936785355969,0.540018406510499,0.6277751813908445,0.4347156407049868,0.6533574065377543,0.6067254398874613,0.37087730839843086,0.4153308751000147,0.4214479881456669,0.4474714525071963,0.5066659527036269,0.4681081089158327,0.14657560265951036,0.5163505685619644,0.5017194097772318,0.4976026672004743,0.30518250701888233,0.2548368325284865,0.3998756342572547,0.5268273094000788,0.3808186408476601,0.15350862803903173,0.4598156124893985,0.6198668288447626,0.5712021975523317,0.5049178997173622
IXC,0.30873634317838483,0.22338762024444905,0.17338440071593786,0.20880427570195828,0.2797550068484994,0.21499006211800917,0.4546470523096398,0.4826729817324042,0.317008357496615,0.4823053443603172,0.5686729110502068,0.5784235064060727,0.3162526893339288,0.37968284839008626,0.2462993039118084,-0.033667847465860275,-0.047718760220544734,-0.1102933441939032,0.2811169625953009,0.24878708084652934,0.4148609652631297,0.582651726217857,0.5107090738862051,0.3379292049786501,0.43375499873450957,-0.04246253735278016,0.19074151651559274,0.32108230468322096,0.2506978564132028,0.3335368679709901,0.2899629019938012,0.48157578009914837,0.21514654576138303,0.23342437613116065,0.28591124986377886,0.3494575918800041,0.3923352061904437,0.28780510259556036,0.3884855201614257,0.47180114922232874,0.31294629674486696,0.2937178687114654,0.2886950933032577,0.3708996108394172,0.2524907002279379,0.2342079850714893,0.2930723892155539,0.3254869822589157,0.32812442630805744,0.34268475533898884,0.2656108454976075,0.4895192370241371,0.30967942872566573,0.186474176313456,0.27930113198865636,0.2288822326300838,0.32874712854608135,0.454830272914226,0.41286108708631586,0.4072747603601528,0.4901116151443969,0.3895519244262078,0.22470534122018507,0.24696472257344693,0.15236706465871205,0.7857284128265511,-0.11631588853695289,0.4191821148420058,0.3872539609584611,0.3891299251304867,0.0525985405576911,0.21748790057308134,0.27224200404217025,0.27658664160095536,0.21495494958638084,0.2370161133419143,0.175379814809294,1.0,0.24674419652421034,0.4248236856876717,0.30448536048781855,0.20073607387321038,0.37626676914626594,0.39820068687224786,0.38456069456376174,0.36652930143054385,0.38342297180528606,0.33757336777896463,0.30623087948704186,0.3166190343675074,0.05280727398321336,0.2358651437335866,0.3667972441061945,0.7515355659574148,0.37043428867143874,0.8623828158090058,0.41320238684421734,0.30199031680219185,0.2966743946257679,0.3046235395409655,0.49569228408322163,0.4861780471914579,0.2968789487115451,0.3323143140772994,0.26456379433597765,0.25380077121029354,0.31574593939608386,0.3685279012552515,0.4719865848220712,0.4306787423385551,0.41457886209256817,0.10084433593203139,0.36766666862685626,0.5290286149037825,0.33728177347182786,0.20717559876863126,0.25440141062760596,0.241353451551305,0.14784788323264225,0.39541379013383865,0.5421775327068828,0.35710555451004217,0.03221320555276362,0.04899200712821783,0.25418570609072383,0.33257238367903985,0.26084260960863553,0.2795037493734714,0.1111725894215246,0.12534096101003347,0.34745800417155265,0.3173743270672174,0.37971931576210194,0.35445266903188233,0.48688262832996837,0.05207008665115309,0.40340825919937806,-0.11702837550770559,0.37116722020894455,-0.10521378717407011,0.4121923157374626,0.3578565764066021,-0.031745256141611784,0.31950357735945245,0.30745729056648086,0.4500828882054208,0.5269012107591692,0.3468146419309695,0.3378151783959297,0.33575884867449163,0.41793471236052576,0.40151174673401574,0.5460656764769785,0.26778322115162384,0.3284055884861511,0.19847870255669486,0.4004805775960973,0.5121771572414154,0.20415562308817314,0.3382127857391647,0.1820796447027997,0.21324639214358618,0.4736123607166357,0.26164175815988544,0.9781649300724283,0.4270591403694733,0.41432226667907185,0.25471185468652874,0.23798315533239342,0.2959712159859879,0.26017746215372717,0.2612875414842436,0.498166992405735,0.9199781794106021,0.2891191559263546,0.27367530693296777,0.323750560708161,0.40171352437731095
IXN,0.6286793431501347,0.72925486219699,0.6022364435427028,0.7336303424483226,0.8120229144019712,0.7522029206470177,0.707305532084523,0.6646095697558463,0.75336437057812,0.8576675758180391,0.6189935196034271,0.6439190218097398,0.6890704478845605,0.5687321447083068,0.7161915861479794,0.19757691294324006,0.18575728194343152,0.16986963655779097,0.8718752862967198,0.7451191552610351,0.7377035350319009,0.391644423172542,0.6612448296449576,0.9208643092183842,0.5161267876833983,0.1832099936263425,0.4488702181204217,0.4507601669023686,0.6936507411962166,0.5017241809381735,0.7954225725549284,0.6035069223744091,0.38003432549506727,0.6702824825286926,0.7929857444450485,0.5420962354048329,0.7319990952238301,0.7452501541402318,0.9069095613368804,0.6625354800928142,0.6501376931229249,0.6626685262944576,0.411142452811265,0.6030032048092436,0.5217537127387429,0.4701959767501973,0.8076569463488105,0.5487739201354244,0.6203060822003591,0.6073044781506496,0.7921533531912194,0.5453768664737174,0.4817603777865518,0.6938431445437319,0.5362658134580512,0.7948195016700143,0.70860104222943,0.6954393618396225,0.6993415574588425,0.633321996211228,0.692333586640273,0.5339443374705403,0.3253122357729586,0.35937393681197577,0.17628100695307605,0.5014615301486943,0.06645701812204306,0.7214000487647864,0.8900584632072116,0.745499925149258,0.23909339694365647,0.5484500755148555,0.5772952155009407,0.7961302840588137,0.7764545732915036,0.5012637998274294,0.521856865071785,0.24674419652421034,1.0,0.6647110588294367,0.876945894434224,0.5773350182324879,0.9064898796876978,0.8625810965796112,0.46747877845527835,0.6969713372914966,0.3465974098610861,0.8170313624092898,0.3699507354813077,0.5767556973403632,0.33100914309437807,0.4100604967457985,0.9188071130915653,0.3132045049016806,0.7245369130768694,0.35130374174463636,0.7156659873574909,0.6624684654553818,0.5059361650705096,0.6151761779786923,0.5851782688652883,0.6572804128280899,0.7258831422103281,0.8376751490973798,0.9617868138684029,0.9405966744253035,0.8520167414655698,0.49062074777028786,0.7283294191207819,0.708081115773329,0.7633853353589135,0.13912593231811596,0.6942223203565907,0.5387241694347457,0.6609095532080748,0.2882800974528511,0.37217002112528613,0.9357977122556036,0.45807830072795935,0.9046012579740603,0.429132882464094,0.9054646827462774,0.25921115503010217,0.31746627669731725,0.5162401542103957,0.9182643240624908,0.5029434306752211,0.915550926584509,0.24200511825903462,0.3890327195535429,0.5644345114270753,0.6390950386002473,0.6028142482190503,0.815090339299341,0.6629671348798196,0.3189770301808369,0.7600133374220435,0.07041348974192994,0.6784592774662682,0.07691836639315426,0.7633272485086936,0.6959446193239789,0.18883409757066347,0.44715105997310045,0.5218265594398941,0.7785762476265581,0.6217489024327062,0.8513157525513098,0.7655549655308356,0.783498000402304,0.8933787864183041,0.8987282283979505,0.6558533592101308,0.9378951732285103,0.7034498539441124,0.4992861672528036,0.7721666106923968,0.6297120955409856,0.6421338347570016,0.6351214553469947,0.5383731729446122,0.5632622131173765,0.6046707859478138,0.6916657993020089,0.22184579847869557,0.5712296530113993,0.7064461905586379,0.9905084499690742,0.20881055756823014,0.25255339194353077,0.371388998809156,0.7534857872056681,0.5807683461194095,0.2901215227841258,0.5799573676480927,0.756221700134806,0.8887517295374732,0.7752686349760619
JEPI,0.6691326571133505,0.579401642016798,0.5215745242389332,0.5630989485857146,0.6186445738063691,0.555005260142634,0.7171402915435982,0.6666007270800909,0.5447775058733872,0.8724247917659298,0.7353509775143968,0.7365248995011897,0.6085228404021978,0.5944703412441374,0.5466472012088417,0.24756989720019654,0.23045582331029388,0.1984755878426651,0.667904641679927,0.590835043693042,0.9026541342071255,0.7394202035866478,0.9027303954301056,0.8337110595232842,0.514697054951029,0.22737362260534094,0.4299138810635164,0.4313200891561302,0.517015948387011,0.6490807355717008,0.7202771216765099,0.6902837400418829,0.38786438194103434,0.5585080472658656,0.5488036637240643,0.546010228217083,0.7277214760135832,0.5285533160191334,0.8644723563193679,0.7029966448901657,0.642168060899514,0.6478655893510751,0.38301434461190764,0.6380693446030946,0.641691901139982,0.47876746410427906,0.6500269707340424,0.6042558077361657,0.6507525460215866,0.5935748215213642,0.5116947419341829,0.6726357841170321,0.49986851538984184,0.40450921725331074,0.4943068767259297,0.6454360012696404,0.6765063411687174,0.7861733955287765,0.688291957593928,0.5475835356775202,0.6958121267317773,0.8992463366643239,0.29646996899835526,0.31499937839009845,0.1243298699558285,0.5964642135476308,0.11698189058246432,0.7486040040586177,0.881336910429086,0.7555936308827622,0.2636604351674655,0.6533996345026762,0.4692649285969136,0.6009828780907582,0.6080476486109682,0.7216554066811941,0.5111146925110502,0.4248236856876717,0.6647110588294367,1.0,0.7390539458605454,0.6204077688199782,0.8248388415890384,0.8875170966202057,0.6218741379898238,0.7698064817537101,0.7077981082629086,0.7034647042429307,0.38839363299265206,0.4559887212024553,0.37310113680242046,0.32327835411902106,0.8443715303972444,0.4843609422873775,0.8299555802952465,0.44824863753876765,0.7908307790321524,0.5010569744076179,0.563630079245913,0.8142337565018635,0.5445837234142454,0.8634432655269771,0.549459541290703,0.7572199167464135,0.7309830328193341,0.6571620732549766,0.7751516360172508,0.6382964934367861,0.9036360470198395,0.7887795378279655,0.7675024327945914,0.20730542528826934,0.6860846295297247,0.6397111957216034,0.6873709251539544,0.20421826351598862,0.31973068887742195,0.5754753346507319,0.44420249895975567,0.8712897595871391,0.7815215861997579,0.8663162449262117,0.30300645380017655,0.36403593124315525,0.41489466152185256,0.7334018018558701,0.4557830918508431,0.7690965587134576,0.24299534415521148,0.3586332311470116,0.4169362042263237,0.6662839171023459,0.9032400008169525,0.7558898864734402,0.8161493182329919,0.36316425370792116,0.7223614262456873,0.10935408510228233,0.7041800009122953,0.12996345291865538,0.934342977196242,0.7558258060111748,0.22953248481245545,0.7350236091661747,0.5943815670352137,0.8742521824773759,0.8842290776897879,0.7949873236071604,0.6245083642293019,0.6804635159976669,0.8431628091443835,0.866576801880455,0.9162841874369437,0.749884214957326,0.5573837320714039,0.5291344440539699,0.7023576332028144,0.701918870090654,0.5277127838090214,0.6638851580153947,0.5326867540240273,0.6659873028754572,0.7908985597114413,0.6909978097109599,0.41762498925626623,0.8109840239743951,0.8463477975878878,0.6803982104988008,0.660484819603521,0.5930535384387179,0.7483871923539386,0.7358272449227347,0.5491133314032791,0.42341923929346337,0.6524584266141382,0.5325027329726122,0.7495345378162822,0.855895736287561
JEPQ,0.6182133334887474,0.688403156822647,0.5658137746755751,0.699663497100344,0.7629206838831725,0.7114276350797053,0.6741284572446065,0.6413832049782381,0.6553019306413677,0.839660055301842,0.6273420617365782,0.6486640670440831,0.6420392140353087,0.5859213764151756,0.6651713160754673,0.18651949404810472,0.1775223129960496,0.1658493901944897,0.7834071260061496,0.6888165388058727,0.7468309605616184,0.45513053348940263,0.6932170262225049,0.8742582716670328,0.4849566107895218,0.17976962072090172,0.4083170886381859,0.4276150025223767,0.6056497465268899,0.48567428068545804,0.7337071860692482,0.5914798602148424,0.3814121511065742,0.6380221468297852,0.6832827646897122,0.49670304422791883,0.6919363559546574,0.6464051628512423,0.8755029333573564,0.6567546206523532,0.5997267476047512,0.6131726274824769,0.396232576219117,0.5712398622061508,0.5059946563573566,0.4520790366520541,0.7228431597622057,0.5181195534619475,0.5758898429325408,0.5810770023607724,0.6906250160071002,0.551969831535255,0.45930900598914937,0.5732268823492527,0.5116724615596381,0.7627295905758663,0.6520873574703037,0.6924681094505557,0.6603869698028979,0.5782279155562678,0.6562668006028264,0.5673292424524768,0.3323611927409613,0.3633112516410728,0.18578190591356405,0.5211769562504048,0.061223219608810574,0.6921353855364414,0.8657641001975342,0.7131502410144966,0.22975224882896148,0.5302541065901177,0.510030361673526,0.7192753050557357,0.7112913860642974,0.5250567632692319,0.4675532780700154,0.30448536048781855,0.876945894434224,0.7390539458605454,1.0,0.5737517310210969,0.8474771951288484,0.832029211793274,0.48163766008813036,0.686859672056638,0.393797258847508,0.7635286329543486,0.3928925647660086,0.512644721801545,0.3121909601153162,0.3612338819680996,0.885412559918827,0.3665772849913588,0.7301052611175544,0.4057259279375672,0.7031142387535734,0.6019582445974944,0.4986418997966088,0.6109980770231523,0.5622344581686017,0.6763004414513764,0.6566768294508954,0.7790654823585332,0.8925116169721324,0.8414863952858558,0.8448325632105137,0.5125075757711531,0.7349358574122967,0.7219150516508088,0.7341225450545471,0.17148620320632713,0.6535222941306427,0.5460499206749232,0.6595242470197504,0.2837754871471475,0.3757245688400197,0.8109441193677925,0.4126571783435598,0.8789064705185895,0.4871124384908477,0.8764055444183639,0.2511225975072063,0.30018998929232066,0.45583106965901476,0.8307946391665704,0.48827559926086933,0.8699067676508071,0.2359605633656442,0.4001501772384626,0.5239180571647807,0.6271985214047113,0.6235449819421811,0.7712934911713495,0.6679612038941273,0.30169520627288327,0.7097066743431154,0.0663196447645963,0.6404619226268095,0.0772402389649279,0.7599434921406447,0.6682890489122734,0.18743037988148892,0.4801265204517462,0.5036914120513718,0.7592505327555293,0.6471475941750097,0.8017602508217475,0.6932598160686625,0.7110589178583965,0.8515747661800582,0.8697434475710155,0.6829994652062413,0.8806304436068926,0.6266397212316255,0.4809923774589845,0.7116678743389524,0.6164819084242588,0.5951053053115262,0.6302347857593812,0.5009638011847907,0.5401165089178138,0.6080291366232169,0.7120414155076568,0.2924166908201171,0.6078452893522812,0.7122397862136443,0.8807158261289709,0.2904278259563786,0.3102493498591691,0.41885798143021646,0.765360795478582,0.5735585856627784,0.34029606135462204,0.5711323841754591,0.6505260173398212,0.8240305166735766,0.8038040742690999
JETS,0.5485016455380453,0.6231837665289436,0.5759231160440292,0.6256274054994361,0.6348774854863307,0.6025600950223741,0.6493743121579318,0.6139601835631328,0.5644673606999923,0.727622001771899,0.7129079504596303,0.5988628416406307,0.5415489173427807,0.5274556678010119,0.5952025332805537,0.18564122399360272,0.15051219429540388,0.14924160492247188,0.6424343930501732,0.48942382906514276,0.6994233307715467,0.5196433477889307,0.6302234868356122,0.6688329893583402,0.4643933593681692,0.1499217742815644,0.4282935261672589,0.4282329645729936,0.5373676756785971,0.48043912595603433,0.6556073263681371,0.6201441097047018,0.3469394040135083,0.542001092094014,0.5703271543753726,0.5181163155513852,0.657369809246691,0.563243925244719,0.681891319026584,0.5843384915919183,0.6087078192493135,0.6376633566615224,0.37656062950066216,0.6161742766415883,0.5379480656534661,0.4140126014363697,0.6401416965647575,0.5780404538393353,0.6418530887372492,0.5527813984504529,0.5279309723565568,0.5535717349782326,0.464381573426575,0.4468566382002652,0.4797161192786953,0.5995790339488303,0.6609907241559405,0.7602728686748291,0.6363019187569304,0.5256399747133966,0.6302266249630301,0.5606657522010046,0.2167386733982741,0.2513672668052165,0.08037628810441394,0.45306210575765193,0.049468163149141174,0.6695874637223141,0.688100050507132,0.6824748147491074,0.20862349882962286,0.5237546501087424,0.4601072119546859,0.6316256784027741,0.5117127081076556,0.5138171496736403,0.5000837103222813,0.20073607387321038,0.5773350182324879,0.6204077688199782,0.5737517310210969,1.0,0.6730241469775351,0.6739544995415693,0.6596315506391622,0.7138373055882903,0.5247199699233922,0.710472192293126,0.3310585292525488,0.4876089459133664,0.2904417975889037,0.3604520930907547,0.6584032258421425,0.2887250199120605,0.6886089997258661,0.31037950219148425,0.6909159839824741,0.5768326481970913,0.4788802243881609,0.6331903773508022,0.5069738280013723,0.7240414891240305,0.5875608234319866,0.7185564317578969,0.6157013178691145,0.6022642522070846,0.5910631953550556,0.5729719533203742,0.7331344191877979,0.6911819649497276,0.749541266870429,0.08919435940250343,0.6418041745810397,0.5807020257582449,0.5886442513373983,0.15815829390072544,0.2600891294766055,0.5493218230810112,0.43900775186481855,0.6830760930758498,0.5815184183822714,0.6841443155057041,0.20509591842220365,0.2762433502435063,0.4553092703558695,0.6125695403710218,0.4333446702953047,0.62022557737909,0.23273382893075314,0.3730248620477315,0.3893664053316784,0.5625751065050731,0.5187254521960075,0.7229848341410895,0.7595543756194907,0.2924793759412696,0.659586687380708,0.031372651944713205,0.6511784981270863,0.08352833749611517,0.6571791610430643,0.6225137767215818,0.1502804035092199,0.512785095196632,0.5422223049894159,0.7274312536299936,0.7015213551562204,0.6912320289039441,0.5794184563366677,0.6508117350607232,0.7150603228429581,0.7036706253390383,0.6645478670169731,0.6215350538145887,0.5721189985070455,0.4595423636664362,0.6578320187384448,0.6206583996598185,0.5197295750490967,0.5992811174396518,0.5132328309348622,0.6298047331309579,0.6458362244425271,0.5759674444750326,0.19454552098856975,0.6753898962815594,0.7019330003757487,0.569908395149149,0.30751837914925345,0.2567107577871204,0.4096626447510284,0.6901203069413935,0.5160249398827708,0.23485997507962425,0.6843114146759851,0.5699708352779774,0.672379205404919,0.6238362668656516
JMOM,0.7118921983042831,0.7789928327150709,0.666399180326075,0.7728627012849698,0.8427607025547368,0.7799806014403968,0.7735841329132417,0.7303846739894012,0.7179489506506305,0.9562085860882912,0.7801520697819737,0.7620468130859847,0.7078394393841271,0.6330099546994385,0.7414820003121985,0.2270248250808967,0.20946025759438516,0.1865308237202953,0.873021372944079,0.7759641118046867,0.8710105725798579,0.587557559454995,0.8230841033293483,0.948821316951614,0.5396022494800071,0.20949901558525352,0.4632386750223368,0.4920053946379851,0.6685999744613764,0.5930894343770223,0.8245900694515429,0.6847940407663168,0.3905999856322791,0.6947458564355421,0.7450275431637164,0.5885475565551447,0.7855023958360682,0.7049168615594037,0.9604121826881175,0.7318897976446784,0.7035864573650756,0.7042372233826742,0.41685876466041094,0.6658944271775652,0.6054551091420574,0.4855938266580131,0.8018248847935336,0.6084656978194318,0.6769110956030652,0.6508450905508832,0.7152399359662629,0.6409477026548769,0.5422590893668418,0.6180625162444412,0.5564764141526124,0.8221680523376467,0.7442749868755093,0.8427166384058925,0.7559347863423199,0.6267787682469839,0.7457896433110847,0.731342707336578,0.3427050194444623,0.3770258584492392,0.16496318976145388,0.6032013728294121,0.08110396516924806,0.7893829364894388,0.9595416899274507,0.8074296510875221,0.2638246104204891,0.6621425585211268,0.6071471091298389,0.841733787684332,0.783718977023851,0.640529718740655,0.5555031476155129,0.37626676914626594,0.9064898796876978,0.8248388415890384,0.8474771951288484,0.6730241469775351,1.0,0.9538374216568665,0.6285481524872656,0.8255444883251973,0.5722667888237425,0.8899115398456127,0.40283909430287734,0.5864127990725159,0.37264453972489475,0.4026772119839557,0.9493493518151853,0.452920693039164,0.8177903452740493,0.4636523782979279,0.8584593389327639,0.6974904495707824,0.597525076298102,0.7710871916781784,0.6283078940036436,0.8405271091908028,0.7527603411196166,0.9212122675206469,0.9300749333370064,0.9084220166811812,0.8601844582336315,0.609687826898093,0.8879295520969185,0.8218524841440854,0.8911856343735434,0.17183741946661713,0.7523220014572243,0.6301808078588539,0.7403150000548601,0.26859935596335544,0.3880471326195764,0.8543459283221365,0.4879243867626865,0.9566234304518222,0.6233612655496993,0.9536925875562043,0.2930434227634811,0.35913929577811904,0.5440188094707354,0.897190361154712,0.5012937293981624,0.9117340210875967,0.25346342188920357,0.4022253654546519,0.5873015942354222,0.7196185442421286,0.77545886904814,0.9229833450853675,0.8341780754453463,0.3583408074180215,0.8049535413110467,0.08080505554198877,0.7408085283496068,0.09592354192821635,0.8949186030413927,0.7732875380350913,0.20883088289433788,0.6188277408805719,0.6034544280872775,0.9286239969048251,0.8157432026652575,0.9502929384937367,0.7644737121076132,0.7994766144638017,0.9473195947337675,0.9640614213619078,0.8399089929229644,0.9226233245637547,0.6895564993996168,0.5599328299550035,0.8028466754730402,0.7066951619749127,0.687146853520828,0.7649518826046869,0.6260641283316062,0.6941814973603609,0.7486174904907205,0.7444552345120866,0.3626987597399911,0.7521998554436472,0.866347344320073,0.911941872654685,0.38558452147871514,0.40872601996855773,0.5555770349311197,0.8233455084763946,0.6596291364472953,0.418057942935451,0.7173651992111897,0.716634077509685,0.9104678519063547,0.8358572167291475
JQUA,0.7405384121409131,0.7533486740900515,0.6591632796249082,0.7424502193551435,0.7861070392312975,0.7444647251319229,0.7803599807315657,0.7273353407929459,0.6798685510226392,0.963145601391281,0.7981337815016349,0.7761306454133167,0.6904711865528165,0.6450558592736271,0.6877619775228478,0.270534929805396,0.25432526561202584,0.21400577727189593,0.8396235980722422,0.7764043441421123,0.9168657949686831,0.6677321147192491,0.875405817048391,0.9540541897454378,0.5473271457958396,0.25208253618864707,0.4881688852998637,0.4810517476984973,0.6410309366799292,0.6513737034581354,0.8218382157447655,0.7116739546481615,0.40424081052432004,0.6781042321018464,0.6922530776701211,0.5952723568494126,0.7964629491590342,0.6668806050068322,0.9708570895992663,0.7482959759632732,0.7214496383467569,0.7244784530239221,0.4331391530317924,0.680490244883326,0.6551335434798041,0.50305686291963,0.7820015943132378,0.6258637948237793,0.7017666547693244,0.6584037204769002,0.6661086482605928,0.6741849013818996,0.5298045289689021,0.5553955965478541,0.5541189369028459,0.8285678012227363,0.7559523871617695,0.8632060585799999,0.7645061109085484,0.624952351624861,0.7561156280893019,0.8420522428901634,0.32721283868117995,0.3565422133740632,0.14619777618345908,0.6183781568919917,0.12447198954509994,0.8050765626964188,0.9764818778792499,0.8088528638247751,0.29336539364641967,0.6945405916820845,0.5703767227795519,0.7665128034626459,0.7998145190431079,0.7152690798911518,0.5643214558150896,0.39820068687224786,0.8625810965796112,0.8875170966202057,0.832029211793274,0.6739544995415693,0.9538374216568665,1.0,0.6568673284627351,0.8403992218927452,0.6478853571213308,0.853960414081117,0.4110400463413614,0.5627346705797458,0.41692592801286205,0.4038384125497908,0.9557722277098564,0.46325548283664303,0.9062282974838148,0.45784911368044856,0.8367325219631647,0.6493425570759701,0.6169138645653452,0.8383380370134788,0.6142362228375866,0.8857556077298145,0.7003174844155964,0.9078289347118957,0.9108330292293643,0.8778041558297117,0.8374008557831673,0.6613558811062579,0.9427500852248023,0.8115776240667321,0.8810353611966224,0.21226912907719553,0.7633383222749942,0.6650596923077333,0.7690015841015859,0.2502691689301684,0.3621980075369961,0.7814919227422974,0.4872683070662308,0.9691877918143099,0.7260195457814116,0.9660407404979492,0.33570332785829676,0.40342259001082414,0.5174368662924343,0.8900512479721465,0.5007490092628925,0.9132094974399447,0.2566067719890774,0.382817058755655,0.5142046650820778,0.7498353016137684,0.8742055245566377,0.8991541937072206,0.8643877179426516,0.40330172339660114,0.8055416104560227,0.12078493197932512,0.761716840776184,0.13501093017349836,0.9504045456678925,0.8045969692352155,0.25452117172974115,0.6933061233595741,0.6326454211747619,0.948450957308983,0.8737562325674382,0.9333322215056735,0.7364068198902515,0.7893723914336835,0.9503167526725197,0.9722467253998559,0.8936139627915042,0.9108559776740476,0.6699793996294494,0.5916293522670802,0.7970115570812986,0.7296201189298276,0.7170037636640579,0.7136410151116598,0.6211227986707631,0.7286426798722142,0.7968791245337323,0.7982169064411778,0.38739651902634936,0.8036204141094339,0.8626765700452222,0.8758350939678254,0.5148710466856723,0.451967949993979,0.652297989246951,0.8398030406625999,0.6231774146996624,0.42636333720702413,0.7480529260476304,0.6772916387778735,0.9054274319098505,0.844732094383687
KBE,0.5232301219324101,0.5422735049363033,0.5009452475275342,0.5422998303711879,0.5617119996388831,0.5175595719531492,0.5881363507647677,0.5691364068094196,0.42026706894995625,0.7473509271090175,0.8731932570768174,0.6296747274804717,0.48787154683877465,0.5052275926939451,0.5201019792474124,0.12801465725264727,0.09660777257041109,0.06371788596358807,0.5455177146376323,0.4649075451793254,0.721126021844851,0.7004503501188126,0.6826677206358417,0.6281536160314951,0.39814385328522023,0.10042007694937923,0.32951769262144986,0.3947907929263313,0.3866313642323536,0.4521616580604444,0.5272871000573244,0.5885907569887595,0.28034375083362945,0.4894246962621548,0.4320424234849763,0.4747471745200309,0.5715373532960413,0.41660201338706293,0.653481877822374,0.5566072608966494,0.5244588473554224,0.5284454773033904,0.2887516277339035,0.5393018647849097,0.4541471997029502,0.3327034154188663,0.5131137519617205,0.5115621447431886,0.5253465924976317,0.4779684609590835,0.3933696348349746,0.5361790188343293,0.4018517740497624,0.2975366514991257,0.3798693512792083,0.5190108958840958,0.5411444798219034,0.8434677289664099,0.5713959741981797,0.4247248112737039,0.578060890915538,0.6288341154101668,0.11178394713208713,0.14319806348027095,-0.005584191389718535,0.4995185740162563,-0.0014559021477885117,0.5910411627426836,0.6654687583365642,0.6091324880457902,0.15343527166276028,0.4747553017582659,0.36611592796713577,0.5253217801222754,0.45680509155650956,0.49016170530831904,0.4260083377683694,0.38456069456376174,0.46747877845527835,0.6218741379898238,0.48163766008813036,0.6596315506391622,0.6285481524872656,0.6568673284627351,1.0,0.796784963546781,0.6977319633194988,0.6542345106762837,0.32891592076321835,0.39850707639090094,0.24139186345257965,0.2533315713835739,0.617611383647518,0.4385899660459279,0.685633320693413,0.4677109739488087,0.7240863212086117,0.5081541882523654,0.5412607522474796,0.6725001819466009,0.4624567088631268,0.8006119496456545,0.5124814939630544,0.6234951468661998,0.5232454357783962,0.5060729567827397,0.48309848409124556,0.666104358040087,0.77019416806885,0.6813038870939541,0.7980255436637677,0.08102664440349097,0.5780338146709545,0.5966834440889627,0.568518020972682,0.07966310012490398,0.15898210755021608,0.433630143977012,0.3589787831379585,0.651934381237616,0.7653882026908854,0.6468655281627272,0.16603738447984492,0.22882829990505232,0.36543891055136624,0.5559846522401735,0.30304799924770176,0.5503017883259856,0.21315209117919048,0.3106164050538537,0.3054364340337636,0.5472747071630657,0.5705850058164503,0.6874044434497982,0.8607502478746274,0.23939217296980222,0.5739368116244352,-0.018025800734099876,0.557972507864451,0.027455213416919734,0.6921288009841547,0.5520923102917352,0.10893987870568522,0.5935428151412797,0.5123884733169761,0.7416775487922546,0.7897593066874083,0.637203522776762,0.4888782508693048,0.5404954160627647,0.6608475489909367,0.6794736183810179,0.7528301366107314,0.534532416684242,0.44076599549033124,0.40316367426550287,0.5555754467613641,0.5865016661014101,0.49062293784563793,0.5644085328919449,0.44969338834759676,0.6291634269676691,0.6461989147543052,0.5329097567781643,0.39271558344695223,0.8320488654103875,0.6973285267952456,0.47758994572525376,0.3421572594666568,0.3242945153112329,0.425349811335398,0.6093220731938974,0.5118359143136822,0.42157022054024273,0.6785513444624591,0.423473418176914,0.5874822315865721,0.5558207190785849
KCE,0.6754454639928426,0.7765044702945761,0.6551602316884522,0.7518650579487887,0.7435839603593806,0.749154560560889,0.7223393594288604,0.6900518149690112,0.5825856234813633,0.880676861353896,0.8347292846081198,0.7371716753034977,0.6189947080590917,0.6231151243504881,0.7255110512005687,0.22979373683647816,0.20677788230754807,0.17406246316666713,0.7559687445698587,0.6838330451640439,0.8438870969164545,0.6593597408436794,0.7947906041617857,0.8330417246709262,0.5054088189294361,0.2077320874523709,0.4483973851771046,0.4562281801964887,0.5422617196172536,0.5702638317359361,0.7207301714368384,0.6753126870478774,0.36934148277482004,0.6258204935659832,0.5879595331967669,0.5635954943034821,0.7216133990135145,0.578146148100314,0.8493104449043194,0.6862397366098615,0.6721886988514683,0.6746796643360564,0.4047010931256473,0.6520732602160202,0.5824708572937817,0.44547854614045174,0.6886824113646841,0.6013421278066298,0.6447627506185206,0.6247341407948196,0.5653456207586126,0.6268729281966551,0.480289431158145,0.4404841614759924,0.5027829552634634,0.7523830268444661,0.685538925950952,0.8692161932678325,0.7052292043180092,0.5592435545713931,0.6904699072312689,0.7395595438904164,0.25847874999605736,0.2927131311879641,0.08756828400759563,0.568290188913077,0.08735018456680951,0.7366779082122061,0.8551933900877162,0.7432489653517501,0.2517778064248621,0.6163668751070318,0.4960065833299115,0.7106450965210781,0.7186446282578095,0.6422806872428769,0.5228935843098349,0.36652930143054385,0.6969713372914966,0.7698064817537101,0.686859672056638,0.7138373055882903,0.8255444883251973,0.8403992218927452,0.796784963546781,1.0,0.6777206705125234,0.8221813506530137,0.37927733225875687,0.5092761428943877,0.3663857614423814,0.3703562328282079,0.8212884287659715,0.4464991321044448,0.8359767659204578,0.4427399797994053,0.8033671391102465,0.6314302868853179,0.6054003468353822,0.7757338079356065,0.5651408426300031,0.8713972632337458,0.6439619007753653,0.8218640117581759,0.7509837868338585,0.7326142557030512,0.7000798210381977,0.6689313828139526,0.8784400632408402,0.7853673998600526,0.8703140529369001,0.16036946755505282,0.7196566536215263,0.6613851700286086,0.7151320900250476,0.19847933614382848,0.3047014426233853,0.627129876437914,0.44962752643268544,0.8422753925540695,0.7232649175562857,0.8403452279307945,0.28129767113088006,0.351877587489067,0.4688388011273036,0.7409472222932744,0.43406866711187864,0.7820280860162259,0.23861881201935675,0.36630115247316586,0.4710851991130231,0.69484664999973,0.7235831883203108,0.8544739320944851,0.8767571543301408,0.3561370563397698,0.7245572827242841,0.0775686866454014,0.6985096904422882,0.10776311481601189,0.8321369503293655,0.7237035258633697,0.21063188037271202,0.662009408479406,0.6076696456708677,0.8881633002738694,0.8428194909474098,0.8525323002711707,0.6376587432579391,0.7049458392456428,0.8452105662110919,0.863013162646908,0.8195959775557636,0.7777367905356657,0.5996147704774392,0.5464241322641917,0.7155692949467712,0.6829792910241298,0.6931788590821643,0.6894501259712349,0.5845716838500521,0.690469545706601,0.7407515189305377,0.710844561852935,0.3630356993688704,0.8758603965265285,0.7952856273779291,0.7034328616480194,0.3813427520032593,0.3757709877103652,0.5197041022198009,0.7723293182132751,0.5973422999064685,0.4079820865431541,0.7406424090736499,0.5877114869590079,0.7935068537894981,0.7346762524819536
KIE,0.47228134373008246,0.4312191416457465,0.3414299442728056,0.3845673865783902,0.39840296316769286,0.38936482443080483,0.5344720964056823,0.494154972504406,0.2890938544061293,0.6565644933071031,0.6745074767657065,0.5790995710455349,0.39635959035431584,0.47640332375121647,0.3689857834789418,0.10461641134763647,0.07627343332078593,0.05308517467902027,0.4161956499618559,0.4250219176926673,0.7119357136928975,0.6795192416304316,0.7147574385715905,0.5592142991071306,0.3395195899347757,0.07779927934667394,0.2725668754947679,0.31615527387809095,0.2841621219008161,0.5273504848208159,0.47042694620500125,0.5626930384318667,0.23380872429520788,0.383408885645157,0.28059219660474477,0.43095554572883443,0.5291455853142463,0.27913871624846076,0.599200089675743,0.5006575909616906,0.47551120847037964,0.5062931454068383,0.21629778406165676,0.5238086635118737,0.49565424570166805,0.3062131044223367,0.42641955896834893,0.5002828669999212,0.5061984726832688,0.4362993806968387,0.2388337112725847,0.5487629217672382,0.3593941012348487,0.13923417640336017,0.290363492173145,0.44193291638401383,0.5039871975617416,0.6687374335271751,0.4987871589012995,0.33319381772865736,0.5126228762145172,0.7776359613297934,0.10626957989449985,0.12722213669268803,-0.02842618620899423,0.4448560938189692,-0.008244244509754568,0.5569870864400038,0.6261032010441101,0.5657306496312338,0.1546683126441875,0.44907611486529175,0.23295194392146767,0.36717674352475665,0.42612290670304576,0.551593868091018,0.4034254654539348,0.38342297180528606,0.3465974098610861,0.7077981082629086,0.393797258847508,0.5247199699233922,0.5722667888237425,0.6478853571213308,0.6977319633194988,0.6777206705125234,1.0,0.48657314892780074,0.27774191757765543,0.25594741351585765,0.20502689764501464,0.19272048903665065,0.5669775804744794,0.45168660977926756,0.6264661325869045,0.37481926138233035,0.6055834661727484,0.30093336988706426,0.43649309794935753,0.6595486165505412,0.34852575105373684,0.7625107948343411,0.30749802626548434,0.5311694691480755,0.43061210213691536,0.37480643325397167,0.4559519246317166,0.5455297541093408,0.732368711734759,0.5962855732178226,0.6135727114371969,0.08022176208210716,0.5105637518022933,0.5002992744896574,0.5069852926237125,0.02830286409443545,0.12085317690330195,0.26912338856494694,0.34202924759160935,0.6013040626077361,0.7161581240554197,0.5970251273785889,0.14421424285564702,0.1979593117730327,0.20720638679311945,0.4426050804212509,0.23471821480937935,0.5003211965542546,0.1513892236749911,0.24544475614762662,0.2353966423789275,0.48988941483543885,0.7454040013747314,0.5507841750117882,0.7217085501592696,0.20733493917064863,0.5072129741359451,-0.02748505867232015,0.5364391866659177,0.008249648735813842,0.7128784107214491,0.5509511688376895,0.08610811385569783,0.5940852726857352,0.44828422759480735,0.6923418313468992,0.772979274266546,0.5628899636684481,0.3703316302194754,0.449837732747379,0.5878065638199648,0.6142979387363774,0.7544255157638778,0.46520856061995475,0.3349416529704146,0.36002285077600504,0.4751107834614196,0.5502882070951491,0.4218874181635457,0.5110421501667377,0.3726606589288807,0.5136047413680486,0.6285654648666468,0.5109506193338169,0.3842130537046766,0.8251139363700633,0.6454511856232136,0.3665630733333006,0.5383596360772054,0.44774320734450673,0.5719209814944846,0.524325061113905,0.38239396370487033,0.37335667814254453,0.5309113993065449,0.28519518150613654,0.4691550574348827,0.5753292419167179
KOMP,0.6988800487626962,0.8513180701636336,0.8023328737079043,0.8789853843986194,0.9239286620641827,0.8586331545286738,0.760399522446536,0.7342985889549981,0.7381884941227119,0.8901652915849704,0.8041885405005408,0.7479485633271579,0.6766689427462773,0.5992943113771022,0.8428306531018851,0.2591798321304218,0.24567908317816237,0.21980910248820829,0.872837742727032,0.7434245875486376,0.7885693141151785,0.5832869079304157,0.7183240666033086,0.8617918405845049,0.5673847212221212,0.2476720684018525,0.4962503064362237,0.5235006532983285,0.6854272323748911,0.5716646001796122,0.7967423851841623,0.667532289239488,0.39239800573709654,0.7067973482053389,0.7346590952808612,0.5830927065976513,0.761131778115752,0.734032648781773,0.8717905765552875,0.7183596763562173,0.7027562986563668,0.6891926057495809,0.4814073009474367,0.6518725801722094,0.587526777832225,0.4844371339796915,0.7760355793915389,0.5994578249755973,0.6610872861848724,0.6570493273108438,0.6950121995967014,0.6124695007617745,0.539651018737711,0.6169319451647455,0.5882685943539324,0.806859040551444,0.7191055133021179,0.8735847807280618,0.7596249131417234,0.6588769069420634,0.7300633761989616,0.6206030783852932,0.3790516637691423,0.41971454243671674,0.2159365997297721,0.6046920350282283,0.11936801876826232,0.760969064376034,0.8639060028833475,0.7513185848560593,0.27572255140291607,0.6932302371968169,0.7211926270667871,0.8874302795950277,0.7456518749029772,0.5949449184625825,0.5220718049283234,0.33757336777896463,0.8170313624092898,0.7034647042429307,0.7635286329543486,0.710472192293126,0.8899115398456127,0.853960414081117,0.6542345106762837,0.8221813506530137,0.48657314892780074,1.0,0.4120147044999465,0.668537389711295,0.3965926302092894,0.48663628443994644,0.8508309617388096,0.4159896488343495,0.8048688535407672,0.4596964049027144,0.8221482027879915,0.871632051925656,0.6119264288345937,0.7420068276276723,0.6509032990325991,0.7845442685273916,0.8710616762828407,0.9292666724399423,0.8471930713568381,0.8533521246874234,0.7622398304766245,0.6470297841808764,0.8419850371135394,0.8161512217100831,0.93087586866,0.1961384113264289,0.7595764809369733,0.6768673785145257,0.7252232131357599,0.31215891254106054,0.4346430647291431,0.7733038030147026,0.46329176445184256,0.8613242741972027,0.614654164453189,0.860631450200837,0.31582579631802604,0.3809376244109947,0.683370823611464,0.820153815159635,0.5031643940565291,0.8205975257728567,0.2525243543836338,0.39912787930550936,0.6209023926958238,0.7096835611567672,0.6494438090759396,0.9575481259406485,0.8429573798713789,0.38128349080177365,0.7850886882568296,0.1212203562788301,0.720705460198249,0.13334793669737025,0.7863793658464355,0.744099925831579,0.24546912652637562,0.6077241616762961,0.6411128049064244,0.8915256762131236,0.7750853619630013,0.9167116514088631,0.7447932266620564,0.7962170141203813,0.8932401789439816,0.8892600294162363,0.7546354818951301,0.8408342390318596,0.7250966038572173,0.5643635838429044,0.7978495202539465,0.6949077240597027,0.728807260978012,0.8065954649616804,0.7023285601444657,0.6997208793315722,0.7204987423556765,0.7038840976830597,0.32042178337261046,0.6832289114391529,0.8062631743609003,0.8131264490314084,0.2778498956107206,0.3578528636014051,0.4688037974319759,0.8068789456168902,0.7086851624458729,0.39554504748894936,0.7553617501735843,0.7427358474141812,0.917572470305977,0.7300265114540516
KSA,0.34485230747683465,0.3412083038096335,0.2843898736855819,0.331026171097652,0.3762623433390765,0.33389867078371127,0.45497895837822727,0.45914502890628567,0.436049380107733,0.4436603476984575,0.4091716281328563,0.43603661417895745,0.37296221312468203,0.3620464401520321,0.3560192868719617,0.0927976303924515,0.10127478045472597,0.07180156390917847,0.38608835948953035,0.28474572500702927,0.42577165474507744,0.3804341931278042,0.41243679815890405,0.40588045815812523,0.4134097280554412,0.10079962746887454,0.29944395328671825,0.3316591014327628,0.4949821092927606,0.3702830681279022,0.4158597923465356,0.4404642490210739,0.3042908851680058,0.35780574256597053,0.45797863049341914,0.3920641619338624,0.44099725585624083,0.4455492736494071,0.4253155217792017,0.44685844446523887,0.3919084728839009,0.38852741341754443,0.28844208905897284,0.3936652979221568,0.3581676702941952,0.34217348293072397,0.3914248697570593,0.37604409421550505,0.3912034525856233,0.38136869349971414,0.3612374717146289,0.4156518938809874,0.34673865515173485,0.3239077903491904,0.42183064795343217,0.34358774883825327,0.41017633406121184,0.42093232557630456,0.45089553966753376,0.45979121110081805,0.4540403657622393,0.33431647111116924,0.25913692284835826,0.27613654844893026,0.16540421761829327,0.4200203086704128,0.045851087955933616,0.44623842403103253,0.4203097609368621,0.4241060010728055,0.10940836442884876,0.2814669523945976,0.33516218683680676,0.3564705506748472,0.30090254750350826,0.2917486872304245,0.36383885521266907,0.30623087948704186,0.3699507354813077,0.38839363299265206,0.3928925647660086,0.3310585292525488,0.40283909430287734,0.4110400463413614,0.32891592076321835,0.37927733225875687,0.27774191757765543,0.4120147044999465,1.0,0.32881643801971194,0.17901390077759818,0.3005839584861309,0.4174494348334359,0.3090224294346514,0.40819992540233313,0.34229081979232245,0.3814785202012814,0.33988271155183897,0.2732158332176205,0.3393138561337808,0.4207031536600089,0.40355341442992126,0.3494789763375523,0.3919350833009354,0.37724577588084,0.3560130248054194,0.36060086315109424,0.3653623905934538,0.4300383164728623,0.3930960195090319,0.41856792030386625,0.1187235285541249,0.43343849541370966,0.42918506105547644,0.3695610023315657,0.2411795418815915,0.27983471395382675,0.3329624996274166,0.3065779135802666,0.4264652926569739,0.3945782164373836,0.41986023760824026,0.1721853332654333,0.16983199793612716,0.30476279221969765,0.39624930325353397,0.3054283005831699,0.37237575195589084,0.2371200205042408,0.45187422129525817,0.32062203800929706,0.3464307250869036,0.3447726478952717,0.3991017923279062,0.4214485606428574,0.16671065919762146,0.45188484966528647,0.04392877543652002,0.4233128817041715,0.02512737824628186,0.4127093988474224,0.42296613274369443,0.11174769198222255,0.3216203259027692,0.395855870876314,0.41616160961429294,0.4185960783339681,0.3835250980525155,0.41673227201756113,0.4566475881725331,0.4670651626818236,0.4286486040178427,0.42850409736956274,0.37432346410979106,0.4705611991443187,0.271579814939638,0.47286217360208455,0.48072250563540403,0.27135972209260495,0.3476549017718449,0.25980047704106696,0.30349015648228106,0.40749739939280866,0.33602937587116744,0.285856401934673,0.37626149601550685,0.39125238636223886,0.3624198581652456,0.23544290879584764,0.2359548359552191,0.2626010853927567,0.36769417645175045,0.36458103497638406,0.2906118465483656,0.342961710689862,0.4331893572956721,0.4103434681153657,0.3964567782872461
LIT,0.4709574570566689,0.5437360136055414,0.5386821409256737,0.5799972167731272,0.6296800568563802,0.5539236384539705,0.6491328915984577,0.6462323802701493,0.7159162614444223,0.5977403216600525,0.5381389574802635,0.5901133894580944,0.5488496057483188,0.42614061168354883,0.5410018664095192,0.17170667419087776,0.16756898040954152,0.11206021432214482,0.6359232243230141,0.4470727516978856,0.5075905516207763,0.4033092852912858,0.4703713338930533,0.5804273175716761,0.6162787637054188,0.16805913464741679,0.4742972904569011,0.5832865809263565,0.6644992014512604,0.48038563727849,0.6396897283797363,0.5870987851996029,0.35837573679407486,0.4819258501798665,0.6326672177857569,0.5010630954967797,0.6327235595061149,0.7162909161889944,0.5801518789177174,0.6169966109071381,0.5795428395244754,0.5518663927786533,0.5881554299148455,0.5331257604837926,0.4739862054784294,0.4240048343305175,0.6367882998537004,0.4970945386931355,0.5512057482518391,0.5642169641676571,0.596790243351458,0.5430380246971792,0.4757653073814263,0.560646103948026,0.5917515419806044,0.5045948520229304,0.5881931784832661,0.580973010800852,0.6562092345681664,0.6988885647431619,0.6387549056365894,0.3916655418523041,0.40509599230402665,0.4320154870503851,0.2803913937449185,0.6100257089043661,0.07856720301453222,0.6275660395555376,0.5642252163699476,0.5764114973686438,0.21909561542966546,0.4734486351507386,0.6169247889989271,0.6270596205387791,0.44931522570701077,0.347021910613472,0.37672465975166336,0.3166190343675074,0.5767556973403632,0.4559887212024553,0.512644721801545,0.4876089459133664,0.5864127990725159,0.5627346705797458,0.39850707639090094,0.5092761428943877,0.25594741351585765,0.668537389711295,0.32881643801971194,1.0,0.2651163378452633,0.6323912374205549,0.5648596216351538,0.29087029114295393,0.545070768331136,0.3819885897261806,0.552547632570823,0.6928309445623612,0.4081539243863351,0.48522548956193295,0.6920806697361341,0.49783798141817476,0.7131636496893132,0.6437361178457601,0.5791534156462835,0.5947487873264696,0.5289671246064047,0.45610264803132433,0.5694646160400203,0.5356352823230697,0.614598266975739,0.13105393408436597,0.6386108479777763,0.6162999013070833,0.483261280145882,0.37804764073426445,0.4398162093812806,0.5644990401782135,0.3114609852137796,0.5749596363538555,0.4263069720398922,0.5692115525985392,0.2151034555153628,0.25664126706022217,0.6152383526848054,0.5569605466706802,0.49379211903308634,0.5413029948364446,0.20783072412213752,0.2917197409344666,0.5030186711029343,0.4698483433331016,0.39702054669729303,0.631471415802094,0.5625986076156835,0.253840955504361,0.6584986291301754,0.07176023163613579,0.5971304175962568,0.08725286830388826,0.5132641805425567,0.5932512549541283,0.17572229592254565,0.4015050888251705,0.5610669412016318,0.5952117576912616,0.5291688740525993,0.5999887718494987,0.6441873767101619,0.6954684895832102,0.6596622926553056,0.5906433389567527,0.505806513280072,0.5567203769994604,0.730159870754577,0.40417317215376064,0.7027985659097704,0.6283019635111126,0.443028226044375,0.48656104455775046,0.4512543996083939,0.4624482278793162,0.5970615951886094,0.4317800327526795,0.27399291834854217,0.4132769516010091,0.5247874892625726,0.5562370433209046,0.18685865276259112,0.2218559228257172,0.28909498940961537,0.5648714208108186,0.6058360472724642,0.3188863089014175,0.4881668824582911,0.7238437409562309,0.7012584554658113,0.49524784815992595
LQD,0.7302563529752297,0.3523659844019479,0.39494936126455776,0.3692595400610219,0.3494929336981929,0.3365278860613129,0.42457053419845436,0.39496919914614614,0.3418446286507517,0.3799751732805326,0.32098237836302784,0.37357506269784035,0.37642022577464546,0.3476190220470711,0.28208320395488967,0.955374686276234,0.944365206690343,0.7643611557652021,0.3850902934970918,0.3097856717421986,0.3793312062301284,0.37847239781800973,0.3473538986763602,0.39533619650406976,0.3110388853529763,0.9368593286343273,0.6311743478366004,0.29859868334631046,0.36219763690713735,0.49154200966382533,0.4515079229905989,0.3886096509195366,0.24249020237467084,0.31758838429480934,0.34358457397808567,0.3342691823410438,0.44083996682017235,0.33813787389088334,0.40097820035691595,0.42930454453365896,0.3881807726718637,0.4009214218155347,0.2273156299965351,0.36197432146823105,0.45513408598194505,0.3081775671803055,0.37591418368282903,0.375995627383,0.39056961652183125,0.3748177726353989,0.30954277422061965,0.3716986208981589,0.3297734203767651,0.29326768671777415,0.36644658092752663,0.35449428345184625,0.39641978190114746,0.39843579538853824,0.4602529484764631,0.3163837432749432,0.40231998105894,0.3918389442000865,0.31675683923775955,0.324064689459793,0.26681597586209826,0.244156005178118,0.8502484125553008,0.43906790224908027,0.39921303406863445,0.29386285463864253,0.6644552009939431,0.40181909307953023,0.3851295135779652,0.3490318158060736,0.32651908251955736,0.3733608320712957,0.2588566657277475,0.05280727398321336,0.33100914309437807,0.37310113680242046,0.3121909601153162,0.2904417975889037,0.37264453972489475,0.41692592801286205,0.24139186345257965,0.3663857614423814,0.20502689764501464,0.3965926302092894,0.17901390077759818,0.2651163378452633,1.0,0.2084818323993929,0.3792226030540898,0.13916034698257956,0.45284563541457407,0.052228757153677,0.34235554293577475,0.3394957926891022,0.5790161928658348,0.45186844437784557,0.2792548499708124,0.3663467203364903,0.3508999832795876,0.41049365175625285,0.36209655706924426,0.34339201662638946,0.2954217083847845,0.4858184106889372,0.431074401468663,0.31402641529431086,0.4030122319721896,0.7743159802276853,0.458614316904676,0.4152407169598485,0.677617403555603,0.2103453065200549,0.2921779870956578,0.27578569695771343,0.21157164428291866,0.3937433992383757,0.39520518419586614,0.3956230395039974,0.8604475445441743,0.9909105243213713,0.33458876697481194,0.347930032259442,0.3285894463652467,0.36503510493857544,0.08162972410539046,0.15717510660211517,0.19902497336315222,0.701418554754882,0.4111116196476027,0.42144912555333225,0.3897233173216693,0.9837622325300562,0.44007464308764804,0.8417479822620468,0.42514135632428735,0.8849220018738555,0.4105527043854901,0.4660203220809557,0.8787141999020102,0.5048550377136056,0.48730212735983597,0.4292728961668143,0.4054859691917055,0.41034857889491694,0.40392678035811513,0.4321290043048292,0.4282886832725819,0.4011076951473582,0.369465538729556,0.3693508623099231,0.3340992108724926,0.8118688753122587,0.42687496833737715,0.40003813985897096,0.33449676230671377,0.31399761722586844,0.3619389030194114,0.49769255168828774,0.3738509760262639,0.35436735150260085,0.030438255814188245,0.28500582109039807,0.34366625336444084,0.32103897025944844,0.3014757744494037,0.38043213025391814,0.335815042090159,0.38720273057029303,0.25330792042653677,0.049940892379368,0.36425362329265015,0.3381053957396743,0.4321755764125449,0.29211917528441045
MCHI,0.3697048459455532,0.44419740545674175,0.3962482417860379,0.44013690518326554,0.4494204633404814,0.433545317547485,0.537373308478628,0.5145638617931455,0.7407207591085487,0.41809740728538075,0.35586504125562746,0.4548430069145448,0.3993533484995639,0.37067317917470455,0.38993386131702357,0.1291237367590326,0.1304705645356046,0.09216302607720615,0.47514317967658454,0.3176659932130151,0.35591676110557524,0.2913851892331844,0.3433928405600867,0.41547913075558146,0.6534327028704319,0.13662474310719314,0.46095045439251914,0.4101975271171721,0.6753864494831705,0.44802812622789395,0.5354108350560371,0.5027550721659793,0.27924781682264305,0.35247807530671027,0.497563782993625,0.44328533515136237,0.5347774248389144,0.7730837175638193,0.41918576348899794,0.5120291476887103,0.49337883006496314,0.47564237372878126,0.7984054795360087,0.45503398004405593,0.4108529238546702,0.39606487509340704,0.5495437852666165,0.4080034923515037,0.4953815896737019,0.556650046889328,0.465044526586369,0.4799561067517007,0.4125229838730452,0.42134431517722615,0.5913758527445642,0.4155036545146747,0.5179550521314135,0.39560206313049495,0.5438151338718511,0.7918107116553957,0.5202146462300716,0.2838156674672365,0.31279783577458076,0.3298205055629548,0.22258308239383515,0.47173180738683823,0.08726133827671083,0.5263560396718051,0.4041966525108986,0.46889686077789067,0.21126626322480732,0.368367750764959,0.428337451893963,0.47086518588558834,0.3393673432015665,0.3044792972742708,0.31552838042954456,0.2358651437335866,0.4100604967457985,0.32327835411902106,0.3612338819680996,0.3604520930907547,0.4026772119839557,0.4038384125497908,0.2533315713835739,0.3703562328282079,0.19272048903665065,0.48663628443994644,0.3005839584861309,0.6323912374205549,0.2084818323993929,1.0,0.4092094843091688,0.22426570217965175,0.40432682821946286,0.23170550589063457,0.33830596734534185,0.45277734871200387,0.2882022681412429,0.3281041304722161,0.5543095869916214,0.34941127474414024,0.4513179681073743,0.5107364917872088,0.4201111593836981,0.44425518118551977,0.4010230714090245,0.3398665804941748,0.40428121892508206,0.39379202621363907,0.4125878978434411,0.060215616858804576,0.5249296271333626,0.6018075081718636,0.3861742934808502,0.27703634062032273,0.33113209421529644,0.4014315613384755,0.26354326741275524,0.41144572655692657,0.2987609941447016,0.40848115919748224,0.18402690478448583,0.20162983077109725,0.4538549967885652,0.400925193922145,0.45200884535524144,0.40128496388027857,0.1459702428377261,0.23279979218337502,0.34381156101677396,0.3772388654018158,0.29253555697721334,0.440055752192965,0.38185948806882636,0.19485284284531448,0.5401491983499532,0.06375189632775716,0.5176546145550748,0.06336512667774685,0.3593034364978739,0.5305091231790013,0.13354693308595708,0.2936962923940937,0.5588598297995303,0.4242609165330094,0.3617307765351311,0.43910964945470726,0.5034800912069176,0.634978867826676,0.5261676243342238,0.42416150957565174,0.3450942538859997,0.41324084172027076,0.8384219398014892,0.3354649645437036,0.6417376438983646,0.5715309840213484,0.3587513300376742,0.2915683369092536,0.3541830916356545,0.309942312469347,0.4158365684088544,0.3806350680320621,0.18545508477113426,0.29792672964479733,0.329683679777162,0.38531325039550907,0.16222780259811156,0.13577863393572473,0.22087389685463132,0.3978630421187564,0.3853107716490191,0.21334870879509557,0.35083558980679924,0.7635736197947007,0.5502205126790007,0.37954174784819195
MGC,0.7183624551804222,0.7813687941219827,0.6486929029511004,0.7740941036032666,0.8230880310095468,0.7862997062714718,0.765406425115269,0.716976452228965,0.6918689453684103,0.9616755676039175,0.7453668674365175,0.7542582654778666,0.6948337284466062,0.6444134553149982,0.730643938763495,0.2296956369172691,0.2138666791523192,0.18768285439705404,0.8625646120423173,0.758791648097086,0.8956093243715438,0.5875974493461372,0.8424249353768631,0.9843814421746347,0.5474814171213713,0.21121294277756045,0.47228167554956674,0.4805007169502102,0.6421124590103202,0.6025149639994068,0.8142549065781428,0.6889720915301624,0.4111263634525494,0.696064765621604,0.7087771182558663,0.5928324510874131,0.7819266450686626,0.6810226247254898,0.9941058442373739,0.7365832251156194,0.6995097581496518,0.7116256434049809,0.426605515163039,0.6728140990577828,0.6175005818122883,0.502514226688364,0.7880744388830189,0.6162893632916775,0.6838886760760198,0.6546223678492451,0.6941036691737377,0.6438746286372483,0.5184775226303827,0.5666727765961511,0.5498224381816788,0.8618132393061759,0.7474576387491727,0.8087584408094116,0.7474433545584794,0.631369607587305,0.7373279445270118,0.7545722272367814,0.318605866108246,0.35132251087840977,0.14462749669965805,0.5892018422911076,0.08025877323597681,0.7884694547379999,0.9888904358228563,0.8047021413529072,0.2625956795502685,0.656902282523559,0.5652703582789648,0.7787949060385365,0.8040218886468856,0.6692992258330298,0.569779367698471,0.3667972441061945,0.9188071130915653,0.8443715303972444,0.885412559918827,0.6584032258421425,0.9493493518151853,0.9557722277098564,0.617611383647518,0.8212884287659715,0.5669775804744794,0.8508309617388096,0.4174494348334359,0.5648596216351538,0.3792226030540898,0.4092094843091688,1.0,0.4388941736746801,0.859689254272209,0.4364296337537187,0.7970038399337227,0.6550333969466187,0.5884596659714039,0.7544272735450616,0.6087431855896958,0.8283940505465285,0.7097731787139477,0.8844865794246097,0.9655489467934489,0.8926361453411501,0.8816017736366328,0.6192611048434635,0.8804759113695436,0.7974820396673773,0.8400161212773118,0.18195739801988098,0.7486670056670724,0.6405677290095182,0.7550179556483873,0.2598963106994549,0.3629511240818004,0.8259323917774293,0.49749417558332376,0.9953594219481383,0.6394950485859439,0.9940421381572124,0.30365764924147876,0.3658399441418179,0.5078696330279665,0.8971159988195226,0.5079541098134959,0.9755059971433611,0.27111540835963743,0.40748177743377084,0.5463738654625929,0.7315192372880719,0.7934922364411487,0.8714151699330753,0.80267615557274,0.36676097292605175,0.7927096279365953,0.0816736281643235,0.7419716135360228,0.0920571957275725,0.9114094965659808,0.7786541505607606,0.213421609722317,0.6151614769502087,0.5980075642965204,0.8972941102622634,0.7967756737975286,0.9105952766004523,0.7341746659281296,0.7852029492068506,0.9602103475849431,0.9898880795167397,0.8313040159988274,0.975032611722163,0.6843215825409298,0.568963527101876,0.7910260726322078,0.710642475053384,0.6933134974542229,0.707743870100279,0.6064073513817212,0.6524279558296358,0.7332341708550459,0.8298934190592461,0.3501216233605319,0.7711352454879522,0.8185279943848097,0.9278217813694246,0.43130003449239424,0.40230119753882676,0.5840327643007207,0.8765120030054823,0.6152313707352506,0.3972935342168695,0.6995213109040201,0.6924878911847355,0.9071687851854601,0.8697447979864471
MLPA,0.38798347155055807,0.3281566273046168,0.27096060762631996,0.31606504763458265,0.36107330108215385,0.3252811781051467,0.4380780929732325,0.45199844731955713,0.3164924723603605,0.5281978359473515,0.5753479613188915,0.5629626889704075,0.319109675178072,0.44082362699769373,0.3386407225683702,0.049355078893573566,0.05263918231932744,0.0013654088331361775,0.35412467352419136,0.3422152963610961,0.46786566752317166,0.6386156692544407,0.519831087139982,0.42608403221810887,0.37021081064859207,0.05336326732943197,0.22749101923705856,0.319984171583968,0.2578030992007487,0.33771679775656466,0.32502115186708047,0.4423874198536386,0.21374005193563683,0.3086712192243117,0.28981156068091407,0.36244059070969753,0.3936101472893398,0.2884272073266049,0.46253216336078706,0.4509735393511737,0.3250854342136615,0.32477104025466175,0.24305722378769998,0.3527220726506966,0.28738774893848307,0.25841514587403697,0.3205492747077098,0.3286565598481683,0.32750516882547864,0.3415159716525526,0.27927314423676325,0.45073512884269307,0.314800281047494,0.18128605296139738,0.27656152965521813,0.33298439338889124,0.3390503319405225,0.5098346012085301,0.4152206777235298,0.360892284486343,0.4477321639014827,0.43945953004618776,0.19569553694543793,0.21990992878453106,0.09798023041129661,0.6200213942591208,-0.03281758590508239,0.41685677643612856,0.46330028321217304,0.41066539658065354,0.12159530018291505,0.29349727897251604,0.3052426338791149,0.3519741308073852,0.3153893547933292,0.3333221046925832,0.23071789725747446,0.7515355659574148,0.3132045049016806,0.4843609422873775,0.3665772849913588,0.2887250199120605,0.452920693039164,0.46325548283664303,0.4385899660459279,0.4464991321044448,0.45168660977926756,0.4159896488343495,0.3090224294346514,0.29087029114295393,0.13916034698257956,0.22426570217965175,0.4388941736746801,1.0,0.4347470406663396,0.6735900412440222,0.4546276273807128,0.35174707029459007,0.35790920644187674,0.3727678682531594,0.41398017213353366,0.5185597581357501,0.35270584390977355,0.41301409640235487,0.35312448823728126,0.32617190741330165,0.3810342266863214,0.46487263251499966,0.5253062374769584,0.49206474041288073,0.4815366836054923,0.14720090457679044,0.3848023040712801,0.5115020966441932,0.414503724695908,0.13712323082930383,0.23038264376000595,0.29251711233170485,0.2031170168404637,0.46213259110231425,0.5640375366797342,0.4401208196650394,0.1273904972462922,0.13511112311835577,0.29134697657367825,0.38961377443168227,0.25349014170283546,0.378488578207332,0.11762432064620806,0.16774506536171654,0.346869881787679,0.39894441974776673,0.4563860594916026,0.4379605511182045,0.5368227964708278,0.13395457278197173,0.4010976836883905,-0.02006218603162306,0.37522637794354957,-0.02085127297402628,0.4715242691453223,0.38631294192033105,0.07494740558103569,0.4162168221236719,0.32643828530206975,0.5188909422313083,0.5639736834252058,0.4376411061455084,0.3306635947349848,0.35755078071892515,0.46523303066103855,0.47255512663318255,0.5615054647951823,0.36382848704187404,0.33512531658901235,0.2661774491022582,0.3989715684167142,0.4693310026386645,0.30944485189097276,0.40923714818465834,0.2728288509450643,0.2831515157112139,0.45464565523821965,0.35077404589425465,0.7494668160515937,0.47991561786567083,0.45557422698787114,0.32716731634538476,0.2956791876758424,0.3601665942673531,0.3099180924972665,0.365706282887811,0.45783322499556917,0.7422351349463259,0.36085631910288457,0.28713335621938463,0.4009212089633869,0.4554117310012208
MOAT,0.7479283126445002,0.7451442182694162,0.6973771316311999,0.7394094757913293,0.7270055308424362,0.7250859787541175,0.7346682517510071,0.6898896444164125,0.5952075855778762,0.889766414129084,0.7965359867026308,0.738342386887562,0.6188637284854944,0.6299142767945245,0.6397822267058948,0.31309980955547695,0.30238581335111675,0.24663592577385138,0.7733052615468162,0.7127373576437139,0.8647608856585974,0.7044394302079583,0.80995545482482,0.8700315567852608,0.5211208862084961,0.30107272286622383,0.4995955208253756,0.47668420224972474,0.5680583923028606,0.6462078917547701,0.7579297747878198,0.6850502403713039,0.41178075052335156,0.6282002181799426,0.5873800407214105,0.5632822236864482,0.7487629114923386,0.5914680669164585,0.8867637843074436,0.7089536047370775,0.6977856893245638,0.6963858124221625,0.43893788673619666,0.6493129303127259,0.6646270920261188,0.4861488615275922,0.7165048747201064,0.5995027987637646,0.6835248188793962,0.63382629368675,0.5655403231351717,0.6494555511480328,0.4848593165991548,0.4490087214025804,0.53819490681496,0.8077585803698515,0.71702726351997,0.8611049873857364,0.7328196866578528,0.5846852492600989,0.7091118660710074,0.8247350017872666,0.3143956980116311,0.3384086384328713,0.14856729395008383,0.5972363473527077,0.177714968200685,0.7604668659363351,0.8905120521367115,0.7345368766979822,0.31198156244241854,0.7067602220787177,0.5401666839849243,0.6743870454986376,0.7562077089559879,0.7444536703302183,0.5232662032022758,0.37043428867143874,0.7245369130768694,0.8299555802952465,0.7301052611175544,0.6886089997258661,0.8177903452740493,0.9062282974838148,0.685633320693413,0.8359767659204578,0.6264661325869045,0.8048688535407672,0.40819992540233313,0.545070768331136,0.45284563541457407,0.40432682821946286,0.859689254272209,0.4347470406663396,1.0,0.4268555680826088,0.7772426586686041,0.6367760527365904,0.6160549352698642,0.8537521758115195,0.5747874408971709,0.8692945958473545,0.6597820240869954,0.8667605694202581,0.799932219651343,0.7805238598623084,0.7253064691690504,0.7037361836879028,0.933506219497972,0.7590263853027582,0.8484006562500535,0.25582358893559504,0.7381584402493223,0.6839339435233299,0.7747011872167917,0.233467853636943,0.34348471726987073,0.6466685136004786,0.44123813383679916,0.8820731296012227,0.7899694189257016,0.8809796708612824,0.3759535310680648,0.44130163027468744,0.5164601396451501,0.792628318119312,0.4736330328354451,0.8245770475089659,0.24618847830406612,0.3572909673939159,0.4305506166781629,0.7594126658399161,0.8255282370731714,0.856591876346577,0.8688751442512288,0.43807053079523695,0.746739863308085,0.1746563571720149,0.7302365176049339,0.18290340941244898,0.8897376079344056,0.7748762468756945,0.29875578009614356,0.73195524316612,0.6411120429012239,0.9122407661760372,0.8725354701161865,0.8670745639990493,0.6467760020305219,0.7257451502913658,0.8742998776942104,0.8936735238780376,0.849822899662426,0.81688812691785,0.6177517440711386,0.6023642204546823,0.7368811288369888,0.6991014293749128,0.7462430904354551,0.6637688081370191,0.629154608578412,0.7592081552206427,0.7972073155849652,0.7870734311331453,0.36503025626074515,0.7853882268782166,0.8023173470720878,0.7367721501581601,0.5436697640689272,0.4370569753826664,0.6699806586990689,0.819243205494157,0.579416182946997,0.40540422511499435,0.7886991880820856,0.5972267372880183,0.8531609784931402,0.7562360246473153
OIH,0.3366348215780481,0.28979207109386806,0.27446174273505924,0.3026948307117276,0.39707518179126966,0.2905237395230738,0.4859245807080733,0.5191400747386533,0.3932360783609635,0.5594379684133542,0.6633933901189233,0.5794478320246929,0.38334424689901103,0.3884809508405843,0.33568143787311466,-0.0385374820106897,-0.05512881987816248,-0.08416982218777595,0.38601176247610475,0.3209284502223469,0.4778772726909618,0.5631792598427876,0.5268162819837161,0.41925405788779724,0.44565260925050865,-0.046648635477199704,0.208987306900505,0.37350504726243844,0.32921044544663086,0.29887392232626403,0.3587628166936322,0.4834667231778067,0.25286593480194314,0.3042454408830831,0.3910945809615971,0.36995060567129623,0.4318846195329743,0.36828029645687904,0.45758693506661297,0.4960948499085984,0.349751508251144,0.33046259012676615,0.296417494821179,0.39698229658116313,0.2670535614827095,0.27459962486632483,0.3646872974210073,0.3429953809178905,0.3468584728774348,0.3625304834559309,0.35997911898327545,0.4698882846049503,0.3408135226887161,0.28973548693367496,0.33380090078849267,0.29216532275905605,0.3677002700134733,0.5624405848483761,0.4548143369435757,0.4313003552044245,0.5120459723955249,0.3823947234372409,0.2596636254653849,0.28784409233552316,0.1619013014294812,0.7446584602038009,-0.1328561479083511,0.4518500202484552,0.4554003965463476,0.44471696854288845,0.04230223787493428,0.2781149027348365,0.32961267930079197,0.3820934005870799,0.2726605109253477,0.2526005315349007,0.2293157955158072,0.8623828158090058,0.35130374174463636,0.44824863753876765,0.4057259279375672,0.31037950219148425,0.4636523782979279,0.45784911368044856,0.4677109739488087,0.4427399797994053,0.37481926138233035,0.4596964049027144,0.34229081979232245,0.3819885897261806,0.052228757153677,0.23170550589063457,0.4364296337537187,0.6735900412440222,0.4268555680826088,1.0,0.5320922051501972,0.39924424540324893,0.33619148944773014,0.3722726220293144,0.543653498442125,0.5321423974348922,0.39877647598556304,0.4182446447408407,0.3558921995393155,0.35658865870191675,0.3873598389006443,0.3951365373011807,0.5218207336526668,0.5196912345764683,0.53597111041975,0.07429448486322655,0.4089060597742504,0.5292953433322481,0.36514002084654923,0.23357871738551816,0.2990298332737363,0.3592723509065982,0.2038466823876629,0.46357056293387344,0.5252767434972003,0.43053547811774967,0.023205356061757654,0.04638734487204698,0.3126499687490126,0.4173909797538446,0.3089489417754119,0.347642390735963,0.15202829027839676,0.21225250831987158,0.405624679169636,0.3384221182523929,0.36367641033394227,0.46707229798066835,0.5721049402218868,0.05495364459089265,0.45275377281339246,-0.12656950151719068,0.39752717328173637,-0.11318222625047518,0.45385603789249374,0.3878249402109229,-0.04023854337005318,0.31997434438928446,0.3210579360403868,0.5091797814197735,0.5586220370052634,0.4272306407233977,0.4183436651771578,0.4012413504640619,0.487111099372513,0.4760424155353911,0.5719545241481346,0.34723373492493403,0.3852342690742343,0.20053218829333255,0.45373388587244073,0.5154993317276866,0.2572374476141308,0.4511558521280266,0.26203511625739595,0.30471640609455614,0.5178346406137622,0.289744506898988,0.8648251319668664,0.45824150999007496,0.5124910570599349,0.3558959042247852,0.17055259238826856,0.2345344746755232,0.24878745928528526,0.33813010982549163,0.57994625803157,0.8393249992854485,0.3671748457360115,0.357438259266635,0.4130235015708719,0.4494296254475022
PAVE,0.6460851227886749,0.6182220883536043,0.5865931818166136,0.6298528355869102,0.7342203895513605,0.6068779802707543,0.7443013279728015,0.7180716600981921,0.6261596051410026,0.8943785089220178,0.8722927307240929,0.7451852375301786,0.6529807769550751,0.5605854447196411,0.632732611135175,0.2160642439851908,0.19342878669502203,0.1849580834734293,0.7594794794620365,0.5828796728665151,0.8340729897624005,0.6724010438418394,0.7961140647400996,0.8141886695814162,0.5159641836430451,0.19915243830560153,0.43907964049469417,0.4993357662779079,0.5755139345320095,0.5543374587767376,0.7386551780087294,0.6797733202145991,0.35332185540470284,0.6009423635342455,0.6532261549761761,0.5540988192123767,0.7330185097466364,0.6095096535788536,0.8307065907136348,0.7037770111192488,0.6733960498452903,0.6484406976617952,0.4114309330533101,0.6338167296295937,0.5739872535839204,0.4525107673332469,0.7115859753178012,0.5720606382485586,0.6544701394180935,0.5652058121532231,0.6142173345685429,0.6270457479586237,0.5401143814709246,0.5190738319359879,0.5236583155284136,0.6325952999938564,0.691909482859699,0.9004651092800623,0.7285255441165908,0.5776575679116902,0.7225514954662022,0.7247922078520722,0.3264368319248384,0.36063384924297237,0.15548671278432083,0.6494218855785748,0.08317585201776223,0.7435569780832961,0.8410147311715849,0.753877877301468,0.22612831567785605,0.5793572648202614,0.5596238280395445,0.7173148983140031,0.563630432217598,0.5704037790768101,0.4846277889246711,0.41320238684421734,0.7156659873574909,0.7908307790321524,0.7031142387535734,0.6909159839824741,0.8584593389327639,0.8367325219631647,0.7240863212086117,0.8033671391102465,0.6055834661727484,0.8221482027879915,0.3814785202012814,0.552547632570823,0.34235554293577475,0.33830596734534185,0.7970038399337227,0.4546276273807128,0.7772426586686041,0.5320922051501972,1.0,0.659407263978424,0.5702195108628761,0.8528375097626842,0.6609050396764977,0.8589221590310836,0.6979297760855552,0.8089720237349317,0.7350751316948444,0.7155019634240359,0.6855215954786882,0.6361408751895022,0.8828445272014532,0.7875352171712086,0.8964040843207878,0.16356016102568274,0.7186524438774898,0.6370988761382735,0.6723330320905269,0.23910941896658794,0.3696040228700146,0.6975087798007503,0.42134452157316316,0.8291130902401073,0.7129807469314727,0.82184334673567,0.25960189277136947,0.3300932548424106,0.5181441620332157,0.7590934914073612,0.4423816278850158,0.7249950804087619,0.23924577838993946,0.36194824539121073,0.5272672108096415,0.6529008908946342,0.6915649861253126,0.8570527894410802,0.906063996491993,0.33333464333325813,0.751173535037455,0.07367203267296746,0.6984006753762123,0.1001198204446839,0.8439067412661608,0.7123775837856661,0.19663018209222122,0.6434643308469264,0.5894410003423858,0.8930655311930424,0.8708681180901323,0.8380903829228538,0.6958634877285026,0.7247420285699271,0.8453957828373753,0.8477004758439789,0.854915592219998,0.7293315257022746,0.6065367736439232,0.5208220650838328,0.7391920808279625,0.6943603461635497,0.5176678438603755,0.761889909006346,0.5291936947126112,0.8015863665860444,0.8419339740549175,0.6067265248842134,0.40874179421945217,0.7554732471487194,0.9442940964932858,0.7144597917302306,0.38332277158340844,0.4530222555048377,0.507582396411596,0.7256220554447732,0.7301227141903008,0.4451991526394119,0.7182571400967224,0.6167603237582971,0.7853418492590852,0.7160948525815863
PBW,0.5779858287497472,0.7144918388019946,0.7287369709736702,0.769335027344731,0.8185093740207198,0.732006231036636,0.6242761087741571,0.6174401385580738,0.6474304232729929,0.7032868628081093,0.6601313146256181,0.6193361666394684,0.5441285806232009,0.46875535279147723,0.7013192868267962,0.2288250141867737,0.22357518291917963,0.18094705241428893,0.7278561127269535,0.5792090896770353,0.5777156234791461,0.46967350597524804,0.5147162005590782,0.6706144827482197,0.4895406931217277,0.22843070915132452,0.4286414400635389,0.4801903464094255,0.5834224597442269,0.4397833844184454,0.6442809094003054,0.5361305784609794,0.3233295312728964,0.5770791848007822,0.6277239440634393,0.4838660142280724,0.6148527618435224,0.6429421828147506,0.6778169704870001,0.5868339084235199,0.5843236553148398,0.5470447037988011,0.43805592744589394,0.5204859806371412,0.4566355511741959,0.387055276183334,0.6508981097725584,0.4889223103853375,0.5256631550701725,0.5447720243036744,0.6041036290353634,0.48347832263484325,0.4630968189007991,0.5364519385022066,0.5185704985277093,0.6404331740575627,0.5766335947935398,0.7188218447112561,0.6360966789427243,0.5767243542986434,0.6016936589057909,0.4169907577493021,0.34756585330025147,0.3863654657993586,0.22614635632538557,0.5389209785477299,0.10439197850461465,0.6116634327851441,0.6593034708777232,0.5889655046730847,0.24561244209978117,0.5764344639121756,0.8309235357565867,0.7828234005258193,0.5670946923035245,0.4101509192558652,0.41400528062246683,0.30199031680219185,0.6624684654553818,0.5010569744076179,0.6019582445974944,0.5768326481970913,0.6974904495707824,0.6493425570759701,0.5081541882523654,0.6314302868853179,0.30093336988706426,0.871632051925656,0.33988271155183897,0.6928309445623612,0.3394957926891022,0.45277734871200387,0.6550333969466187,0.35174707029459007,0.6367760527365904,0.39924424540324893,0.659407263978424,1.0,0.532492486866134,0.5747673828001508,0.5788935235737194,0.587025270265619,0.937341295141201,0.7855510864463535,0.6778094805229046,0.7021202650762427,0.6009713078658088,0.560441454683883,0.661788553377563,0.6715746161665327,0.7857997162505217,0.18613744330090182,0.6361668429306189,0.5899309082997651,0.5889500535966834,0.30461086034020185,0.4077229900948159,0.6506658654213929,0.37286115024173516,0.6662243989908277,0.48670507601274954,0.6624310579913677,0.27134372459959333,0.3264467999582532,0.8333621334575024,0.6627924453323973,0.4281333443662699,0.6341447810003424,0.2225851580258701,0.31522880564378764,0.5947966050390631,0.5794259095110423,0.44251583550464213,0.8113004302695117,0.6830979871359952,0.3249391991838959,0.6429503583262246,0.11945564493024922,0.5799781944860856,0.12681717076997082,0.5810781082238352,0.5899665718033063,0.22725437237689877,0.4945802284071359,0.5483705683925975,0.71479592137806,0.607232586812135,0.7465040627805526,0.6174465471494307,0.6634125237051022,0.7133163707363087,0.6970844520614552,0.5669398618647586,0.6629121565288588,0.6348494150945668,0.4701297933311622,0.6654562918707728,0.5684829872199757,0.5954099818716381,0.6437107234593485,0.61366073273221,0.5733463153607513,0.5811929469140827,0.5274378167420293,0.2807486017121209,0.4793700526626594,0.6198840820588067,0.651692795479174,0.15357742760241122,0.3040287851724749,0.3037923690395199,0.6611117572267025,0.6408964949307515,0.3679745126554706,0.6504848301003403,0.6498130673561117,0.7879689169612132,0.5475342911269939
PFFD,0.6989627440540901,0.5275871621399797,0.5010898953692314,0.5321664459093507,0.5470292004560912,0.5214223881072895,0.5889077037963769,0.5646513093621932,0.4758142189500057,0.6334588094881637,0.6013190751713822,0.5788215212092614,0.49542773347263264,0.5544696321836624,0.46516959825219734,0.496990626896062,0.4710356532837249,0.36831778591693826,0.569867685717368,0.4784341447330245,0.5795482459915695,0.5609668327946105,0.5525052638834376,0.5979137645456871,0.4161533131490348,0.47187954274945015,0.5135079117764089,0.4129919776258017,0.4429515648688454,0.5260394324632418,0.5805597137893419,0.552351302460673,0.3233006796020265,0.4731818673350781,0.480864674443684,0.4475703740535703,0.5874226962410918,0.4713478914456117,0.6108602667560659,0.5713679190661504,0.5371007121421011,0.5315537084394985,0.3184142437746561,0.5152263746612351,0.5138397539584403,0.38392783462317887,0.541158264651313,0.5035339508047758,0.5205217567220127,0.5007143887469153,0.44285974155723346,0.5157240961558911,0.43643150367456257,0.38875500035402627,0.43916681969162175,0.5318135012718692,0.5430939672483236,0.6390697920684378,0.5949140295637716,0.4332563514542075,0.5704582519111495,0.5305772966133347,0.2604023021944932,0.2855969197437022,0.16240811961745044,0.44894634105276837,0.3458300134235547,0.5916844108529562,0.610869156517389,0.5445516612432436,0.4704116389086904,0.4881095338565473,0.5058883559817706,0.5724884961778283,0.4883050429998376,0.4746191671822464,0.37811862417031633,0.2966743946257679,0.5059361650705096,0.563630079245913,0.4986418997966088,0.4788802243881609,0.597525076298102,0.6169138645653452,0.5412607522474796,0.6054003468353822,0.43649309794935753,0.6119264288345937,0.2732158332176205,0.4081539243863351,0.5790161928658348,0.2882022681412429,0.5884596659714039,0.35790920644187674,0.6160549352698642,0.33619148944773014,0.5702195108628761,0.532492486866134,1.0,0.5788252553322567,0.43220514584255404,0.6089275901902605,0.5443959984108899,0.611950315874494,0.544913486006035,0.5327037140788369,0.48255872966107327,0.6019567168149176,0.6470357536543576,0.5777333331782439,0.6404272686308765,0.37364583465810003,0.5958340589036202,0.5502182130365729,0.7020994955012,0.19390012545891827,0.2872100505821666,0.4575435959104602,0.3240782855221181,0.6057608824364686,0.581789782777144,0.6011939339277852,0.4735176463950795,0.5679503339694003,0.4578723561895385,0.5295072230210163,0.35770158542884944,0.5527126346622732,0.16798189366077537,0.25791572219630454,0.3731462076897198,0.7083600267061548,0.5333084883370395,0.6309975750008198,0.6393516989265581,0.571390769330304,0.5931671412394957,0.34004804527994464,0.5677331221718952,0.4113779441459203,0.5936491972411817,0.5891471280011161,0.45796457677656666,0.5742276368361842,0.5452009264594552,0.6517215284772998,0.6270970121668253,0.6166767248955562,0.5307670554560439,0.5770627137905152,0.6345360303889671,0.6232011415032295,0.5930461975860808,0.558777094225382,0.4697412314577454,0.624045823800472,0.5809461072652063,0.5555836250130245,0.4812085113535362,0.5129442681981969,0.4514254394646979,0.574391607801827,0.5457952840452768,0.5175342509744975,0.2807007606985419,0.5500013491901184,0.5637416832770765,0.5005330169804718,0.33625124431120984,0.3884459281924291,0.4059518825342158,0.5654956805902741,0.44612049583832186,0.3086568957235831,0.5480487954303894,0.47596801996599997,0.6124850181307716,0.5059004898666365
PHO,0.6926168734239018,0.614602496691572,0.6089530178364453,0.6090551913297949,0.6333544675907381,0.5836819168258618,0.6952358708207951,0.645096639706895,0.5241031459843636,0.8246723993857915,0.7895028712070032,0.6947555292776318,0.5747333009305027,0.5531520401365928,0.5387052403595599,0.32863568896227047,0.31848951011210214,0.2666603325303907,0.6875669419874301,0.5885933187706021,0.8196446335612642,0.7073455550276481,0.7841284006029677,0.7741052578599608,0.4700679996199041,0.31749043828420787,0.4768621724254612,0.45031335734544803,0.49893891476709035,0.6376030585975357,0.7140678390560431,0.6482628947211628,0.3536647451183918,0.5495947632947477,0.526406992064531,0.5245211725237446,0.7045512567642536,0.5157981476220166,0.7950264757584513,0.6698881378912281,0.6736325824056802,0.6515443049799857,0.37497035493308556,0.6182739082967973,0.6427158091198923,0.4380552707440484,0.6560178416257346,0.571668342785772,0.6576425262685117,0.5667259293846814,0.4867873378911326,0.6205389695351939,0.47216412692812904,0.3933266942298178,0.4938165128768407,0.6466063926834358,0.6758860243261464,0.8509235222813524,0.6914387148958079,0.5101648504818149,0.6625273018968897,0.8397388898443308,0.2947840705092823,0.31749923429790683,0.12614480304839998,0.5428540081921424,0.20782616111583307,0.7189186468080815,0.811796308096284,0.6917409881100258,0.31285667005612705,0.6475976884429911,0.5100544764251504,0.5961904809090616,0.6046902997759823,0.7098274429819562,0.4853651719823803,0.3046235395409655,0.6151761779786923,0.8142337565018635,0.6109980770231523,0.6331903773508022,0.7710871916781784,0.8383380370134788,0.6725001819466009,0.7757338079356065,0.6595486165505412,0.7420068276276723,0.3393138561337808,0.48522548956193295,0.45186844437784557,0.3281041304722161,0.7544272735450616,0.3727678682531594,0.8537521758115195,0.3722726220293144,0.8528375097626842,0.5747673828001508,0.5788252553322567,1.0,0.5250736655197273,0.8365822754988002,0.6033571278034596,0.7804750972310646,0.6713013796658142,0.6478556549043039,0.6233814080276022,0.680298207567986,0.8948355004025864,0.7164396523914364,0.8248307738875746,0.2595391867619773,0.6962928249451459,0.6307597596033389,0.703374352089132,0.1828449424048869,0.3170318820528851,0.5514689770719021,0.41235592752482253,0.7890366581039848,0.7618607458300123,0.7877619289320099,0.3794206644073629,0.4406583579779671,0.47535352141446896,0.6872374135975132,0.4029629193696267,0.697449734344493,0.22358953184781613,0.3107544158029244,0.37210896316958697,0.6963734235686089,0.8059295898799232,0.8064245540304912,0.867159118737512,0.43518584938124766,0.7019111462722818,0.20353603543541746,0.6956729785626095,0.2123184021201786,0.8607653305948745,0.732797708372553,0.31198185673605316,0.746035926753165,0.615631456595473,0.8766488734256979,0.8699154982911541,0.804571955340192,0.5983632020530039,0.6718914154589246,0.7953710648301057,0.8059536213724176,0.8357194372274998,0.6909662220106919,0.538505556426182,0.583052264963546,0.6826108892058674,0.6558435787406103,0.5948212730066622,0.6515557249616291,0.5595135406504123,0.8293933544638629,0.8207142859806194,0.6374889480204518,0.2972091189486445,0.7436113794855823,0.8440425786886019,0.6232145580688367,0.5513098390516372,0.5117592589652976,0.6552698658175149,0.7218407497514878,0.5535817994935621,0.33265192013986067,0.7333288254143914,0.5224739490977544,0.7490038286433884,0.6696881686451662
PICK,0.5090963034265269,0.4777431020638189,0.45334276366205284,0.48453408580939095,0.5895227868641019,0.4686692884395612,0.7989083512402703,0.8110189497789986,0.7728240812941888,0.6703079666572844,0.63097967521636,0.7634009901700661,0.6491370049723224,0.4576229524105856,0.5254003431794139,0.1747491317531725,0.1750184831632174,0.14377492354925664,0.6446828576710809,0.43038344061915723,0.6039230934084,0.5210757411977507,0.6141409307362102,0.6094141876056154,0.7550951547206368,0.17975137981501177,0.5781088598835165,0.628241056758455,0.7250457322015714,0.6025696727087955,0.7154908089244254,0.7649264675914067,0.4300924690683371,0.5174339069530712,0.7342950066924483,0.6212356080667377,0.7574515221674264,0.7459106258514184,0.6247131782508794,0.796538853399235,0.678444754207795,0.6464051963020393,0.5980977914520336,0.6509317312738462,0.582623944910393,0.5282057509466456,0.673848097320317,0.6109900373670064,0.6567398800596289,0.6153335529976839,0.6447575892346185,0.7327827051137513,0.5945835925546088,0.6173191347796376,0.7358010351338975,0.46658142035046696,0.6838924508910263,0.6436396011858796,0.7755634835507755,0.7848867916452458,0.8053405945300128,0.4759540287942666,0.629217841718736,0.6539294612038549,0.475590710309191,0.875449440433008,0.08835880695342245,0.7593794699334115,0.6169599419123779,0.6682740232955566,0.21313534602883139,0.4519157704714981,0.558346430041151,0.6167018473330743,0.4125522632973799,0.40387381619734636,0.46096958754312295,0.49569228408322163,0.5851782688652883,0.5445837234142454,0.5622344581686017,0.5069738280013723,0.6283078940036436,0.6142362228375866,0.4624567088631268,0.5651408426300031,0.34852575105373684,0.6509032990325991,0.4207031536600089,0.6920806697361341,0.2792548499708124,0.5543095869916214,0.6087431855896958,0.41398017213353366,0.5747874408971709,0.543653498442125,0.6609050396764977,0.5788935235737194,0.43220514584255404,0.5250736655197273,1.0,0.5898622485964172,0.5961048189109234,0.6298260087504838,0.5681801106664572,0.5659838021669509,0.5333705936748889,0.4943735198512135,0.6369564218667866,0.5803856748082382,0.6452704037251233,0.17590493872049426,0.7433338497755597,0.7299122722644632,0.526896753546779,0.5806274717524564,0.6552076771866963,0.5660114517295526,0.4123047931199911,0.624673224424636,0.5412822744771837,0.6128081067532983,0.24580762103872728,0.26896739559925725,0.5053851133857151,0.5930590189114606,0.5676074496787876,0.5437301840857481,0.26126341421567506,0.36777618221305036,0.6171244057554435,0.5040878941478393,0.47103966063992353,0.624567024378744,0.6407050808922539,0.2622447775556447,0.7904198803633358,0.08644784594762984,0.7186586722907635,0.08005200880367311,0.5900404413747613,0.6952942973887316,0.19335829313334155,0.44260073829761504,0.6579699583461912,0.639049220943209,0.6243068057949818,0.6000818075738842,0.7572964992315069,0.778418889254207,0.7327836784633255,0.6354079218293931,0.6307037556810065,0.5516478996796566,0.7579240211834724,0.4473012399150092,0.810399779896568,0.8066734060932912,0.3550288282107614,0.5517073066705647,0.40576774957023976,0.48418684825730296,0.7499076155494107,0.45532036844597573,0.4391082514110682,0.5177519995525505,0.6185792570822779,0.5571953312483454,0.2608967555438792,0.3063488171205004,0.35715800129367786,0.5254781311967961,0.839729949527665,0.4348384071447726,0.47881917484642034,0.7373106982009799,0.6687820347101318,0.5506845161576284
PKW,0.6976582693517215,0.6723649732339844,0.5951147443743567,0.6545305950031659,0.6843239466212043,0.6429157605890325,0.7447578685390248,0.7088563967121492,0.5623340323150877,0.9173472194852806,0.8926418888732746,0.7731450777360084,0.6196502555159641,0.6346862246297746,0.6211139455019336,0.22369855471185107,0.20314769868507487,0.16561642413172262,0.7122324028861237,0.6301465960982643,0.9049083168104282,0.7786978064968615,0.8795787287909023,0.8289288913019787,0.5194116743056524,0.20481921759543492,0.44677430356378356,0.47229500386560636,0.5278881932398494,0.613492921943844,0.7173135533043207,0.717074724771285,0.3723862524247603,0.5933468624973487,0.5655514982763301,0.5796175927694229,0.7397525352468886,0.5510628176195654,0.8623846469822918,0.7105123976770257,0.6778068105348991,0.6803279973391834,0.3979772217244736,0.6692337208215757,0.6188111501945531,0.4663362343333145,0.6783272852596614,0.6221540832784299,0.6758683347896088,0.6096422826518828,0.5273532566441469,0.6734117040486605,0.5138823993466227,0.4123314635479424,0.5003473564144881,0.6993786835087669,0.7014310250367504,0.9082372861978092,0.7215375624748093,0.5637012093761108,0.7242600119765479,0.849254189193726,0.26080906085267525,0.28858214088349765,0.08314149621399777,0.6517410975150479,0.080008506717115,0.760553418453786,0.8814432151530012,0.760774120582955,0.25359408673663947,0.6364482665693411,0.48737879172445886,0.6603249841698934,0.6435837562109209,0.6867908413337406,0.5229295568478467,0.4861780471914579,0.6572804128280899,0.8634432655269771,0.6763004414513764,0.7240414891240305,0.8405271091908028,0.8857556077298145,0.8006119496456545,0.8713972632337458,0.7625107948343411,0.7845442685273916,0.40355341442992126,0.49783798141817476,0.3663467203364903,0.34941127474414024,0.8283940505465285,0.5185597581357501,0.8692945958473545,0.5321423974348922,0.8589221590310836,0.587025270265619,0.6089275901902605,0.8365822754988002,0.5898622485964172,1.0,0.6170979591508822,0.8208698360133527,0.7261748098839161,0.6881925110369983,0.6995376248714774,0.7008787019601522,0.949682436434926,0.8027648935725035,0.8786320259089768,0.17768421941394605,0.7231904436438333,0.6898787935062729,0.7305098203685896,0.17669151870171143,0.2981094984959353,0.5924489726803953,0.45337508238426677,0.8618187601995534,0.8345561591671437,0.8542118411302089,0.2907491993457746,0.35424720138449584,0.459176651215624,0.7467492395037207,0.4352605776457726,0.7538318590563493,0.23566878161374066,0.35642373588750775,0.4461140534170639,0.7120274315489131,0.8215461546663015,0.8386286230063836,0.9342120015427215,0.35573812973738717,0.7386404103654484,0.074882911091942,0.7206439726949069,0.09710635716701796,0.9033228706305549,0.7408767126716967,0.20525158441277705,0.7099564443193812,0.6150731100101571,0.925673156811363,0.9358506691201787,0.8397457415957127,0.6351110550408555,0.699114028192191,0.8564780100347317,0.8769047648028155,0.9226555033505015,0.7424766397190502,0.5802156378075157,0.5480252363747201,0.7205903249234864,0.7241678420822905,0.6186255670239725,0.7054210126596154,0.558971856067059,0.7664332043283579,0.8266352690693176,0.7133741996666473,0.48727793726247437,0.8904472914696254,0.8698015537510337,0.6701480026883909,0.5355562636562952,0.4692670871292642,0.6385177078718285,0.7826592588086355,0.6323226535067771,0.5091239664856985,0.7968388385134719,0.5570589696176791,0.7695041289110415,0.7714408084431421
QCLN,0.6046609701306578,0.7072051901285461,0.7033274077488469,0.7719001609371462,0.8273747963469089,0.7368586691825542,0.650633966222227,0.6351643975854226,0.6839739060804692,0.7478293787717213,0.6670827428315105,0.6289637217930311,0.5752788539702919,0.5020437182826502,0.6959451084248605,0.23494922077365682,0.22811378878484448,0.18579766745723184,0.7539579867804699,0.5956679197228382,0.6101061535064194,0.4681091023427225,0.545003908501095,0.7268347498641677,0.5080269791597157,0.23169123029891378,0.4344856281135008,0.5119897487566949,0.6204381185730172,0.4547927022572676,0.6822866431435985,0.554891868323442,0.34267481094662444,0.6032295636757355,0.6756480368721617,0.49929448507299307,0.6454017460740111,0.6762216882328157,0.7293738958738989,0.6096268546455765,0.6058081114588103,0.5722227673788989,0.4396369322281963,0.545532292850805,0.47371392013677693,0.413030526801559,0.6981811594313388,0.5088879511182143,0.5491455939771263,0.5536399309119406,0.6464313085738785,0.50193778075115,0.48017687726707403,0.5812027544031797,0.5331019747510859,0.6613124732128385,0.6084502568995513,0.732203010109681,0.656929646642811,0.5953265883212692,0.6275324433887369,0.446660783531628,0.34379862334360956,0.3756324223809072,0.20749339809746542,0.5493150227218933,0.11062790383639919,0.6396027336094219,0.7102326753034909,0.6255326985812761,0.26166397434752275,0.5815217200126507,0.8643050977623236,0.8130895602389068,0.5767935019282716,0.42752106180744714,0.4435311115455531,0.2968789487115451,0.7258831422103281,0.549459541290703,0.6566768294508954,0.5875608234319866,0.7527603411196166,0.7003174844155964,0.5124814939630544,0.6439619007753653,0.30749802626548434,0.8710616762828407,0.3494789763375523,0.7131636496893132,0.3508999832795876,0.4513179681073743,0.7097731787139477,0.35270584390977355,0.6597820240869954,0.39877647598556304,0.6979297760855552,0.937341295141201,0.5443959984108899,0.6033571278034596,0.5961048189109234,0.6170979591508822,1.0,0.8144868194995868,0.7445095895255339,0.7642703148683038,0.6576413375653102,0.5612357732806263,0.6959720476796052,0.6863645875972458,0.7986247439538685,0.18208741492992278,0.6552458906609042,0.5889280961558437,0.6131297245758736,0.28741029949692637,0.393948541290771,0.7273585373042933,0.3964399956843566,0.7202563098772405,0.4947131805387295,0.716055013741169,0.2843895009168544,0.33958441889207336,0.8451682970175602,0.7221583231545887,0.44886690475790597,0.6875780953760168,0.23161840920598611,0.33650978794032627,0.5708018155367597,0.6043386046523961,0.4780161095585756,0.8283783129794279,0.6992244029058644,0.33469125416969425,0.6754905923951743,0.12200615039041164,0.6076609030435918,0.1276394268431518,0.6264946059826211,0.614017953543956,0.2325385578716127,0.504856192744372,0.554293964667268,0.749900394529064,0.6364646354294126,0.7833764961129348,0.6573236103512567,0.6981718303205402,0.7580922571898658,0.7450124605988568,0.6048152617067513,0.7160194871643145,0.6600648770915588,0.4856716437572559,0.6979131086583623,0.5873750371945167,0.5842145836503365,0.6410269188477704,0.6010641471257996,0.6024344480712438,0.6170735658720807,0.551706335072029,0.27469093489243596,0.5000390338382507,0.6615939995519604,0.7158405063461748,0.17723118859549733,0.32177089070649034,0.31874218275026506,0.7229846999513071,0.6328205979722811,0.3560793318172772,0.6464472010263673,0.6836672492911036,0.8301307188398597,0.5944469761999165
QQQJ,0.7331226993349884,0.8462278295574067,0.7910373296584101,0.857298982142884,0.8658668846061132,0.8423664906297854,0.765833250406931,0.723638251489268,0.7305407208714426,0.9112135747040959,0.7821632762977947,0.748551880601793,0.6681182538347251,0.6410219945538966,0.7596089467457858,0.26553347531314,0.2535988041024191,0.22050512392748042,0.8665800341137121,0.7819256438266068,0.8170484556779637,0.5873989986576186,0.7521964524464964,0.897026859459821,0.5636768079982225,0.2535520629604678,0.5073261219498074,0.5157842349640618,0.6809507461104859,0.609740701207923,0.8170499823589986,0.6773008554164335,0.3943042149897181,0.7068616484001886,0.713826229196954,0.5916734926825066,0.7776018663943168,0.7281358187429819,0.9089429073059274,0.7210944497658172,0.720146384567694,0.7101451660574124,0.49227239629577557,0.6596952612204832,0.6260281380544809,0.4978594556474429,0.7980843995479056,0.606395967901467,0.6863848613831581,0.6851874786238259,0.6860418915329247,0.6351698806366249,0.5390558945921476,0.5887774622354858,0.5828574302204027,0.8574163556150527,0.7429006918033663,0.8625556883967672,0.7603575324503863,0.6592337756231027,0.7308917851179348,0.6976798052082032,0.36017436743194664,0.3949757224994701,0.18063346974713185,0.5978938935233264,0.12815233462094858,0.7801506787471645,0.9054505990324527,0.7734254475181783,0.3002516971340449,0.7588566535692446,0.6793137194414922,0.8673035282983725,0.7938499369114143,0.6742691876457642,0.547704336439087,0.3323143140772994,0.8376751490973798,0.7572199167464135,0.7790654823585332,0.7185564317578969,0.9212122675206469,0.9078289347118957,0.6234951468661998,0.8218640117581759,0.5311694691480755,0.9292666724399423,0.3919350833009354,0.6437361178457601,0.41049365175625285,0.5107364917872088,0.8844865794246097,0.41301409640235487,0.8667605694202581,0.4182446447408407,0.8089720237349317,0.7855510864463535,0.611950315874494,0.7804750972310646,0.6298260087504838,0.8208698360133527,0.8144868194995868,1.0,0.8762958449957159,0.8881504850007635,0.7961804723886737,0.642886191522378,0.8866423084457733,0.8147907108468297,0.9103067006152971,0.19281384647776662,0.7646121495936868,0.6759139637455667,0.7606356898882661,0.2756248072640164,0.4058618192965077,0.7896032768736961,0.4808721240241756,0.8975877856091417,0.6355220069778516,0.8974590445806216,0.3321084037184861,0.3973179960383067,0.6395170433272034,0.8477073142466285,0.5122427171764408,0.8601440499886942,0.2438815839813244,0.3778650501261545,0.567235480312662,0.7436228926021978,0.7317696256364316,0.9613291584885694,0.8463764275573264,0.3928587973819708,0.7911404386529108,0.12702176136871215,0.7445395215030615,0.13699759664125397,0.8374485268884669,0.78125750430518,0.2525549440693122,0.6417818975055379,0.64418253322678,0.9287852800490414,0.8081935424539249,0.9544933779186168,0.7294044047172789,0.8029324776071833,0.9170692806815989,0.9204562790155938,0.784447906677357,0.8793977361971947,0.7303700685024961,0.5928400229016706,0.8037707838514996,0.7022222324941656,0.7788879034312738,0.7432890938992939,0.7313846662920235,0.7275814355371526,0.7511607922729139,0.7551736544120876,0.31431047634249737,0.7065826549870099,0.805585358465861,0.8393946773805282,0.3543823488782076,0.362165771147997,0.5633465221050628,0.8302317606204624,0.6590322571507444,0.38895307353432257,0.785852680523141,0.73877104496506,0.9367699647282121,0.7672864047391255
QQQM,0.6804386104283321,0.8000131537485329,0.6552853763791616,0.8023664809781388,0.8450646907678829,0.8204779351539996,0.7095327594910203,0.6638824953875035,0.7060894559320616,0.9039961320499784,0.6645848216527964,0.6726419400538809,0.6753384985909507,0.6008041932453786,0.7433298359063376,0.2190428368677726,0.20768953027524592,0.18611701393862634,0.8767945920170562,0.7769900628074654,0.7897423906939772,0.4535980153319201,0.7184329532260998,0.957299412446755,0.506633338094952,0.2042799787267125,0.4444889118568487,0.4519262266264323,0.6511456526780586,0.530448015143406,0.7942255532943149,0.6079977328877945,0.38075577767041735,0.6930734446440145,0.7260833308347934,0.5474622970397198,0.7336455858413325,0.7010733813446346,0.9547218162273969,0.6755687414783257,0.6618601377968916,0.6693882818789646,0.4097309153665924,0.6102632521800115,0.5504393480205205,0.4646411872727382,0.793960731620869,0.5519191471384026,0.6289195323326174,0.6223964774170779,0.722894240900542,0.5553719352999621,0.48888435327905105,0.6092414027951982,0.5255694363390836,0.8844394999365921,0.7082847932743449,0.7416487216014203,0.7014719667942084,0.6099742114114047,0.680131655514703,0.6220588000499322,0.30354144317483245,0.33791948381163783,0.1448213206878655,0.5071534176181111,0.07877344828066266,0.7300819091941709,0.9404745331048575,0.7527996982413482,0.25374216656177956,0.6115498253626871,0.5770188367990079,0.8044728986450133,0.8186115723787328,0.5868106405705831,0.5311255318969722,0.26456379433597765,0.9617868138684029,0.7309830328193341,0.8925116169721324,0.6157013178691145,0.9300749333370064,0.9108330292293643,0.5232454357783962,0.7509837868338585,0.43061210213691536,0.8471930713568381,0.37724577588084,0.5791534156462835,0.36209655706924426,0.4201111593836981,0.9655489467934489,0.35312448823728126,0.799932219651343,0.3558921995393155,0.7350751316948444,0.6778094805229046,0.544913486006035,0.6713013796658142,0.5681801106664572,0.7261748098839161,0.7445095895255339,0.8762958449957159,1.0,0.9514403021925765,0.8843914510033133,0.545624580005719,0.7929730689618905,0.7464888909264393,0.8008906779129258,0.16427117241217748,0.7059882192985248,0.568765940824629,0.714905571769407,0.257650713521588,0.34975457813136224,0.894062593252283,0.46488088331985755,0.9520658384045153,0.5019956808561097,0.954265696874009,0.2918830015638861,0.34873677511583157,0.5255463583935741,0.9047338025956374,0.48690644193297866,0.9733105207402705,0.25144103658317174,0.3862830964203374,0.5415738256884385,0.6959370630418998,0.6836985022414588,0.8570983344105845,0.7160313439581921,0.3478397651393002,0.7519303206875876,0.08562260982999996,0.6860982781323068,0.08847275289930595,0.8167849031154946,0.7199834158836428,0.2063732486106925,0.517094558385696,0.5424958552546968,0.8369539335099357,0.6847324318555587,0.8981818162521231,0.7276433991090551,0.7652748912508157,0.9207708551612218,0.9481105554877977,0.7087774733119263,0.9831903758978836,0.6837413681555323,0.5363641965778705,0.7599285899318894,0.6335218736492076,0.7110491826970409,0.6593605394125965,0.5925441932365801,0.6073207102464278,0.6431945648609037,0.8151192730828325,0.24607518690828564,0.643318901932223,0.7373019186801487,0.967469879314851,0.3064070370413726,0.2967655389438512,0.45156856534576245,0.8619781150527615,0.5739935457438542,0.31759145534656036,0.6589472405653208,0.7150834787128623,0.9172643857172561,0.8148226334643939
QTEC,0.6516403209762714,0.8005963132691627,0.6740708597354772,0.8032297060003613,0.8370393133997902,0.8191876978161499,0.6815064323114908,0.6394169096418145,0.7179147058542462,0.8567186290978067,0.657492688852468,0.6391588183958368,0.6579913143875792,0.5818002763837777,0.7298899604980067,0.20691267827691295,0.19270221880293037,0.17020561614303673,0.8723035431438855,0.8239655614832511,0.7244325796189064,0.4012149472995813,0.640721033808887,0.9009202671216555,0.4930608531312053,0.1902142599527345,0.4287333530941303,0.44335030720495955,0.6592744771502151,0.4881670556243294,0.7750900904704822,0.5712719595751699,0.34683345495650514,0.6725616730343409,0.7306251967798995,0.5250773400990482,0.70545086378152,0.7133798780371873,0.8941338235811711,0.642474357642788,0.6409869362712395,0.6421109582181547,0.4215263345895282,0.5715974709239409,0.509312336695748,0.4382896334523495,0.7948666625718773,0.5108393585790029,0.5959566373553445,0.6094744347710426,0.7341876571382566,0.5171340467370131,0.47111891753235785,0.6319957875796506,0.5120563791299979,0.8667598031969077,0.6837419814145685,0.7339316526874065,0.6793848783976835,0.6093920729276618,0.6556407348540327,0.5461191990575311,0.2998330106263212,0.33519050037138626,0.1551810444729763,0.4948041176609959,0.07438493906823225,0.697179745670594,0.8776489103278806,0.7213857691370246,0.25132896107391345,0.5857177363941095,0.5865830451787302,0.8282128750830122,0.84139546637056,0.5447160670451089,0.4960044363817268,0.25380077121029354,0.9405966744253035,0.6571620732549766,0.8414863952858558,0.6022642522070846,0.9084220166811812,0.8778041558297117,0.5060729567827397,0.7326142557030512,0.37480643325397167,0.8533521246874234,0.3560130248054194,0.5947487873264696,0.34339201662638946,0.44425518118551977,0.8926361453411501,0.32617190741330165,0.7805238598623084,0.35658865870191675,0.7155019634240359,0.7021202650762427,0.5327037140788369,0.6478556549043039,0.5659838021669509,0.6881925110369983,0.7642703148683038,0.8881504850007635,0.9514403021925765,1.0,0.8316772704465628,0.5093786030236295,0.7612456019905914,0.7236327517141184,0.8032995717241227,0.14492847701542103,0.67958744504617,0.5454856666215772,0.6838708887113145,0.26454628574895783,0.3482781191021697,0.9198981526151774,0.42835270289507754,0.8849998374232748,0.45065921590974856,0.8858874344479509,0.270787427234147,0.33009996264751784,0.5460046505071746,0.9043539598025587,0.47309305905304216,0.8991747468501077,0.23015645410886196,0.36228044773488655,0.5372265036631366,0.6663346857796991,0.614744280073852,0.867704879657509,0.6991591640792554,0.3285885640191053,0.7285450745778179,0.07766953920576063,0.6548477185220022,0.08420665317764936,0.753263112470876,0.6851793862139307,0.19362249276276364,0.4757815651125637,0.5252783323924177,0.8202655757620597,0.6450268649135958,0.9019132815995172,0.7219963364078723,0.7527372179407357,0.8771874293319466,0.8922933039772175,0.6560278500018354,0.9227651215128163,0.6875876518621773,0.5101833064577341,0.7434814594669142,0.59872231626041,0.7653141194170151,0.6371386158250935,0.5858767936685365,0.5991883410872068,0.6160248332979232,0.7317713126421569,0.23680928882113328,0.5922558329730684,0.7021014554516102,0.9461472979499697,0.20298952368219467,0.21557567165780644,0.3884290247959614,0.7891775298557193,0.5735038857589327,0.32174942611348445,0.6461338872155531,0.7270826882836435,0.923489088588324,0.7453356368407545
QYLD,0.6062819126704957,0.7035585793258889,0.5773958675882838,0.6976873599283748,0.7423278046095139,0.7131376653859152,0.67138851396604,0.6351433932754655,0.6452119202514306,0.8405138969162097,0.6271014831264967,0.643570029223814,0.6309857659880783,0.599788760158122,0.6628028711373968,0.17155794719445178,0.14929472160649512,0.13313706589712443,0.7815630106167069,0.6921431120081645,0.7577960144692436,0.46532123279725524,0.7154705962109047,0.8687010415367723,0.4967756390549935,0.14826027237921338,0.3847194830204693,0.41472656358597304,0.5933491113226018,0.5141628640791269,0.7316496665941044,0.5929391641762132,0.36436952846727483,0.6169107562606265,0.6547252579064602,0.5257984478052654,0.6890424366626787,0.6387685636675077,0.8753340045038704,0.6399429450002595,0.6027798234640018,0.622817597708002,0.3896923051670314,0.5830958665602545,0.5159003900111738,0.4480805849582553,0.7177359040409019,0.5410741208673903,0.5886396835289076,0.5874769305232592,0.6467758452532617,0.5584872690412533,0.47193578461310626,0.5294659206798628,0.49632995776430944,0.7719139589391177,0.653569134372104,0.6876190737284092,0.6539769948581148,0.5769474517282196,0.645971931635816,0.6148002449900153,0.29978649539403823,0.3333510519315835,0.14488385825403402,0.5116739347583188,0.03608943575324782,0.6947400724282833,0.8660221138183711,0.7251592906455063,0.21564358444121995,0.5793369779416554,0.5109529676044092,0.7153855319814645,0.716006574418561,0.5701101339607556,0.4914193408909381,0.31574593939608386,0.8520167414655698,0.7751516360172508,0.8448325632105137,0.5910631953550556,0.8601844582336315,0.8374008557831673,0.48309848409124556,0.7000798210381977,0.4559519246317166,0.7622398304766245,0.36060086315109424,0.5289671246064047,0.2954217083847845,0.4010230714090245,0.8816017736366328,0.3810342266863214,0.7253064691690504,0.3873598389006443,0.6855215954786882,0.6009713078658088,0.48255872966107327,0.6233814080276022,0.5333705936748889,0.6995376248714774,0.6576413375653102,0.7961804723886737,0.8843914510033133,0.8316772704465628,1.0,0.5017244302396205,0.7488779106703422,0.8199732211249758,0.7372035694771966,0.12352279248486767,0.6543312846970334,0.5575961320796411,0.643571949682362,0.2425031131391962,0.3472080934379992,0.7862448968729454,0.440902699249293,0.8784618671867379,0.49584023146609973,0.8769990484414247,0.22242918448769475,0.2871429289340208,0.4632128900422291,0.8021358772690437,0.4914313463293181,0.8693901721856643,0.24164856030003332,0.37399884215431567,0.4888009854772549,0.6171188244925266,0.6695143126130109,0.7797006043890927,0.6771887578227771,0.2898449876273632,0.7019120552542433,0.03065906466715041,0.646698851536399,0.05301479884352646,0.7741788619132696,0.6841738583664915,0.1489280169167634,0.5024251665452186,0.5038251570176484,0.7817749051717979,0.6657835083080947,0.8193617530172449,0.6693767560477436,0.703879303873777,0.8492301867235046,0.8727649470327288,0.6968532702111186,0.8793963302542237,0.6363561897985146,0.461294996707481,0.7086137490245673,0.6161444328436425,0.6221103892294707,0.619800928358213,0.5524185048164026,0.547785875741416,0.6239687541704786,0.7225394235277435,0.30110361210397224,0.6329132805552261,0.7010756739045179,0.8567352775328918,0.3325693757475619,0.3063323282414477,0.47205048902478614,0.7759079087045416,0.5425052896671281,0.36053349251360056,0.5965174612062764,0.6483563592660259,0.8201939455786617,0.932532518596164
REM,0.6704949254491376,0.5333863539381729,0.5481700472140587,0.5460337707264605,0.5600615437116615,0.5139805744806885,0.6467882972339201,0.6274709046229294,0.5018330140423475,0.6947117141451652,0.7141859554743505,0.6623015555384825,0.5082362168576632,0.5381371633195505,0.4829613132849622,0.393209811862449,0.39364894477460194,0.30918131725212156,0.5740701722388427,0.4685194849683038,0.6569409291030522,0.7607857526387213,0.625915432566381,0.6285362501572976,0.4830085161985125,0.3944110397250325,0.5058812265608551,0.4548351091604013,0.48250374497189485,0.5869269710995753,0.6069605705821908,0.6304230192634049,0.32899520376397096,0.5012949649136128,0.4915204805872157,0.5128632315553064,0.6362609246855496,0.49626886193975794,0.651257382689254,0.6161845993727215,0.5924780796592674,0.5797722106434379,0.3868959933924093,0.583026134884499,0.5853024463108492,0.3940819068152213,0.5694555925011512,0.5698190015448505,0.5915228933995492,0.5333522331518556,0.4483481471880948,0.5899281432556507,0.45883251625034144,0.3706842404022885,0.5000816187487985,0.5342366075240088,0.5979760081669804,0.7597985833497404,0.6576028744125222,0.5083513562431168,0.6320520766924385,0.625490694064299,0.29570616417011536,0.3178038272211435,0.17082193437402493,0.5415320293644419,0.2814873319809951,0.6530597991626742,0.6557841368237765,0.600403440392689,0.40000371340614904,0.5546967013569817,0.5161430012995213,0.527481819853808,0.4736854348033192,0.5447480103695327,0.4327736678198767,0.3685279012552515,0.49062074777028786,0.6382964934367861,0.5125075757711531,0.5729719533203742,0.609687826898093,0.6613558811062579,0.666104358040087,0.6689313828139526,0.5455297541093408,0.6470297841808764,0.3653623905934538,0.45610264803132433,0.4858184106889372,0.3398665804941748,0.6192611048434635,0.46487263251499966,0.7037361836879028,0.3951365373011807,0.6361408751895022,0.560441454683883,0.6019567168149176,0.680298207567986,0.4943735198512135,0.7008787019601522,0.5612357732806263,0.642886191522378,0.545624580005719,0.5093786030236295,0.5017244302396205,1.0,0.7462897027484898,0.6425760047362379,0.728125253247541,0.3721095692873507,0.654728297036083,0.749853974552299,0.6816285717046534,0.22047464002218337,0.31244983713787633,0.43010415654820344,0.3699363233948316,0.6486392843864534,0.7530962239718941,0.6448016083251057,0.4179594752298181,0.4805058596644044,0.48715684032315315,0.5606682269033905,0.3809616958545881,0.5679730049598589,0.21170886760919852,0.29954306922546026,0.36414768196568237,0.6780512986342079,0.622909817901675,0.6775630886238617,0.7704173558170198,0.47170500364662554,0.6424724382124936,0.2830273839813889,0.6334586321470348,0.29772848038029,0.6709184700412328,0.6405502081621487,0.4128515813214902,0.7361790084370831,0.6464508041788498,0.7266366717107393,0.7528048513355706,0.6414867312142436,0.5449735574291358,0.6181074679147457,0.6828019756854644,0.6694836194694931,0.6981424011548241,0.560907309356152,0.520328651452476,0.610985848523747,0.6309590464111351,0.6464591563539372,0.49296013408251144,0.5285293372863125,0.5168718062258006,0.6677566843037472,0.6453965214119235,0.5537471341881219,0.34930315111947297,0.6355461196840505,0.6268546467433818,0.4898189621647307,0.4365393766141585,0.4735518376548648,0.4884564418403931,0.6172451132121841,0.4890771479555319,0.36705609729703326,0.6429472170443544,0.4952760759893522,0.6410753083465007,0.5615733948076891
RSP,0.7545422590841123,0.7173682777574225,0.6686561278709601,0.7132290014487092,0.7430778677420113,0.6947352116326501,0.799292449945356,0.7567690021926964,0.6366475286583173,0.9521561134431682,0.8875213850185759,0.8146714100026081,0.6658941680743603,0.6552891149939597,0.6548764278635829,0.2861483943977872,0.26865419866931667,0.2215906230517999,0.777473557764846,0.6776360177858746,0.92774248827782,0.8038330570881127,0.8982552623612281,0.8885447959444932,0.5695707944139454,0.2691169940356081,0.508254838332577,0.5181815550496512,0.6025841665736588,0.6864517099818236,0.7918428790363995,0.757314902813428,0.4085905939379917,0.6476333454529632,0.6350592321633688,0.6136640184440955,0.8002417743896708,0.6244503524118828,0.9159688770879377,0.7679526525259297,0.7343244700360501,0.7296127052122083,0.45056716940091796,0.7078668325962191,0.6904492205963044,0.5063731787386287,0.7452732299806665,0.657632205944098,0.7264777881553635,0.6634359599998867,0.5941896777033419,0.7199633470951908,0.545961126141349,0.48680393339769523,0.5619208408681787,0.7462219744697021,0.7557881615375451,0.9336704373942857,0.7851728266592953,0.6225031188681095,0.7773596037544003,0.8876026017691488,0.33248736454568306,0.35984138410810523,0.14674646249483148,0.6835734418306105,0.13991330128754978,0.8160065626144386,0.9275634885416019,0.801329274379616,0.30790134179008216,0.7071923131053672,0.5791200005203576,0.7227416085863027,0.6872573930850953,0.7478912236756572,0.552549870560811,0.4719865848220712,0.7283294191207819,0.9036360470198395,0.7349358574122967,0.7331344191877979,0.8879295520969185,0.9427500852248023,0.77019416806885,0.8784400632408402,0.732368711734759,0.8419850371135394,0.4300383164728623,0.5694646160400203,0.431074401468663,0.40428121892508206,0.8804759113695436,0.5253062374769584,0.933506219497972,0.5218207336526668,0.8828445272014532,0.661788553377563,0.6470357536543576,0.8948355004025864,0.6369564218667866,0.949682436434926,0.6959720476796052,0.8866423084457733,0.7929730689618905,0.7612456019905914,0.7488779106703422,0.7462897027484898,1.0,0.8282350996629636,0.916213322229168,0.23034419086685926,0.7831306437955132,0.7389433293340903,0.7817352029852872,0.2363570150933084,0.3659224835675629,0.6631308354060717,0.4748833179940844,0.9142864102520227,0.8738039688835578,0.9079048500206669,0.3476845663431429,0.4187355609642491,0.5374141472961258,0.8092288693264534,0.4889872546099665,0.8106593534331719,0.2563064066515241,0.3741776430983749,0.4826838665242023,0.7647575269042396,0.8805250681704013,0.8942465672904902,0.9538137946470462,0.4179038522871329,0.8034036716292839,0.13326939770219287,0.778662609598816,0.15306322666680802,0.9520259023293748,0.8101968169212118,0.2684713058352571,0.7968081196623835,0.6870727919973411,0.9782182269532185,0.9723832008742277,0.9004331096085512,0.7013019668571974,0.7703953483230512,0.9169535542756392,0.9280889386748716,0.9560436116015528,0.8021876132021833,0.6474624300666733,0.6100824126505713,0.7889470492238866,0.7705616020139431,0.6618466092129969,0.729883078405338,0.6264435128441505,0.7982768968826724,0.8756014166410552,0.7507313605879357,0.4642611287570498,0.8689573846698373,0.9031370006273158,0.7389171539139443,0.588707552481486,0.549147815841513,0.6968702731114239,0.8193189874568512,0.655874508293886,0.4930566999325455,0.8096273261009065,0.6301022357222812,0.8547475912242487,0.8028389634143507
RYLD,0.6260731657212945,0.6972270867027405,0.6468496910733568,0.701377480138952,0.7465089741883971,0.6875938270952092,0.7074508694978409,0.6792050540209557,0.6182793104112455,0.8579713302991453,0.8113663580210969,0.7274519812289246,0.6235005769033001,0.5967309069030928,0.6633294733630236,0.18899061520290958,0.16128850447233023,0.13171579847800435,0.7375090838335073,0.6436956295749091,0.7832888015956272,0.6561683742945832,0.7486910093496452,0.7972539384716686,0.5321840288376548,0.16338784032229092,0.40233119848125726,0.4572049874587599,0.5610248923673284,0.5511543806780439,0.7072735039594152,0.6586265274147668,0.3680526071855352,0.5950765587012921,0.6182942188719731,0.5546879798280854,0.7054262858950162,0.607492998393733,0.8204125092064103,0.6820762956673853,0.6220680368527755,0.6297870245023157,0.41372734909369946,0.6204643548341818,0.5465544691173049,0.4423844313936206,0.6774337435840764,0.5797852575424648,0.6155050233720757,0.6263729682217223,0.5836889534868637,0.6135670350135695,0.5168390391648755,0.4860688969092592,0.5164447340991816,0.6879479552818402,0.6598742794936422,0.8421111899774998,0.6903679021251149,0.581459605377927,0.6902648909623031,0.6704260135613638,0.3034545812403149,0.33887623353690693,0.1391061192197867,0.6029531374028624,0.0460676650432975,0.7212081201748887,0.8241836707182403,0.7446472717585925,0.2113193004474171,0.6492617078751669,0.5478291401659463,0.7203037729081848,0.6420748766290126,0.5973631791047148,0.492730550763514,0.4306787423385551,0.708081115773329,0.7887795378279655,0.7219150516508088,0.6911819649497276,0.8218524841440854,0.8115776240667321,0.6813038870939541,0.7853673998600526,0.5962855732178226,0.8161512217100831,0.3930960195090319,0.5356352823230697,0.31402641529431086,0.39379202621363907,0.7974820396673773,0.49206474041288073,0.7590263853027582,0.5196912345764683,0.7875352171712086,0.6715746161665327,0.5777333331782439,0.7164396523914364,0.5803856748082382,0.8027648935725035,0.6863645875972458,0.8147907108468297,0.7464888909264393,0.7236327517141184,0.8199732211249758,0.6425760047362379,0.8282350996629636,1.0,0.8587620944192009,0.14548607084552437,0.6831418331080301,0.6663223794787682,0.6637254644264299,0.22557052363659305,0.35757820183332,0.6580350095812614,0.4398690935710734,0.8201042390494814,0.6647404864781649,0.8146305586916386,0.23256874735785665,0.3039734549680839,0.5195953054816481,0.7390447599890247,0.458648692223096,0.7444629720097414,0.22716495678741033,0.3764067002779817,0.5021961211284469,0.6379775685379804,0.680110577474328,0.8465561690459644,0.8392222554309795,0.3098668511297313,0.7168847250725549,0.033324890669186286,0.6697354916582376,0.07317948727029443,0.7876394265973983,0.703851927188585,0.1673957749667172,0.6183976162315467,0.5696459473939205,0.8425613978424904,0.7940345850232885,0.8157513776559846,0.6572675461863149,0.6978571370148473,0.8266286966663922,0.838450933974961,0.781827918066787,0.7527947077828379,0.6199550473154591,0.4758576469828585,0.7160885718862028,0.6794543725584383,0.614882964290541,0.6987441110945705,0.626506835959556,0.6540002635588262,0.7130076979319201,0.6542056995643566,0.4209820020719798,0.7212937360899416,0.7755598425194355,0.7111491465522318,0.37313212843434346,0.3725397256552398,0.5179543719121513,0.7406467886428828,0.6314749810213209,0.4741023315545776,0.7096742627733476,0.6126621890449662,0.7900378367535542,0.8721358118989349
SCHA,0.7167388220819543,0.7725102033432586,0.770595852270258,0.8017926129263001,0.8354982958185593,0.7673935118453612,0.7691349914757595,0.7428242243047286,0.6865568785973122,0.9320925842932901,0.9316383314832246,0.7756817268352529,0.677666466337381,0.6199712508480835,0.7468525610242436,0.2644303132276288,0.24701988817578638,0.20696824417903767,0.8201021560104446,0.6965310909238949,0.8458826009623543,0.7170653660800523,0.7848207210524261,0.8556010932369223,0.5523754698696557,0.2487699052936809,0.4847001914270013,0.5195672983200204,0.6418685185263322,0.5924681528745432,0.7753105972171834,0.702081669150316,0.3907547463022185,0.6745694017565091,0.6978116601194428,0.5856343462750898,0.7643951835287649,0.6760973166724861,0.8737350313772394,0.7306014278006518,0.6994821825964214,0.6846196558343524,0.4442930860422818,0.6607012918677285,0.6050593342618104,0.47190602660623043,0.7481205238873374,0.6135577256991225,0.6734062064672259,0.6391010352973505,0.6535220716296425,0.6415361562918467,0.5364411297320175,0.5708216606523485,0.563052113852191,0.754899099166172,0.7174276327780748,0.9734283109758651,0.7672224452380569,0.6204861871163873,0.7489318416298975,0.7096965101132295,0.33932913047177704,0.37795862742369524,0.1606690270089972,0.6437746299573287,0.1211947838411154,0.7729397622325739,0.8771246936698702,0.7708243067171054,0.27685027577236426,0.7149482214489559,0.6434213445595153,0.8275087262280355,0.6841651723254725,0.6284182329713793,0.5244366329961034,0.41457886209256817,0.7633853353589135,0.7675024327945914,0.7341225450545471,0.749541266870429,0.8911856343735434,0.8810353611966224,0.7980255436637677,0.8703140529369001,0.6135727114371969,0.93087586866,0.41856792030386625,0.614598266975739,0.4030122319721896,0.4125878978434411,0.8400161212773118,0.4815366836054923,0.8484006562500535,0.53597111041975,0.8964040843207878,0.7857997162505217,0.6404272686308765,0.8248307738875746,0.6452704037251233,0.8786320259089768,0.7986247439538685,0.9103067006152971,0.8008906779129258,0.8032995717241227,0.7372035694771966,0.728125253247541,0.916213322229168,0.8587620944192009,1.0,0.2074063616511026,0.7609537988150336,0.716499500184291,0.7478451211313649,0.25520290030226356,0.39084894018086064,0.7236985140285781,0.4615935554448584,0.866606370619601,0.7506658315404706,0.8604236585777391,0.31884349987147553,0.3887989891868965,0.6132667838264186,0.8019997444547232,0.482251589830909,0.7822408653267531,0.2510078847517054,0.39446281031262515,0.5466297945675123,0.7289031457943718,0.7127314183951242,0.9646349745248084,0.9547545284222241,0.3900021301176788,0.7857061901239666,0.1173274263007066,0.7277211951708059,0.137061922620021,0.8434220875328621,0.7504239943191922,0.2503993685597378,0.7013253410863483,0.6571779996699848,0.9360911272925787,0.878643049618607,0.9068094538415556,0.7339967289422834,0.7741941469586958,0.8921806274994117,0.8980250027841595,0.8495251557831992,0.7946290623875648,0.669485193317075,0.575965444172996,0.7824373432371251,0.7199844261771963,0.6920084640667872,0.769748466618826,0.7106238939792962,0.79631111096798,0.7925947696749054,0.6900766484505881,0.4088179809729455,0.7729772164637464,0.8600257797108745,0.7645488565218278,0.37227211233274976,0.41224540356400263,0.535797894858291,0.8011229628483627,0.7135368748225361,0.4778205362569708,0.8321142234231346,0.6839614504428,0.8742524382545526,0.7394169467421485
SCHP,0.4982646320968783,0.16411926854487008,0.20461921771876146,0.17422679310014694,0.17548595462651725,0.15508504629034092,0.23975912582949788,0.2416481431001479,0.15751926472990704,0.18381964405536869,0.1643656639644438,0.2583038632692414,0.19251808760229414,0.17492983723361058,0.12254774984654145,0.7781394922704835,0.8284005580802914,0.6774887766398361,0.18110583140214795,0.16277853143674456,0.1932943119894878,0.28547168560851455,0.19304806232451546,0.18819441130369965,0.17851971677489012,0.8234311740793782,0.47395545502848996,0.20290566119990358,0.19523517731375492,0.3234997976159117,0.23344021316944344,0.20787569698849864,0.15240850554430996,0.17832208961536325,0.1743726952929363,0.16465177000440628,0.23421775892272897,0.15069865912262387,0.19866054962526114,0.27450598653614616,0.20356765232852492,0.19589459491867559,0.10104534151696339,0.16948735142255011,0.27883546839602796,0.18163770284165567,0.1543821479072736,0.1971436171348616,0.18969211921182777,0.1677815838357544,0.13840560649362713,0.22260418159593162,0.20885501416973687,0.1511165153639087,0.25050822891841457,0.17236125013376097,0.18032681779481896,0.2125599902856211,0.27563823424305256,0.15401791010748997,0.2220369491365159,0.22135597939008178,0.313894088552896,0.3177527782596655,0.3137373890750339,0.1878922113875727,0.7922916842885884,0.2383137475256637,0.19484032923376896,0.07748403485137062,0.5309201818279959,0.20875818904109883,0.26892548238557296,0.17281816734410815,0.16105113361751683,0.21090325860245424,0.09898614767048759,0.10084433593203139,0.13912593231811596,0.20730542528826934,0.17148620320632713,0.08919435940250343,0.17183741946661713,0.21226912907719553,0.08102664440349097,0.16036946755505282,0.08022176208210716,0.1961384113264289,0.1187235285541249,0.13105393408436597,0.7743159802276853,0.060215616858804576,0.18195739801988098,0.14720090457679044,0.25582358893559504,0.07429448486322655,0.16356016102568274,0.18613744330090182,0.37364583465810003,0.2595391867619773,0.17590493872049426,0.17768421941394605,0.18208741492992278,0.19281384647776662,0.16427117241217748,0.14492847701542103,0.12352279248486767,0.3721095692873507,0.23034419086685926,0.14548607084552437,0.2074063616511026,1.0,0.2685170097613918,0.2813259758959687,0.44657315242209294,0.22272318143279743,0.2848067325278914,0.08942788071800434,0.07306000492962308,0.19263813920921266,0.26391688582699285,0.1916978394305612,0.7411099483178322,0.778880037231165,0.21575890645555285,0.1537849513970464,0.19333551939164026,0.17075352497670612,0.0074512728935850776,0.056418108393247395,0.14591127472445403,0.47091696651479287,0.25948137745368066,0.21391504733173633,0.203066560674883,0.7451353372738608,0.24255898334646547,0.814004707382053,0.22387258635572815,0.7733466703526403,0.20964992547468522,0.2668779933220352,0.795602940414051,0.36044983750263554,0.31187089248265143,0.22762708111366298,0.22895691035850002,0.2028597940024222,0.21948428491749394,0.22061472726251025,0.21581306329987773,0.19746915167893284,0.20368561014826805,0.1697335632773891,0.14346073021466357,0.6174632259420296,0.2236382610653363,0.22764375103800172,0.17882350656364654,0.17996637009809588,0.1811098815081755,0.28739708057920427,0.20441757535018584,0.1731491051154891,0.08370914349997675,0.10728337580368383,0.1614141824580245,0.13558910111663566,0.19747467124085974,0.31472698820938944,0.1946816652831923,0.19461601893190417,0.17647770089221534,0.07834158982446736,0.17580016681262853,0.142737711041822,0.22036952548829725,0.12700096670384314
SCZ,0.6926723630786235,0.6495651907072886,0.5959624539624273,0.6349287008241756,0.6916534763158042,0.6245407375390347,0.9684333086707235,0.9619347426464651,0.7813161992506048,0.7846226298709595,0.6940484377737578,0.8084342961162231,0.8383143124661865,0.5975830138769804,0.6224427820851929,0.3233166472182673,0.33709865497044134,0.2911518212341271,0.8057112212164185,0.5641701608956653,0.735676075135833,0.6206330831391628,0.7093978296912972,0.757974978590483,0.6953880090146877,0.3372259024106151,0.712605510755819,0.60504981392712,0.7641234334465161,0.8665273263969443,0.9322230221564034,0.9243569850085086,0.4788433462206192,0.6643999817922633,0.7692256787689538,0.7478897395732527,0.9585044929612624,0.7693402857637923,0.7686716772383282,0.8464196835736495,0.8869299757263887,0.8872020741943735,0.5579904003816262,0.855988683024781,0.8114354043116264,0.5840920286213563,0.8590357734469036,0.8119067574798274,0.8731104576991447,0.7485695383975616,0.6918104032600519,0.8532977808174529,0.6248324825734254,0.6219402931712504,0.717851652389238,0.6380971046572775,0.8952220725793367,0.755735834526758,0.9771250241642738,0.7579645131679753,0.9374406939321535,0.6484141576589564,0.5027851100492043,0.5347836948534723,0.349252337172812,0.7087413753953618,0.21961309548460786,0.9566186697263247,0.764328927906616,0.8324872456241376,0.3620639869328873,0.5965819571165228,0.640014716647454,0.688759418403757,0.5651775211669156,0.5800243598177176,0.6246357598310653,0.36766666862685626,0.6942223203565907,0.6860846295297247,0.6535222941306427,0.6418041745810397,0.7523220014572243,0.7633383222749942,0.5780338146709545,0.7196566536215263,0.5105637518022933,0.7595764809369733,0.43343849541370966,0.6386108479777763,0.458614316904676,0.5249296271333626,0.7486670056670724,0.3848023040712801,0.7381584402493223,0.4089060597742504,0.7186524438774898,0.6361668429306189,0.5958340589036202,0.6962928249451459,0.7433338497755597,0.7231904436438333,0.6552458906609042,0.7646121495936868,0.7059882192985248,0.67958744504617,0.6543312846970334,0.654728297036083,0.7831306437955132,0.6831418331080301,0.7609537988150336,0.2685170097613918,1.0,0.7802893364910628,0.714472090736149,0.3971351690278939,0.5200305168186473,0.6360274832644788,0.5392274550187672,0.763896590153964,0.6539738873223863,0.7627831282706606,0.42575213226566333,0.44732631813232465,0.5614254372119168,0.6969192641750275,0.608286385987223,0.7063519834410251,0.2876187049257612,0.3999377203112449,0.5572226613008655,0.701612460793,0.6490540956013419,0.7554504120666345,0.7512629308582945,0.4296873934554604,0.9608485804475527,0.23137335280270546,0.9348256426920636,0.20367107868940695,0.7452418780627804,0.924335692372371,0.351658657736919,0.6419312199637257,0.8618029832723036,0.7900425525137271,0.7528539667578139,0.7534454173364766,0.8759314537445596,0.9359218699197427,0.8780117962171182,0.7777496498973203,0.736900041417397,0.7080963678819175,0.783786045361285,0.6510278006835041,0.9464153790363639,0.9211684630191483,0.5295316999426779,0.6388633317814738,0.5527931258063227,0.6509028659487812,0.7570763741851672,0.6395311513480592,0.30528243936920896,0.6718309661540883,0.7233703470316086,0.6616011190868414,0.4045276272287048,0.4095291096957676,0.4999843943354686,0.6933816205560386,0.6343984531020826,0.3247908690721395,0.6177120169842311,0.7737636297495192,0.8230784446675099,0.666681284920249
SDIV,0.6353125111178691,0.5602635885780431,0.5400283233178177,0.5556575564782983,0.592229718770062,0.5337699656150878,0.8036511146015535,0.7948846297564978,0.7356532404727456,0.7159047088147662,0.7196427139803439,0.7723917873848947,0.6033271582529232,0.5513071859609582,0.5276723906978962,0.2973889433171973,0.29783394860591855,0.22127115210459009,0.6263043724386869,0.45618484126110115,0.6668539361546243,0.7366430501520632,0.6738064221733109,0.6437515462133507,0.825146108177536,0.29910740075582587,0.6563362117234752,0.5932162001148003,0.688365774439265,0.7060069848642218,0.7213503601035878,0.7982711462695845,0.43124013683096324,0.5475286238232194,0.6545665926340459,0.6467736334985648,0.7793709563173772,0.7180300557215568,0.6679668879531117,0.7719752087104224,0.7039884016666543,0.6972085318808734,0.6407754581153118,0.7089268365880378,0.6633798874965183,0.5237761434605024,0.687822314659816,0.6776273350801117,0.7170601045425196,0.6808242546618825,0.578987093152445,0.7632108247610728,0.5905150764125398,0.5044593621306648,0.6751014813061108,0.5344770760020069,0.7251774333995943,0.7393344540245208,0.795750272650728,0.8054235432424632,0.7992066718471186,0.5974523433492561,0.4389475373015565,0.4682352991261819,0.29208275468909395,0.7697469948394327,0.19402090695795246,0.792615282284418,0.6672643187241287,0.6994595900488015,0.317844866058592,0.5547026958900614,0.5622178562932713,0.5835261122878398,0.46331993913305003,0.5172337946148637,0.4872816669613896,0.5290286149037825,0.5387241694347457,0.6397111957216034,0.5460499206749232,0.5807020257582449,0.6301808078588539,0.6650596923077333,0.5966834440889627,0.6613851700286086,0.5002992744896574,0.6768673785145257,0.42918506105547644,0.6162999013070833,0.4152407169598485,0.6018075081718636,0.6405677290095182,0.5115020966441932,0.6839339435233299,0.5292953433322481,0.6370988761382735,0.5899309082997651,0.5502182130365729,0.6307597596033389,0.7299122722644632,0.6898787935062729,0.5889280961558437,0.6759139637455667,0.568765940824629,0.5454856666215772,0.5575961320796411,0.749853974552299,0.7389433293340903,0.6663223794787682,0.716499500184291,0.2813259758959687,0.7802893364910628,1.0,0.6565586563248782,0.36219037907391477,0.46509258658057484,0.490779586549294,0.41799286807236585,0.6652029714143075,0.7245889764001879,0.6571290033711144,0.36478740333077225,0.4062793096096158,0.520123719962287,0.5930208152306133,0.5398603827826691,0.5807157024148925,0.2643203083767248,0.3459119905548802,0.47706347947284494,0.6412438714497108,0.6002317549905837,0.6761016193605807,0.7458325456846984,0.3946710056724946,0.7862258176040715,0.18530501477772446,0.7691934660623572,0.18816716749136742,0.6639931179337537,0.755118379221216,0.3113596583483773,0.6571431766559297,0.7762398016199598,0.7255916113085124,0.7431638575580563,0.6498337244499043,0.6853819079213253,0.7789902376790184,0.7606133171261645,0.6837070009055062,0.7125501097846756,0.5745267478123509,0.7620310987592785,0.5906092175357492,0.8074949082005377,0.8398622168036514,0.4739094031033755,0.529661292894226,0.5159662655062989,0.5789417422588942,0.715569706112339,0.5578967793399272,0.47362480910266563,0.6314875089049002,0.629011137410261,0.5198287133877048,0.4137864465673299,0.4328480258692129,0.4694310506115733,0.6016269039737817,0.6327609233954171,0.4823876686909691,0.5935442166693091,0.7064546595621921,0.70078320958424,0.610290525668388
SHYG,0.9566537290796889,0.6731086792010514,0.6172308892865027,0.6731324258983914,0.6678740839916654,0.663080854416102,0.705902628616445,0.6682309655335178,0.5862719642077586,0.7753295489095247,0.6808485941298996,0.6623860496556129,0.6039471730066414,0.7117949084595611,0.587495173012592,0.5287974694668853,0.5383046468792354,0.437053249682901,0.7052203809419578,0.5961010634951548,0.7203950925949443,0.6139921249076423,0.670778619907906,0.7595620504461622,0.514216661271875,0.5361198750780282,0.6194890077591745,0.4663573660133826,0.5643045096659254,0.6345406994279116,0.7130643052553928,0.6612293139387497,0.3820883035168129,0.5720782178164766,0.5772449069465272,0.5559572096784408,0.7144091670116401,0.5765998554628288,0.7739784438413765,0.6832967521495669,0.6450587946254791,0.6630091590745212,0.3829257574545859,0.6475263060230775,0.6142947975606198,0.4396878510342734,0.6757302676975916,0.6002889044679379,0.6523745056084528,0.6214855453521394,0.5399608528617924,0.6154438800915668,0.4840966794649462,0.4539839011534054,0.5340859444683819,0.6917851102936607,0.6841725781658597,0.7369126253222668,0.709519197758181,0.5502008855379702,0.680956461909282,0.6642699007541553,0.33540729517394163,0.3672934769795251,0.21353562971682138,0.5335089282117804,0.3950424876129763,0.7239371676106103,0.7732053648387652,0.6528181754883973,0.5217955306006928,0.6186841193451516,0.5384662685304143,0.6488520833255007,0.6303036731914374,0.6059163992197223,0.48158400929586176,0.33728177347182786,0.6609095532080748,0.6873709251539544,0.6595242470197504,0.5886442513373983,0.7403150000548601,0.7690015841015859,0.568518020972682,0.7151320900250476,0.5069852926237125,0.7252232131357599,0.3695610023315657,0.483261280145882,0.677617403555603,0.3861742934808502,0.7550179556483873,0.414503724695908,0.7747011872167917,0.36514002084654923,0.6723330320905269,0.5889500535966834,0.7020994955012,0.703374352089132,0.526896753546779,0.7305098203685896,0.6131297245758736,0.7606356898882661,0.714905571769407,0.6838708887113145,0.643571949682362,0.6816285717046534,0.7817352029852872,0.6637254644264299,0.7478451211313649,0.44657315242209294,0.714472090736149,0.6565586563248782,1.0,0.2502576692664033,0.3520372241100563,0.5931545085377363,0.4110589793893852,0.7716866278367238,0.6481335528207183,0.7673050622126047,0.6081829123249339,0.6686868961140755,0.48406019470865863,0.6776985098161102,0.472625976570529,0.7281403744159712,0.21233191426028206,0.3291306731724842,0.43011690866953756,0.9815709450615222,0.6732448078783169,0.7615882714927796,0.7351759983165953,0.6454845618799921,0.7157610615477698,0.41190227916369965,0.6950500395137102,0.39693210278333757,0.7432153616435588,0.7135277145498157,0.5239780895620456,0.6663578584796919,0.633418015983932,0.7865568212296826,0.7346001077597869,0.765339596272432,0.6369410886407474,0.6987275339326074,0.7878902983656751,0.7818986934237178,0.7078042389862347,0.7311046848306075,0.5929746095714087,0.7902675969010721,0.7076878122330249,0.6735955525142704,0.6122814279101217,0.5968651650615526,0.5887717354210974,0.6625285867596084,0.6492510090802599,0.6715795184478759,0.31365485165789514,0.6529264638135492,0.6837448555035008,0.6606938264241858,0.40835229351258995,0.42851919611870404,0.5145792237524657,0.7218315043357835,0.5199577046483802,0.3526501027242792,0.6591065007784332,0.5843450878552225,0.7594206116267125,0.6592545932916473
SLV,0.25695003711002984,0.2292050741299414,0.23086530459929863,0.2351451823131404,0.29020889201092315,0.2296934009182789,0.4372042950878902,0.4763571351625602,0.4399625138319879,0.26366544143714793,0.20309625669188128,0.4426453380421774,0.343583774001391,0.15115224645886588,0.27578144377286473,0.16067803847152792,0.20158210915355013,0.20813743468188667,0.31213639881963545,0.1850486543162493,0.23819938728335804,0.1886577527101501,0.24383099827027288,0.2578506723344019,0.43079524181451856,0.1979507919711038,0.41496761336651333,0.3699296188515427,0.4360992294322956,0.3370686727950401,0.3778979473019726,0.38930808331841643,0.25908656873761093,0.2253917108931614,0.4356156978917418,0.33181186540380847,0.3941572234317205,0.4166183833315251,0.2627937551776371,0.4237348334200714,0.34639578656811665,0.33079434364864235,0.33069953832352234,0.33198236381613083,0.3056011397117026,0.31036544317078807,0.330573735102401,0.3210273297801031,0.32322548047790495,0.31869737288994127,0.3526799502289793,0.39001946937575876,0.3633894881004237,0.38999232407617623,0.5687932199013747,0.20294342832588813,0.3465503173563053,0.2364359367800371,0.42673584071325465,0.44679726354031246,0.42607086876585604,0.14850050413215182,0.7673669966532364,0.7745750218371255,0.7861652647144444,0.5123149951945338,0.1615462965015997,0.391172770473568,0.25326284255277326,0.26820962488629396,0.1404342174341397,0.21651686288801034,0.33469246740132463,0.3117948182012757,0.1925145163086175,0.15924598227627232,0.206222352752619,0.20717559876863126,0.2882800974528511,0.20421826351598862,0.2837754871471475,0.15815829390072544,0.26859935596335544,0.2502691689301684,0.07966310012490398,0.19847933614382848,0.02830286409443545,0.31215891254106054,0.2411795418815915,0.37804764073426445,0.2103453065200549,0.27703634062032273,0.2598963106994549,0.13712323082930383,0.233467853636943,0.23357871738551816,0.23910941896658794,0.30461086034020185,0.19390012545891827,0.1828449424048869,0.5806274717524564,0.17669151870171143,0.28741029949692637,0.2756248072640164,0.257650713521588,0.26454628574895783,0.2425031131391962,0.22047464002218337,0.2363570150933084,0.22557052363659305,0.25520290030226356,0.22272318143279743,0.3971351690278939,0.36219037907391477,0.2502576692664033,1.0,0.7904836321250849,0.26860569919222455,0.18380911578259135,0.26150459635743845,0.18519518116070638,0.25701692885671346,0.24028543816060466,0.21043756104171266,0.270019596357844,0.2699911411394482,0.38229062833702104,0.2271058459739028,0.15410136326181997,0.21125916024824085,0.4266198917147866,0.24403447502178433,0.19309680961951706,0.2762295980737789,0.21714664031752276,0.18305310854086082,0.4249435687544721,0.19769400165326156,0.36698200473724835,0.12911453199877507,0.22941705891265948,0.35904937775651086,0.21309375831708285,0.19642480496869125,0.36546272859229184,0.25826112013670044,0.23151814934875484,0.25898981528835524,0.4233425606996411,0.42914909021988645,0.34508650790472095,0.26465605023403643,0.23944254767541018,0.2442059703049847,0.4105436519290209,0.24985988944926185,0.43868622013203834,0.42747776435671075,0.12900982959574223,0.2735043755601133,0.19335353160529406,0.16732255444378535,0.36161421296875695,0.1788266503452445,0.1593376646026684,0.13343546191666744,0.2284322651919165,0.2669839564852194,0.09024307508488173,0.20546616234291634,0.14545804643501847,0.1875992049164467,0.5308703377880403,0.14871860016582197,0.14776108741493438,0.40354877774178965,0.319293101549125,0.22315142747031652
SLVP,0.365425369727735,0.3301285841270628,0.3524454943490777,0.33991219787522897,0.39606613625137593,0.3268449789124545,0.5574452234533713,0.6008601615527064,0.5293381372203818,0.38223168041718,0.32691644232411804,0.5763676050609061,0.4408648197674737,0.2624333144231833,0.37770266315950096,0.22679771511123617,0.2665860231926547,0.25564589278915506,0.42099973639866767,0.2837837204401861,0.3478434145907644,0.3136687557220131,0.36331860646315217,0.3666084257171181,0.4902066315741335,0.2647990193341594,0.5103362645319289,0.46354591482000945,0.5193851625656958,0.4597951955934554,0.4944709302391297,0.4942274680230448,0.312446330996025,0.31575754782915844,0.5203239539762152,0.4234461256182269,0.5080506056855517,0.5037443134707028,0.3752231773915155,0.5445676121386771,0.45744982269452744,0.43998855237536494,0.3742038447391904,0.41858182692274043,0.42151880408984077,0.38090635979544823,0.42696542118896036,0.41569215817280203,0.4195265964478019,0.4331194348563693,0.42988020549747336,0.48796575781524676,0.4658021712424408,0.450198939510149,0.6408251653991698,0.29762237312796336,0.44173662866576985,0.3683747468776814,0.5571009699027041,0.5154298542121496,0.5305489930252351,0.2603420696361897,0.9377668505911533,0.9585473037201634,0.7584674842731967,0.6107045341177721,0.21033497175353968,0.510750960367618,0.36545216873206204,0.36461823480588007,0.22145993555527946,0.32957513928807053,0.43487759372809687,0.4244638737353322,0.2777489962047013,0.28172458777932546,0.29693130413248586,0.25440141062760596,0.37217002112528613,0.31973068887742195,0.3757245688400197,0.2600891294766055,0.3880471326195764,0.3621980075369961,0.15898210755021608,0.3047014426233853,0.12085317690330195,0.4346430647291431,0.27983471395382675,0.4398162093812806,0.2921779870956578,0.33113209421529644,0.3629511240818004,0.23038264376000595,0.34348471726987073,0.2990298332737363,0.3696040228700146,0.4077229900948159,0.2872100505821666,0.3170318820528851,0.6552076771866963,0.2981094984959353,0.393948541290771,0.4058618192965077,0.34975457813136224,0.3482781191021697,0.3472080934379992,0.31244983713787633,0.3659224835675629,0.35757820183332,0.39084894018086064,0.2848067325278914,0.5200305168186473,0.46509258658057484,0.3520372241100563,0.7904836321250849,1.0,0.3466837785338774,0.2830160078893988,0.3705419062878363,0.29811486108091584,0.36692645687601316,0.30926733419776675,0.2876278188628467,0.3608067126290423,0.3676780263390362,0.46261906220815435,0.32250609750784154,0.17746518408777145,0.25743871395546064,0.5463374456181934,0.3495597938023545,0.3178115215348672,0.41146039171355897,0.34959757243853795,0.2613657002077137,0.5435561903751182,0.24904150111371165,0.4784778339025653,0.17855958010174644,0.34662936674012534,0.49417507424263013,0.27771914698660954,0.30944417553444886,0.47817298081729975,0.38810409902229237,0.35539359969783035,0.38577581543299927,0.5247847035979932,0.5386288614994155,0.464994577011323,0.3808168582635811,0.36152748460758866,0.33739658846160836,0.5012652357266053,0.35243806652719234,0.5525107298899824,0.5340811895233368,0.22758902664936861,0.3943877358380014,0.31782560354870515,0.2899801055785549,0.4904295291448157,0.2655519241071016,0.21085272434722696,0.2311394459751494,0.34828426730796264,0.35034619630108377,0.17209112368753132,0.2965509277449629,0.23794975525743225,0.2877793354921444,0.6790439980153214,0.21791436700602837,0.25991292301775704,0.4922829410132952,0.4390450883775964,0.33054549100236735
SMH,0.563954038173016,0.648913781499115,0.5585646138139866,0.6692650638121858,0.776350552271203,0.6792936569575766,0.6545551642353591,0.6168412249113057,0.7267129697211826,0.7906207780959954,0.5958435156073065,0.5775277276304798,0.6449893457569909,0.5051171474667863,0.6659540466364441,0.15191550134005088,0.13429480682499748,0.12580145167005122,0.8305262076504006,0.644649403009162,0.6357842072991118,0.3322679267741958,0.5593067331664405,0.8420241583579057,0.48348598263211273,0.13566129771710445,0.3974072101009685,0.43270052220107974,0.6506385414566187,0.42502809219735055,0.7409682143904289,0.5481282118344558,0.33307930891330034,0.6237215285926739,0.7615045961552228,0.49992772813315256,0.6738508967837586,0.7172506559037336,0.8190930772156085,0.605670757549831,0.5946942034501487,0.599523111961083,0.40823385201159085,0.5428054111159946,0.4521091882072674,0.4141193571314794,0.7936832672794976,0.480934521159648,0.5643529182583102,0.5508604151363211,0.7836907579453581,0.488029711775834,0.4639546848723928,0.6620550448409411,0.5009576786968896,0.694385557604579,0.6612813496041275,0.6579933053452524,0.6446252001830637,0.606876652578001,0.6386207541563602,0.4317429247209355,0.2981383898556411,0.33110574145890337,0.1679557088588354,0.4789227146282147,0.023846221523705007,0.6582869254834707,0.8004468067551451,0.6984617872528652,0.19815637971606323,0.49224303625713495,0.5555746790095721,0.7519388868477245,0.6482740979289632,0.428912728657828,0.4643088708401328,0.241353451551305,0.9357977122556036,0.5754753346507319,0.8109441193677925,0.5493218230810112,0.8543459283221365,0.7814919227422974,0.433630143977012,0.627129876437914,0.26912338856494694,0.7733038030147026,0.3329624996274166,0.5644990401782135,0.27578569695771343,0.4014315613384755,0.8259323917774293,0.29251711233170485,0.6466685136004786,0.3592723509065982,0.6975087798007503,0.6506658654213929,0.4575435959104602,0.5514689770719021,0.5660114517295526,0.5924489726803953,0.7273585373042933,0.7896032768736961,0.894062593252283,0.9198981526151774,0.7862448968729454,0.43010415654820344,0.6631308354060717,0.6580350095812614,0.7236985140285781,0.08942788071800434,0.6360274832644788,0.490779586549294,0.5931545085377363,0.26860569919222455,0.3466837785338774,1.0,0.4010873037627927,0.8165411225572937,0.36558928499724563,0.8159435390772916,0.20568629738646807,0.2612740898413217,0.505904214430804,0.8898602004505791,0.4645595415461481,0.8157456821921785,0.22652279602789357,0.3513337810826704,0.5373099453743896,0.5719878878684046,0.4820266998410056,0.7681711652043519,0.6231321124488651,0.26439481863322095,0.7012717093887341,0.029029963422513527,0.6207448940082054,0.039404029693047654,0.6735935620187982,0.6208587904161221,0.1362773351121443,0.37186987354656004,0.4718354816087925,0.7146860733168414,0.5620418731951419,0.7880863957227452,0.7188922803190785,0.7319857434767413,0.8184634118766593,0.8156115421247169,0.5932399416110135,0.8444946807325546,0.6759747700920855,0.43804096549375493,0.7209477226863018,0.5753079621302801,0.5337555804073553,0.5929979861157694,0.4917099861520725,0.5378036614125473,0.5609345421538438,0.5980504980365531,0.21812711556594147,0.49054835561016824,0.6677166259022811,0.9245886619749557,0.1185093710068375,0.1903044584202973,0.2985180079916424,0.6793386776171001,0.5640528408436583,0.28947666174224007,0.5365232642615466,0.7273950547867069,0.8458751139692937,0.6939142454027533
SMIN,0.3986884206011458,0.41887938131043084,0.35813941683047085,0.3986059811002042,0.42308524490838945,0.3968205141803129,0.5326689572341415,0.5150925017542483,0.5506295128813947,0.496722404767021,0.4005593964485292,0.45361339083546326,0.46983900166603093,0.36233875770632035,0.3907068918477294,0.12393187976708246,0.13461218788673587,0.14060396791306265,0.4773130419640221,0.35204929203620444,0.48003934723121683,0.33946152711917055,0.44911067915530356,0.49479525899946725,0.4513652857437235,0.1294116116121084,0.4119996996963752,0.3559947110511689,0.5422347931626237,0.4537933851266581,0.5317013979851759,0.5078273773840444,0.31882817871477087,0.40228890894087815,0.5692475766666659,0.45948665934916544,0.5382165075015996,0.5106421073057608,0.5016774003625045,0.4615215708596593,0.4966279446301426,0.5074749099981825,0.24503682556818004,0.4884683369583382,0.4485022928769484,0.40256786565632074,0.4987489489281739,0.48096784776226237,0.4884167905174222,0.4572645469658297,0.42766264195618997,0.47201210161644525,0.33194396390967734,0.3793481899303413,0.41686804774574676,0.423666220750569,0.5114615404270407,0.44995111167953367,0.5321174190060797,0.4794799922252017,0.5160703084344191,0.41382923033846986,0.2598951665019496,0.2848679181669234,0.13395107635051204,0.3549702606054924,0.06311475761706983,0.535149867520334,0.4977677363428081,0.511156548468271,0.1532235099157864,0.40690109792270057,0.3999945295816218,0.4389372636102837,0.37170960901166716,0.3774226512876726,0.8746455035698477,0.14784788323264225,0.45807830072795935,0.44420249895975567,0.4126571783435598,0.43900775186481855,0.4879243867626865,0.4872683070662308,0.3589787831379585,0.44962752643268544,0.34202924759160935,0.46329176445184256,0.3065779135802666,0.3114609852137796,0.21157164428291866,0.26354326741275524,0.49749417558332376,0.2031170168404637,0.44123813383679916,0.2038466823876629,0.42134452157316316,0.37286115024173516,0.3240782855221181,0.41235592752482253,0.4123047931199911,0.45337508238426677,0.3964399956843566,0.4808721240241756,0.46488088331985755,0.42835270289507754,0.440902699249293,0.3699363233948316,0.4748833179940844,0.4398690935710734,0.4615935554448584,0.07306000492962308,0.5392274550187672,0.41799286807236585,0.4110589793893852,0.18380911578259135,0.2830160078893988,0.4010873037627927,1.0,0.5001570251795562,0.36443261568929297,0.5013931684495051,0.20959527289703292,0.20618210079324767,0.3299687601261888,0.45696698668651287,0.4129298956849987,0.4703382035763797,0.21923903537234085,0.34987430667541736,0.3606408101649127,0.4033292521313301,0.42013869997939784,0.4686023895670404,0.44726287595110303,0.19739920593726654,0.5416921285124505,0.07007068477334137,0.5288194014166697,0.05090590353867401,0.47929586327340784,0.5366899173013483,0.14406004038751635,0.36878674574636433,0.47336452311071847,0.48282633329896624,0.44458930184208756,0.4742437615581856,0.496178064115825,0.5630179304945886,0.5490494941906582,0.5047349166026694,0.4567994719767939,0.474185398816913,0.5554277760608219,0.37204492407681244,0.5636519724727919,0.515243728674415,0.3237805122174462,0.3797285752992134,0.38340791569177096,0.3775746911096757,0.4311280833353421,0.4092597882563773,0.12458238712821403,0.43396904976801587,0.44080546045894636,0.4386987480511749,0.24054189810732676,0.23613444611550538,0.3482783763215136,0.45151398718727664,0.3441257512757501,0.12927706264848332,0.3913841083198114,0.5400115687779179,0.49832819815993956,0.4552643512896016
SPY,0.7352430328494953,0.7761365164156238,0.6568499824128979,0.7702657990685534,0.8214053667116102,0.7762271716770632,0.7830386713016221,0.7357123145040496,0.6940799761975333,0.9768772712904674,0.7817187652807661,0.7768039985028882,0.7041543034771547,0.6579425777390218,0.7267736423328589,0.24270257928694533,0.22496529314864147,0.19262563933293714,0.8622557672827609,0.7538138259766037,0.9150428408107136,0.6334090641985853,0.8656948879510765,0.9843991080328375,0.5603917881659322,0.22328350285437293,0.4837487772092917,0.49381097026848714,0.6447050367552997,0.6213857837523594,0.8225782903977599,0.7113876892398314,0.420239657039888,0.6966133455394368,0.710076089116768,0.6059853670390514,0.7969432201965096,0.6828611466644335,0.9974988455989394,0.7532948409037346,0.7139030731159578,0.7243102292560611,0.43577289707976535,0.6887057001079769,0.6345813084127205,0.5100569004527588,0.7939868748119816,0.6319423769059761,0.700247947626388,0.6660155352268402,0.6914064395006054,0.6653789031179856,0.533596408163452,0.5647806323112778,0.5595064165808459,0.8500520460217214,0.7595966338505774,0.8424626975306543,0.7648660022953706,0.6396375631005343,0.7567634655582172,0.7865144266994639,0.3273256708359723,0.35974169622340274,0.14858340727112337,0.6172686654669444,0.09033890486284403,0.8071070623290493,0.9949405742536701,0.819807341308684,0.2709751096559864,0.6710221653508518,0.5774905292726799,0.7803598604764768,0.7926097772752797,0.6891077494491232,0.5740185992127508,0.39541379013383865,0.9046012579740603,0.8712897595871391,0.8789064705185895,0.6830760930758498,0.9566234304518222,0.9691877918143099,0.651934381237616,0.8422753925540695,0.6013040626077361,0.8613242741972027,0.4264652926569739,0.5749596363538555,0.3937433992383757,0.41144572655692657,0.9953594219481383,0.46213259110231425,0.8820731296012227,0.46357056293387344,0.8291130902401073,0.6662243989908277,0.6057608824364686,0.7890366581039848,0.624673224424636,0.8618187601995534,0.7202563098772405,0.8975877856091417,0.9520658384045153,0.8849998374232748,0.8784618671867379,0.6486392843864534,0.9142864102520227,0.8201042390494814,0.866606370619601,0.19263813920921266,0.763896590153964,0.6652029714143075,0.7716866278367238,0.26150459635743845,0.3705419062878363,0.8165411225572937,0.5001570251795562,1.0,0.6875588527151031,0.9959742234841135,0.3127785354355246,0.38020773155264465,0.5214909953871292,0.8992295285585346,0.5163532045836985,0.9612908871571976,0.27151587386418957,0.4084724575517241,0.5459419587341772,0.7471144704519163,0.8180422715365441,0.8887682979797688,0.8409296201763193,0.3822410789636985,0.8073392419277697,0.08899529942931692,0.7580516436119924,0.10383060833314078,0.9327948616920316,0.7939454246854141,0.22435012794218676,0.6546786475583477,0.6193480280495021,0.9252800758478062,0.8398402940456248,0.9238010818712332,0.7430718546323409,0.7940597624609189,0.968316336469867,0.996128955026606,0.8665987732883089,0.9607223294067092,0.6880090260503904,0.5836493608398375,0.8031746781070952,0.7322408764623384,0.6914540992772061,0.7237260766250827,0.6141452813858919,0.6859730228796195,0.7708167775407319,0.8243143339583898,0.38012133939287185,0.7979546287071245,0.8502810941354895,0.9140723417049568,0.4601825275885569,0.4368738898684058,0.6073309292591,0.8765795858850249,0.634726857825961,0.42536472636855105,0.7237143259391351,0.6926340942946002,0.9111611060604602,0.8786013778048034
SPYD,0.6303957478449557,0.47620776170007945,0.4769560107254704,0.47398732247883596,0.4903966506281622,0.44603396579599014,0.6747110625943215,0.6515177853219398,0.452045753784882,0.758413362250908,0.8109755495826809,0.7326674594474396,0.5016437429875203,0.5341323221149294,0.44273226311386055,0.28410760117066336,0.2717243279529798,0.20864974648700324,0.5132456078626081,0.422096496352248,0.7758756053263342,0.9103289976242359,0.7911783388214682,0.6449969819029857,0.5078382858189054,0.2740417800625781,0.4489732208605469,0.4460238128826617,0.4357545900245965,0.633646934651656,0.5848174696874109,0.6908279017044361,0.35434300951251846,0.48258668219838274,0.43620666917720774,0.5267011924272595,0.6523551985023944,0.43547007382862934,0.6858232214745729,0.6645080876730022,0.5990101004456637,0.5906555345813345,0.3819627978589307,0.6035067142355728,0.6059035979312697,0.42451753997623964,0.5294236889976408,0.5876737463653567,0.6058824622833308,0.5304749567448382,0.3815468202619467,0.6656182341769156,0.4594655006357392,0.29695742204739894,0.4648614434071987,0.47656713937857553,0.5994630789653861,0.8216719929720748,0.6639578232250827,0.5071736562091803,0.6715273593215053,0.8110703556202271,0.28589987093365693,0.2984338852861236,0.12526862870308275,0.6656121976666912,0.1670478503218322,0.676682498965023,0.7033963777309257,0.6263252668035615,0.2919897430758086,0.5598531967777772,0.44827541425905537,0.4713833943105423,0.4166491891847788,0.6210470035967719,0.4326439127801467,0.5421775327068828,0.429132882464094,0.7815215861997579,0.4871124384908477,0.5815184183822714,0.6233612655496993,0.7260195457814116,0.7653882026908854,0.7232649175562857,0.7161581240554197,0.614654164453189,0.3945782164373836,0.4263069720398922,0.39520518419586614,0.2987609941447016,0.6394950485859439,0.5640375366797342,0.7899694189257016,0.5252767434972003,0.7129807469314727,0.48670507601274954,0.581789782777144,0.7618607458300123,0.5412822744771837,0.8345561591671437,0.4947131805387295,0.6355220069778516,0.5019956808561097,0.45065921590974856,0.49584023146609973,0.7530962239718941,0.8738039688835578,0.6647404864781649,0.7506658315404706,0.26391688582699285,0.6539738873223863,0.7245889764001879,0.6481335528207183,0.18519518116070638,0.29811486108091584,0.36558928499724563,0.36443261568929297,0.6875588527151031,1.0,0.677171121066837,0.325327845880013,0.3845467692116186,0.41764008940251424,0.5713462181470873,0.38231990475108224,0.5410264364642029,0.21808584777232268,0.278176683389203,0.3101009957797271,0.6387395591843243,0.7862973627728789,0.6627186595937411,0.8629041498562258,0.3852135516325994,0.6493440944108222,0.15826116338536908,0.6509335451577558,0.1777956398888384,0.7972278262854035,0.6646178213520445,0.27638137128814816,0.8428805837531751,0.6545094828984086,0.8080797297320894,0.9238275778593613,0.6392379179372581,0.523721411011086,0.592145565168785,0.7038179045019197,0.7025304564272786,0.8853433833085086,0.5130746559726888,0.4788207354781761,0.5302893516587733,0.6249224601221418,0.6965365074038314,0.44116341991729435,0.5421291226921106,0.47099231084853505,0.6759395255179813,0.788704613763767,0.5730202981671476,0.5358180921461695,0.7865995005615072,0.7347543245796362,0.4385931396262579,0.6652366489995905,0.6568239265398584,0.6479498321805249,0.6019826707848805,0.5449100583136518,0.518910901296394,0.6836705315224499,0.4320353859714189,0.6081840216250702,0.6148251998585083
SPYX,0.7320832661007244,0.7821149790855346,0.6606805486387517,0.7755596696692677,0.8222884193531824,0.782442357152973,0.7768149280837605,0.7276406432338921,0.6877620090823231,0.9698794726760982,0.7691992320657629,0.7674431230318352,0.6990281134938156,0.6484418340601179,0.7291820694936358,0.24589618037925995,0.23037570523196033,0.2018887008243836,0.8622609771560181,0.7563838131386056,0.9102145406498949,0.6213889289155309,0.8580938054320264,0.9845541269291321,0.5514059443091633,0.22760496078779427,0.4845721897676146,0.4884077802522241,0.6408210963598427,0.6220961398819063,0.8233323131466348,0.7029657781763732,0.4165946155915128,0.6994167146343365,0.7044203414332458,0.6009902147835937,0.7930131135211637,0.6778873408358513,0.9951822302817795,0.7477615648179438,0.7141055101969691,0.724702325092162,0.4309662725761322,0.6836260933293852,0.6368415394191951,0.5110206435145068,0.7924075478466932,0.6286031281429366,0.6979796905888344,0.6631940594623195,0.685782716849589,0.6578999256776596,0.5308664906176532,0.5608427962496363,0.5552994855571057,0.85519852989497,0.7580814762546535,0.8357625650327266,0.7600068952879729,0.6317945619052309,0.7470673107915476,0.7835782740634212,0.3244814054259019,0.3563207542143573,0.14621824322337734,0.5928642722487534,0.09691507455919593,0.8015054131337784,0.9931066053174452,0.8122415130864027,0.271743154984712,0.674231131577695,0.572535095561755,0.7781581315359873,0.7977081794791833,0.6935746147157671,0.5735573462925664,0.35710555451004217,0.9054646827462774,0.8663162449262117,0.8764055444183639,0.6841443155057041,0.9536925875562043,0.9660407404979492,0.6468655281627272,0.8403452279307945,0.5970251273785889,0.860631450200837,0.41986023760824026,0.5692115525985392,0.3956230395039974,0.40848115919748224,0.9940421381572124,0.4401208196650394,0.8809796708612824,0.43053547811774967,0.82184334673567,0.6624310579913677,0.6011939339277852,0.7877619289320099,0.6128081067532983,0.8542118411302089,0.716055013741169,0.8974590445806216,0.954265696874009,0.8858874344479509,0.8769990484414247,0.6448016083251057,0.9079048500206669,0.8146305586916386,0.8604236585777391,0.1916978394305612,0.7627831282706606,0.6571290033711144,0.7673050622126047,0.25701692885671346,0.36692645687601316,0.8159435390772916,0.5013931684495051,0.9959742234841135,0.677171121066837,1.0,0.3181728618241536,0.38229312022635215,0.5159277209187922,0.8977528587387955,0.5087373002384179,0.9651344354607918,0.2693648293190139,0.40742617223812444,0.5395549726443868,0.7443123294765364,0.8172898509355145,0.8859638066558025,0.8331713232152081,0.38214469512142485,0.8023794525552503,0.09756466701635673,0.7555206420653965,0.10853719646983916,0.92969880270078,0.7936423441055754,0.22936496919045418,0.6536028544012057,0.6191007396337659,0.9205483942307838,0.8313663017583558,0.9224168003304154,0.737363253081011,0.7921026665443972,0.9645985802937399,0.9930007271696428,0.8560922347724561,0.9636065041475431,0.683141121956259,0.5828762632893383,0.7978449037003461,0.7231099657960753,0.696404701657339,0.7204805975702437,0.6173363747094756,0.6854472963790659,0.7612724296869237,0.8296725130173634,0.3414224065628535,0.7932706828187261,0.8434092239724816,0.9148850499035215,0.46180701696284937,0.4330980429917364,0.6102593955081719,0.8794524492169384,0.6221605815546517,0.39043723977484607,0.7238993078994153,0.6883314145292639,0.9120626775518683,0.872872789286976
SUSB,0.6585362661607526,0.29269724827332666,0.3319286088055796,0.30193960779389606,0.2809865443047006,0.27869803605084187,0.38598908866918313,0.3633917606601023,0.30025544510699026,0.29727494318135056,0.2445345341009738,0.32736977554923036,0.32899260937187097,0.27555205342692124,0.22476573345528766,0.7704223851990466,0.8855815561226835,0.7317153876024783,0.31359199807315824,0.24549459599222784,0.3033329466566598,0.32440202696511816,0.27427505489936216,0.31376072529310567,0.28073388915109826,0.8748198331700977,0.613529503638079,0.26489136149245296,0.33802319250879825,0.4888369001759983,0.404012838004709,0.3516610005965477,0.238468523578044,0.2628766625134302,0.30288344123948796,0.29744125966222656,0.39508065379360985,0.29734050241018006,0.3196288656143587,0.3950559662504055,0.3589061728738934,0.3605759977134625,0.2018225783733763,0.32385879912793303,0.43917167657715517,0.2997021270831313,0.3236714254677302,0.32431746527672023,0.3511394868765689,0.34435288409724313,0.25472243425288454,0.34498608703312794,0.2864025734221505,0.2501825004973881,0.35109423874405477,0.2947932213729246,0.34721775786720965,0.31601503800828357,0.42406040988049226,0.27898923789260166,0.3592362768408454,0.33413661221271057,0.3435647628890898,0.3490805540474946,0.3260742409731876,0.212202284844843,0.8083116365863888,0.3933695502526246,0.31941697852993706,0.20638479951549712,0.6060342886499108,0.33888369714175154,0.3411969634836,0.2815018748208246,0.2611744127802396,0.3200274820619228,0.24356316969993846,0.03221320555276362,0.25921115503010217,0.30300645380017655,0.2511225975072063,0.20509591842220365,0.2930434227634811,0.33570332785829676,0.16603738447984492,0.28129767113088006,0.14421424285564702,0.31582579631802604,0.1721853332654333,0.2151034555153628,0.8604475445441743,0.18402690478448583,0.30365764924147876,0.1273904972462922,0.3759535310680648,0.023205356061757654,0.25960189277136947,0.27134372459959333,0.4735176463950795,0.3794206644073629,0.24580762103872728,0.2907491993457746,0.2843895009168544,0.3321084037184861,0.2918830015638861,0.270787427234147,0.22242918448769475,0.4179594752298181,0.3476845663431429,0.23256874735785665,0.31884349987147553,0.7411099483178322,0.42575213226566333,0.36478740333077225,0.6081829123249339,0.24028543816060466,0.30926733419776675,0.20568629738646807,0.20959527289703292,0.3127785354355246,0.325327845880013,0.3181728618241536,1.0,0.8693155979770577,0.2865684016559819,0.274071176194515,0.30171641107667463,0.2953194333347803,0.06783279245721194,0.14749767699072486,0.1847139522070922,0.6345932145715404,0.3557692589205746,0.33614996099702216,0.30420480797004484,0.786331040530218,0.39469162474778274,0.8879218850459879,0.3844454469031602,0.713498720770797,0.3345667074103414,0.4259034600116795,0.8628674603855776,0.4282950048589561,0.4534012027464958,0.3456256901134014,0.32557744926033716,0.32939751995935074,0.3600500437510029,0.38756678405551115,0.3576203790566042,0.3187327170641942,0.29553977510747376,0.2979113568158345,0.29866613595511293,0.7230261303217814,0.38179713707114477,0.3625730178281858,0.2733866168156737,0.2673067497894566,0.31484503991475127,0.4195026954734084,0.30094034403084996,0.29970788195188264,0.003151048111745991,0.20621781831154715,0.26973207509313524,0.24862407059878927,0.28374272308708914,0.3276415308703555,0.29140070499826404,0.32023839917145264,0.21553286922126175,0.00914780998044676,0.2999401712237913,0.2972289417693057,0.36086067616479117,0.22203713441506887
SUSC,0.7235726698138147,0.33899521962485174,0.3866252287924917,0.3567460213242804,0.33402922541502145,0.3231829132245405,0.4119514787587861,0.38373783075205337,0.33035573838739385,0.36593241500186385,0.30733744615165065,0.35985747879620966,0.3657385840982106,0.3355716416254564,0.2643597201080957,0.9497553063913534,0.947571441131834,0.7705493156681334,0.37113940245104915,0.3016708901728275,0.3674107843112575,0.3710617350520528,0.3367783278430113,0.3810814935943141,0.3033018404560627,0.9414218538174804,0.6290206176935296,0.30365191285719767,0.35168315288471774,0.4857485794220707,0.43824443241342464,0.3771963232873545,0.2394793358362056,0.30443947779774166,0.3314042218007984,0.32265750518407277,0.4283126960812222,0.3262640109125727,0.38740848215904783,0.4168474239624414,0.37608096393162255,0.3867213556242912,0.22039941553092196,0.3512825508295582,0.4497261297533388,0.30319989727923974,0.36243767039728997,0.36478753018105725,0.3784948225889411,0.3652483048688446,0.2975005307619087,0.36033609802461547,0.32420048042812977,0.2829732118893291,0.35965144252247094,0.3436914701422151,0.38245644954352664,0.38406814274575973,0.4485370539632037,0.30604448136860785,0.3894576296673194,0.38532566614775254,0.3151279225656697,0.32222619978971434,0.2677110164707001,0.2356426519872561,0.8568369830434786,0.4256184776475088,0.385811527563356,0.2780658907614724,0.6599390771017322,0.3969540863277942,0.37962164912446983,0.33544907160495036,0.3145552601069295,0.36848485410943077,0.24778080100126326,0.04899200712821783,0.31746627669731725,0.36403593124315525,0.30018998929232066,0.2762433502435063,0.35913929577811904,0.40342259001082414,0.22882829990505232,0.351877587489067,0.1979593117730327,0.3809376244109947,0.16983199793612716,0.25664126706022217,0.9909105243213713,0.20162983077109725,0.3658399441418179,0.13511112311835577,0.44130163027468744,0.04638734487204698,0.3300932548424106,0.3264467999582532,0.5679503339694003,0.4406583579779671,0.26896739559925725,0.35424720138449584,0.33958441889207336,0.3973179960383067,0.34873677511583157,0.33009996264751784,0.2871429289340208,0.4805058596644044,0.4187355609642491,0.3039734549680839,0.3887989891868965,0.778880037231165,0.44732631813232465,0.4062793096096158,0.6686868961140755,0.21043756104171266,0.2876278188628467,0.2612740898413217,0.20618210079324767,0.38020773155264465,0.3845467692116186,0.38229312022635215,0.8693155979770577,1.0,0.32796270017527174,0.33426185177313794,0.3215260706360306,0.3526157239750905,0.06560353385146783,0.1551252929206214,0.1929575883844677,0.6931549772459387,0.40403584135694626,0.4075704258747825,0.37611593729965137,0.9739562350488468,0.4269308260682347,0.853147610945735,0.41270630481166853,0.8835146195722446,0.39946779641308144,0.45511135479170356,0.884124533722084,0.4986466280107584,0.47950414661304297,0.41667050519432414,0.3942246848898523,0.3977113572047011,0.3915626790094835,0.4180853241774539,0.41409995296740393,0.3874553969597704,0.35928833644570246,0.356177969237968,0.32278057715151376,0.8025922834219229,0.413429292000625,0.3879858709494366,0.32520579581564313,0.30176276207201064,0.35950687657422586,0.4860781736014342,0.3647797123083666,0.34549425343961565,0.027833613812740524,0.27347301142845787,0.331437248550244,0.30757324522874746,0.29730789576342315,0.3782939391337725,0.3332091948167641,0.3733907403936775,0.24176779950048452,0.04556218215710712,0.3513635481536468,0.32618387676659133,0.418941121399907,0.28328824111603174
TAN,0.492332405353208,0.5258796463654832,0.5694747956362213,0.5689280956620382,0.5983548662235122,0.5338936415795075,0.546072146393982,0.5447201458965667,0.5881559601600757,0.551059877828513,0.5055123004576177,0.5231162236557642,0.4391048488845101,0.37088070297192727,0.5029014378518772,0.2496071027559793,0.25347418981541797,0.210909573364104,0.5748778148699581,0.4460825828272751,0.44668039668631576,0.40695258716896304,0.40818376760444036,0.5214700524736143,0.45498573708072554,0.25378260394254876,0.41225285260539474,0.43882617569939425,0.5384916293793761,0.4229215873766744,0.5522326404899761,0.4774529085097099,0.28284880487899106,0.49023892991251306,0.537810179880551,0.4234845136817585,0.5359397305549928,0.5769486655414744,0.530826632886716,0.5099352536704966,0.5151845479527859,0.4783036859600969,0.4337163933854656,0.46921459551358013,0.42350635114374785,0.3541375622084919,0.5531160375897026,0.46540343144440005,0.4643732614846304,0.46897953399448317,0.5109750223713203,0.4415321399793069,0.42230520918330383,0.4676350680425689,0.478523399394103,0.48421290320616855,0.503209580841477,0.5666824174937187,0.5665135930368954,0.5296039980379237,0.5258252782751388,0.348217441510392,0.32640624558331927,0.35241994376107477,0.22197156821274544,0.47868995000927117,0.15400223518777714,0.5318310952745735,0.5151602299329758,0.48648581354161907,0.2544339928558187,0.4860412747777009,0.9162576896958943,0.6159251374313421,0.42476689051299527,0.34085055173791473,0.35959470673737354,0.25418570609072383,0.5162401542103957,0.41489466152185256,0.45583106965901476,0.4553092703558695,0.5440188094707354,0.5174368662924343,0.36543891055136624,0.4688388011273036,0.20720638679311945,0.683370823611464,0.30476279221969765,0.6152383526848054,0.33458876697481194,0.4538549967885652,0.5078696330279665,0.29134697657367825,0.5164601396451501,0.3126499687490126,0.5181441620332157,0.8333621334575024,0.4578723561895385,0.47535352141446896,0.5053851133857151,0.459176651215624,0.8451682970175602,0.6395170433272034,0.5255463583935741,0.5460046505071746,0.4632128900422291,0.48715684032315315,0.5374141472961258,0.5195953054816481,0.6132667838264186,0.21575890645555285,0.5614254372119168,0.520123719962287,0.48406019470865863,0.270019596357844,0.3608067126290423,0.505904214430804,0.3299687601261888,0.5214909953871292,0.41764008940251424,0.5159277209187922,0.2865684016559819,0.32796270017527174,1.0,0.5188417519395412,0.38887917604546773,0.4809571460194797,0.19382648806263006,0.2645685129014745,0.4586938771996128,0.4853907349588749,0.3735931463302313,0.6353958017024474,0.5407360229495582,0.31774319604140955,0.5604209671361098,0.1687241778071538,0.5187712173625725,0.16948881309884586,0.464999709504265,0.5185995878079751,0.2605396997436587,0.4426908750935889,0.5175536042015687,0.5757059548199156,0.4991961204365699,0.5899744805324066,0.5249519943537899,0.5851583626322948,0.5827160215656265,0.5452942008373164,0.457592619391192,0.5097237965228518,0.5819281304554896,0.4307568457330842,0.5881414876804858,0.5124423901182953,0.4553350572848778,0.47746272696042064,0.49546097336150097,0.48894572978853323,0.49782923786968375,0.40389945761694923,0.22713822494896005,0.3399207565377285,0.4909724029733511,0.5009301400450754,0.16125108272988944,0.3271745998960064,0.2714727023157108,0.5095573690920101,0.48995551824594213,0.2901529833000675,0.5039509189212633,0.5838617658786502,0.6645169828360223,0.42211369480293937
TDIV,0.6500489844225917,0.6909490313941716,0.6047208296579802,0.7023381650951708,0.7888852327220676,0.7067947176254534,0.7133584597553491,0.6725392821952062,0.7065279826801462,0.8796640276256504,0.7079285610870135,0.6914780944169766,0.6587375484066913,0.5706378465652889,0.6873009853260812,0.2109868545632399,0.19604004784832935,0.17404712499453437,0.8234234378114004,0.7425169053751566,0.7862991022097682,0.5253307430240619,0.7282925259363032,0.9015057417423021,0.5228288067326996,0.1956988914149971,0.44872490879207166,0.44997936736450056,0.645094300796358,0.5268491007459541,0.7699576602184417,0.6269686183281418,0.3844683690832995,0.6456612002488754,0.730970138584548,0.5498247369421975,0.7281069722319193,0.6935143257363594,0.9010154183501933,0.6887658106034662,0.6568207502515512,0.6601807638657771,0.4315025452753778,0.6003995907111325,0.5413147084411145,0.47116671348660794,0.7792360375865461,0.5468915693199967,0.6286740571953366,0.6097343227456116,0.7426010884379965,0.5746226969127933,0.49507203988274623,0.604370966286708,0.5387228548217465,0.7623675793991627,0.7012886735011219,0.7682483384823909,0.7031396140972942,0.6321479392296561,0.6983354867527058,0.6283287917644137,0.32694022399697187,0.3561950222530696,0.1637841457126289,0.5613219850132491,0.07379211897885621,0.7265539432318872,0.8924423576807623,0.7428940230514135,0.2501641375691538,0.5752669672884482,0.5665956073501465,0.7529003306569969,0.7573918077257725,0.5577636570468076,0.5225939096378718,0.33257238367903985,0.9182643240624908,0.7334018018558701,0.8307946391665704,0.6125695403710218,0.897190361154712,0.8900512479721465,0.5559846522401735,0.7409472222932744,0.4426050804212509,0.820153815159635,0.39624930325353397,0.5569605466706802,0.347930032259442,0.400925193922145,0.8971159988195226,0.38961377443168227,0.792628318119312,0.4173909797538446,0.7590934914073612,0.6627924453323973,0.5295072230210163,0.6872374135975132,0.5930590189114606,0.7467492395037207,0.7221583231545887,0.8477073142466285,0.9047338025956374,0.9043539598025587,0.8021358772690437,0.5606682269033905,0.8092288693264534,0.7390447599890247,0.8019997444547232,0.1537849513970464,0.6969192641750275,0.5930208152306133,0.6776985098161102,0.2699911411394482,0.3676780263390362,0.8898602004505791,0.45696698668651287,0.8992295285585346,0.5713462181470873,0.8977528587387955,0.274071176194515,0.33426185177313794,0.5188417519395412,1.0,0.4901259642171122,0.8631569964993299,0.24236578153016375,0.37877185432567595,0.5410202697169483,0.657700808124629,0.685899889676503,0.8284463532895131,0.7502119650383348,0.33516999738367215,0.7474459417917675,0.07886800344590147,0.6831441638556599,0.08490009162928235,0.8336280452755349,0.7087936199580096,0.1962367727362393,0.5350361573568541,0.5516204666136421,0.8279738156333168,0.7261190204003737,0.8489711592091999,0.7206929752113814,0.7570686038316247,0.8864122203077772,0.8987866616371938,0.7550262725301761,0.8757241652763614,0.6802800585819397,0.5065434235472481,0.7559524701327681,0.6551224416165156,0.6388246254583364,0.6496204307357113,0.5425417281310851,0.6107909830725388,0.6724161784883878,0.7015882638670291,0.3151021318205783,0.6462953131315746,0.7562782087803426,0.9256132969454143,0.3037009906540871,0.32925565684348107,0.45203538378415836,0.7491717879146721,0.610854883963512,0.3766527043132058,0.6369928190478449,0.7033250317271071,0.8797228980039489,0.7677212413923112
THD,0.4605476193610264,0.4009928111200961,0.3946263777128113,0.4147942534110613,0.4732638797619903,0.3994396634529333,0.6256782156748683,0.616336315099691,0.6570313101654616,0.5124411512948421,0.422939046240325,0.535895980448252,0.5306770742535687,0.3976892860396812,0.3944755108967577,0.24638743738030092,0.25625486004885206,0.20696067572187232,0.5451984718587775,0.37124509753632545,0.47728824867196656,0.36519272981137124,0.46144234400991024,0.5101275596494856,0.5839850581438566,0.25423747672890495,0.5688160634664922,0.44089917827232955,0.6582345337179162,0.5420808754294808,0.6063959807794367,0.594727010344912,0.4740007497641574,0.406633359407401,0.639022990015333,0.522239787406215,0.6195799190609507,0.6493741010473023,0.5137132913279188,0.6075321929682366,0.5447791168350342,0.5630773135067674,0.49170949951503207,0.5450393528530888,0.5098425984314421,0.5467892069587078,0.56445552405902,0.502476756389043,0.5566365122002774,0.5668290510339934,0.5725854362294471,0.547763538882412,0.47232765674052163,0.5323977552511076,0.5978493042085747,0.4138911843589802,0.5786072660963558,0.4712870789547116,0.6442180752078422,0.6416393950852141,0.6286335874665963,0.3884876179854685,0.4587633115926439,0.47597016688281235,0.3711885969010978,0.5218494800947754,0.19069330593649209,0.6188470670496957,0.5044120464850181,0.5175314708262247,0.249857006570771,0.39044619550703114,0.438320767518857,0.4793479772799166,0.37715562475956516,0.3656929146496088,0.4619988412501626,0.26084260960863553,0.5029434306752211,0.4557830918508431,0.48827559926086933,0.4333446702953047,0.5012937293981624,0.5007490092628925,0.30304799924770176,0.43406866711187864,0.23471821480937935,0.5031643940565291,0.3054283005831699,0.49379211903308634,0.3285894463652467,0.45200884535524144,0.5079541098134959,0.25349014170283546,0.4736330328354451,0.3089489417754119,0.4423816278850158,0.4281333443662699,0.35770158542884944,0.4029629193696267,0.5676074496787876,0.4352605776457726,0.44886690475790597,0.5122427171764408,0.48690644193297866,0.47309305905304216,0.4914313463293181,0.3809616958545881,0.4889872546099665,0.458648692223096,0.482251589830909,0.19333551939164026,0.608286385987223,0.5398603827826691,0.472625976570529,0.38229062833702104,0.46261906220815435,0.4645595415461481,0.4129298956849987,0.5163532045836985,0.38231990475108224,0.5087373002384179,0.30171641107667463,0.3215260706360306,0.38887917604546773,0.4901259642171122,1.0,0.47227892958895773,0.21810722817843967,0.3635734291696029,0.4178941760930138,0.44793119856934477,0.3962736210687156,0.4928560529019242,0.45753395331515134,0.3115633000100143,0.636636019672257,0.18632332188818956,0.5898648784290169,0.16871763378180563,0.47635320033620476,0.5872440625494147,0.26492196955716135,0.37915019134401007,0.5577845174752849,0.4931157770909989,0.4509317214919096,0.4900586286925798,0.6184549246650909,0.6569193376892825,0.5958981167156373,0.5186938225903339,0.459520019111135,0.48483747499537133,0.6550258427080008,0.44444762835284,0.6640878563561732,0.6295190058145976,0.3319779629318154,0.40920792633041797,0.36103981991381107,0.37865538891680495,0.4916809844643096,0.39915004406705856,0.22290669875674893,0.3687993032254407,0.4490895996345407,0.47524910973938067,0.2503369081666587,0.26175738401082754,0.31619045933569495,0.4480870042344235,0.461191518114647,0.2281111971577743,0.37789244049424575,0.6456836800057876,0.5608425492304715,0.48259058110496433
TMFC,0.691027040889338,0.8050766261552733,0.6403212607676366,0.7902764415634709,0.8155408746564717,0.8155337428962512,0.7065269492936967,0.6582051876205314,0.6475829400780846,0.9087010619782689,0.6696976113138761,0.6903546599365845,0.6541710366345513,0.6195012587444454,0.7287630620590281,0.22193666129735765,0.2096981252023945,0.18740848785080844,0.8553535138080322,0.7772021557476163,0.8241812400912419,0.48896929987103394,0.7614024789509709,0.9606282665789694,0.49455268505923583,0.2047519886193763,0.4418518100007657,0.4410430032149539,0.5957101656117598,0.5584913673188913,0.7782776155399228,0.6184443095608217,0.37969944600445094,0.6824736554541335,0.6578642946869144,0.5466975875736054,0.7292012424400411,0.642521711693694,0.9638145712787279,0.6795736643330191,0.665343074963621,0.6736410141463847,0.39504787780483724,0.6179837690482216,0.5714306670438027,0.4669697597389332,0.760109222467492,0.5594278941626438,0.6363681767919903,0.6236146612562975,0.6624760914502816,0.5749074536993999,0.46986860714574874,0.5221053540451597,0.5069405235139626,0.9018140963491249,0.7037077613214803,0.742088351441681,0.69402132025861,0.5831857372585454,0.6685748230337604,0.6830800607331,0.27801017611838647,0.312556695088178,0.11702315854089171,0.5039519073311461,0.08435913357576835,0.7326715930742131,0.9539211113520204,0.7477199946606552,0.25679924190046444,0.6138042784786467,0.5305805754948346,0.7584699019797623,0.8377967137312251,0.6324450607398634,0.5414567569558502,0.2795037493734714,0.915550926584509,0.7690965587134576,0.8699067676508071,0.62022557737909,0.9117340210875967,0.9132094974399447,0.5503017883259856,0.7820280860162259,0.5003211965542546,0.8205975257728567,0.37237575195589084,0.5413029948364446,0.36503510493857544,0.40128496388027857,0.9755059971433611,0.378488578207332,0.8245770475089659,0.347642390735963,0.7249950804087619,0.6341447810003424,0.5527126346622732,0.697449734344493,0.5437301840857481,0.7538318590563493,0.6875780953760168,0.8601440499886942,0.9733105207402705,0.8991747468501077,0.8693901721856643,0.5679730049598589,0.8106593534331719,0.7444629720097414,0.7822408653267531,0.17075352497670612,0.7063519834410251,0.5807157024148925,0.7281403744159712,0.2271058459739028,0.32250609750784154,0.8157456821921785,0.4703382035763797,0.9612908871571976,0.5410264364642029,0.9651344354607918,0.2953194333347803,0.3526157239750905,0.4809571460194797,0.8631569964993299,0.47227892958895773,1.0,0.25843988748787416,0.3760823233548722,0.512317781710061,0.7078356875895117,0.7292128943344801,0.8395747981784383,0.7278319679670501,0.35070065380606275,0.7361714499938229,0.08651626542736486,0.6904783779236178,0.09080138751529211,0.8421273427183743,0.7357223552032515,0.20904644495028674,0.5557828369631359,0.5511932802796348,0.845119135605597,0.7088330382556413,0.8907907129111099,0.6814974961046651,0.7386377458845012,0.9176710673401871,0.9558474014113038,0.7284121062532395,0.988001005533248,0.6493800424022944,0.5468440101158939,0.7379930274072143,0.6395016399210338,0.7339821411332208,0.6514997688944391,0.5836426163737468,0.6089812497293268,0.6541315040109708,0.8501017315197811,0.26299812174641707,0.704156268194521,0.7383196829927012,0.9261960950834314,0.3613657451372219,0.32263241584992186,0.506440477718227,0.8825584214086133,0.548633272808864,0.328345008876409,0.6681504339068035,0.6577026875613096,0.8909503082454107,0.8277137290697621
TUR,0.21150009115033294,0.22216138229266738,0.16240522370009333,0.20237213261058878,0.24220545601845056,0.21748301703675205,0.29253453274087626,0.2862462835042338,0.28363426518674534,0.2755033272839797,0.24546397155327543,0.2518950998069236,0.22904343240294153,0.22269416168592845,0.2187177690800716,0.028709710347779735,0.033343927311028684,0.024528088592280048,0.2602426490029202,0.1669865296299003,0.26171885416616414,0.21446222353815175,0.24612566741713635,0.2679789601527092,0.2716083039957837,0.01966684836721294,0.22424964608795125,0.2035394857646788,0.2724323146834416,0.22112651195887442,0.2730533105145002,0.2778553187322457,0.22326247167373828,0.2441068675131758,0.2962860156359737,0.2872925910360984,0.28693030500938244,0.265141836593057,0.27182252464484097,0.24692911276204074,0.25611190970378145,0.2785477725799697,0.18213654586502612,0.26188118924135223,0.2232505260894551,0.20929404953428707,0.2723394038166134,0.23242185181369276,0.2751786001956585,0.2139988648731561,0.23095901664457893,0.26759833692132384,0.20259465209430585,0.2125747275260183,0.23440388771054987,0.21912468598022983,0.2815994847775902,0.2539239543888098,0.29344617396613076,0.2978355396774185,0.2855785980156632,0.20775741929077796,0.14164907599200766,0.16662387156384065,0.08606105548195397,0.23102936099319038,-0.018126249169026158,0.28653782112478526,0.269639558965486,0.27772479000901096,0.0366615560516502,0.17648086713732822,0.20915524824915113,0.24648056979287444,0.18320175202550834,0.15967889750307726,0.25827481390006096,0.1111725894215246,0.24200511825903462,0.24299534415521148,0.2359605633656442,0.23273382893075314,0.25346342188920357,0.2566067719890774,0.21315209117919048,0.23861881201935675,0.1513892236749911,0.2525243543836338,0.2371200205042408,0.20783072412213752,0.08162972410539046,0.1459702428377261,0.27111540835963743,0.11762432064620806,0.24618847830406612,0.15202829027839676,0.23924577838993946,0.2225851580258701,0.16798189366077537,0.22358953184781613,0.26126341421567506,0.23566878161374066,0.23161840920598611,0.2438815839813244,0.25144103658317174,0.23015645410886196,0.24164856030003332,0.21170886760919852,0.2563064066515241,0.22716495678741033,0.2510078847517054,0.0074512728935850776,0.2876187049257612,0.2643203083767248,0.21233191426028206,0.15410136326181997,0.17746518408777145,0.22652279602789357,0.21923903537234085,0.27151587386418957,0.21808584777232268,0.2693648293190139,0.06783279245721194,0.06560353385146783,0.19382648806263006,0.24236578153016375,0.21810722817843967,0.25843988748787416,1.0,0.24144640745115437,0.19982631736059422,0.1979425492121306,0.19575544058790106,0.24125239521929895,0.2527720600957849,0.07237346964962461,0.29213084947912626,-0.0036780217666510036,0.288919097233449,-0.015344835649053291,0.25414711516269106,0.2595215928708213,0.04690931875486024,0.1891653583001297,0.248791535772987,0.25065029507534564,0.24292767969955745,0.23567177141547252,0.25517120531569537,0.29735927243343796,0.2973823419226217,0.2737482270223559,0.2544368593941376,0.2504056872355853,0.2843519260110521,0.19652998015298068,0.30192798975049473,0.29626871116467784,0.15679815890831394,0.19422837983704141,0.14655314201447622,0.1989846191219495,0.23981114607392778,0.21538388043993903,0.10064534813410916,0.23728288343462484,0.24354521274867005,0.2342200046956479,0.15447647001103548,0.12096027405743506,0.151367750923942,0.2462803609155209,0.24778853072364956,0.10827497262083878,0.21635978569241576,0.2694465289417919,0.2604636115517447,0.24901028884908855
UAE,0.3091447143791184,0.330095110152343,0.29629951504454627,0.3299170133091383,0.38214441767065677,0.32151771026834514,0.4096460804827125,0.4044169187104111,0.43515952410572495,0.41075655851713827,0.34639807856131644,0.36030362476124433,0.3701751499357196,0.3119033058656691,0.34872465013366,0.08010463519901555,0.08562698491658484,0.10224056142807983,0.3816189195357357,0.2691117649333771,0.39469846464713065,0.26014035699537774,0.3640936859620559,0.39482841483798925,0.33093382701934243,0.0800264740780077,0.28505767197631005,0.3282449795074895,0.4865293938975506,0.31980609041207475,0.4117720978478538,0.3881205929014646,0.31404455785791063,0.3677394071987267,0.46879472221650453,0.3538665884536449,0.4163869961070244,0.43050595146000037,0.4072660554333107,0.3945814033272801,0.3485008363081287,0.3708419177810216,0.24651032785360183,0.3738293377339748,0.34056907671138675,0.36777612336360854,0.3847926283340651,0.3479404592147187,0.35871980724975594,0.35499598771931823,0.380947292587845,0.35984059290776405,0.2938413584676731,0.38693097715137637,0.37292066498195897,0.32332876263356886,0.3875280940625535,0.3814141262738013,0.41484913210134367,0.37940719286587893,0.40650641089464373,0.2918806481489384,0.23650295584400385,0.2567792083552762,0.1443050073015535,0.2943481966446035,0.04107232362432531,0.4145425552698557,0.4046921120187442,0.41215771829452424,0.10054022149280295,0.2876913154328778,0.29449794757588743,0.38454263621483714,0.2846484033641522,0.2660341144108186,0.3758743243719838,0.12534096101003347,0.3890327195535429,0.3586332311470116,0.4001501772384626,0.3730248620477315,0.4022253654546519,0.382817058755655,0.3106164050538537,0.36630115247316586,0.24544475614762662,0.39912787930550936,0.45187422129525817,0.2917197409344666,0.15717510660211517,0.23279979218337502,0.40748177743377084,0.16774506536171654,0.3572909673939159,0.21225250831987158,0.36194824539121073,0.31522880564378764,0.25791572219630454,0.3107544158029244,0.36777618221305036,0.35642373588750775,0.33650978794032627,0.3778650501261545,0.3862830964203374,0.36228044773488655,0.37399884215431567,0.29954306922546026,0.3741776430983749,0.3764067002779817,0.39446281031262515,0.056418108393247395,0.3999377203112449,0.3459119905548802,0.3291306731724842,0.21125916024824085,0.25743871395546064,0.3513337810826704,0.34987430667541736,0.4084724575517241,0.278176683389203,0.40742617223812444,0.14749767699072486,0.1551252929206214,0.2645685129014745,0.37877185432567595,0.3635734291696029,0.3760823233548722,0.24144640745115437,1.0,0.31720345814530154,0.3056909417084847,0.28948693432623235,0.38310669582163337,0.37267381958930434,0.1450510399666243,0.428671549553043,0.032448707240713255,0.39067258642770947,0.022431063898432392,0.3707286641095208,0.3905580186573315,0.0852208109910707,0.24867495408108717,0.3774847391901568,0.37586305974379186,0.3483894875169356,0.37670564639415294,0.42522736117245674,0.4479887893800263,0.4437265613187252,0.41106390976273793,0.36252030115859324,0.38325065665891955,0.42659248474099154,0.23787969583587426,0.4446746899993586,0.4133868843809793,0.23737847302472287,0.3586573088326124,0.27314892506728466,0.2919253004605515,0.3418601131502512,0.3083233680394729,0.1265904601153807,0.3473605180560203,0.37027125446490833,0.3762079570830895,0.175703062774441,0.16415455605887472,0.22122241988327657,0.3589759443531446,0.3138889206791197,0.11444181520749475,0.2856010624475054,0.41914660565496936,0.3882407096026021,0.38087486934307435
URA,0.41835748099499875,0.5221996617850363,0.4565711522826913,0.5274275017498399,0.6330937195547635,0.5195176973540094,0.5865256891838379,0.5990229197352746,0.5847575281744346,0.5595964122614037,0.4623406396387583,0.6161867385794705,0.5210169815658519,0.3776099210963334,0.5526017335732006,0.09470028644794834,0.11442036200643366,0.10006060148077517,0.6001981858680673,0.44601058089077833,0.48753220728735885,0.32925327576370245,0.4661680749573652,0.5480671125711004,0.46600314783838387,0.11658569438626412,0.3866753449554336,0.44114001546586534,0.5438165177970172,0.42096459790894536,0.5650033009588475,0.5102938312326376,0.2964020376396258,0.4531557792549483,0.5932741170996144,0.42186428438951845,0.5585428157891981,0.563944575491501,0.5508749803277732,0.5675305744722924,0.49430944092076506,0.4753127647615828,0.3515499080450259,0.4610080749761635,0.3928466848565696,0.3711329855229654,0.5326826953071994,0.4316700114494257,0.45753034865378744,0.4780180233841604,0.5350573296477092,0.49108244803021417,0.44792705688239853,0.5218280628233684,0.533071454430187,0.47223856147035714,0.4958120912280285,0.48723015363684596,0.587486975515057,0.5263724196831663,0.566900422110662,0.3243992623731476,0.5144696031027165,0.5487254113951688,0.39077366507067945,0.563847687007481,0.02044025575490023,0.5602585048756947,0.5374845439789573,0.5125050257747833,0.15318983730263622,0.3829109607359202,0.5401393876270436,0.6174839876257878,0.44912841437609513,0.3237826300643483,0.3734335975603945,0.34745800417155265,0.5644345114270753,0.4169362042263237,0.5239180571647807,0.3893664053316784,0.5873015942354222,0.5142046650820778,0.3054364340337636,0.4710851991130231,0.2353966423789275,0.6209023926958238,0.32062203800929706,0.5030186711029343,0.19902497336315222,0.34381156101677396,0.5463738654625929,0.346869881787679,0.4305506166781629,0.405624679169636,0.5272672108096415,0.5947966050390631,0.3731462076897198,0.37210896316958697,0.6171244057554435,0.4461140534170639,0.5708018155367597,0.567235480312662,0.5415738256884385,0.5372265036631366,0.4888009854772549,0.36414768196568237,0.4826838665242023,0.5021961211284469,0.5466297945675123,0.14591127472445403,0.5572226613008655,0.47706347947284494,0.43011690866953756,0.4266198917147866,0.5463374456181934,0.5373099453743896,0.3606408101649127,0.5459419587341772,0.3101009957797271,0.5395549726443868,0.1847139522070922,0.1929575883844677,0.4586938771996128,0.5410202697169483,0.4178941760930138,0.512317781710061,0.19982631736059422,0.31720345814530154,1.0,0.418373430762058,0.36955638720750444,0.5852626597992377,0.4737776487703259,0.1846685047650328,0.5941375270801713,0.05517057585550716,0.5139677437370813,0.010279697710559971,0.46885089948102115,0.5261006982726234,0.13181680193669196,0.29043436246093357,0.44815280206321284,0.5325099833649425,0.43939092513618316,0.5714573534815108,0.5918722650497449,0.5939222909163938,0.6029196788314349,0.5599292055506907,0.46693954855078246,0.5347658227906776,0.5493624779253788,0.33008647739218816,0.604326818611724,0.5442446366908525,0.37427872155922826,0.5872090146406729,0.40568322779855714,0.3394793916080486,0.4852935806610313,0.4009001544925155,0.30741556749016685,0.38866570225339037,0.5090219690406617,0.5485889559081185,0.11733412206597747,0.26264697700109857,0.22555460332425545,0.44916178606198875,0.6998204322691353,0.34081959862115063,0.37003387074008204,0.5622932667004757,0.5862144210454745,0.4551190896379493
USHY,0.9626903359113043,0.6639206836437974,0.6134306430155269,0.662414902623717,0.6510815896530039,0.6523931194512979,0.6863420128170976,0.6503489875612106,0.5660074847476626,0.7514712647535853,0.6589804626120593,0.6457694826542658,0.5808877887226154,0.6979379449079703,0.573651132886252,0.556998290286405,0.5711485733862999,0.47132852617954873,0.6855610582230122,0.580040149360202,0.6969280253876438,0.6083422150187151,0.6501741966266368,0.7389958397246442,0.4923775218318881,0.5684517809255202,0.6257917292695778,0.4584362236730674,0.5449576046539601,0.630417660635843,0.6968035907738516,0.6386507242522225,0.3688721733735742,0.5620720578831623,0.5556301354447503,0.5394637308328947,0.6950016506894978,0.557795725946241,0.7516562460019826,0.6614119093789407,0.6353871452062602,0.6460328750317746,0.36758783847065646,0.6245915497606083,0.606289631240116,0.4208353522501018,0.6615155119458674,0.583946645641406,0.6365318865702331,0.5966086862267094,0.5143175670705448,0.5964383236169845,0.47430014081189825,0.4405393379888743,0.5217988844639725,0.6778589618417786,0.6664225518421409,0.7180971184813718,0.6937378656552171,0.5269429148477743,0.6584470774268708,0.6537893939187763,0.33362166327742265,0.36507382478530126,0.2145290740658909,0.5116092772114823,0.43096985123702497,0.701319529501673,0.7507042446482529,0.6185234792399033,0.5524408462403727,0.6093063297268997,0.5437397425918218,0.6369312933574373,0.6149336469529565,0.5962791524730048,0.4683870634058392,0.3173743270672174,0.6390950386002473,0.6662839171023459,0.6271985214047113,0.5625751065050731,0.7196185442421286,0.7498353016137684,0.5472747071630657,0.69484664999973,0.48988941483543885,0.7096835611567672,0.3464307250869036,0.4698483433331016,0.701418554754882,0.3772388654018158,0.7315192372880719,0.39894441974776673,0.7594126658399161,0.3384221182523929,0.6529008908946342,0.5794259095110423,0.7083600267061548,0.6963734235686089,0.5040878941478393,0.7120274315489131,0.6043386046523961,0.7436228926021978,0.6959370630418998,0.6663346857796991,0.6171188244925266,0.6780512986342079,0.7647575269042396,0.6379775685379804,0.7289031457943718,0.47091696651479287,0.701612460793,0.6412438714497108,0.9815709450615222,0.24403447502178433,0.3495597938023545,0.5719878878684046,0.4033292521313301,0.7471144704519163,0.6387395591843243,0.7443123294765364,0.6345932145715404,0.6931549772459387,0.4853907349588749,0.657700808124629,0.44793119856934477,0.7078356875895117,0.1979425492121306,0.3056909417084847,0.418373430762058,1.0,0.6668598526713765,0.7449870491794678,0.7160056434638274,0.6658633435062763,0.6959865304385147,0.4510692601080093,0.6789011644230045,0.42745700722711744,0.7248540825723927,0.6978699871814618,0.5547438680477649,0.6696305086285546,0.6260853728421824,0.7720372584679376,0.7207496828420028,0.7491987287196223,0.6146035758237438,0.6797778938054037,0.7652286415671448,0.7589007207168078,0.6884442693731322,0.7106665724334713,0.572627489879637,0.8019307460155607,0.6867818655473459,0.649687086934468,0.6027862442836172,0.5808966113882839,0.5813486420854156,0.6597802861170246,0.6326397993149535,0.6589107322276854,0.29391630609583164,0.6286841744982594,0.6625670172102807,0.6390558245376992,0.40977530731893186,0.43559417254445837,0.507521252609479,0.7048932545931967,0.5026756658816781,0.33407864555878647,0.648072669135872,0.5672981440249533,0.7434154098772174,0.6310746288305745
USMV,0.662915348815471,0.5704954335429097,0.5142925073147583,0.5439875673618825,0.5591003652654345,0.5419594736211805,0.6623841855380757,0.6093275511168736,0.47475043313464665,0.8084623810253105,0.6708167524256757,0.7062694193906663,0.5434885860520119,0.5478311452577538,0.49182911834523374,0.28978871976913667,0.2862622972071291,0.24995030652409117,0.6046074853820118,0.6280310985916493,0.864451250192132,0.7429987362845134,0.8716023036856779,0.7871383602016937,0.4535375437797056,0.28182818012292615,0.42963418562781,0.3858071301410029,0.47257102886627145,0.679701254671311,0.670857597095541,0.6342089118863713,0.33982946734404873,0.5203254417005376,0.47173120806058577,0.5050850165685687,0.6748427551521002,0.4593173877639653,0.8182823107366479,0.654480229819245,0.6050454906647766,0.6130579016856402,0.32688673620561537,0.5853610138076447,0.642410306579405,0.4416071529010451,0.5846481581470073,0.5553268258081455,0.6037150561021956,0.5552937135608726,0.4288391744233078,0.6388190061086845,0.447547946530254,0.3385643447037558,0.44988912954261245,0.6411075732146612,0.621879650845551,0.7298426995778976,0.6440173787077359,0.4770855583116562,0.6340506493039085,0.9420910363418066,0.31378737295206893,0.32553455983464974,0.13794594372919297,0.5421614304799358,0.17761857105952167,0.695531278780011,0.8383991187295541,0.6674645712458815,0.28770760557730374,0.6694219242657683,0.43939059672868713,0.5410913762217121,0.6398465585045628,0.7394386334731928,0.48757215865955017,0.37971931576210194,0.6028142482190503,0.9032400008169525,0.6235449819421811,0.5187254521960075,0.77545886904814,0.8742055245566377,0.5705850058164503,0.7235831883203108,0.7454040013747314,0.6494438090759396,0.3447726478952717,0.39702054669729303,0.4111116196476027,0.29253555697721334,0.7934922364411487,0.4563860594916026,0.8255282370731714,0.36367641033394227,0.6915649861253126,0.44251583550464213,0.5333084883370395,0.8059295898799232,0.47103966063992353,0.8215461546663015,0.4780161095585756,0.7317696256364316,0.6836985022414588,0.614744280073852,0.6695143126130109,0.622909817901675,0.8805250681704013,0.680110577474328,0.7127314183951242,0.25948137745368066,0.6490540956013419,0.6002317549905837,0.6732448078783169,0.19309680961951706,0.3178115215348672,0.4820266998410056,0.42013869997939784,0.8180422715365441,0.7862973627728789,0.8172898509355145,0.3557692589205746,0.40403584135694626,0.3735931463302313,0.685899889676503,0.3962736210687156,0.7292128943344801,0.19575544058790106,0.28948693432623235,0.36955638720750444,0.6668598526713765,1.0,0.7157669909024643,0.7610194356275828,0.3944450680442236,0.6678138485593378,0.17930113988166055,0.6613059962192597,0.17533648084932105,0.9179410880714043,0.7354378316800713,0.28127586273704475,0.7552573557726864,0.579025476501463,0.8512511325551241,0.8621796294792685,0.7675913554946787,0.5583462033716166,0.625051603753682,0.7876579366523715,0.8168034998058846,0.8879026494607059,0.7039461779850034,0.4939549919041949,0.5354877386279531,0.6434505945618703,0.6458690397250304,0.5759077032193345,0.6074854484914668,0.5519019867086734,0.6192137620955859,0.7444631732551832,0.6806902198148571,0.37232420753530826,0.7766228259045208,0.7629316607229923,0.6279781647920628,0.7363147608127041,0.6334676851110211,0.791210418705954,0.6804330911394506,0.49156487176639596,0.36919905603910047,0.6375250600499917,0.4670446044014239,0.7039696368907264,0.7401857079872483
VBK,0.7341214643980791,0.8535453145748406,0.8171313072733081,0.8741918369442807,0.887358262794626,0.8500402215011899,0.7555481845509637,0.7229934981554578,0.6984142090796138,0.9229729269059955,0.844521862899383,0.7563047886942952,0.6741781711467686,0.6248316779174421,0.7882161114019208,0.2823854973034331,0.2663566935675673,0.22223374570729695,0.8660366132806537,0.7725986680383996,0.8225509296877,0.627342751613296,0.7542266031218813,0.8856813672356499,0.5383687963373599,0.2668105011116845,0.4907061043509153,0.5059817805688316,0.6507072901242817,0.5902791467120071,0.7963445546918108,0.6661441454727953,0.3940518823525298,0.6948040528449965,0.7024992016121836,0.5718449840046402,0.7608912907809644,0.6915259342250731,0.9003452389610571,0.7225005679354815,0.7047877045053776,0.6858396161740967,0.4447769075284488,0.6440713476921172,0.6034292687028909,0.47341166925543443,0.7673287867781544,0.5937856703580804,0.6635006129693416,0.664366501161052,0.6703679834330647,0.6144036904900445,0.5294076450937554,0.5791413107842789,0.5663666851840435,0.8396107150886915,0.7170813743725838,0.9154133363928562,0.7549777278679262,0.6192844064551003,0.721367017052552,0.6898953456568007,0.3616523988386148,0.3999215525440335,0.1815444599801502,0.6017517700576085,0.13929092652343603,0.7655478667821248,0.898285064411567,0.7623349077175801,0.29041099243418106,0.7451195939019839,0.6723252011533335,0.8697594027394379,0.7790469430203925,0.6623732398087685,0.5303110973451469,0.35445266903188233,0.815090339299341,0.7558898864734402,0.7712934911713495,0.7229848341410895,0.9229833450853675,0.8991541937072206,0.6874044434497982,0.8544739320944851,0.5507841750117882,0.9575481259406485,0.3991017923279062,0.631471415802094,0.42144912555333225,0.440055752192965,0.8714151699330753,0.4379605511182045,0.856591876346577,0.46707229798066835,0.8570527894410802,0.8113004302695117,0.6309975750008198,0.8064245540304912,0.624567024378744,0.8386286230063836,0.8283783129794279,0.9613291584885694,0.8570983344105845,0.867704879657509,0.7797006043890927,0.6775630886238617,0.8942465672904902,0.8465561690459644,0.9646349745248084,0.21391504733173633,0.7554504120666345,0.6761016193605807,0.7615882714927796,0.2762295980737789,0.41146039171355897,0.7681711652043519,0.4686023895670404,0.8887682979797688,0.6627186595937411,0.8859638066558025,0.33614996099702216,0.4075704258747825,0.6353958017024474,0.8284463532895131,0.4928560529019242,0.8395747981784383,0.24125239521929895,0.38310669582163337,0.5852626597992377,0.7449870491794678,0.7157669909024643,1.0,0.891370610179073,0.4071460154145881,0.7790033645426773,0.13698133168112628,0.7215136439183357,0.1551241433510842,0.8334914225685062,0.7617467780693108,0.2657819556560818,0.6743990342961341,0.6403748015872307,0.9394164452801914,0.8273337008185183,0.9567653969901792,0.7294859919061883,0.7791922304566224,0.9065319525192997,0.918536409654988,0.797252398173272,0.8594308063811908,0.6869833773058124,0.58950713689429,0.782598808112442,0.688790182501261,0.7785299954761136,0.7820984868147598,0.7463918640897711,0.7679791734532821,0.7573399773176802,0.7308027095253014,0.3451692500999184,0.722566999912017,0.8325975951697787,0.8181254839541385,0.3382075198425073,0.3830600744131304,0.5353711845155085,0.83216045737021,0.6889326263927394,0.42519814314365667,0.8105391813737935,0.7026527215285495,0.9212245915541697,0.7548308233415904
VBR,0.7038563191666005,0.6834020702604482,0.6664241189488169,0.6919828074313312,0.7328691309801633,0.6619746430847294,0.7682304287312746,0.7419066059773936,0.6131260700043719,0.9221982183030593,0.96702617119967,0.7937427008815348,0.639506124652511,0.6249825005917475,0.6496912292774961,0.25415544385141686,0.2309563715161815,0.18829211781507613,0.7402782879491111,0.6209749522018122,0.871320409052207,0.8157675742139888,0.8342139627752697,0.8171238512284835,0.5536606534221702,0.2343438948183902,0.47480378157650444,0.5166165558718518,0.5672656030789727,0.6212398878442057,0.7341812265825044,0.733397800262428,0.3824733387511423,0.6214143687763868,0.6138979776554981,0.5960885285033807,0.7553392385233119,0.5999451976197998,0.844363403962392,0.7339130218386992,0.6919485026872823,0.684010017708434,0.4379217398260201,0.6765618412090608,0.6232904961704215,0.4738574179706952,0.7008006016154749,0.6266444604836049,0.6888697022746889,0.6228186492705317,0.5737598029784164,0.6837679553959529,0.5351883529047103,0.4641757012630564,0.5451812580999088,0.6818053034763687,0.7135643667334859,0.9852733649486305,0.7585048128178523,0.600868572776697,0.7525810249245318,0.7932951035648012,0.3049083133176657,0.3394263817442876,0.12735853215304724,0.6863295125029016,0.10976866152313615,0.7731601135181927,0.8577462941149093,0.7682766623571885,0.2736273974372083,0.6625393094579575,0.5619770765993573,0.7065808118762009,0.6120641459421872,0.6543696472388618,0.5194384612246781,0.48688262832996837,0.6629671348798196,0.8161493182329919,0.6679612038941273,0.7595543756194907,0.8341780754453463,0.8643877179426516,0.8607502478746274,0.8767571543301408,0.7217085501592696,0.8429573798713789,0.4214485606428574,0.5625986076156835,0.3897233173216693,0.38185948806882636,0.80267615557274,0.5368227964708278,0.8688751442512288,0.5721049402218868,0.906063996491993,0.6830979871359952,0.6393516989265581,0.867159118737512,0.6407050808922539,0.9342120015427215,0.6992244029058644,0.8463764275573264,0.7160313439581921,0.6991591640792554,0.6771887578227771,0.7704173558170198,0.9538137946470462,0.8392222554309795,0.9547545284222241,0.203066560674883,0.7512629308582945,0.7458325456846984,0.7351759983165953,0.21714664031752276,0.34959757243853795,0.6231321124488651,0.44726287595110303,0.8409296201763193,0.8629041498562258,0.8331713232152081,0.30420480797004484,0.37611593729965137,0.5407360229495582,0.7502119650383348,0.45753395331515134,0.7278319679670501,0.2527720600957849,0.37267381958930434,0.4737776487703259,0.7160056434638274,0.7610194356275828,0.891370610179073,1.0,0.3800495305663216,0.7638990091325958,0.09840161123051536,0.7334088151186173,0.12944965442121703,0.8721659203400056,0.7487976356729831,0.23534856793107226,0.7598436837855467,0.6641139981120575,0.9349101422433825,0.9478863130850421,0.8450443877585446,0.672373168044202,0.7320061359696756,0.8614874958586428,0.8684816534341979,0.9066396019141656,0.723208796291293,0.6210610311439304,0.5701152162185067,0.7518072882893693,0.7453143694433508,0.6205211433565432,0.729199556159413,0.6122514974282877,0.822499526891827,0.8525654363715249,0.6766920330278806,0.48431215378304704,0.8406916676210412,0.8793512966293053,0.6676840015885153,0.4836966990623363,0.47383048495024155,0.5929224333165393,0.7786654423971716,0.6920403621290063,0.5308493738597906,0.8405784546111741,0.6040390027251514,0.8021115564706736,0.732797840846309
VCLT,0.6971221170902129,0.3351556342418596,0.38240953580820364,0.35552570469720884,0.33455051655237916,0.3203227149059798,0.3991017606521587,0.36962249680030174,0.3227621919000734,0.36843261464469357,0.31171406640346583,0.35190908942756977,0.35829983597035714,0.3336252527159623,0.26929962803589136,0.9662697809079956,0.9153058737205495,0.7335919714582005,0.3680651695860502,0.29842552859499294,0.37020327317533946,0.36624860329168724,0.341390350931249,0.3823303396315443,0.29593416354100455,0.909873043429324,0.5973048095386948,0.28212545484980794,0.33668906991490455,0.4575899928121643,0.4276680338425804,0.3672850365410372,0.2278907075720523,0.30240352401912074,0.32478517470984825,0.31720303451810394,0.41788110614073726,0.31886858146092545,0.38813334472244626,0.40548972414633844,0.36285203403696437,0.378351369222667,0.21398917235529716,0.3410755937007507,0.4298869706533841,0.28980408654182177,0.35521489299291203,0.3610795330227015,0.3717684147906392,0.35491338796608685,0.2995798538834377,0.35102471551201014,0.3163795381808622,0.2769529118593903,0.34114509451794117,0.3372264981596844,0.37695531154518985,0.38669970259238845,0.433814582262973,0.3004397530940027,0.3808289485626963,0.378782068303254,0.28263761660081044,0.2899598249982809,0.2315652872203046,0.2298466852952543,0.8233338626047042,0.416565219936348,0.3863058743195662,0.2903958962838536,0.6454521122080227,0.3891482639538925,0.36313302672034314,0.33089103549804255,0.3140128704282029,0.35893497934701374,0.24093658556193895,0.05207008665115309,0.3189770301808369,0.36316425370792116,0.30169520627288327,0.2924793759412696,0.3583408074180215,0.40330172339660114,0.23939217296980222,0.3561370563397698,0.20733493917064863,0.38128349080177365,0.16671065919762146,0.253840955504361,0.9837622325300562,0.19485284284531448,0.36676097292605175,0.13395457278197173,0.43807053079523695,0.05495364459089265,0.33333464333325813,0.3249391991838959,0.571390769330304,0.43518584938124766,0.2622447775556447,0.35573812973738717,0.33469125416969425,0.3928587973819708,0.3478397651393002,0.3285885640191053,0.2898449876273632,0.47170500364662554,0.4179038522871329,0.3098668511297313,0.3900021301176788,0.7451353372738608,0.4296873934554604,0.3946710056724946,0.6454845618799921,0.18305310854086082,0.2613657002077137,0.26439481863322095,0.19739920593726654,0.3822410789636985,0.3852135516325994,0.38214469512142485,0.786331040530218,0.9739562350488468,0.31774319604140955,0.33516999738367215,0.3115633000100143,0.35070065380606275,0.07237346964962461,0.1450510399666243,0.1846685047650328,0.6658633435062763,0.3944450680442236,0.4071460154145881,0.3800495305663216,1.0,0.41606448262174184,0.7863914025298673,0.4018474770320445,0.8983651494378694,0.39805344291746664,0.441047772739265,0.8405721095556177,0.4885601246934011,0.4585671846291398,0.4137589115798761,0.394022722859544,0.393102443266642,0.38130903743308403,0.40731186229971383,0.41060227460679455,0.3890217990483046,0.3596895662877378,0.35524443423003016,0.3155701300825063,0.7831806899542973,0.40318292962433394,0.3778642960814323,0.32193516536552585,0.2996704290627513,0.3467056948733619,0.4784608901957787,0.36279502113723366,0.33578166470608917,0.033237703879774705,0.2808792008707973,0.33182528121932364,0.3100497959544635,0.29037602883471103,0.3692039949307178,0.3243659590586535,0.37353355618138134,0.23707260805824096,0.05275614891297222,0.35011926942590904,0.31948832115817605,0.4122374561465136,0.2895126942416955
VEA,0.6896329964029702,0.649775366824696,0.595367004643857,0.6416687610089497,0.7150373634128017,0.6296490757871552,0.9854732534997489,0.9445854170860608,0.8477180332606715,0.8241076246675468,0.7098094499621888,0.8377216911022479,0.8555297863996193,0.6088188828489731,0.642879378560332,0.30236104660185875,0.3089089484486157,0.25905194620396343,0.8261102446518723,0.5747927425285627,0.7748537995825967,0.6166088266897316,0.7459048871372582,0.7967593327699455,0.7314045192204811,0.307378677299909,0.7088269522540406,0.6206482123069623,0.8238745440432811,0.8646631979467346,0.9680908288002197,0.9494079731084067,0.48803015523000864,0.6603799537301572,0.8483732963647954,0.7618157824654412,0.9895250661751975,0.8342365107845692,0.8085782596808697,0.8788517974264258,0.8844618976906001,0.9071281636465419,0.5827868915298827,0.8846251629575004,0.831582128389672,0.6015665689084154,0.8995798348315515,0.8398646761467248,0.903271381689644,0.7780654132923163,0.7532949992184148,0.8836547913527598,0.6526692351804471,0.7248399965458817,0.741175305539111,0.6425975004556005,0.9352001066861656,0.7696922476125434,0.9668683056126587,0.8004445266539968,0.9780935829817786,0.6591608326397516,0.5262348328916642,0.556093295472599,0.3584346954567142,0.7480238741612792,0.19096048825534062,0.9836578842861066,0.8031689129516503,0.8886754645478396,0.3363677364979364,0.6107833723622624,0.6462750229024934,0.7326581083012148,0.5741421269006807,0.5836834619031553,0.6317014716663305,0.40340825919937806,0.7600133374220435,0.7223614262456873,0.7097066743431154,0.659586687380708,0.8049535413110467,0.8055416104560227,0.5739368116244352,0.7245572827242841,0.5072129741359451,0.7850886882568296,0.45188484966528647,0.6584986291301754,0.44007464308764804,0.5401491983499532,0.7927096279365953,0.4010976836883905,0.746739863308085,0.45275377281339246,0.751173535037455,0.6429503583262246,0.5931671412394957,0.7019111462722818,0.7904198803633358,0.7386404103654484,0.6754905923951743,0.7911404386529108,0.7519303206875876,0.7285450745778179,0.7019120552542433,0.6424724382124936,0.8034036716292839,0.7168847250725549,0.7857061901239666,0.24255898334646547,0.9608485804475527,0.7862258176040715,0.7157610615477698,0.4249435687544721,0.5435561903751182,0.7012717093887341,0.5416921285124505,0.8073392419277697,0.6493440944108222,0.8023794525552503,0.39469162474778274,0.4269308260682347,0.5604209671361098,0.7474459417917675,0.636636019672257,0.7361714499938229,0.29213084947912626,0.428671549553043,0.5941375270801713,0.6959865304385147,0.6678138485593378,0.7790033645426773,0.7638990091325958,0.41606448262174184,1.0,0.1952700252752159,0.9602988539674501,0.1803787598805789,0.780169259315905,0.9418006200933011,0.3231082253108771,0.6162095676261978,0.830387493347175,0.8094350671930904,0.7641840355078733,0.7811923689157875,0.9260058379820859,0.9747215781077624,0.9194765072919422,0.8162323544260228,0.7755473066151632,0.7420216895653451,0.8225983450474622,0.6347534575240902,0.986439447519563,0.9521385434565619,0.5122248405233379,0.6613236023877168,0.5531816767104366,0.652312049871457,0.781809613957896,0.6368205825320103,0.33742306184808085,0.6817866849497181,0.7612073246249469,0.7231512723782878,0.4113641825846508,0.4125835666032264,0.5237568280858999,0.6989021465544321,0.6779359746933984,0.35019589906551607,0.6143645851930762,0.8348613154522747,0.8499699773747403,0.7123972638830101
VGIT,0.4918993790062855,0.11330207841353668,0.1938049941415738,0.1311122977468258,0.097375032806557,0.09874309124354576,0.1822514019001912,0.17069771142057444,0.13239137806703605,0.06808679818475247,0.03940113175266715,0.14936583845059265,0.17021990764782388,0.06905747358384526,0.05979089449001025,0.8511262870427689,0.9568133078539094,0.812115655416715,0.11958222663952454,0.08457613065113623,0.09558797141110105,0.1642720806943709,0.0700200599196376,0.09949721818577964,0.12515749734693135,0.9462199668542993,0.5377824081425837,0.15018671730954916,0.18792199782529764,0.3286319398345326,0.20950055444626958,0.15021130165912375,0.13253148376420404,0.11769322961391177,0.14110133415626924,0.12657034720132315,0.1921903162659252,0.13262589141887896,0.09812203075159674,0.21719355256760114,0.17772147728927062,0.16122412306570424,0.08172124359416137,0.11786295893761568,0.28029925483605034,0.18549615204893372,0.12435609872202733,0.145629863100261,0.15262051943271607,0.15015035235678248,0.09876250130769809,0.15890392488895438,0.1544032416864713,0.14644560272445073,0.22896732663788977,0.10096810044288387,0.14071298941125904,0.11524710001446362,0.2323857331519282,0.1108916518554514,0.16130620605009863,0.147502462381329,0.2956792298336256,0.28842522374562135,0.31367021228017944,0.03627219501135088,0.932594213259909,0.18525442591336186,0.0971053982902075,-0.014766094356236577,0.6075819018424127,0.19695886928612955,0.2182049790459343,0.10854842823413678,0.09160801879713605,0.1671852711961617,0.08639253664963725,-0.11702837550770559,0.07041348974192994,0.10935408510228233,0.0663196447645963,0.031372651944713205,0.08080505554198877,0.12078493197932512,-0.018025800734099876,0.0775686866454014,-0.02748505867232015,0.1212203562788301,0.04392877543652002,0.07176023163613579,0.8417479822620468,0.06375189632775716,0.0816736281643235,-0.02006218603162306,0.1746563571720149,-0.12656950151719068,0.07367203267296746,0.11945564493024922,0.34004804527994464,0.20353603543541746,0.08644784594762984,0.074882911091942,0.12200615039041164,0.12702176136871215,0.08562260982999996,0.07766953920576063,0.03065906466715041,0.2830273839813889,0.13326939770219287,0.033324890669186286,0.1173274263007066,0.814004707382053,0.23137335280270546,0.18530501477772446,0.41190227916369965,0.19769400165326156,0.24904150111371165,0.029029963422513527,0.07007068477334137,0.08899529942931692,0.15826116338536908,0.09756466701635673,0.8879218850459879,0.853147610945735,0.1687241778071538,0.07886800344590147,0.18632332188818956,0.08651626542736486,-0.0036780217666510036,0.032448707240713255,0.05517057585550716,0.4510692601080093,0.17930113988166055,0.13698133168112628,0.09840161123051536,0.7863914025298673,0.1952700252752159,1.0,0.18026293155792678,0.8649648077836233,0.12393247321883681,0.2390204097552182,0.9308882200139746,0.3102039723426408,0.30709109684478714,0.13269703495737095,0.12391273714124042,0.12601954421236644,0.19708378610764038,0.19360731043718907,0.1327196818010769,0.09503415023733192,0.08977839211449745,0.08772942455179364,0.1190595083900126,0.6309463858666634,0.18051139446348938,0.16313794422108066,0.11811164382929258,0.09646546930451778,0.1772785594219337,0.29133160199517666,0.11917666547321121,0.10260072643352398,-0.13379496831798693,-0.00464729298872019,0.07559859110590543,0.05761903396993856,0.1723687760422528,0.2657778227491111,0.16334611122573509,0.11991352139054448,0.06572276525867837,-0.13772613083935523,0.12323882460284187,0.130363902745916,0.1580063770888495,0.014274575495180132
VGK,0.6652836635212082,0.6110067911220746,0.5545075194928678,0.589341148865886,0.6450716018799805,0.581659686698594,0.9630815368021708,0.8988207220339635,0.7604341504746233,0.7732924819915378,0.6692915756164127,0.7865231920738386,0.729693620266741,0.5987790460855915,0.5871525627055093,0.2876310626397104,0.29223892467965756,0.23806667913692603,0.754737181934611,0.527961818919475,0.7482374813866003,0.6112803445157572,0.7261768331103953,0.7479094433826304,0.6943793056234766,0.28956414557382376,0.6985939014644187,0.5862666361433636,0.7429112339372442,0.8782690782661299,0.9447395994692744,0.9480625902164427,0.4597543039649222,0.6218332076209021,0.7458516650956479,0.7799548501209794,0.9746403849065706,0.7504053462971046,0.759707307543085,0.8242795237061001,0.9117570212455094,0.9526522499007546,0.5460555792720554,0.9286529792016491,0.8800662572138048,0.5654469127382957,0.8982906890568225,0.8843013391192309,0.9578290164969953,0.7439383529829364,0.6616447501269568,0.9165600560876874,0.6261194270815585,0.5984749153026305,0.7054134451322757,0.6044864388823739,0.9728052723548777,0.7280410035150391,0.9226320215337767,0.7484190239560907,0.9378087322623216,0.6711832908218076,0.4624895914349004,0.491021548432761,0.29439022870712356,0.7005913507240765,0.1767876898391747,0.9716122848318097,0.7574723123175184,0.8679390534903267,0.3296657262506967,0.5975325688768937,0.601287800369938,0.6521095752034247,0.5355798199164173,0.5915931970148053,0.6222761278474779,0.37116722020894455,0.6784592774662682,0.7041800009122953,0.6404619226268095,0.6511784981270863,0.7408085283496068,0.761716840776184,0.557972507864451,0.6985096904422882,0.5364391866659177,0.720705460198249,0.4233128817041715,0.5971304175962568,0.42514135632428735,0.5176546145550748,0.7419716135360228,0.37522637794354957,0.7302365176049339,0.39752717328173637,0.6984006753762123,0.5799781944860856,0.5677331221718952,0.6956729785626095,0.7186586722907635,0.7206439726949069,0.6076609030435918,0.7445395215030615,0.6860982781323068,0.6548477185220022,0.646698851536399,0.6334586321470348,0.778662609598816,0.6697354916582376,0.7277211951708059,0.22387258635572815,0.9348256426920636,0.7691934660623572,0.6950500395137102,0.36698200473724835,0.4784778339025653,0.6207448940082054,0.5288194014166697,0.7580516436119924,0.6509335451577558,0.7555206420653965,0.3844454469031602,0.41270630481166853,0.5187712173625725,0.6831441638556599,0.5898648784290169,0.6904783779236178,0.288919097233449,0.39067258642770947,0.5139677437370813,0.6789011644230045,0.6613059962192597,0.7215136439183357,0.7334088151186173,0.4018474770320445,0.9602988539674501,0.18026293155792678,1.0,0.16653505993874462,0.7563322117022702,0.9274324564981852,0.30589487325646475,0.6166859686780156,0.8091953084305695,0.7731231746141423,0.7471328773703465,0.7282005422505007,0.794948264932141,0.9242210999981342,0.8692824867405101,0.7666673610634253,0.747039468326632,0.6905771507612912,0.7660592740557965,0.6278573838168778,0.9407081744595999,0.9338678466205687,0.4890793018377343,0.602161794071258,0.5272087889919461,0.6334808390063745,0.7592236164516717,0.6184501488519073,0.2978509000343155,0.682338298311912,0.7192466588102812,0.6465116362643887,0.44744354062225283,0.4050942172066185,0.5454471747193717,0.6700347631829098,0.5958964698268633,0.30412624729163185,0.6009529813567953,0.7538896932834457,0.7968608511728653,0.6732739511740191
VGLT,0.47328601597142106,0.11507109309840696,0.19586480628369274,0.13428361370516656,0.10342272550986209,0.09736736373095575,0.16299794595774514,0.14735606656064748,0.12335426164697924,0.08796368900356497,0.06656162181044624,0.13371471589236908,0.16176180633999065,0.11085654636981761,0.058073214436338,0.9727144884350233,0.9352400391519862,0.7701419880021637,0.1267859422753996,0.09630035821253963,0.11157887283524465,0.17811238375534297,0.09651225924973428,0.11198045487417609,0.1259802522488077,0.926084991981026,0.4906809603821036,0.14233840629750452,0.15527902855290715,0.27379943510229293,0.19605395238698187,0.13938159700513109,0.11302372324052107,0.1176209009468093,0.1282309067213976,0.12093134728642803,0.17935515172313177,0.12327295208001293,0.11158168124173579,0.19857027027247284,0.1513322004562996,0.1491906722500382,0.08475803704163276,0.10818337125847952,0.24733390026619942,0.1446156213652887,0.11726438419080318,0.14783432883636588,0.1418342056210643,0.14191032501349118,0.10261292788538742,0.14075576106769483,0.1602639712187978,0.1315723106774522,0.19270657900452776,0.1005947189126424,0.13576070134328555,0.13915499809294662,0.20758075585929306,0.10559644926340572,0.14978265050585202,0.15159381870758806,0.2121019710726307,0.20536309614379913,0.21690789758295834,0.03156328911617843,0.9122805773819422,0.1738545520314851,0.11106397238595805,0.03868397510089189,0.6203060624550017,0.19626706057072024,0.20100418471235665,0.11977122220567957,0.09857222773628498,0.16663986969226874,0.07003491544598706,-0.10521378717407011,0.07691836639315426,0.12996345291865538,0.0772402389649279,0.08352833749611517,0.09592354192821635,0.13501093017349836,0.027455213416919734,0.10776311481601189,0.008249648735813842,0.13334793669737025,0.02512737824628186,0.08725286830388826,0.8849220018738555,0.06336512667774685,0.0920571957275725,-0.02085127297402628,0.18290340941244898,-0.11318222625047518,0.1001198204446839,0.12681717076997082,0.4113779441459203,0.2123184021201786,0.08005200880367311,0.09710635716701796,0.1276394268431518,0.13699759664125397,0.08847275289930595,0.08420665317764936,0.05301479884352646,0.29772848038029,0.15306322666680802,0.07317948727029443,0.137061922620021,0.7733466703526403,0.20367107868940695,0.18816716749136742,0.39693210278333757,0.12911453199877507,0.17855958010174644,0.039404029693047654,0.05090590353867401,0.10383060833314078,0.1777956398888384,0.10853719646983916,0.713498720770797,0.8835146195722446,0.16948881309884586,0.08490009162928235,0.16871763378180563,0.09080138751529211,-0.015344835649053291,0.022431063898432392,0.010279697710559971,0.42745700722711744,0.17533648084932105,0.1551241433510842,0.12944965442121703,0.8983651494378694,0.1803787598805789,0.8649648077836233,0.16653505993874462,1.0,0.13683371894139704,0.21717464583409907,0.8648919483784834,0.3158040820629509,0.2789592865647613,0.1499812797055137,0.14739359898948298,0.1364350101521175,0.18009885327603603,0.1796090111679949,0.13626800379212484,0.11087433494501649,0.10888375502068255,0.09278017750576939,0.11202457235114359,0.6382432904620229,0.16672557705517538,0.14868358136790763,0.12952427948173828,0.09160602913298996,0.16407073909203074,0.29531379853802,0.13806175220092923,0.0977142953303725,-0.11338834354106292,0.02989677611023751,0.08995336941718311,0.06422157099479961,0.16362542178144532,0.26661050132880515,0.1655386681730685,0.12742375218374907,0.05351896039765471,-0.11654796428323454,0.13222143128953018,0.12200894878273764,0.1604928746473785,0.04502672325066661
VIG,0.7208620648340031,0.6604778200925165,0.5917960178618663,0.6500037881295093,0.7059092511717541,0.642280003355142,0.7694364776527232,0.7148975294338177,0.6076986640657502,0.9355015913006293,0.8005788305091085,0.7768212471885227,0.6584611038450533,0.6223011001366606,0.6211183140675893,0.2689625189283476,0.2527403552740399,0.21587386791588067,0.7507261301278584,0.6693505392629961,0.952343412551644,0.7381501310436002,0.9332036585939992,0.9013529915728843,0.5313689124097436,0.25129848488330914,0.477496131304743,0.46596167597946114,0.5808879780205457,0.6789687002778267,0.782680017300127,0.7270164947732868,0.3942113224378555,0.6235644705691877,0.6175536214704274,0.5956358021411173,0.7810165016262415,0.5935630964066615,0.9300534770418692,0.7433565534174477,0.7040403591867865,0.7062669826680987,0.4107134744715278,0.6817364931462468,0.67781380847265,0.5020780587529599,0.728537969151401,0.6370507893783545,0.7002747503931704,0.631312280280368,0.5845263519925351,0.7009581528142931,0.5175315525612915,0.46987710363768037,0.5329898489087705,0.7173007393811272,0.7372143311918524,0.8521108065414958,0.7454088861615781,0.5892675829102051,0.7445297610797456,0.9140877580154334,0.3204206697249908,0.34188965997925547,0.14037002071494825,0.6216480120268862,0.13044063401641062,0.7957599931539016,0.9422760590533705,0.791942837018002,0.2765214500792134,0.6847419921231956,0.5261755220923048,0.6781662998252262,0.6819845196013822,0.737734843175753,0.5572658235757403,0.4121923157374626,0.7633272485086936,0.934342977196242,0.7599434921406447,0.6571791610430643,0.8949186030413927,0.9504045456678925,0.6921288009841547,0.8321369503293655,0.7128784107214491,0.7863793658464355,0.4127093988474224,0.5132641805425567,0.4105527043854901,0.3593034364978739,0.9114094965659808,0.4715242691453223,0.8897376079344056,0.45385603789249374,0.8439067412661608,0.5810781082238352,0.5936491972411817,0.8607653305948745,0.5900404413747613,0.9033228706305549,0.6264946059826211,0.8374485268884669,0.8167849031154946,0.753263112470876,0.7741788619132696,0.6709184700412328,0.9520259023293748,0.7876394265973983,0.8434220875328621,0.20964992547468522,0.7452418780627804,0.6639931179337537,0.7432153616435588,0.22941705891265948,0.34662936674012534,0.6735935620187982,0.47929586327340784,0.9327948616920316,0.7972278262854035,0.92969880270078,0.3345667074103414,0.39946779641308144,0.464999709504265,0.8336280452755349,0.47635320033620476,0.8421273427183743,0.25414711516269106,0.3707286641095208,0.46885089948102115,0.7248540825723927,0.9179410880714043,0.8334914225685062,0.8721659203400056,0.39805344291746664,0.780169259315905,0.12393247321883681,0.7563322117022702,0.13683371894139704,1.0,0.7985962920697197,0.24826869205353513,0.7342414927544555,0.6324968813524335,0.9298181653948102,0.9160338006314709,0.863667018150241,0.6839325450445967,0.7458892370589597,0.9102857959051535,0.9326182427131089,0.9508386783281252,0.8263801801575167,0.6147255233316884,0.5800694400159392,0.7617779894860516,0.7390380925084862,0.6013288195966244,0.7067675034801196,0.5846934292276121,0.7271833193166846,0.8295862077940884,0.7298688974475532,0.40085214315084905,0.8568062246483231,0.8855725738116063,0.7779649253619574,0.6391490912660441,0.5500240777723375,0.7416491678788586,0.79172788546242,0.6086921430321122,0.4168756499145587,0.7312692911102985,0.6009384628457389,0.8250383182186509,0.8279811039946068
VIGI,0.6920733359435441,0.6556584857088696,0.611030369281289,0.6385692912813334,0.6756223998084967,0.6244927643468432,0.9362269867898524,0.8772882306913409,0.7501110481246912,0.7979610943117872,0.679015080037973,0.8245191786118602,0.8181581562355618,0.5934499665228667,0.608530187698528,0.3345499768978653,0.34536892028335925,0.295686618354484,0.789186359991394,0.5971114265190988,0.7810959307005864,0.6291774734724171,0.7573664805540815,0.784947852914106,0.6668725787839739,0.3423174823450571,0.6725325235206019,0.55823109439246,0.736273194944034,0.9027390879265372,0.9483486448150648,0.8963131539499005,0.4728716019019884,0.617930047662656,0.726223817702216,0.7009385166157844,0.9539795963196637,0.7424396751189433,0.798342609068558,0.8437843804686351,0.8564381593034821,0.8666415734161106,0.5558284903684764,0.8242341173105499,0.8716166372608194,0.5770678851675449,0.8385847872012927,0.7783225591414717,0.863172433617224,0.7579506250369528,0.6580259498341603,0.8559386017383392,0.612271676997174,0.5739082240764247,0.6896577390453714,0.6607323669326701,0.8843569149969831,0.747419755233998,0.9146956428409905,0.7324560149457723,0.9034119775161749,0.7292061265506959,0.48327589895701484,0.5103633266259088,0.3072279098119633,0.6779324553689369,0.2318257330561186,0.9535646713243615,0.7978655616403888,0.8576504902681277,0.3632948149211019,0.6610545058296461,0.5909916305481204,0.6655605455115322,0.6117563521780505,0.6517428079619917,0.6351259539855667,0.3578565764066021,0.6959446193239789,0.7558258060111748,0.6682890489122734,0.6225137767215818,0.7732875380350913,0.8045969692352155,0.5520923102917352,0.7237035258633697,0.5509511688376895,0.744099925831579,0.42296613274369443,0.5932512549541283,0.4660203220809557,0.5305091231790013,0.7786541505607606,0.38631294192033105,0.7748762468756945,0.3878249402109229,0.7123775837856661,0.5899665718033063,0.5891471280011161,0.732797708372553,0.6952942973887316,0.7408767126716967,0.614017953543956,0.78125750430518,0.7199834158836428,0.6851793862139307,0.6841738583664915,0.6405502081621487,0.8101968169212118,0.703851927188585,0.7504239943191922,0.2668779933220352,0.924335692372371,0.755118379221216,0.7135277145498157,0.35904937775651086,0.49417507424263013,0.6208587904161221,0.5366899173013483,0.7939454246854141,0.6646178213520445,0.7936423441055754,0.4259034600116795,0.45511135479170356,0.5185995878079751,0.7087936199580096,0.5872440625494147,0.7357223552032515,0.2595215928708213,0.3905580186573315,0.5261006982726234,0.6978699871814618,0.7354378316800713,0.7617467780693108,0.7487976356729831,0.441047772739265,0.9418006200933011,0.2390204097552182,0.9274324564981852,0.21717464583409907,0.7985962920697197,1.0,0.35262342913133937,0.6631942278312558,0.8110537499665014,0.8089607489794197,0.7685673910572628,0.773872483117554,0.8391125065601232,0.9174756956825929,0.8880995821840624,0.8031683748889026,0.7715572029944016,0.7319775032370975,0.7670962775878327,0.6316588370580121,0.9271466826046725,0.900528222025701,0.5621465468801725,0.6290883777350625,0.5852301800413012,0.6570324553340189,0.7645418643915266,0.6662406581081166,0.3013130870991225,0.6900245337414556,0.7339639368506989,0.6716283572086803,0.49152428526968706,0.44166757507899984,0.6190691320957474,0.7045064860208892,0.59851101211401,0.3162297643410861,0.622104494560804,0.7468445688629796,0.8274013646211134,0.7051376183169002
VMBS,0.5891511068251601,0.2223726860821564,0.27999200736464924,0.23744020603096808,0.21122411180776723,0.20659626348923957,0.30740874698093756,0.2901117629047838,0.24196479617348812,0.20920939044107054,0.16987394599192895,0.2673877786203713,0.2753113513373785,0.19128707408054088,0.15968056051476445,0.875056308247296,0.9603501557316623,0.7886008572647809,0.2393988494343893,0.18396685448479713,0.2206792202272932,0.27518047928169265,0.19138519251080652,0.23174560076175085,0.23292505368249541,0.9511764339122107,0.6113525901680017,0.23844202118311766,0.28331508473054506,0.41880819539768344,0.3294714373369134,0.2770172480749979,0.18553703049612796,0.2111998813579315,0.24916072409145115,0.23593836202636378,0.31999917064134964,0.24012236516747712,0.23222593354976068,0.33096709830170196,0.28827076508304567,0.28125406857356805,0.15937603404556044,0.23879863572240556,0.370701615678334,0.24668644067517473,0.24786063661502475,0.25499908651389314,0.2737875293575629,0.25883417361806843,0.2092658379999567,0.2788073209056903,0.2501340434062533,0.22894155905824745,0.3167222373047295,0.2130326673516948,0.2673565147071221,0.24806490137604215,0.35482183872856826,0.22085556341929977,0.2906067351390182,0.2519459451297807,0.3165502049177874,0.3156946011270485,0.29896848810233784,0.15121474933306447,0.8919083463599723,0.3151943430232023,0.2297647580811324,0.13638252029511613,0.6388107605341757,0.28263879078448373,0.30671655416704746,0.22306283500351615,0.1985337819581811,0.2489497350728752,0.16770096023810804,-0.031745256141611784,0.18883409757066347,0.22953248481245545,0.18743037988148892,0.1502804035092199,0.20883088289433788,0.25452117172974115,0.10893987870568522,0.21063188037271202,0.08610811385569783,0.24546912652637562,0.11174769198222255,0.17572229592254565,0.8787141999020102,0.13354693308595708,0.213421609722317,0.07494740558103569,0.29875578009614356,-0.04023854337005318,0.19663018209222122,0.22725437237689877,0.45796457677656666,0.31198185673605316,0.19335829313334155,0.20525158441277705,0.2325385578716127,0.2525549440693122,0.2063732486106925,0.19362249276276364,0.1489280169167634,0.4128515813214902,0.2684713058352571,0.1673957749667172,0.2503993685597378,0.795602940414051,0.351658657736919,0.3113596583483773,0.5239780895620456,0.21309375831708285,0.27771914698660954,0.1362773351121443,0.14406004038751635,0.22435012794218676,0.27638137128814816,0.22936496919045418,0.8628674603855776,0.884124533722084,0.2605396997436587,0.1962367727362393,0.26492196955716135,0.20904644495028674,0.04690931875486024,0.0852208109910707,0.13181680193669196,0.5547438680477649,0.28127586273704475,0.2657819556560818,0.23534856793107226,0.8405721095556177,0.3231082253108771,0.9308882200139746,0.30589487325646475,0.8648919483784834,0.24826869205353513,0.35262342913133937,1.0,0.40371440360561045,0.40072734000267607,0.2668223243216576,0.25682512145913033,0.2508831238066583,0.30815141695225823,0.31577228481432507,0.27154942144313393,0.2324694316898053,0.21868372691708687,0.21139389132659503,0.22970476864533154,0.7197188036320555,0.3074676867505935,0.2894012678586289,0.2182960437620193,0.1899168638009246,0.26158263758331685,0.3870039177776274,0.24406841053176764,0.20756859243445736,-0.05417263756857167,0.1314445533450029,0.19318403281321977,0.17616496397090164,0.22565392112052648,0.32702222070297754,0.2315081177531427,0.23784090844249653,0.15991093900382336,-0.05060912863932904,0.22866228416666423,0.23790651405129526,0.2872760564584434,0.14145404836359593
VNQ,0.6700474614564068,0.5194592967276198,0.5238844927546875,0.5150421455830473,0.5017560143326785,0.4938382736321233,0.6223116697626225,0.5949067001164106,0.43714125617170757,0.6811888570601285,0.6614347843935816,0.6546584950007973,0.48045612262668047,0.49891415279631146,0.4514323957945816,0.4123303544522612,0.41098329498899544,0.34686233010800066,0.5306196151974902,0.45244803723984084,0.6826473873426258,0.7869380581545072,0.6836997134521399,0.6336252874279229,0.44558695659523706,0.4124822468111027,0.4889691161204315,0.39476268525709696,0.4317689721052454,0.6345229326773428,0.5952214179269676,0.6041132808290222,0.35525180477864443,0.4749402483326222,0.4198391022244914,0.4549507082149495,0.6192249648376221,0.4257399201721895,0.6592370922033857,0.6255001277022021,0.5865419153916199,0.5543796308795899,0.3523053171469449,0.5491470691259434,0.6052303133355056,0.39553034531918385,0.5247454699602498,0.5422846864366363,0.5676535555411925,0.514586145917044,0.3775582963707182,0.5897621273605623,0.4115930358096225,0.30911923652346107,0.4382731176670239,0.513208876288125,0.5651520598294278,0.7405137930813476,0.6333301316320477,0.45579774246329957,0.5916880613528758,0.745291950429065,0.3105542732708007,0.3175268757703972,0.15944084168636405,0.5030737980094031,0.3164487320336948,0.6359834460026504,0.6718513872561143,0.5655154627992489,0.39855259450712793,0.5818942622327149,0.4895405043365372,0.4944063807735377,0.46327317942173607,0.6430810732663746,0.4230221476281326,0.31950357735945245,0.44715105997310045,0.7350236091661747,0.4801265204517462,0.512785095196632,0.6188277408805719,0.6933061233595741,0.5935428151412797,0.662009408479406,0.5940852726857352,0.6077241616762961,0.3216203259027692,0.4015050888251705,0.5048550377136056,0.2936962923940937,0.6151614769502087,0.4162168221236719,0.73195524316612,0.31997434438928446,0.6434643308469264,0.4945802284071359,0.5742276368361842,0.746035926753165,0.44260073829761504,0.7099564443193812,0.504856192744372,0.6417818975055379,0.517094558385696,0.4757815651125637,0.5024251665452186,0.7361790084370831,0.7968081196623835,0.6183976162315467,0.7013253410863483,0.36044983750263554,0.6419312199637257,0.6571431766559297,0.6663578584796919,0.19642480496869125,0.30944417553444886,0.37186987354656004,0.36878674574636433,0.6546786475583477,0.8428805837531751,0.6536028544012057,0.4282950048589561,0.4986466280107584,0.4426908750935889,0.5350361573568541,0.37915019134401007,0.5557828369631359,0.1891653583001297,0.24867495408108717,0.29043436246093357,0.6696305086285546,0.7552573557726864,0.6743990342961341,0.7598436837855467,0.4885601246934011,0.6162095676261978,0.3102039723426408,0.6166859686780156,0.3158040820629509,0.7342414927544555,0.6631942278312558,0.40371440360561045,1.0,0.7017488403339217,0.7746481834052168,0.8205839089982628,0.6677927936406929,0.5072335843130085,0.5764583369499312,0.6717330920189529,0.671269130486636,0.7573656827517677,0.5434392266596761,0.45993916328327134,0.5934520008508685,0.5948313910371357,0.615516135753052,0.4884945118324187,0.5176785253321343,0.5219829897301473,0.673933629785669,0.6858641400748108,0.5519710147924879,0.3047484039455207,0.6466609022989788,0.6629871292223481,0.4536585772233965,0.5969110492572137,0.6528292109000811,0.618078496230058,0.6013227174945607,0.4410464900648335,0.32393179241294123,0.6193716177597565,0.4267915705375478,0.6231287530992122,0.5725475960528394
VNQI,0.6266400494675985,0.552673362282114,0.5315839547282303,0.5399334934602884,0.5594595615490622,0.5191416395124709,0.835026565572411,0.8162939625022279,0.7163643873646629,0.6462997630534558,0.6011185974946074,0.728930122385516,0.6818030195390176,0.5006246054176868,0.5179634702746849,0.38242217877453805,0.39466671834678,0.3556626566771752,0.6345454408355442,0.43053436915556437,0.6205147370265772,0.6213574410532104,0.6077324812572485,0.6110778566021222,0.6821128644962104,0.39769638344947833,0.6956431166561333,0.5486772891934307,0.7112891521129187,0.8095322006573605,0.7879976653733964,0.8179755951471721,0.4605516926998575,0.5621715563718951,0.6610466810332384,0.6325317138512474,0.8268347947565035,0.7079805760217184,0.6246087963240358,0.7796396026304465,0.7618531278839006,0.7465408665028542,0.6222648310448055,0.7340389226175156,0.7388624497454073,0.5654519087444241,0.7068117961946979,0.7194729098813247,0.75675922831802,0.6861522314078645,0.5694665450044003,0.7692403291381812,0.5723740479047492,0.5359548596607835,0.6822171349200759,0.5116574785297329,0.7541701880622188,0.6679702636449126,0.8577426282635232,0.7277765897347235,0.8099896681180588,0.5780811904413831,0.4804620033165676,0.4953296669482229,0.3442802435991514,0.631087835956105,0.3021609128524323,0.8267749382781096,0.6239967626886979,0.6855274937601363,0.3994077867291077,0.543425831838499,0.5834437442636494,0.5672463016147178,0.4334174942082159,0.5195701659637386,0.5492372805859638,0.30745729056648086,0.5218265594398941,0.5943815670352137,0.5036914120513718,0.5422223049894159,0.6034544280872775,0.6326454211747619,0.5123884733169761,0.6076696456708677,0.44828422759480735,0.6411128049064244,0.395855870876314,0.5610669412016318,0.48730212735983597,0.5588598297995303,0.5980075642965204,0.32643828530206975,0.6411120429012239,0.3210579360403868,0.5894410003423858,0.5483705683925975,0.5452009264594552,0.615631456595473,0.6579699583461912,0.6150731100101571,0.554293964667268,0.64418253322678,0.5424958552546968,0.5252783323924177,0.5038251570176484,0.6464508041788498,0.6870727919973411,0.5696459473939205,0.6571779996699848,0.31187089248265143,0.8618029832723036,0.7762398016199598,0.633418015983932,0.36546272859229184,0.47817298081729975,0.4718354816087925,0.47336452311071847,0.6193480280495021,0.6545094828984086,0.6191007396337659,0.4534012027464958,0.47950414661304297,0.5175536042015687,0.5516204666136421,0.5577845174752849,0.5511932802796348,0.248791535772987,0.3774847391901568,0.44815280206321284,0.6260853728421824,0.579025476501463,0.6403748015872307,0.6641139981120575,0.4585671846291398,0.830387493347175,0.30709109684478714,0.8091953084305695,0.2789592865647613,0.6324968813524335,0.8110537499665014,0.40072734000267607,0.7017488403339217,1.0,0.6864537377109996,0.6826517376682192,0.6298114926692361,0.7496063200363366,0.8216916567221216,0.7403147712301877,0.6361334989824585,0.6490864183184252,0.5499736459522095,0.7342470657957588,0.6251230592981136,0.8331440928254917,0.8328400109222465,0.4386739824971343,0.5088066233887385,0.49813077269651745,0.5966875286679297,0.6692400649992148,0.5319232143924489,0.24832118385241478,0.5733647327723748,0.5957303340119554,0.48986133702013884,0.4250426371693348,0.4548082771499654,0.46785774215251813,0.5728824135168757,0.532899087051446,0.26154583841114615,0.5509739585539817,0.7023684254758306,0.6913301901901602,0.5299487671776868
VO,0.760226029857079,0.7873477293704659,0.7093151717570649,0.7799263770287609,0.8028086269104155,0.7715248344434392,0.8001133022774315,0.7606277460555975,0.6678854472803993,0.9597992746839932,0.8713153889078862,0.8188684742447354,0.6776419399877956,0.6628351051942687,0.7169287106399036,0.28286889665507686,0.26672466519172555,0.2255515274715977,0.8259618345397612,0.736102931707894,0.9017980793566353,0.7489346431574504,0.8661292528347079,0.9084871804614298,0.5681902193354396,0.2674747395256155,0.5086333116351182,0.5224903156491411,0.6272458330371103,0.6694945078182138,0.8079696587587961,0.737166932195614,0.40563871511827004,0.6724902948420236,0.6678830962291232,0.6075111795155252,0.8006550670606194,0.6572196491345189,0.9321665765913469,0.7649918744252697,0.7395610698457311,0.7267489282103322,0.4521364848219248,0.700725336587939,0.6683624697756029,0.5005671933156336,0.7690905694552036,0.6503054276021548,0.716470880382508,0.675883400341153,0.6283861641967241,0.6980406287902164,0.5526502058928999,0.5221793566803076,0.5666422050415253,0.8061954880328808,0.7554313087526016,0.927065057203663,0.7881295379359856,0.6307424494960269,0.7694824296141719,0.8384541530836658,0.3507048963122728,0.38141909748621117,0.16497922992757605,0.6689034383325625,0.1369801678786288,0.8126338079338695,0.9394730437909686,0.8007710915853379,0.3113943901609963,0.7071292832140991,0.624739418714495,0.7966840396624779,0.7439265114383911,0.7294923659205067,0.5557233791851061,0.4500828882054208,0.7785762476265581,0.8742521824773759,0.7592505327555293,0.7274312536299936,0.9286239969048251,0.948450957308983,0.7416775487922546,0.8881633002738694,0.6923418313468992,0.8915256762131236,0.41616160961429294,0.5952117576912616,0.4292728961668143,0.4242609165330094,0.8972941102622634,0.5188909422313083,0.9122407661760372,0.5091797814197735,0.8930655311930424,0.71479592137806,0.6517215284772998,0.8766488734256979,0.639049220943209,0.925673156811363,0.749900394529064,0.9287852800490414,0.8369539335099357,0.8202655757620597,0.7817749051717979,0.7266366717107393,0.9782182269532185,0.8425613978424904,0.9360911272925787,0.22762708111366298,0.7900425525137271,0.7255916113085124,0.7865568212296826,0.25826112013670044,0.38810409902229237,0.7146860733168414,0.48282633329896624,0.9252800758478062,0.8080797297320894,0.9205483942307838,0.3456256901134014,0.41667050519432414,0.5757059548199156,0.8279738156333168,0.4931157770909989,0.845119135605597,0.25065029507534564,0.37586305974379186,0.5325099833649425,0.7720372584679376,0.8512511325551241,0.9394164452801914,0.9349101422433825,0.4137589115798761,0.8094350671930904,0.13269703495737095,0.7731231746141423,0.1499812797055137,0.9298181653948102,0.8089607489794197,0.2668223243216576,0.7746481834052168,0.6864537377109996,1.0,0.9451372670000998,0.9589710840845836,0.720790919156646,0.7872654777582957,0.9326232656446156,0.9445654804739477,0.9173664618492805,0.8470466105493494,0.6719744420929478,0.6153435772742303,0.800743542323875,0.7548050196955634,0.7229737793085548,0.7603390722915897,0.6560573409605612,0.7851733974665452,0.8483967004043941,0.7586420309002464,0.4397613995687879,0.8386202551354511,0.8996773187567366,0.7867310256899308,0.5111676198647581,0.529343763840522,0.6381909641407487,0.8356859588377579,0.6720350235394549,0.48375608325554637,0.8066939779756891,0.6656558616882926,0.8943070024900563,0.8069920841780587
VOE,0.7110299965447362,0.6256481795005792,0.5913574762917507,0.6197367540228531,0.6610588940239707,0.5990112908854766,0.7749755920193463,0.7424251634611451,0.5792329741816092,0.9022003455744112,0.8889073898692161,0.8078058378030513,0.6217621298817965,0.6221078001755062,0.5869040268662328,0.2709999445262825,0.2537436271359447,0.2053130399361197,0.6870041006155317,0.577406367225847,0.8897682265918079,0.8573389814544727,0.8831100471262785,0.8057815044120101,0.5612308850218923,0.25615568616004203,0.4888290420019152,0.5136054456378044,0.5483460955822237,0.6784912969113851,0.727115245624869,0.7546646876409354,0.3861604547980695,0.5917739888307828,0.5768452894851944,0.5997985176302143,0.762942474364658,0.5632693160497312,0.8405555441763274,0.7456975604201732,0.698878705584628,0.6894009313339285,0.42446512838000794,0.6877178438847754,0.6658380290729015,0.4820060095340812,0.6783809445762715,0.6477622492234589,0.6957510880002423,0.6206484457690234,0.5242099110557771,0.7201860830108757,0.5373609780399575,0.4263187637400593,0.532131226970339,0.6355889978926424,0.712013304529354,0.9160350529846332,0.7568726689410916,0.5923710267223578,0.7597669568070489,0.8806266328784207,0.32855476495147395,0.35188227256819415,0.1507212619724698,0.707132045039493,0.13298405991844858,0.7824469811031335,0.8581198584800258,0.758647941176849,0.2949233310689654,0.6499721749206423,0.5450523922311545,0.6488501515233602,0.5742422064479802,0.698205466761745,0.5170412353766294,0.5269012107591692,0.6217489024327062,0.8842290776897879,0.6471475941750097,0.7015213551562204,0.8157432026652575,0.8737562325674382,0.7897593066874083,0.8428194909474098,0.772979274266546,0.7750853619630013,0.4185960783339681,0.5291688740525993,0.4054859691917055,0.3617307765351311,0.7967756737975286,0.5639736834252058,0.8725354701161865,0.5586220370052634,0.8708681180901323,0.607232586812135,0.6270970121668253,0.8699154982911541,0.6243068057949818,0.9358506691201787,0.6364646354294126,0.8081935424539249,0.6847324318555587,0.6450268649135958,0.6657835083080947,0.7528048513355706,0.9723832008742277,0.7940345850232885,0.878643049618607,0.22895691035850002,0.7528539667578139,0.7431638575580563,0.7346001077597869,0.23151814934875484,0.35539359969783035,0.5620418731951419,0.44458930184208756,0.8398402940456248,0.9238275778593613,0.8313663017583558,0.32557744926033716,0.3942246848898523,0.4991961204365699,0.7261190204003737,0.4509317214919096,0.7088330382556413,0.24292767969955745,0.3483894875169356,0.43939092513618316,0.7207496828420028,0.8621796294792685,0.8273337008185183,0.9478863130850421,0.394022722859544,0.7641840355078733,0.12391273714124042,0.7471328773703465,0.14739359898948298,0.9160338006314709,0.7685673910572628,0.25682512145913033,0.8205839089982628,0.6826517376682192,0.9451372670000998,1.0,0.8185837668708559,0.651742455759799,0.7189219460634859,0.8518972563173332,0.8563028684954525,0.9607495248320079,0.6933703489591083,0.5932199988480404,0.5798870172860153,0.7448377369341196,0.7646504738682574,0.5628696878903362,0.6970976492539526,0.5694237944312537,0.7735069564193222,0.877453952355224,0.6702549955803577,0.5191394901693951,0.869352054052376,0.8846201283554516,0.6315922150549992,0.6189574747134949,0.6181194718276541,0.6760695867254163,0.7381454657999169,0.6492468754389377,0.5274499608155155,0.7704145547002071,0.5647332194716383,0.7654627909830433,0.7517035824580809
VOT,0.7374960652845254,0.8576385695207825,0.7497487921593001,0.8505106820229169,0.8590340486867306,0.852286873237711,0.7540645039517276,0.7131315063703151,0.6898898844575956,0.9306569381680578,0.783002493295138,0.7589120485863318,0.6730828299405934,0.6423012658392944,0.7681889446161925,0.265805347412473,0.2521278038046119,0.2224429670286869,0.8761429160514205,0.8088759518615175,0.8385228336034647,0.592020945801927,0.7793246757495916,0.9217646356459299,0.5253223299359654,0.25240379424827203,0.48170454026170656,0.4873025092404899,0.644414056460204,0.6000996474121962,0.8089929638150812,0.6606883873824172,0.3903605068804659,0.6854844372505176,0.6943021859189963,0.5623717198585473,0.7657475503542625,0.6846911962027227,0.9344399927180321,0.7189416630038822,0.7093747729657949,0.6960719891515208,0.43883374560168525,0.6507948382942794,0.6110267563923639,0.47643655803011603,0.7819334834966948,0.5969300017442665,0.670256048273533,0.6667063198935738,0.6690814433590855,0.6204151038469065,0.521260221206985,0.5667705084755368,0.5504674374449167,0.8823022293909675,0.7273098128570796,0.858670648634076,0.7480192025801434,0.6106568717600809,0.714372028401823,0.7279895930686907,0.3428059493538385,0.3775891826358663,0.16149662799132816,0.5807777234853383,0.1238208996195922,0.770976389031931,0.932385116588738,0.7709631167555411,0.29418412937178584,0.6956530779002429,0.6376323403107893,0.8577316623413574,0.8268477357566336,0.6938010608621407,0.5415022640032775,0.3468146419309695,0.8513157525513098,0.7949873236071604,0.8017602508217475,0.6912320289039441,0.9502929384937367,0.9333322215056735,0.637203522776762,0.8525323002711707,0.5628899636684481,0.9167116514088631,0.3835250980525155,0.5999887718494987,0.41034857889491694,0.43910964945470726,0.9105952766004523,0.4376411061455084,0.8670745639990493,0.4272306407233977,0.8380903829228538,0.7465040627805526,0.6166767248955562,0.804571955340192,0.6000818075738842,0.8397457415957127,0.7833764961129348,0.9544933779186168,0.8981818162521231,0.9019132815995172,0.8193617530172449,0.6414867312142436,0.9004331096085512,0.8157513776559846,0.9068094538415556,0.2028597940024222,0.7534454173364766,0.6498337244499043,0.765339596272432,0.25898981528835524,0.38577581543299927,0.7880863957227452,0.4742437615581856,0.9238010818712332,0.6392379179372581,0.9224168003304154,0.32939751995935074,0.3977113572047011,0.5899744805324066,0.8489711592091999,0.4900586286925798,0.8907907129111099,0.23567177141547252,0.37670564639415294,0.5714573534815108,0.7491987287196223,0.7675913554946787,0.9567653969901792,0.8450443877585446,0.393102443266642,0.7811923689157875,0.12601954421236644,0.7282005422505007,0.1364350101521175,0.863667018150241,0.773872483117554,0.2508831238066583,0.6677927936406929,0.6298114926692361,0.9589710840845836,0.8185837668708559,1.0,0.7241898104830959,0.7801048755314487,0.9248307101009873,0.9427535505386846,0.8041889235625543,0.90804450645109,0.6827811777167663,0.5900304457841228,0.7820913008902877,0.6835415358306426,0.7937531008568276,0.7581884645198362,0.6733307600062027,0.7248246278281097,0.7501883689693074,0.7680415035813999,0.3361451970528525,0.7432194624574697,0.8408178283849831,0.8576566968689868,0.37067289848868623,0.4077140702704663,0.5498632881684974,0.8465245601685003,0.6387605344802934,0.40878499557501874,0.765115242280402,0.6979179922400058,0.928417012741816,0.7910754100147848
VPL,0.6207584179769994,0.5907328344718683,0.5575315864175933,0.6066038288045625,0.694124886431758,0.5878889100162845,0.887491255672213,0.8753359887763634,0.8630913084211094,0.7548975196031326,0.6341137676842696,0.7304314982480271,0.9337532186571627,0.5268130350304402,0.6142808553041054,0.2856044891017302,0.29543435856264616,0.25767726718078804,0.8088857975475379,0.5359322453421305,0.6836641651607176,0.5013681705646669,0.6412557778278892,0.7385994531547935,0.6789126113128044,0.2942206915066829,0.6383631077756488,0.5717309719082118,0.8387993553096911,0.7454811158341874,0.8875449597121106,0.835131337409683,0.45984284296957056,0.6097130562072964,0.886053716195069,0.641086458191596,0.8916294019951778,0.8479921056438714,0.7433350096586891,0.8176218674111109,0.7389437214216051,0.7448647833507193,0.5558522997790002,0.7225284000829323,0.6718647092547875,0.570762468442811,0.794608420281763,0.6827805564909432,0.7317625429373954,0.7161800272958084,0.7861216475355984,0.7217498330762592,0.5918299602755561,0.8211218986793365,0.6843505360043209,0.5853997125741462,0.7798341275357928,0.6946098015176084,0.9009350704252563,0.764436865789605,0.9103327741859897,0.5307858708315878,0.5084144629251521,0.5349666954602694,0.37270259371945036,0.6671841405730683,0.1914640662308622,0.8753201313568132,0.7344351955610255,0.8091408136016828,0.30100207498384196,0.5390616720959133,0.6054827177125485,0.7287093664062914,0.5250750145019007,0.47713382448252584,0.5715173726611894,0.3378151783959297,0.7655549655308356,0.6245083642293019,0.6932598160686625,0.5794184563366677,0.7644737121076132,0.7364068198902515,0.4888782508693048,0.6376587432579391,0.3703316302194754,0.7447932266620564,0.41673227201756113,0.6441873767101619,0.40392678035811513,0.5034800912069176,0.7341746659281296,0.3306635947349848,0.6467760020305219,0.4183436651771578,0.6958634877285026,0.6174465471494307,0.5307670554560439,0.5983632020530039,0.7572964992315069,0.6351110550408555,0.6573236103512567,0.7294044047172789,0.7276433991090551,0.7219963364078723,0.6693767560477436,0.5449735574291358,0.7013019668571974,0.6572675461863149,0.7339967289422834,0.21948428491749394,0.8759314537445596,0.6853819079213253,0.6369410886407474,0.4233425606996411,0.5247847035979932,0.7188922803190785,0.496178064115825,0.7430718546323409,0.523721411011086,0.737363253081011,0.3600500437510029,0.3915626790094835,0.5249519943537899,0.7206929752113814,0.6184549246650909,0.6814974961046651,0.25517120531569537,0.42522736117245674,0.5918722650497449,0.6146035758237438,0.5583462033716166,0.7294859919061883,0.672373168044202,0.38130903743308403,0.9260058379820859,0.19708378610764038,0.794948264932141,0.18009885327603603,0.6839325450445967,0.8391125065601232,0.30815141695225823,0.5072335843130085,0.7496063200363366,0.720790919156646,0.651742455759799,0.7241898104830959,1.0,0.9255688850382426,0.8517288088838161,0.7502638973697077,0.6795110089311116,0.6969296405936241,0.7948826881009695,0.5575317792158023,0.924125769528719,0.850508224363629,0.4488770797008762,0.6251378583431869,0.5060624271798891,0.5888655330357474,0.6785780279087763,0.5573772276141039,0.28827634198557295,0.5573079945491985,0.6925877027962941,0.7213565256864048,0.29463794489789175,0.33583101172736257,0.4117011113061338,0.6278632070314257,0.6516139609838026,0.30536094139160347,0.5314262711424574,0.8464045409054063,0.7980563121499051,0.6468360965054437
VSGX,0.6739292329825731,0.6671879869063027,0.6138278916741952,0.6638182281940378,0.7328871262395932,0.6537985905314762,0.9518559622517547,0.9121094413445783,0.9149245678354345,0.8041231446921986,0.674773049288992,0.7977011655842254,0.8332382400523224,0.6002250650813448,0.657774467989984,0.2972784849632323,0.3042008621301765,0.2663575022427575,0.8353316806045111,0.579614412660776,0.7428843211763161,0.559157339585396,0.6993028352185964,0.7932797295741638,0.7586910258408888,0.30255722758363685,0.712483424241049,0.6218639363829097,0.8880988256367791,0.8173017698263325,0.9541393817185749,0.9017911468881675,0.4866083346327989,0.6613023760706656,0.8943091177564046,0.7366147916893336,0.9592139264835844,0.9091098875286149,0.7980224234464177,0.8524874963838089,0.857509203917191,0.8732169600127281,0.6336506703475888,0.8394766175565659,0.7935506781240012,0.6101828072425999,0.8994362950560341,0.7950705261342675,0.8645298326583299,0.7763926391636707,0.8130081594940222,0.8343995575651348,0.6485236977298648,0.761789994550996,0.7654675797408631,0.6560243527697295,0.9057124978690554,0.746452177396941,0.9448843625830404,0.8575857136108493,0.9414166669067296,0.6075919755045874,0.5175049304537933,0.548760033137873,0.35508643666132206,0.6999150515599301,0.19314941595405477,0.9473113057713599,0.7888208813516816,0.8612272934781903,0.33744366764831585,0.6117810272351795,0.6604616573806608,0.7595420434473816,0.583850038759773,0.5559647965131461,0.6522749036855924,0.33575884867449163,0.783498000402304,0.6804635159976669,0.7110589178583965,0.6508117350607232,0.7994766144638017,0.7893723914336835,0.5404954160627647,0.7049458392456428,0.449837732747379,0.7962170141203813,0.4566475881725331,0.6954684895832102,0.4321290043048292,0.634978867826676,0.7852029492068506,0.35755078071892515,0.7257451502913658,0.4012413504640619,0.7247420285699271,0.6634125237051022,0.5770627137905152,0.6718914154589246,0.778418889254207,0.699114028192191,0.6981718303205402,0.8029324776071833,0.7652748912508157,0.7527372179407357,0.703879303873777,0.6181074679147457,0.7703953483230512,0.6978571370148473,0.7741941469586958,0.22061472726251025,0.9359218699197427,0.7789902376790184,0.6987275339326074,0.42914909021988645,0.5386288614994155,0.7319857434767413,0.5630179304945886,0.7940597624609189,0.592145565168785,0.7921026665443972,0.38756678405551115,0.4180853241774539,0.5851583626322948,0.7570686038316247,0.6569193376892825,0.7386377458845012,0.29735927243343796,0.4479887893800263,0.5939222909163938,0.6797778938054037,0.625051603753682,0.7791922304566224,0.7320061359696756,0.40731186229971383,0.9747215781077624,0.19360731043718907,0.9242210999981342,0.1796090111679949,0.7458892370589597,0.9174756956825929,0.31577228481432507,0.5764583369499312,0.8216916567221216,0.7872654777582957,0.7189219460634859,0.7801048755314487,0.9255688850382426,1.0,0.9129090606288367,0.8044206047913526,0.7292849684573519,0.7501883995622398,0.8990224101781412,0.6216192216184508,0.9896000018381333,0.9222851824305204,0.5230693703443884,0.6398444354802084,0.565169095395968,0.6386265846314052,0.7403995467332393,0.6288913737076102,0.2754543542766331,0.6362911079212774,0.7284542946580124,0.7415761103670631,0.3568068210318291,0.3643453737639456,0.4847714385365248,0.6967381770477632,0.6575156971738899,0.2968111209398082,0.6013038660248318,0.9100143750564744,0.8661715698534198,0.693587214910296
VT,0.7544730969751997,0.785007042347519,0.6860611646349494,0.7793273211984109,0.8374408952854296,0.7780581207219625,0.8982531689012327,0.8530709955695589,0.8154961298612529,0.9662957253626361,0.8032906739599505,0.8409603449555589,0.7904145918443013,0.6743115695671545,0.7450852420596966,0.27482769923294686,0.26607166231576923,0.22809545114501587,0.8980782689982056,0.7303581902152091,0.8981368113586975,0.6564323966424858,0.8515852705103514,0.9576199730396441,0.6750382061104863,0.26477899222961854,0.6022831203863351,0.5784012766522642,0.7704012221444722,0.7377120315281896,0.9178034752557265,0.832768218301479,0.4690821192909712,0.723328942454171,0.8139880783006135,0.6963115085228899,0.9069191608097638,0.8046933915209786,0.9698980988488674,0.8405521913045813,0.8154781224144886,0.8247129183811723,0.5444913087008205,0.7915987829851161,0.7339296346868865,0.5789493505615929,0.8766135762414371,0.7358264622226717,0.8081836897313763,0.7517312494708907,0.7661209738702746,0.7779780751763836,0.613102022374775,0.6646187370063353,0.674939453002605,0.8221232988188539,0.8611251195962096,0.8675231256228921,0.8822978505105311,0.7622727525455603,0.8764066298474855,0.7629937910319102,0.4275692248947845,0.4615650730803586,0.24188474059960488,0.7046800206619915,0.13235387642261628,0.9091198234257192,0.9653500221808862,0.8816451589511498,0.3140035107026634,0.6888471767890457,0.648377960484109,0.8217407516893317,0.7544117841396316,0.6771000770046172,0.6325116334227929,0.41793471236052576,0.8933787864183041,0.8431628091443835,0.8515747661800582,0.7150603228429581,0.9473195947337675,0.9503167526725197,0.6608475489909367,0.8452105662110919,0.5878065638199648,0.8932401789439816,0.4670651626818236,0.6596622926553056,0.4282886832725819,0.5261676243342238,0.9602103475849431,0.46523303066103855,0.8742998776942104,0.487111099372513,0.8453957828373753,0.7133163707363087,0.6345360303889671,0.7953710648301057,0.7327836784633255,0.8564780100347317,0.7580922571898658,0.9170692806815989,0.9207708551612218,0.8771874293319466,0.8492301867235046,0.6828019756854644,0.9169535542756392,0.8266286966663922,0.8921806274994117,0.21581306329987773,0.8780117962171182,0.7606133171261645,0.7878902983656751,0.34508650790472095,0.464994577011323,0.8184634118766593,0.5490494941906582,0.968316336469867,0.7038179045019197,0.9645985802937399,0.3576203790566042,0.41409995296740393,0.5827160215656265,0.8864122203077772,0.5958981167156373,0.9176710673401871,0.2973823419226217,0.4437265613187252,0.6029196788314349,0.7652286415671448,0.7876579366523715,0.9065319525192997,0.8614874958586428,0.41060227460679455,0.9194765072919422,0.1327196818010769,0.8692824867405101,0.13626800379212484,0.9102857959051535,0.8880995821840624,0.27154942144313393,0.6717330920189529,0.7403147712301877,0.9326232656446156,0.8518972563173332,0.9248307101009873,0.8517288088838161,0.9129090606288367,1.0,0.9736556064947136,0.8670113661812293,0.9220985949955751,0.8079797112469477,0.6335378094500385,0.9217444001339848,0.8540516405273997,0.6739795814115275,0.7412801649037902,0.6362106465550857,0.7154595649933714,0.8144596802351365,0.789515819438182,0.3830999274142533,0.786577829452198,0.856304644562548,0.883915174585164,0.4455545203436601,0.4365467143447668,0.5908356016541414,0.8547561482172855,0.6954129458120301,0.4223345345064413,0.7306176024273253,0.8119306680688081,0.9441049958816233,0.8481299305198214
VTI,0.7462825205405265,0.8024013744143433,0.690994672404827,0.7989722551549359,0.8427948961227175,0.801606610216717,0.793570695352205,0.7486467834461596,0.7035408931724844,0.9851065629822735,0.8117705620016897,0.7902543769234248,0.7091942996519978,0.6668417568434452,0.7484438602186357,0.24997397747207686,0.23193776629431145,0.1980481231533052,0.8745539753582603,0.768437987744783,0.9165478365482186,0.650701783948912,0.8653013224724138,0.9826108181548558,0.5681388014470472,0.23070702891408879,0.4936069749098678,0.5070197785239283,0.6534624561304985,0.6301787830009936,0.8302110944912531,0.7193839105375593,0.42103272580240614,0.7077386772911498,0.7163452813503357,0.6128178409589696,0.8047880961027262,0.692709603328507,0.9966546989229141,0.7627863914953641,0.7258263607395441,0.7316405350604865,0.4453369824073018,0.6949191141439338,0.6421112775175574,0.513413797379405,0.801044947235963,0.6388152547051611,0.7080090814730235,0.6770312580282661,0.6945721742415839,0.6717806970864083,0.5437318123676282,0.5701993026866873,0.5694511962727806,0.8627636423079912,0.766234389785127,0.8724505194299443,0.7781184154601464,0.6471077517905244,0.7651642416896985,0.7873914453914528,0.3352695509169617,0.36963919491783837,0.15307622474153346,0.6287261281947281,0.09638631238335311,0.8145646487359165,0.9945896718969075,0.8246137417632593,0.27965249298974487,0.6922758659554993,0.5978902058143839,0.8046658975868151,0.8025175091018463,0.6967506366443712,0.5784394931037397,0.40151174673401574,0.8987282283979505,0.866576801880455,0.8697434475710155,0.7036706253390383,0.9640614213619078,0.9722467253998559,0.6794736183810179,0.863013162646908,0.6142979387363774,0.8892600294162363,0.4286486040178427,0.5906433389567527,0.4011076951473582,0.42416150957565174,0.9898880795167397,0.47255512663318255,0.8936735238780376,0.4760424155353911,0.8477004758439789,0.6970844520614552,0.6232011415032295,0.8059536213724176,0.6354079218293931,0.8769047648028155,0.7450124605988568,0.9204562790155938,0.9481105554877977,0.8922933039772175,0.8727649470327288,0.6694836194694931,0.9280889386748716,0.838450933974961,0.8980250027841595,0.19746915167893284,0.7777496498973203,0.6837070009055062,0.7818986934237178,0.26465605023403643,0.3808168582635811,0.8156115421247169,0.5047349166026694,0.996128955026606,0.7025304564272786,0.9930007271696428,0.3187327170641942,0.3874553969597704,0.5452942008373164,0.8987866616371938,0.5186938225903339,0.9558474014113038,0.2737482270223559,0.41106390976273793,0.5599292055506907,0.7589007207168078,0.8168034998058846,0.918536409654988,0.8684816534341979,0.3890217990483046,0.8162323544260228,0.09503415023733192,0.7666673610634253,0.11087433494501649,0.9326182427131089,0.8031683748889026,0.2324694316898053,0.671269130486636,0.6361334989824585,0.9445654804739477,0.8563028684954525,0.9427535505386846,0.7502638973697077,0.8044206047913526,0.9736556064947136,1.0,0.8727489565709468,0.9571670892510048,0.6986932863856311,0.5938244130196219,0.8129921945951033,0.7406209552926734,0.718486931127861,0.7432199486307659,0.6438650705446973,0.7112135958380695,0.7835670980732008,0.8245756343208419,0.38740294089518124,0.8068410725268899,0.8607191946871956,0.9071689582313037,0.45105565798092423,0.4347325472332176,0.6074586651256654,0.8851903686882671,0.6544035887557969,0.437868239447443,0.7536809078060961,0.7031757022642089,0.9254415142722899,0.8711070946501496
VTV,0.6839476594309087,0.5868534414925827,0.558509032821524,0.5870733987210155,0.6531278714825117,0.5644584923567333,0.7775997335628179,0.7366838445401452,0.5970955197565398,0.9118381227164192,0.8526381494586756,0.8039647170934777,0.6446577324019558,0.6049193865907426,0.5755706896037288,0.23381237148625075,0.21608466782323388,0.18340729288941424,0.6823955554881207,0.5713430678880994,0.9353467448248601,0.8275959290159443,0.9347409844537142,0.823301024994322,0.5608122911496415,0.21671936377578138,0.46405567567978495,0.49096354655904995,0.5717247076105647,0.6725898250511719,0.7382177477327063,0.7601700705207571,0.38461113057444785,0.5840481429487515,0.6073470461382267,0.5950671556045657,0.7711486654592418,0.57767478263909,0.8619004211137123,0.7484714934731941,0.6796546216703734,0.68116525693268,0.4179367970851875,0.6842740617613987,0.6667397309792646,0.4852534317406914,0.6809490604089308,0.6467102680498131,0.6890475958513583,0.610046450880636,0.547795804382083,0.7334630249988148,0.5349829030315626,0.46244178819562515,0.5332126485630638,0.6103636948701567,0.7115189482662925,0.8744547100607335,0.7485558108953088,0.5978718775485319,0.7700267915886924,0.8996073350775275,0.3346913330640995,0.3542687480369438,0.15680702489770174,0.7089627641965311,0.097243080695129,0.7883362844439972,0.8770502081431617,0.7816465646633737,0.25487282657302435,0.6634889013703388,0.5147176593086921,0.6456868113682105,0.5587781365613222,0.6947008059944626,0.5290936785355969,0.5460656764769785,0.6558533592101308,0.9162841874369437,0.6829994652062413,0.6645478670169731,0.8399089929229644,0.8936139627915042,0.7528301366107314,0.8195959775557636,0.7544255157638778,0.7546354818951301,0.42850409736956274,0.505806513280072,0.369465538729556,0.3450942538859997,0.8313040159988274,0.5615054647951823,0.849822899662426,0.5719545241481346,0.854915592219998,0.5669398618647586,0.5930461975860808,0.8357194372274998,0.6307037556810065,0.9226555033505015,0.6048152617067513,0.784447906677357,0.7087774733119263,0.6560278500018354,0.6968532702111186,0.6981424011548241,0.9560436116015528,0.781827918066787,0.8495251557831992,0.20368561014826805,0.736900041417397,0.7125501097846756,0.7078042389862347,0.23944254767541018,0.36152748460758866,0.5932399416110135,0.4567994719767939,0.8665987732883089,0.8853433833085086,0.8560922347724561,0.29553977510747376,0.35928833644570246,0.457592619391192,0.7550262725301761,0.459520019111135,0.7284121062532395,0.2544368593941376,0.36252030115859324,0.46693954855078246,0.6884442693731322,0.8879026494607059,0.797252398173272,0.9066396019141656,0.3596895662877378,0.7755473066151632,0.08977839211449745,0.747039468326632,0.10888375502068255,0.9508386783281252,0.7715572029944016,0.21868372691708687,0.7573656827517677,0.6490864183184252,0.9173664618492805,0.9607495248320079,0.8041889235625543,0.6795110089311116,0.7292849684573519,0.8670113661812293,0.8727489565709468,1.0,0.7060608379186841,0.5967031957532433,0.5443819265847251,0.754361837807969,0.7713009434094841,0.507973666315425,0.7065119794999252,0.5595248594431941,0.7125679416091102,0.8562078039333616,0.6578782974369739,0.5394127344053347,0.8832059816904136,0.8957516966248228,0.666467939183885,0.6395089350613569,0.6019283099581124,0.7396445723749924,0.7181961281590586,0.6512206275154376,0.5269549275551171,0.7094850916444667,0.5790576500580049,0.7607162441966455,0.784418447356765
VUG,0.6939968741355729,0.8233090115859192,0.6614230117414864,0.811459427122642,0.8361845987851937,0.8351401876718562,0.7074966222798548,0.661029278928594,0.6723866229303894,0.9084002124795395,0.6659887224223977,0.685006173388128,0.6591707201920716,0.6218096814836949,0.7455543572820722,0.22461642288002226,0.21237090529266575,0.18911335207593405,0.8745958494782637,0.7891502339246955,0.8060950121975019,0.46466615018729424,0.7372525713836428,0.9655053756672547,0.49760067394394125,0.20906377253900238,0.4471459974824187,0.44306216098379303,0.6173980514916939,0.5429193810477929,0.7869555439424282,0.611021490294461,0.38976197383659744,0.6892996576579227,0.6855436786506458,0.5482904108049695,0.73064050753424,0.6675576213652097,0.9639909570300821,0.6780730117410405,0.6665100553781744,0.6756214866131989,0.4012737544369729,0.6203242433988273,0.5628685998240849,0.47087583932587845,0.7754710076934641,0.5597777020947919,0.6364141428225382,0.6291227484585058,0.6886347441073044,0.5637456121142479,0.47521733504530783,0.5556244972804659,0.5155548708436376,0.9094247027459522,0.7085169900850846,0.7436223692483569,0.6982427410463478,0.592580074264,0.6695276528247354,0.6502568471871927,0.2896576948228608,0.3260471774462159,0.12908100374563208,0.5002268244847805,0.08215185414403477,0.7326514995734161,0.9523163416859013,0.750170334868433,0.2619330132290072,0.6190113635896713,0.5589522424516452,0.7862650263620091,0.8509176825228555,0.6258284634191819,0.540018406510499,0.26778322115162384,0.9378951732285103,0.749884214957326,0.8806304436068926,0.6215350538145887,0.9226233245637547,0.9108559776740476,0.534532416684242,0.7777367905356657,0.46520856061995475,0.8408342390318596,0.37432346410979106,0.5567203769994604,0.3693508623099231,0.41324084172027076,0.975032611722163,0.36382848704187404,0.81688812691785,0.34723373492493403,0.7293315257022746,0.6629121565288588,0.558777094225382,0.6909662220106919,0.5516478996796566,0.7424766397190502,0.7160194871643145,0.8793977361971947,0.9831903758978836,0.9227651215128163,0.8793963302542237,0.560907309356152,0.8021876132021833,0.7527947077828379,0.7946290623875648,0.1697335632773891,0.7080963678819175,0.5745267478123509,0.7311046848306075,0.2442059703049847,0.33739658846160836,0.8444946807325546,0.474185398816913,0.9607223294067092,0.5130746559726888,0.9636065041475431,0.2979113568158345,0.356177969237968,0.5097237965228518,0.8757241652763614,0.48483747499537133,0.988001005533248,0.2504056872355853,0.38325065665891955,0.5347658227906776,0.7106665724334713,0.7039461779850034,0.8594308063811908,0.723208796291293,0.35524443423003016,0.7420216895653451,0.08772942455179364,0.6905771507612912,0.09278017750576939,0.8263801801575167,0.7319775032370975,0.21139389132659503,0.5434392266596761,0.5499736459522095,0.8470466105493494,0.6933703489591083,0.90804450645109,0.6969296405936241,0.7501883995622398,0.9220985949955751,0.9571670892510048,0.7060608379186841,1.0,0.6668173029481989,0.5510524157019114,0.7475030346388666,0.6343655955041688,0.7477918397330893,0.6638728985647284,0.6001839306240752,0.6123436214146097,0.6465380112559986,0.8369364538364998,0.24925668205671384,0.6743930393147866,0.7362251682488525,0.9458787121876435,0.32234305884458,0.3021546373060604,0.4810604343642231,0.8779122398107022,0.5596443877217487,0.32254172205575377,0.6736809536619369,0.683087266104123,0.9061860206624909,0.8253653637495583
VWO,0.5705338994816481,0.6140025567074875,0.5503051651729499,0.611988090709154,0.6746167427746413,0.607687575207921,0.8032694849055757,0.7812041821061407,0.9631055390212337,0.6955597891916995,0.581412155896784,0.6900194958575311,0.670861555487413,0.5378019985397415,0.6008011101125977,0.21485791519527356,0.218904349754717,0.1835045674767885,0.7364842809491909,0.5063822381314169,0.6168366801245527,0.46155639181277713,0.5797885400784595,0.6905771286955806,0.8236552943912352,0.22092498521845944,0.6593874397626648,0.593150725854327,0.9093390410878028,0.6426033900105087,0.7987528656049409,0.7517837734964286,0.4660059231274015,0.5746515826765356,0.8596109547458922,0.6575833956704772,0.8005626322509435,0.96761338217267,0.6930576541329325,0.7474522554269514,0.7181057661312487,0.7174206458027733,0.7468892775725121,0.6905051591247157,0.6178139588382842,0.587773965460212,0.787648088768138,0.6450410059238689,0.7162899258520522,0.7348166138371237,0.8029238400890034,0.7004291530222205,0.6098358954210831,0.6974994915275349,0.7701910714310329,0.5985213688395938,0.7612866963015379,0.6400781536436903,0.8070971794764183,0.9469420330300318,0.7959077748263425,0.47233285265733926,0.47579892332566515,0.5053333043934217,0.3351553332645259,0.6611838921659665,0.12985850636333712,0.7885134131831623,0.6768447230930942,0.7264918686992332,0.28804222593908346,0.529827035059795,0.619307463555256,0.7031207521887938,0.5231252969787853,0.4476343869833124,0.6277751813908445,0.3284055884861511,0.7034498539441124,0.5573837320714039,0.6266397212316255,0.5721189985070455,0.6895564993996168,0.6699793996294494,0.44076599549033124,0.5996147704774392,0.3349416529704146,0.7250966038572173,0.4705611991443187,0.730159870754577,0.3340992108724926,0.8384219398014892,0.6843215825409298,0.33512531658901235,0.6177517440711386,0.3852342690742343,0.6065367736439232,0.6348494150945668,0.4697412314577454,0.538505556426182,0.7579240211834724,0.5802156378075157,0.6600648770915588,0.7303700685024961,0.6837413681555323,0.6875876518621773,0.6363561897985146,0.520328651452476,0.6474624300666733,0.6199550473154591,0.669485193317075,0.14346073021466357,0.783786045361285,0.7620310987592785,0.5929746095714087,0.4105436519290209,0.5012652357266053,0.6759747700920855,0.5554277760608219,0.6880090260503904,0.4788207354781761,0.683141121956259,0.29866613595511293,0.32278057715151376,0.5819281304554896,0.6802800585819397,0.6550258427080008,0.6493800424022944,0.2843519260110521,0.42659248474099154,0.5493624779253788,0.572627489879637,0.4939549919041949,0.6869833773058124,0.6210610311439304,0.3155701300825063,0.8225983450474622,0.1190595083900126,0.7660592740557965,0.11202457235114359,0.6147255233316884,0.7670962775878327,0.22970476864533154,0.45993916328327134,0.7342470657957588,0.6719744420929478,0.5932199988480404,0.6827811777167663,0.7948826881009695,0.8990224101781412,0.8079797112469477,0.6986932863856311,0.5967031957532433,0.6668173029481989,1.0,0.5224308277024197,0.9008043952127133,0.8160933773399914,0.47952256805651694,0.5285492860626936,0.5050280357218807,0.5137355293399442,0.6378444282156575,0.5459841577094513,0.2707783455864922,0.5108783473317716,0.5969816094989655,0.6635751074930356,0.25565049539319395,0.2703896209162155,0.361335217623478,0.6142204001963966,0.6065887048243137,0.29723995269399334,0.5255381788554696,0.964983606881388,0.7893468346953674,0.6161517628772991
VWOB,0.8053315962256267,0.5205969331648649,0.49216806080303005,0.5098499157840999,0.5041106971513646,0.4978917355655591,0.6285429201586434,0.5955410513280045,0.5196845206958778,0.5824840502712594,0.49986917124600627,0.554243200451677,0.5208778455248015,0.5052677316490632,0.44089155505194083,0.7296144061748454,0.7391355002994603,0.60446820803817,0.565627608971322,0.4382488659919701,0.5523487137994683,0.5025410514296073,0.5161307521994555,0.5815101704466868,0.4921108527424422,0.73338864302456,0.7246116498276879,0.44631893163078495,0.5168962897097124,0.614757349137749,0.6282111753668755,0.5940950961718947,0.3470159513439638,0.4794236254687525,0.511870184618914,0.518553968719182,0.6367712842700259,0.5123435391086751,0.5904293894205527,0.5883018359337264,0.5895183988802066,0.606998534808368,0.35352036037348766,0.5795779448121816,0.5681997256809703,0.39104025931874786,0.5814139593785929,0.5504308553004987,0.5928700733007484,0.540140247376379,0.4493966666570085,0.5557491367581339,0.45651135899895345,0.4020536826019812,0.5001240531655459,0.5256733488988039,0.6095909895087692,0.5715514283604373,0.6469329013384024,0.5078070848460458,0.6049271855200926,0.5222978271453521,0.3551212665119115,0.37757332824703693,0.26226137056545823,0.4287782426072647,0.6259494218895679,0.6350663269781307,0.5865039687426999,0.5157475825251623,0.5925088462779758,0.49193581564875044,0.4939159947996942,0.5227295346983465,0.4642250592312996,0.4781144830240255,0.4347156407049868,0.19847870255669486,0.4992861672528036,0.5291344440539699,0.4809923774589845,0.4595423636664362,0.5599328299550035,0.5916293522670802,0.40316367426550287,0.5464241322641917,0.36002285077600504,0.5643635838429044,0.271579814939638,0.40417317215376064,0.8118688753122587,0.3354649645437036,0.568963527101876,0.2661774491022582,0.6023642204546823,0.20053218829333255,0.5208220650838328,0.4701297933311622,0.624045823800472,0.583052264963546,0.4473012399150092,0.5480252363747201,0.4856716437572559,0.5928400229016706,0.5363641965778705,0.5101833064577341,0.461294996707481,0.610985848523747,0.6100824126505713,0.4758576469828585,0.575965444172996,0.6174632259420296,0.6510278006835041,0.5906092175357492,0.7902675969010721,0.24985988944926185,0.35243806652719234,0.43804096549375493,0.37204492407681244,0.5836493608398375,0.5302893516587733,0.5828762632893383,0.7230261303217814,0.8025922834219229,0.4307568457330842,0.5065434235472481,0.44444762835284,0.5468440101158939,0.19652998015298068,0.23787969583587426,0.33008647739218816,0.8019307460155607,0.5354877386279531,0.58950713689429,0.5701152162185067,0.7831806899542973,0.6347534575240902,0.6309463858666634,0.6278573838168778,0.6382432904620229,0.5800694400159392,0.6316588370580121,0.7197188036320555,0.5934520008508685,0.6251230592981136,0.6153435772742303,0.5798870172860153,0.5900304457841228,0.5575317792158023,0.6216192216184508,0.6335378094500385,0.5938244130196219,0.5443819265847251,0.5510524157019114,0.5224308277024197,1.0,0.6254582119934863,0.6032492684021468,0.46522524535387066,0.44050249218240634,0.4612324069827114,0.5969413846948136,0.5390633124579768,0.512840575610946,0.1610834655064401,0.4810794215428034,0.5242940803162505,0.488043394973244,0.35577591260010555,0.4245780925530218,0.4140346318223751,0.5585914163864385,0.39075335630299474,0.1791737398926246,0.5102822447812202,0.5152757362410202,0.6075024034425573,0.4694943846247467
VXUS,0.6817885713580756,0.662059122890746,0.6053315914487527,0.6562490847284413,0.7302836904985923,0.6454520054716412,0.9707624745563268,0.9332462206826085,0.9107176269175692,0.8185073646500767,0.7000718257066256,0.8269946132883262,0.8358921420647422,0.6107025073745129,0.6556204938943253,0.2883481414014551,0.29439983780087764,0.24633388232935982,0.8307364762064089,0.5759070440187435,0.7584304105274506,0.5950745308450731,0.7262600134575548,0.7959876517966552,0.7833497137564945,0.2942791307450725,0.7189210839743914,0.6372906240904751,0.8785211104730206,0.8344102837446074,0.956300511405131,0.9287745618515016,0.49888311806887553,0.66063224046688,0.8834231643215364,0.7601740067683543,0.9730248353097246,0.9020437387195968,0.8055415856500378,0.8744773711918365,0.8692198652000526,0.8865746502632096,0.6500909069648171,0.8622815489535861,0.8013654987176801,0.6170328667276918,0.901413106961367,0.8160231618825382,0.8832196444071339,0.7925458529747296,0.7950874756820043,0.8644940429756225,0.6643061933187284,0.7447978701985104,0.7743453506923249,0.6523254960966546,0.9200405075891703,0.7616257386448807,0.9572643481392309,0.870561025445838,0.9633789314146818,0.630794694612066,0.5317397120834646,0.5627271182050685,0.36543443946710813,0.7532095046614733,0.17867573729602812,0.9652070136175257,0.7969757551965301,0.8755025247881257,0.3344355480590509,0.6117579142749007,0.6650658311092754,0.7519278055508499,0.5792004780576232,0.5655477183111287,0.6533574065377543,0.4004805775960973,0.7721666106923968,0.7023576332028144,0.7116678743389524,0.6578320187384448,0.8028466754730402,0.7970115570812986,0.5555754467613641,0.7155692949467712,0.4751107834614196,0.7978495202539465,0.47286217360208455,0.7027985659097704,0.42687496833737715,0.6417376438983646,0.7910260726322078,0.3989715684167142,0.7368811288369888,0.45373388587244073,0.7391920808279625,0.6654562918707728,0.5809461072652063,0.6826108892058674,0.810399779896568,0.7205903249234864,0.6979131086583623,0.8037707838514996,0.7599285899318894,0.7434814594669142,0.7086137490245673,0.6309590464111351,0.7889470492238866,0.7160885718862028,0.7824373432371251,0.2236382610653363,0.9464153790363639,0.8074949082005377,0.7076878122330249,0.43868622013203834,0.5525107298899824,0.7209477226863018,0.5636519724727919,0.8031746781070952,0.6249224601221418,0.7978449037003461,0.38179713707114477,0.413429292000625,0.5881414876804858,0.7559524701327681,0.6640878563561732,0.7379930274072143,0.30192798975049473,0.4446746899993586,0.604326818611724,0.6867818655473459,0.6434505945618703,0.782598808112442,0.7518072882893693,0.40318292962433394,0.986439447519563,0.18051139446348938,0.9407081744595999,0.16672557705517538,0.7617779894860516,0.9271466826046725,0.3074676867505935,0.5948313910371357,0.8331440928254917,0.800743542323875,0.7448377369341196,0.7820913008902877,0.924125769528719,0.9896000018381333,0.9217444001339848,0.8129921945951033,0.754361837807969,0.7475030346388666,0.9008043952127133,0.6254582119934863,1.0,0.9492005319741327,0.5192805601139511,0.6499134372357434,0.5612046261392294,0.6384427590733879,0.7709012727607852,0.6338481419197721,0.3341944399224717,0.6572600079528819,0.7439787284875237,0.7330947177913612,0.38146161328046274,0.38841364977442894,0.4970942911039474,0.6991087935590311,0.6838728580819818,0.35100754265547723,0.6118108782061865,0.901384250501137,0.8643620015933581,0.7103065272225546
VYMI,0.6466674175889378,0.5594343680142102,0.5064527889923758,0.5418069903449513,0.6152035630991955,0.5313493903374482,0.9677949665774668,0.9340587528099862,0.8083846114874581,0.7672143113314026,0.7067281866180135,0.8447403101104979,0.791020935390508,0.5875155660741627,0.5571784390492917,0.26600926108090367,0.272141166937086,0.2050402252472904,0.7128930740183423,0.4782587537498524,0.7426894151216142,0.673111024647625,0.7444529748859621,0.7083731613888719,0.802160253898258,0.27165946639077315,0.7189085714530643,0.6350957608394869,0.7858215052979395,0.8708322731082511,0.877910319955612,0.9811721588061145,0.5004032763242773,0.5877954627822556,0.7742342710162279,0.7746390978234311,0.9535654870875557,0.7896432339944156,0.7307523866889895,0.8852520767351452,0.8392462254204824,0.8715021099979919,0.6204513353323103,0.8827059254935186,0.8048643187258817,0.6011035637120881,0.8144061985754857,0.8543766732660772,0.8798211160413818,0.7721486933187615,0.6839083946363581,0.916951395186394,0.6685694313582599,0.6126084647501602,0.7515013926123459,0.5450353678436227,0.895719791146022,0.7355873505247635,0.9363204264345153,0.8407354801910543,0.97170777770055,0.657505532848413,0.5194203288878843,0.5461952714524886,0.35816007846499287,0.8131682178136382,0.1630599923916189,0.9571728309814964,0.7289871810339337,0.8424055639939981,0.30676003656691003,0.5572641261634049,0.5894860949170372,0.6243406920178878,0.4735173488429121,0.5464479815659152,0.6067254398874613,0.5121771572414154,0.6297120955409856,0.701918870090654,0.6164819084242588,0.6206583996598185,0.7066951619749127,0.7296201189298276,0.5865016661014101,0.6829792910241298,0.5502882070951491,0.6949077240597027,0.48072250563540403,0.6283019635111126,0.40003813985897096,0.5715309840213484,0.710642475053384,0.4693310026386645,0.6991014293749128,0.5154993317276866,0.6943603461635497,0.5684829872199757,0.5555836250130245,0.6558435787406103,0.8066734060932912,0.7241678420822905,0.5873750371945167,0.7022222324941656,0.6335218736492076,0.59872231626041,0.6161444328436425,0.6464591563539372,0.7705616020139431,0.6794543725584383,0.7199844261771963,0.22764375103800172,0.9211684630191483,0.8398622168036514,0.6735955525142704,0.42747776435671075,0.5340811895233368,0.5753079621302801,0.515243728674415,0.7322408764623384,0.6965365074038314,0.7231099657960753,0.3625730178281858,0.3879858709494366,0.5124423901182953,0.6551224416165156,0.6295190058145976,0.6395016399210338,0.29626871116467784,0.4133868843809793,0.5442446366908525,0.649687086934468,0.6458690397250304,0.688790182501261,0.7453143694433508,0.3778642960814323,0.9521385434565619,0.16313794422108066,0.9338678466205687,0.14868358136790763,0.7390380925084862,0.900528222025701,0.2894012678586289,0.615516135753052,0.8328400109222465,0.7548050196955634,0.7646504738682574,0.6835415358306426,0.850508224363629,0.9222851824305204,0.8540516405273997,0.7406209552926734,0.7713009434094841,0.6343655955041688,0.8160933773399914,0.6032492684021468,0.9492005319741327,1.0,0.4311183306767968,0.5955677756661439,0.49387669022333264,0.5930143870435552,0.7759514502591877,0.5768155011155829,0.43518041093287846,0.6883274555028355,0.7090341236807434,0.5978433128170528,0.4547334541606716,0.4344409917878843,0.5216731069793016,0.6244696875520782,0.6637656093963966,0.42274846785697207,0.5766381860255383,0.7804795638725173,0.7557388811026147,0.669548413398341
WCLD,0.5830607128234082,0.8412555482081687,0.6893584500245746,0.8015698238035738,0.6969127184923253,0.8294090757609767,0.4919225622696278,0.4645996716574703,0.4470529944310455,0.6779049344477986,0.5761471971703178,0.5378963534582403,0.4370872464336735,0.5165040845806269,0.6251374891401789,0.22714840619240123,0.21736759441388256,0.16537415076605086,0.6939478475143842,0.8700278615069273,0.5988421700293497,0.39348232398559585,0.5199196983648662,0.7074302020340301,0.33865868552393763,0.21433017949382135,0.34447319366915,0.30816729647160557,0.410121094092416,0.4169616885080616,0.5575685080774936,0.41200578702131435,0.267305958704564,0.5504707746371404,0.41787653481228343,0.3877734192082136,0.5108121413338571,0.45390501517317283,0.7135442051146765,0.4852931644735578,0.5050244703529998,0.5023002884153304,0.2964167271813266,0.4273236027419008,0.41172432753207105,0.31962700105960296,0.5327945956730327,0.38212411718872086,0.44623800891242305,0.5099789179414675,0.4369391304194995,0.3830708109636747,0.32593311580935425,0.3189444784508612,0.3594934505307231,0.8778057403849326,0.49310078989709355,0.6472703159010651,0.508106482032302,0.4070660613063701,0.44874376255584136,0.510194924479837,0.17981139643491592,0.21854399530489002,0.04590165214224391,0.3499738011768634,0.12011034322418593,0.5191996642776429,0.7034440252770833,0.5088191364461465,0.25017644548240325,0.5525544677765323,0.44231313560365443,0.6488721229295431,0.9111099253905399,0.5484316257621791,0.37087730839843086,0.20415562308817314,0.6421338347570016,0.5277127838090214,0.5951053053115262,0.5197295750490967,0.687146853520828,0.7170037636640579,0.49062293784563793,0.6931788590821643,0.4218874181635457,0.728807260978012,0.27135972209260495,0.443028226044375,0.33449676230671377,0.3587513300376742,0.6933134974542229,0.30944485189097276,0.7462430904354551,0.2572374476141308,0.5176678438603755,0.5954099818716381,0.4812085113535362,0.5948212730066622,0.3550288282107614,0.6186255670239725,0.5842145836503365,0.7788879034312738,0.7110491826970409,0.7653141194170151,0.6221103892294707,0.49296013408251144,0.6618466092129969,0.614882964290541,0.6920084640667872,0.17882350656364654,0.5295316999426779,0.4739094031033755,0.6122814279101217,0.12900982959574223,0.22758902664936861,0.5337555804073553,0.3237805122174462,0.6914540992772061,0.44116341991729435,0.696404701657339,0.2733866168156737,0.32520579581564313,0.4553350572848778,0.6388246254583364,0.3319779629318154,0.7339821411332208,0.15679815890831394,0.23737847302472287,0.37427872155922826,0.6027862442836172,0.5759077032193345,0.7785299954761136,0.6205211433565432,0.32193516536552585,0.5122248405233379,0.11811164382929258,0.4890793018377343,0.12952427948173828,0.6013288195966244,0.5621465468801725,0.2182960437620193,0.4884945118324187,0.4386739824971343,0.7229737793085548,0.5628696878903362,0.7937531008568276,0.4488770797008762,0.5230693703443884,0.6739795814115275,0.718486931127861,0.507973666315425,0.7477918397330893,0.47952256805651694,0.46522524535387066,0.5192805601139511,0.4311183306767968,1.0,0.509173124806716,0.5792992848220193,0.5187840124429776,0.48492434036158866,0.6688852563645561,0.2043909717415607,0.5522192968525775,0.5080545467509228,0.6646200831723474,0.20151411691266669,0.16854627469410927,0.3688683615221763,0.7074965290357094,0.4050836107511098,0.29547482142218845,0.6579362599889607,0.4686235172940143,0.7547873379136799,0.5748340782436573
XAR,0.5815630415507267,0.6291275470817133,0.5963351952689866,0.6560070072090433,0.8052548187844281,0.6283486919335182,0.6518257131081457,0.6410814192628846,0.550842027934794,0.755855852275398,0.6887469551679936,0.6639029129326199,0.5863476295439917,0.5107662795716762,0.6323168139104668,0.19368521855781368,0.19079961181376912,0.21165550328853908,0.7061612168256332,0.5883386538570033,0.7168474443301434,0.5360675976092794,0.6829932938119814,0.7077235554652177,0.42665574862913197,0.1944134593616568,0.36171283264807585,0.4384463333082186,0.5292316303650964,0.5016151205089304,0.6578666233315291,0.5794720629234222,0.32691568641780594,0.5656491843962915,0.5823859099845746,0.484071520125131,0.6403775836177299,0.5384276027652848,0.7265399180699669,0.6199541477930266,0.5684870406887292,0.5669270007187359,0.33072504306753664,0.5585348388542984,0.5109482409667686,0.4122398061918131,0.608580626336863,0.5062015039471381,0.548129555842629,0.5273002094507802,0.5345324233405454,0.5450040952909225,0.4588921687496018,0.4821447065984787,0.48570811534954955,0.597522122401888,0.5895567287343585,0.7359395471178014,0.6386878895100873,0.47962275735465176,0.6181312141177951,0.6098317953286784,0.3651024460975094,0.39681649837679145,0.2321368985218109,0.5301941500093386,0.08746946183028068,0.6486241554010602,0.7281345355876718,0.6497726853302501,0.21437925295337779,0.5480549693699365,0.544996570689586,0.7072631917073213,0.5663212674259847,0.5107509653038038,0.4153308751000147,0.3382127857391647,0.6351214553469947,0.6638851580153947,0.6302347857593812,0.5992811174396518,0.7649518826046869,0.7136410151116598,0.5644085328919449,0.6894501259712349,0.5110421501667377,0.8065954649616804,0.3476549017718449,0.48656104455775046,0.31399761722586844,0.2915683369092536,0.707743870100279,0.40923714818465834,0.6637688081370191,0.4511558521280266,0.761889909006346,0.6437107234593485,0.5129442681981969,0.6515557249616291,0.5517073066705647,0.7054210126596154,0.6410269188477704,0.7432890938992939,0.6593605394125965,0.6371386158250935,0.619800928358213,0.5285293372863125,0.729883078405338,0.6987441110945705,0.769748466618826,0.17996637009809588,0.6388633317814738,0.529661292894226,0.5968651650615526,0.2735043755601133,0.3943877358380014,0.5929979861157694,0.3797285752992134,0.7237260766250827,0.5421291226921106,0.7204805975702437,0.2673067497894566,0.30176276207201064,0.47746272696042064,0.6496204307357113,0.40920792633041797,0.6514997688944391,0.19422837983704141,0.3586573088326124,0.5872090146406729,0.5808966113882839,0.6074854484914668,0.7820984868147598,0.729199556159413,0.2996704290627513,0.6613236023877168,0.09646546930451778,0.602161794071258,0.09160602913298996,0.7067675034801196,0.6290883777350625,0.1899168638009246,0.5176785253321343,0.5088066233887385,0.7603390722915897,0.6970976492539526,0.7581884645198362,0.6251378583431869,0.6398444354802084,0.7412801649037902,0.7432199486307659,0.7065119794999252,0.6638728985647284,0.5285492860626936,0.44050249218240634,0.6499134372357434,0.5955677756661439,0.509173124806716,1.0,0.547925509502749,0.5665279739834981,0.6411147129853352,0.5484530832670697,0.3326761195483817,0.6332914853553115,0.818832066727967,0.634553092560205,0.3016918134617498,0.3988980920068829,0.4404548205137439,0.6322734609302447,0.6585758027125752,0.3677498944909096,0.5872334177620003,0.5436371120065816,0.7030849762831397,0.6390075924442156
XBI,0.5803198970633366,0.6539180105333456,0.8393135301339395,0.7285415645782392,0.6341827779675543,0.6471507431150388,0.5341013269473502,0.5026724570729663,0.49641538994279094,0.6291421477526904,0.556446137356617,0.5098073414179628,0.4760760770330292,0.44638858452747765,0.5792705571441108,0.262516684482633,0.26454047685251453,0.2237083768331436,0.5953944350673958,0.5284010750324009,0.5813215351370334,0.44179396243573815,0.5179282427954655,0.6100015524337504,0.3987190302825837,0.2571996535998151,0.3978023439374028,0.37265483118948484,0.48107313815126673,0.49100882515142613,0.579588125876632,0.47967617525873335,0.3141733037528784,0.4971205388266854,0.47687721580733883,0.4055098967072478,0.5513297035363658,0.4963519232259853,0.6252835674157958,0.509621782340982,0.5079325142906738,0.48074877328738774,0.3308089658000532,0.45297259992491207,0.5051670536173323,0.3281607009159055,0.520350337208833,0.4429665545006585,0.4770121383481743,0.4994482500253859,0.4372151027318455,0.44796988734401944,0.36117826096958283,0.37923509390911797,0.4238251795228555,0.6047814962249227,0.5008003296335646,0.6232225567348891,0.537591994613876,0.4398108087253282,0.5015190506067286,0.5199600388527968,0.29017712556348113,0.31419760003916186,0.1447748627279448,0.3874689180525606,0.16240753793326732,0.5473009690787024,0.619820049198274,0.5253750956865118,0.2522379891847035,0.9092847558183894,0.5204559722999132,0.623218467243029,0.53541641381954,0.5391134737286304,0.4214479881456669,0.1820796447027997,0.5383731729446122,0.5326867540240273,0.5009638011847907,0.5132328309348622,0.6260641283316062,0.6211227986707631,0.44969338834759676,0.5845716838500521,0.3726606589288807,0.7023285601444657,0.25980047704106696,0.4512543996083939,0.3619389030194114,0.3541830916356545,0.6064073513817212,0.2728288509450643,0.629154608578412,0.26203511625739595,0.5291936947126112,0.61366073273221,0.4514254394646979,0.5595135406504123,0.40576774957023976,0.558971856067059,0.6010641471257996,0.7313846662920235,0.5925441932365801,0.5858767936685365,0.5524185048164026,0.5168718062258006,0.6264435128441505,0.626506835959556,0.7106238939792962,0.1811098815081755,0.5527931258063227,0.5159662655062989,0.5887717354210974,0.19335353160529406,0.31782560354870515,0.4917099861520725,0.38340791569177096,0.6141452813858919,0.47099231084853505,0.6173363747094756,0.31484503991475127,0.35950687657422586,0.49546097336150097,0.5425417281310851,0.36103981991381107,0.5836426163737468,0.14655314201447622,0.27314892506728466,0.40568322779855714,0.5813486420854156,0.5519019867086734,0.7463918640897711,0.6122514974282877,0.3467056948733619,0.5531816767104366,0.1772785594219337,0.5272087889919461,0.16407073909203074,0.5846934292276121,0.5852301800413012,0.26158263758331685,0.5219829897301473,0.49813077269651745,0.6560573409605612,0.5694237944312537,0.6733307600062027,0.5060624271798891,0.565169095395968,0.6362106465550857,0.6438650705446973,0.5595248594431941,0.6001839306240752,0.5050280357218807,0.4612324069827114,0.5612046261392294,0.49387669022333264,0.5792992848220193,0.547925509502749,1.0,0.5365873488080655,0.4970749145918146,0.5390715921615321,0.17189750091946876,0.4817904703538263,0.5303290433696206,0.5400071233980884,0.27364273035184516,0.2810679013586128,0.5649499222821203,0.5792451402915486,0.444420533141987,0.23381318417948727,0.5916811419240003,0.5058133820458323,0.6940145827119673,0.5264361279325072
XHB,0.65891658000616,0.5750420341782466,0.5977295672249598,0.5841665386869995,0.5893200710921668,0.5501565248274491,0.6391852975864242,0.6008729375242717,0.516940579361965,0.7435166636123981,0.7626993891422776,0.6021714975034433,0.5587258147399384,0.49001783687925826,0.5188058476040243,0.39357921266287427,0.39154579207964263,0.3333822340918162,0.638078702189894,0.48487803550027325,0.7121814565689216,0.6113970184285918,0.6533855831140244,0.6809479142680892,0.41279667971062156,0.3909080836365845,0.47577500150639906,0.4162316393369184,0.4989533638822689,0.5672809776787013,0.6607307251248384,0.5924046490647995,0.3018249729268285,0.5196334202167476,0.5247366826143605,0.4701544346172134,0.6489901699911693,0.512408795791053,0.6937006606484559,0.5925720523812944,0.618708525786947,0.5961018703049725,0.35555945350297896,0.5647084585284764,0.5793687757242396,0.4066578727838197,0.6220461645721626,0.5273778800960693,0.6098827541783901,0.5100129169971981,0.4950562165521094,0.5297573637823395,0.43977274694598906,0.4221287445240957,0.4596894901103522,0.5757412191412303,0.6269393268998686,0.819109512756784,0.6534346845344969,0.47177605459165467,0.6185268956467397,0.6702218520443987,0.2644443084053096,0.28425039240826677,0.12767443240232626,0.467040326810917,0.2929114921597348,0.6530145720025529,0.7107476720838999,0.619634229060767,0.3570825090748696,0.5847772243924397,0.5019176351557163,0.5812822643844432,0.49548927696449147,0.5648924324121308,0.4474714525071963,0.21324639214358618,0.5632622131173765,0.6659873028754572,0.5401165089178138,0.6298047331309579,0.6941814973603609,0.7286426798722142,0.6291634269676691,0.690469545706601,0.5136047413680486,0.6997208793315722,0.30349015648228106,0.4624482278793162,0.49769255168828774,0.309942312469347,0.6524279558296358,0.2831515157112139,0.7592081552206427,0.30471640609455614,0.8015863665860444,0.5733463153607513,0.574391607801827,0.8293933544638629,0.48418684825730296,0.7664332043283579,0.6024344480712438,0.7275814355371526,0.6073207102464278,0.5991883410872068,0.547785875741416,0.6677566843037472,0.7982768968826724,0.6540002635588262,0.79631111096798,0.28739708057920427,0.6509028659487812,0.5789417422588942,0.6625285867596084,0.16732255444378535,0.2899801055785549,0.5378036614125473,0.3775746911096757,0.6859730228796195,0.6759395255179813,0.6854472963790659,0.4195026954734084,0.4860781736014342,0.48894572978853323,0.6107909830725388,0.37865538891680495,0.6089812497293268,0.1989846191219495,0.2919253004605515,0.3394793916080486,0.6597802861170246,0.6192137620955859,0.7679791734532821,0.822499526891827,0.4784608901957787,0.652312049871457,0.29133160199517666,0.6334808390063745,0.29531379853802,0.7271833193166846,0.6570324553340189,0.3870039177776274,0.673933629785669,0.5966875286679297,0.7851733974665452,0.7735069564193222,0.7248246278281097,0.5888655330357474,0.6386265846314052,0.7154595649933714,0.7112135958380695,0.7125679416091102,0.6123436214146097,0.5137355293399442,0.5969413846948136,0.6384427590733879,0.5930143870435552,0.5187840124429776,0.5665279739834981,0.5365873488080655,1.0,0.7366255489204336,0.5750565590440798,0.21152263563185264,0.6094004484862434,0.7521425162649521,0.5562787015943039,0.43384596215914123,0.37657459853711694,0.5069948562184234,0.7042428676286245,0.5072280479968545,0.2514374433528104,0.7789441006189086,0.5180517651136503,0.6852546823186649,0.5546380792796398
XLB,0.6348848803319397,0.5595109268870362,0.5376100520136223,0.5522539217849498,0.6116174228718145,0.5295758880711534,0.7917306130080237,0.7696293696518919,0.628332224628479,0.8229746340407962,0.7922096022306009,0.7925222164664377,0.6278705692052977,0.5592459338345025,0.5345735295690719,0.2530245062518517,0.2378669165395225,0.19183493636694762,0.68070193492919,0.5142399212584169,0.8071960760603881,0.7219427862736559,0.7995234002033784,0.7447604903499873,0.6114501775496274,0.23994618759978317,0.5327281794756219,0.561457314434037,0.5976779314462481,0.6749748520726788,0.7455384266580233,0.7603063435913658,0.4064100207873315,0.5560025680613118,0.6139232488401839,0.6150189529355206,0.7726891386045177,0.6111097368141643,0.7691857329508872,0.7571204220680672,0.715752202008616,0.7022027919621177,0.47993757568931134,0.6934133063698021,0.6719059945715704,0.5119087516380294,0.6892241352774274,0.6378713651986231,0.7161072839314158,0.6202186029244421,0.5512166102005949,0.7290855356604292,0.5671405981847383,0.47288825456067846,0.6120913955370475,0.5742376011035301,0.7292592518415985,0.8249803907697302,0.7718185717429494,0.6450367744173179,0.7761559262051251,0.7872110867258423,0.47674893707098726,0.49336239317706726,0.28591614326191594,0.7827050170117101,0.13478261505671968,0.7890665083541599,0.780405057156023,0.7445217428694255,0.262662082091185,0.5895593650638764,0.540931299502159,0.6128858093324363,0.5121222277574649,0.6217017827883837,0.5066659527036269,0.4736123607166357,0.6046707859478138,0.7908985597114413,0.6080291366232169,0.6458362244425271,0.7486174904907205,0.7968791245337323,0.6461989147543052,0.7407515189305377,0.6285654648666468,0.7204987423556765,0.40749739939280866,0.5970615951886094,0.3738509760262639,0.4158365684088544,0.7332341708550459,0.45464565523821965,0.7972073155849652,0.5178346406137622,0.8419339740549175,0.5811929469140827,0.5457952840452768,0.8207142859806194,0.7499076155494107,0.8266352690693176,0.6170735658720807,0.7511607922729139,0.6431945648609037,0.6160248332979232,0.6239687541704786,0.6453965214119235,0.8756014166410552,0.7130076979319201,0.7925947696749054,0.20441757535018584,0.7570763741851672,0.715569706112339,0.6492510090802599,0.36161421296875695,0.4904295291448157,0.5609345421538438,0.4311280833353421,0.7708167775407319,0.788704613763767,0.7612724296869237,0.30094034403084996,0.3647797123083666,0.49782923786968375,0.6724161784883878,0.4916809844643096,0.6541315040109708,0.23981114607392778,0.3418601131502512,0.4852935806610313,0.6326397993149535,0.7444631732551832,0.7573399773176802,0.8525654363715249,0.36279502113723366,0.781809613957896,0.11917666547321121,0.7592236164516717,0.13806175220092923,0.8295862077940884,0.7645418643915266,0.24406841053176764,0.6858641400748108,0.6692400649992148,0.8483967004043941,0.877453952355224,0.7501883689693074,0.6785780279087763,0.7403995467332393,0.8144596802351365,0.7835670980732008,0.8562078039333616,0.6465380112559986,0.6378444282156575,0.5390633124579768,0.7709012727607852,0.7759514502591877,0.48492434036158866,0.6411147129853352,0.4970749145918146,0.7366255489204336,1.0,0.6021014749094135,0.4474801805445518,0.7425589457390595,0.8221140715998116,0.5996124526958785,0.5300915224725324,0.4876943424633297,0.6007043181346737,0.6725365290460867,0.7377808295559272,0.45977040637781696,0.683617689783651,0.6096968840959072,0.7376737847052081,0.6827869385508054
XLC,0.6366920770785397,0.743013084738986,0.5904084659192778,0.7157829527993744,0.6719698158629737,0.7342732079270914,0.6229250920040981,0.5847632880845772,0.5155484710641955,0.7923777511475686,0.6204891051148173,0.6215378468593985,0.5522130686561403,0.5551017047778798,0.6178400083288345,0.21769931740831583,0.2131875883249284,0.19202521624899505,0.7064735676846755,0.6404984405675883,0.7231798669368138,0.5143204573357031,0.6761758280683093,0.8078118118881992,0.43313197953700516,0.21222144503031776,0.40151655123787117,0.38824414874323265,0.4795027605312175,0.5391635272481665,0.6675321839412208,0.5628315188598252,0.33633814199519174,0.5853931344157102,0.5006636942761921,0.4843526024931948,0.640670774771569,0.5194820094781396,0.8258550520710307,0.6014312480071784,0.601865141151561,0.606446203863007,0.3608553656075558,0.5586667278327216,0.5412003981645712,0.4001467163737609,0.6385562425901168,0.5175036259828847,0.5791493285737803,0.5688037094070482,0.48836324214903987,0.519137514189701,0.4208480812759771,0.38011213058165866,0.43522022944593813,0.8641659116797676,0.6188255177693228,0.6796201648025517,0.6204397936765506,0.4907289824949658,0.5865129100421362,0.6495249363516271,0.23101900252793695,0.26538975138958176,0.09351859055779335,0.4457662423746889,0.09165231471696365,0.6509829497504468,0.8254560531625239,0.6499073616624431,0.24461357080466403,0.5652118323072034,0.42803227227531504,0.615845379592042,0.7165920321831711,0.6162078844558985,0.4681081089158327,0.26164175815988544,0.6916657993020089,0.6909978097109599,0.7120414155076568,0.5759674444750326,0.7444552345120866,0.7982169064411778,0.5329097567781643,0.710844561852935,0.5109506193338169,0.7038840976830597,0.33602937587116744,0.4317800327526795,0.35436735150260085,0.3806350680320621,0.8298934190592461,0.35077404589425465,0.7870734311331453,0.289744506898988,0.6067265248842134,0.5274378167420293,0.5175342509744975,0.6374889480204518,0.45532036844597573,0.7133741996666473,0.551706335072029,0.7551736544120876,0.8151192730828325,0.7317713126421569,0.7225394235277435,0.5537471341881219,0.7507313605879357,0.6542056995643566,0.6900766484505881,0.1731491051154891,0.6395311513480592,0.5578967793399272,0.6715795184478759,0.1788266503452445,0.2655519241071016,0.5980504980365531,0.4092597882563773,0.8243143339583898,0.5730202981671476,0.8296725130173634,0.29970788195188264,0.34549425343961565,0.40389945761694923,0.7015882638670291,0.39915004406705856,0.8501017315197811,0.21538388043993903,0.3083233680394729,0.4009001544925155,0.6589107322276854,0.6806902198148571,0.7308027095253014,0.6766920330278806,0.33578166470608917,0.6368205825320103,0.10260072643352398,0.6184501488519073,0.0977142953303725,0.7298688974475532,0.6662406581081166,0.20756859243445736,0.5519710147924879,0.5319232143924489,0.7586420309002464,0.6702549955803577,0.7680415035813999,0.5573772276141039,0.6288913737076102,0.789515819438182,0.8245756343208419,0.6578782974369739,0.8369364538364998,0.5459841577094513,0.512840575610946,0.6338481419197721,0.5768155011155829,0.6688852563645561,0.5484530832670697,0.5390715921615321,0.5750565590440798,0.6021014749094135,1.0,0.24989893030445479,0.6593988217411938,0.629844558261215,0.7028266136439946,0.39230226250477285,0.30311597278925456,0.48544878526520513,0.7815899104440854,0.4488438752764441,0.3005575961267682,0.6538735312546731,0.5325119273977449,0.7629557720715032,0.7044709779934408
XLE,0.28724268026458877,0.2086837033291444,0.16938450750048528,0.20031313521171776,0.2621780685060919,0.2018524343293974,0.3847933242267262,0.41640749822008016,0.2601529779613557,0.472096627832763,0.5702661186987564,0.524764241939963,0.276236988504783,0.3603016610311283,0.22992475843876156,-0.048217771547682135,-0.06622942338848803,-0.11637832940470404,0.25532699486370514,0.24441350863771533,0.4080635750179897,0.5725795415828941,0.5001854181790736,0.3204521347682888,0.3593654443925871,-0.06138684915070821,0.12383680241162301,0.2767390410926298,0.19649906062988176,0.2588654378113533,0.2339927745670963,0.4043370488157257,0.18660721638835323,0.20651454312129855,0.23677004663562445,0.27961733967094676,0.325334435836685,0.23302428911608652,0.37373354121461727,0.41288613401044844,0.2524805072159112,0.2286155993605528,0.2407656842598294,0.2970088161485457,0.19604773109985332,0.19487461468738493,0.23662060438697569,0.2557474612568308,0.2560838586992791,0.28676758577336187,0.22747809387934828,0.40848834428712455,0.2600629530863178,0.14710236022281079,0.22026970953475333,0.217762547097677,0.25996263453512963,0.4512637805624969,0.3499894022436656,0.3371891406791241,0.4161313513017242,0.38558825625067605,0.17754615539782606,0.19924374541910467,0.11025315912872403,0.7290204586560152,-0.12945380540266568,0.35227810856600666,0.37478092338179536,0.34551704577406694,0.025962336259783933,0.20686662220079674,0.2329779111266124,0.25167947121742085,0.2102797979138453,0.23571618230607141,0.14657560265951036,0.9781649300724283,0.22184579847869557,0.41762498925626623,0.2924166908201171,0.19454552098856975,0.3626987597399911,0.38739651902634936,0.39271558344695223,0.3630356993688704,0.3842130537046766,0.32042178337261046,0.285856401934673,0.27399291834854217,0.030438255814188245,0.18545508477113426,0.3501216233605319,0.7494668160515937,0.36503025626074515,0.8648251319668664,0.40874179421945217,0.2807486017121209,0.2807007606985419,0.2972091189486445,0.4391082514110682,0.48727793726247437,0.27469093489243596,0.31431047634249737,0.24607518690828564,0.23680928882113328,0.30110361210397224,0.34930315111947297,0.4642611287570498,0.4209820020719798,0.4088179809729455,0.08370914349997675,0.30528243936920896,0.47362480910266563,0.31365485165789514,0.1593376646026684,0.21085272434722696,0.21812711556594147,0.12458238712821403,0.38012133939287185,0.5358180921461695,0.3414224065628535,0.003151048111745991,0.027833613812740524,0.22713822494896005,0.3151021318205783,0.22290669875674893,0.26299812174641707,0.10064534813410916,0.1265904601153807,0.30741556749016685,0.29391630609583164,0.37232420753530826,0.3451692500999184,0.48431215378304704,0.033237703879774705,0.33742306184808085,-0.13379496831798693,0.2978509000343155,-0.11338834354106292,0.40085214315084905,0.3013130870991225,-0.05417263756857167,0.3047484039455207,0.24832118385241478,0.4397613995687879,0.5191394901693951,0.3361451970528525,0.28827634198557295,0.2754543542766331,0.3830999274142533,0.38740294089518124,0.5394127344053347,0.24925668205671384,0.2707783455864922,0.1610834655064401,0.3341944399224717,0.43518041093287846,0.2043909717415607,0.3326761195483817,0.17189750091946876,0.21152263563185264,0.4474801805445518,0.24989893030445479,1.0,0.4221383726538421,0.4098820084287312,0.23508282250696158,0.22738792013009562,0.2764396156031435,0.2549749515246809,0.2518995936754155,0.47243270317452307,0.9334216446068809,0.2883070560351563,0.22072072591516032,0.2928010698425828,0.3875633933372814
XLF,0.6068823236361481,0.61848826516946,0.5033175919838684,0.5788043268952574,0.5995502825663392,0.5794639029415652,0.6947794457685778,0.6527055094402662,0.48043518002373253,0.8409173492080301,0.7979282221366434,0.7297533392719259,0.5597078245435199,0.6008233302872853,0.5658254931824164,0.1509585338037825,0.12136504343578054,0.09778417745434487,0.6259635192073344,0.5608132633764205,0.8758592736661535,0.7013622892782699,0.858120432865153,0.760385662987439,0.47263504621716185,0.12181689599904673,0.3937490595006835,0.43862449904638057,0.459902272286134,0.5817849795102984,0.6519018038752072,0.6922303237032519,0.3318237093382853,0.5506305951737583,0.48713766621418547,0.5565030605857343,0.6912665212403637,0.4722499806097252,0.7964717511549327,0.6550289673523336,0.6315101029068435,0.6488296139606428,0.3407769425739014,0.6575711428988468,0.5921518376104082,0.4095409880004365,0.6139681323281385,0.6133358370649273,0.6369221663022991,0.5632966920721854,0.43789337332100253,0.6550967157927785,0.4614802547138579,0.3268633330232169,0.44084867745367634,0.6305262007510718,0.6578243153462527,0.8020203448887576,0.657670147350811,0.4997044607698245,0.6694646185388714,0.8177307050768824,0.19912936461920958,0.226199303503385,0.038997379518546406,0.5681558015697475,0.008037509189878937,0.7120672797980842,0.8104709561757976,0.7226504747627536,0.18885735283183158,0.5511039532449804,0.38682018704889104,0.5723439562195748,0.5850854046605061,0.6333534301423427,0.5163505685619644,0.4270591403694733,0.5712296530113993,0.8109840239743951,0.6078452893522812,0.6753898962815594,0.7521998554436472,0.8036204141094339,0.8320488654103875,0.8758603965265285,0.8251139363700633,0.6832289114391529,0.37626149601550685,0.4132769516010091,0.28500582109039807,0.29792672964479733,0.7711352454879522,0.47991561786567083,0.7853882268782166,0.45824150999007496,0.7554732471487194,0.4793700526626594,0.5500013491901184,0.7436113794855823,0.5177519995525505,0.8904472914696254,0.5000390338382507,0.7065826549870099,0.643318901932223,0.5922558329730684,0.6329132805552261,0.6355461196840505,0.8689573846698373,0.7212937360899416,0.7729772164637464,0.10728337580368383,0.6718309661540883,0.6314875089049002,0.6529264638135492,0.13343546191666744,0.2311394459751494,0.49054835561016824,0.43396904976801587,0.7979546287071245,0.7865995005615072,0.7932706828187261,0.20621781831154715,0.27347301142845787,0.3399207565377285,0.6462953131315746,0.3687993032254407,0.704156268194521,0.23728288343462484,0.3473605180560203,0.38866570225339037,0.6286841744982594,0.7766228259045208,0.722566999912017,0.8406916676210412,0.2808792008707973,0.6817866849497181,-0.00464729298872019,0.682338298311912,0.02989677611023751,0.8568062246483231,0.6900245337414556,0.1314445533450029,0.6466609022989788,0.5733647327723748,0.8386202551354511,0.869352054052376,0.7432194624574697,0.5573079945491985,0.6362911079212774,0.786577829452198,0.8068410725268899,0.8832059816904136,0.6743930393147866,0.5108783473317716,0.4810794215428034,0.6572600079528819,0.6883274555028355,0.5522192968525775,0.6332914853553115,0.4817904703538263,0.6094004484862434,0.7425589457390595,0.6593988217411938,0.4221383726538421,1.0,0.7913533255292101,0.5857078216065776,0.4924545015240975,0.4298935160907508,0.5926943384378422,0.6973916605009296,0.537433981264735,0.4299203893078405,0.6534432764852576,0.4795231199344513,0.6687983119915646,0.7254661983442896
XLI,0.6621047038653154,0.6135395182397643,0.5679082375127944,0.621358941545983,0.7286348520194298,0.5990558508988643,0.7532929770936307,0.7164800612695886,0.6125793317202101,0.8961896525560146,0.8262994415389825,0.7512132662111892,0.6519045836988085,0.5808142113637309,0.6127180627336059,0.2084934633865517,0.1929370366605135,0.19116606406265962,0.7463463239062476,0.5843659834458567,0.8789545868491884,0.6861930024116122,0.8481529103699298,0.8239676804865024,0.5021038996860302,0.19867731840296787,0.426358426710869,0.48338282637841223,0.5767709952110132,0.5880266749986209,0.7504423913514124,0.6988909801090322,0.3675760095030249,0.6009379034878217,0.6423722363285335,0.5651519080166898,0.7489534880971161,0.598131300054616,0.8484049359426644,0.7046470073740475,0.6830870265854508,0.6688101657711087,0.3947491502340391,0.6595302829155238,0.6148083607561758,0.4575687711520925,0.7091257981719604,0.598565868822139,0.67260592419753,0.5826268607795196,0.5964952801463214,0.6531881200256996,0.5288336306325021,0.509106847310786,0.5164825467526495,0.6331516481947859,0.7069981205603041,0.8652404143413971,0.7304595020080626,0.5656201589064007,0.7302104422030418,0.7956572338691404,0.3141795835331029,0.34407012130457143,0.1547165694927977,0.6263217273571319,0.08026939852849505,0.7601000632008847,0.8588054208069175,0.7726268679750071,0.22953565887248314,0.5976611687546173,0.5468762312419974,0.7025349623639447,0.5669903460642605,0.6112479592609493,0.5017194097772318,0.41432226667907185,0.7064461905586379,0.8463477975878878,0.7122397862136443,0.7019330003757487,0.866347344320073,0.8626765700452222,0.6973285267952456,0.7952856273779291,0.6454511856232136,0.8062631743609003,0.39125238636223886,0.5247874892625726,0.34366625336444084,0.329683679777162,0.8185279943848097,0.45557422698787114,0.8023173470720878,0.5124910570599349,0.9442940964932858,0.6198840820588067,0.5637416832770765,0.8440425786886019,0.6185792570822779,0.8698015537510337,0.6615939995519604,0.805585358465861,0.7373019186801487,0.7021014554516102,0.7010756739045179,0.6268546467433818,0.9031370006273158,0.7755598425194355,0.8600257797108745,0.1614141824580245,0.7233703470316086,0.629011137410261,0.6837448555035008,0.2284322651919165,0.34828426730796264,0.6677166259022811,0.44080546045894636,0.8502810941354895,0.7347543245796362,0.8434092239724816,0.26973207509313524,0.331437248550244,0.4909724029733511,0.7562782087803426,0.4490895996345407,0.7383196829927012,0.24354521274867005,0.37027125446490833,0.5090219690406617,0.6625670172102807,0.7629316607229923,0.8325975951697787,0.8793512966293053,0.33182528121932364,0.7612073246249469,0.07559859110590543,0.7192466588102812,0.08995336941718311,0.8855725738116063,0.7339639368506989,0.19318403281321977,0.6629871292223481,0.5957303340119554,0.8996773187567366,0.8846201283554516,0.8408178283849831,0.6925877027962941,0.7284542946580124,0.856304644562548,0.8607191946871956,0.8957516966248228,0.7362251682488525,0.5969816094989655,0.5242940803162505,0.7439787284875237,0.7090341236807434,0.5080545467509228,0.818832066727967,0.5303290433696206,0.7521425162649521,0.8221140715998116,0.629844558261215,0.4098820084287312,0.7913533255292101,1.0,0.7084583655555032,0.4641509573623034,0.4935131155922409,0.5742608376853934,0.7248668920483508,0.6629322150733611,0.4256959735772432,0.6986041307658458,0.605430365679217,0.7800952021601687,0.7528075453892598
XLK,0.6272361442188449,0.730498639089505,0.6006695661909645,0.7349861722379621,0.8095830013565711,0.7553945970202639,0.6756902291021828,0.6323997723820879,0.7052800654935103,0.8641464933745601,0.6244638991704585,0.6348326956729792,0.6579962387672897,0.5656406544342458,0.7091127974609363,0.18657927976432448,0.17322505970850516,0.15711147303239176,0.8554892951391043,0.7681953793063587,0.7492860952537387,0.3991350223116006,0.6752250699146456,0.9286972159942608,0.4844321391953514,0.17006667791099758,0.41247083454789424,0.42611685096759694,0.6474043132268823,0.474193260804035,0.7634153257052114,0.5711779440739504,0.3673347145853727,0.6632379217392717,0.7393859901694634,0.5197575373852269,0.6990552855266521,0.6954710893426336,0.9164963782621741,0.6409308160639141,0.6225672280773238,0.632875828496019,0.38545394678094536,0.5730525389243997,0.4962991484785816,0.4500268539866112,0.7760977685059433,0.5173575821348835,0.5902996078357073,0.5816747586330078,0.7470616964188542,0.5170790093060523,0.4620784329589461,0.6356152500763759,0.503628839173155,0.8092155660673597,0.6764879558369271,0.698441022465409,0.6646075346736915,0.5970919684434614,0.6551292526449285,0.5527064003289954,0.30106279348208453,0.3346608875918174,0.1488743054237283,0.4869345219536853,0.05258927264111676,0.6919331563558089,0.9009043785277925,0.7247309775766821,0.22817969206935254,0.551121141549777,0.5571002214276485,0.787255023369347,0.8042187596975476,0.5108899535576301,0.4976026672004743,0.25471185468652874,0.9905084499690742,0.6803982104988008,0.8807158261289709,0.569908395149149,0.911941872654685,0.8758350939678254,0.47758994572525376,0.7034328616480194,0.3665630733333006,0.8131264490314084,0.3624198581652456,0.5562370433209046,0.32103897025944844,0.38531325039550907,0.9278217813694246,0.32716731634538476,0.7367721501581601,0.3558959042247852,0.7144597917302306,0.651692795479174,0.5005330169804718,0.6232145580688367,0.5571953312483454,0.6701480026883909,0.7158405063461748,0.8393946773805282,0.967469879314851,0.9461472979499697,0.8567352775328918,0.4898189621647307,0.7389171539139443,0.7111491465522318,0.7645488565218278,0.13558910111663566,0.6616011190868414,0.5198287133877048,0.6606938264241858,0.2669839564852194,0.35034619630108377,0.9245886619749557,0.4386987480511749,0.9140723417049568,0.4385931396262579,0.9148850499035215,0.24862407059878927,0.30757324522874746,0.5009301400450754,0.9256132969454143,0.47524910973938067,0.9261960950834314,0.2342200046956479,0.3762079570830895,0.5485889559081185,0.6390558245376992,0.6279781647920628,0.8181254839541385,0.6676840015885153,0.3100497959544635,0.7231512723782878,0.05761903396993856,0.6465116362643887,0.06422157099479961,0.7779649253619574,0.6716283572086803,0.17616496397090164,0.4536585772233965,0.48986133702013884,0.7867310256899308,0.6315922150549992,0.8576566968689868,0.7213565256864048,0.7415761103670631,0.883915174585164,0.9071689582313037,0.666467939183885,0.9458787121876435,0.6635751074930356,0.488043394973244,0.7330947177913612,0.5978433128170528,0.6646200831723474,0.634553092560205,0.5400071233980884,0.5562787015943039,0.5996124526958785,0.7028266136439946,0.23508282250696158,0.5857078216065776,0.7084583655555032,1.0,0.22067031019898672,0.2593969576209248,0.3852857336132182,0.7600275707493176,0.5706397085262239,0.30650037300088423,0.5822647376175871,0.7077806867881068,0.8810145111959471,0.782470685016581
XLP,0.4125752801577949,0.2274479254713391,0.2013036700489958,0.20072125413875222,0.20277722700727588,0.19400943644387839,0.4213765736438257,0.3724634762355808,0.21870771597106065,0.45670955996758006,0.3990727453448192,0.4393907926226638,0.2988457812967657,0.3201240467841775,0.18754987230291614,0.23281245872886028,0.23738257038782232,0.19007977463753542,0.2442597694812835,0.21002692398380682,0.5679098037534382,0.6308377789475469,0.6228547375403599,0.4211381730339534,0.30111422385245096,0.23215433590177054,0.31677708235319413,0.232484276869193,0.23938998933244446,0.5536437876926011,0.39326735167819016,0.4583240485923991,0.23616167858167525,0.25733552749310395,0.19963143627541727,0.34028299114832883,0.43353454305778266,0.2112355393676996,0.4510958670684134,0.43158571503671433,0.3739930958768998,0.39963011474612364,0.20501665081778975,0.39347203700219974,0.49567097667366056,0.3297355402244961,0.3119013670336038,0.3801750475576456,0.4283703688378757,0.344306599413113,0.14316123683073084,0.48508167880065095,0.30085477264161214,0.11539203496756133,0.2881466387123818,0.25877206279510007,0.40445928406144566,0.43716075889385797,0.4144601216636905,0.284792672552218,0.41811483562535373,0.7579103305239943,0.18721226955623602,0.1820237647542997,0.08056835658674791,0.3493949091339276,0.17591062384673403,0.4544081117437068,0.4827276036328844,0.3908779569421481,0.21952318573939414,0.39006838872180616,0.19970889458572677,0.18080641024310143,0.2154012240755687,0.537979597782166,0.30518250701888233,0.23798315533239342,0.20881055756823014,0.660484819603521,0.2904278259563786,0.30751837914925345,0.38558452147871514,0.5148710466856723,0.3421572594666568,0.3813427520032593,0.5383596360772054,0.2778498956107206,0.23544290879584764,0.18685865276259112,0.3014757744494037,0.16222780259811156,0.43130003449239424,0.2956791876758424,0.5436697640689272,0.17055259238826856,0.38332277158340844,0.15357742760241122,0.33625124431120984,0.5513098390516372,0.2608967555438792,0.5355562636562952,0.17723118859549733,0.3543823488782076,0.3064070370413726,0.20298952368219467,0.3325693757475619,0.4365393766141585,0.588707552481486,0.37313212843434346,0.37227211233274976,0.19747467124085974,0.4045276272287048,0.4137864465673299,0.40835229351258995,0.09024307508488173,0.17209112368753132,0.1185093710068375,0.24054189810732676,0.4601825275885569,0.6652366489995905,0.46180701696284937,0.28374272308708914,0.29730789576342315,0.16125108272988944,0.3037009906540871,0.2503369081666587,0.3613657451372219,0.15447647001103548,0.175703062774441,0.11733412206597747,0.40977530731893186,0.7363147608127041,0.3382075198425073,0.4836966990623363,0.29037602883471103,0.4113641825846508,0.1723687760422528,0.44744354062225283,0.16362542178144532,0.6391490912660441,0.49152428526968706,0.22565392112052648,0.5969110492572137,0.4250426371693348,0.5111676198647581,0.6189574747134949,0.37067289848868623,0.29463794489789175,0.3568068210318291,0.4455545203436601,0.45105565798092423,0.6395089350613569,0.32234305884458,0.25565049539319395,0.35577591260010555,0.38146161328046274,0.4547334541606716,0.20151411691266669,0.3016918134617498,0.27364273035184516,0.43384596215914123,0.5300915224725324,0.39230226250477285,0.22738792013009562,0.4924545015240975,0.4641509573623034,0.22067031019898672,1.0,0.5659509247043992,0.6258958204221036,0.41512690871053404,0.23232365881189068,0.17527802327950714,0.4648112593915386,0.2076688349337211,0.32807170547663106,0.43646615666371497
XLU,0.4445014471971213,0.23260380519720922,0.25650077149867573,0.23837909324418302,0.29006024741568176,0.21850977625034768,0.42222050452804616,0.40340884013919814,0.2719876365630904,0.4479551306182941,0.38952016368787756,0.48653299345958845,0.3076763661799904,0.29261996447132566,0.23935451577027353,0.3273243551482713,0.33167186960857487,0.2980512470646039,0.28137483819951425,0.21146368355193854,0.48380849181019586,0.6448637426389524,0.5282128136603729,0.4005487166995471,0.3138043606533512,0.3292538918320146,0.3389672926725169,0.2798781330827616,0.2778503037871853,0.4746303877271798,0.37707635085348223,0.42051500565086697,0.2212637354475246,0.2664290798677734,0.2711019671302701,0.30982070122073363,0.40898789829081167,0.24778270038481026,0.4338272903257704,0.44370405285656395,0.35918172591761527,0.3457402326292235,0.20634696376135483,0.3658136185105303,0.42646883591766876,0.2935055240196121,0.2991600259358735,0.3806022341457719,0.3623838747555177,0.3297257556651472,0.21634205021132616,0.4421449800044989,0.3064034313708592,0.19894927131328344,0.3146547158711052,0.22862276540047308,0.3530045429784624,0.4379541753051871,0.4206039247114956,0.29770459626146334,0.40738151292648356,0.5771349955642813,0.31460390687032636,0.30303924184805203,0.1962989676347181,0.38740867083085967,0.25969434372791095,0.4288347635575499,0.44478236288433076,0.36854264864220393,0.28379616664004964,0.34955225978104115,0.4080741639121069,0.2941738300491951,0.18970211604644407,0.4340363377248538,0.2548368325284865,0.2959712159859879,0.25255339194353077,0.5930535384387179,0.3102493498591691,0.2567107577871204,0.40872601996855773,0.451967949993979,0.3242945153112329,0.3757709877103652,0.44774320734450673,0.3578528636014051,0.2359548359552191,0.2218559228257172,0.38043213025391814,0.13577863393572473,0.40230119753882676,0.3601665942673531,0.4370569753826664,0.2345344746755232,0.4530222555048377,0.3040287851724749,0.3884459281924291,0.5117592589652976,0.3063488171205004,0.4692670871292642,0.32177089070649034,0.362165771147997,0.2967655389438512,0.21557567165780644,0.3063323282414477,0.4735518376548648,0.549147815841513,0.3725397256552398,0.41224540356400263,0.31472698820938944,0.4095291096957676,0.4328480258692129,0.42851919611870404,0.20546616234291634,0.2965509277449629,0.1903044584202973,0.23613444611550538,0.4368738898684058,0.6568239265398584,0.4330980429917364,0.3276415308703555,0.3782939391337725,0.3271745998960064,0.32925565684348107,0.26175738401082754,0.32263241584992186,0.12096027405743506,0.16415455605887472,0.26264697700109857,0.43559417254445837,0.6334676851110211,0.3830600744131304,0.47383048495024155,0.3692039949307178,0.4125835666032264,0.2657778227491111,0.4050942172066185,0.26661050132880515,0.5500240777723375,0.44166757507899984,0.32702222070297754,0.6528292109000811,0.4548082771499654,0.529343763840522,0.6181194718276541,0.4077140702704663,0.33583101172736257,0.3643453737639456,0.4365467143447668,0.4347325472332176,0.6019283099581124,0.3021546373060604,0.2703896209162155,0.4245780925530218,0.38841364977442894,0.4344409917878843,0.16854627469410927,0.3988980920068829,0.2810679013586128,0.37657459853711694,0.4876943424633297,0.30311597278925456,0.2764396156031435,0.4298935160907508,0.4935131155922409,0.2593969576209248,0.5659509247043992,1.0,0.4800353711029812,0.31692853197021215,0.3262546260382004,0.2513673535008386,0.3148424537101698,0.2424776149417713,0.35177866954860393,0.3975018509116246
XLV,0.510895353063515,0.3812801347373884,0.496559903395442,0.39586821190721394,0.37119214495272806,0.3477355219636378,0.5222516234845304,0.4621222710776884,0.33216352459391385,0.6000039654322433,0.4975240822573783,0.5223266335357877,0.419069080938211,0.39240704511489083,0.32374074367337435,0.24986400833149935,0.24413754083762637,0.19819314488186984,0.432424882473125,0.38056322192415926,0.7074271769134526,0.5949870982456728,0.707308525303342,0.5691591966256236,0.3506409577667455,0.23760091163062308,0.350958900514368,0.28914545824155385,0.34843307235080034,0.5865071276356163,0.5384691163261315,0.5236146732013109,0.2754446061558339,0.3828619367098677,0.31941350994565115,0.3917759527599178,0.5459154030504015,0.32136944147476104,0.6045519132948778,0.5118011183568165,0.467945538704179,0.47562200183809694,0.2624046979993613,0.46008442178454223,0.5934324906412038,0.35628954702216503,0.43113973563193536,0.46124842594891513,0.49375377837512346,0.4266819741664399,0.2712352030128661,0.5517583697415607,0.3215884436463058,0.21964871502343605,0.36689369709874387,0.4151573128172453,0.49297012792649947,0.5545280376796053,0.49738774468380925,0.35341534028953325,0.5004920444633597,0.7971064759770051,0.2428417899688905,0.23979448753245663,0.11015295174590974,0.4125879659546094,0.1691593828876047,0.558102464740079,0.623947969181754,0.5340424695702344,0.2147233914806303,0.7484044569350492,0.3046228796038712,0.3673998356519655,0.3967180769022574,0.7638718674202782,0.3998756342572547,0.26017746215372717,0.371388998809156,0.7483871923539386,0.41885798143021646,0.4096626447510284,0.5555770349311197,0.652297989246951,0.425349811335398,0.5197041022198009,0.5719209814944846,0.4688037974319759,0.2626010853927567,0.28909498940961537,0.335815042090159,0.22087389685463132,0.5840327643007207,0.3099180924972665,0.6699806586990689,0.24878745928528526,0.507582396411596,0.3037923690395199,0.4059518825342158,0.6552698658175149,0.35715800129367786,0.6385177078718285,0.31874218275026506,0.5633465221050628,0.45156856534576245,0.3884290247959614,0.47205048902478614,0.4884564418403931,0.6968702731114239,0.5179543719121513,0.535797894858291,0.1946816652831923,0.4999843943354686,0.4694310506115733,0.5145792237524657,0.14545804643501847,0.23794975525743225,0.2985180079916424,0.3482783763215136,0.6073309292591,0.6479498321805249,0.6102593955081719,0.29140070499826404,0.3332091948167641,0.2714727023157108,0.45203538378415836,0.31619045933569495,0.506440477718227,0.151367750923942,0.22122241988327657,0.22555460332425545,0.507521252609479,0.791210418705954,0.5353711845155085,0.5929224333165393,0.3243659590586535,0.5237568280858999,0.16334611122573509,0.5454471747193717,0.1655386681730685,0.7416491678788586,0.6190691320957474,0.2315081177531427,0.618078496230058,0.46785774215251813,0.6381909641407487,0.6760695867254163,0.5498632881684974,0.4117011113061338,0.4847714385365248,0.5908356016541414,0.6074586651256654,0.7396445723749924,0.4810604343642231,0.361335217623478,0.4140346318223751,0.4970942911039474,0.5216731069793016,0.3688683615221763,0.4404548205137439,0.5649499222821203,0.5069948562184234,0.6007043181346737,0.48544878526520513,0.2549749515246809,0.5926943384378422,0.5742608376853934,0.3852857336132182,0.6258958204221036,0.4800353711029812,1.0,0.48914000087617493,0.3487608048448324,0.24310693641434727,0.48493306123484564,0.3221691236134274,0.5379086680227724,0.5609751489177645
XLY,0.6876190897902792,0.7970951528682028,0.661520105545336,0.8092398958257321,0.8089983522208226,0.8088197045045923,0.6807210243024796,0.6379403910035263,0.5945614376091223,0.8633989925705575,0.7210593175172892,0.6677427331260107,0.6080856638280823,0.5995164029863324,0.7000659205457038,0.2551297142489672,0.24118070932173677,0.20894083744698128,0.7744100377019523,0.6767096417057888,0.7914918317798328,0.5372222255086292,0.7251068091655354,0.8704449790249583,0.4774462463326155,0.23811153523115922,0.44653543542271457,0.4428041910089182,0.5480075053107781,0.5446763237920815,0.7286088088158621,0.6089732106399574,0.3646078538738009,0.6330612038636741,0.5922989725769368,0.5348415289103179,0.6957250585482296,0.5945155120510234,0.8806614749404457,0.6505885850096091,0.6530074400587588,0.6533753763368124,0.3991705835937994,0.6115554860740243,0.5639725068411231,0.4450826899764271,0.7019651887035869,0.5483561531962914,0.631346682189195,0.5965806612867077,0.577643853265547,0.5599873630851048,0.469119326371191,0.4517914269090618,0.49718634653452304,0.8448630410769497,0.6765491695334669,0.7876734313912563,0.6775390753374411,0.5500834984827376,0.6448782366696048,0.6745243390865593,0.24451448067062545,0.2776179238974287,0.09073219644716622,0.49442996092345315,0.11692386252816499,0.7046480551845684,0.8762936052049115,0.7058528688298292,0.28312101396112344,0.6040807980537949,0.5324383886179354,0.7102973992215023,0.7325958042015511,0.6096491933468781,0.5268273094000788,0.2612875414842436,0.7534857872056681,0.7358272449227347,0.765360795478582,0.6901203069413935,0.8233455084763946,0.8398030406625999,0.6093220731938974,0.7723293182132751,0.524325061113905,0.8068789456168902,0.36769417645175045,0.5648714208108186,0.38720273057029303,0.3978630421187564,0.8765120030054823,0.365706282887811,0.819243205494157,0.33813010982549163,0.7256220554447732,0.6611117572267025,0.5654956805902741,0.7218407497514878,0.5254781311967961,0.7826592588086355,0.7229846999513071,0.8302317606204624,0.8619781150527615,0.7891775298557193,0.7759079087045416,0.6172451132121841,0.8193189874568512,0.7406467886428828,0.8011229628483627,0.19461601893190417,0.6933816205560386,0.6016269039737817,0.7218315043357835,0.1875992049164467,0.2877793354921444,0.6793386776171001,0.45151398718727664,0.8765795858850249,0.6019826707848805,0.8794524492169384,0.32023839917145264,0.3733907403936775,0.5095573690920101,0.7491717879146721,0.4480870042344235,0.8825584214086133,0.2462803609155209,0.3589759443531446,0.44916178606198875,0.7048932545931967,0.6804330911394506,0.83216045737021,0.7786654423971716,0.37353355618138134,0.6989021465544321,0.11991352139054448,0.6700347631829098,0.12742375218374907,0.79172788546242,0.7045064860208892,0.23784090844249653,0.6013227174945607,0.5728824135168757,0.8356859588377579,0.7381454657999169,0.8465245601685003,0.6278632070314257,0.6967381770477632,0.8547561482172855,0.8851903686882671,0.7181961281590586,0.8779122398107022,0.6142204001963966,0.5585914163864385,0.6991087935590311,0.6244696875520782,0.7074965290357094,0.6322734609302447,0.5792451402915486,0.7042428676286245,0.6725365290460867,0.7815899104440854,0.2518995936754155,0.6973916605009296,0.7248668920483508,0.7600275707493176,0.41512690871053404,0.31692853197021215,0.48914000087617493,1.0,0.5282573171479055,0.31210290693895704,0.7829498039793373,0.6085635431256031,0.8354731160398138,0.7530220107078839
XME,0.4980162218211424,0.5160238400766408,0.5121319508553132,0.5340060234325428,0.6487221553473352,0.511772907287425,0.6879672574573067,0.7097299250228265,0.6356939773291476,0.6985677052272523,0.7074408705968662,0.7388861309534313,0.569970187240764,0.4572578911484697,0.5729501693630394,0.14591478098531793,0.14760606180878255,0.13984881473493652,0.6280096333273829,0.47589056416586967,0.6232337945332221,0.544517417614389,0.6254020540509942,0.616275404309756,0.5872987492905323,0.14982265637511497,0.45222197945796566,0.5447257462627074,0.589378990226063,0.48290449654024026,0.6181826754704874,0.6274010672399213,0.341028853048583,0.5122345672153499,0.6336998712995254,0.5145780716046471,0.6389425394410779,0.6085617798621615,0.6371784106970317,0.6959723079767582,0.5677514751711105,0.536758523763093,0.43763695935516356,0.5301462016676229,0.46897135145474517,0.43559274388061586,0.5860449720581089,0.49446696202268675,0.5324568814900523,0.5168329718612241,0.5737650409145888,0.6009448615801447,0.5116786441052521,0.5260177352828368,0.6237178127883386,0.4930624802737179,0.5640498492382625,0.7015133556396884,0.6694752444706403,0.6165569646894205,0.6772997521462029,0.47680267450101593,0.636022564309037,0.6660196910084917,0.4578645954165793,0.8006713474295144,0.05537960132895485,0.649260896678932,0.6338610759972433,0.5957461137251752,0.16461305723528238,0.4633816054524842,0.543429172146472,0.6542154993657624,0.4535318410813306,0.39406539534135687,0.3808186408476601,0.498166992405735,0.5807683461194095,0.5491133314032791,0.5735585856627784,0.5160249398827708,0.6596291364472953,0.6231774146996624,0.5118359143136822,0.5973422999064685,0.38239396370487033,0.7086851624458729,0.36458103497638406,0.6058360472724642,0.25330792042653677,0.3853107716490191,0.6152313707352506,0.45783322499556917,0.579416182946997,0.57994625803157,0.7301227141903008,0.6408964949307515,0.44612049583832186,0.5535817994935621,0.839729949527665,0.6323226535067771,0.6328205979722811,0.6590322571507444,0.5739935457438542,0.5735038857589327,0.5425052896671281,0.4890771479555319,0.655874508293886,0.6314749810213209,0.7135368748225361,0.17647770089221534,0.6343984531020826,0.6327609233954171,0.5199577046483802,0.5308703377880403,0.6790439980153214,0.5640528408436583,0.3441257512757501,0.634726857825961,0.5449100583136518,0.6221605815546517,0.21553286922126175,0.24176779950048452,0.48995551824594213,0.610854883963512,0.461191518114647,0.548633272808864,0.24778853072364956,0.3138889206791197,0.6998204322691353,0.5026756658816781,0.49156487176639596,0.6889326263927394,0.6920403621290063,0.23707260805824096,0.6779359746933984,0.06572276525867837,0.5958964698268633,0.05351896039765471,0.6086921430321122,0.59851101211401,0.15991093900382336,0.4410464900648335,0.532899087051446,0.6720350235394549,0.6492468754389377,0.6387605344802934,0.6516139609838026,0.6575156971738899,0.6954129458120301,0.6544035887557969,0.6512206275154376,0.5596443877217487,0.6065887048243137,0.39075335630299474,0.6838728580819818,0.6637656093963966,0.4050836107511098,0.6585758027125752,0.444420533141987,0.5072280479968545,0.7377808295559272,0.4488438752764441,0.47243270317452307,0.537433981264735,0.6629322150733611,0.5706397085262239,0.23232365881189068,0.3262546260382004,0.3487608048448324,0.5282573171479055,1.0,0.5094702724627517,0.5248545020255849,0.6030711092287161,0.6498717276487538,0.5504812583906612
XOP,0.3244834643078898,0.29537444450578504,0.2538885257339337,0.292326610024681,0.3381917936629273,0.2949338185783084,0.39110700691098155,0.4295060328393642,0.2881805923160663,0.5164422590223199,0.6246067101347506,0.5375253059046442,0.29527475670559006,0.3903046991314131,0.30514719561406,-0.040446540047122885,-0.06248993992686212,-0.12155325334519729,0.3199762837688082,0.32157058803548394,0.41388172360468534,0.563105699210539,0.48369300545668725,0.37691744026215784,0.35633247350767205,-0.057812712905225196,0.12381691188461694,0.27578952355405795,0.21109546141407762,0.2505584763635705,0.2648375658815057,0.3889795764646459,0.19597052483146277,0.25521640652048494,0.26118741479998897,0.27558364736745294,0.3343563399729456,0.2647565194169066,0.42185523681778775,0.41833784227255766,0.26451027740351335,0.23698681589199022,0.24893596970096443,0.29344028041209685,0.19714929562906824,0.2062158725932946,0.2752549623697195,0.24728455944605698,0.2628722428225078,0.3058590608924097,0.2681058207044764,0.38822439026683203,0.26147315172397334,0.1696636523985262,0.2334757558454196,0.3035681399219336,0.26983588515512424,0.5070212815697215,0.36534828455856516,0.34449664332487856,0.4137649944543284,0.3742346499090176,0.17512262486770602,0.205488795808456,0.09849356410847236,0.7070017034133509,-0.13881296318056696,0.36196790035938775,0.41962044011842264,0.36351981388618015,0.02767072231207313,0.25325107341648717,0.2847066572952968,0.32424358718093743,0.29354599430779016,0.2610104849585744,0.15350862803903173,0.9199781794106021,0.2901215227841258,0.42341923929346337,0.34029606135462204,0.23485997507962425,0.418057942935451,0.42636333720702413,0.42157022054024273,0.4079820865431541,0.37335667814254453,0.39554504748894936,0.2906118465483656,0.3188863089014175,0.049940892379368,0.21334870879509557,0.3972935342168695,0.7422351349463259,0.40540422511499435,0.8393249992854485,0.4451991526394119,0.3679745126554706,0.3086568957235831,0.33265192013986067,0.4348384071447726,0.5091239664856985,0.3560793318172772,0.38895307353432257,0.31759145534656036,0.32174942611348445,0.36053349251360056,0.36705609729703326,0.4930566999325455,0.4741023315545776,0.4778205362569708,0.07834158982446736,0.3247908690721395,0.4823876686909691,0.3526501027242792,0.14871860016582197,0.21791436700602837,0.28947666174224007,0.12927706264848332,0.42536472636855105,0.518910901296394,0.39043723977484607,0.00914780998044676,0.04556218215710712,0.2901529833000675,0.3766527043132058,0.2281111971577743,0.328345008876409,0.10827497262083878,0.11444181520749475,0.34081959862115063,0.33407864555878647,0.36919905603910047,0.42519814314365667,0.5308493738597906,0.05275614891297222,0.35019589906551607,-0.13772613083935523,0.30412624729163185,-0.11654796428323454,0.4168756499145587,0.3162297643410861,-0.05060912863932904,0.32393179241294123,0.26154583841114615,0.48375608325554637,0.5274499608155155,0.40878499557501874,0.30536094139160347,0.2968111209398082,0.4223345345064413,0.437868239447443,0.5269549275551171,0.32254172205575377,0.29723995269399334,0.1791737398926246,0.35100754265547723,0.42274846785697207,0.29547482142218845,0.3677498944909096,0.23381318417948727,0.2514374433528104,0.45977040637781696,0.3005575961267682,0.9334216446068809,0.4299203893078405,0.4256959735772432,0.30650037300088423,0.17527802327950714,0.2513673535008386,0.24310693641434727,0.31210290693895704,0.5094702724627517,1.0,0.350438983025057,0.2549740534218597,0.3623264873972122,0.41869278099845747
XRT,0.6357652772190775,0.7053532896478397,0.6619140504889002,0.7089054188671542,0.6736345410731435,0.6885185497968429,0.6089993216849389,0.5755733818939586,0.5055648950405457,0.7833117356579485,0.8154205984042473,0.6268442289112426,0.5068926947162261,0.532016506275809,0.6057678265941082,0.24112593561178222,0.2333779425090712,0.18347509593761144,0.6501874758157211,0.5871536846760884,0.7276341984644621,0.6277458283647943,0.6687378295774099,0.7118188628568463,0.4245768665819063,0.23593756296129403,0.40757761262463843,0.41953759968183496,0.4622457300028504,0.5059021810839025,0.6182676598306526,0.5649859305956211,0.29719130453265163,0.5436464945761182,0.49401335304772104,0.4919208530196509,0.6112955273552432,0.505252257792389,0.7326164714932473,0.5820557362308562,0.5885789563162644,0.5816632760465718,0.35655434382178586,0.5518241727676421,0.5115301283313975,0.392857253342709,0.5962329802467039,0.5040148427612994,0.5777490890604079,0.526880214540865,0.46726216648743335,0.5163722274159805,0.420502115149806,0.3739950065938177,0.45903356393407097,0.6986860988591631,0.6010932125161252,0.8484602992711988,0.6105298483126429,0.48010004381514854,0.5875711192494627,0.6642824254072044,0.2169048184224292,0.24774409053798832,0.07711521912208828,0.4922091090501088,0.12543515815203996,0.624066807687714,0.7462085209894372,0.6188349773542666,0.25524798871141435,0.6066565802668289,0.5047247105447156,0.6287549919755651,0.5936071047437981,0.5706765018434371,0.4598156124893985,0.2891191559263546,0.5799573676480927,0.6524584266141382,0.5711323841754591,0.6843114146759851,0.7173651992111897,0.7480529260476304,0.6785513444624591,0.7406424090736499,0.5309113993065449,0.7553617501735843,0.342961710689862,0.4881668824582911,0.36425362329265015,0.35083558980679924,0.6995213109040201,0.36085631910288457,0.7886991880820856,0.3671748457360115,0.7182571400967224,0.6504848301003403,0.5480487954303894,0.7333288254143914,0.47881917484642034,0.7968388385134719,0.6464472010263673,0.785852680523141,0.6589472405653208,0.6461338872155531,0.5965174612062764,0.6429472170443544,0.8096273261009065,0.7096742627733476,0.8321142234231346,0.17580016681262853,0.6177120169842311,0.5935442166693091,0.6591065007784332,0.14776108741493438,0.25991292301775704,0.5365232642615466,0.3913841083198114,0.7237143259391351,0.6836705315224499,0.7238993078994153,0.2999401712237913,0.3513635481536468,0.5039509189212633,0.6369928190478449,0.37789244049424575,0.6681504339068035,0.21635978569241576,0.2856010624475054,0.37003387074008204,0.648072669135872,0.6375250600499917,0.8105391813737935,0.8405784546111741,0.35011926942590904,0.6143645851930762,0.12323882460284187,0.6009529813567953,0.13222143128953018,0.7312692911102985,0.622104494560804,0.22866228416666423,0.6193716177597565,0.5509739585539817,0.8066939779756891,0.7704145547002071,0.765115242280402,0.5314262711424574,0.6013038660248318,0.7306176024273253,0.7536809078060961,0.7094850916444667,0.6736809536619369,0.5255381788554696,0.5102822447812202,0.6118108782061865,0.5766381860255383,0.6579362599889607,0.5872334177620003,0.5916811419240003,0.7789441006189086,0.683617689783651,0.6538735312546731,0.2883070560351563,0.6534432764852576,0.6986041307658458,0.5822647376175871,0.4648112593915386,0.3148424537101698,0.48493306123484564,0.7829498039793373,0.5248545020255849,0.350438983025057,1.0,0.5127967029143212,0.717660567240032,0.6027160851831725
XSOE,0.5657985789206188,0.6193915318348517,0.562717533046641,0.6271717629323739,0.6964253196029067,0.6202835181019023,0.7906885237550135,0.7650301445357687,0.9810405507764743,0.6972710407150854,0.5644379328870458,0.6590799472177318,0.6905930840263896,0.5240402558586994,0.6217306254588328,0.22281225602575827,0.2278032972293971,0.19697534865045555,0.7604068780936758,0.5163434499666193,0.6029608167234746,0.4106457702796659,0.5492970239671164,0.7010735860905059,0.7664746144284507,0.22890412223356355,0.6463155318696905,0.5736666262570873,0.9304638817459387,0.6134128152715764,0.8112134061161839,0.7254674577715532,0.45424732123243267,0.5925694995519064,0.9255840886396227,0.6394314924562864,0.7955674542436608,0.9889195770119114,0.6979882642735981,0.7259110556257776,0.7086206034132326,0.7133098263330357,0.6878793613696232,0.6787655068321904,0.6038122890862221,0.5715209676786773,0.8045057996186157,0.6291096490072408,0.7049292573494773,0.7118413899240444,0.8411304617903722,0.6635690148125006,0.5912415900394465,0.8254867919956582,0.7442337733519554,0.6004011149383037,0.7575009340628532,0.6338863749935683,0.8029862051031594,0.8956948125386469,0.7999362439461022,0.4324128340155156,0.46798524229405564,0.4977275909540889,0.32721614489504874,0.6184714011775521,0.13676326773815378,0.7767832383290126,0.679553469416268,0.7217804852246453,0.284529661612537,0.5218974012967049,0.6303234652055434,0.7470521508974272,0.52511257485182,0.4177808623171304,0.6198668288447626,0.27367530693296777,0.756221700134806,0.5325027329726122,0.6505260173398212,0.5699708352779774,0.716634077509685,0.6772916387778735,0.423473418176914,0.5877114869590079,0.28519518150613654,0.7427358474141812,0.4331893572956721,0.7238437409562309,0.3381053957396743,0.7635736197947007,0.6924878911847355,0.28713335621938463,0.5972267372880183,0.357438259266635,0.6167603237582971,0.6498130673561117,0.47596801996599997,0.5224739490977544,0.7373106982009799,0.5570589696176791,0.6836672492911036,0.73877104496506,0.7150834787128623,0.7270826882836435,0.6483563592660259,0.4952760759893522,0.6301022357222812,0.6126621890449662,0.6839614504428,0.142737711041822,0.7737636297495192,0.7064546595621921,0.5843450878552225,0.40354877774178965,0.4922829410132952,0.7273950547867069,0.5400115687779179,0.6926340942946002,0.4320353859714189,0.6883314145292639,0.2972289417693057,0.32618387676659133,0.5838617658786502,0.7033250317271071,0.6456836800057876,0.6577026875613096,0.2694465289417919,0.41914660565496936,0.5622932667004757,0.5672981440249533,0.4670446044014239,0.7026527215285495,0.6040390027251514,0.31948832115817605,0.8348613154522747,0.130363902745916,0.7538896932834457,0.12200894878273764,0.6009384628457389,0.7468445688629796,0.23790651405129526,0.4267915705375478,0.7023684254758306,0.6656558616882926,0.5647332194716383,0.6979179922400058,0.8464045409054063,0.9100143750564744,0.8119306680688081,0.7031757022642089,0.5790576500580049,0.683087266104123,0.964983606881388,0.5152757362410202,0.901384250501137,0.7804795638725173,0.4686235172940143,0.5436371120065816,0.5058133820458323,0.5180517651136503,0.6096968840959072,0.5325119273977449,0.22072072591516032,0.4795231199344513,0.605430365679217,0.7077806867881068,0.2076688349337211,0.2424776149417713,0.3221691236134274,0.6085635431256031,0.6030711092287161,0.2549740534218597,0.5127967029143212,1.0,0.799969243899727,0.6034571377723038
XT,0.7327154518924192,0.8304143767477296,0.7656256741787145,0.8434640186838177,0.8682228690697468,0.8330783198016916,0.82097287144135,0.779829950692807,0.7943122029427657,0.904739631458811,0.7418971905255785,0.7618439807142329,0.7333579716480281,0.6284508681176363,0.761422616262335,0.2897596337864496,0.28290661603573836,0.24027454294624292,0.9116923351794214,0.7889157039852371,0.8001875905274289,0.565210479432687,0.7289314613513029,0.9166208283250409,0.6165682649361048,0.28133724901993556,0.5646578113069614,0.5529851285627163,0.7386993412198404,0.6615043024939121,0.8760481063476199,0.729867934466973,0.4226912690340676,0.7214989657734435,0.7752548795062632,0.626540881329994,0.8357622021274049,0.7895124202123754,0.9208751510228552,0.765737670094542,0.7680805747669595,0.7630665045156075,0.5383963839028972,0.7037746422293961,0.6694453785525801,0.5269278885186808,0.8546122993116352,0.6538384452143902,0.7302988547606218,0.7139203768347631,0.7569328115560714,0.6796132204397447,0.5636163654281142,0.6484187543772831,0.6366073383739752,0.8563451265508145,0.7958871659587595,0.8247188298849308,0.8195038053496845,0.7215746486090457,0.7882584643414967,0.6616251162977411,0.3963958922729878,0.43204733448089977,0.22374363152050666,0.6185350227477985,0.15447408250559327,0.8297563558394994,0.9076426667417833,0.8100426424296452,0.3226112497905204,0.7215933159589533,0.7053751104030692,0.8439809772945739,0.7946513512314219,0.6452779321669231,0.5712021975523317,0.323750560708161,0.8887517295374732,0.7495345378162822,0.8240305166735766,0.672379205404919,0.9104678519063547,0.9054274319098505,0.5874822315865721,0.7935068537894981,0.4691550574348827,0.917572470305977,0.4103434681153657,0.7012584554658113,0.4321755764125449,0.5502205126790007,0.9071687851854601,0.4009212089633869,0.8531609784931402,0.4130235015708719,0.7853418492590852,0.7879689169612132,0.6124850181307716,0.7490038286433884,0.6687820347101318,0.7695041289110415,0.8301307188398597,0.9367699647282121,0.9172643857172561,0.923489088588324,0.8201939455786617,0.6410753083465007,0.8547475912242487,0.7900378367535542,0.8742524382545526,0.22036952548829725,0.8230784446675099,0.70078320958424,0.7594206116267125,0.319293101549125,0.4390450883775964,0.8458751139692937,0.49832819815993956,0.9111611060604602,0.6081840216250702,0.9120626775518683,0.36086067616479117,0.418941121399907,0.6645169828360223,0.8797228980039489,0.5608425492304715,0.8909503082454107,0.2604636115517447,0.3882407096026021,0.5862144210454745,0.7434154098772174,0.7039696368907264,0.9212245915541697,0.8021115564706736,0.4122374561465136,0.8499699773747403,0.1580063770888495,0.7968608511728653,0.1604928746473785,0.8250383182186509,0.8274013646211134,0.2872760564584434,0.6231287530992122,0.6913301901901602,0.8943070024900563,0.7654627909830433,0.928417012741816,0.7980563121499051,0.8661715698534198,0.9441049958816233,0.9254415142722899,0.7607162441966455,0.9061860206624909,0.7893468346953674,0.6075024034425573,0.8643620015933581,0.7557388811026147,0.7547873379136799,0.7030849762831397,0.6940145827119673,0.6852546823186649,0.7376737847052081,0.7629557720715032,0.2928010698425828,0.6687983119915646,0.7800952021601687,0.8810145111959471,0.32807170547663106,0.35177866954860393,0.5379086680227724,0.8354731160398138,0.6498717276487538,0.3623264873972122,0.717660567240032,0.799969243899727,1.0,0.7788070811751461
XYLD,0.6195699638505943,0.6508827100358405,0.532808932800265,0.6356884435854154,0.6905543839576243,0.6468821350782387,0.6991527488433236,0.6624212058062802,0.6090272986699654,0.8564952917685937,0.67729481474179,0.6964308699264491,0.6188272528182366,0.6167846419138948,0.6184882388857821,0.16515983423406566,0.13906085175869784,0.11816012253804524,0.7350613297004079,0.6416885016460947,0.8162401306913304,0.5877420930179024,0.7926619875123717,0.8514912593966003,0.5290799002738772,0.138316491341165,0.39731166661961914,0.4256555299688447,0.5611543213770912,0.5548127288324567,0.7167144404955369,0.6501634316082558,0.37708186453413384,0.5851325971864204,0.6155967227648578,0.5498727541837558,0.7066156395326986,0.5986676849876712,0.8705142180198725,0.6753616414085595,0.616334118421625,0.639645214961577,0.3875489181462544,0.6200084786170587,0.5566282556276726,0.45687920525248854,0.6861275899461926,0.5864956943001977,0.6174491742128,0.6094075342609235,0.593742392759752,0.6194317120569731,0.4940600680238746,0.4672464913098114,0.49676400178932506,0.7095019399341482,0.6652640257450757,0.7219887079891111,0.6690780650181627,0.5832411003733192,0.6801386102358741,0.7106359284601623,0.28584281621695806,0.3149560533638278,0.13155143277413597,0.5684413006487307,0.02596247520378777,0.7248011295032919,0.8711863359665625,0.7523244127452263,0.20512131284472498,0.5850673402960633,0.4735065668129476,0.6577704939481895,0.6668609645173101,0.6124367212072779,0.5049178997173622,0.40171352437731095,0.7752686349760619,0.855895736287561,0.8038040742690999,0.6238362668656516,0.8358572167291475,0.844732094383687,0.5558207190785849,0.7346762524819536,0.5753292419167179,0.7300265114540516,0.3964567782872461,0.49524784815992595,0.29211917528441045,0.37954174784819195,0.8697447979864471,0.4554117310012208,0.7562360246473153,0.4494296254475022,0.7160948525815863,0.5475342911269939,0.5059004898666365,0.6696881686451662,0.5506845161576284,0.7714408084431421,0.5944469761999165,0.7672864047391255,0.8148226334643939,0.7453356368407545,0.932532518596164,0.5615733948076891,0.8028389634143507,0.8721358118989349,0.7394169467421485,0.12700096670384314,0.666681284920249,0.610290525668388,0.6592545932916473,0.22315142747031652,0.33054549100236735,0.6939142454027533,0.4552643512896016,0.8786013778048034,0.6148251998585083,0.872872789286976,0.22203713441506887,0.28328824111603174,0.42211369480293937,0.7677212413923112,0.48259058110496433,0.8277137290697621,0.24901028884908855,0.38087486934307435,0.4551190896379493,0.6310746288305745,0.7401857079872483,0.7548308233415904,0.732797840846309,0.2895126942416955,0.7123972638830101,0.014274575495180132,0.6732739511740191,0.04502672325066661,0.8279811039946068,0.7051376183169002,0.14145404836359593,0.5725475960528394,0.5299487671776868,0.8069920841780587,0.7517035824580809,0.7910754100147848,0.6468360965054437,0.693587214910296,0.8481299305198214,0.8711070946501496,0.784418447356765,0.8253653637495583,0.6161517628772991,0.4694943846247467,0.7103065272225546,0.669548413398341,0.5748340782436573,0.6390075924442156,0.5264361279325072,0.5546380792796398,0.6827869385508054,0.7044709779934408,0.3875633933372814,0.7254661983442896,0.7528075453892598,0.782470685016581,0.43646615666371497,0.3975018509116246,0.5609751489177645,0.7530220107078839,0.5504812583906612,0.41869278099845747,0.6027160851831725,0.6034571377723038,0.7788070811751461,1.0
