Ticker,Overlay,ActionType,WeightBefore,WeightAfter,WeightReleased,WeightRedistributedToEligible,WeightFreedToSGOV,Reason,Date,StartWindow,AboveSMA126,Mom63,Mom126
IXC,StalePosition,SoftTargetTrim,0.060000000000000005,0.030000000000000002,0.030000000000000002,0.030000000000000002,0.0,Ineligible but long-term trend not hard-broken: target a 50% reduction before turnover control,2022-12-02,2022-01-01,,,
OIH,StalePosition,SoftTargetTrim,0.06,0.03,0.03,0.03,0.0,Ineligible but long-term trend not hard-broken: target a 50% reduction before turnover control,2022-12-02,2022-01-01,,,
TUR,StalePosition,SoftTargetTrim,0.060000000000000005,0.030000000000000002,0.030000000000000002,0.030000000000000002,0.0,Ineligible but long-term trend not hard-broken: target a 50% reduction before turnover control,2022-12-02,2022-01-01,,,
XLV,StalePosition,SoftTargetTrim,0.020000000000000035,0.010000000000000018,0.010000000000000018,0.010000000000000018,0.0,Ineligible but long-term trend not hard-broken: target a 50% reduction before turnover control,2022-12-02,2022-01-01,,,
XOP,StalePosition,SoftTargetTrim,0.06,0.03,0.03,0.03,0.0,Ineligible but long-term trend not hard-broken: target a 50% reduction before turnover control,2022-12-02,2022-01-01,,,
EWW,StalePosition,SoftTargetTrim,0.07167738866370528,0.03583869433185264,0.03583869433185264,0.03583869433185264,0.0,Ineligible but long-term trend not hard-broken: target a 50% reduction before turnover control,2022-12-30,2022-01-01,,,
FEZ,StalePosition,SoftTargetTrim,0.03846806561553117,0.019234032807765585,0.019234032807765585,0.019234032807765585,0.0,Ineligible but long-term trend not hard-broken: target a 50% reduction before turnover control,2022-12-30,2022-01-01,,,
IBB,StalePosition,SoftTargetTrim,0.03846806561553117,0.019234032807765585,0.019234032807765585,0.019234032807765585,0.0,Ineligible but long-term trend not hard-broken: target a 50% reduction before turnover control,2022-12-30,2022-01-01,,,
IXC,StalePosition,SoftTargetTrim,0.047518605091504525,0.023759302545752262,0.023759302545752262,0.023759302545752262,0.0,Ineligible but long-term trend not hard-broken: target a 50% reduction before turnover control,2022-12-30,2022-01-01,,,
KIE,StalePosition,SoftTargetTrim,0.07167738866370528,0.03583869433185264,0.03583869433185264,0.03583869433185264,0.0,Ineligible but long-term trend not hard-broken: target a 50% reduction before turnover control,2022-12-30,2022-01-01,,,
MLPA,StalePosition,SoftTargetTrim,0.07167738866370528,0.03583869433185264,0.03583869433185264,0.03583869433185264,0.0,Ineligible but long-term trend not hard-broken: target a 50% reduction before turnover control,2022-12-30,2022-01-01,,,
XLE,StalePosition,SoftTargetTrim,0.0716773886637053,0.03583869433185265,0.03583869433185265,0.03583869433185265,0.0,Ineligible but long-term trend not hard-broken: target a 50% reduction before turnover control,2022-12-30,2022-01-01,,,
INDA,StalePosition,HardExit,0.02552090152208772,0.0,0.02552090152208772,0.0,0.02552090152208772,Ineligible and below SMA126 -> hard exit after turnover cap,2022-12-30,2022-01-01,False,0.01879426973124887,0.05697645457243827
TAN,StalePosition,HardExit,0.024325026272094045,0.0,0.024325026272094045,0.0,0.024325026272094045,Ineligible and below SMA126 -> hard exit after turnover cap,2022-12-30,2022-01-01,False,-0.0322410144762566,0.018430681649659997
XOP,StalePosition,HardExit,0.031525308632042004,0.0,0.031525308632042004,0.0,0.031525308632042004,Ineligible and below SMA126 -> hard exit after turnover cap,2022-12-30,2022-01-01,False,0.030745894789820705,0.20727329808356876
FEZ,StalePosition,SoftTargetTrim,0.03231179394881839,0.016155896974409195,0.016155896974409195,0.016155896974409195,0.0,Ineligible but long-term trend not hard-broken: target a 50% reduction before turnover control,2023-02-02,2022-01-01,,,
IBB,StalePosition,SoftTargetTrim,0.03231179394881839,0.016155896974409195,0.016155896974409195,0.016155896974409195,0.0,Ineligible but long-term trend not hard-broken: target a 50% reduction before turnover control,2023-02-02,2022-01-01,,,
IXC,StalePosition,SoftTargetTrim,0.03991392215552572,0.01995696107776286,0.01995696107776286,0.01995696107776286,0.0,Ineligible but long-term trend not hard-broken: target a 50% reduction before turnover control,2023-02-02,2022-01-01,,,
MLPA,StalePosition,SoftTargetTrim,0.060206432952426385,0.030103216476213192,0.030103216476213192,0.030103216476213192,0.0,Ineligible but long-term trend not hard-broken: target a 50% reduction before turnover control,2023-02-02,2022-01-01,,,
SHYG,StalePosition,SoftTargetTrim,0.028114482822628604,0.014057241411314302,0.014057241411314302,0.014057241411314302,0.0,Ineligible but long-term trend not hard-broken: target a 50% reduction before turnover control,2023-02-02,2022-01-01,,,
TUR,StalePosition,SoftTargetTrim,0.05995244871761466,0.02997622435880733,0.02997622435880733,0.02997622435880733,0.0,Ineligible but long-term trend not hard-broken: target a 50% reduction before turnover control,2023-02-02,2022-01-01,,,
XLE,StalePosition,SoftTargetTrim,0.0602064329524264,0.0301032164762132,0.0301032164762132,0.0301032164762132,0.0,Ineligible but long-term trend not hard-broken: target a 50% reduction before turnover control,2023-02-02,2022-01-01,,,
XLI,StalePosition,SoftTargetTrim,0.028114482822628604,0.014057241411314302,0.014057241411314302,0.014057241411314302,0.0,Ineligible but long-term trend not hard-broken: target a 50% reduction before turnover control,2023-02-02,2022-01-01,,,
EBND,StalePosition,SoftTargetTrim,0.055033804384902504,0.027516902192451252,0.027516902192451252,0.027516902192451252,0.0,Ineligible but long-term trend not hard-broken: target a 50% reduction before turnover control,2023-03-02,2022-01-01,,,
ECH,StalePosition,SoftTargetTrim,0.05488294581956568,0.02744147290978284,0.02744147290978284,0.02744147290978284,0.0,Ineligible but long-term trend not hard-broken: target a 50% reduction before turnover control,2023-03-02,2022-01-01,,,
EWH,StalePosition,SoftTargetTrim,0.03454166986656758,0.01727083493328379,0.01727083493328379,0.01727083493328379,0.0,Ineligible but long-term trend not hard-broken: target a 50% reduction before turnover control,2023-03-02,2022-01-01,,,
FEZ,StalePosition,SoftTargetTrim,0.02944799936784326,0.01472399968392163,0.01472399968392163,0.01472399968392163,0.0,Ineligible but long-term trend not hard-broken: target a 50% reduction before turnover control,2023-03-02,2022-01-01,,,
IXC,StalePosition,SoftTargetTrim,0.036376350884939,0.0181881754424695,0.0181881754424695,0.0181881754424695,0.0,Ineligible but long-term trend not hard-broken: target a 50% reduction before turnover control,2023-03-02,2022-01-01,,,
THD,StalePosition,SoftTargetTrim,0.05528593336203075,0.027642966681015374,0.027642966681015374,0.027642966681015374,0.0,Ineligible but long-term trend not hard-broken: target a 50% reduction before turnover control,2023-03-02,2022-01-01,,,
TUR,StalePosition,SoftTargetTrim,0.05463886266214364,0.02731943133107182,0.02731943133107182,0.02731943133107182,0.0,Ineligible but long-term trend not hard-broken: target a 50% reduction before turnover control,2023-03-02,2022-01-01,,,
XLE,StalePosition,SoftTargetTrim,0.05487033627199723,0.027435168135998615,0.027435168135998615,0.027435168135998615,0.0,Ineligible but long-term trend not hard-broken: target a 50% reduction before turnover control,2023-03-02,2022-01-01,,,
IBB,StalePosition,HardExit,0.017366176912247087,0.0,0.017366176912247087,0.0,0.017366176912247087,Ineligible and below SMA126 -> hard exit after turnover cap,2023-03-02,2022-01-01,False,-0.05913145583615809,0.05906562539577087
BKLN,StalePosition,SoftTargetTrim,0.041642229560375145,0.020821114780187572,0.020821114780187572,0.020821114780187572,0.0,Ineligible but long-term trend not hard-broken: target a 50% reduction before turnover control,2023-03-31,2022-01-01,,,
EBND,StalePosition,SoftTargetTrim,0.0455401708676529,0.02277008543382645,0.02277008543382645,0.02277008543382645,0.0,Ineligible but long-term trend not hard-broken: target a 50% reduction before turnover control,2023-03-31,2022-01-01,,,
ECH,StalePosition,SoftTargetTrim,0.04541533623339359,0.022707668116696795,0.022707668116696795,0.022707668116696795,0.0,Ineligible but long-term trend not hard-broken: target a 50% reduction before turnover control,2023-03-31,2022-01-01,,,
EWH,StalePosition,SoftTargetTrim,0.028583042102193416,0.014291521051096708,0.014291521051096708,0.014291521051096708,0.0,Ineligible but long-term trend not hard-broken: target a 50% reduction before turnover control,2023-03-31,2022-01-01,,,
EWI,StalePosition,SoftTargetTrim,0.06284854804249712,0.03142427402124856,0.03142427402124856,0.03142427402124856,0.0,Ineligible but long-term trend not hard-broken: target a 50% reduction before turnover control,2023-03-31,2022-01-01,,,
MLPA,StalePosition,SoftTargetTrim,0.07252317506896026,0.03626158753448013,0.03626158753448013,0.03626158753448013,0.0,Ineligible but long-term trend not hard-broken: target a 50% reduction before turnover control,2023-03-31,2022-01-01,,,
THD,StalePosition,SoftTargetTrim,0.045748806211464536,0.022874403105732268,0.022874403105732268,0.022874403105732268,0.0,Ineligible but long-term trend not hard-broken: target a 50% reduction before turnover control,2023-03-31,2022-01-01,,,
TUR,StalePosition,SoftTargetTrim,0.04521335876119896,0.02260667938059948,0.02260667938059948,0.02260667938059948,0.0,Ineligible but long-term trend not hard-broken: target a 50% reduction before turnover control,2023-03-31,2022-01-01,,,
XAR,StalePosition,SoftTargetTrim,0.04164222956037515,0.020821114780187576,0.020821114780187576,0.020821114780187576,0.0,Ineligible but long-term trend not hard-broken: target a 50% reduction before turnover control,2023-03-31,2022-01-01,,,
IXC,StalePosition,HardExit,0.020592796681514612,0.0,0.020592796681514612,0.0,0.020592796681514612,Ineligible and below SMA126 -> hard exit after turnover cap,2023-03-31,2022-01-01,False,-0.03154652749227349,0.16588027734508937
KIE,StalePosition,HardExit,0.061653776107809664,0.0,0.061653776107809664,0.0,0.061653776107809664,Ineligible and below SMA126 -> hard exit after turnover cap,2023-03-31,2022-01-01,False,-0.03547874587583599,0.09941193348834698
OIH,StalePosition,HardExit,0.0470674401861143,0.0,0.0470674401861143,0.0,0.0470674401861143,Ineligible and below SMA126 -> hard exit after turnover cap,2023-03-31,2022-01-01,False,-0.08853823386042914,0.3254988330404376
XLE,StalePosition,HardExit,0.03106231524623337,0.0,0.03106231524623337,0.0,0.03106231524623337,Ineligible and below SMA126 -> hard exit after turnover cap,2023-03-31,2022-01-01,False,-0.043163773437757125,0.174069377562186
BBJP,StalePosition,SoftTargetTrim,0.03179975547646008,0.01589987773823004,0.01589987773823004,0.01589987773823004,0.0,Ineligible but long-term trend not hard-broken: target a 50% reduction before turnover control,2023-05-02,2022-01-01,,,
EBND,StalePosition,SoftTargetTrim,0.04095926769162127,0.020479633845810634,0.020479633845810634,0.020479633845810634,0.0,Ineligible but long-term trend not hard-broken: target a 50% reduction before turnover control,2023-05-02,2022-01-01,,,
ECH,StalePosition,SoftTargetTrim,0.04084699022088731,0.020423495110443654,0.020423495110443654,0.020423495110443654,0.0,Ineligible but long-term trend not hard-broken: target a 50% reduction before turnover control,2023-05-02,2022-01-01,,,
EWI,StalePosition,SoftTargetTrim,0.05652658859764689,0.028263294298823446,0.028263294298823446,0.028263294298823446,0.0,Ineligible but long-term trend not hard-broken: target a 50% reduction before turnover control,2023-05-02,2022-01-01,,,
GLDM,StalePosition,SoftTargetTrim,0.03179975547646008,0.01589987773823004,0.01589987773823004,0.01589987773823004,0.0,Ineligible but long-term trend not hard-broken: target a 50% reduction before turnover control,2023-05-02,2022-01-01,,,
SMH,StalePosition,SoftTargetTrim,0.03179975547646008,0.01589987773823004,0.01589987773823004,0.01589987773823004,0.0,Ineligible but long-term trend not hard-broken: target a 50% reduction before turnover control,2023-05-02,2022-01-01,,,
XAR,StalePosition,SoftTargetTrim,0.03745342178878077,0.018726710894390385,0.018726710894390385,0.018726710894390385,0.0,Ineligible but long-term trend not hard-broken: target a 50% reduction before turnover control,2023-05-02,2022-01-01,,,
XHB,StalePosition,SoftTargetTrim,0.07721494180960063,0.038607470904800316,0.038607470904800316,0.038607470904800316,0.0,Ineligible but long-term trend not hard-broken: target a 50% reduction before turnover control,2023-05-02,2022-01-01,,,
XLI,StalePosition,SoftTargetTrim,0.03179975547646008,0.01589987773823004,0.01589987773823004,0.01589987773823004,0.0,Ineligible but long-term trend not hard-broken: target a 50% reduction before turnover control,2023-05-02,2022-01-01,,,
MLPA,StalePosition,HardExit,0.044953845167707555,0.0,0.044953845167707555,0.0,0.044953845167707555,Ineligible and below SMA126 -> hard exit after turnover cap,2023-05-02,2022-01-01,False,-0.02162359773573108,-0.015383221448383555
THD,StalePosition,HardExit,0.02835762153383502,0.0,0.02835762153383502,0.0,0.02835762153383502,Ineligible and below SMA126 -> hard exit after turnover cap,2023-05-02,2022-01-01,False,-0.12128745245904116,0.07184491248228109
TUR,StalePosition,HardExit,0.028025721810032322,0.0,0.028025721810032322,0.0,0.028025721810032322,Ineligible and below SMA126 -> hard exit after turnover cap,2023-05-02,2022-01-01,False,-0.0546703698097577,0.11847146883615767
BKLN,StalePosition,SoftTargetTrim,0.059836815311041035,0.029918407655520517,0.029918407655520517,0.029918407655520517,0.0,Ineligible but long-term trend not hard-broken: target a 50% reduction before turnover control,2023-06-02,2022-01-01,,,
EBND,StalePosition,SoftTargetTrim,0.036950675510780163,0.018475337755390082,0.018475337755390082,0.018475337755390082,0.0,Ineligible but long-term trend not hard-broken: target a 50% reduction before turnover control,2023-06-02,2022-01-01,,,
ECH,StalePosition,SoftTargetTrim,0.036849386385703585,0.018424693192851792,0.018424693192851792,0.018424693192851792,0.0,Ineligible but long-term trend not hard-broken: target a 50% reduction before turnover control,2023-06-02,2022-01-01,,,
EWI,StalePosition,SoftTargetTrim,0.050994457438268234,0.025497228719134117,0.025497228719134117,0.025497228719134117,0.0,Ineligible but long-term trend not hard-broken: target a 50% reduction before turnover control,2023-06-02,2022-01-01,,,
FEZ,StalePosition,SoftTargetTrim,0.05567495970085378,0.02783747985042689,0.02783747985042689,0.02783747985042689,0.0,Ineligible but long-term trend not hard-broken: target a 50% reduction before turnover control,2023-06-02,2022-01-01,,,
GDX,StalePosition,SoftTargetTrim,0.032266080679487594,0.016133040339743797,0.016133040339743797,0.016133040339743797,0.0,Ineligible but long-term trend not hard-broken: target a 50% reduction before turnover control,2023-06-02,2022-01-01,,,
GLDM,StalePosition,SoftTargetTrim,0.028687584328398436,0.014343792164199218,0.014343792164199218,0.014343792164199218,0.0,Ineligible but long-term trend not hard-broken: target a 50% reduction before turnover control,2023-06-02,2022-01-01,,,
SLV,StalePosition,SoftTargetTrim,0.032266080679487594,0.016133040339743797,0.016133040339743797,0.016133040339743797,0.0,Ineligible but long-term trend not hard-broken: target a 50% reduction before turnover control,2023-06-02,2022-01-01,,,
SUSB,StalePosition,SoftTargetTrim,0.032266080679487594,0.016133040339743797,0.016133040339743797,0.016133040339743797,0.0,Ineligible but long-term trend not hard-broken: target a 50% reduction before turnover control,2023-06-02,2022-01-01,,,
XAR,StalePosition,SoftTargetTrim,0.03378793892764645,0.016893969463823225,0.016893969463823225,0.016893969463823225,0.0,Ineligible but long-term trend not hard-broken: target a 50% reduction before turnover control,2023-06-02,2022-01-01,,,
BBJP,StalePosition,SoftTargetTrim,0.05872471468096771,0.029362357340483855,0.029362357340483855,0.029362357340483855,0.0,Ineligible but long-term trend not hard-broken: target a 50% reduction before turnover control,2023-06-30,2022-01-01,,,
BKLN,StalePosition,SoftTargetTrim,0.05347950713425173,0.026739753567125865,0.026739753567125865,0.026739753567125865,0.0,Ineligible but long-term trend not hard-broken: target a 50% reduction before turnover control,2023-06-30,2022-01-01,,,
EBND,StalePosition,SoftTargetTrim,0.03302488450165829,0.016512442250829144,0.016512442250829144,0.016512442250829144,0.0,Ineligible but long-term trend not hard-broken: target a 50% reduction before turnover control,2023-06-30,2022-01-01,,,
ECH,StalePosition,SoftTargetTrim,0.032934356747816494,0.016467178373908247,0.016467178373908247,0.016467178373908247,0.0,Ineligible but long-term trend not hard-broken: target a 50% reduction before turnover control,2023-06-30,2022-01-01,,,
EWI,StalePosition,SoftTargetTrim,0.04557659755454849,0.022788298777274243,0.022788298777274243,0.022788298777274243,0.0,Ineligible but long-term trend not hard-broken: target a 50% reduction before turnover control,2023-06-30,2022-01-01,,,
EWL,StalePosition,SoftTargetTrim,0.038894963416255965,0.019447481708127982,0.019447481708127982,0.019447481708127982,0.0,Ineligible but long-term trend not hard-broken: target a 50% reduction before turnover control,2023-06-30,2022-01-01,,,
XAR,StalePosition,SoftTargetTrim,0.030198169998517804,0.015099084999258902,0.015099084999258902,0.015099084999258902,0.0,Ineligible but long-term trend not hard-broken: target a 50% reduction before turnover control,2023-06-30,2022-01-01,,,
GDX,StalePosition,HardExit,0.014912057712832077,0.0,0.014912057712832077,0.0,0.014912057712832077,Ineligible and below SMA126 -> hard exit after turnover cap,2023-06-30,2022-01-01,False,-0.06924255797120382,0.04476072586050339
BBJP,StalePosition,SoftTargetTrim,0.045589876268925696,0.022794938134462848,0.022794938134462848,0.022794938134462848,0.0,Ineligible but long-term trend not hard-broken: target a 50% reduction before turnover control,2023-08-02,2022-01-01,,,
BKLN,StalePosition,SoftTargetTrim,0.04151785370808869,0.020758926854044346,0.020758926854044346,0.020758926854044346,0.0,Ineligible but long-term trend not hard-broken: target a 50% reduction before turnover control,2023-08-02,2022-01-01,,,
BOTZ,StalePosition,SoftTargetTrim,0.07120732651820605,0.035603663259103024,0.035603663259103024,0.035603663259103024,0.0,Ineligible but long-term trend not hard-broken: target a 50% reduction before turnover control,2023-08-02,2022-01-01,,,
EBND,StalePosition,SoftTargetTrim,0.02563827523736132,0.01281913761868066,0.01281913761868066,0.01281913761868066,0.0,Ineligible but long-term trend not hard-broken: target a 50% reduction before turnover control,2023-08-02,2022-01-01,,,
ECH,StalePosition,SoftTargetTrim,0.02556799564351446,0.01278399782175723,0.01278399782175723,0.01278399782175723,0.0,Ineligible but long-term trend not hard-broken: target a 50% reduction before turnover control,2023-08-02,2022-01-01,,,
EWI,StalePosition,SoftTargetTrim,0.03538257196409843,0.017691285982049214,0.017691285982049214,0.017691285982049214,0.0,Ineligible but long-term trend not hard-broken: target a 50% reduction before turnover control,2023-08-02,2022-01-01,,,
EWL,StalePosition,SoftTargetTrim,0.03019540544836719,0.015097702724183594,0.015097702724183594,0.015097702724183594,0.0,Ineligible but long-term trend not hard-broken: target a 50% reduction before turnover control,2023-08-02,2022-01-01,,,
EWW,StalePosition,SoftTargetTrim,0.10930734599880915,0.05465367299940457,0.05465367299940457,0.05465367299940457,0.0,Ineligible but long-term trend not hard-broken: target a 50% reduction before turnover control,2023-08-02,2022-01-01,,,
FEZ,StalePosition,SoftTargetTrim,0.07695723059003629,0.03847861529501814,0.03847861529501814,0.03847861529501814,0.0,Ineligible but long-term trend not hard-broken: target a 50% reduction before turnover control,2023-08-02,2022-01-01,,,
HEFA,StalePosition,SoftTargetTrim,0.08232427123840766,0.04116213561920383,0.04116213561920383,0.04116213561920383,0.0,Ineligible but long-term trend not hard-broken: target a 50% reduction before turnover control,2023-08-02,2022-01-01,,,
BOTZ,StalePosition,SoftTargetTrim,0.05878684428048466,0.02939342214024233,0.02939342214024233,0.02939342214024233,0.0,Ineligible but long-term trend not hard-broken: target a 50% reduction before turnover control,2023-09-01,2022-01-01,,,
EPOL,StalePosition,SoftTargetTrim,0.09232207845567661,0.046161039227838305,0.046161039227838305,0.046161039227838305,0.0,Ineligible but long-term trend not hard-broken: target a 50% reduction before turnover control,2023-09-01,2022-01-01,,,
EWI,StalePosition,SoftTargetTrim,0.029210895142435685,0.014605447571217843,0.014605447571217843,0.014605447571217843,0.0,Ineligible but long-term trend not hard-broken: target a 50% reduction before turnover control,2023-09-01,2022-01-01,,,
EWW,StalePosition,SoftTargetTrim,0.09024119064914081,0.045120595324570405,0.045120595324570405,0.045120595324570405,0.0,Ineligible but long-term trend not hard-broken: target a 50% reduction before turnover control,2023-09-01,2022-01-01,,,
HEFA,StalePosition,SoftTargetTrim,0.06796469338810643,0.033982346694053214,0.033982346694053214,0.033982346694053214,0.0,Ineligible but long-term trend not hard-broken: target a 50% reduction before turnover control,2023-09-01,2022-01-01,,,
ICVT,StalePosition,SoftTargetTrim,0.06564191321026835,0.03282095660513418,0.03282095660513418,0.03282095660513418,0.0,Ineligible but long-term trend not hard-broken: target a 50% reduction before turnover control,2023-09-01,2022-01-01,,,
QYLD,StalePosition,SoftTargetTrim,0.061086242903151,0.0305431214515755,0.0305431214515755,0.0305431214515755,0.0,Ineligible but long-term trend not hard-broken: target a 50% reduction before turnover control,2023-09-01,2022-01-01,,,
SMH,StalePosition,SoftTargetTrim,0.08563824886882881,0.04281912443441441,0.04281912443441441,0.04281912443441441,0.0,Ineligible but long-term trend not hard-broken: target a 50% reduction before turnover control,2023-09-01,2022-01-01,,,
FEZ,StalePosition,HardExit,0.033969738592260074,0.0,0.033969738592260074,0.0,0.033969738592260074,Ineligible and below SMA126 -> hard exit after turnover cap,2023-09-01,2022-01-01,False,0.010806276550221483,0.029978480162564436
JQUA,StalePosition,SoftTargetTrim,0.04262993465798141,0.021314967328990703,0.021314967328990703,0.021314967328990703,0.0,Ineligible but long-term trend not hard-broken: target a 50% reduction before turnover control,2023-10-02,2022-01-01,,,
QQQM,StalePosition,SoftTargetTrim,0.06815946329111709,0.034079731645558546,0.034079731645558546,0.034079731645558546,0.0,Ineligible but long-term trend not hard-broken: target a 50% reduction before turnover control,2023-10-02,2022-01-01,,,
SMH,StalePosition,SoftTargetTrim,0.0692399363177656,0.0346199681588828,0.0346199681588828,0.0346199681588828,0.0,Ineligible but long-term trend not hard-broken: target a 50% reduction before turnover control,2023-10-02,2022-01-01,,,
BBJP,StalePosition,HardExit,0.04294178421300167,0.0,0.04294178421300167,0.0,0.04294178421300167,Ineligible and below SMA126 -> hard exit after turnover cap,2023-10-02,2022-01-01,False,-0.0282871694356307,0.024475568323775843
BOTZ,StalePosition,HardExit,0.03222237719827707,0.0,0.03222237719827707,0.0,0.03222237719827707,Ineligible and below SMA126 -> hard exit after turnover cap,2023-10-02,2022-01-01,False,-0.1342445747281994,-0.028037303213087617
EPOL,StalePosition,HardExit,0.050603785117876963,0.0,0.050603785117876963,0.0,0.050603785117876963,Ineligible and below SMA126 -> hard exit after turnover cap,2023-10-02,2022-01-01,False,-0.10515016122211018,0.05636482718681268
EWW,StalePosition,HardExit,0.04946320421699418,0.0,0.04946320421699418,0.0,0.04946320421699418,Ineligible and below SMA126 -> hard exit after turnover cap,2023-10-02,2022-01-01,False,-0.08748602907375147,-0.01962962108574784
HEFA,StalePosition,HardExit,0.03725296047646186,0.0,0.03725296047646186,0.0,0.03725296047646186,Ineligible and below SMA126 -> hard exit after turnover cap,2023-10-02,2022-01-01,False,-0.009612240385531878,0.028870408443299134
ICVT,StalePosition,HardExit,0.03597979298541784,0.0,0.03597979298541784,0.0,0.03597979298541784,Ineligible and below SMA126 -> hard exit after turnover cap,2023-10-02,2022-01-01,False,-0.034099665578163574,0.029094609694799045
QYLD,StalePosition,HardExit,0.03348272873875514,0.0,0.03348272873875514,0.0,0.03348272873875514,Ineligible and below SMA126 -> hard exit after turnover cap,2023-10-02,2022-01-01,False,-0.020977779671185637,0.044323571030943754
XHB,StalePosition,HardExit,0.0671188238772278,0.0,0.0671188238772278,0.0,0.0671188238772278,Ineligible and below SMA126 -> hard exit after turnover cap,2023-10-02,2022-01-01,False,-0.04385721724457203,0.12014203411830415
QQQM,StalePosition,SoftTargetTrim,0.06212637198028599,0.031063185990142995,0.031063185990142995,0.031063185990142995,0.0,Ineligible but long-term trend not hard-broken: target a 50% reduction before turnover control,2023-11-02,2022-01-01,,,
JQUA,StalePosition,HardExit,0.019494790158807264,0.0,0.019494790158807264,0.0,0.019494790158807264,Ineligible and below SMA126 -> hard exit after turnover cap,2023-11-02,2022-01-01,False,-0.03669912763279726,0.05030554940808285
SMH,StalePosition,HardExit,0.031663619471940664,0.0,0.031663619471940664,0.0,0.031663619471940664,Ineligible and below SMA126 -> hard exit after turnover cap,2023-11-02,2022-01-01,False,-0.0629208511837187,0.17462617756515053
UAE,StalePosition,HardExit,0.029510833687194912,0.0,0.029510833687194912,0.0,0.029510833687194912,Ineligible and below SMA126 -> hard exit after turnover cap,2023-11-02,2022-01-01,False,-0.056062734758003496,-0.02850979671070153
BKLN,StalePosition,SoftTargetTrim,0.06896358338597557,0.03448179169298778,0.03448179169298778,0.03448179169298778,0.0,Ineligible but long-term trend not hard-broken: target a 50% reduction before turnover control,2023-12-01,2022-01-01,,,
QQQM,StalePosition,SoftTargetTrim,0.047252376869442676,0.023626188434721338,0.023626188434721338,0.023626188434721338,0.0,Ineligible but long-term trend not hard-broken: target a 50% reduction before turnover control,2023-12-01,2022-01-01,,,
SHYG,StalePosition,SoftTargetTrim,0.03564120632599381,0.017820603162996905,0.017820603162996905,0.017820603162996905,0.0,Ineligible but long-term trend not hard-broken: target a 50% reduction before turnover control,2023-12-01,2022-01-01,,,
USHY,StalePosition,SoftTargetTrim,0.03564120632599381,0.017820603162996905,0.017820603162996905,0.017820603162996905,0.0,Ineligible but long-term trend not hard-broken: target a 50% reduction before turnover control,2023-12-01,2022-01-01,,,
XLC,StalePosition,SoftTargetTrim,0.034564277789524936,0.017282138894762468,0.017282138894762468,0.017282138894762468,0.0,Ineligible but long-term trend not hard-broken: target a 50% reduction before turnover control,2023-12-01,2022-01-01,,,
XOP,StalePosition,HardExit,0.02574499783525127,0.0,0.02574499783525127,0.0,0.02574499783525127,Ineligible and below SMA126 -> hard exit after turnover cap,2023-12-01,2022-01-01,False,-0.07710392396331311,0.1523409738558139
BKLN,StalePosition,SoftTargetTrim,0.06004002225571701,0.030020011127858504,0.030020011127858504,0.030020011127858504,0.0,Ineligible but long-term trend not hard-broken: target a 50% reduction before turnover control,2024-01-02,2022-01-01,,,
IGV,StalePosition,SoftTargetTrim,0.029944480374430035,0.014972240187215017,0.014972240187215017,0.014972240187215017,0.0,Ineligible but long-term trend not hard-broken: target a 50% reduction before turnover control,2024-01-02,2022-01-01,,,
INDA,StalePosition,SoftTargetTrim,0.028969084692886615,0.014484542346443308,0.014484542346443308,0.014484542346443308,0.0,Ineligible but long-term trend not hard-broken: target a 50% reduction before turnover control,2024-01-02,2022-01-01,,,
MLPA,StalePosition,SoftTargetTrim,0.07502703564288904,0.03751351782144452,0.03751351782144452,0.03751351782144452,0.0,Ineligible but long-term trend not hard-broken: target a 50% reduction before turnover control,2024-01-02,2022-01-01,,,
QQQM,StalePosition,SoftTargetTrim,0.04113814305440812,0.02056907152720406,0.02056907152720406,0.02056907152720406,0.0,Ineligible but long-term trend not hard-broken: target a 50% reduction before turnover control,2024-01-02,2022-01-01,,,
SHYG,StalePosition,SoftTargetTrim,0.03102940299747301,0.015514701498736506,0.015514701498736506,0.015514701498736506,0.0,Ineligible but long-term trend not hard-broken: target a 50% reduction before turnover control,2024-01-02,2022-01-01,,,
USHY,StalePosition,SoftTargetTrim,0.03102940299747301,0.015514701498736506,0.015514701498736506,0.015514701498736506,0.0,Ineligible but long-term trend not hard-broken: target a 50% reduction before turnover control,2024-01-02,2022-01-01,,,
XLC,StalePosition,SoftTargetTrim,0.030091823914096132,0.015045911957048066,0.015045911957048066,0.015045911957048066,0.0,Ineligible but long-term trend not hard-broken: target a 50% reduction before turnover control,2024-01-02,2022-01-01,,,
BKLN,StalePosition,SoftTargetTrim,0.052224421143955514,0.026112210571977757,0.026112210571977757,0.026112210571977757,0.0,Ineligible but long-term trend not hard-broken: target a 50% reduction before turnover control,2024-02-02,2022-01-01,,,
IGV,StalePosition,SoftTargetTrim,0.0260465118975241,0.01302325594876205,0.01302325594876205,0.01302325594876205,0.0,Ineligible but long-term trend not hard-broken: target a 50% reduction before turnover control,2024-02-02,2022-01-01,,,
KBE,StalePosition,SoftTargetTrim,0.034332245169448265,0.017166122584724133,0.017166122584724133,0.017166122584724133,0.0,Ineligible but long-term trend not hard-broken: target a 50% reduction before turnover control,2024-02-02,2022-01-01,,,
KIE,StalePosition,SoftTargetTrim,0.03139125820969463,0.015695629104847314,0.015695629104847314,0.015695629104847314,0.0,Ineligible but long-term trend not hard-broken: target a 50% reduction before turnover control,2024-02-02,2022-01-01,,,
MLPA,StalePosition,SoftTargetTrim,0.06526052721813747,0.03263026360906873,0.03263026360906873,0.03263026360906873,0.0,Ineligible but long-term trend not hard-broken: target a 50% reduction before turnover control,2024-02-02,2022-01-01,,,
QQQM,StalePosition,SoftTargetTrim,0.03578305981972094,0.01789152990986047,0.01789152990986047,0.01789152990986047,0.0,Ineligible but long-term trend not hard-broken: target a 50% reduction before turnover control,2024-02-02,2022-01-01,,,
SHYG,StalePosition,SoftTargetTrim,0.02699020668386316,0.01349510334193158,0.01349510334193158,0.01349510334193158,0.0,Ineligible but long-term trend not hard-broken: target a 50% reduction before turnover control,2024-02-02,2022-01-01,,,
USHY,StalePosition,SoftTargetTrim,0.02699020668386316,0.01349510334193158,0.01349510334193158,0.01349510334193158,0.0,Ineligible but long-term trend not hard-broken: target a 50% reduction before turnover control,2024-02-02,2022-01-01,,,
XLF,StalePosition,SoftTargetTrim,0.03304966430379171,0.016524832151895857,0.016524832151895857,0.016524832151895857,0.0,Ineligible but long-term trend not hard-broken: target a 50% reduction before turnover control,2024-02-02,2022-01-01,,,
BKLN,StalePosition,SoftTargetTrim,0.04618213243908575,0.023091066219542874,0.023091066219542874,0.023091066219542874,0.0,Ineligible but long-term trend not hard-broken: target a 50% reduction before turnover control,2024-03-01,2022-01-01,,,
JEPQ,StalePosition,SoftTargetTrim,0.027919703979584386,0.013959851989792193,0.013959851989792193,0.013959851989792193,0.0,Ineligible but long-term trend not hard-broken: target a 50% reduction before turnover control,2024-03-01,2022-01-01,,,
KBE,StalePosition,SoftTargetTrim,0.03036005490565658,0.01518002745282829,0.01518002745282829,0.01518002745282829,0.0,Ineligible but long-term trend not hard-broken: target a 50% reduction before turnover control,2024-03-01,2022-01-01,,,
MLPA,StalePosition,SoftTargetTrim,0.057709980216437716,0.028854990108218858,0.028854990108218858,0.028854990108218858,0.0,Ineligible but long-term trend not hard-broken: target a 50% reduction before turnover control,2024-03-01,2022-01-01,,,
QQQM,StalePosition,SoftTargetTrim,0.03164301243502334,0.01582150621751167,0.01582150621751167,0.01582150621751167,0.0,Ineligible but long-term trend not hard-broken: target a 50% reduction before turnover control,2024-03-01,2022-01-01,,,
SMIN,StalePosition,SoftTargetTrim,0.1042811617880524,0.0521405808940262,0.0521405808940262,0.0521405808940262,0.0,Ineligible but long-term trend not hard-broken: target a 50% reduction before turnover control,2024-03-01,2022-01-01,,,
URA,StalePosition,SoftTargetTrim,0.09209105420736195,0.046045527103680976,0.046045527103680976,0.046045527103680976,0.0,Ineligible but long-term trend not hard-broken: target a 50% reduction before turnover control,2024-03-01,2022-01-01,,,
XLF,StalePosition,SoftTargetTrim,0.029225866759495695,0.014612933379747848,0.014612933379747848,0.014612933379747848,0.0,Ineligible but long-term trend not hard-broken: target a 50% reduction before turnover control,2024-03-01,2022-01-01,,,
BKLN,StalePosition,SoftTargetTrim,0.04071465178163101,0.020357325890815504,0.020357325890815504,0.020357325890815504,0.0,Ineligible but long-term trend not hard-broken: target a 50% reduction before turnover control,2024-04-02,2022-01-01,,,
CIBR,StalePosition,SoftTargetTrim,0.028486561815229166,0.014243280907614583,0.014243280907614583,0.014243280907614583,0.0,Ineligible but long-term trend not hard-broken: target a 50% reduction before turnover control,2024-04-02,2022-01-01,,,
EIS,StalePosition,SoftTargetTrim,0.037747076995550514,0.018873538497775257,0.018873538497775257,0.018873538497775257,0.0,Ineligible but long-term trend not hard-broken: target a 50% reduction before turnover control,2024-04-02,2022-01-01,,,
INDA,StalePosition,SoftTargetTrim,0.040905199930401,0.0204525999652005,0.0204525999652005,0.0204525999652005,0.0,Ineligible but long-term trend not hard-broken: target a 50% reduction before turnover control,2024-04-02,2022-01-01,,,
MLPA,StalePosition,SoftTargetTrim,0.05087772315269882,0.02543886157634941,0.02543886157634941,0.02543886157634941,0.0,Ineligible but long-term trend not hard-broken: target a 50% reduction before turnover control,2024-04-02,2022-01-01,,,
QQQM,StalePosition,SoftTargetTrim,0.0278968112681481,0.01394840563407405,0.01394840563407405,0.01394840563407405,0.0,Ineligible but long-term trend not hard-broken: target a 50% reduction before turnover control,2024-04-02,2022-01-01,,,
SMIN,StalePosition,SoftTargetTrim,0.09193536472540874,0.04596768236270437,0.04596768236270437,0.04596768236270437,0.0,Ineligible but long-term trend not hard-broken: target a 50% reduction before turnover control,2024-04-02,2022-01-01,,,
URA,StalePosition,SoftTargetTrim,0.08118843817360707,0.04059421908680354,0.04059421908680354,0.04059421908680354,0.0,Ineligible but long-term trend not hard-broken: target a 50% reduction before turnover control,2024-04-02,2022-01-01,,,
BKLN,StalePosition,SoftTargetTrim,0.03382348259402676,0.01691174129701338,0.01691174129701338,0.01691174129701338,0.0,Ineligible but long-term trend not hard-broken: target a 50% reduction before turnover control,2024-05-02,2022-01-01,,,
BLOK,StalePosition,SoftTargetTrim,0.09188261780859855,0.045941308904299274,0.045941308904299274,0.045941308904299274,0.0,Ineligible but long-term trend not hard-broken: target a 50% reduction before turnover control,2024-05-02,2022-01-01,,,
EPOL,StalePosition,SoftTargetTrim,0.10145561340936055,0.05072780670468027,0.05072780670468027,0.05072780670468027,0.0,Ineligible but long-term trend not hard-broken: target a 50% reduction before turnover control,2024-05-02,2022-01-01,,,
JMOM,StalePosition,SoftTargetTrim,0.08816862888123672,0.04408431444061836,0.04408431444061836,0.04408431444061836,0.0,Ineligible but long-term trend not hard-broken: target a 50% reduction before turnover control,2024-05-02,2022-01-01,,,
KIE,StalePosition,SoftTargetTrim,0.047518468413927706,0.023759234206963853,0.023759234206963853,0.023759234206963853,0.0,Ineligible but long-term trend not hard-broken: target a 50% reduction before turnover control,2024-05-02,2022-01-01,,,
MLPA,StalePosition,SoftTargetTrim,0.04226640062424437,0.021133200312122184,0.021133200312122184,0.021133200312122184,0.0,Ineligible but long-term trend not hard-broken: target a 50% reduction before turnover control,2024-05-02,2022-01-01,,,
SMH,StalePosition,SoftTargetTrim,0.07155267108477735,0.035776335542388675,0.035776335542388675,0.035776335542388675,0.0,Ineligible but long-term trend not hard-broken: target a 50% reduction before turnover control,2024-05-02,2022-01-01,,,
SMIN,StalePosition,SoftTargetTrim,0.07637482018127668,0.03818741009063834,0.03818741009063834,0.03818741009063834,0.0,Ineligible but long-term trend not hard-broken: target a 50% reduction before turnover control,2024-05-02,2022-01-01,,,
URA,StalePosition,SoftTargetTrim,0.06744686753381857,0.03372343376690928,0.03372343376690928,0.03372343376690928,0.0,Ineligible but long-term trend not hard-broken: target a 50% reduction before turnover control,2024-05-02,2022-01-01,,,
XHB,StalePosition,SoftTargetTrim,0.05726566675588251,0.028632833377941255,0.028632833377941255,0.028632833377941255,0.0,Ineligible but long-term trend not hard-broken: target a 50% reduction before turnover control,2024-05-02,2022-01-01,,,
XLC,StalePosition,SoftTargetTrim,0.07486235832623488,0.03743117916311744,0.03743117916311744,0.03743117916311744,0.0,Ineligible but long-term trend not hard-broken: target a 50% reduction before turnover control,2024-05-02,2022-01-01,,,
XLF,StalePosition,SoftTargetTrim,0.047518468413927706,0.023759234206963853,0.023759234206963853,0.023759234206963853,0.0,Ineligible but long-term trend not hard-broken: target a 50% reduction before turnover control,2024-05-02,2022-01-01,,,
BLOK,StalePosition,SoftTargetTrim,0.08628005682382676,0.04314002841191338,0.04314002841191338,0.04314002841191338,0.0,Ineligible but long-term trend not hard-broken: target a 50% reduction before turnover control,2024-05-31,2022-01-01,,,
EPOL,StalePosition,SoftTargetTrim,0.09526933710454916,0.04763466855227458,0.04763466855227458,0.04763466855227458,0.0,Ineligible but long-term trend not hard-broken: target a 50% reduction before turnover control,2024-05-31,2022-01-01,,,
GLDM,StalePosition,SoftTargetTrim,0.06631858469627779,0.03315929234813889,0.03315929234813889,0.03315929234813889,0.0,Ineligible but long-term trend not hard-broken: target a 50% reduction before turnover control,2024-05-31,2022-01-01,,,
INDA,StalePosition,SoftTargetTrim,0.0590353934558899,0.02951769672794495,0.02951769672794495,0.02951769672794495,0.0,Ineligible but long-term trend not hard-broken: target a 50% reduction before turnover control,2024-05-31,2022-01-01,,,
KIE,StalePosition,SoftTargetTrim,0.044621020305227126,0.022310510152613563,0.022310510152613563,0.022310510152613563,0.0,Ineligible but long-term trend not hard-broken: target a 50% reduction before turnover control,2024-05-31,2022-01-01,,,
MLPA,StalePosition,SoftTargetTrim,0.03968919839871129,0.019844599199355644,0.019844599199355644,0.019844599199355644,0.0,Ineligible but long-term trend not hard-broken: target a 50% reduction before turnover control,2024-05-31,2022-01-01,,,
SMIN,StalePosition,SoftTargetTrim,0.07171785025625851,0.03585892512812926,0.03585892512812926,0.03585892512812926,0.0,Ineligible but long-term trend not hard-broken: target a 50% reduction before turnover control,2024-05-31,2022-01-01,,,
URA,StalePosition,SoftTargetTrim,0.06333428130584236,0.03166714065292118,0.03166714065292118,0.03166714065292118,0.0,Ineligible but long-term trend not hard-broken: target a 50% reduction before turnover control,2024-05-31,2022-01-01,,,
XHB,StalePosition,SoftTargetTrim,0.05377388128018151,0.026886940640090756,0.026886940640090756,0.026886940640090756,0.0,Ineligible but long-term trend not hard-broken: target a 50% reduction before turnover control,2024-05-31,2022-01-01,,,
XLF,StalePosition,SoftTargetTrim,0.044621020305227126,0.022310510152613563,0.022310510152613563,0.022310510152613563,0.0,Ineligible but long-term trend not hard-broken: target a 50% reduction before turnover control,2024-05-31,2022-01-01,,,
DVYE,StalePosition,SoftTargetTrim,0.045730759393874214,0.022865379696937107,0.022865379696937107,0.022865379696937107,0.0,Ineligible but long-term trend not hard-broken: target a 50% reduction before turnover control,2024-07-02,2022-01-01,,,
EPOL,StalePosition,SoftTargetTrim,0.08279304037106164,0.04139652018553082,0.04139652018553082,0.04139652018553082,0.0,Ineligible but long-term trend not hard-broken: target a 50% reduction before turnover control,2024-07-02,2022-01-01,,,
EWU,StalePosition,SoftTargetTrim,0.04814672395120122,0.02407336197560061,0.02407336197560061,0.02407336197560061,0.0,Ineligible but long-term trend not hard-broken: target a 50% reduction before turnover control,2024-07-02,2022-01-01,,,
GLDM,StalePosition,SoftTargetTrim,0.05763362511995911,0.028816812559979556,0.028816812559979556,0.028816812559979556,0.0,Ineligible but long-term trend not hard-broken: target a 50% reduction before turnover control,2024-07-02,2022-01-01,,,
INDA,StalePosition,SoftTargetTrim,0.051304227175961,0.0256521135879805,0.0256521135879805,0.0256521135879805,0.0,Ineligible but long-term trend not hard-broken: target a 50% reduction before turnover control,2024-07-02,2022-01-01,,,
JMOM,StalePosition,SoftTargetTrim,0.09618093884367619,0.048090469421838096,0.048090469421838096,0.048090469421838096,0.0,Ineligible but long-term trend not hard-broken: target a 50% reduction before turnover control,2024-07-02,2022-01-01,,,
KCE,StalePosition,SoftTargetTrim,0.0584664395459801,0.02923321977299005,0.02923321977299005,0.02923321977299005,0.0,Ineligible but long-term trend not hard-broken: target a 50% reduction before turnover control,2024-07-02,2022-01-01,,,
URA,StalePosition,HardExit,0.030192158189873627,0.0,0.030192158189873627,0.0,0.030192158189873627,Ineligible and below SMA126 -> hard exit after turnover cap,2024-07-02,2022-01-01,False,-0.07823936518918018,0.06615736236789904
XHB,StalePosition,HardExit,0.025634608881950915,0.0,0.025634608881950915,0.0,0.025634608881950915,Ineligible and below SMA126 -> hard exit after turnover cap,2024-07-02,2022-01-01,False,-0.09260023681949825,0.044967192843127446
GLDM,StalePosition,SoftTargetTrim,0.0470841167677123,0.02354205838385615,0.02354205838385615,0.02354205838385615,0.0,Ineligible but long-term trend not hard-broken: target a 50% reduction before turnover control,2024-08-02,2022-01-01,,,
INDA,StalePosition,SoftTargetTrim,0.04191327923590277,0.020956639617951384,0.020956639617951384,0.020956639617951384,0.0,Ineligible but long-term trend not hard-broken: target a 50% reduction before turnover control,2024-08-02,2022-01-01,,,
JMOM,StalePosition,SoftTargetTrim,0.07857556323965377,0.039287781619826885,0.039287781619826885,0.039287781619826885,0.0,Ineligible but long-term trend not hard-broken: target a 50% reduction before turnover control,2024-08-02,2022-01-01,,,
SLV,StalePosition,SoftTargetTrim,0.06964796776011026,0.03482398388005513,0.03482398388005513,0.03482398388005513,0.0,Ineligible but long-term trend not hard-broken: target a 50% reduction before turnover control,2024-08-02,2022-01-01,,,
TDIV,StalePosition,SoftTargetTrim,0.04457794642237996,0.02228897321118998,0.02228897321118998,0.02228897321118998,0.0,Ineligible but long-term trend not hard-broken: target a 50% reduction before turnover control,2024-08-02,2022-01-01,,,
TMFC,StalePosition,SoftTargetTrim,0.04457794642237996,0.02228897321118998,0.02228897321118998,0.02228897321118998,0.0,Ineligible but long-term trend not hard-broken: target a 50% reduction before turnover control,2024-08-02,2022-01-01,,,
XLC,StalePosition,SoftTargetTrim,0.05151397413962118,0.02575698706981059,0.02575698706981059,0.02575698706981059,0.0,Ineligible but long-term trend not hard-broken: target a 50% reduction before turnover control,2024-08-02,2022-01-01,,,
BLOK,StalePosition,HardExit,0.05840516058181821,0.0,0.05840516058181821,0.0,0.05840516058181821,Ineligible and below SMA126 -> hard exit after turnover cap,2024-08-02,2022-01-01,False,0.04167958272435124,0.22584181142631565
EPOL,StalePosition,HardExit,0.046437055508439275,0.0,0.046437055508439275,0.0,0.046437055508439275,Ineligible and below SMA126 -> hard exit after turnover cap,2024-08-02,2022-01-01,False,-0.021818353350520403,0.045835673899603524
HEFA,StalePosition,HardExit,0.058030192936126455,0.0,0.058030192936126455,0.0,0.058030192936126455,Ineligible and below SMA126 -> hard exit after turnover cap,2024-08-02,2022-01-01,False,-0.023799361039672395,0.04612293506232423
SMH,StalePosition,HardExit,0.06526252637916213,0.0,0.06526252637916213,0.0,0.06526252637916213,Ineligible and below SMA126 -> hard exit after turnover cap,2024-08-02,2022-01-01,False,0.003215055146047474,0.1422967656244538
INDA,StalePosition,SoftTargetTrim,0.036896094048321906,0.018448047024160953,0.018448047024160953,0.018448047024160953,0.0,Ineligible but long-term trend not hard-broken: target a 50% reduction before turnover control,2024-08-30,2022-01-01,,,
JMOM,StalePosition,SoftTargetTrim,0.06916975774844039,0.034584878874220196,0.034584878874220196,0.034584878874220196,0.0,Ineligible but long-term trend not hard-broken: target a 50% reduction before turnover control,2024-08-30,2022-01-01,,,
KCE,StalePosition,SoftTargetTrim,0.0660786452931669,0.03303932264658345,0.03303932264658345,0.03303932264658345,0.0,Ineligible but long-term trend not hard-broken: target a 50% reduction before turnover control,2024-08-30,2022-01-01,,,
SLV,StalePosition,SoftTargetTrim,0.061310830734291284,0.030655415367145642,0.030655415367145642,0.030655415367145642,0.0,Ineligible but long-term trend not hard-broken: target a 50% reduction before turnover control,2024-08-30,2022-01-01,,,
TDIV,StalePosition,SoftTargetTrim,0.03924179004042941,0.019620895020214704,0.019620895020214704,0.019620895020214704,0.0,Ineligible but long-term trend not hard-broken: target a 50% reduction before turnover control,2024-08-30,2022-01-01,,,
TMFC,StalePosition,SoftTargetTrim,0.03924179004042941,0.019620895020214704,0.019620895020214704,0.019620895020214704,0.0,Ineligible but long-term trend not hard-broken: target a 50% reduction before turnover control,2024-08-30,2022-01-01,,,
XLC,StalePosition,SoftTargetTrim,0.04534754782513374,0.02267377391256687,0.02267377391256687,0.02267377391256687,0.0,Ineligible but long-term trend not hard-broken: target a 50% reduction before turnover control,2024-08-30,2022-01-01,,,
INDA,StalePosition,SoftTargetTrim,0.03072868400309346,0.01536434200154673,0.01536434200154673,0.01536434200154673,0.0,Ineligible but long-term trend not hard-broken: target a 50% reduction before turnover control,2024-10-02,2022-01-01,,,
JMOM,StalePosition,SoftTargetTrim,0.05760760544567783,0.028803802722838914,0.028803802722838914,0.028803802722838914,0.0,Ineligible but long-term trend not hard-broken: target a 50% reduction before turnover control,2024-10-02,2022-01-01,,,
SLV,StalePosition,SoftTargetTrim,0.051062346630344056,0.025531173315172028,0.025531173315172028,0.025531173315172028,0.0,Ineligible but long-term trend not hard-broken: target a 50% reduction before turnover control,2024-10-02,2022-01-01,,,
SMIN,StalePosition,SoftTargetTrim,0.09701193495180836,0.04850596747590418,0.04850596747590418,0.04850596747590418,0.0,Ineligible but long-term trend not hard-broken: target a 50% reduction before turnover control,2024-10-02,2022-01-01,,,
TDIV,StalePosition,SoftTargetTrim,0.03268228241961941,0.016341141209809704,0.016341141209809704,0.016341141209809704,0.0,Ineligible but long-term trend not hard-broken: target a 50% reduction before turnover control,2024-10-02,2022-01-01,,,
TMFC,StalePosition,SoftTargetTrim,0.03268228241961941,0.016341141209809704,0.016341141209809704,0.016341141209809704,0.0,Ineligible but long-term trend not hard-broken: target a 50% reduction before turnover control,2024-10-02,2022-01-01,,,
USMV,StalePosition,SoftTargetTrim,0.06089125521897661,0.030445627609488306,0.030445627609488306,0.030445627609488306,0.0,Ineligible but long-term trend not hard-broken: target a 50% reduction before turnover control,2024-10-02,2022-01-01,,,
XLC,StalePosition,SoftTargetTrim,0.03776742507238595,0.018883712536192976,0.018883712536192976,0.018883712536192976,0.0,Ineligible but long-term trend not hard-broken: target a 50% reduction before turnover control,2024-10-02,2022-01-01,,,
XLF,StalePosition,SoftTargetTrim,0.04021508725538323,0.020107543627691616,0.020107543627691616,0.020107543627691616,0.0,Ineligible but long-term trend not hard-broken: target a 50% reduction before turnover control,2024-10-02,2022-01-01,,,
XLP,StalePosition,SoftTargetTrim,0.05611145760327863,0.028055728801639316,0.028055728801639316,0.028055728801639316,0.0,Ineligible but long-term trend not hard-broken: target a 50% reduction before turnover control,2024-10-02,2022-01-01,,,
EWM,StalePosition,SoftTargetTrim,0.09486297390028582,0.04743148695014291,0.04743148695014291,0.04743148695014291,0.0,Ineligible but long-term trend not hard-broken: target a 50% reduction before turnover control,2024-11-01,2022-01-01,,,
EWS,StalePosition,SoftTargetTrim,0.044093730263608966,0.022046865131804483,0.022046865131804483,0.022046865131804483,0.0,Ineligible but long-term trend not hard-broken: target a 50% reduction before turnover control,2024-11-01,2022-01-01,,,
FNDE,StalePosition,SoftTargetTrim,0.04409373026360896,0.02204686513180448,0.02204686513180448,0.02204686513180448,0.0,Ineligible but long-term trend not hard-broken: target a 50% reduction before turnover control,2024-11-01,2022-01-01,,,
JMOM,StalePosition,SoftTargetTrim,0.05025307119949029,0.025126535599745144,0.025126535599745144,0.025126535599745144,0.0,Ineligible but long-term trend not hard-broken: target a 50% reduction before turnover control,2024-11-01,2022-01-01,,,
KIE,StalePosition,SoftTargetTrim,0.08232715018892882,0.04116357509446441,0.04116357509446441,0.04116357509446441,0.0,Ineligible but long-term trend not hard-broken: target a 50% reduction before turnover control,2024-11-01,2022-01-01,,,
MCHI,StalePosition,SoftTargetTrim,0.044093730263608966,0.022046865131804483,0.022046865131804483,0.022046865131804483,0.0,Ineligible but long-term trend not hard-broken: target a 50% reduction before turnover control,2024-11-01,2022-01-01,,,
SLV,StalePosition,SoftTargetTrim,0.044543419588016525,0.022271709794008263,0.022271709794008263,0.022271709794008263,0.0,Ineligible but long-term trend not hard-broken: target a 50% reduction before turnover control,2024-11-01,2022-01-01,,,
SMIN,StalePosition,SoftTargetTrim,0.08462680641934785,0.042313403209673923,0.042313403209673923,0.042313403209673923,0.0,Ineligible but long-term trend not hard-broken: target a 50% reduction before turnover control,2024-11-01,2022-01-01,,,
USMV,StalePosition,SoftTargetTrim,0.05311751044453714,0.02655875522226857,0.02655875522226857,0.02655875522226857,0.0,Ineligible but long-term trend not hard-broken: target a 50% reduction before turnover control,2024-11-01,2022-01-01,,,
XHB,StalePosition,SoftTargetTrim,0.04409373026360898,0.02204686513180449,0.02204686513180449,0.02204686513180449,0.0,Ineligible but long-term trend not hard-broken: target a 50% reduction before turnover control,2024-11-01,2022-01-01,,,
XLP,StalePosition,SoftTargetTrim,0.048947930611413795,0.024473965305706898,0.024473965305706898,0.024473965305706898,0.0,Ineligible but long-term trend not hard-broken: target a 50% reduction before turnover control,2024-11-01,2022-01-01,,,
XLU,StalePosition,SoftTargetTrim,0.08232715018892882,0.04116357509446441,0.04116357509446441,0.04116357509446441,0.0,Ineligible but long-term trend not hard-broken: target a 50% reduction before turnover control,2024-11-01,2022-01-01,,,
FNDE,StalePosition,SoftTargetTrim,0.042108903210079346,0.021054451605039673,0.021054451605039673,0.021054451605039673,0.0,Ineligible but long-term trend not hard-broken: target a 50% reduction before turnover control,2024-12-02,2022-01-01,,,
GLDM,StalePosition,SoftTargetTrim,0.09711961674461979,0.048559808372309894,0.048559808372309894,0.048559808372309894,0.0,Ineligible but long-term trend not hard-broken: target a 50% reduction before turnover control,2024-12-02,2022-01-01,,,
JMOM,StalePosition,SoftTargetTrim,0.04799098870741277,0.023995494353706386,0.023995494353706386,0.023995494353706386,0.0,Ineligible but long-term trend not hard-broken: target a 50% reduction before turnover control,2024-12-02,2022-01-01,,,
MCHI,StalePosition,SoftTargetTrim,0.04210890321007935,0.021054451605039676,0.021054451605039676,0.021054451605039676,0.0,Ineligible but long-term trend not hard-broken: target a 50% reduction before turnover control,2024-12-02,2022-01-01,,,
SLV,StalePosition,SoftTargetTrim,0.04253835030205541,0.021269175151027706,0.021269175151027706,0.021269175151027706,0.0,Ineligible but long-term trend not hard-broken: target a 50% reduction before turnover control,2024-12-02,2022-01-01,,,
SMIN,StalePosition,SoftTargetTrim,0.08081743094054962,0.04040871547027481,0.04040871547027481,0.04040871547027481,0.0,Ineligible but long-term trend not hard-broken: target a 50% reduction before turnover control,2024-12-02,2022-01-01,,,
USMV,StalePosition,SoftTargetTrim,0.05072648861181479,0.025363244305907397,0.025363244305907397,0.025363244305907397,0.0,Ineligible but long-term trend not hard-broken: target a 50% reduction before turnover control,2024-12-02,2022-01-01,,,
XHB,StalePosition,SoftTargetTrim,0.04210890321007936,0.02105445160503968,0.02105445160503968,0.02105445160503968,0.0,Ineligible but long-term trend not hard-broken: target a 50% reduction before turnover control,2024-12-02,2022-01-01,,,
XLF,StalePosition,SoftTargetTrim,0.06336466993043346,0.03168233496521673,0.03168233496521673,0.03168233496521673,0.0,Ineligible but long-term trend not hard-broken: target a 50% reduction before turnover control,2024-12-02,2022-01-01,,,
XLP,StalePosition,SoftTargetTrim,0.04674459747740571,0.023372298738702856,0.023372298738702856,0.023372298738702856,0.0,Ineligible but long-term trend not hard-broken: target a 50% reduction before turnover control,2024-12-02,2022-01-01,,,
XLU,StalePosition,SoftTargetTrim,0.07862129101216869,0.039310645506084346,0.039310645506084346,0.039310645506084346,0.0,Ineligible but long-term trend not hard-broken: target a 50% reduction before turnover control,2024-12-02,2022-01-01,,,
EWM,StalePosition,HardExit,0.053525945450903785,0.0,0.053525945450903785,0.0,0.053525945450903785,Ineligible and below SMA126 -> hard exit after turnover cap,2024-12-02,2022-01-01,False,-0.0463938202008326,0.07120186346990165
EWS,StalePosition,SoftTargetTrim,0.06751889947698017,0.033759449738490085,0.033759449738490085,0.033759449738490085,0.0,Ineligible but long-term trend not hard-broken: target a 50% reduction before turnover control,2025-01-02,2022-01-01,,,
GLDM,StalePosition,SoftTargetTrim,0.09045033565575893,0.04522516782787946,0.04522516782787946,0.04522516782787946,0.0,Ineligible but long-term trend not hard-broken: target a 50% reduction before turnover control,2025-01-02,2022-01-01,,,
JMOM,StalePosition,SoftTargetTrim,0.04469540946039299,0.022347704730196497,0.022347704730196497,0.022347704730196497,0.0,Ineligible but long-term trend not hard-broken: target a 50% reduction before turnover control,2025-01-02,2022-01-01,,,
KCE,StalePosition,SoftTargetTrim,0.08999174235697997,0.044995871178489986,0.044995871178489986,0.044995871178489986,0.0,Ineligible but long-term trend not hard-broken: target a 50% reduction before turnover control,2025-01-02,2022-01-01,,,
KIE,StalePosition,SoftTargetTrim,0.09364712943321049,0.046823564716605245,0.046823564716605245,0.046823564716605245,0.0,Ineligible but long-term trend not hard-broken: target a 50% reduction before turnover control,2025-01-02,2022-01-01,,,
XLF,StalePosition,SoftTargetTrim,0.0590133678039003,0.02950668390195015,0.02950668390195015,0.02950668390195015,0.0,Ineligible but long-term trend not hard-broken: target a 50% reduction before turnover control,2025-01-02,2022-01-01,,,
XLU,StalePosition,SoftTargetTrim,0.07322230461884223,0.036611152309421115,0.036611152309421115,0.036611152309421115,0.0,Ineligible but long-term trend not hard-broken: target a 50% reduction before turnover control,2025-01-02,2022-01-01,,,
SLV,StalePosition,HardExit,0.023902001638493625,0.0,0.023902001638493625,0.0,0.023902001638493625,Ineligible and below SMA126 -> hard exit after turnover cap,2025-01-02,2022-01-01,False,-0.07868625634896509,-0.05442413138953295
SMIN,StalePosition,HardExit,0.04541074943065022,0.0,0.04541074943065022,0.0,0.04541074943065022,Ineligible and below SMA126 -> hard exit after turnover cap,2025-01-02,2022-01-01,False,-0.029847843913922034,-0.016943523379141845
SPYD,StalePosition,HardExit,0.0236849000027991,0.0,0.0236849000027991,0.0,0.0236849000027991,Ineligible and below SMA126 -> hard exit after turnover cap,2025-01-02,2022-01-01,False,-0.02923660715105625,0.10402006287193766
USMV,StalePosition,HardExit,0.02850285930942744,0.0,0.02850285930942744,0.0,0.02850285930942744,Ineligible and below SMA126 -> hard exit after turnover cap,2025-01-02,2022-01-01,False,-0.01767049549730626,0.06356255367921348
XLP,StalePosition,HardExit,0.026265462519398413,0.0,0.026265462519398413,0.0,0.026265462519398413,Ineligible and below SMA126 -> hard exit after turnover cap,2025-01-02,2022-01-01,False,-0.027528859217050394,0.025901703622272843
BKLN,StalePosition,SoftTargetTrim,0.02743390058372199,0.013716950291860996,0.013716950291860996,0.013716950291860996,0.0,Ineligible but long-term trend not hard-broken: target a 50% reduction before turnover control,2025-01-31,2022-01-01,,,
BNDX,StalePosition,SoftTargetTrim,0.027076289216708835,0.013538144608354417,0.013538144608354417,0.013538144608354417,0.0,Ineligible but long-term trend not hard-broken: target a 50% reduction before turnover control,2025-01-31,2022-01-01,,,
GLDM,StalePosition,SoftTargetTrim,0.07319959799143104,0.03659979899571552,0.03659979899571552,0.03659979899571552,0.0,Ineligible but long-term trend not hard-broken: target a 50% reduction before turnover control,2025-01-31,2022-01-01,,,
JMOM,StalePosition,SoftTargetTrim,0.036171076434859686,0.018085538217429843,0.018085538217429843,0.018085538217429843,0.0,Ineligible but long-term trend not hard-broken: target a 50% reduction before turnover control,2025-01-31,2022-01-01,,,
KIE,StalePosition,SoftTargetTrim,0.07578669750493143,0.037893348752465715,0.037893348752465715,0.037893348752465715,0.0,Ineligible but long-term trend not hard-broken: target a 50% reduction before turnover control,2025-01-31,2022-01-01,,,
SHYG,StalePosition,SoftTargetTrim,0.02743390058372199,0.013716950291860996,0.013716950291860996,0.013716950291860996,0.0,Ineligible but long-term trend not hard-broken: target a 50% reduction before turnover control,2025-01-31,2022-01-01,,,
XLF,StalePosition,SoftTargetTrim,0.04775830590398616,0.02387915295199308,0.02387915295199308,0.02387915295199308,0.0,Ineligible but long-term trend not hard-broken: target a 50% reduction before turnover control,2025-01-31,2022-01-01,,,
XLU,StalePosition,SoftTargetTrim,0.059257306490317,0.0296286532451585,0.0296286532451585,0.0296286532451585,0.0,Ineligible but long-term trend not hard-broken: target a 50% reduction before turnover control,2025-01-31,2022-01-01,,,
ARKQ,StalePosition,SoftTargetTrim,0.03389302530843408,0.01694651265421704,0.01694651265421704,0.01694651265421704,0.0,Ineligible but long-term trend not hard-broken: target a 50% reduction before turnover control,2025-02-28,2022-01-01,,,
EIS,StalePosition,SoftTargetTrim,0.07316927128098566,0.03658463564049283,0.03658463564049283,0.03658463564049283,0.0,Ineligible but long-term trend not hard-broken: target a 50% reduction before turnover control,2025-02-28,2022-01-01,,,
JMOM,StalePosition,SoftTargetTrim,0.031158692547901712,0.015579346273950856,0.015579346273950856,0.015579346273950856,0.0,Ineligible but long-term trend not hard-broken: target a 50% reduction before turnover control,2025-02-28,2022-01-01,,,
KCE,StalePosition,SoftTargetTrim,0.08735165537016251,0.043675827685081256,0.043675827685081256,0.043675827685081256,0.0,Ineligible but long-term trend not hard-broken: target a 50% reduction before turnover control,2025-02-28,2022-01-01,,,
KIE,StalePosition,SoftTargetTrim,0.06528460415132095,0.032642302075660476,0.032642302075660476,0.032642302075660476,0.0,Ineligible but long-term trend not hard-broken: target a 50% reduction before turnover control,2025-02-28,2022-01-01,,,
XLU,StalePosition,SoftTargetTrim,0.05104576297234906,0.02552288148617453,0.02552288148617453,0.02552288148617453,0.0,Ineligible but long-term trend not hard-broken: target a 50% reduction before turnover control,2025-02-28,2022-01-01,,,
BKLN,StalePosition,SoftTargetTrim,0.05520877990108168,0.02760438995054084,0.02760438995054084,0.02760438995054084,0.0,Ineligible but long-term trend not hard-broken: target a 50% reduction before turnover control,2025-04-02,2022-01-01,,,
EIS,StalePosition,SoftTargetTrim,0.05825900467602725,0.029129502338013626,0.029129502338013626,0.029129502338013626,0.0,Ineligible but long-term trend not hard-broken: target a 50% reduction before turnover control,2025-04-02,2022-01-01,,,
UAE,StalePosition,SoftTargetTrim,0.07932029176099493,0.03966014588049747,0.03966014588049747,0.03966014588049747,0.0,Ineligible but long-term trend not hard-broken: target a 50% reduction before turnover control,2025-04-02,2022-01-01,,,
XLF,StalePosition,SoftTargetTrim,0.0702436938022896,0.0351218469011448,0.0351218469011448,0.0351218469011448,0.0,Ineligible but long-term trend not hard-broken: target a 50% reduction before turnover control,2025-04-02,2022-01-01,,,
XLU,StalePosition,SoftTargetTrim,0.040643774246119584,0.020321887123059792,0.020321887123059792,0.020321887123059792,0.0,Ineligible but long-term trend not hard-broken: target a 50% reduction before turnover control,2025-04-02,2022-01-01,,,
ARKQ,StalePosition,HardExit,0.017144595699066078,0.0,0.017144595699066078,0.0,0.017144595699066078,Ineligible and below SMA126 -> hard exit after turnover cap,2025-04-02,2022-01-01,False,-0.11482199897419454,0.12596742714005438
IHI,StalePosition,HardExit,0.03430247565939858,0.0,0.03430247565939858,0.0,0.03430247565939858,Ineligible and below SMA126 -> hard exit after turnover cap,2025-04-02,2022-01-01,False,0.03398953779615099,0.03249269417653555
KCE,StalePosition,HardExit,0.04418634221457119,0.0,0.04418634221457119,0.0,0.04418634221457119,Ineligible and below SMA126 -> hard exit after turnover cap,2025-04-02,2022-01-01,False,-0.05537406258672839,0.05142986166937025
XLC,StalePosition,HardExit,0.02597153522989984,0.0,0.02597153522989984,0.0,0.02597153522989984,Ineligible and below SMA126 -> hard exit after turnover cap,2025-04-02,2022-01-01,False,0.003373969552921796,0.07648004230758132
XYLD,StalePosition,HardExit,0.03930196052241913,0.0,0.03930196052241913,0.0,0.03930196052241913,Ineligible and below SMA126 -> hard exit after turnover cap,2025-04-02,2022-01-01,False,-0.029209578746573372,0.031506231909680826
BKLN,StalePosition,SoftTargetTrim,0.047938519519865046,0.023969259759932523,0.023969259759932523,0.023969259759932523,0.0,Ineligible but long-term trend not hard-broken: target a 50% reduction before turnover control,2025-05-02,2022-01-01,,,
EIS,StalePosition,SoftTargetTrim,0.05058707035137581,0.025293535175687904,0.025293535175687904,0.025293535175687904,0.0,Ineligible but long-term trend not hard-broken: target a 50% reduction before turnover control,2025-05-02,2022-01-01,,,
KIE,StalePosition,SoftTargetTrim,0.05071209050010067,0.025356045250050335,0.025356045250050335,0.025356045250050335,0.0,Ineligible but long-term trend not hard-broken: target a 50% reduction before turnover control,2025-05-02,2022-01-01,,,
XLF,StalePosition,SoftTargetTrim,0.060993535675337544,0.030496767837668772,0.030496767837668772,0.030496767837668772,0.0,Ineligible but long-term trend not hard-broken: target a 50% reduction before turnover control,2025-05-02,2022-01-01,,,
XLU,StalePosition,SoftTargetTrim,0.03529153095847383,0.017645765479236915,0.017645765479236915,0.017645765479236915,0.0,Ineligible but long-term trend not hard-broken: target a 50% reduction before turnover control,2025-05-02,2022-01-01,,,
MLPA,StalePosition,HardExit,0.02347667277063776,0.0,0.02347667277063776,0.0,0.02347667277063776,Ineligible and below SMA126 -> hard exit after turnover cap,2025-05-02,2022-01-01,False,-0.053930228576981265,0.08336663418068535
BKLN,StalePosition,SoftTargetTrim,0.03358805640604539,0.016794028203022695,0.016794028203022695,0.016794028203022695,0.0,Ineligible but long-term trend not hard-broken: target a 50% reduction before turnover control,2025-06-02,2022-01-01,,,
BNDX,StalePosition,SoftTargetTrim,0.036379218866283584,0.018189609433141792,0.018189609433141792,0.018189609433141792,0.0,Ineligible but long-term trend not hard-broken: target a 50% reduction before turnover control,2025-06-02,2022-01-01,,,
EWS,StalePosition,SoftTargetTrim,0.058458100016482197,0.029229050008241098,0.029229050008241098,0.029229050008241098,0.0,Ineligible but long-term trend not hard-broken: target a 50% reduction before turnover control,2025-06-02,2022-01-01,,,
KIE,StalePosition,SoftTargetTrim,0.03553135501984011,0.017765677509920055,0.017765677509920055,0.017765677509920055,0.0,Ineligible but long-term trend not hard-broken: target a 50% reduction before turnover control,2025-06-02,2022-01-01,,,
MCHI,StalePosition,SoftTargetTrim,0.03450867885983026,0.01725433942991513,0.01725433942991513,0.01725433942991513,0.0,Ineligible but long-term trend not hard-broken: target a 50% reduction before turnover control,2025-06-02,2022-01-01,,,
SCHP,StalePosition,SoftTargetTrim,0.037366251936299034,0.018683125968149517,0.018683125968149517,0.018683125968149517,0.0,Ineligible but long-term trend not hard-broken: target a 50% reduction before turnover control,2025-06-02,2022-01-01,,,
SUSB,StalePosition,SoftTargetTrim,0.038353285006314485,0.019176642503157242,0.019176642503157242,0.019176642503157242,0.0,Ineligible but long-term trend not hard-broken: target a 50% reduction before turnover control,2025-06-02,2022-01-01,,,
VGIT,StalePosition,SoftTargetTrim,0.03934031807632992,0.01967015903816496,0.01967015903816496,0.01967015903816496,0.0,Ineligible but long-term trend not hard-broken: target a 50% reduction before turnover control,2025-06-02,2022-01-01,,,
XLF,StalePosition,SoftTargetTrim,0.04273503514889411,0.021367517574447055,0.021367517574447055,0.021367517574447055,0.0,Ineligible but long-term trend not hard-broken: target a 50% reduction before turnover control,2025-06-02,2022-01-01,,,
XLU,StalePosition,SoftTargetTrim,0.024726961624205228,0.012363480812102614,0.012363480812102614,0.012363480812102614,0.0,Ineligible but long-term trend not hard-broken: target a 50% reduction before turnover control,2025-06-02,2022-01-01,,,
BNDX,StalePosition,SoftTargetTrim,0.03159998680527836,0.01579999340263918,0.01579999340263918,0.01579999340263918,0.0,Ineligible but long-term trend not hard-broken: target a 50% reduction before turnover control,2025-07-02,2022-01-01,,,
EBND,StalePosition,SoftTargetTrim,0.05849400501974381,0.029247002509871906,0.029247002509871906,0.029247002509871906,0.0,Ineligible but long-term trend not hard-broken: target a 50% reduction before turnover control,2025-07-02,2022-01-01,,,
EWS,StalePosition,SoftTargetTrim,0.050778308241646794,0.025389154120823397,0.025389154120823397,0.025389154120823397,0.0,Ineligible but long-term trend not hard-broken: target a 50% reduction before turnover control,2025-07-02,2022-01-01,,,
GLDM,StalePosition,SoftTargetTrim,0.08054550096593431,0.040272750482967155,0.040272750482967155,0.040272750482967155,0.0,Ineligible but long-term trend not hard-broken: target a 50% reduction before turnover control,2025-07-02,2022-01-01,,,
KIE,StalePosition,SoftTargetTrim,0.030863509024961922,0.015431754512480961,0.015431754512480961,0.015431754512480961,0.0,Ineligible but long-term trend not hard-broken: target a 50% reduction before turnover control,2025-07-02,2022-01-01,,,
SCHP,StalePosition,SoftTargetTrim,0.03245735078836731,0.016228675394183656,0.016228675394183656,0.016228675394183656,0.0,Ineligible but long-term trend not hard-broken: target a 50% reduction before turnover control,2025-07-02,2022-01-01,,,
SUSB,StalePosition,SoftTargetTrim,0.03331471477145626,0.01665735738572813,0.01665735738572813,0.01665735738572813,0.0,Ineligible but long-term trend not hard-broken: target a 50% reduction before turnover control,2025-07-02,2022-01-01,,,
VGIT,StalePosition,SoftTargetTrim,0.0341720787545452,0.0170860393772726,0.0170860393772726,0.0170860393772726,0.0,Ineligible but long-term trend not hard-broken: target a 50% reduction before turnover control,2025-07-02,2022-01-01,,,
XLF,StalePosition,SoftTargetTrim,0.03712082306637272,0.01856041153318636,0.01856041153318636,0.01856041153318636,0.0,Ineligible but long-term trend not hard-broken: target a 50% reduction before turnover control,2025-07-02,2022-01-01,,,
EBND,StalePosition,SoftTargetTrim,0.04167965654768895,0.020839828273844476,0.020839828273844476,0.020839828273844476,0.0,Ineligible but long-term trend not hard-broken: target a 50% reduction before turnover control,2025-08-01,2022-01-01,,,
ECH,StalePosition,SoftTargetTrim,0.04563508031920187,0.022817540159600934,0.022817540159600934,0.022817540159600934,0.0,Ineligible but long-term trend not hard-broken: target a 50% reduction before turnover control,2025-08-01,2022-01-01,,,
EIS,StalePosition,SoftTargetTrim,0.06690257918079319,0.033451289590396595,0.033451289590396595,0.033451289590396595,0.0,Ineligible but long-term trend not hard-broken: target a 50% reduction before turnover control,2025-08-01,2022-01-01,,,
EWW,StalePosition,SoftTargetTrim,0.04563508031920187,0.022817540159600934,0.022817540159600934,0.022817540159600934,0.0,Ineligible but long-term trend not hard-broken: target a 50% reduction before turnover control,2025-08-01,2022-01-01,,,
GLDM,StalePosition,SoftTargetTrim,0.05739235697040315,0.028696178485201576,0.028696178485201576,0.028696178485201576,0.0,Ineligible but long-term trend not hard-broken: target a 50% reduction before turnover control,2025-08-01,2022-01-01,,,
SCHP,StalePosition,SoftTargetTrim,0.023127348398359608,0.011563674199179804,0.011563674199179804,0.011563674199179804,0.0,Ineligible but long-term trend not hard-broken: target a 50% reduction before turnover control,2025-08-01,2022-01-01,,,
SUSB,StalePosition,SoftTargetTrim,0.0237382594881276,0.0118691297440638,0.0118691297440638,0.0118691297440638,0.0,Ineligible but long-term trend not hard-broken: target a 50% reduction before turnover control,2025-08-01,2022-01-01,,,
VGIT,StalePosition,SoftTargetTrim,0.024349170577895575,0.012174585288947787,0.012174585288947787,0.012174585288947787,0.0,Ineligible but long-term trend not hard-broken: target a 50% reduction before turnover control,2025-08-01,2022-01-01,,,
XLF,StalePosition,SoftTargetTrim,0.026450285899413367,0.013225142949706684,0.013225142949706684,0.013225142949706684,0.0,Ineligible but long-term trend not hard-broken: target a 50% reduction before turnover control,2025-08-01,2022-01-01,,,
EBND,StalePosition,SoftTargetTrim,0.03581259532254542,0.01790629766127271,0.01790629766127271,0.01790629766127271,0.0,Ineligible but long-term trend not hard-broken: target a 50% reduction before turnover control,2025-09-02,2022-01-01,,,
ECH,StalePosition,SoftTargetTrim,0.03921123155401941,0.019605615777009706,0.019605615777009706,0.019605615777009706,0.0,Ineligible but long-term trend not hard-broken: target a 50% reduction before turnover control,2025-09-02,2022-01-01,,,
EIS,StalePosition,SoftTargetTrim,0.057484998502684376,0.028742499251342188,0.028742499251342188,0.028742499251342188,0.0,Ineligible but long-term trend not hard-broken: target a 50% reduction before turnover control,2025-09-02,2022-01-01,,,
EPOL,StalePosition,SoftTargetTrim,0.07245341924822525,0.036226709624112625,0.036226709624112625,0.036226709624112625,0.0,Ineligible but long-term trend not hard-broken: target a 50% reduction before turnover control,2025-09-02,2022-01-01,,,
EWP,StalePosition,SoftTargetTrim,0.08098202771431998,0.04049101385715999,0.04049101385715999,0.04049101385715999,0.0,Ineligible but long-term trend not hard-broken: target a 50% reduction before turnover control,2025-09-02,2022-01-01,,,
EWS,StalePosition,SoftTargetTrim,0.06562089780524208,0.03281044890262104,0.03281044890262104,0.03281044890262104,0.0,Ineligible but long-term trend not hard-broken: target a 50% reduction before turnover control,2025-09-02,2022-01-01,,,
GDX,StalePosition,SoftTargetTrim,0.08098202771431998,0.04049101385715999,0.04049101385715999,0.04049101385715999,0.0,Ineligible but long-term trend not hard-broken: target a 50% reduction before turnover control,2025-09-02,2022-01-01,,,
GLDM,StalePosition,SoftTargetTrim,0.04931348828262076,0.02465674414131038,0.02465674414131038,0.02465674414131038,0.0,Ineligible but long-term trend not hard-broken: target a 50% reduction before turnover control,2025-09-02,2022-01-01,,,
UAE,StalePosition,SoftTargetTrim,0.08860545052193136,0.04430272526096568,0.04430272526096568,0.04430272526096568,0.0,Ineligible but long-term trend not hard-broken: target a 50% reduction before turnover control,2025-09-02,2022-01-01,,,
XLF,StalePosition,SoftTargetTrim,0.02272699593859401,0.011363497969297006,0.011363497969297006,0.011363497969297006,0.0,Ineligible but long-term trend not hard-broken: target a 50% reduction before turnover control,2025-09-02,2022-01-01,,,
ECH,StalePosition,SoftTargetTrim,0.036186944789948786,0.018093472394974393,0.018093472394974393,0.018093472394974393,0.0,Ineligible but long-term trend not hard-broken: target a 50% reduction before turnover control,2025-10-02,2022-01-01,,,
EIS,StalePosition,SoftTargetTrim,0.053051291291402784,0.026525645645701392,0.026525645645701392,0.026525645645701392,0.0,Ineligible but long-term trend not hard-broken: target a 50% reduction before turnover control,2025-10-02,2022-01-01,,,
EPOL,StalePosition,SoftTargetTrim,0.06686522657587328,0.03343261328793664,0.03343261328793664,0.03343261328793664,0.0,Ineligible but long-term trend not hard-broken: target a 50% reduction before turnover control,2025-10-02,2022-01-01,,,
EWH,StalePosition,SoftTargetTrim,0.06615811739599511,0.03307905869799756,0.03307905869799756,0.03307905869799756,0.0,Ineligible but long-term trend not hard-broken: target a 50% reduction before turnover control,2025-10-02,2022-01-01,,,
EWP,StalePosition,SoftTargetTrim,0.07473603989813486,0.03736801994906743,0.03736801994906743,0.03736801994906743,0.0,Ineligible but long-term trend not hard-broken: target a 50% reduction before turnover control,2025-10-02,2022-01-01,,,
EWS,StalePosition,SoftTargetTrim,0.06055968435150444,0.03027984217575222,0.03027984217575222,0.03027984217575222,0.0,Ineligible but long-term trend not hard-broken: target a 50% reduction before turnover control,2025-10-02,2022-01-01,,,
EWW,StalePosition,SoftTargetTrim,0.06328435249172269,0.031642176245861346,0.031642176245861346,0.031642176245861346,0.0,Ineligible but long-term trend not hard-broken: target a 50% reduction before turnover control,2025-10-02,2022-01-01,,,
GDX,StalePosition,SoftTargetTrim,0.07473603989813486,0.03736801994906743,0.03736801994906743,0.03736801994906743,0.0,Ineligible but long-term trend not hard-broken: target a 50% reduction before turnover control,2025-10-02,2022-01-01,,,
GLDM,StalePosition,SoftTargetTrim,0.04551003391527141,0.022755016957635706,0.022755016957635706,0.022755016957635706,0.0,Ineligible but long-term trend not hard-broken: target a 50% reduction before turnover control,2025-10-02,2022-01-01,,,
ICLN,StalePosition,SoftTargetTrim,0.03529553177295376,0.01764776588647688,0.01764776588647688,0.01764776588647688,0.0,Ineligible but long-term trend not hard-broken: target a 50% reduction before turnover control,2025-10-02,2022-01-01,,,
UAE,StalePosition,SoftTargetTrim,0.08177148278825218,0.04088574139412609,0.04088574139412609,0.04088574139412609,0.0,Ineligible but long-term trend not hard-broken: target a 50% reduction before turnover control,2025-10-02,2022-01-01,,,
AVDV,StalePosition,SoftTargetTrim,0.060909510909957824,0.030454755454978912,0.030454755454978912,0.030454755454978912,0.0,Ineligible but long-term trend not hard-broken: target a 50% reduction before turnover control,2025-10-31,2022-01-01,,,
EIS,StalePosition,SoftTargetTrim,0.048705708676971285,0.024352854338485642,0.024352854338485642,0.024352854338485642,0.0,Ineligible but long-term trend not hard-broken: target a 50% reduction before turnover control,2025-10-31,2022-01-01,,,
EPOL,StalePosition,SoftTargetTrim,0.06138810511388871,0.030694052556944355,0.030694052556944355,0.030694052556944355,0.0,Ineligible but long-term trend not hard-broken: target a 50% reduction before turnover control,2025-10-31,2022-01-01,,,
EWH,StalePosition,SoftTargetTrim,0.06073891726417581,0.030369458632087905,0.030369458632087905,0.030369458632087905,0.0,Ineligible but long-term trend not hard-broken: target a 50% reduction before turnover control,2025-10-31,2022-01-01,,,
EWP,StalePosition,SoftTargetTrim,0.0686141976630633,0.03430709883153165,0.03430709883153165,0.03430709883153165,0.0,Ineligible but long-term trend not hard-broken: target a 50% reduction before turnover control,2025-10-31,2022-01-01,,,
EWS,StalePosition,SoftTargetTrim,0.0555990678415722,0.0277995339207861,0.0277995339207861,0.0277995339207861,0.0,Ineligible but long-term trend not hard-broken: target a 50% reduction before turnover control,2025-10-31,2022-01-01,,,
EWW,StalePosition,SoftTargetTrim,0.058100550641490424,0.029050275320745212,0.029050275320745212,0.029050275320745212,0.0,Ineligible but long-term trend not hard-broken: target a 50% reduction before turnover control,2025-10-31,2022-01-01,,,
GDX,StalePosition,SoftTargetTrim,0.0686141976630633,0.03430709883153165,0.03430709883153165,0.03430709883153165,0.0,Ineligible but long-term trend not hard-broken: target a 50% reduction before turnover control,2025-10-31,2022-01-01,,,
GLDM,StalePosition,SoftTargetTrim,0.041782177206221995,0.020891088603110997,0.020891088603110997,0.020891088603110997,0.0,Ineligible but long-term trend not hard-broken: target a 50% reduction before turnover control,2025-10-31,2022-01-01,,,
SLV,StalePosition,SoftTargetTrim,0.062422509869158364,0.031211254934579182,0.031211254934579182,0.031211254934579182,0.0,Ineligible but long-term trend not hard-broken: target a 50% reduction before turnover control,2025-10-31,2022-01-01,,,
SLVP,StalePosition,SoftTargetTrim,0.062422509869158364,0.031211254934579182,0.031211254934579182,0.031211254934579182,0.0,Ineligible but long-term trend not hard-broken: target a 50% reduction before turnover control,2025-10-31,2022-01-01,,,
UAE,StalePosition,SoftTargetTrim,0.0750733473553358,0.0375366736776679,0.0375366736776679,0.0375366736776679,0.0,Ineligible but long-term trend not hard-broken: target a 50% reduction before turnover control,2025-10-31,2022-01-01,,,
AVDV,StalePosition,SoftTargetTrim,0.05290940683567432,0.02645470341783716,0.02645470341783716,0.02645470341783716,0.0,Ineligible but long-term trend not hard-broken: target a 50% reduction before turnover control,2025-12-02,2022-01-01,,,
EPOL,StalePosition,SoftTargetTrim,0.05332514052104915,0.026662570260524574,0.026662570260524574,0.026662570260524574,0.0,Ineligible but long-term trend not hard-broken: target a 50% reduction before turnover control,2025-12-02,2022-01-01,,,
EWH,StalePosition,SoftTargetTrim,0.052761219656473284,0.026380609828236642,0.026380609828236642,0.026380609828236642,0.0,Ineligible but long-term trend not hard-broken: target a 50% reduction before turnover control,2025-12-02,2022-01-01,,,
EWS,StalePosition,SoftTargetTrim,0.04829645906142177,0.024148229530710885,0.024148229530710885,0.024148229530710885,0.0,Ineligible but long-term trend not hard-broken: target a 50% reduction before turnover control,2025-12-02,2022-01-01,,,
EWW,StalePosition,SoftTargetTrim,0.05046938688789817,0.025234693443949085,0.025234693443949085,0.025234693443949085,0.0,Ineligible but long-term trend not hard-broken: target a 50% reduction before turnover control,2025-12-02,2022-01-01,,,
SLVP,StalePosition,SoftTargetTrim,0.05422368232858763,0.027111841164293816,0.027111841164293816,0.027111841164293816,0.0,Ineligible but long-term trend not hard-broken: target a 50% reduction before turnover control,2025-12-02,2022-01-01,,,
XAR,StalePosition,SoftTargetTrim,0.08680052702725034,0.04340026351362517,0.04340026351362517,0.04340026351362517,0.0,Ineligible but long-term trend not hard-broken: target a 50% reduction before turnover control,2025-12-02,2022-01-01,,,
UAE,StalePosition,HardExit,0.029170848604367056,0.0,0.029170848604367056,0.0,0.029170848604367056,Ineligible and below SMA126 -> hard exit after turnover cap,2025-12-02,2022-01-01,False,-0.03489570036473921,0.031144057878992992
EPOL,StalePosition,SoftTargetTrim,0.04044607525833637,0.020223037629168186,0.020223037629168186,0.020223037629168186,0.0,Ineligible but long-term trend not hard-broken: target a 50% reduction before turnover control,2026-01-02,2022-01-01,,,
EWH,StalePosition,SoftTargetTrim,0.04001835232117171,0.020009176160585854,0.020009176160585854,0.020009176160585854,0.0,Ineligible but long-term trend not hard-broken: target a 50% reduction before turnover control,2026-01-02,2022-01-01,,,
EWW,StalePosition,SoftTargetTrim,0.03828004202828612,0.01914002101414306,0.01914002101414306,0.01914002101414306,0.0,Ineligible but long-term trend not hard-broken: target a 50% reduction before turnover control,2026-01-02,2022-01-01,,,
GDX,StalePosition,SoftTargetTrim,0.07687237217339833,0.038436186086699166,0.038436186086699166,0.038436186086699166,0.0,Ineligible but long-term trend not hard-broken: target a 50% reduction before turnover control,2026-01-02,2022-01-01,,,
SLV,StalePosition,SoftTargetTrim,0.07435073260110926,0.03717536630055463,0.03717536630055463,0.03717536630055463,0.0,Ineligible but long-term trend not hard-broken: target a 50% reduction before turnover control,2026-01-02,2022-01-01,,,
SLVP,StalePosition,SoftTargetTrim,0.04112760163061321,0.020563800815306604,0.020563800815306604,0.020563800815306604,0.0,Ineligible but long-term trend not hard-broken: target a 50% reduction before turnover control,2026-01-02,2022-01-01,,,
TAN,StalePosition,SoftTargetTrim,0.038583431008575045,0.019291715504287522,0.019291715504287522,0.019291715504287522,0.0,Ineligible but long-term trend not hard-broken: target a 50% reduction before turnover control,2026-01-02,2022-01-01,,,
XAR,StalePosition,SoftTargetTrim,0.06583650065060073,0.032918250325300366,0.032918250325300366,0.032918250325300366,0.0,Ineligible but long-term trend not hard-broken: target a 50% reduction before turnover control,2026-01-02,2022-01-01,,,
EPOL,StalePosition,SoftTargetTrim,0.03241021127463877,0.016205105637319386,0.016205105637319386,0.016205105637319386,0.0,Ineligible but long-term trend not hard-broken: target a 50% reduction before turnover control,2026-02-02,2022-01-01,,,
EWH,StalePosition,SoftTargetTrim,0.032067468729856045,0.016033734364928023,0.016033734364928023,0.016033734364928023,0.0,Ineligible but long-term trend not hard-broken: target a 50% reduction before turnover control,2026-02-02,2022-01-01,,,
GDX,StalePosition,SoftTargetTrim,0.06159929751920708,0.03079964875960354,0.03079964875960354,0.03079964875960354,0.0,Ineligible but long-term trend not hard-broken: target a 50% reduction before turnover control,2026-02-02,2022-01-01,,,
SLV,StalePosition,SoftTargetTrim,0.05957865965077672,0.02978932982538836,0.02978932982538836,0.02978932982538836,0.0,Ineligible but long-term trend not hard-broken: target a 50% reduction before turnover control,2026-02-02,2022-01-01,,,
SLVP,StalePosition,SoftTargetTrim,0.0329563313511517,0.01647816567557585,0.01647816567557585,0.01647816567557585,0.0,Ineligible but long-term trend not hard-broken: target a 50% reduction before turnover control,2026-02-02,2022-01-01,,,
XAR,StalePosition,SoftTargetTrim,0.05275604325116981,0.026378021625584905,0.026378021625584905,0.026378021625584905,0.0,Ineligible but long-term trend not hard-broken: target a 50% reduction before turnover control,2026-02-02,2022-01-01,,,
EWP,StalePosition,SoftTargetTrim,0.10470236395204971,0.052351181976024855,0.052351181976024855,0.052351181976024855,0.0,Ineligible but long-term trend not hard-broken: target a 50% reduction before turnover control,2026-03-02,2022-01-01,,,
GDX,StalePosition,SoftTargetTrim,0.04890123697262287,0.024450618486311436,0.024450618486311436,0.024450618486311436,0.0,Ineligible but long-term trend not hard-broken: target a 50% reduction before turnover control,2026-03-02,2022-01-01,,,
SLV,StalePosition,SoftTargetTrim,0.047297132782811974,0.023648566391405987,0.023648566391405987,0.023648566391405987,0.0,Ineligible but long-term trend not hard-broken: target a 50% reduction before turnover control,2026-03-02,2022-01-01,,,
SLVP,StalePosition,SoftTargetTrim,0.026162723181192785,0.013081361590596393,0.013081361590596393,0.013081361590596393,0.0,Ineligible but long-term trend not hard-broken: target a 50% reduction before turnover control,2026-03-02,2022-01-01,,,
XBI,StalePosition,SoftTargetTrim,0.09800119293754965,0.049000596468774825,0.049000596468774825,0.049000596468774825,0.0,Ineligible but long-term trend not hard-broken: target a 50% reduction before turnover control,2026-03-02,2022-01-01,,,
AVDV,StalePosition,SoftTargetTrim,0.10252973735032925,0.051264868675164624,0.051264868675164624,0.051264868675164624,0.0,Ineligible but long-term trend not hard-broken: target a 50% reduction before turnover control,2026-04-02,2022-01-01,,,
EIS,StalePosition,SoftTargetTrim,0.10504944741838683,0.052524723709193415,0.052524723709193415,0.052524723709193415,0.0,Ineligible but long-term trend not hard-broken: target a 50% reduction before turnover control,2026-04-02,2022-01-01,,,
EWP,StalePosition,SoftTargetTrim,0.07699220639951683,0.038496103199758415,0.038496103199758415,0.038496103199758415,0.0,Ineligible but long-term trend not hard-broken: target a 50% reduction before turnover control,2026-04-02,2022-01-01,,,
EWW,StalePosition,SoftTargetTrim,0.03123010658894548,0.01561505329447274,0.01561505329447274,0.01561505329447274,0.0,Ineligible but long-term trend not hard-broken: target a 50% reduction before turnover control,2026-04-02,2022-01-01,,,
EWY,StalePosition,SoftTargetTrim,0.10656123319578044,0.05328061659789022,0.05328061659789022,0.05328061659789022,0.0,Ineligible but long-term trend not hard-broken: target a 50% reduction before turnover control,2026-04-02,2022-01-01,,,
GDX,StalePosition,SoftTargetTrim,0.03595920844645035,0.017979604223225174,0.017979604223225174,0.017979604223225174,0.0,Ineligible but long-term trend not hard-broken: target a 50% reduction before turnover control,2026-04-02,2022-01-01,,,
GLDM,StalePosition,SoftTargetTrim,0.08925443382299914,0.04462721691149957,0.04462721691149957,0.04462721691149957,0.0,Ineligible but long-term trend not hard-broken: target a 50% reduction before turnover control,2026-04-02,2022-01-01,,,
SLV,StalePosition,SoftTargetTrim,0.034779640801494295,0.017389820400747148,0.017389820400747148,0.017389820400747148,0.0,Ineligible but long-term trend not hard-broken: target a 50% reduction before turnover control,2026-04-02,2022-01-01,,,
VPL,StalePosition,SoftTargetTrim,0.061998785631839456,0.030999392815919728,0.030999392815919728,0.030999392815919728,0.0,Ineligible but long-term trend not hard-broken: target a 50% reduction before turnover control,2026-04-02,2022-01-01,,,
XAR,StalePosition,SoftTargetTrim,0.0766927510843139,0.03834637554215695,0.03834637554215695,0.03834637554215695,0.0,Ineligible but long-term trend not hard-broken: target a 50% reduction before turnover control,2026-04-02,2022-01-01,,,
XLE,StalePosition,SoftTargetTrim,0.06199878563183948,0.03099939281591974,0.03099939281591974,0.03099939281591974,0.0,Ineligible but long-term trend not hard-broken: target a 50% reduction before turnover control,2026-04-02,2022-01-01,,,
AVDV,StalePosition,SoftTargetTrim,0.08613346276377919,0.04306673138188959,0.04306673138188959,0.04306673138188959,0.0,Ineligible but long-term trend not hard-broken: target a 50% reduction before turnover control,2026-05-01,2022-01-01,,,
EWP,StalePosition,SoftTargetTrim,0.06467982377010048,0.03233991188505024,0.03233991188505024,0.03233991188505024,0.0,Ineligible but long-term trend not hard-broken: target a 50% reduction before turnover control,2026-05-01,2022-01-01,,,
EWW,StalePosition,SoftTargetTrim,0.026235873537806854,0.013117936768903427,0.013117936768903427,0.013117936768903427,0.0,Ineligible but long-term trend not hard-broken: target a 50% reduction before turnover control,2026-05-01,2022-01-01,,,
EWY,StalePosition,SoftTargetTrim,0.08952025284303208,0.04476012642151604,0.04476012642151604,0.04476012642151604,0.0,Ineligible but long-term trend not hard-broken: target a 50% reduction before turnover control,2026-05-01,2022-01-01,,,
SLV,StalePosition,SoftTargetTrim,0.02921777596754474,0.01460888798377237,0.01460888798377237,0.01460888798377237,0.0,Ineligible but long-term trend not hard-broken: target a 50% reduction before turnover control,2026-05-01,2022-01-01,,,
VPL,StalePosition,SoftTargetTrim,0.052084109758059605,0.026042054879029802,0.026042054879029802,0.026042054879029802,0.0,Ineligible but long-term trend not hard-broken: target a 50% reduction before turnover control,2026-05-01,2022-01-01,,,
XBI,StalePosition,SoftTargetTrim,0.05196207226964928,0.02598103613482464,0.02598103613482464,0.02598103613482464,0.0,Ineligible but long-term trend not hard-broken: target a 50% reduction before turnover control,2026-05-01,2022-01-01,,,
XLE,StalePosition,SoftTargetTrim,0.05208410975805962,0.02604205487902981,0.02604205487902981,0.02604205487902981,0.0,Ineligible but long-term trend not hard-broken: target a 50% reduction before turnover control,2026-05-01,2022-01-01,,,
GDX,StalePosition,HardExit,0.02005640857941835,0.0,0.02005640857941835,0.0,0.02005640857941835,Ineligible and below SMA126 -> hard exit after turnover cap,2026-05-01,2022-01-01,False,-0.0751672326949876,0.20360293995954093
GLDM,StalePosition,HardExit,0.049782057770947304,0.0,0.049782057770947304,0.0,0.049782057770947304,Ineligible and below SMA126 -> hard exit after turnover cap,2026-05-01,2022-01-01,False,-0.008479169446790391,0.14542260744028446
XAR,StalePosition,HardExit,0.04277572330651424,0.0,0.04277572330651424,0.0,0.04277572330651424,Ineligible and below SMA126 -> hard exit after turnover cap,2026-05-01,2022-01-01,False,-0.05079545603479563,0.036440131382207364
AVDV,StalePosition,SoftTargetTrim,0.07509713627896829,0.037548568139484144,0.037548568139484144,0.037548568139484144,0.0,Ineligible but long-term trend not hard-broken: target a 50% reduction before turnover control,2026-06-02,2022-01-01,,,
DIV,StalePosition,SoftTargetTrim,0.03232568203098009,0.016162841015490044,0.016162841015490044,0.016162841015490044,0.0,Ineligible but long-term trend not hard-broken: target a 50% reduction before turnover control,2026-06-02,2022-01-01,,,
EWP,StalePosition,SoftTargetTrim,0.05639236348228491,0.028196181741142454,0.028196181741142454,0.028196181741142454,0.0,Ineligible but long-term trend not hard-broken: target a 50% reduction before turnover control,2026-06-02,2022-01-01,,,
EWY,StalePosition,SoftTargetTrim,0.0780499751405317,0.03902498757026585,0.03902498757026585,0.03902498757026585,0.0,Ineligible but long-term trend not hard-broken: target a 50% reduction before turnover control,2026-06-02,2022-01-01,,,
MLPA,StalePosition,SoftTargetTrim,0.030683420670232206,0.015341710335116103,0.015341710335116103,0.015341710335116103,0.0,Ineligible but long-term trend not hard-broken: target a 50% reduction before turnover control,2026-06-02,2022-01-01,,,
TUR,StalePosition,SoftTargetTrim,0.03074330618823684,0.01537165309411842,0.01537165309411842,0.01537165309411842,0.0,Ineligible but long-term trend not hard-broken: target a 50% reduction before turnover control,2026-06-02,2022-01-01,,,
VPL,StalePosition,SoftTargetTrim,0.04541054501891628,0.02270527250945814,0.02270527250945814,0.02270527250945814,0.0,Ineligible but long-term trend not hard-broken: target a 50% reduction before turnover control,2026-06-02,2022-01-01,,,
XBI,StalePosition,SoftTargetTrim,0.04530414425893027,0.022652072129465135,0.022652072129465135,0.022652072129465135,0.0,Ineligible but long-term trend not hard-broken: target a 50% reduction before turnover control,2026-06-02,2022-01-01,,,
XLE,StalePosition,SoftTargetTrim,0.045410545018916296,0.022705272509458148,0.022705272509458148,0.022705272509458148,0.0,Ineligible but long-term trend not hard-broken: target a 50% reduction before turnover control,2026-06-02,2022-01-01,,,
XOP,StalePosition,SoftTargetTrim,0.03271332037500481,0.016356660187502405,0.016356660187502405,0.016356660187502405,0.0,Ineligible but long-term trend not hard-broken: target a 50% reduction before turnover control,2026-06-02,2022-01-01,,,
SLV,StalePosition,HardExit,0.01522777974987371,0.0,0.01522777974987371,0.0,0.01522777974987371,Ineligible and below SMA126 -> hard exit after turnover cap,2026-06-02,2022-01-01,False,-0.09755772274207852,0.2945544034876131
AVDV,StalePosition,SoftTargetTrim,0.06828551317689187,0.034142756588445934,0.034142756588445934,0.034142756588445934,0.0,Ineligible but long-term trend not hard-broken: target a 50% reduction before turnover control,2026-07-02,2022-01-01,,,
EWP,StalePosition,SoftTargetTrim,0.051277341193689326,0.025638670596844663,0.025638670596844663,0.025638670596844663,0.0,Ineligible but long-term trend not hard-broken: target a 50% reduction before turnover control,2026-07-02,2022-01-01,,,
EWY,StalePosition,SoftTargetTrim,0.07097051725269972,0.03548525862634986,0.03548525862634986,0.03548525862634986,0.0,Ineligible but long-term trend not hard-broken: target a 50% reduction before turnover control,2026-07-02,2022-01-01,,,
SMH,StalePosition,SoftTargetTrim,0.0370169982346678,0.0185084991173339,0.0185084991173339,0.0185084991173339,0.0,Ineligible but long-term trend not hard-broken: target a 50% reduction before turnover control,2026-07-02,2022-01-01,,,
VPL,StalePosition,SoftTargetTrim,0.0412916194132889,0.02064580970664445,0.02064580970664445,0.02064580970664445,0.0,Ineligible but long-term trend not hard-broken: target a 50% reduction before turnover control,2026-07-02,2022-01-01,,,
EIS,StalePosition,HardExit,0.07095845433106332,0.0,0.07095845433106332,0.0,0.07095845433106332,Ineligible and below SMA126 -> hard exit after turnover cap,2026-07-02,2022-01-01,False,0.02842571407656913,0.10151747515482179
LIT,StalePosition,HardExit,0.025573406819970196,0.0,0.025573406819970196,0.0,0.025573406819970196,Ineligible and below SMA126 -> hard exit after turnover cap,2026-07-02,2022-01-01,False,0.0362542392824623,0.18499807795493428
OIH,StalePosition,HardExit,0.05824159149482978,0.0,0.05824159149482978,0.0,0.05824159149482978,Ineligible and below SMA126 -> hard exit after turnover cap,2026-07-02,2022-01-01,False,-0.09885974914481188,0.262773536456649
TAN,StalePosition,HardExit,0.02633920659443667,0.0,0.02633920659443667,0.0,0.02633920659443667,Ineligible and below SMA126 -> hard exit after turnover cap,2026-07-02,2022-01-01,False,0.026800387631672695,0.14657982327979457
XLE,StalePosition,HardExit,0.029380785752824802,0.0,0.029380785752824802,0.0,0.029380785752824802,Ineligible and below SMA126 -> hard exit after turnover cap,2026-07-02,2022-01-01,False,-0.09529434262935854,0.20675560820766137
XOP,StalePosition,HardExit,0.021165635796733098,0.0,0.021165635796733098,0.0,0.021165635796733098,Ineligible and below SMA126 -> hard exit after turnover cap,2026-07-02,2022-01-01,False,-0.12560245675438908,0.2357237720661305
AVDV,StalePosition,SoftTargetTrim,0.058436815058168626,0.029218407529084313,0.029218407529084313,0.029218407529084313,0.0,Ineligible but long-term trend not hard-broken: target a 50% reduction before turnover control,2026-07-31,2022-01-01,,,
DIV,StalePosition,SoftTargetTrim,0.027980090769123105,0.013990045384561552,0.013990045384561552,0.013990045384561552,0.0,Ineligible but long-term trend not hard-broken: target a 50% reduction before turnover control,2026-07-31,2022-01-01,,,
EWP,StalePosition,SoftTargetTrim,0.043881701470821766,0.021940850735410883,0.021940850735410883,0.021940850735410883,0.0,Ineligible but long-term trend not hard-broken: target a 50% reduction before turnover control,2026-07-31,2022-01-01,,,
EWT,StalePosition,SoftTargetTrim,0.0721384162039531,0.03606920810197655,0.03606920810197655,0.03606920810197655,0.0,Ineligible but long-term trend not hard-broken: target a 50% reduction before turnover control,2026-07-31,2022-01-01,,,
SMH,StalePosition,SoftTargetTrim,0.03167810241455224,0.01583905120727612,0.01583905120727612,0.01583905120727612,0.0,Ineligible but long-term trend not hard-broken: target a 50% reduction before turnover control,2026-07-31,2022-01-01,,,
VPL,StalePosition,SoftTargetTrim,0.03533620258305684,0.01766810129152842,0.01766810129152842,0.01766810129152842,0.0,Ineligible but long-term trend not hard-broken: target a 50% reduction before turnover control,2026-07-31,2022-01-01,,,
EWY,StalePosition,HardExit,0.04203148195104524,0.0,0.04203148195104524,0.0,0.04203148195104524,Ineligible and below SMA126 -> hard exit after turnover cap,2026-07-31,2022-01-01,False,-0.030246875904224257,0.28339189121472264
AVDV,StalePosition,SoftTargetTrim,0.05078962527003785,0.025394812635018926,0.025394812635018926,0.025394812635018926,0.0,Ineligible but long-term trend not hard-broken: target a 50% reduction before turnover control,2026-09-02,2022-01-01,,,
DIV,StalePosition,SoftTargetTrim,0.024318545146083535,0.012159272573041767,0.012159272573041767,0.012159272573041767,0.0,Ineligible but long-term trend not hard-broken: target a 50% reduction before turnover control,2026-09-02,2022-01-01,,,
JETS,StalePosition,SoftTargetTrim,0.041125499015568355,0.020562749507784178,0.020562749507784178,0.020562749507784178,0.0,Ineligible but long-term trend not hard-broken: target a 50% reduction before turnover control,2026-09-02,2022-01-01,,,
SMH,StalePosition,SoftTargetTrim,0.027532625611088744,0.013766312805544372,0.013766312805544372,0.013766312805544372,0.0,Ineligible but long-term trend not hard-broken: target a 50% reduction before turnover control,2026-09-02,2022-01-01,,,
SPYD,StalePosition,SoftTargetTrim,0.05189542641198115,0.025947713205990576,0.025947713205990576,0.025947713205990576,0.0,Ineligible but long-term trend not hard-broken: target a 50% reduction before turnover control,2026-09-02,2022-01-01,,,
THD,StalePosition,SoftTargetTrim,0.059293654171466995,0.029646827085733497,0.029646827085733497,0.029646827085733497,0.0,Ineligible but long-term trend not hard-broken: target a 50% reduction before turnover control,2026-09-02,2022-01-01,,,
VPL,StalePosition,SoftTargetTrim,0.030712017516237408,0.015356008758118704,0.015356008758118704,0.015356008758118704,0.0,Ineligible but long-term trend not hard-broken: target a 50% reduction before turnover control,2026-09-02,2022-01-01,,,
VTV,StalePosition,SoftTargetTrim,0.05415019301754562,0.02707509650877281,0.02707509650877281,0.02707509650877281,0.0,Ineligible but long-term trend not hard-broken: target a 50% reduction before turnover control,2026-09-02,2022-01-01,,,
XOP,StalePosition,SoftTargetTrim,0.032848617865176497,0.016424308932588248,0.016424308932588248,0.016424308932588248,0.0,Ineligible but long-term trend not hard-broken: target a 50% reduction before turnover control,2026-09-02,2022-01-01,,,
