Name,Total Return,CAGR,Annual Volatility,Sharpe,Max Drawdown,Daily Observations
Strategy,0.6806137663373593,0.21011027621662004,0.15428917922409782,1.1841890141125593,-0.13791628963582114,686
SPY,0.823753364155672,0.24699611421701984,0.15633976359613308,1.3622003964938334,-0.18755234489427364,686
QQQ,1.0594029454031526,0.3039229130086649,0.2054962239719171,1.2968739891116121,-0.2276830844704013,686
VTI,0.8265296626931475,0.2476931138903864,0.1578983513778209,1.3539188002652198,-0.19303602127955555,686
