Name,Total Return,CAGR,Annual Volatility,Sharpe,Max Drawdown,Daily Observations
Strategy,0.7781743727400647,0.23583748957241712,0.15356704137241198,1.3260978816180782,-0.13791632627064032,685
SPY,0.8188815353460142,0.2461711200775898,0.15645021891173588,1.357114069012801,-0.1875522626062266,685
QQQ,1.0788610708883914,0.308948782289894,0.20552808854776936,1.3154424911106901,-0.2276830534342097,685
VTI,0.8212875790873351,0.24677730520341168,0.15800863077458535,1.3484318977500969,-0.19303593854923307,685
