Name,Total Return,CAGR,Annual Volatility,Sharpe,Max Drawdown,Daily Observations
Strategy,0.6892119974632704,0.21238087870303257,0.1541730541392918,1.1971241985058914,-0.1379166049198639,686
SPY,0.8164462697314139,0.24515842774844643,0.15634233345650922,1.3527388841693313,-0.18755231324828747,686
QQQ,1.0479932443648332,0.30126449034890745,0.20563010216482627,1.2862288033830511,-0.22768317249200065,686
VTI,0.8175959793768448,0.2454478818610013,0.15790463275342362,1.3424542678647478,-0.1930359385492333,686
