Ticker,ANGL,ARKF,ARKG,ARKK,ARKQ,ARKW,AVDE,AVDV,AVEM,AVUS,AVUV,BBCA,BBJP,BKLN,BLOK,BLV,BND,BNDX,BOTZ,CIBR,DIA,DIV,DIVO,DSI,DVYE,EAGG,EBND,ECH,EEMV,EFAV,EFG,EFV,EIDO,EIS,EMXC,EPOL,ESGD,ESGE,ESGU,EWA,EWD,EWG,EWH,EWI,EWL,EWM,EWN,EWP,EWQ,EWS,EWT,EWU,EWW,EWY,EZA,FDN,FEZ,FNDA,FNDC,FNDE,FNDF,FTCS,GDX,GDXJ,GLDM,GNR,GOVT,GSIE,GSLC,HEFA,HYD,IBB,ICLN,ICVT,IGV,IHI,INDA,IXC,IXN,JEPI,JEPQ,JETS,JMOM,JQUA,KBE,KCE,KIE,KOMP,KSA,LIT,LQD,MCHI,MGC,MLPA,MOAT,OIH,PAVE,PBW,PFFD,PHO,PICK,PKW,QCLN,QQQJ,QQQM,QTEC,QYLD,REM,RSP,RYLD,SCHA,SCHP,SCZ,SDIV,SHYG,SLV,SLVP,SMH,SMIN,SPY,SPYD,SPYX,SUSB,SUSC,TAN,TDIV,THD,TMFC,TUR,UAE,URA,USHY,USMV,VBK,VBR,VCLT,VEA,VGIT,VGLT,VIG,VIGI,VMBS,VNQ,VNQI,VO,VOE,VOT,VPL,VSGX,VT,VTI,VTV,VUG,VWO,VWOB,VXUS,VYMI,WCLD,XAR,XBI,XHB,XLB,XLC,XLE,XLF,XLI,XLK,XLP,XLU,XLV,XLY,XME,XOP,XRT,XSOE,XT,XYLD
ANGL,1.0,0.5891985672058712,0.5540070824855604,0.6115823763602466,0.6076728760837453,0.5727203381136428,0.6829488681830856,0.643514259590712,0.5616731926242857,0.7228443935955862,0.6293884714161956,0.6456143030634669,0.5653049332627603,0.5976161464628389,0.4971641148202996,0.611352340755485,0.5967504863407265,0.44582877684647854,0.6396047941349189,0.4994545671880668,0.6757382103012696,0.5971725656024343,0.6325330898694024,0.6832318852936473,0.5565642193717585,0.5941351341316076,0.6518674731174934,0.46518121298074444,0.5211904146813227,0.5727741069216661,0.6744086055065647,0.6477901654567869,0.3746038330008454,0.47172486432217514,0.5555187927029079,0.5263938290836649,0.6860736516853805,0.5526257941857957,0.7096168214658782,0.6766636180162783,0.6142759073612607,0.6319147665163893,0.3754493121826128,0.6209682881467947,0.5766180317827118,0.4256173505084446,0.6184238594768156,0.576266139165834,0.6127776811364215,0.5830654284445591,0.5118452119814726,0.6042417711393632,0.4643080022622807,0.4351232848175939,0.5330035968912481,0.5825844905280042,0.6412764757532556,0.6913829903445321,0.6816143660741079,0.5391396774915281,0.6672732668606813,0.5927432961045803,0.32604640949581737,0.3443099578582948,0.22077024903871054,0.5303849245854004,0.47327676112858164,0.6965924017137902,0.7096588047327315,0.6135532459547721,0.5027747942370944,0.5560159081328193,0.5249811143957063,0.564355099765663,0.5003780087417883,0.5237696476679422,0.4236055180767992,0.29988104168002927,0.5658467583001904,0.673803894970241,0.603731608701566,0.5494754714891885,0.6657432076830759,0.7099968728698779,0.5255656495438017,0.6354157734359729,0.4103729942222432,0.6762560810185542,0.3766904312789761,0.4516256609415986,0.7257149909534535,0.3338462794937748,0.68120121984757,0.3564812018368653,0.7117639942655787,0.38833662635014193,0.6225083611238246,0.5524334863525018,0.6909164941474789,0.643172814632705,0.5325093105442685,0.673608919116927,0.5775063313600686,0.6963134456227648,0.61949521836414,0.5818444738643658,0.5657593088532009,0.6777146621829753,0.7352193772440248,0.6440928496038172,0.69581301896813,0.5224581542432457,0.6815828273160859,0.6787628925897958,0.9452396792069558,0.2348173616096975,0.3354234774869745,0.4977379767963199,0.3636833305313174,0.7089720832753253,0.6258746009555298,0.7034501544983758,0.6070282661109364,0.7166189769786047,0.48068383286675087,0.6088845739081019,0.4594040960773439,0.6335809686472217,0.16100926494791776,0.3538379653821012,0.3734170304740232,0.9486175569658988,0.596260581131095,0.707271369490989,0.6925389327641892,0.7076893201716363,0.6902666930131985,0.45855847776694003,0.518881128704383,0.7023998102600276,0.6753085712349293,0.575847476683306,0.6372580079313881,0.6340871152462962,0.7337292752582515,0.6954379889289629,0.6967233319945103,0.613753518573304,0.660767881209903,0.7410079914742234,0.7218901599640921,0.6764475698682587,0.6319372267091712,0.5678931881317093,0.8052085572878779,0.6801538930519944,0.6598548256354183,0.4913274229347603,0.5461314904402543,0.5180330910391119,0.6053032391566431,0.6188297386804599,0.5864678521163176,0.28504977203232545,0.5800586850255709,0.6466242718307339,0.5591741461964341,0.3227307592847708,0.40560256027075403,0.44991237628772035,0.6554386201596051,0.48698064844677896,0.2990235141894144,0.5947465222528668,0.5567128409841713,0.7120210505577674,0.6182254722737294
ARKF,0.5891985672058712,1.0,0.6866068673264699,0.9327789137243482,0.7988247300528947,0.963735574537998,0.5806582051683686,0.5483158855245449,0.5372372719391413,0.7582483562612534,0.6100571388126474,0.6423284708852165,0.5061063720945559,0.5112610266232789,0.8253878258295048,0.184158455928499,0.15450686810786032,0.1443649159350753,0.7284605451714858,0.7153808805359323,0.6463886906340421,0.4033889205263772,0.5637099196701373,0.7696916679433363,0.4412227647274714,0.1583769151842597,0.3956217640527482,0.39186857577228185,0.48298289160055596,0.3739497208849709,0.6237332910046911,0.49609838983498844,0.32455845200634126,0.5533818023840914,0.5366770060870109,0.43827265478031896,0.5854053994329921,0.5378319687512831,0.7819633016435642,0.5773280047406968,0.5558681131385079,0.5616342321815868,0.35389559371823726,0.5114267209235321,0.3915722630112282,0.3792683771510191,0.597162903093745,0.4561843934769237,0.49658861702288615,0.534032077329979,0.5239657297782775,0.4492001505828138,0.38323894326707125,0.43746929662718353,0.4464972947552058,0.8444780342567737,0.5633352332687921,0.6809226405901668,0.5829576920370066,0.4947649775176599,0.543651290424263,0.44260889006446097,0.27220557214168023,0.30461145701273157,0.13779424377478253,0.4256520237956295,0.05555684691614314,0.5926390915299358,0.7716377742768639,0.5873928145131189,0.1553725926575631,0.48194966686682444,0.4537095541260057,0.725089460508595,0.7800497767695876,0.4745449043421325,0.38265805712692885,0.19981768478485867,0.691777480233519,0.5835634773589605,0.7292336025559611,0.5923348724397722,0.7422884111725092,0.7318168466479082,0.525621469058881,0.750949426700876,0.34987940352807534,0.8285769449545716,0.3757384442200735,0.47575193511424807,0.28383775789791327,0.3401905420262586,0.7683678873146359,0.29385754720864177,0.6821908813884422,0.3335253128044845,0.6041469200760599,0.6467496188771755,0.4819651242916995,0.5433022443419081,0.4825969398694394,0.6429425108145727,0.6329419938122434,0.7756109060808755,0.7631896243780049,0.7439771050967614,0.655173881018445,0.5108185046033725,0.6750547857277415,0.6758073199073852,0.7314214529481052,0.11461211273988098,0.5853785312608776,0.5333259590686436,0.6367013437908202,0.24502786175463753,0.31681347869755794,0.5955839200735986,0.32644327284408275,0.7667642572008142,0.4446264188156722,0.7714646423588016,0.17910738762060727,0.26437286686141,0.4406723879764807,0.6790324609863658,0.3544766906603214,0.7778705580662665,0.18894985713183474,0.35553441907513894,0.4839095830587229,0.6217418670826884,0.4847656689103924,0.8111893954750674,0.6485326197990054,0.281481907273228,0.6012862954842052,0.04300524689889718,0.09806084497059067,0.6363432134274463,0.5787928565382068,0.160769311115197,0.45557797610000533,0.5071063500388389,0.743784356155704,0.5840357406108868,0.8202222477181799,0.5484418014296298,0.604163959573875,0.7597244626090128,0.7886971514335844,0.5629824430246835,0.7903570425464617,0.5477763774210356,0.44458274325772806,0.6060746104217984,0.5189349923659778,0.759112734455737,0.6111591593408924,0.5264081151730208,0.46627051212725146,0.5011295584893196,0.6899339397925656,0.20182042243165646,0.5953407230463752,0.6032622301485099,0.7011965895428272,0.10951604949898752,0.20615216199965933,0.27339561188114614,0.7508948009591598,0.5384703137204709,0.2774587591672886,0.6065643361938184,0.5495322499760115,0.787069620535276,0.6363702953723436
ARKG,0.5540070824855604,0.6866068673264699,1.0,0.8208193236911804,0.6909064386780035,0.6794439527897905,0.5437332473142232,0.5123117207109545,0.4963476613220972,0.6491963707812173,0.6174549056980244,0.5515475913967613,0.4752207649295426,0.390893256200903,0.610737624092889,0.271055902025492,0.24989137474520035,0.2090139287799709,0.6323071944000251,0.5362106731176618,0.5742340501817614,0.4392878817352151,0.4857391027859177,0.6116721753798101,0.41255680570773634,0.24862694449211115,0.41157361843831175,0.4139769507375286,0.4627046137032375,0.38318248925922094,0.5808205514531698,0.4770141823323163,0.30936611978466233,0.4564174980532666,0.4970456355961725,0.38760449455660223,0.5509593670421032,0.5019977640136364,0.6274172403808305,0.5207495549387997,0.5151234024417902,0.48667990068831124,0.3457562977329712,0.4477458534725784,0.44734592637131576,0.3360183018542964,0.5299166855113585,0.4040062854700477,0.477164875476574,0.44053514251712983,0.47103540838945207,0.4353645294900359,0.3350620528786204,0.4118517188368858,0.43421795839310723,0.613734672891872,0.5030249884092228,0.6911098731991943,0.5588812933898893,0.45449288745195865,0.5195333258435639,0.4161163158683064,0.2965414166313452,0.31547978609851557,0.1766526885171347,0.4196686970390415,0.16217150312549386,0.5452685736814306,0.6200423960097968,0.5149174135925788,0.21390059933122796,0.7499807205982936,0.5132798071131792,0.6386470607813285,0.529027988482743,0.4807704567598935,0.3382522522558117,0.15632851238307288,0.526533934607492,0.5036599008420106,0.5414640931921668,0.5650750518018508,0.607892066308202,0.6171963583057276,0.4942748393356099,0.6009531580372742,0.26099262878438034,0.7695995577008177,0.3238764592314393,0.48619276241347353,0.3495919820998318,0.3147193971284927,0.5945521183973178,0.23640790570450748,0.6602658951447279,0.3104629487867074,0.5814395181631068,0.6880319607374344,0.44978409110890477,0.5748591851296198,0.4586920899307035,0.5646326924824494,0.6517251891694099,0.7470459246860577,0.5774830511202546,0.59562187099445,0.49493333080956126,0.5414459161993658,0.6412213137798907,0.6129940898377202,0.7518206509567636,0.18603157683420765,0.5586395820738034,0.5306171398701993,0.5741425076239928,0.23048491298445486,0.327606963918588,0.487317986057713,0.27821232233518745,0.6126698110260321,0.47224738687398327,0.6150270905324463,0.24834372388201287,0.3377314480096417,0.5216285004860133,0.5632078008410084,0.3681586579621677,0.56192428127072,0.1435320343533249,0.31823490383797176,0.38463686838306155,0.5699056559831993,0.4334479972906724,0.7792686642043012,0.6554487609301064,0.3463838521872261,0.563732282616806,0.15344355387610198,0.19940713350979355,0.5634443618359736,0.5570972713097764,0.23717743926774273,0.4817840217694538,0.5107112309019043,0.6713829150558616,0.5738486363414308,0.6954864696926719,0.5189418784812239,0.5674111659069083,0.6471075728509943,0.6486642698109177,0.5470417967363888,0.5781486891990892,0.49744098636226036,0.4361092987650311,0.5657025925006754,0.4852059371452522,0.5846437975603165,0.5759311120976655,0.7895107313136783,0.5431045776362923,0.5085880560688227,0.5059274753776595,0.16122718226958746,0.4659071447510849,0.5638285919733594,0.5284480487699398,0.1134755834009435,0.24326455139567912,0.449084222057338,0.5969969424419691,0.5327933582607921,0.2343247638857093,0.6199042701546471,0.5059510338393453,0.7150578708878187,0.47737822402086466
ARKK,0.6115823763602466,0.9327789137243482,0.8208193236911804,1.0,0.868802220636022,0.9522910337423783,0.5962438885204395,0.5627401647988998,0.5726152839066035,0.7754514528699388,0.6477713130167994,0.6300076291140569,0.5313372727884793,0.49269019287004984,0.8067219641360817,0.2127986849688526,0.18110709087276627,0.16175164505910725,0.7467033509193693,0.6735520460584278,0.6530239570812362,0.42627485200083987,0.562142313191021,0.7758302531536581,0.45979374460167627,0.18407481251646193,0.4021959652490734,0.4236043934015222,0.5154469167668282,0.3679401154114528,0.6399619955862055,0.5079738073315476,0.3294299818494273,0.54487758572278,0.5771056535065336,0.43809097003675174,0.5992334014007501,0.5749142834557777,0.7840366895009908,0.5849317797331048,0.5589249661932987,0.5536790369887439,0.3711128894068255,0.5098177142186405,0.40862465054320257,0.37855494457536876,0.6134619763274072,0.4528614909486335,0.5074589828440507,0.5234269603784718,0.5563325153039792,0.4586370377974093,0.395156912134953,0.4821081724334779,0.46550817983684656,0.7980927721196167,0.567032984423805,0.7211344168706942,0.598291751595805,0.5159822562023706,0.5673274419188237,0.43182563777441335,0.2885769403339535,0.3171406927284805,0.15411783786200542,0.4544203683793863,0.0854871040789486,0.6012077860366811,0.7699015521808206,0.5971125509888833,0.17647992950205832,0.5825597780414339,0.5160657116709183,0.7612931489559752,0.7113952998182994,0.45829709585207506,0.38314438906643283,0.20337881562065468,0.7014132028073378,0.5774778368073924,0.7323652384816121,0.6197558683312114,0.7498554372995541,0.7302525279272318,0.5399794465641388,0.7281219598223765,0.3075800157908841,0.871580917390508,0.38098809908026976,0.5373610444291452,0.3136147174127004,0.352567522752089,0.7700382789694082,0.29529709922874403,0.6911034899317201,0.36144885284966044,0.639694892347902,0.7288925231649108,0.48674920096457513,0.5621319469859213,0.5161819765605795,0.6391656458071097,0.7306798623183867,0.8123469123773611,0.7733544686831784,0.7543623435661999,0.6619907920870377,0.5388715201500759,0.6930456647786797,0.6943618759770752,0.7845691214687939,0.1370723332448565,0.5960453144220451,0.5560387559054373,0.6480725762373388,0.2531656798487126,0.33362481429615604,0.6263891854724913,0.325586437605824,0.7720224236744214,0.4629584731920452,0.7749406424000262,0.1969592459740608,0.2944502482035986,0.5022207427453591,0.6959726953374786,0.39010404101444285,0.765449325352884,0.19164459294853198,0.35731255009435337,0.49433580788615294,0.6338804020282189,0.4657888621503998,0.8495335461803343,0.6818802846325437,0.3125139054803353,0.6199555827730052,0.06787912328338827,0.12408960545941655,0.644254916757329,0.5822229870364555,0.1818685700762998,0.4655381246976625,0.5138163442595105,0.75635110536001,0.6035560071397816,0.8244459703055017,0.5827988444925694,0.6265763868886874,0.7728734190256963,0.797814386617252,0.5877433825278214,0.7814410874537833,0.5704910861213338,0.4532437332521366,0.6273443638323567,0.528899387790333,0.7023401976047481,0.6539689942915815,0.6324101022378542,0.49923821622923775,0.5252787113172918,0.6579382478703529,0.20651813405954741,0.5615879079615702,0.634486090640533,0.7093550680588703,0.10361527273252939,0.2249904627519939,0.31316489909260686,0.7899013928170733,0.5826938577847676,0.28839048377149956,0.63831148476019,0.5836847464833224,0.815758809485778,0.6333570944919737
ARKQ,0.6076728760837453,0.7988247300528947,0.6909064386780035,0.868802220636022,1.0,0.8333895988015475,0.663428606679724,0.6310808195002562,0.6604599761191275,0.8119464142426227,0.6618756279914058,0.6550996819928087,0.6035060030708059,0.5133542112252337,0.7442736878381605,0.18442695426219977,0.15045786592579766,0.1411415612038376,0.8211317296462363,0.6500031151755021,0.6841948540566213,0.4197897512343818,0.6100988412936225,0.820778347656091,0.5212369839595253,0.15505578325061845,0.4134268505412794,0.4663239944316763,0.5933345304872092,0.3879584467451974,0.7047474151637518,0.5643800349281004,0.33211578570872513,0.5711273598974098,0.6721004764732842,0.48740325033897147,0.6607566691342712,0.6553725578815722,0.816570965336271,0.6266464835150891,0.6046935887902503,0.6003186096045915,0.41161401183313945,0.5577677493800016,0.4317466426065683,0.4239500961818306,0.6900421651437343,0.4740334276526431,0.5498897013302322,0.5503601572799262,0.6530598722619492,0.5119025647931624,0.45785973405577174,0.5635442962720804,0.5238810950349281,0.7270735104832399,0.6226912911961371,0.7277182773184361,0.6508474285333232,0.5880863319882071,0.6372493663097055,0.4362378847098736,0.3437672218753735,0.3702903216699753,0.21578817638366424,0.524042260598404,0.05751639472306066,0.6565235517925587,0.8004700360341673,0.6674448872578725,0.172842814421753,0.5208110191062064,0.5673711131034073,0.814425993065898,0.660519859189721,0.4119226895266109,0.397823868063204,0.2469786011924844,0.7818893840818295,0.6115342251320278,0.7828225237811531,0.6049564197203334,0.8219615679731187,0.7619437024711964,0.5231261238870872,0.6919246101663843,0.29594092258036375,0.9038750485114124,0.4008500622388007,0.5812029035719998,0.29012257136418096,0.3860774320471811,0.8065403041967469,0.30789967617747493,0.6627495815606935,0.42647003130047645,0.7216910236242167,0.775148943058843,0.4934207865493877,0.5697686175889517,0.6083274222195161,0.6455443961117993,0.783217656504869,0.8340362788969635,0.8159719366035418,0.7976130967126824,0.7072754899119473,0.5177456300282651,0.7055367044885783,0.7250815076773243,0.7984993575624658,0.11287114417663506,0.6455704449869023,0.5710862156593991,0.6412138529020939,0.295678590045294,0.38870484534013633,0.7414905215974701,0.3496041549512539,0.8087429387070635,0.438239764596013,0.808159084809188,0.17787604632805618,0.2697458986430321,0.5234436094941872,0.7701050196294458,0.43750185831072075,0.7818422127871513,0.22788261021056286,0.3893470902452864,0.6193580962984295,0.6211589651586868,0.4680941531202264,0.8624299216423778,0.6954827365153752,0.28624381902302626,0.6878162139389318,0.036507753379939514,0.0933224187301291,0.6874674538764116,0.6135236562459071,0.15097652259402689,0.42397212778680576,0.5162240763275451,0.7688785378699359,0.6203865024562422,0.8340047598970344,0.6665083910767545,0.6974498766317205,0.8232415716677749,0.8289130524494022,0.632276151137428,0.80199393095506,0.6417544506617374,0.448228142984468,0.6999957843015208,0.5881170399361446,0.5890708002019573,0.8028614178982935,0.5487803653944582,0.5069710020374496,0.5738855288471496,0.60181445334434,0.23693917094786288,0.5503115265664508,0.7219240864072812,0.7832326366044878,0.0952855383603474,0.25027959860128396,0.2802485156799333,0.7724105038223721,0.6851008927076044,0.2988474343494842,0.5985423606910351,0.6651070337725024,0.8361998901241424,0.676023617667988
ARKW,0.5727203381136428,0.963735574537998,0.6794439527897905,0.9522910337423783,0.8333895988015475,1.0,0.5685890266884215,0.5379548648043233,0.5616986386994496,0.7574841620778711,0.5944920664655369,0.6107713705446961,0.5005110130957321,0.5011592031092525,0.8473932029304948,0.16049765020658383,0.13116585964289343,0.12558689112369545,0.7432611587979987,0.7162130898392874,0.6220757620935704,0.37510463371872216,0.5353396918973985,0.7845005803775621,0.4417245899333061,0.1341177584243795,0.37161632716124615,0.3934493939104797,0.5015403775241192,0.33946202996586794,0.6162929555603908,0.47478431900823537,0.32457512264768423,0.5436198312378747,0.5644209919742387,0.4284652374975978,0.5705244744337586,0.5607724446315996,0.7868706006870294,0.5649932753303959,0.5413224899188835,0.5420781606687637,0.3472228823440625,0.4928634974984698,0.35916812558031275,0.3786191781132104,0.6025106402589879,0.4361826858462468,0.48194255381078965,0.5159665666570195,0.559578410971619,0.4276956731938687,0.3844756065108317,0.46781810416513325,0.4339343341907567,0.8348383455235315,0.5528559107610886,0.6658244731773217,0.5693624090503105,0.5037262184059658,0.5354462735936707,0.3960049609748966,0.2734695808410644,0.3061006463359499,0.14245308896245246,0.42210657779323385,0.032724929061311255,0.5718436245361326,0.771317147955568,0.5768866622438816,0.13900256276786122,0.46512534604841105,0.47166298117772165,0.7496617745631334,0.7641191480316469,0.4238173901196168,0.37575258975997056,0.19044345470679952,0.7286883859801842,0.5561812113123162,0.7527219003158805,0.5740407543980012,0.7505636846861746,0.7248366337207,0.4973883737510055,0.7189139075369839,0.30377380319810604,0.8394263441022959,0.3704037346149503,0.5024574409752736,0.2626586804219921,0.3445008383642778,0.7811416664712175,0.28809220318300044,0.6541203595926236,0.3306696275302923,0.5972938025953967,0.6690547952277719,0.46679331674165786,0.5105295188505589,0.4909812777055208,0.6087315834999528,0.6746733842262406,0.7754249327297633,0.7954953936541116,0.769955559103356,0.674587947551028,0.48301470516028866,0.6511898584919547,0.6670342146769546,0.7259722382680676,0.09441953260074427,0.5680068226827787,0.5160190406634516,0.6209342056492309,0.251284654236394,0.32308921509030913,0.6407816431163771,0.31575574747763174,0.7725672926168488,0.4104777214928485,0.7776400789869371,0.16161385120955185,0.24150699143831156,0.44799235467162823,0.7026039769804163,0.36330341326194177,0.7954859856539416,0.20367658706613365,0.34163174688056974,0.48750111060802426,0.604437401033935,0.449887572354674,0.8069186601947578,0.6263840205534652,0.2597866923949286,0.5919097824316256,0.02171763682770606,0.07131331234165413,0.6205741834306827,0.5500871204352951,0.13786464240191418,0.4229117680925052,0.47454837906761815,0.7281369628246904,0.5567441910899251,0.81488662699193,0.5548480321918121,0.6052911984855657,0.7616925257846628,0.7928599603875823,0.540368678580962,0.8111797573714086,0.5620402241886492,0.4253362098641981,0.6030519183049895,0.5012178858713605,0.733027207779922,0.6062680450913844,0.5183798790081772,0.43928119965324686,0.482143956363569,0.6768678106475747,0.1884479742570023,0.5488903427244426,0.5902605518280409,0.7388331765324156,0.08038591039852652,0.19028588640130883,0.23497792319666808,0.7734080827697506,0.5491555691748874,0.2726000265483704,0.5839963083028484,0.5737925834843328,0.7968376415187025,0.6407523275820105
AVDE,0.6829488681830856,0.5806582051683686,0.5437332473142232,0.5962438885204395,0.663428606679724,0.5685890266884215,1.0,0.9599597316704656,0.7977228046461855,0.7744079391573657,0.6670625126680227,0.8316479853836558,0.8360077781913847,0.574566014884036,0.5552402185815255,0.28981761095900443,0.27575316269933176,0.22319961121058385,0.7648185141945423,0.5041699747813507,0.7242148880162114,0.5953243919935708,0.7106404432979966,0.7256965382821357,0.7574432678399633,0.2752430328564611,0.6877394858457485,0.6406927557163143,0.7652854748582394,0.8426157336339134,0.9419959555370682,0.9670764482190282,0.46683300086922436,0.5610546184581838,0.7696238021292621,0.7233810582298509,0.983439091207545,0.7825942054096879,0.7463784224766372,0.8787576577656401,0.8712944224607326,0.895857793240353,0.5849355995151255,0.8868240482583309,0.7954013287742598,0.5714154283557117,0.8367880415934258,0.8373615592564776,0.885893961301173,0.7598165967843195,0.6985985338484272,0.8922358432436687,0.6429629012721169,0.6213913770410354,0.7403646087290462,0.5547814821432759,0.9164721917035981,0.7225462017095347,0.9627115833115865,0.7853321688120908,0.9750538070483443,0.5972824622059351,0.5462965727103686,0.5664275042436813,0.3917649716699054,0.77968014720657,0.1777807415048748,0.982059349960246,0.7445444121031953,0.8604878572391031,0.2903038365010302,0.5694524380544138,0.6404232729474258,0.6522140204133856,0.46372593591720124,0.4882776411059054,0.5442330395825813,0.39709239919431666,0.6532537302980735,0.6980470483641195,0.6619045839748238,0.6049662724317233,0.7406749977924596,0.7476157086586537,0.5236421995017894,0.6496733701449452,0.4304749292163897,0.7407864122670049,0.4698875974749463,0.6267015203510504,0.4025653816687264,0.5352397262680376,0.7203528071284101,0.3573507247308571,0.685621913799965,0.4929051690017408,0.7048640304850955,0.611704173704751,0.577735305062464,0.646555307924998,0.8096040163593848,0.6952003939000583,0.6327809889102067,0.7488114627634304,0.6617616034251843,0.6338298861609093,0.6312021599383583,0.6152337934337294,0.7589373670674074,0.6947879430479127,0.7316591202643249,0.2305320042958324,0.9638729796679707,0.7986745399099626,0.7014697920211995,0.4471222679313043,0.5627197291954406,0.5995894128275655,0.4555090554838405,0.7439176188004294,0.6043213623598989,0.7395386970183355,0.32485307851460254,0.39025393939226743,0.5508676263950426,0.6635951230640665,0.5875024271116525,0.65033851591774,0.2167773382553719,0.4287170892662426,0.5473214906871708,0.6852310268815889,0.6064546843481015,0.7374802488256563,0.7176831375750636,0.383589608487078,0.9822822251560512,0.1633919405367577,0.1994700345350216,0.7367708143996077,0.9301673864168775,0.2770527581903282,0.5655081348118218,0.8289329203682161,0.7685274959381734,0.7263988808780842,0.7296198115546736,0.8870709268437018,0.9434590703509383,0.8816929538171736,0.7588993046014939,0.7387579888438724,0.6516019278753442,0.8031530311648755,0.5805472816543849,0.9671989331288702,0.9670831426014289,0.41217495479420896,0.6262183231395673,0.5160337475754666,0.5994959781624503,0.746599295564613,0.5606286884673349,0.33034737415113874,0.6058385543304377,0.7252742614586901,0.6176896801102061,0.3295816365418539,0.37895051383282025,0.4608691303224598,0.6385049715222906,0.6780474246931473,0.3167389505424485,0.5730894776523268,0.780452140565409,0.8074492879233074,0.670959296430965
AVDV,0.643514259590712,0.5483158855245449,0.5123117207109545,0.5627401647988998,0.6310808195002562,0.5379548648043233,0.9599597316704656,1.0,0.7716436751394643,0.729103223911557,0.6497165730857112,0.8068548686025528,0.8246479186021712,0.5391946834167022,0.5361216274592988,0.24996634360287864,0.24317654951370082,0.1973911837168883,0.7298995357233847,0.4726542059388941,0.6665196896255977,0.5836289343799032,0.6634383073299379,0.6708641288149783,0.7439522228301674,0.24532882117881347,0.6605327159612434,0.6285469904883291,0.7388240982187756,0.7724522989587251,0.8658226712420937,0.9182118885539341,0.45891777456252253,0.5494025308451462,0.7426258996280187,0.6873164600404547,0.9185209564797856,0.7522491513251499,0.6924173246530566,0.8326857949329421,0.8207018110377321,0.8185563617333068,0.5508351356129229,0.8165627773936027,0.7087833755192628,0.5565151200827896,0.7661265255794342,0.7739351238878664,0.7987626651765598,0.7196897490531878,0.6703899826377238,0.8279333653009073,0.6171636218080524,0.5953645282730426,0.7373160357732368,0.5159213577500665,0.8274378898734293,0.6931742259108405,0.9564818385880259,0.7642272118220527,0.9372101328464943,0.535813095295305,0.5846789531003893,0.607678722978926,0.4475367823929655,0.7931232953534387,0.15214697279964245,0.9220512001335384,0.6892987768293815,0.7918931832076667,0.2512059897639787,0.511986359883995,0.6232865747092341,0.6250227602385469,0.42486230403396774,0.4359396913347167,0.5187224555138068,0.41977299060435114,0.6060229015672506,0.6402903382623268,0.6158607544685365,0.5687595917732929,0.6914176187429719,0.6858773708315375,0.5063358145027707,0.6198210580502272,0.39052031072264054,0.7098747752276517,0.46292431491772706,0.6190081330990744,0.3580975662311681,0.513945189013828,0.6661672437991096,0.35899501526194316,0.6302722233329423,0.5145078348107276,0.6722518728123013,0.6007028424331291,0.5499462735344839,0.590509699805222,0.8119719445097355,0.6564593845607551,0.6113428721551274,0.6998087802573412,0.6120052038132542,0.5858498390190567,0.5928702678036489,0.5860657168033133,0.7096651794191268,0.6572102537848656,0.7013914552407479,0.20969188252393545,0.9596720252474887,0.7867138333495268,0.6538761809491821,0.4849677633549828,0.6018128102728785,0.5557743389050972,0.4454931048024523,0.6905324346566614,0.5777663221617582,0.6844760733234302,0.29833367135472355,0.34652041175717996,0.5463408109092474,0.6181127099555982,0.5756968952531689,0.5970147220604696,0.21167848164014946,0.4094211853318882,0.5551904224773414,0.6400642791762015,0.5501567790009086,0.7000390725643006,0.686118522054922,0.3385103003187033,0.9311791807007765,0.14120170005981167,0.16644885574889606,0.6772135996485178,0.8576917087843042,0.246460719007964,0.535056847106116,0.8067144552630022,0.7238713225962538,0.6890959849458778,0.6819853534757241,0.8683564436154232,0.8956467966442421,0.8284735772421431,0.7079068185382719,0.6915198019033176,0.6010356401024065,0.7782666534157664,0.5393535408353309,0.9206741714762631,0.9232376759670645,0.3840928355240415,0.6096645915463448,0.4841731294294941,0.5546436452164007,0.7198760900700085,0.5237951039652968,0.35468276847944663,0.5639509231045735,0.6812877296549206,0.5708783368869234,0.28586648573558493,0.3618227271577509,0.39335965459219635,0.5893206517600007,0.6944728937012798,0.351241961760275,0.5389163830167845,0.7518041701148913,0.7572715977393133,0.629486882167455
AVEM,0.5616731926242857,0.5372372719391413,0.4963476613220972,0.5726152839066035,0.6604599761191275,0.5616986386994496,0.7977228046461855,0.7716436751394643,1.0,0.6872385236541809,0.5228549901454097,0.6551799730879272,0.6845171885678468,0.4775551756051308,0.5582873180723534,0.22785167545748702,0.22258168483859006,0.1979215073925174,0.7396097778822832,0.4726635406408131,0.5793037081866538,0.3898307970328777,0.5221294186601005,0.6903947157413576,0.8170430638370862,0.22226504245192494,0.6464182791990782,0.6137871292333549,0.9343937380736037,0.5674698432174713,0.8065479861445547,0.7308095524525267,0.4253211795280959,0.528646413308242,0.9425882687155483,0.6205144416284262,0.7976612213037805,0.9854007330941311,0.6879307793035683,0.7356760979471046,0.6956192265825357,0.6983971522774384,0.677197046211693,0.669610806803438,0.5632737008322241,0.5740959744703981,0.7886230039764448,0.6251337196612683,0.6846934803976691,0.6686667241124954,0.862252731604817,0.6644580551307876,0.5975203738802755,0.845124125169499,0.7472161586843227,0.5299063855565312,0.7517254042956518,0.5984018372752063,0.8069053994078615,0.9200077693160289,0.823533812584774,0.3632627910167991,0.5180203747251942,0.5390966465116466,0.3863386028245144,0.6617361473424069,0.13856108715410786,0.772838798402191,0.668797604133466,0.7058793175516177,0.23125502356710753,0.46914542271677784,0.6597653598515746,0.7268717990229785,0.44130114062439435,0.3194230194128485,0.5658441298191385,0.26350016765328865,0.7522780121039918,0.5277213306588813,0.6745250602957488,0.517208380913204,0.7138717658540827,0.6723867340017469,0.3508454995769334,0.5061553054492595,0.1725239126508043,0.7208993798895845,0.44837594141298676,0.6911946670148856,0.32775778082030627,0.7077458868511196,0.6798239934544187,0.23310539798398053,0.5542741749229464,0.40585870344946307,0.6050644616035079,0.6379980528404974,0.45668822801393344,0.4821824566355755,0.7932765593532854,0.5161326651436782,0.6733851418389403,0.7260020031791466,0.7003468364181097,0.714057621173795,0.6254129442565289,0.4680798809583998,0.6007576776386572,0.5860185923704289,0.6520800235838567,0.17507013987548778,0.7635741464298736,0.6949430686326884,0.5736612167851322,0.45399160096618096,0.539002021532277,0.7156090968056246,0.4934430826557418,0.6835329844383353,0.3868318724112075,0.6773249969770565,0.2574708381784921,0.3127749704860142,0.5836542167708202,0.6983942300854177,0.6243858433796498,0.6230787290457083,0.23424503412231168,0.4241827289030899,0.5706042325809663,0.5555809633507868,0.41210973012476276,0.6816845367195633,0.5624703900247575,0.31223276024927227,0.8479868669495001,0.1277094945031321,0.14990182125327062,0.5897974541292161,0.7104660529658205,0.22768608204720375,0.3715302136125337,0.6910980386503217,0.6385819708387608,0.5294855870870261,0.6760466747626686,0.8635509316090068,0.9155289982608383,0.816778796925836,0.692183850261343,0.5686491196164817,0.6525890692932579,0.9588217499163776,0.49433952590001623,0.9104298894059627,0.7964853480452015,0.3603071796993836,0.5330355005112981,0.44724773637981147,0.4814427870562031,0.5954858927476601,0.45507174794975425,0.2092138390273633,0.39117123187213554,0.6004647091912739,0.6996247602111937,0.1328744825595609,0.24436902980427194,0.26565183581065405,0.5550630660564644,0.6412190599900908,0.22182389632191088,0.45986402138356014,0.982515117683452,0.7939484055001446,0.5854145498425428
AVUS,0.7228443935955862,0.7582483562612534,0.6491963707812173,0.7754514528699388,0.8119464142426227,0.7574841620778711,0.7744079391573657,0.729103223911557,0.6872385236541809,1.0,0.8610689210791133,0.7829626172734387,0.6803851367941686,0.667575548446557,0.6831181395320789,0.19964344765717978,0.13855450662865038,0.09992931555341036,0.8234897256371743,0.6869179651319808,0.9080210005528035,0.6615488815952467,0.856957275390379,0.9434787392105766,0.5968105917294125,0.1404066642255336,0.4341087530058355,0.5155339411443814,0.6144624423902227,0.5140100346508737,0.7856638149458661,0.7086713399589055,0.38646049939019106,0.6129470338972484,0.6912405587167042,0.5711172904751104,0.7740053374276951,0.673093514147536,0.971262375933483,0.7455739915820869,0.6869315974191166,0.6870475005785783,0.4582960348049423,0.6717178375704206,0.5538826329310773,0.4865070255184152,0.7500045141776571,0.5868316263566508,0.6609719688642448,0.6455280579706302,0.671551908472733,0.6531521253829337,0.5173180153394257,0.5476892244932147,0.5470021238318205,0.7919747793510857,0.7263092129336016,0.9012732061072611,0.7463557100124006,0.6399354186573233,0.7580144438175962,0.727724651221452,0.3027605286228079,0.328474778700141,0.13982104339508555,0.6727455509612345,0.024583250377987125,0.7863371047991813,0.975537172156864,0.8198776413330731,0.17161314508966,0.6318119471198195,0.552724486379923,0.7641776659713553,0.6827924895864678,0.5790147475885162,0.49571244211984955,0.4481469171110466,0.8205900574488186,0.8593914434123303,0.868065146020874,0.7140820102124822,0.9431233741647432,0.9528196793782684,0.7245992591737936,0.8517181240823484,0.5561617165457031,0.881973833734393,0.4897739607458009,0.5586256374721079,0.3214645155330899,0.39740978312197156,0.9490574643497792,0.47367691357813213,0.8530273552128427,0.5999816027722895,0.8783752131129666,0.6828870307659101,0.6081678241982913,0.784533810542264,0.6686293560624325,0.8939438306447463,0.7242290435609016,0.9056475188597984,0.8793156648131271,0.8289437295820817,0.8118612044607542,0.6688725605708903,0.9316182433398223,0.8623199462842027,0.9180809639848523,0.11074992136533293,0.7350941434517217,0.7187287171884565,0.7706561359523579,0.25214073598632225,0.3537404344705764,0.7532574920505212,0.42466925693783164,0.970297336114374,0.698474559020819,0.9626676422796323,0.1789619062420499,0.3045447611300266,0.5219741674438039,0.8515074141743493,0.47147190256529525,0.8851499773900516,0.22184411996458872,0.44921302939279106,0.5011991636766854,0.7340738631453888,0.7340021834256902,0.9235965327273389,0.9001780894022485,0.32868558948516147,0.7896764167184693,-0.014374055434632023,0.08873045412245004,0.9239459682458865,0.7452776240313129,0.13372080598333663,0.608386081035987,0.6108510617934336,0.9474066482422712,0.8659475688420062,0.9315277019029181,0.7297034651043488,0.7680572010926214,0.9586881410913703,0.9823605595262642,0.8910011693383965,0.8825806471070654,0.6833926851963439,0.5159955292753616,0.7874354920236734,0.7313991057645959,0.6227944254880775,0.7138118064395282,0.5847480102010812,0.6894441016907088,0.7850708304081844,0.7515544076730325,0.45421019551751696,0.8011008065850548,0.8803898765962176,0.8292992729340253,0.3194258045268805,0.37361724100249,0.5070069341776876,0.8431098085070208,0.6877642689941701,0.48876273537403947,0.7514739632114926,0.6828031888722896,0.8871100080947407,0.8449923055658212
AVUV,0.6293884714161956,0.6100571388126474,0.6174549056980244,0.6477713130167994,0.6618756279914058,0.5944920664655369,0.6670625126680227,0.6497165730857112,0.5228549901454097,0.8610689210791133,1.0,0.7183379349743741,0.5571946261022952,0.5742552177631725,0.5706702987457185,0.17215737194876005,0.11467326337439776,0.06914230038239394,0.6296576727065014,0.5225028917268569,0.787628090435041,0.7779701504610432,0.7506101704210234,0.7039885948865815,0.5208292294723883,0.1206693885483055,0.3628101179704379,0.4605429755993383,0.45474681521596344,0.4606053276089314,0.6119750947186154,0.6407424292103991,0.30916578933906164,0.48687707988288176,0.5132714297580775,0.4899809067031684,0.6433068704589701,0.508975014543486,0.739214951962127,0.6468391988666458,0.583154563463718,0.5589967840710842,0.3853409326237105,0.5775474077797528,0.47334942133653135,0.3841698206758513,0.5752176610040003,0.5007717416554478,0.5679669174960397,0.5252311609498922,0.4906942427140819,0.5876417428545752,0.4433560014468393,0.3806975296828975,0.45496925795559157,0.5722037939540141,0.5907176075699053,0.966453965545773,0.6499372785512092,0.5239126818713045,0.6599495804618735,0.6662477877379805,0.21472221685329335,0.2417723347852599,0.07620541041169515,0.6733181155354615,0.01781373967642384,0.6648586915381234,0.75554610788544,0.6789135305224591,0.12909391958546027,0.561063697199422,0.46673174144236573,0.6189177185995709,0.4776381330267598,0.4840638376033815,0.3924602436027247,0.5342283358186616,0.5324177102818131,0.7085369886208304,0.5815762483822872,0.7012689206031818,0.7296624570273097,0.7608283627811595,0.880097888520666,0.8202427806346986,0.6015478619129041,0.7906754459232149,0.4197049987327637,0.4938452362858428,0.2796910473224456,0.3194666881943741,0.6865865071521523,0.5145414414354542,0.7713549294444151,0.6925913835532884,0.853844311154689,0.6468894023461205,0.5948036732732305,0.7904089364139459,0.5951051762913164,0.8822975760510394,0.6394984732271453,0.7618835918093501,0.5889015854380015,0.5905010309027704,0.5530158584543358,0.7064017609439077,0.8762093010638461,0.8073774847957146,0.9321502280316023,0.10036622874908344,0.6412578809317774,0.7281400107239384,0.670835977191057,0.16451454905132432,0.27092346959313734,0.5111387716710203,0.33265683047671457,0.7341185077609081,0.7832792872454664,0.7217882237715684,0.15958603460876555,0.26390720740666523,0.4799129176656294,0.6426634694320678,0.3599381571892973,0.5972859422265486,0.19027487507824428,0.34894987985474707,0.3742805237973958,0.6474130864346396,0.61153034595253,0.845666974742289,0.9650166447924197,0.28552606938353364,0.6537394585640558,-0.020235807521019857,0.07434949678920756,0.7816804123056897,0.6236895440533582,0.11102148629088314,0.622459025337026,0.56197772671479,0.8621097795101039,0.8726079456049329,0.7633907214639598,0.5794702210006124,0.6144181378306708,0.7612085492648318,0.7751231644631226,0.8367431428830762,0.5869192322883011,0.5353984963091313,0.4327630188586271,0.6432230389088336,0.6527124315205202,0.5378780927291091,0.6358038145102304,0.537210045708803,0.7462515767976781,0.7609703424854645,0.5535232502674977,0.5519400785339077,0.7712846490754787,0.7972269838977786,0.5417288271658456,0.29973290608282316,0.33573487536076896,0.4342096279553095,0.6845126321280834,0.6793210661419685,0.5979973419104104,0.8249627437721311,0.5139267370862014,0.698363199673877,0.6247778653314734
BBCA,0.6456143030634669,0.6423284708852165,0.5515475913967613,0.6300076291140569,0.6550996819928087,0.6107713705446961,0.8316479853836558,0.8068548686025528,0.6551799730879272,0.7829626172734387,0.7183379349743741,1.0,0.6404732920310943,0.5518052344324234,0.5675510301313617,0.2531348789100509,0.23020112034070553,0.19398473104788538,0.6612184941011042,0.5382801096722234,0.7413336919702438,0.6647372970835405,0.7520652763311501,0.7137396601718314,0.6623510349491477,0.23309540968859851,0.5717059915704316,0.5513798499846725,0.603288114386291,0.6755358339598047,0.7542345478990207,0.7816436650011648,0.4079402798714251,0.48556117784282943,0.6268408194889621,0.5996134763354475,0.7912378964685722,0.6428947516236376,0.7422173825329981,0.8249910817400423,0.7197954898528144,0.6957237368478075,0.50017792556474,0.7006104942570174,0.633029590185487,0.506841925671619,0.6637906821728168,0.6519112462294979,0.6819401767087315,0.6993429222918948,0.5735794271504173,0.7621562441445298,0.5788209863653772,0.47692011128478884,0.6562008369250697,0.5860686809656963,0.7118504546442779,0.7505636574474854,0.7998904649895017,0.6746856023521115,0.7986834195572988,0.6389779560519976,0.5611198472917938,0.5741180846499325,0.3856026986437705,0.7935726159326444,0.13792423254302652,0.8216753769005423,0.7464471510305182,0.7106220932241709,0.24659482509442363,0.5396663368101885,0.575093632420163,0.61977647181078,0.5238643793117019,0.4923949108838029,0.46965419202677133,0.5067180268527643,0.5835328181246173,0.7063907323336438,0.6200528443036587,0.5771345633903557,0.7268735282500363,0.7443864504815788,0.5970523670744499,0.7026532206047182,0.4878918942018315,0.7377225438610632,0.43532456658508495,0.5583912370579548,0.35343499547487234,0.44893328149919837,0.707775917040775,0.46940112678195206,0.692711061648742,0.5494476319478064,0.698698189084379,0.6130981125599464,0.5731871142097487,0.6542936894834198,0.7306283744251684,0.7389372166979643,0.6065331056095509,0.7371487104572056,0.6167013945240548,0.585208592568617,0.5899596461167093,0.6431455858564794,0.7838055611770448,0.714031606715841,0.7500123647940953,0.2097401481973436,0.7823437353406424,0.7729586414209809,0.6651922010473985,0.44115187393833916,0.5657496420415794,0.5122966628460032,0.3926303920619155,0.7372571868731018,0.6734527219503951,0.7331063155975145,0.26583929136629,0.3387769708113128,0.5157289991211327,0.6456236055196728,0.5008121484399976,0.6329851430241483,0.17226490452054694,0.36339530568212924,0.5730797935150419,0.6528373066932844,0.6630972422785583,0.751516466039739,0.7565940498049388,0.34174453924352644,0.8132989245354393,0.12182506600110889,0.16665197960650693,0.7545061804574423,0.8071873827937927,0.23281226954099182,0.6176316295587889,0.7279320124278666,0.7995201256022355,0.7702030541140722,0.7454067569260112,0.702015498917958,0.771002366835395,0.8172159993688832,0.7578337762708073,0.765480059550719,0.6303280998478822,0.6796715334003934,0.513002432036169,0.8041933561207675,0.8220510061247899,0.4958511359992844,0.6248118934928216,0.5000549873145902,0.5674469873846327,0.7439795149231931,0.5703987343411471,0.45360449740803943,0.6760272413768701,0.7146560012952095,0.5742693618876591,0.35883352963464515,0.4419846561023807,0.44774528523218565,0.6260720211259765,0.702795879436252,0.4549631355675085,0.6118767531682615,0.6397368808326445,0.7334780932900851,0.6525961612265937
BBJP,0.5653049332627603,0.5061063720945559,0.4752207649295426,0.5313372727884793,0.6035060030708059,0.5005110130957321,0.8360077781913847,0.8246479186021712,0.6845171885678468,0.6803851367941686,0.5571946261022952,0.6404732920310943,1.0,0.46938115859930885,0.48397122790491376,0.22210295241590416,0.20986882386619837,0.18717768776915372,0.7558129083711272,0.4627840371829674,0.6169980678551387,0.4215909014550658,0.5708569490417998,0.6590965757495792,0.5806013656913156,0.21120696564484193,0.5099987580851267,0.4944355254591408,0.6501413941100469,0.6763937461125762,0.83083463037749,0.8012155313694774,0.38329566420463423,0.4794276842657538,0.6988414787219253,0.5442865891681414,0.8467784143022049,0.6701616643023344,0.6717812064003765,0.6892832766965821,0.6632961567925442,0.681948269841948,0.4142607121451792,0.6568284481614027,0.5652743671798086,0.45208749344282717,0.6845659569723863,0.6040501847075928,0.6426841636125984,0.6113765280336644,0.6428129397232386,0.640900653469179,0.4924824760443826,0.5833994517222691,0.5595342293444274,0.5130001252016249,0.6978639434266805,0.604967902226723,0.8296070686049806,0.624861308384979,0.8519708908312613,0.4615445106380651,0.40143852199624713,0.42130298426964596,0.300891518085893,0.5818379727499954,0.1280595019848698,0.8277080492263524,0.6668355172092728,0.7966882066735794,0.20315146569689455,0.4735269972850022,0.49395222935574695,0.5872845341226558,0.42789791724884835,0.3913032383579365,0.48629802552477197,0.28804594516885546,0.6420305927579006,0.5872903407751735,0.6473195580117163,0.504420259573405,0.6782704265688163,0.655735000085955,0.42869592632814635,0.5490570697362084,0.30972979460047523,0.6404692762942973,0.38499976087311477,0.503045876168477,0.31561790408830454,0.38015129580497614,0.659990032446902,0.27130867284050997,0.5586018776472504,0.4125793368707643,0.6128110747929806,0.5086943416014633,0.4494140718818516,0.5144094113857451,0.6527093322944064,0.5755945216550842,0.5386958592852945,0.6389774874518401,0.6391866996594336,0.6121656554032172,0.6151322615501872,0.4600970888531762,0.6206487582598558,0.6083191425966276,0.6321651442940862,0.16535508305428126,0.8339223370250535,0.5804611539076074,0.5913799457719107,0.33146845799291014,0.4226856549896749,0.5919443929506859,0.4181779424998881,0.6727727582780431,0.4298463130780347,0.6672317142168672,0.24146518619324195,0.30484563228799605,0.41631105976190935,0.6079990638743015,0.4845646125747227,0.6121551790021744,0.1904917207808544,0.38953191777271456,0.5004784901211379,0.5652636934445159,0.47983454639234474,0.6409032660835668,0.5886608300454784,0.30465655369866346,0.8505208704863484,0.1134402405258328,0.14684031508951043,0.6212329184951384,0.808291393185674,0.21494435354053398,0.40601973880437786,0.6588249423328574,0.6374564497283208,0.570190228752471,0.640104997571867,0.92464768355852,0.819740638112235,0.7744168111513614,0.6788628569488648,0.6069010694466016,0.6157515728781962,0.6595253253783575,0.47127055180704797,0.8274854414051837,0.782659816351248,0.35576849833783686,0.5542015389180203,0.4468302913074433,0.4918851651716991,0.5756780302239415,0.5057352238152344,0.253685351805585,0.48958364158086226,0.622201797388036,0.6071200805113529,0.2078921922578118,0.2524808693390519,0.3571661287600929,0.5747911183046844,0.5576234159573284,0.2518452591511618,0.46116204341382333,0.674321113907883,0.7080373349004899,0.6083793637092386
BKLN,0.5976161464628389,0.5112610266232789,0.390893256200903,0.49269019287004984,0.5133542112252337,0.5011592031092525,0.574566014884036,0.5391946834167022,0.4775551756051308,0.667575548446557,0.5742552177631725,0.5518052344324234,0.46938115859930885,1.0,0.453503997617061,0.16070275473391787,0.08227650716768298,-0.003301077823815034,0.5531680567838178,0.4744934711354512,0.615791271773642,0.47114403893985485,0.587384026481435,0.6222947973490348,0.4647426514855228,0.08505110829063398,0.3326826549369506,0.3888337310312518,0.4360568829454384,0.4038709715813932,0.5564356651821976,0.5505092067903379,0.3069022253114507,0.39884494538378273,0.46640759274650423,0.4578024462267681,0.5665192474809393,0.4778062608988889,0.6485790178240238,0.5525785697303577,0.5011592189629835,0.5346191392661755,0.30080672019193955,0.5528193527275796,0.412896993880725,0.3726270760456314,0.5242459374824957,0.4888875593747484,0.5125187910655684,0.5258076211840496,0.449686093153885,0.5112374589308052,0.3976319598813842,0.3279945122817495,0.37861175217976084,0.5255296083712716,0.5509208721697005,0.590666923254234,0.5428305596348942,0.46584003910951666,0.5578032791761396,0.4987266807870726,0.16701799508383094,0.19078510087397502,0.05735124001673247,0.4827674563835358,-0.009588206420458219,0.599635049642721,0.6501550981148025,0.6143708286394439,0.2094153620675115,0.4061642291862492,0.3648667605387712,0.5018269884588537,0.47634649080029356,0.4177042419541294,0.4051924506100188,0.35966668974741883,0.5237156620946909,0.6152717897003527,0.5810896257205582,0.5251537548755858,0.6100732923423524,0.6322366414639767,0.5173909384237212,0.6085058974484712,0.44047915310636215,0.5707797430057595,0.4066145413660716,0.3939885533131221,0.2611568939846688,0.3236610221517494,0.6306904752819165,0.3883371818942328,0.589444172892995,0.429721466479594,0.5467934803718003,0.4315088417965747,0.5355928287172556,0.5094141589061575,0.4479120027503834,0.6301005978771924,0.45788085707894216,0.6028966899837396,0.5561220980471762,0.5322063042882093,0.5876477652864038,0.5000468136935587,0.6347599395462713,0.6321090982118489,0.5940714555622709,0.07490639031189601,0.5444477725175569,0.5415823981197284,0.6652169880851175,0.10850967904213629,0.20207450233147956,0.46021940360775754,0.3315298181823311,0.6523988804975781,0.4991741848056123,0.6431022950762887,0.14339523419905556,0.24988766229224454,0.3279048620340769,0.5457591468677424,0.3646246625069184,0.5848451301350088,0.16116576115738965,0.30711039628015685,0.3090158411147925,0.6301751202630284,0.49389966425292,0.5951267774292444,0.6057835062282659,0.2719146747159267,0.5716302693467865,-0.0648224039666243,0.06842037563537355,0.619249282099636,0.5447807529269372,0.0807886690927343,0.4294609247919336,0.43926880570123805,0.632858964046472,0.5955978015249385,0.6055008478888958,0.49306655151719697,0.5541702519649794,0.6552171935220434,0.6589673308110764,0.5988116808833083,0.5849854107414846,0.511934484373957,0.4131655504429231,0.5732299846709437,0.5636909235192545,0.43641695626045346,0.46457169546279625,0.3727699839668602,0.41525115060656215,0.5309396551665124,0.5056758240118345,0.3502181590518766,0.6156426588023681,0.5673286911330018,0.5237662803109617,0.21174253436420173,0.21683761259356713,0.3350588821568313,0.5706987028408859,0.4261064339392395,0.3627014454541361,0.4866085796288956,0.48450857220284405,0.5899004868447331,0.6558941202608229
BLOK,0.4971641148202996,0.8253878258295048,0.610737624092889,0.8067219641360817,0.7442736878381605,0.8473932029304948,0.5552402185815255,0.5361216274592988,0.5582873180723534,0.6831181395320789,0.5706702987457185,0.5675510301313617,0.48397122790491376,0.453503997617061,1.0,0.13978355838414125,0.11311740450032913,0.13480493505053814,0.6784212874105332,0.5566731868061914,0.5809461267346733,0.3524477493005186,0.5117786054437871,0.6829486174375793,0.4380441486553444,0.11632156572895326,0.3722712706442003,0.37913439979546953,0.4980050335314449,0.33586875331182214,0.5931943575569849,0.4660190625868078,0.29644052971923596,0.5029709728382458,0.5703805117171132,0.41372060310415704,0.5528326189238608,0.5577144353400668,0.6860810273549262,0.542507018387367,0.5061028529674443,0.5103268091811131,0.3433571072184376,0.47573129178901047,0.3614031846656502,0.3578457735732422,0.5722385364339834,0.4166682874173121,0.46647054199402865,0.4592704559512194,0.5497048180783203,0.42302936602180286,0.3771310911447885,0.48880873306602807,0.41745486505718477,0.6562083683364603,0.5288990676770825,0.623803393129988,0.5486120258120852,0.49739915934562934,0.530964578401353,0.3533604934944906,0.3028083743764681,0.33812468278866165,0.19161139431357904,0.43170176468077964,0.02686241557653886,0.5530509659260626,0.6758037422521325,0.5428089502112964,0.1247793469578047,0.4470546677974266,0.4604547847308347,0.7383384697233222,0.5891405987130286,0.3474892331236889,0.34747581738504374,0.19056250795075705,0.6533653486551667,0.5056558328163796,0.6568404162130459,0.5424515551829506,0.6867785850568144,0.6302335381549166,0.46385147051793074,0.6716159167266195,0.2582240183669763,0.8160977633015292,0.3408280950732656,0.4739204672546837,0.2297596004781191,0.33105160349660606,0.67791675209362,0.2712177313809546,0.5547278300267896,0.334823875516304,0.5932962010808428,0.6455301832894064,0.4078747457392931,0.4653550238911737,0.5101048093245822,0.5601849575555331,0.6299723853146277,0.6999535977419584,0.6801590399713603,0.6596793476416096,0.5870138128703901,0.4195023127114776,0.5863032007369683,0.6125841296277292,0.6910396879775882,0.08225730308810082,0.5468776651301874,0.4845180344678559,0.542566547680362,0.2732801953661783,0.35713055931081916,0.5982952652629328,0.3007047732849487,0.6762486061416262,0.375598252392803,0.6793435030273782,0.14157880362578035,0.20843446393850204,0.4281862175046357,0.6388470359210118,0.338760208045681,0.666605039284287,0.18273226130847456,0.3414762604655796,0.5029669419963269,0.5248810015292797,0.38831795125367796,0.7431669334220138,0.5869577172491708,0.22638023877471458,0.5780849614404582,0.019958267793056858,0.06002497311059827,0.5693869279862983,0.5196104192934612,0.11455866164517921,0.3683130223548772,0.4599556476434154,0.6580968383340379,0.5194791575751598,0.7212385614242041,0.5529715439538292,0.5904100648260225,0.6929014299876383,0.6996452656544074,0.5214525617059661,0.6817227061261618,0.5479833442329731,0.3742254735071041,0.5913003831105085,0.493474489780372,0.5316712174427376,0.5964359025019896,0.49513689683316064,0.42584935903423626,0.46405743031714725,0.5393863386302994,0.1844752273886804,0.4957683776240288,0.571443264393533,0.6487200916505813,0.08000460917791961,0.20629601598944625,0.22119249431132063,0.6271251603225683,0.576987874282696,0.24920106992827773,0.5230083490899496,0.5662454561042377,0.7024165879247076,0.5599441411663044
BLV,0.611352340755485,0.184158455928499,0.271055902025492,0.2127986849688526,0.18442695426219977,0.16049765020658383,0.28981761095900443,0.24996634360287864,0.22785167545748702,0.19964344765717978,0.17215737194876005,0.2531348789100509,0.22210295241590416,0.16070275473391787,0.13978355838414125,1.0,0.951593168576695,0.7741025238067404,0.2125037766264954,0.12591671312742625,0.221942655627219,0.2546279233959795,0.18493613526168046,0.20906430743155596,0.26707127791651253,0.9465084501354498,0.5894605205102534,0.2113391937397698,0.2461587564972645,0.3692999249432315,0.30799090420069847,0.27968812650538616,0.18961350500251486,0.1787805806464559,0.23482857187334977,0.24081612602713548,0.3076695522683836,0.22875779039674837,0.21511044616696948,0.3186166504728675,0.26392871035672877,0.30339157470957384,0.14733931873097408,0.2432567316737032,0.35761623425655453,0.21101639201971034,0.2313791759031033,0.28180117596699256,0.28707337440781255,0.2541634504126682,0.20159572413194188,0.2821249655712075,0.2188284786658153,0.20740337394432717,0.29249220285856303,0.1597486947822373,0.27615248129963893,0.24629835891264404,0.3300741376930403,0.2242961276041814,0.28625453914543364,0.22574509003457371,0.22687187149353075,0.2217992641712809,0.19835353060944155,0.14464311837554275,0.8799154853802997,0.30587937096297696,0.21198873420882283,0.15680484296602268,0.7188272264811787,0.2754515209210797,0.2931908214154718,0.19091160939957585,0.1385739925822179,0.220593985445073,0.16429988305495777,-0.042773108491160707,0.15462467844950806,0.2201371021398117,0.15265478161871873,0.1980338917181824,0.18361110190024435,0.24119295084986364,0.11918179385560132,0.18164971261670046,0.0743377156841083,0.23348893165424944,0.09932469110638346,0.1847560863648497,0.9647575735173438,0.11034218853991631,0.19326057915227882,0.03559889542486825,0.2809398022691872,-0.029737544245015804,0.1775460859793478,0.22005497288820944,0.45694425351441237,0.2782319519883142,0.18303142533555772,0.1952176573546627,0.22930899887835007,0.23238166892161988,0.17751950535849947,0.14970415306904852,0.13145167494395532,0.39966366500652845,0.2639891260963262,0.1626349474138009,0.23938706461279505,0.8451025063575486,0.32347377184934195,0.3228957839861287,0.5414828480028882,0.12827628072327013,0.18785706402186694,0.11334734734673854,0.11927166904714422,0.21097208947852672,0.2883545843212816,0.2132509389470551,0.7715568169555269,0.956247267970905,0.25153904071891986,0.18531459069885464,0.27276565093938315,0.17791652434704258,0.035683102357303646,0.09850635335416184,0.085456077919146,0.5773704867046147,0.25046649772246343,0.24658776268893048,0.23917588951356336,0.9735530426359679,0.30759496564758865,0.8464430542184599,0.9826476281934243,0.23910800875259183,0.32894396891299016,0.8876928294675278,0.4061190189124309,0.4004062851567407,0.2504308958566038,0.25630690061456257,0.21590077068245242,0.2667698070825516,0.2990476609202696,0.2569574511551609,0.21784365266077066,0.21624103951117776,0.1759306177372856,0.22258602053746487,0.8051344090640791,0.29556352736619357,0.2851019398320125,0.15673170012458368,0.16234004799861904,0.24464949885083226,0.3786813212067954,0.23641902899892903,0.18828313786665873,-0.06140449168652621,0.11704207945442907,0.17406299538811834,0.1372849148769527,0.20855805004986042,0.29231107389447886,0.22280814126287718,0.2519137519254388,0.12522647669848477,-0.07688738027366794,0.23648774122754476,0.23163991078923743,0.26484147957923726,0.13221852408451035
BND,0.5967504863407265,0.15450686810786032,0.24989137474520035,0.18110709087276627,0.15045786592579766,0.13116585964289343,0.27575316269933176,0.24317654951370082,0.22258168483859006,0.13855450662865038,0.11467326337439776,0.23020112034070553,0.20986882386619837,0.08227650716768298,0.11311740450032913,0.951593168576695,1.0,0.8214660133561655,0.17682061010887853,0.09304702606159668,0.16666989560620366,0.21859016152472144,0.12658588518790737,0.15760000404990807,0.257798019223955,0.9884340311573058,0.6298726640391183,0.20298337038461947,0.25417513897846733,0.38679984663789024,0.2897129331981011,0.26184510706338493,0.19437239904222103,0.15498958377927363,0.2268083280327093,0.22075222364688213,0.2888032298756727,0.22320098379441894,0.16003463587566624,0.31081510070830254,0.2583107184353738,0.28140649535447204,0.14537543274712056,0.2174010058069519,0.35635041003567347,0.21983784470430295,0.20504473618995087,0.25705931703921064,0.26545361862480216,0.2438267804435325,0.18585166773848522,0.2689551658610905,0.19118464358441326,0.2070371561848156,0.30348364011671236,0.12596125441955963,0.2497704252776596,0.19574288240464124,0.3253620236931496,0.2153107511251441,0.26795381595546997,0.18197079471127733,0.28048222506790893,0.27243047930827274,0.26258206723996697,0.11598150671533614,0.9311100936844752,0.28332168418821835,0.15613237724934922,0.09186156808390444,0.7165197296725939,0.2546662707056817,0.2857704365210341,0.16014722707435403,0.103357871934983,0.200555864424911,0.15196571605465142,-0.08863696194181177,0.11724136106214907,0.16773909654195493,0.10709428446497785,0.13141613697692733,0.13010668313305285,0.1862714916669261,0.06116648432913022,0.12760192325751255,0.01779733527974529,0.19379894958861626,0.07570354095404407,0.16603634900799247,0.9473829555866908,0.11109134787232418,0.14095843746003867,-0.00192900524653288,0.2310624038073653,-0.08019709698117379,0.120732066492129,0.1898391795731674,0.39321978885256803,0.23966966372474732,0.16523981936808738,0.1313394877193938,0.19664186222129762,0.18696258673925234,0.13488552413741522,0.10987159729310088,0.07944702092586686,0.3698448178647923,0.20594991459228906,0.10125000515445275,0.19158410676826468,0.8916218466356236,0.3187599030848977,0.2975290908211881,0.5153871235624681,0.16635732370040465,0.2277797030980445,0.07366107219355049,0.1201221044671839,0.15458772795877695,0.24016536212439862,0.16104407077151653,0.8836432091105718,0.9513066385952217,0.23450313836721126,0.13942199288349627,0.26833297144243135,0.13279485712441272,0.028289091682850934,0.08964566368776582,0.08804784985033012,0.5610646922780624,0.21779873043384024,0.20081581221164488,0.17971054027005973,0.9163193592694633,0.29231867879554235,0.9554874390516773,0.949971850800087,0.1829514888454775,0.31650390830146324,0.9655235073357483,0.3837229705628819,0.40628450140691813,0.196457179222591,0.20033154804604858,0.1684315703723809,0.26300717778856075,0.28554647689529067,0.21570386307583392,0.16171331037402023,0.15984177816356676,0.1322293852293589,0.21451100179933852,0.8003383173044994,0.28102363498698724,0.2700473939008215,0.1271546920801836,0.13096752109508303,0.23069515724105996,0.34544955305658553,0.19005821154804187,0.15737760887791083,-0.11392947530890278,0.04707250710446261,0.12312186142957665,0.09668828593352287,0.19148098338912967,0.28019720785268787,0.20139090509390212,0.199698200573053,0.10236522103303039,-0.13078744812784318,0.1940981994218736,0.22353016646037613,0.23319717679027996,0.06965418935407876
BNDX,0.44582877684647854,0.1443649159350753,0.2090139287799709,0.16175164505910725,0.1411415612038376,0.12558689112369545,0.22319961121058385,0.1973911837168883,0.1979215073925174,0.09992931555341036,0.06914230038239394,0.19398473104788538,0.18717768776915372,-0.003301077823815034,0.13480493505053814,0.7741025238067404,0.8214660133561655,1.0,0.14864757710247467,0.06645749647260252,0.14387628155897625,0.13155874596432357,0.09661746116832741,0.1253317452232366,0.18570039059572038,0.8141113275075164,0.5066821650513234,0.16964541042916972,0.23509080849885672,0.30198000448821033,0.257670646287347,0.18810063426247925,0.12292314909529735,0.15417418828024884,0.21521627324848897,0.16110498523006725,0.23643323166219743,0.20025395520480838,0.1239628278315126,0.24306505075271742,0.21857636771044686,0.2188459937902567,0.11182598404639103,0.1433804963122946,0.30948067571025467,0.16344382651030714,0.16572502740757605,0.18664064505401284,0.19176444053900218,0.14386459056818,0.16727024913868954,0.22039426865651898,0.15325699031183143,0.19041472041393778,0.284593636159168,0.10929481828732703,0.18698236489436287,0.15214835531967144,0.27068033635522337,0.16836199784434125,0.19726365714516586,0.12980950419913892,0.2872154922406522,0.2792765671259327,0.27032959225937486,0.032309992305361884,0.7866476122501201,0.22115811498888113,0.12408002111137678,0.09322851642906793,0.6069188065891952,0.2040747085740782,0.22602663165627798,0.14841718088316455,0.0673621684188832,0.13212271876284312,0.18189490996504204,-0.19596563253237795,0.1067857328774057,0.10942122029881772,0.0784650229320994,0.12574197559858782,0.11223354528733898,0.1395229746355202,0.02943041600685806,0.10197626918532085,-0.005529192946653796,0.1704814287341921,0.04041821714753363,0.09478544659388329,0.7535110191424056,0.07526017358608687,0.11269238086033122,-0.07350248852123153,0.16243002577308,-0.13411100917240068,0.11538188282488893,0.1372862981454114,0.2663370469221953,0.18645747014513478,0.13178956400069677,0.08594006125083961,0.1434472134442774,0.15511574155989688,0.11519285643355487,0.09567041471909928,0.049753034135425006,0.2701146458680459,0.1483126400010463,0.04637470901105928,0.15345476687460097,0.715829570540633,0.2776079847461222,0.1963116286096154,0.3768010241361381,0.18601318097287278,0.2383892300636213,0.07447963413790461,0.13873805003305703,0.11593931047420625,0.1586074986134706,0.12909815109337933,0.7077424988256084,0.7615963499857198,0.16666389124277317,0.11411028518483944,0.2126838806451061,0.11535122700114434,0.015156297797968961,0.10516957169754483,0.08640687810832863,0.41818722432648586,0.16187569259401977,0.16079134237030257,0.13038983856765216,0.7244804872773641,0.24372306017799464,0.8142681791416706,0.789371052468126,0.13884835597645395,0.27066166110326345,0.7908641788549822,0.3028692860129751,0.37671615862466584,0.1509047146062576,0.13855325532553353,0.14332261880052077,0.23614560336217746,0.2564242996964489,0.17656588618171978,0.12349805310059452,0.11507413870568024,0.1128986698774215,0.1863422518289017,0.6558255292509674,0.23583210469499205,0.19554655314350436,0.0786603740977889,0.14680410763527169,0.19937925699489278,0.2965879225689786,0.1380510186648607,0.13350615160457946,-0.20461528333155832,0.030193566483073333,0.1239077399432143,0.0835992199442202,0.13784789549901658,0.2294360172014662,0.1401741145928253,0.17182562175101504,0.0940325786960647,-0.22810710174866988,0.14983836316399662,0.20203764671833677,0.18591752643110393,0.025086930093654217
BOTZ,0.6396047941349189,0.7284605451714858,0.6323071944000251,0.7467033509193693,0.8211317296462363,0.7432611587979987,0.7648185141945423,0.7298995357233847,0.7396097778822832,0.8234897256371743,0.6296576727065014,0.6612184941011042,0.7558129083711272,0.5531680567838178,0.6784212874105332,0.2125037766264954,0.17682061010887853,0.14864757710247467,1.0,0.6797749787125877,0.6869244457318249,0.40418994573727063,0.6020817991062203,0.8569108794750732,0.5688371165774274,0.17848650754284873,0.48617968697297037,0.49223848496219125,0.6708756079119085,0.4937526917449708,0.8249192163808536,0.6672597696294965,0.37686001132086266,0.5956879396379977,0.7472263396193846,0.5374058948496834,0.7774887058934803,0.7322847803836806,0.847041051115592,0.6788396154531682,0.6853395172313751,0.6947184465433713,0.4661663537905683,0.6380315582855538,0.5250332368203452,0.4638909866844042,0.779771749660746,0.5608470803329472,0.6474922332357187,0.610678895403746,0.7440474829592125,0.5845806186225998,0.49909594964484444,0.6255185587678644,0.5641672272784538,0.74380887244971,0.7242946735608821,0.7091157248688613,0.758277572109392,0.6569831322673965,0.7467316531559778,0.46530095273642536,0.3527961096674348,0.38411703367713057,0.23066102537203295,0.5443559341632583,0.07131343429149774,0.7630572043504251,0.8344936811757167,0.763007652661197,0.22312046122934212,0.5165645556894316,0.5718332795662323,0.759343911562453,0.682023740227607,0.477457949477119,0.469978890097546,0.2264298744356352,0.850978453741695,0.6359507528643222,0.8165862627967198,0.5913951365692441,0.8448647347943644,0.8072698533591443,0.479292637057278,0.6792617035254623,0.2890231323907119,0.8374464915367157,0.40863248810745284,0.5831047852043395,0.31882658004717385,0.44064880195575856,0.8386516213809522,0.2884903716487256,0.7012397751542195,0.41011529762148397,0.720019232437303,0.6790576794196359,0.5116490434279152,0.605048538196175,0.645935523498521,0.6497414499613463,0.7014914679201906,0.8255416956507392,0.8507647508180101,0.8380629026947691,0.7524679585668725,0.5215714290647439,0.7150259820957653,0.7064080342892843,0.7675282354872213,0.12259597847444352,0.7563930775946535,0.592820197160476,0.6784133807374645,0.3091835928084157,0.39854624809676886,0.8046759702882262,0.3988985000428569,0.8400508625327486,0.42341213998013355,0.8377552677667534,0.20149583180162817,0.3010236354737408,0.5261088767325545,0.7991486715273464,0.5112866777173565,0.8246815206723852,0.21745998206512487,0.39501056127961415,0.5647990681947428,0.6514019391273064,0.49325805963173486,0.8268051263751615,0.6784560533721574,0.31536003613633895,0.7961031793258538,0.05372720791902545,0.12053655518755135,0.7035182131744556,0.7275535051758732,0.17739154726354625,0.42616368443844466,0.5837625085698013,0.7681142046356406,0.6118152166691885,0.8403160278869098,0.792648143627791,0.8063601655740237,0.8786943361735496,0.85001199620242,0.6290185489762788,0.8442703327432483,0.7222941184614128,0.49987296897590444,0.8035447800326226,0.6808881052548325,0.6001908494816159,0.6634072750782724,0.5178120834381106,0.5506701359095801,0.6085386600388364,0.6321527798286317,0.21134723057953453,0.5386552635942543,0.7106260298052149,0.8341936348852742,0.10205983000440978,0.21012261360782578,0.32637734295099674,0.7165237978335226,0.6215724205047449,0.26521923736640574,0.5656425523079746,0.7474867637434076,0.8877113146423992,0.7147685163558145
CIBR,0.4994545671880668,0.7153808805359323,0.5362106731176618,0.6735520460584278,0.6500031151755021,0.7162130898392874,0.5041699747813507,0.4726542059388941,0.4726635406408131,0.6869179651319808,0.5225028917268569,0.5382801096722234,0.4627840371829674,0.4744934711354512,0.5566731868061914,0.12591671312742625,0.09304702606159668,0.06645749647260252,0.6797749787125877,1.0,0.6039531832799654,0.3417919496888464,0.5207509061645814,0.7277342631759737,0.36657396208225895,0.09114723708505139,0.29933164744618007,0.30993730048042917,0.42596244389702004,0.33028994086518343,0.563778569748644,0.42137739922027784,0.25692307438226,0.4864230895360428,0.4771681420016582,0.38707520106269716,0.5199387980935719,0.46362809369897445,0.7347029767857826,0.4919903544637639,0.4823358925265611,0.5013426191037131,0.2779963030852723,0.4209949770673682,0.3270273131337906,0.33338966630736977,0.5407573985436263,0.35980112007388526,0.41958138602295975,0.4671124457301166,0.5071487249564136,0.38920273155977575,0.3158124675192523,0.3717900160449946,0.3534158535792697,0.7994702833981803,0.49308966066090376,0.5844919783552788,0.4965154493819147,0.4244718416003385,0.48305138146457305,0.4454892892695382,0.21580881362271437,0.2469789840904823,0.089437498992243,0.37889212920902254,0.008554479360138449,0.5218016545818757,0.7271428176384147,0.5352226585529477,0.1407628167722921,0.4048378091491212,0.36340020498816855,0.6026378495563905,0.8806997891879879,0.3867463494778877,0.3548604396662748,0.22121375752765618,0.7070160845336494,0.5505227784331166,0.6903348796963189,0.4386232859270601,0.7299208272572586,0.7510802195668812,0.4245108647095104,0.6279099955460024,0.3536557240515065,0.6856675185720797,0.3063951456061718,0.3815428907516702,0.2173015714257963,0.2665311403702074,0.7228433904767421,0.3064789563293241,0.63935746337362,0.3261008868017473,0.5199861980978593,0.4971496278035623,0.39594177229646776,0.49356501170678335,0.4024033526070654,0.5701070021022521,0.504578651622091,0.7165233014238999,0.7317863149642737,0.7800585676900772,0.6343212810545756,0.402685741206242,0.6170201561456303,0.598850458759829,0.6280481977104816,0.07326213356828107,0.4980185141307509,0.43382076901354133,0.540209302343441,0.1684603660141064,0.24803186091445042,0.5949852465744471,0.29086176441598177,0.7193134855642489,0.35252430127327117,0.7207386394511679,0.1276803614045864,0.20655203546651926,0.35273792504335555,0.7343987021385385,0.33090952166925425,0.7341032127691092,0.1263899398076424,0.28305957108922325,0.37888370120896103,0.5134402433686784,0.5497016411186743,0.7084960056126515,0.561428865674047,0.21704281587410656,0.5261948206889995,-0.006140879473386173,0.047616617041595526,0.6311222419988908,0.5282072777521624,0.09332762063002933,0.3506464972557053,0.3704469264365311,0.669380291010905,0.5075886500424346,0.754484312276552,0.4918219395029729,0.5255278919853665,0.6910187667348153,0.7293366792980887,0.5197265532590319,0.7413715702768613,0.46976624864038014,0.35065739680736724,0.5277860839144188,0.44067976322765723,0.8469057644392617,0.5076019175961095,0.41324350061622694,0.36502986806112764,0.43610680263707546,0.5731991054421879,0.22267411291042358,0.518923051571164,0.5278680517053581,0.7374698377775244,0.0662866410676201,0.12273506252693714,0.2774650040796045,0.6015901058779262,0.43873102318783636,0.29351260870304824,0.4881623432631456,0.47838759354946914,0.7403099945161624,0.6123398869273761
DIA,0.6757382103012696,0.6463886906340421,0.5742340501817614,0.6530239570812362,0.6841948540566213,0.6220757620935704,0.7242148880162114,0.6665196896255977,0.5793037081866538,0.9080210005528035,0.787628090435041,0.7413336919702438,0.6169980678551387,0.615791271773642,0.5809461267346733,0.221942655627219,0.16666989560620366,0.14387628155897625,0.6869244457318249,0.6039531832799654,1.0,0.6670689347536427,0.93242992003225,0.8420936849180597,0.5425652193428521,0.16627463429306824,0.40526057196355614,0.44797377680165434,0.5473334380629182,0.5482048013660615,0.7241517405778232,0.6906589661795058,0.35969430113899215,0.5435998142954992,0.576798069974258,0.5161834463218735,0.7304373666741485,0.567553137925513,0.8823188802006411,0.6914767181828261,0.6406125573286902,0.654200094743658,0.4248110118315528,0.6446822755930669,0.5967863202969346,0.46429054618886656,0.642527869599428,0.5718292196960841,0.6392505427727235,0.5905031711785693,0.5492620530346393,0.6612548504463643,0.4670932479766604,0.4371260685147677,0.5069110351622037,0.678162227356112,0.6773700473669149,0.8302376888278414,0.6867193939831934,0.5663498669093999,0.7042239582976328,0.8230850252987998,0.2886108090155424,0.3040660754027545,0.133499836494379,0.6062154664636568,0.07054082866780527,0.7483955871502345,0.8960459704472469,0.7748559719081276,0.18762097990508103,0.6445603379659665,0.4571507151741352,0.6392376586620655,0.6132919226750045,0.6020017590099267,0.47519305946658885,0.38844224165322366,0.6581770788164396,0.8868662018096358,0.7387839883939001,0.686256883592629,0.8341965570998345,0.8926164518558874,0.6941759150752986,0.8156032386778881,0.641765499143541,0.7696089430640953,0.4753855053977132,0.46846112299201315,0.32843693656602474,0.34934327076740707,0.8552761555330499,0.4264720614707387,0.8383628368194903,0.5118037212505496,0.8017902880693393,0.5503245475441669,0.5523971004824002,0.7815593472942914,0.5928830976142622,0.8820487572231934,0.5723879640622275,0.8049054866384575,0.7265450288345655,0.6685443304898788,0.705060904455475,0.6304887822491739,0.9091879709426418,0.7774053108674699,0.823781959056567,0.13808803026091857,0.6830712950465031,0.6673420047995081,0.7084566797424878,0.22474602937015162,0.3213982522501482,0.5574319525416187,0.40489130929360273,0.8832826102089626,0.7246827300811415,0.8780948600063285,0.1999049020083784,0.3160023841068257,0.41750563170719546,0.7234621336834239,0.4361647880841177,0.7723931844859543,0.19580809096288393,0.4374508010284054,0.4267364556257392,0.6708652199975301,0.8192920745483923,0.8130568212742205,0.8478051657809177,0.33695992296992583,0.7301395124874509,0.028668595226152567,0.12259062300523371,0.939240764722724,0.7393691899104105,0.15651738927624528,0.623937429193732,0.5989585850767641,0.8881847703165846,0.8592320094844055,0.8307497690551444,0.6426280983367727,0.6948314632757616,0.8716006523790921,0.8921708218836178,0.9179039819471524,0.7489703260370911,0.5992502233085696,0.4850695805673049,0.7180560059147748,0.7062204136158781,0.5634756814356663,0.6783190740776645,0.5510582260205801,0.6610234234879488,0.7717764516139184,0.6769636737336728,0.3999266825716237,0.8519662276865647,0.8547210813563639,0.6704746311252304,0.4518268535952721,0.4109882901202172,0.6451014188555745,0.7638990831362426,0.599179484697205,0.38949141859697434,0.7003813741138494,0.5729485784681191,0.7622069535118667,0.7874983235572025
DIV,0.5971725656024343,0.4033889205263772,0.4392878817352151,0.42627485200083987,0.4197897512343818,0.37510463371872216,0.5953243919935708,0.5836289343799032,0.3898307970328777,0.6615488815952467,0.7779701504610432,0.6647372970835405,0.4215909014550658,0.47114403893985485,0.3524477493005186,0.2546279233959795,0.21859016152472144,0.13155874596432357,0.40418994573727063,0.3417919496888464,0.6670689347536427,1.0,0.7012445225120656,0.5133872450214874,0.5044992998260854,0.22399554690583748,0.37711111612258286,0.400057958267957,0.35049481164781854,0.558844365092645,0.48407998419555875,0.6241388798733688,0.3174730529848197,0.3540115048670556,0.34731088034398616,0.41413713488851434,0.5650669031995523,0.3778785902067111,0.5605740255259287,0.6020000012847153,0.5066073433407685,0.4886423863895197,0.366803189338347,0.5330040658880031,0.5362322847896346,0.37128333055801543,0.40637368002733504,0.4916245861808035,0.5173381783777014,0.5026560291275519,0.30775078399821476,0.610918921281396,0.4020085449883665,0.23209187963892725,0.4018427584449088,0.36340447446657187,0.4951176967256838,0.7691244136718661,0.5849541233398361,0.4577616106441675,0.5926462483503927,0.7223064246512851,0.2281257544427817,0.2354591887685123,0.09625932577970459,0.6455353715680867,0.13144623556633586,0.5962781048013427,0.580226753135306,0.5440636258996334,0.2067646871976929,0.5168886478687822,0.39971137274539137,0.37694901968114025,0.2906285312611177,0.5175558952654966,0.31583797925531437,0.576562575552229,0.2741523866839801,0.6890179683514934,0.35917067492204363,0.49533769506333347,0.5134281082925181,0.6115732704440029,0.7057716118242681,0.6359171252725863,0.630262051650479,0.5540017665656519,0.3953043956297419,0.375857191070878,0.3366678305037997,0.3030398618431388,0.5002313488910279,0.6114028197355773,0.6851486966779328,0.5767590456333609,0.6205786451051224,0.45418039209226385,0.5532047488538815,0.6823027314171721,0.481840421716812,0.7626677549714744,0.4361799743956517,0.5624731867654034,0.35072548630697364,0.31235083980449946,0.37124098096623287,0.7409452241310416,0.7924853120398202,0.638967261290514,0.7002577978523591,0.21088720519175963,0.5798959042484063,0.7591694842407981,0.6025810176899888,0.13643341766838374,0.24741754878905722,0.23024338899043412,0.26843583746264327,0.559970596712005,0.9026952658160577,0.548349939412163,0.24661199913702375,0.3288185633240123,0.3961869559119855,0.43866298642427964,0.3111341445021233,0.3884070224933051,0.13206094243599575,0.25796176867068366,0.22527324045578187,0.5937020459250124,0.7127101047570218,0.6107774048383697,0.8020698827319849,0.3359972141107956,0.5611765039851192,0.10237268398413728,0.17838195309660257,0.7054504801396859,0.5906537583802278,0.20731197649852798,0.7777372178918917,0.6116684313801605,0.7390812026953415,0.8476832203039963,0.5595659781728732,0.4432194288568867,0.49879075388449734,0.5987150558881339,0.5902581301913841,0.8008410829052675,0.3614389870522011,0.43440713009824566,0.4408392578934219,0.5435551556645489,0.6341420456027308,0.36853575742652195,0.4678852998103488,0.4398836721855232,0.5845099237938114,0.6953245891400122,0.4656832189643984,0.5773702094985956,0.6734513289175509,0.6334125980868552,0.282006723164245,0.5682287031399678,0.586524194949151,0.543179699641197,0.4934166133665563,0.48100062409381344,0.5542997373581432,0.6382404850193768,0.36710403247602696,0.5146679966182132,0.5185214828124322
DIVO,0.6325330898694024,0.5637099196701373,0.4857391027859177,0.562142313191021,0.6100988412936225,0.5353396918973985,0.7106404432979966,0.6634383073299379,0.5221294186601005,0.856957275390379,0.7506101704210234,0.7520652763311501,0.5708569490417998,0.587384026481435,0.5117786054437871,0.18493613526168046,0.12658588518790737,0.09661746116832741,0.6020817991062203,0.5207509061645814,0.93242992003225,0.7012445225120656,1.0,0.7687711376337719,0.5402038317471366,0.1258688865657324,0.3804522473378962,0.4278929273493144,0.4891053021458945,0.569056562142785,0.6764562499108497,0.6930884357744003,0.3544984057611913,0.4743293501707471,0.5046002615835276,0.5111732280025728,0.7029503900867506,0.5072217867946551,0.8191765957694739,0.6972885365588605,0.6189774259133758,0.6253577366437202,0.4133564200343322,0.6340949442345966,0.5945103662271126,0.45413057175086075,0.579856933819131,0.5657574056241685,0.618785342526452,0.5902007078278649,0.4769237503919194,0.6869720862948663,0.4657937909722417,0.36357986531034975,0.47560526593329855,0.5873623318314629,0.6430642121197392,0.7734935148888432,0.6640573355196678,0.5445775159058569,0.6875543250655293,0.8533615259621015,0.3072476039348912,0.3196875654408412,0.15050272228640246,0.6552583041015939,0.03575500499311024,0.7297495697093199,0.838800333826298,0.7354621234562149,0.15407837110807615,0.5915345310453638,0.4176798504739495,0.5518945015696167,0.521295834372964,0.5979769405658405,0.4359002623490577,0.48748259329960497,0.5646108351473039,0.8830635382370554,0.6709788353609514,0.6192852379589726,0.7768970136152594,0.8414927049266591,0.6587036584294099,0.7673947935383777,0.6516384212892953,0.6934241680595119,0.45251886810935915,0.427429768237236,0.2849437823820732,0.3429319186013311,0.7908335067595487,0.4746516628100438,0.778534885634428,0.547619705870704,0.7536828550535953,0.48694491781926463,0.5195371772438553,0.7428206457177949,0.5886010908920289,0.8602213197252258,0.5023392952827668,0.7323209575150318,0.6418101783401556,0.5668329342883008,0.6526887831694439,0.5937052530181812,0.8784422535748729,0.7387485901356292,0.7534421524439172,0.11983217121613533,0.660902845329142,0.6761844291337068,0.6619301052803008,0.22629423030907334,0.3330810679651891,0.46933181379947186,0.3752877107465792,0.8231048558044665,0.7440563570915993,0.8167687969166472,0.16746550010650857,0.27350240106444024,0.3835240615995912,0.655463843938552,0.4181251002032378,0.69957379509842,0.17431538057113743,0.3943220531178018,0.39696335323019866,0.6261883630188181,0.838196380432382,0.7355577491064205,0.8049603809262402,0.2952620503202037,0.6975668056196404,-0.006594925767649753,0.09046959384136521,0.9196019854343542,0.7191630870781125,0.11425375042595518,0.6297284691629886,0.5889172672953773,0.8501990370135956,0.8555235193554265,0.7620862879554787,0.5912962520023342,0.6455451605089778,0.8161424614199448,0.8306288180789466,0.9168093207338684,0.6676384617597694,0.5556328525520077,0.4377978529903902,0.6812934276157652,0.71069488744124,0.47366334129515086,0.6465157882222843,0.48538090282587215,0.6016481952941839,0.7612638390080949,0.6388972704384067,0.4915308335403478,0.8398080289801165,0.8212141273099689,0.5798621585611081,0.5295980226902887,0.4612888704365133,0.6433047652434578,0.6907427626792799,0.5846758502922231,0.45615429647587014,0.6493120596024593,0.5076771640280433,0.6774765398782561,0.7572340164167505
DSI,0.6832318852936473,0.7696916679433363,0.6116721753798101,0.7758302531536581,0.820778347656091,0.7845005803775621,0.7256965382821357,0.6708641288149783,0.6903947157413576,0.9434787392105766,0.7039885948865815,0.7137396601718314,0.6590965757495792,0.6222947973490348,0.6829486174375793,0.20906430743155596,0.15760000404990807,0.1253317452232366,0.8569108794750732,0.7277342631759737,0.8420936849180597,0.5133872450214874,0.7687711376337719,1.0,0.56459546846429,0.15723196578154167,0.4355358973092091,0.4792011879616581,0.616577415844964,0.4764203486393275,0.7805611625947154,0.6406126413538591,0.3828586692451376,0.6079682289671793,0.6987061784737236,0.5369313826744868,0.739645463427489,0.6775025518298088,0.9821473204397154,0.6982960589851763,0.64801494030932,0.6704904769307628,0.43337530676769886,0.6253059966734829,0.5189641238576131,0.4818316548706158,0.7551158762681845,0.5443816422902481,0.624692526318689,0.6154208305745078,0.7052720102215475,0.5920674290914473,0.4819496570888943,0.5608695316301959,0.532535240216944,0.8327671810555897,0.7046026316570709,0.7766648811290124,0.7066185498763571,0.6257994978735762,0.7039275463241402,0.6421601164280077,0.30308372980350834,0.32864317064958576,0.14575427875735664,0.5601815003737499,0.04642077106449919,0.7448570832111797,0.9735886191807746,0.7765320571359774,0.1943063061862264,0.5840507944118383,0.5184596873146402,0.7439420135692862,0.7640820559844971,0.5528092981747644,0.4830498315589348,0.30066595236725335,0.9010595547785122,0.8055148184595948,0.9218984157191926,0.6327557366033868,0.9285085220157744,0.9340098375427834,0.5716269205173639,0.7773092958032499,0.43235729861446054,0.8338020780802446,0.45094422880531204,0.5345075398803343,0.32430708013048026,0.39359701092404453,0.9794694134142554,0.37730282061775966,0.8129404381674996,0.4574409538099242,0.7748574019086613,0.6297608226690488,0.5459708530726182,0.6893450259665335,0.6135926204931904,0.770797969537438,0.6866605663682482,0.8728478267078564,0.9472691062460955,0.8806956672360049,0.8511144651609923,0.5771273237278718,0.837775846340542,0.7841443526108909,0.8100467468547468,0.11966538273716198,0.6964776155824162,0.6311721742941282,0.732755648994101,0.2546844901306399,0.34942927263497714,0.8229341859101682,0.4189629759147985,0.9792905864235243,0.5572310452394176,0.9791712177290215,0.18371325999931845,0.3057844995601403,0.4733949794107626,0.8790715555554506,0.4772650306033452,0.952779309730226,0.22331561721881021,0.4315809925702384,0.511397314963607,0.6990431077732505,0.6854588341148388,0.8588507061083052,0.7634434643127526,0.3290561157160399,0.7554045971039358,0.014609175877152235,0.10487480976598239,0.8645825411728653,0.7208224859865373,0.15326200035332405,0.5315337278513947,0.5643335831773099,0.8662244251632609,0.7359554445591817,0.9046982560403645,0.7101558319848184,0.7544012843716108,0.9466300812061269,0.9762252548985878,0.7733447671419684,0.9569530766541342,0.6831449508196293,0.5077445345310458,0.7612108679763083,0.6679842352023829,0.645978310260846,0.6547333255896336,0.5386449697590368,0.5889797257690224,0.6842817797981867,0.7692073417956607,0.2973945725803239,0.6911071729242129,0.7862952596513274,0.9103033795490894,0.26103889715654677,0.3081330354080998,0.45446587735966987,0.8427990623015177,0.6045627198868052,0.34431369634807446,0.6410182590376381,0.6897261035596779,0.897786230647172,0.8435538292259371
DVYE,0.5565642193717585,0.4412227647274714,0.41255680570773634,0.45979374460167627,0.5212369839595253,0.4417245899333061,0.7574432678399633,0.7439522228301674,0.8170430638370862,0.5968105917294125,0.5208292294723883,0.6623510349491477,0.5806013656913156,0.4647426514855228,0.4380441486553444,0.26707127791651253,0.257798019223955,0.18570039059572038,0.5688371165774274,0.36657396208225895,0.5425652193428521,0.5044992998260854,0.5402038317471366,0.56459546846429,1.0,0.26184901154993584,0.668885191445713,0.6378276624856095,0.7702075188505851,0.6280028626333318,0.6934037615388591,0.7429615794474959,0.47156470299304015,0.43134844338755013,0.7129519587222871,0.646564002343195,0.7395674684324303,0.7977565735861034,0.5755239719651413,0.7520437114831496,0.648970168549277,0.6493484157421051,0.6828139272232071,0.6625759439689795,0.5689418349270454,0.5687080779134983,0.6476495419341396,0.6244800780753909,0.6580712543835189,0.6617073391877517,0.636218649641282,0.692193604037804,0.6039783759740089,0.5671793818454108,0.7126126373281332,0.4246325499064891,0.6882437866459157,0.5602376809476719,0.7482738221071081,0.904417734837726,0.7678149717104914,0.4243604732359056,0.48786338839641946,0.5044628120213102,0.3865526256799458,0.7388583281199029,0.17684298804134715,0.7375572749785736,0.5667516327268405,0.6239727673440276,0.265024530783482,0.4309484013763839,0.5788981999468787,0.5289628278322058,0.34594043581240763,0.3435048253372454,0.4676425991436464,0.40222861262861315,0.5221059263840474,0.5235852426476821,0.513928670268284,0.4486316121985124,0.5515284337729706,0.566664803921214,0.37319433031841576,0.4801294839832176,0.26647687772816075,0.5891769331692046,0.4435652215802427,0.6335278156754259,0.36021199539942816,0.6898017901216339,0.5569760172986842,0.326439051014048,0.5409271678387373,0.451831616038077,0.5120374048852226,0.5269808386299242,0.4616510157773863,0.4721816669366066,0.7818660928654807,0.5226329727268905,0.5426355396498376,0.5974290671106515,0.5184640028743263,0.5096440050576564,0.4932010385821896,0.499516975804637,0.5815312535683509,0.5399521537084324,0.5622138360240733,0.23897664366884272,0.7178163457577436,0.8117786917454108,0.5607763767577965,0.4515467816003019,0.5043078592418151,0.4808182765600844,0.39554780326282174,0.5743563414062457,0.48942939795478496,0.5656812838922672,0.2960619912535674,0.34820508341962875,0.5085429205043139,0.5335456505721837,0.5785920348687084,0.4936118266276912,0.19309431290415985,0.3416882654677812,0.4727090598592132,0.5482377080526354,0.4461196357891278,0.5654713045653331,0.5498074071553078,0.34833667604449564,0.7539812235999366,0.1606121100332922,0.1964584061277647,0.548700369654819,0.6772866962163532,0.26182343392977614,0.441188339985636,0.7091195148931615,0.5832946460854346,0.5573645491468672,0.5444263378210176,0.6997438769562756,0.7803636363026029,0.7013823809757325,0.5858123555335517,0.5607119295682008,0.5023079196670209,0.84528948098025,0.49413717835085935,0.8070574759997808,0.8184053511260704,0.3197598307241952,0.44849317470101624,0.39186593213174364,0.4291296453327297,0.6079862660605775,0.42382615132186136,0.327639271399074,0.4210673646520949,0.5131758193133991,0.490387535741808,0.26558026351239944,0.3132272382333601,0.313790770878982,0.48347399537384816,0.6005204172687828,0.31601735279504567,0.43837666384543555,0.7784305411224351,0.6477469150793086,0.5244979835971411
EAGG,0.5941351341316076,0.1583769151842597,0.24862694449211115,0.18407481251646193,0.15505578325061845,0.1341177584243795,0.2752430328564611,0.24532882117881347,0.22226504245192494,0.1404066642255336,0.1206693885483055,0.23309540968859851,0.21120696564484193,0.08505110829063398,0.11632156572895326,0.9465084501354498,0.9884340311573058,0.8141113275075164,0.17848650754284873,0.09114723708505139,0.16627463429306824,0.22399554690583748,0.1258688865657324,0.15723196578154167,0.26184901154993584,1.0,0.6266313238889442,0.21073946870792667,0.25189838493274,0.3796747379035849,0.2899004908056094,0.261402605216344,0.19238852296991113,0.15363566458112127,0.22510431483857596,0.2168471574351758,0.2883422125744113,0.22379117254294723,0.15936818177593495,0.3105879174973564,0.2619575841640993,0.2802578044811773,0.1489388344147031,0.21837246455829815,0.34807836454574015,0.2167510808531597,0.21083805518281373,0.2577280057846451,0.2625674287069996,0.24393212509418216,0.18834078798008783,0.26917766790616116,0.1954478498674115,0.20004338852597262,0.3053211347520858,0.1248043048960331,0.2495704291661838,0.20215615128099998,0.32424952780382493,0.2166339462189391,0.26721326058621964,0.17776004556514505,0.27780350978898327,0.27091054464877967,0.25863187680867816,0.11588301246540961,0.9240451961344479,0.28290980382145225,0.15532628463048423,0.09387168227558279,0.7150645617944283,0.24766305950665957,0.2820875867680369,0.15997426081736096,0.09614914916991239,0.2042262885842526,0.14786485038330446,-0.0916685348324859,0.11759055902203604,0.166636457636146,0.10828388994873195,0.13716724616781117,0.13123957903301345,0.18422312602989924,0.0678837476247612,0.13123048142495683,0.018891088272193126,0.1982828458647596,0.07770387260664989,0.16327892266540753,0.9406790347630756,0.11555611139945171,0.13966206661645844,-0.002477104701206704,0.23058043527344474,-0.07702841342935869,0.12871872339660667,0.19541108664184617,0.3979690757216424,0.2412406095274824,0.16496266710924046,0.13486808516231497,0.20140620116646615,0.18912630110453477,0.13346122838854055,0.10874870052354195,0.08338769176321649,0.37185278198679245,0.20755326230890142,0.10763029448171026,0.19601198993366423,0.8804906757612382,0.3203214555796668,0.2990472873174066,0.5140192002018547,0.1620300433042348,0.22542295008647334,0.07857221161431449,0.11757605609075233,0.15458817261852884,0.24299190848584992,0.16041377209179153,0.8724823556805901,0.9451999103162934,0.23139316182912817,0.14306331495765778,0.26711573363429275,0.13023132658693268,0.020685027425322407,0.08442457861806535,0.08332913292990217,0.5599079561693011,0.2114582454416179,0.20306090226064927,0.1858281911400701,0.9107791495868698,0.29117525440035386,0.9458775482858972,0.9449885650363463,0.1828276707950021,0.3131807503067843,0.9562465911937457,0.38518334112196095,0.40906940488031335,0.19792191902452802,0.20330754324525444,0.1696521695035697,0.2611102181445574,0.284290221363413,0.21548387446360448,0.16249596678330183,0.1607840870867638,0.13105384892092775,0.21618045211318962,0.7955698855670252,0.2811287377385339,0.2696626923799376,0.1226069548043918,0.1373888095775483,0.22352957114588407,0.34607531361574784,0.19205445531731777,0.15779930922864394,-0.11750765757069179,0.04896666508304877,0.13039354112422935,0.09584305289254541,0.1866074466481576,0.2773984038670421,0.19294451580057287,0.20055794220333995,0.10188975046181266,-0.13117118884639933,0.20119188695307902,0.22248606819267336,0.2330652840824242,0.07402061161063903
EBND,0.6518674731174934,0.3956217640527482,0.41157361843831175,0.4021959652490734,0.4134268505412794,0.37161632716124615,0.6877394858457485,0.6605327159612434,0.6464182791990782,0.4341087530058355,0.3628101179704379,0.5717059915704316,0.5099987580851267,0.3326826549369506,0.3722712706442003,0.5894605205102534,0.6298726640391183,0.5066821650513234,0.48617968697297037,0.29933164744618007,0.40526057196355614,0.37711111612258286,0.3804522473378962,0.4355358973092091,0.668885191445713,0.6266313238889442,1.0,0.5822736333641465,0.648058533791779,0.66533494930425,0.6527137686859615,0.6635991091565093,0.4423521240170849,0.3931995075640647,0.6229381329495821,0.5902610306798526,0.6828628067164313,0.6486989606882118,0.4372028315074392,0.6796344646215499,0.6177328290966455,0.664036211304115,0.46666294740304104,0.6174630430953734,0.6013279409654686,0.5277029946729495,0.5774887948058645,0.627219514923898,0.6464889185144247,0.5875527714841635,0.5312995415929626,0.6148839367240057,0.5687299236418499,0.5271124682940889,0.7034246809680276,0.36024888552435597,0.6515979241623865,0.4366405069605877,0.7162558424437838,0.6441743602819506,0.6774839639459993,0.33145953970150405,0.5336661338342762,0.5487320901907053,0.4409344223721701,0.5038359608971582,0.5417726204285608,0.679919951269762,0.4297001816967313,0.39829875562583356,0.5000388500416022,0.40117973215433117,0.5241849065676202,0.42294105830555284,0.2902149837053561,0.33316449469659776,0.41887289362237196,0.11868071696100074,0.4078070485230551,0.3793320137839204,0.37298969349772704,0.37855447404647397,0.41254830896246214,0.43826741169806827,0.2672618205664033,0.3602341250200037,0.1631838989448111,0.4757162832805723,0.3132085857057954,0.4639428786003006,0.6567005727561879,0.4504133177615004,0.4195569659253085,0.15758605506802864,0.45015560388167436,0.19199460879494212,0.37757135820410737,0.42770573813142126,0.4836454394758056,0.4043164156221508,0.5894054156849683,0.37275319089653436,0.43179749990516886,0.4765160411264806,0.4029225259266221,0.38725284963598783,0.331388944844346,0.4863263601690367,0.4464674292222002,0.3659087712986927,0.4401745661796981,0.5610422123892619,0.7003864575710038,0.6165838641495428,0.6165375051172259,0.41427582797923435,0.5170853751689931,0.3502518122682554,0.35728155103412856,0.43283166133183004,0.3811076595566214,0.43666310771835976,0.630878528772345,0.6553427541256581,0.44043877010245436,0.4096428302339519,0.5579550884682031,0.3875973442752809,0.1343343721753322,0.3101529983081773,0.38667172674412803,0.6411501481563533,0.3594811746995214,0.45628556283546584,0.4157855190370411,0.6192793784996486,0.6936957712626934,0.5703036752771669,0.5413845698861502,0.4167834086830341,0.6459305743200371,0.6253747241132994,0.43749312584635924,0.7025495408200371,0.4518535644958769,0.4200383593983582,0.43354712901424336,0.6220706101180958,0.698645301821145,0.5703184674602375,0.4459558369375754,0.3958472032997011,0.3965187421423356,0.6565708682293635,0.7291843475025934,0.7067361193228037,0.7004598322116025,0.281797474532924,0.3514828151224217,0.38061486179624626,0.43863684391909913,0.468863612636679,0.3537720697765261,0.05226274118281411,0.27721372498443714,0.37665120870047375,0.3647054628149634,0.24172315238255668,0.30154444982392614,0.2807253080873948,0.4076700359458194,0.42504635130106977,0.043541128556959574,0.37647584338805934,0.6373473643817239,0.5528470021862938,0.3435654154322945
ECH,0.46518121298074444,0.39186857577228185,0.4139769507375286,0.4236043934015222,0.4663239944316763,0.3934493939104797,0.6406927557163143,0.6285469904883291,0.6137871292333549,0.5155339411443814,0.4605429755993383,0.5513798499846725,0.4944355254591408,0.3888337310312518,0.37913439979546953,0.2113391937397698,0.20298337038461947,0.16964541042916972,0.49223848496219125,0.30993730048042917,0.44797377680165434,0.400057958267957,0.4278929273493144,0.4792011879616581,0.6378276624856095,0.21073946870792667,0.5822736333641465,1.0,0.5899019900133928,0.4944119056939802,0.5914101950247383,0.6157649965789833,0.35647946336583247,0.38310014967168743,0.5906424463115897,0.5233432402588729,0.6217295631470948,0.6134755015321086,0.48696675548446783,0.6044605489057477,0.5744973877766505,0.5778245572974202,0.4421168964083416,0.5753386180313983,0.4854544774537286,0.4714463871667782,0.5639456677527143,0.5594375024339725,0.5627890302918191,0.5366675454030538,0.5031131923775443,0.5561164991592238,0.5415737010181255,0.4839776044720457,0.5860976467137959,0.3819000445059073,0.5925872131025716,0.502033281842855,0.6342187426148578,0.6114586312972404,0.6293745274894138,0.35031751623582347,0.419861451369836,0.4458054489456731,0.3097679617897826,0.5581401554379358,0.13880780906109058,0.6215133724975175,0.48298818679938416,0.5225376915596777,0.2255952744338584,0.3930230424577413,0.523953730155889,0.4855929088944245,0.27439380458877394,0.30835459097421214,0.3813982122531274,0.22679520453515542,0.4437408091342735,0.41492643074392616,0.4314884808817608,0.42546203624129925,0.47857517331007193,0.467625210576745,0.3613033012582395,0.41789811430478646,0.23419631262789475,0.5274527059472639,0.33843239649561146,0.5957327687003714,0.2760165498363198,0.4406883728033055,0.4687318657419009,0.22621090203242097,0.45525986939013285,0.3375156305275034,0.4721624701478219,0.49586605550739843,0.41295326203737487,0.42156046101777045,0.6329076190846141,0.4464607016253186,0.5267940576742217,0.5341759584653532,0.4486891412108762,0.43146436548771205,0.3991915957655445,0.450009871973186,0.500719473868575,0.44498329151418814,0.5118984050395637,0.1825675935192336,0.6218515483800684,0.5986889256786225,0.47157407928679507,0.3678183836144364,0.464512584031792,0.4083368938579104,0.328489554351477,0.48421149392395546,0.4001192970069697,0.48237455000575746,0.2283197252045158,0.28028611881645576,0.4660162736789728,0.43662640393747376,0.42078041566094326,0.42783120042504663,0.15069100110587907,0.3219288533844298,0.4095809650342572,0.46534915172440383,0.3438402851751386,0.5129019358799168,0.4922154071360754,0.26247426582142214,0.6352319833971651,0.1283077677006915,0.15531706286385524,0.44947349968077577,0.5510482119159512,0.21556117927212934,0.36586700320460563,0.5600831430419891,0.5084896674986158,0.4825560960762587,0.4817219808271332,0.5797103692043296,0.6429223578790579,0.5856366583444285,0.5011915853253562,0.46041310170054617,0.4332719409275272,0.6226219962691764,0.42740629068357494,0.6554092994325905,0.6437552804058735,0.2615168583093371,0.41595751457999053,0.38134921736622596,0.41940269095575056,0.5213770109592111,0.3699327086318797,0.18300071319812253,0.37772463537995254,0.4624847511707992,0.4166429099928635,0.18110290874303744,0.24403830642100385,0.23694741920357387,0.44747550826715343,0.5248051530002799,0.1809458380252159,0.42242047725401355,0.602790383479648,0.5672253490370959,0.4141476108158993
EEMV,0.5211904146813227,0.48298289160055596,0.4627046137032375,0.5154469167668282,0.5933345304872092,0.5015403775241192,0.7652854748582394,0.7388240982187756,0.9343937380736037,0.6144624423902227,0.45474681521596344,0.603288114386291,0.6501413941100469,0.4360568829454384,0.4980050335314449,0.2461587564972645,0.25417513897846733,0.23509080849885672,0.6708756079119085,0.42596244389702004,0.5473334380629182,0.35049481164781854,0.4891053021458945,0.616577415844964,0.7702075188505851,0.25189838493274,0.648058533791779,0.5899019900133928,1.0,0.5929790026930959,0.7720320854763411,0.7112034930637292,0.43384398676045005,0.499608212185531,0.9091872308853828,0.5842036458182726,0.7665954701239931,0.9351556031158811,0.6173661826268455,0.7003752821951342,0.6760843703607663,0.6747326072176,0.6250495628841001,0.6471581775454299,0.5872980873155296,0.584060747312776,0.716656122981379,0.6224896447133594,0.6650653100105337,0.6467662023213746,0.8052975019379405,0.6502264541410094,0.5581663464318337,0.8106471502075193,0.7139444932128529,0.46492366551473435,0.7157933166961307,0.5404550671233446,0.7793440335355363,0.8618804880797,0.7873255472345327,0.35647226013651034,0.5231961418600766,0.5380046552661487,0.40257000227990347,0.5941927295370729,0.1813489349633064,0.7436934638037905,0.6023080541884996,0.6507891415580102,0.2567988832791567,0.4558961641359292,0.619093349553043,0.6803221583090607,0.38517009782053646,0.31428394604350646,0.5872187486197826,0.18271401170744997,0.6687190587163954,0.4908487059591893,0.5973913799386603,0.485125108496963,0.6476427394192894,0.6180209209178702,0.31163567797176606,0.4582611471682576,0.1734351613523068,0.6571264803106981,0.4990897528329427,0.6335312087630258,0.3393793431409241,0.6343396894209671,0.6095761837628236,0.15771621843415662,0.5144609269132947,0.3342337102078594,0.540300135816026,0.5616835782652466,0.40875578882862856,0.4454098262075843,0.7360075532029448,0.4716692328769209,0.5959141219024021,0.6611332072542663,0.62281943319278,0.6318458038905803,0.5595763889954979,0.4393996900914274,0.5540714686871313,0.5184886527922996,0.5966661305024274,0.20561177221728724,0.7416796036254358,0.642108124455226,0.5321610893796825,0.44612266600900635,0.521896513619441,0.6145491769721004,0.48811336857198884,0.6139438017570468,0.3632648835718653,0.6107214772354003,0.2904576524861497,0.3265272580836821,0.5258212343857833,0.6142601743678818,0.6279333801837711,0.5494234174932059,0.23117684852951012,0.4828111416320886,0.5189302200590291,0.513456538739008,0.4085269944400865,0.6189791609879896,0.5064105322743115,0.3181913305365236,0.8165400511293255,0.17628788461182388,0.17695960311642012,0.549808483823658,0.6915282051995418,0.2582557709475486,0.3570831674431795,0.6899202817214337,0.583021051342874,0.489467219246231,0.6123440011825999,0.8307392580077422,0.8824854425893002,0.7553662779325155,0.6225107248160242,0.5348301761436256,0.5742047683054761,0.9012850020562413,0.48136372050363113,0.8713937975853167,0.7721658373488166,0.31061436972819617,0.5088885582110176,0.4343841244788805,0.4536034047199009,0.5552258365193691,0.40922913913729225,0.1305341838196805,0.36575158027472787,0.5540163184084068,0.6157748817311365,0.16792463412545192,0.2376725861179815,0.28695968168184943,0.4995268965102159,0.5802871958214316,0.12574453317658535,0.40996809844946935,0.9294721766372586,0.7209843675341963,0.5268761575853544
EFAV,0.5727741069216661,0.3739497208849709,0.38318248925922094,0.3679401154114528,0.3879584467451974,0.33946202996586794,0.8426157336339134,0.7724522989587251,0.5674698432174713,0.5140100346508737,0.4606053276089314,0.6755358339598047,0.6763937461125762,0.4038709715813932,0.33586875331182214,0.3692999249432315,0.38679984663789024,0.30198000448821033,0.4937526917449708,0.33028994086518343,0.5482048013660615,0.558844365092645,0.569056562142785,0.4764203486393275,0.6280028626333318,0.3796747379035849,0.66533494930425,0.4944119056939802,0.5929790026930959,1.0,0.7805825099849476,0.8792724959388534,0.4119404010798223,0.39710775326441516,0.530766634088112,0.6052824660441224,0.8507234537841433,0.5589476852232357,0.49629334256925167,0.7590288556665029,0.7266374745598183,0.7752595610318735,0.4757129354355839,0.7753046317303318,0.8365546336217836,0.509942257845626,0.6166218501415544,0.7635581700842085,0.786753822060017,0.6919456571734136,0.4505391991383541,0.8491284498071082,0.5263240167630865,0.41485135180037874,0.6074007011465736,0.3351166998909371,0.7695176675265137,0.5166610989388749,0.8248868101550032,0.607217621276338,0.8307668174976515,0.5949846473111785,0.45661561814666396,0.4605653263056387,0.3558557656778623,0.5982574996348203,0.314166040934308,0.8534141659172949,0.5061982539005623,0.6563311688912369,0.35546544492448295,0.5010969990325386,0.4784708647056602,0.3659642222278951,0.28863988914571415,0.4671876233788041,0.4499373532699945,0.3076304177599106,0.3543016742484041,0.5813219048897055,0.39103287302658674,0.39130776732830064,0.467230882780994,0.5436879211924418,0.36619975688034073,0.4332592866756778,0.44084092556849175,0.4748859131666511,0.375948016008343,0.4087575309430385,0.4558850087840317,0.4134687114931278,0.4678559118786133,0.28443683356204913,0.5429730922792998,0.3010777764033885,0.44616235359881157,0.35908676429833786,0.4600633370149073,0.5332568446978625,0.5661525042529368,0.5128541164386622,0.3611052197090803,0.499265403448031,0.3829660348101865,0.33877481315984714,0.385981325292811,0.5299629419288059,0.5900793562344243,0.4834586798807672,0.4905810486704865,0.3320936576477105,0.8261486036189328,0.6824256467530629,0.5758365087990898,0.3222440537605394,0.4260989987974679,0.28695853895860307,0.35482782353145603,0.4941978961598769,0.5677166937053536,0.4972924094646612,0.4319128065846969,0.4513772305116869,0.3860824711526379,0.4026227753517653,0.4892740683936045,0.4066655485289257,0.13770471079172114,0.32088574206016046,0.34014881676003006,0.5749762163620581,0.6122919625297992,0.48458343901386575,0.5255760161434054,0.42533305154043377,0.8217948661244319,0.3152232012817254,0.3030751375935613,0.5828462823264192,0.8709586814191945,0.3858103120148049,0.566742086469928,0.8007368121113276,0.5671935335232888,0.5979314962984523,0.4761969596581048,0.6970263248449878,0.7596840132106306,0.6441838685004827,0.5077423707956356,0.5928283401741884,0.38706934878848814,0.5948079252793602,0.5449769782928399,0.7876160106783471,0.8630376031974153,0.2841167132651735,0.4244608928936477,0.4316749070751022,0.4830571835438951,0.5803751038168735,0.42114598947991816,0.2299984706107765,0.45625115190125376,0.4980295521234192,0.3192595479350672,0.5023663281783539,0.4346431746537182,0.5176947344075103,0.4330135246784734,0.410375055769681,0.1810370760319943,0.42440521116618385,0.5466852185777701,0.5666504515419566,0.459605215561223
EFG,0.6744086055065647,0.6237332910046911,0.5808205514531698,0.6399619955862055,0.7047474151637518,0.6162929555603908,0.9419959555370682,0.8658226712420937,0.8065479861445547,0.7856638149458661,0.6119750947186154,0.7542345478990207,0.83083463037749,0.5564356651821976,0.5931943575569849,0.30799090420069847,0.2897129331981011,0.257670646287347,0.8249192163808536,0.563778569748644,0.7241517405778232,0.48407998419555875,0.6764562499108497,0.7805611625947154,0.6934037615388591,0.2899004908056094,0.6527137686859615,0.5914101950247383,0.7720320854763411,0.7805825099849476,1.0,0.8768444105818715,0.43034419978391114,0.593075224657637,0.7987671037502058,0.6693500152253244,0.9706907823155408,0.7991373165060882,0.7903195421028163,0.8304478826798809,0.8564380601360388,0.8897430238014163,0.5546716665743212,0.8326743205536662,0.791259204094293,0.5509786356172766,0.8986082853220537,0.769972158552786,0.8778573861444826,0.7314687325323447,0.7445585749294642,0.8236979152459472,0.5954009723208363,0.6653150310651484,0.6897395023831696,0.623522169036449,0.9279001108856946,0.6978562434017136,0.9088777261337712,0.7500175649179399,0.9166486712802976,0.569254838445975,0.48322687969103567,0.5032637651790645,0.33148386483806375,0.6470923212551656,0.1936551132016863,0.9531127956513707,0.7857173692147288,0.8795145097655555,0.29914881259565396,0.5881944311141081,0.617987464085541,0.6929727564303763,0.5351702102095097,0.511027000348316,0.5421279747185459,0.24475326860060598,0.751285667202982,0.6977944759979691,0.7411702312972508,0.6100102267642227,0.7950647939304996,0.7895544634643842,0.4548939201019271,0.6320974082871152,0.3571333867077761,0.7663684301994321,0.4422098546018375,0.6008083350980075,0.4152227871121605,0.5087316673565485,0.774710153868792,0.2613443419744701,0.6991620456503698,0.38739522680572297,0.7012753221763852,0.6100647483574303,0.5379154679016275,0.6438589955950513,0.7391218515658956,0.66138252233534,0.6472460631345643,0.7895274046502353,0.7517082579705557,0.7328277179608613,0.6935999821572739,0.5612843483114383,0.7409103537211155,0.6819139974385777,0.7292094472818661,0.21814913024542562,0.910236206578389,0.7060602723241544,0.6991094768268775,0.38996167586299646,0.4970768471430228,0.7003830046599323,0.44933366656340873,0.7871952034762815,0.5092517896855823,0.7878795351857758,0.32358379312212876,0.4019390405070688,0.5301599755474509,0.731616963891401,0.5703820449749946,0.7246203930145276,0.220116895042341,0.44222576147519577,0.5305493153875214,0.6808900539081649,0.5910084985535071,0.7632425271753609,0.6791339078767236,0.40078365168268376,0.9663734271705,0.17604611170289441,0.22012272875895608,0.7408410061096444,0.9296138611507041,0.29017229329939476,0.5132429799922361,0.7683825026711338,0.761278587538601,0.6668331126316982,0.773726175600007,0.8873003228602419,0.9454919724478484,0.9024551986915393,0.7962325098382234,0.6983038743899425,0.7333689010569701,0.794697736280424,0.579250276610123,0.9527993648533345,0.8780833054228008,0.4562003859187804,0.628397258161614,0.5303539592983912,0.602865843192767,0.6913335867964308,0.5957330559201677,0.19452367388203987,0.5572923738700528,0.7245593506765625,0.7137794859671169,0.2848474847150812,0.32010899349099686,0.46773215437894106,0.6800158235517053,0.6228834079505073,0.20317935538336349,0.5642407203698002,0.8006098544704118,0.8561690747916727,0.6904994881531457
EFV,0.6477901654567869,0.49609838983498844,0.4770141823323163,0.5079738073315476,0.5643800349281004,0.47478431900823537,0.9670764482190282,0.9182118885539341,0.7308095524525267,0.7086713399589055,0.6407424292103991,0.7816436650011648,0.8012155313694774,0.5505092067903379,0.4660190625868078,0.27968812650538616,0.26184510706338493,0.18810063426247925,0.6672597696294965,0.42137739922027784,0.6906589661795058,0.6241388798733688,0.6930884357744003,0.6406126413538591,0.7429615794474959,0.261402605216344,0.6635991091565093,0.6157649965789833,0.7112034930637292,0.8792724959388534,0.8768444105818715,1.0,0.4561351947338456,0.49399175458083583,0.6934684921182565,0.7101479675930416,0.9597487575657795,0.7160201712494304,0.6685718321022477,0.855390344003078,0.8370949965877484,0.8799768854309828,0.5685087458907678,0.9001016426813879,0.8097768052433678,0.5548967591818204,0.7660466782763541,0.8655080076961403,0.8814307457581636,0.7457206516196913,0.6190164709063563,0.9089969186049309,0.6149384678266728,0.5499805103847524,0.7021205744044637,0.46576017893540955,0.8952957096500863,0.6807902250608141,0.9224505893275764,0.7484501342375681,0.966103383102591,0.6097319619402498,0.480455813559694,0.49527802506104357,0.33542995798036446,0.7678825128382574,0.17050477303551165,0.9617600702945723,0.6709128609372328,0.8362548314235893,0.271342459805872,0.5445685085156822,0.5833127499670002,0.5513500107772704,0.3766450674649505,0.47963129548580263,0.5175074080838988,0.4335859896927858,0.5390405827528322,0.6754551187116985,0.5654507070399618,0.5698186815554672,0.6465898984566473,0.6804472144905996,0.5243095407508842,0.609198835968274,0.4719085818976112,0.6495489828656534,0.45772239768403605,0.5724093753817998,0.3866160822893079,0.5142954326739798,0.6395773523170065,0.37120507661866753,0.6512994264883967,0.49026300398380523,0.6368474519511255,0.5335186652415108,0.5628159984282609,0.6170466106720202,0.7689966625667236,0.6732949868286399,0.5439794834520336,0.6642270383766704,0.5544915337280784,0.5192790040016739,0.5510176724541468,0.6152693415622428,0.7254512337673469,0.6566517415428103,0.6689114003331306,0.22197336405045978,0.9252800098516356,0.7957728906282937,0.6682753671184358,0.39089167622303544,0.4910752140194389,0.48176624784658195,0.432650624055356,0.6689442219806189,0.6304131921659919,0.6622379808705515,0.3129357379996003,0.37675014571503085,0.5008241960637669,0.5664533225092853,0.5559792667337567,0.560457780118091,0.19037039208843054,0.4077405099817196,0.4664337052288241,0.6499466599586923,0.599521478746315,0.6533837560633918,0.6878501364126536,0.3706658327266114,0.9457730418555422,0.1495571338943912,0.19263440618964264,0.6981614388906381,0.9051120604723749,0.2623948217642319,0.567703775717986,0.8209470242787151,0.7128845569466367,0.7142314822426751,0.6398592433637847,0.8345190780476002,0.8922168046580509,0.8133909161772613,0.6829708279416262,0.7229852291065596,0.5526363699586816,0.7488607302904414,0.5490558364063471,0.9242093377536678,0.9804211948633288,0.35247427305994367,0.5545660923011962,0.47885384338656106,0.5688456532216773,0.7188803319203558,0.5133869604729241,0.36062832762520824,0.605437751227594,0.6658774472774422,0.5024983905690235,0.38766190473375434,0.3894728275240647,0.4780436249227444,0.5752594210626016,0.6047227534657258,0.3247367231345078,0.5419249641194294,0.7095722105836452,0.7186285066254882,0.6228586639004632
EIDO,0.3746038330008454,0.32455845200634126,0.30936611978466233,0.3294299818494273,0.33211578570872513,0.32457512264768423,0.46683300086922436,0.45891777456252253,0.4253211795280959,0.38646049939019106,0.30916578933906164,0.4079402798714251,0.38329566420463423,0.3069022253114507,0.29644052971923596,0.18961350500251486,0.19437239904222103,0.12292314909529735,0.37686001132086266,0.25692307438226,0.35969430113899215,0.3174730529848197,0.3544984057611913,0.3828586692451376,0.47156470299304015,0.19238852296991113,0.4423521240170849,0.35647946336583247,0.43384398676045005,0.4119404010798223,0.43034419978391114,0.4561351947338456,1.0,0.25497482098555135,0.4314664360264037,0.3698737297361523,0.45875795746623355,0.4212006016188602,0.39220318081516037,0.4659852602527026,0.41582631740044257,0.41098400720585104,0.3128934259471537,0.42431048008652017,0.3806658114500275,0.43455862727094247,0.39200120168370484,0.39059733640162336,0.39961617689255774,0.45109053079102285,0.37446449450573077,0.4055688555392874,0.33457981134461073,0.3263896906580429,0.42127099432420884,0.31287302457409677,0.41858895136291396,0.3548471180624415,0.46950186581035397,0.43814509594713424,0.4628295393245351,0.3050153631991461,0.2812531674034493,0.301845005742124,0.18460322181572683,0.37798114145057754,0.13265510300945862,0.46425098567438594,0.38680253659360475,0.3750476668039157,0.1525087025232919,0.3046994149131061,0.30766937175261805,0.3158374242577442,0.2672821944777233,0.29094837614670005,0.33615840639712985,0.17285520511296723,0.3272268360119464,0.38378194148736766,0.34812198467397537,0.30759800521283515,0.35333311121803557,0.37855443897508706,0.24186893134950194,0.32737472301923093,0.18426527798998257,0.3561723475465388,0.30758671061447107,0.3265291189352403,0.25358458534725853,0.26196397349605505,0.3789346186754213,0.16946357222650554,0.3964984252115311,0.2348946601617836,0.3203094505104227,0.2881485866284284,0.3195631876495503,0.34111757795592756,0.41914626907548164,0.3463015592382727,0.30644197867890577,0.37178744347485077,0.34223704534853483,0.2989150735764159,0.33586454425833384,0.3043377207444719,0.3831361398857439,0.3521242196894969,0.3546817259863936,0.16055860579387096,0.4601714952851684,0.43483513894755915,0.3710990163733705,0.2428361204398299,0.29180983875062744,0.2739695831825285,0.26075064241078094,0.3916430171779267,0.328746793896426,0.389512407331677,0.23372865215115038,0.25061894184630046,0.2596854216939564,0.3410445465362478,0.4526002916425803,0.3492634077890047,0.19490645041797097,0.2975804304493128,0.24898740903027913,0.3625693470666884,0.31089233209291395,0.36945647300466883,0.3496367547804113,0.239617001519088,0.4643986896505833,0.14245818992554263,0.1383596237636732,0.37286562623128516,0.4555634926339894,0.18835645940788476,0.34323344546454715,0.45868008751816813,0.3826158485611983,0.3579767077705122,0.367591444628965,0.4276985697821019,0.4573043977944167,0.4454339114846014,0.39416515703725274,0.34909909346599644,0.35665533901513824,0.44535670563330576,0.34028921917008326,0.47373192840440026,0.4821910204636497,0.2367931443917917,0.2850476768801013,0.2928686443977435,0.2891762701784153,0.3800364611364662,0.33387655412331274,0.1424614502725375,0.2843887697601341,0.33501645077182063,0.31338031867396104,0.20715526540557008,0.21010480141817608,0.2397135882563057,0.3472359933411611,0.30910207786837196,0.14408340080968635,0.28063174976783345,0.42341085271832685,0.3938256967721196,0.3612530632080511
EIS,0.47172486432217514,0.5533818023840914,0.4564174980532666,0.54487758572278,0.5711273598974098,0.5436198312378747,0.5610546184581838,0.5494025308451462,0.528646413308242,0.6129470338972484,0.48687707988288176,0.48556117784282943,0.4794276842657538,0.39884494538378273,0.5029709728382458,0.1787805806464559,0.15498958377927363,0.15417418828024884,0.5956879396379977,0.4864230895360428,0.5435998142954992,0.3540115048670556,0.4743293501707471,0.6079682289671793,0.43134844338755013,0.15363566458112127,0.3931995075640647,0.38310014967168743,0.499608212185531,0.39710775326441516,0.593075224657637,0.49399175458083583,0.25497482098555135,1.0,0.5388041866590009,0.40567514078416683,0.5649915767099261,0.5156459101340932,0.6208222196394528,0.49874369778519484,0.5166712936921228,0.5389115331387218,0.34598128472261686,0.4863889996980024,0.4029619754763312,0.35797901373034346,0.564390165910766,0.44975105462984805,0.4870718164832287,0.4342136635227767,0.5117202944257253,0.43551209566013416,0.37226216141473717,0.45614237500152677,0.4178159477401877,0.5350310547236299,0.548518029892024,0.5536311819373955,0.5668391085668826,0.46245721429630676,0.5310820073226389,0.37116002033654893,0.2387071928407352,0.2614642038062954,0.1442733547008778,0.3886514806828225,0.09681506160034538,0.5507815564486426,0.6138922498634998,0.5419619095315059,0.18869751576498475,0.40996849016276626,0.4555969884442343,0.56795467834283,0.4641601198507539,0.3587400458510793,0.3494088222577196,0.12760544010282412,0.5828087798935708,0.4856410552876416,0.5920008594616317,0.4673329215042323,0.6130069659219858,0.5942631377687763,0.4129361416024487,0.5250699712585216,0.2623315817217865,0.6309830262349634,0.3807334565980718,0.39798175780031847,0.2536440138635661,0.2854677121337249,0.6119569095173112,0.19830543946438423,0.5148012273689636,0.2508040062597955,0.5285368967508595,0.493569605892655,0.3851286008021377,0.4499438868373307,0.468056292747126,0.49653174295882274,0.5185203533834521,0.6270519227052989,0.606702159335859,0.581727920321836,0.5285443276491391,0.41199613734832347,0.5477476853759335,0.526723498594774,0.5863970350242279,0.11997635090924051,0.57780434374347,0.4811721712314563,0.4905816015597067,0.2082053226491437,0.2676259193032975,0.5378402474419186,0.3034188472897407,0.6137240791728598,0.3748878047895968,0.6195968485598261,0.16829182721491798,0.23772954167777705,0.4326267345920907,0.55893148747446,0.32682249986896056,0.5917907043153753,0.19493098827295285,0.3650096091919834,0.3655597489716648,0.4770674281297525,0.3956814589576391,0.6127150983415,0.5260965138128871,0.24804081955413249,0.5789965924322801,0.0743672632875697,0.11454571861355671,0.539510462506091,0.5138302776885194,0.1528749323131538,0.358793853453613,0.4897326147735577,0.5734344967607594,0.4867329868703128,0.5972251604094508,0.5364795482712904,0.5777259927701685,0.641877736656407,0.6243206099551493,0.4911743375950847,0.5985181857038105,0.504446150673789,0.39673508214668723,0.5781986377726737,0.5060259037256745,0.43601673791992657,0.48481656774272747,0.40055660152577915,0.4293181611124534,0.46291615680067655,0.48919430269797265,0.1126358099541708,0.4462969830623544,0.5294502327011942,0.5762558157881067,0.12597142059059604,0.1828989603153104,0.2809042863128484,0.5395772255712048,0.4603192590207084,0.15110706016086425,0.4556915018530269,0.5230622825633975,0.6415805384392664,0.5064523007802071
EMXC,0.5555187927029079,0.5366770060870109,0.4970456355961725,0.5771056535065336,0.6721004764732842,0.5644209919742387,0.7696238021292621,0.7426258996280187,0.9425882687155483,0.6912405587167042,0.5132714297580775,0.6268408194889621,0.6988414787219253,0.46640759274650423,0.5703805117171132,0.23482857187334977,0.2268083280327093,0.21521627324848897,0.7472263396193846,0.4771681420016582,0.576798069974258,0.34731088034398616,0.5046002615835276,0.6987061784737236,0.7129519587222871,0.22510431483857596,0.6229381329495821,0.5906424463115897,0.9091872308853828,0.530766634088112,0.7987671037502058,0.6934684921182565,0.4314664360264037,0.5388041866590009,1.0,0.5946397424144944,0.7753332303278564,0.9346219015238502,0.6940397091037849,0.7054964762416591,0.6691533950776235,0.6801979235064868,0.49604092940380906,0.6441120852365154,0.5406174140093272,0.551260278011389,0.7695708936585397,0.6077854756201648,0.651668202197412,0.6274046296192121,0.9010794738864477,0.6206901366830682,0.5659665803659328,0.9026661295606453,0.6968190517229188,0.5238607234803139,0.7257331767801035,0.5924351890950386,0.7779326868559224,0.7961099503625828,0.8070684800056895,0.3403360990822613,0.5018772700451781,0.5238434319055658,0.37981252292918977,0.5993451990294941,0.1443743577189752,0.748740548772108,0.6740170327263955,0.691219999417779,0.2234943679589161,0.4557755582879852,0.6390432952240477,0.7416257491698627,0.44056346897017823,0.3022229150609067,0.5986359639350776,0.21286056843277015,0.788025473056407,0.5158798778247489,0.6937180436157051,0.518494932788911,0.7406342665503017,0.6753841489441793,0.35238342132613276,0.5082995402574612,0.15283156144342405,0.7163189459456308,0.45987232883479556,0.5961270867511032,0.32720825988368524,0.46934322872941814,0.6887439843991208,0.19402333597981805,0.5307484276655003,0.3877441533716961,0.6209499614382147,0.6163179178173206,0.4570362614398447,0.4727089647563738,0.7407107000937501,0.5029261878829085,0.6680844494833384,0.711749838696499,0.7193003472185994,0.7279090245517125,0.6412038139069139,0.4481696386736948,0.5855361275938114,0.5885193561670855,0.6611569444570662,0.18016085852746702,0.7380785236709752,0.6084261455651617,0.5623403718872451,0.4335618041525746,0.5167007270043915,0.746892418876685,0.511687074376258,0.6901802123421807,0.34833036113437993,0.6851662880963317,0.255872967018897,0.31360862888785535,0.532745608729318,0.7127340899812864,0.6031923472493818,0.6318966444446079,0.23923972627171425,0.4672136740393676,0.5763215317064183,0.5433893393667866,0.39495697751043496,0.6890026373207386,0.5527428894269751,0.31331665154959376,0.8379717677104626,0.13508808083524323,0.16070769274998886,0.5832532374061669,0.6834365130947472,0.22986020570339055,0.3405830009742559,0.6292729809865719,0.6326572110959332,0.5105734501516247,0.6845101418683257,0.8798890363932413,0.8900205176108986,0.8069553678374387,0.6976924618613412,0.5607756963943287,0.6646297847839082,0.8601228053951259,0.4806906468617305,0.8757839562143649,0.7416612749818983,0.3385012455984363,0.5611664889461406,0.4471464122420207,0.4820085359417742,0.5621415562723203,0.44271715072697404,0.1700235951128114,0.383247396903513,0.6155752416897635,0.7280072027787126,0.09713028333637595,0.22886928007753066,0.24290136444038407,0.5497966650858958,0.6302077142946464,0.18049798074949047,0.4492139847304155,0.938762675928412,0.7694123572042929,0.5865382172307771
EPOL,0.5263938290836649,0.43827265478031896,0.38760449455660223,0.43809097003675174,0.48740325033897147,0.4284652374975978,0.7233810582298509,0.6873164600404547,0.6205144416284262,0.5711172904751104,0.4899809067031684,0.5996134763354475,0.5442865891681414,0.4578024462267681,0.41372060310415704,0.24081612602713548,0.22075222364688213,0.16110498523006725,0.5374058948496834,0.38707520106269716,0.5161834463218735,0.41413713488851434,0.5111732280025728,0.5369313826744868,0.646564002343195,0.2168471574351758,0.5902610306798526,0.5233432402588729,0.5842036458182726,0.6052824660441224,0.6693500152253244,0.7101479675930416,0.3698737297361523,0.40567514078416683,0.5946397424144944,1.0,0.7109517138285985,0.6102437769191665,0.5557914869659942,0.6561285703459545,0.655103456704656,0.704374263515096,0.4479085246001898,0.7036398311595324,0.5554541830595489,0.45886741089254174,0.6369135774903901,0.6684995935806664,0.6747204566124605,0.5848997533890584,0.5039182182701043,0.6547365813748662,0.5138332403374593,0.46416658519787724,0.6017968146091005,0.4327680698152972,0.7098882538217194,0.5321487773000576,0.707250603619128,0.6295029062134955,0.7119163689207161,0.4266074483125112,0.4155502734383277,0.4335076349005068,0.29556441637259623,0.5928272305408309,0.1429795965602303,0.7154645115786336,0.5530113789244202,0.5999337874234962,0.21254103344640332,0.4005848145841294,0.4807397011615613,0.4677095654584359,0.3656616970054801,0.35214261138860403,0.4415444095483901,0.29837677906073923,0.48657056512201413,0.502135182983278,0.4865403896817277,0.43581655440725586,0.5403436450323312,0.5495159186623296,0.39680274395060683,0.4895717990742425,0.3138994103213172,0.5454269610303478,0.4109910779461131,0.4642711528916431,0.32642978381454807,0.44196945204080307,0.5384075324790978,0.2966811092057694,0.5155345843107566,0.3650164145847817,0.5020031804255015,0.4592438564280011,0.4385341298667341,0.46737145069130587,0.6197038235522533,0.5080502598647906,0.4671054664767476,0.5618353653304011,0.49738407319151723,0.48504964107526793,0.469895128292789,0.4610201151861514,0.5540582349117396,0.5211474594423002,0.5345341783806352,0.17350443095781,0.6937493579150296,0.6126954512068917,0.5419069948131554,0.3395778729291789,0.4264468664052904,0.44018003823460145,0.3602923450422502,0.5551905296436027,0.4417620793978549,0.5511479438566231,0.2603353329656528,0.31204490408274516,0.41262157584173254,0.4897457922720438,0.48243028243863845,0.49266974259088797,0.2006936759322497,0.3527759974797112,0.37823797550606925,0.5207127902663558,0.4385496500932107,0.5419993430430543,0.5303123047395969,0.31361378257997796,0.7127845796921631,0.13249472996243314,0.16969861299955308,0.5416366309452852,0.6548008739930845,0.22326233668443732,0.39160135008595637,0.5910046525806074,0.5576692714432507,0.5285924437629074,0.5294608470612028,0.6090927045234555,0.6880439805979573,0.6521467159426375,0.5655052792907644,0.526276063442696,0.49613614864424876,0.6347512586429848,0.4505245857884023,0.7165419894573589,0.7287688300483597,0.33379792789017293,0.4475043839580228,0.3751696989230358,0.41387418075984,0.5522273164041841,0.42618264397058736,0.24051237600314504,0.45087654729929616,0.5111195292779861,0.46602543580578015,0.24088785757453482,0.2551335703494824,0.31557128807595936,0.4805987712416694,0.49921720783799167,0.22685452544981088,0.4519573687296841,0.6079297180543374,0.5941144855567784,0.49777125010299905
ESGD,0.6860736516853805,0.5854053994329921,0.5509593670421032,0.5992334014007501,0.6607566691342712,0.5705244744337586,0.983439091207545,0.9185209564797856,0.7976612213037805,0.7740053374276951,0.6433068704589701,0.7912378964685722,0.8467784143022049,0.5665192474809393,0.5528326189238608,0.3076695522683836,0.2888032298756727,0.23643323166219743,0.7774887058934803,0.5199387980935719,0.7304373666741485,0.5650669031995523,0.7029503900867506,0.739645463427489,0.7395674684324303,0.2883422125744113,0.6828628067164313,0.6217295631470948,0.7665954701239931,0.8507234537841433,0.9706907823155408,0.9597487575657795,0.45875795746623355,0.5649915767099261,0.7753332303278564,0.7109517138285985,1.0,0.786507323939283,0.7584871657622421,0.8670043644563263,0.8722642935502604,0.9132686957963426,0.5798856076520006,0.8878493339326365,0.8206587508084232,0.5655803953055836,0.8660967045127447,0.8376128712833806,0.9044328276174064,0.7601136451936746,0.7070374913997582,0.8857349905741018,0.6271901702293923,0.6327707437325738,0.7197438524057898,0.5718794726892976,0.9406763659200272,0.7099213453208851,0.9446224749589336,0.7743690426294946,0.9689538289122666,0.6046539481920807,0.4957756490919831,0.5140853135811336,0.34440372979144446,0.7238537793554086,0.19204618700517742,0.986333750382041,0.756965761243208,0.8840373282522516,0.29511858714958794,0.585610029388199,0.6234064675579187,0.6474181458042815,0.48195201884852185,0.50754021030153,0.5493366494243868,0.34492345065672275,0.6766958366222919,0.7088857094186642,0.6823055269230459,0.6082757927921176,0.7509086218263326,0.7636993780616373,0.4994947065457561,0.6401527220318841,0.4237650979788335,0.7355596590236455,0.4639899449999041,0.6047511792498821,0.4179203264413247,0.5281930002877405,0.7360236399376731,0.3254349154561737,0.6986225260535457,0.45154601094784563,0.6926575947349024,0.5946004769859289,0.5678040236662465,0.6504836941011805,0.7738252413999307,0.6876525676462314,0.6210669731456736,0.7557523218675141,0.6840485341291652,0.6568858494426795,0.6469016762030192,0.6019199937204899,0.756472858209491,0.6915756528888495,0.7224747373610545,0.22937911052306284,0.9469968914851766,0.7716353353251831,0.7081156576850621,0.40258622395911503,0.5091004049432911,0.6195014508591913,0.4579151450647055,0.7567892882189431,0.5808841619370351,0.7535316139612115,0.32940605276206847,0.40632588864901753,0.5361023209672325,0.6784670756288045,0.5829621761729638,0.6708265645159454,0.21721411518780295,0.4435755327248987,0.519630046211215,0.6893979419872542,0.6145571991316701,0.736196585247959,0.7027695659363364,0.40284475244381857,0.9872185586490573,0.17125294037540667,0.21753103593871975,0.7441151843488192,0.9485105074446669,0.28928717555329664,0.5555189460893182,0.818448965831806,0.7631966616081766,0.7102652876471235,0.7361919322663978,0.8926382206129181,0.9507476290382123,0.8892471508708565,0.7682155563734481,0.7315008822393959,0.6722596360902081,0.7992152965113394,0.5856914282526231,0.9697311079987139,0.9543192270338727,0.42616806689867476,0.6113082926803334,0.523195466974529,0.6045251742909687,0.7233609029889657,0.5757540845111601,0.28349593442309245,0.5962873874771899,0.7186897528901443,0.6383457582916944,0.3392805972091788,0.3637714703681603,0.4850627559151157,0.6522345844558425,0.6325028740469453,0.2703436668127222,0.5682623525421819,0.7843336937227084,0.8197632998333281,0.6790848166421198
ESGE,0.5526257941857957,0.5378319687512831,0.5019977640136364,0.5749142834557777,0.6553725578815722,0.5607724446315996,0.7825942054096879,0.7522491513251499,0.9854007330941311,0.673093514147536,0.508975014543486,0.6428947516236376,0.6701616643023344,0.4778062608988889,0.5577144353400668,0.22875779039674837,0.22320098379441894,0.20025395520480838,0.7322847803836806,0.46362809369897445,0.567553137925513,0.3778785902067111,0.5072217867946551,0.6775025518298088,0.7977565735861034,0.22379117254294723,0.6486989606882118,0.6134755015321086,0.9351556031158811,0.5589476852232357,0.7991373165060882,0.7160201712494304,0.4212006016188602,0.5156459101340932,0.9346219015238502,0.6102437769191665,0.786507323939283,1.0,0.6745164733719147,0.7241328093458768,0.690406903453953,0.690137245641589,0.6921741708489924,0.6587639251012732,0.5567186502378356,0.5696609681922868,0.7824936973461664,0.6142012995175923,0.6791519492221907,0.6652746076931101,0.8498111397937359,0.6520850696607856,0.5984125429885501,0.8405963151895476,0.7469922733378257,0.5281590027201719,0.7446945039622779,0.5881582055835167,0.7935318464945115,0.9168320633552567,0.8089199284837002,0.35237378242348677,0.5038197696244358,0.5230543112177213,0.3757355774525463,0.6401480859556686,0.13896135588920794,0.7613242182346927,0.6557768908482023,0.6911790296869283,0.23353777750535215,0.46478090317209836,0.6432898554304504,0.721164222593945,0.43190922747447513,0.3186740908283328,0.5375636505107264,0.24243533594373134,0.7406050388585089,0.5151369716309744,0.6630036123392332,0.5158493910434108,0.6983368764045501,0.6588569866788774,0.34907203553689,0.5004058145867344,0.16288185772903013,0.7160250221299411,0.4612687092144631,0.6924327707452421,0.32528813134818646,0.7390725735776316,0.6666848695783413,0.21342216173470654,0.5507526979014599,0.3899667516891154,0.5932425512882086,0.6319411899000554,0.4508948476620199,0.4769850174268226,0.7739440944929379,0.5064730654055685,0.6627453530039824,0.7198406322975823,0.6897451136566429,0.7036843661962341,0.6154053523805151,0.4687682012506903,0.5899383801349455,0.5747064498042488,0.6415952687412286,0.174727364017932,0.7521436025247099,0.6827490353014457,0.5654630993780421,0.4380488722248838,0.5206951203553317,0.7030697388153295,0.4440938791277751,0.6709152712883398,0.3774589885910909,0.6655932390546881,0.2539584903110475,0.3107457773550125,0.5704564392230735,0.6838089409291956,0.6220751804648094,0.6131800324331186,0.22299464332565347,0.4246255342141586,0.5573490189885129,0.5474544666182821,0.39766160758703634,0.6721472758977317,0.5523126406353851,0.3099244356443839,0.8364972505602312,0.13016881063188038,0.15392796928569097,0.5760801234375411,0.7007367379592306,0.22922878899399904,0.36475230661256824,0.6890448542977882,0.6274743717446529,0.517982841702755,0.6672055711883164,0.8513911274845264,0.9098995202582253,0.8051647984339705,0.6799582448940478,0.5539209400093695,0.642241013313239,0.9621392176664617,0.4864561197817428,0.9027962642823654,0.7822774874380497,0.3581187434445632,0.5257102781491806,0.4461076183974267,0.475154336580883,0.583976279952665,0.45512791877968806,0.19184953814153796,0.3846641876722735,0.5886468896071405,0.6858231400629713,0.12947935477097497,0.22665952222820718,0.2579167731669407,0.5491349910831089,0.6229963776462343,0.20531470259813503,0.4529477726563119,0.9882095527726156,0.7860836396066504,0.5745195557794792
ESGU,0.7096168214658782,0.7819633016435642,0.6274172403808305,0.7840366895009908,0.816570965336271,0.7868706006870294,0.7463784224766372,0.6924173246530566,0.6879307793035683,0.971262375933483,0.739214951962127,0.7422173825329981,0.6717812064003765,0.6485790178240238,0.6860810273549262,0.21511044616696948,0.16003463587566624,0.1239628278315126,0.847041051115592,0.7347029767857826,0.8823188802006411,0.5605740255259287,0.8191765957694739,0.9821473204397154,0.5755239719651413,0.15936818177593495,0.4372028315074392,0.48696675548446783,0.6173661826268455,0.49629334256925167,0.7903195421028163,0.6685718321022477,0.39220318081516037,0.6208222196394528,0.6940397091037849,0.5557914869659942,0.7584871657622421,0.6745164733719147,1.0,0.7214305408704574,0.6684406478398682,0.6847659127218131,0.44297722677090323,0.6462543991379509,0.5389465162311572,0.48864460468720433,0.755420640010984,0.5661902932220093,0.6394895680962829,0.641754018334856,0.6926932691876608,0.6168886592622685,0.489880864524854,0.553749364200677,0.5370892897426961,0.8489932698624265,0.7177265873911299,0.8069938470653577,0.7220490871285592,0.6319122575619195,0.7248979687208745,0.6909143134037499,0.3069725336290119,0.3315983432685013,0.14339188332737696,0.5944697504355017,0.046549065598166385,0.7661866780669471,0.9942661154160535,0.8024450544170807,0.19188292725061964,0.6128796856150028,0.529354533616715,0.7506502208905612,0.7595745607223119,0.5837481510376372,0.49526299316318106,0.3500421306600254,0.8843758226554064,0.8468906888134371,0.9239210045495247,0.6564310517099438,0.9472737462106368,0.9586283952072739,0.6071134326416799,0.8031381413005824,0.48529509843334123,0.8514712097019574,0.4758909406796139,0.5370094118839551,0.3337965900935687,0.3957743193410514,0.9918371239426634,0.4134364502001001,0.8358145399457528,0.4919825881901661,0.7978577678904237,0.6410962305084507,0.5654068202905704,0.7219938160718189,0.6254856943429812,0.8193705962900061,0.6925729889285208,0.8919596791740129,0.9432098174434739,0.8739868315149262,0.8568811594222014,0.6094124115138387,0.8760448613347649,0.8152498888068355,0.8373095730640908,0.12522982693196913,0.7121941767215679,0.6587730024010888,0.7592085029229286,0.25841242655425584,0.3528752899309582,0.7952332395116956,0.427170805572984,0.9968447915915744,0.6047590341349605,0.9944194921220709,0.19263871525691517,0.31709566855482707,0.487364100180712,0.8825941534630077,0.4813634853641163,0.9554937931999569,0.22051201364790618,0.450329675544051,0.5041232705348091,0.7215687108571985,0.7294187215685514,0.8828650288105334,0.7999248627049371,0.33979961035939343,0.7721360240455135,0.012110545968397375,0.10712796819816935,0.9081605561474256,0.7396955830969976,0.15394574596896946,0.5649429869216581,0.5827687605713066,0.9006256508864777,0.7817919087720075,0.9260743196994394,0.7191636809660695,0.7616647730529749,0.963348084949031,0.9956677451769418,0.8229055188748137,0.9545552876454526,0.6849147741030561,0.5210643555008596,0.774060622634111,0.6942479491458409,0.6558516729844079,0.6785537721310607,0.5599411764267412,0.6095876101899071,0.7144165236720585,0.7896834272344105,0.3495774214517967,0.7412587963980776,0.8205788948842494,0.8959940460095348,0.2981327469998603,0.34459987265610187,0.49896730974359194,0.8579860198378783,0.6223215155658136,0.3885957242144922,0.6730589742683944,0.6866385320182357,0.9043330531569675,0.8673475564906714
EWA,0.6766636180162783,0.5773280047406968,0.5207495549387997,0.5849317797331048,0.6266464835150891,0.5649932753303959,0.8787576577656401,0.8326857949329421,0.7356760979471046,0.7455739915820869,0.6468391988666458,0.8249910817400423,0.6892832766965821,0.5525785697303577,0.542507018387367,0.3186166504728675,0.31081510070830254,0.24306505075271742,0.6788396154531682,0.4919903544637639,0.6914767181828261,0.6020000012847153,0.6972885365588605,0.6982960589851763,0.7520437114831496,0.3105879174973564,0.6796344646215499,0.6044605489057477,0.7003752821951342,0.7590288556665029,0.8304478826798809,0.855390344003078,0.4659852602527026,0.49874369778519484,0.7054964762416591,0.6561285703459545,0.8670043644563263,0.7241328093458768,0.7214305408704574,1.0,0.7588427003889576,0.7649426494641198,0.5595175553708128,0.7618954490615799,0.7007531741322982,0.5771359742390133,0.7245737912959016,0.7170060820338628,0.7639695690176199,0.7434996601422884,0.6373241495062566,0.8133745208423623,0.5968409130127874,0.5688270199503784,0.6952380504275638,0.5535983341821509,0.7888566725331589,0.6949935351363148,0.8495670811016967,0.7508257385403534,0.8619741970092304,0.5901921229995534,0.519820753457182,0.5393328884098668,0.3584351025065691,0.7622158173935975,0.21095658867714293,0.875930697295569,0.7213392857695039,0.7395863314092538,0.2841925843438986,0.5426294689110689,0.581569848977478,0.6104462371414986,0.47380614512032304,0.4812210274237165,0.4972983002256805,0.42304519870928414,0.6090133340690932,0.6855209023079285,0.6307999865642621,0.5564472725250048,0.700811300851202,0.7178974163457444,0.5145669911189513,0.6340415094814037,0.4194094802252917,0.7001261270113559,0.46213549010938615,0.5944129453864526,0.4243447710761087,0.5079467550060197,0.6974683825047999,0.3824326355955947,0.66300611731741,0.4909056458994167,0.6561777313553584,0.5728919566981605,0.5646544179940531,0.6249840014531801,0.7769582492024761,0.6741791165873143,0.5907473880120737,0.7089823335354221,0.6285988702689703,0.5933599513503852,0.6018631120889525,0.604003912844579,0.7347147052271876,0.6737367644305609,0.6981519043305796,0.2667174876311219,0.8406458519064695,0.7879710231316386,0.695428628162005,0.40970783190054816,0.5166499906364413,0.544863007632514,0.4145239875168591,0.7197337489865389,0.6074024760030488,0.7171283324888121,0.34639029676332594,0.41276922013863876,0.509934088434644,0.6390071627011958,0.5815328958049915,0.631037513396104,0.19100157508793073,0.4043343543600296,0.5188756288545416,0.6807038969645683,0.6040441550782292,0.7086303580754677,0.6923359000882447,0.4057481900377655,0.8742678030492532,0.2027892422815605,0.23531755458581846,0.7149880029073131,0.8330420748497592,0.31381369018369054,0.5889656513387898,0.7846696871470259,0.7426428098949414,0.7098849524611972,0.7007699664333774,0.7964000777155793,0.8425480881868954,0.8263800775982549,0.734495559456391,0.7117513940527936,0.6304469442872416,0.7465426962218963,0.5785604876664333,0.8702794843159415,0.8873995561728709,0.4331518179156877,0.5814713598803993,0.49203969424989374,0.5577467394818217,0.7117737984741116,0.5589595882116082,0.3643847836442983,0.5911691444849411,0.6717995985443538,0.5831317244102817,0.353614602761843,0.4047114012185979,0.4438331360743834,0.6154513827879616,0.6564641081881049,0.35014673993542333,0.5586719378956966,0.716498901800154,0.7476196538055561,0.6500949100840303
EWD,0.6142759073612607,0.5558681131385079,0.5151234024417902,0.5589249661932987,0.6046935887902503,0.5413224899188835,0.8712944224607326,0.8207018110377321,0.6956192265825357,0.6869315974191166,0.583154563463718,0.7197954898528144,0.6632961567925442,0.5011592189629835,0.5061028529674443,0.26392871035672877,0.2583107184353738,0.21857636771044686,0.6853395172313751,0.4823358925265611,0.6406125573286902,0.5066073433407685,0.6189774259133758,0.64801494030932,0.648970168549277,0.2619575841640993,0.6177328290966455,0.5744973877766505,0.6760843703607663,0.7266374745598183,0.8564380601360388,0.8370949965877484,0.41582631740044257,0.5166712936921228,0.6691533950776235,0.655103456704656,0.8722642935502604,0.690406903453953,0.6684406478398682,0.7588427003889576,1.0,0.8517152914982158,0.5221523998016013,0.8003724851449776,0.7349662801882441,0.5149147679448249,0.788482020070888,0.7514028527854755,0.8265683258375005,0.6666488939454467,0.6175981920606135,0.775126759172149,0.5677362683128303,0.5297520542535495,0.6624576906017303,0.5521642761620293,0.860478240444839,0.6530666996499646,0.8434176698171302,0.6850912100350406,0.8385623583492038,0.5295964324371244,0.44898026169722854,0.46400814760848674,0.3006207856584106,0.6484302894238051,0.16760870845737555,0.8634098790059481,0.6683937106684966,0.755522470047259,0.2868851520215959,0.5126150644029648,0.5786721926724938,0.579645845725587,0.46126014760626477,0.46536594236781614,0.5005670490623738,0.27053655577430497,0.5857147265748281,0.6188551052377003,0.582854088453053,0.5554120071875622,0.658147025962175,0.6826648787191707,0.45984135439885127,0.5882943118103092,0.36954694063475146,0.6779743592099823,0.42604217052321586,0.5513941220499892,0.3653326551346381,0.4823628004600615,0.6419297106037164,0.26809540996207476,0.6490387270323141,0.36792323137968236,0.6335577201801996,0.5652686421417658,0.5204931138003056,0.6113995110791439,0.6998288989400371,0.6238126999696885,0.5799481219406551,0.6938656007056908,0.6018804615885813,0.5892865025004295,0.5422800368728737,0.5647997406705785,0.6867252931036907,0.594894222052962,0.6598774967273136,0.20053603022830294,0.859894178557233,0.6970577876075319,0.6330458112722737,0.36196665501165565,0.4640294505938584,0.5357218458599539,0.4068687476224974,0.6615321261910703,0.5381711545811786,0.6641028531461615,0.2989672576084633,0.3529990708094719,0.5131499910809687,0.6098681878595739,0.5079336312758795,0.597591520138116,0.18039334328548257,0.3797956474787004,0.45555529293091734,0.6261047239247371,0.5311495107675307,0.6780989646153741,0.6427855861343261,0.3444255747097169,0.8646770974052125,0.1658144020168033,0.18722081564415735,0.657462297251104,0.826576728082811,0.26302155030371044,0.524512812071397,0.7518935262701824,0.6975677132909718,0.6437843222792236,0.6753805629944777,0.7271195322582465,0.834164256847564,0.7849114728416874,0.6784801189033253,0.6356981781567894,0.5966160176816783,0.7126842425038322,0.5279493850718652,0.8507797008885968,0.8321110097162608,0.4335739929992316,0.5402707190738737,0.4718196283152088,0.577527018810029,0.6636890933246562,0.5431094007062515,0.2131815753180554,0.5336387871485505,0.648321434732176,0.5554247721066098,0.2811116115035183,0.30934256478075944,0.3968738564916012,0.5992351000654329,0.5783223566323233,0.20889745649837546,0.5477264172452277,0.6904570317781645,0.7492269544788688,0.5727889051847775
EWG,0.6319147665163893,0.5616342321815868,0.48667990068831124,0.5536790369887439,0.6003186096045915,0.5420781606687637,0.895857793240353,0.8185563617333068,0.6983971522774384,0.6870475005785783,0.5589967840710842,0.6957237368478075,0.681948269841948,0.5346191392661755,0.5103268091811131,0.30339157470957384,0.28140649535447204,0.2188459937902567,0.6947184465433713,0.5013426191037131,0.654200094743658,0.4886423863895197,0.6253577366437202,0.6704904769307628,0.6493484157421051,0.2802578044811773,0.664036211304115,0.5778245572974202,0.6747326072176,0.7752595610318735,0.8897430238014163,0.8799768854309828,0.41098400720585104,0.5389115331387218,0.6801979235064868,0.704374263515096,0.9132686957963426,0.690137245641589,0.6847659127218131,0.7649426494641198,0.8517152914982158,1.0,0.5001463091235645,0.8889561310845048,0.7630947588804272,0.5001227615583003,0.8137446789887802,0.8354332539781156,0.8938857159927891,0.6841088516173425,0.62565293323936,0.80349077908513,0.5751759250738955,0.5478212796343181,0.6640697788048461,0.5541364595505178,0.9463639079664846,0.6316656520676771,0.8517655204295088,0.6739749657607847,0.8701390950786645,0.5464972688504584,0.4377383043485589,0.4595067619039657,0.2888787318014325,0.6111061603196537,0.19199132001252506,0.9087333426011681,0.6827583138287351,0.7989304314378235,0.2920171105508223,0.48880511748085337,0.5523878734143907,0.5759571549206001,0.4902135247942227,0.4835867432208243,0.4973722954802753,0.2323100102400715,0.6080387171429875,0.6325000885276788,0.6081507861741009,0.5805107348823647,0.6641637528319434,0.6923099693785588,0.44685583907877996,0.5936289602622142,0.4033171396022809,0.6630628225416292,0.417944106545775,0.5289818525343275,0.4029528702555234,0.4614170137785753,0.6637605130043398,0.26719147212434113,0.6521653534059256,0.3344252801362597,0.6039067915096628,0.5274203481070162,0.5243477867973543,0.5939133042760789,0.6715634434399526,0.6131738752846614,0.5455672405702345,0.6820835227238935,0.6198709657691581,0.5979953997688049,0.5755004729448518,0.5475276671630985,0.6805464845056985,0.6176144871703951,0.6378062318650385,0.22164077102231697,0.8607967332341758,0.6801703923940237,0.6546980226910957,0.3513275743213013,0.4570076452244236,0.5405362826764866,0.41385428205916397,0.681060977200384,0.5185710575602609,0.6821157386278116,0.3225941336675211,0.39074376964088325,0.4774174587650738,0.6094924705833487,0.5276386483326982,0.6196607414192641,0.19593545323500708,0.4075950012866027,0.43843206423818354,0.6384255312550867,0.5554736224078276,0.6612806367557956,0.6251953805646907,0.3897236631550879,0.895281480860814,0.17329242823154734,0.22029301636909948,0.6617565697170782,0.8578999510125386,0.28053266425177525,0.49775896724418917,0.7295137329072583,0.6836759806925936,0.6280144709637467,0.6686807604352666,0.7431956849203708,0.855667664867213,0.7991861219460287,0.6919574569734137,0.6292283641856884,0.6210020329183316,0.7070635896586387,0.5488931755376941,0.872980030435334,0.8635968322401375,0.44704044852323765,0.5424053434393397,0.4391098917919381,0.549088940974798,0.6495204965037814,0.5400583751637651,0.17391451617163994,0.5425555895187831,0.6293262350511409,0.5745998436957811,0.3121734161773218,0.30859629558236257,0.4122909648694367,0.6098537391753851,0.5416252265259679,0.16032089049316556,0.533471664683826,0.6904679005387965,0.7522280300742098,0.6096088025729338
EWH,0.3754493121826128,0.35389559371823726,0.3457562977329712,0.3711128894068255,0.41161401183313945,0.3472228823440625,0.5849355995151255,0.5508351356129229,0.677197046211693,0.4582960348049423,0.3853409326237105,0.50017792556474,0.4142607121451792,0.30080672019193955,0.3433571072184376,0.14733931873097408,0.14537543274712056,0.11182598404639103,0.4661663537905683,0.2779963030852723,0.4248110118315528,0.366803189338347,0.4133564200343322,0.43337530676769886,0.6828139272232071,0.1489388344147031,0.46666294740304104,0.4421168964083416,0.6250495628841001,0.4757129354355839,0.5546716665743212,0.5685087458907678,0.3128934259471537,0.34598128472261686,0.49604092940380906,0.4479085246001898,0.5798856076520006,0.6921741708489924,0.44297722677090323,0.5595175553708128,0.5221523998016013,0.5001463091235645,1.0,0.49894640089881453,0.4386327730864266,0.42998788817707084,0.5431238178287874,0.4550814251907447,0.525402918139382,0.5316083218159172,0.4496433776267809,0.5384787479083695,0.479651033490259,0.42461731227734595,0.5779018584894103,0.3522975698083296,0.5473724369482178,0.4356943549984489,0.5819156746415066,0.7789207789795154,0.5778318449425369,0.3303701943296484,0.3522987300285711,0.36402670366399176,0.2591436831832068,0.5536579424198664,0.09824885644509965,0.5645138502835638,0.4380783857535239,0.5041261998597729,0.16703672331223435,0.36422654872126575,0.45915380248127535,0.4440494866037321,0.2572476290659603,0.2831777520515167,0.270961224135394,0.2745474926060192,0.3895085451385322,0.40473737793250275,0.3962597114428618,0.3599340923885064,0.4115544669996563,0.43725162443476334,0.2646322019690998,0.36758033709760324,0.1714642840233213,0.4866045042664655,0.3034059873641741,0.5955298292979588,0.22030150164830117,0.8255067103363013,0.4276301392898713,0.21701840641100154,0.44676307211842675,0.30366947177246795,0.4073273989739659,0.45044487620803,0.3243935959730788,0.3772675259387862,0.6067883531318962,0.402083853644238,0.44737955674555957,0.5066902953255671,0.399835214310125,0.40364515131708295,0.3742322812512686,0.3861481805411204,0.45463277711406996,0.4025041560809734,0.43301275390876126,0.11265557257665804,0.5589965375076043,0.627594777920315,0.38726583743125453,0.33530402295692213,0.3831570764291603,0.37565169931547165,0.2089595582694026,0.4399141724437063,0.3716609793601291,0.4347333600800659,0.18296907760009898,0.21163671590418312,0.457945403029339,0.4152828918268061,0.4649364376356515,0.3827357588855957,0.14368379275766152,0.2409680720954914,0.3447105514520213,0.38095880428962353,0.3249515474763526,0.445321807509155,0.4259306714243128,0.20388355858535032,0.5828812171070574,0.08268298950137412,0.09275459464537204,0.4272347253418269,0.5412111599450695,0.15702891138905015,0.33875846487707695,0.6229882985906309,0.45559858416200605,0.42464434927086897,0.4392728738603521,0.533442512918945,0.6306841667038705,0.553410654945921,0.4495711507597257,0.42980607303475155,0.38774642001149984,0.7447712485398131,0.3483680686659301,0.6493873256863624,0.6273578538659074,0.26117951903952563,0.3326439349006425,0.3160769812466823,0.35080150829155665,0.485589761178816,0.3405469196423506,0.22220036467116805,0.3127690457933378,0.406335648839149,0.3675642534324928,0.19709986676956068,0.21214894533194467,0.25768447459109506,0.3945229392196445,0.44399591667589955,0.22183837157309858,0.3483376717379221,0.6720101873496983,0.5490501971709226,0.3858754628705293
EWI,0.6209682881467947,0.5114267209235321,0.4477458534725784,0.5098177142186405,0.5577677493800016,0.4928634974984698,0.8868240482583309,0.8165627773936027,0.669610806803438,0.6717178375704206,0.5775474077797528,0.7006104942570174,0.6568284481614027,0.5528193527275796,0.47573129178901047,0.2432567316737032,0.2174010058069519,0.1433804963122946,0.6380315582855538,0.4209949770673682,0.6446822755930669,0.5330040658880031,0.6340949442345966,0.6253059966734829,0.6625759439689795,0.21837246455829815,0.6174630430953734,0.5753386180313983,0.6471581775454299,0.7753046317303318,0.8326743205536662,0.9001016426813879,0.42431048008652017,0.4863889996980024,0.6441120852365154,0.7036398311595324,0.8878493339326365,0.6587639251012732,0.6462543991379509,0.7618954490615799,0.8003724851449776,0.8889561310845048,0.49894640089881453,1.0,0.7407877468914333,0.4912902266359055,0.7646642162797027,0.8824457919778217,0.8918346638690272,0.6838075620800216,0.5738040306586586,0.8126410579462067,0.5584286107576025,0.5170823836777968,0.6450735895650263,0.4746711161965441,0.9129305817024705,0.6270636916162137,0.828119578264714,0.6654992192627589,0.8698086674453632,0.5507971224265639,0.42435679772430435,0.44530048587323073,0.27771452636928456,0.6513591282161242,0.13150990955939365,0.8940820707216213,0.6470637777966833,0.7829054859019406,0.267410806610473,0.47557042991629006,0.5492261175624809,0.5250179494912514,0.3926496703329742,0.4524016253548674,0.4694362940139434,0.3340455705583426,0.5398939608423682,0.6231012324780957,0.5571058689116253,0.5666445123773315,0.6234727892686913,0.6452663644577055,0.4765055426268259,0.5838879487586075,0.43776876815557536,0.6258059995907502,0.4161764213345222,0.5112564782887244,0.3453847103573467,0.45695458210734535,0.6251356391268472,0.29744232236679774,0.6125485059158619,0.4131345543393324,0.593965371837149,0.5006164225412695,0.5147091736936227,0.5700678988328209,0.667942776816885,0.6189092456455562,0.5184050724018529,0.6334167261574866,0.55438120415458,0.5139636163123492,0.5391791462306793,0.5688400657025728,0.6696044494124245,0.6221554595064063,0.6228011412989208,0.17406296844514493,0.8349093162090754,0.7126275154592527,0.6428962472206384,0.34208228440223154,0.43448018721896886,0.4774290544405647,0.40006535470509785,0.6473560970828593,0.5482046081358073,0.6423693269925598,0.27064980838095404,0.33527665038379645,0.46649823369570437,0.5437572472560646,0.5119806841958725,0.5626042216202347,0.17934609952935945,0.4048874499758266,0.42215957307761615,0.6206441001371459,0.5361147603587246,0.6223917253396367,0.6308037258956485,0.3330000027663655,0.8732243993945981,0.10528419258391461,0.1592392059615413,0.6446902686799977,0.8152120654952104,0.21655351905460246,0.5038681921506185,0.7211292336538766,0.6668411954833503,0.6412368802046873,0.6225706086861179,0.7180973934467451,0.8207280410568636,0.7678683021278246,0.6577196228941377,0.6459786702584497,0.562242545861256,0.6816838031942936,0.5128972777514725,0.8495768246610982,0.8824903341987612,0.3573696609735124,0.5399612063463832,0.4323093910988167,0.5296524563668398,0.6483000426246903,0.5016499842411639,0.2687072229270653,0.5750850377299466,0.6268263712611992,0.5054752572077881,0.31532615726847263,0.3294253054707338,0.40371792941781653,0.574375308968153,0.5298857095869407,0.24671067809934955,0.5164890318239324,0.6569863565843077,0.6842186975978327,0.5987354071356827
EWL,0.5766180317827118,0.3915722630112282,0.44734592637131576,0.40862465054320257,0.4317466426065683,0.35916812558031275,0.7954013287742598,0.7087833755192628,0.5632737008322241,0.5538826329310773,0.47334942133653135,0.633029590185487,0.5652743671798086,0.412896993880725,0.3614031846656502,0.35761623425655453,0.35635041003567347,0.30948067571025467,0.5250332368203452,0.3270273131337906,0.5967863202969346,0.5362322847896346,0.5945103662271126,0.5189641238576131,0.5689418349270454,0.34807836454574015,0.6013279409654686,0.4854544774537286,0.5872980873155296,0.8365546336217836,0.791259204094293,0.8097768052433678,0.3806658114500275,0.4029619754763312,0.5406174140093272,0.5554541830595489,0.8206587508084232,0.5567186502378356,0.5389465162311572,0.7007531741322982,0.7349662801882441,0.7630947588804272,0.4386327730864266,0.7407877468914333,1.0,0.4735387875513315,0.6554075067302598,0.7120669769113664,0.7996046524029184,0.6160768656972085,0.47896824604305716,0.7992020433817445,0.4984178296437177,0.43498461344022366,0.5700658854163664,0.3635600246759119,0.7809614318628403,0.542951645014511,0.7615792053908857,0.572465233279127,0.7687365904896436,0.5908668479595417,0.42009100077247646,0.4208842452660638,0.3000277846037912,0.5441124240504348,0.27687266806167204,0.8159931614684307,0.5472832734766216,0.679419657624314,0.3296180054855503,0.5584373847732725,0.47018014889656595,0.407490218772703,0.2981928849178781,0.4995063296664189,0.4433410200788446,0.20849801001723334,0.39887801306082116,0.6019146446578618,0.42951643213458074,0.4649245506788469,0.5106063878148265,0.5754889856924225,0.3792411285788924,0.468505832249202,0.41448842428947635,0.5130000762513499,0.35500892985720517,0.4148138687726377,0.436757404056794,0.3869781984563464,0.5126196414890589,0.23186606365876342,0.5928384326984598,0.2685246057149326,0.4967791604192617,0.39259820201610235,0.4671335295540554,0.5665848736444896,0.5599659529946561,0.5453480416487734,0.4003906214586125,0.5497172911642998,0.4298086702203431,0.38956071159387107,0.41056412061377856,0.5348380971624456,0.6217041304525828,0.49253670681802614,0.5305161393428259,0.2792086819885856,0.7649658081542318,0.639036294341849,0.577964703819887,0.3005857268095424,0.3981669309689538,0.3433353338946704,0.35280640213998643,0.5382256291132789,0.5547656058868905,0.5409773817900491,0.38615477840916557,0.4317030214593092,0.4032969479519546,0.4451237448829945,0.46240833492763334,0.44746767820489297,0.15280773355309585,0.3572200052953888,0.3017411046469368,0.5704918555831444,0.5878514989831511,0.5231314642444612,0.550087843765552,0.41727548963039807,0.7936961778278931,0.27194328628737185,0.2930590576052305,0.6119390625144884,0.8445862127741062,0.3445574367946768,0.55002107023669,0.724072042402696,0.5938512119012739,0.6066172215923151,0.5191630103934539,0.6247654289686595,0.7462409047231662,0.6636887838087192,0.5492866648773972,0.6147774711726003,0.4342922862683061,0.5838341165558936,0.5237225947199272,0.7618722502717314,0.7908380759283653,0.28072598801917753,0.4522020937325065,0.4601403545023452,0.5239848216399938,0.6012327780365059,0.4359205309532564,0.1591674124442101,0.48593437767685976,0.5552799069151827,0.36806619336670293,0.4491998994312709,0.4027411177225994,0.554188258729661,0.4700536129183701,0.4154290721438911,0.12542691459266314,0.4493404074266273,0.5543689253211543,0.5945163515972277,0.483829997534213
EWM,0.4256173505084446,0.3792683771510191,0.3360183018542964,0.37855494457536876,0.4239500961818306,0.3786191781132104,0.5714154283557117,0.5565151200827896,0.5740959744703981,0.4865070255184152,0.3841698206758513,0.506841925671619,0.45208749344282717,0.3726270760456314,0.3578457735732422,0.21101639201971034,0.21983784470430295,0.16344382651030714,0.4638909866844042,0.33338966630736977,0.46429054618886656,0.37128333055801543,0.45413057175086075,0.4818316548706158,0.5687080779134983,0.2167510808531597,0.5277029946729495,0.4714463871667782,0.584060747312776,0.509942257845626,0.5509786356172766,0.5548967591818204,0.43455862727094247,0.35797901373034346,0.551260278011389,0.45886741089254174,0.5655803953055836,0.5696609681922868,0.48864460468720433,0.5771359742390133,0.5149147679448249,0.5001227615583003,0.42998788817707084,0.4912902266359055,0.4735387875513315,1.0,0.47843713396189225,0.4953876024853369,0.510630910753444,0.544045421808443,0.4895638800961704,0.5298738374724541,0.4194338300574581,0.45732872095495114,0.5142179030370415,0.36449506206318627,0.5237887091412349,0.4399784962461693,0.5858882944492266,0.5727829487879137,0.5698421621756128,0.4006966369638081,0.37574060578450824,0.3814215797117482,0.25644838708158013,0.4777240996117104,0.16867059947984314,0.5725740937624063,0.49012867202077853,0.4447848260776373,0.2140937309635537,0.37924786664163956,0.4231214061001947,0.41785996000421954,0.3200971760005973,0.338825017247617,0.4031039601759548,0.2084608458734532,0.4314135808357297,0.4708213685951539,0.43670019346894284,0.37118754884251975,0.4561146569108865,0.4820666524437127,0.27829247720474376,0.38635374242470777,0.23831407867568052,0.4681140696843953,0.3426608634436469,0.4096401874696252,0.2849030189611033,0.3960511775124439,0.4795322204640336,0.2260142643448672,0.4598801754744191,0.280710961937252,0.41129959812231554,0.382103350434708,0.3450445205664797,0.3949799004332491,0.5254538686722958,0.4306567835913765,0.39998234364623786,0.48972719424736133,0.43439295487010837,0.39871435852799625,0.4204674942452254,0.37689981925634986,0.4759984873004224,0.42888831454540155,0.4360520555455624,0.16410920383656982,0.5570024686129761,0.5190452446290418,0.4303824928586845,0.30677974599368246,0.37629034389202126,0.36889344212346725,0.36905450471676116,0.4880459515651245,0.38037515864854715,0.4922222193442889,0.25265573387695334,0.28134609626203533,0.35562800700047176,0.43473188970821663,0.5178048047766101,0.43781364749720064,0.16691006972664027,0.3688231351459951,0.34554622726511497,0.4107238264071097,0.42114972055038163,0.4578911399312456,0.4318409190592628,0.26955205523202264,0.5784111975878816,0.16136930313817302,0.14985380666767908,0.4820439557793178,0.551463442405728,0.2180212663822363,0.36621768087694995,0.5358522187360626,0.4743720751174829,0.44762805500441705,0.45493385545535847,0.5364920110101847,0.5853757501255048,0.5644948777189628,0.4931209931543766,0.45444918509316634,0.44296188469503767,0.589902936757891,0.3699427288268725,0.5994945387514733,0.5878816088541905,0.2754040571556552,0.3791277111173456,0.3315810199880299,0.3725599161230093,0.4718654753832283,0.37493788279429624,0.16584808984888635,0.34731922693367295,0.4263509606815979,0.4087513865275828,0.303117607315509,0.2771666374031991,0.31488334681938984,0.42174141620868,0.4127577801409772,0.16318501256817206,0.37739968520838674,0.5637230552773841,0.5068237040107119,0.4422899949476577
EWN,0.6184238594768156,0.597162903093745,0.5299166855113585,0.6134619763274072,0.6900421651437343,0.6025106402589879,0.8367880415934258,0.7661265255794342,0.7886230039764448,0.7500045141776571,0.5752176610040003,0.6637906821728168,0.6845659569723863,0.5242459374824957,0.5722385364339834,0.2313791759031033,0.20504473618995087,0.16572502740757605,0.779771749660746,0.5407573985436263,0.642527869599428,0.40637368002733504,0.579856933819131,0.7551158762681845,0.6476495419341396,0.21083805518281373,0.5774887948058645,0.5639456677527143,0.716656122981379,0.6166218501415544,0.8986082853220537,0.7660466782763541,0.39200120168370484,0.564390165910766,0.7695708936585397,0.6369135774903901,0.8660967045127447,0.7824936973461664,0.755420640010984,0.7245737912959016,0.788482020070888,0.8137446789887802,0.5431238178287874,0.7646642162797027,0.6554075067302598,0.47843713396189225,1.0,0.6987179556683975,0.7965236413499375,0.6484766953160078,0.7390681653751506,0.7004244815645846,0.5615161117043124,0.6405494238547741,0.6466487504155883,0.6047622127516491,0.8919304051310586,0.6518522628587612,0.803713539705383,0.7201921220367693,0.814400978990302,0.45256563131176875,0.39663152711554256,0.41936456459170735,0.2537593759700858,0.5930567634912474,0.11336170652568009,0.8455108574521084,0.7431354377345855,0.7948662306276614,0.2194675784548263,0.49162691516845936,0.6144484177799443,0.6938291268488195,0.49907240919947526,0.4217707890962782,0.47881878353202867,0.2302445045813549,0.777678308836255,0.6074443632614127,0.7350672487926808,0.5734117654335268,0.7690752597316671,0.7402125700052405,0.4202695204299362,0.5838774028594536,0.27623571849478706,0.7415385238502386,0.4120900835488144,0.6050841395435147,0.3361901649873463,0.5221987835416121,0.7440400203515963,0.2396538545719048,0.6432248524243046,0.38396349347842795,0.6713264981153569,0.6276425813537708,0.4978418551385139,0.5778617397356843,0.6912627546193472,0.5958307870423643,0.6755383691185447,0.7675977489934368,0.7606962294372132,0.7728481762076619,0.6766771574008791,0.5088121840388166,0.6754919517743085,0.640157882651306,0.6912353423400431,0.13622108108481568,0.7983927952415675,0.6500817838126601,0.6425623163278689,0.3473772301156701,0.4318529715603942,0.7783159512303781,0.4016202537285703,0.7526195842951378,0.42646697538435646,0.7496340049043771,0.23264509772361178,0.32236541279944125,0.5420047099344389,0.7491097639605648,0.5215281272278258,0.7050034580138587,0.21557750091776967,0.3887827618800136,0.49704000380217417,0.6285673802650212,0.4722379816638309,0.7319645129795744,0.6274659951727771,0.3282633863333052,0.8672066906883469,0.09255616369549018,0.145564543411986,0.6697421411436053,0.7775172108404076,0.20979494126341988,0.42341088942284566,0.6592779116059988,0.7067785810100302,0.5916002072930572,0.7435926008217814,0.7734256248434612,0.8675901184426009,0.845404945245299,0.7592414986288969,0.6164864840179014,0.7256245833971194,0.7726860432508768,0.5020250382329822,0.872499171146476,0.7761849951938748,0.42000093414947903,0.5615380072790747,0.45715892144465664,0.5626609735747036,0.61807552499253,0.5558106746299853,0.18273416372226092,0.4861312176462389,0.6711714000896323,0.7418740063120971,0.1719282665675967,0.227489198018795,0.3351128588257707,0.6420803596376129,0.593933874750852,0.20708085868102052,0.5244481501988437,0.78759841462985,0.8392617382433223,0.6466234484778252
EWP,0.576266139165834,0.4561843934769237,0.4040062854700477,0.4528614909486335,0.4740334276526431,0.4361826858462468,0.8373615592564776,0.7739351238878664,0.6251337196612683,0.5868316263566508,0.5007717416554478,0.6519112462294979,0.6040501847075928,0.4888875593747484,0.4166682874173121,0.28180117596699256,0.25705931703921064,0.18664064505401284,0.5608470803329472,0.35980112007388526,0.5718292196960841,0.4916245861808035,0.5657574056241685,0.5443816422902481,0.6244800780753909,0.2577280057846451,0.627219514923898,0.5594375024339725,0.6224896447133594,0.7635581700842085,0.769972158552786,0.8655080076961403,0.39059733640162336,0.44975105462984805,0.6077854756201648,0.6684995935806664,0.8376128712833806,0.6142012995175923,0.5661902932220093,0.7170060820338628,0.7514028527854755,0.8354332539781156,0.4550814251907447,0.8824457919778217,0.7120669769113664,0.4953876024853369,0.6987179556683975,1.0,0.8268023228682639,0.6393638808476676,0.525653336804108,0.7908738552434406,0.5477200259386373,0.48286451284049137,0.6267259380411767,0.40615153423713973,0.8545231244956125,0.5528230866857556,0.7837371914092346,0.6167598160982927,0.8202267286785481,0.4851247354798533,0.42977080542090523,0.4421169436277824,0.2786613747222423,0.5926498748957395,0.1717501984714768,0.8408947907980543,0.5655614342524738,0.7038300768957919,0.28136675289046426,0.4515231585525378,0.5636535784172917,0.4739497871375842,0.32473954652633474,0.41093275343894214,0.4700226283029468,0.27129802597555713,0.4738947824408782,0.5546084934686335,0.48773217373646993,0.5142434969327951,0.541305208656009,0.566162145190681,0.42919314468854125,0.5166525408785899,0.3974060400946312,0.5548404425623779,0.3936947926206206,0.4677310705618615,0.3730479490464334,0.40894243546084696,0.5442324141684513,0.26114407353100416,0.5439864498726551,0.3268495098233995,0.509247927880536,0.46354226435785534,0.5041340507039038,0.5126470576662409,0.619025514114493,0.5474338983733371,0.4775238775608571,0.5643091749592252,0.48060087247366023,0.44107475528664586,0.47631083498746457,0.5391464794602402,0.595710241320575,0.5493052365987156,0.5521380438156869,0.20641487565518982,0.79019960375093,0.6693328889181843,0.590662905407915,0.32713049170595576,0.4309810331206625,0.4080902329108356,0.41047571638369346,0.5652255170602036,0.518052783719457,0.5628140077856528,0.2928210180059593,0.3627535902352077,0.46263047791302786,0.4757472242366721,0.47012680605373175,0.4829596799937511,0.15412917633348658,0.37063540166833964,0.38314128004395454,0.5774659131074169,0.48429710024302636,0.5466077805039873,0.5569466845730422,0.35986370134288326,0.8214667516918555,0.15253776138202993,0.20274725877025263,0.5771665190809948,0.7572012129893338,0.24726610418867545,0.4842218438743919,0.7084204853606753,0.5935597109647727,0.5807829908243697,0.5474627075294234,0.6670826481995935,0.7723323163495399,0.6934667584739473,0.5761775876524239,0.5820715493754179,0.483169390218254,0.636087776154086,0.5067685162324058,0.7979830848581219,0.8456232359241457,0.30025463079966436,0.4635795381301391,0.405355759304292,0.481101536550858,0.5824674790066953,0.449544232948514,0.20704384489970887,0.509034609590421,0.5424612888983235,0.4352124059054592,0.30484459889429977,0.3348797915354538,0.384833560911295,0.4912246684780213,0.4789389139460218,0.17622150173498308,0.45209617954764825,0.6096054654256476,0.616761099745142,0.5355066343562698
EWQ,0.6127776811364215,0.49658861702288615,0.477164875476574,0.5074589828440507,0.5498897013302322,0.48194255381078965,0.885893961301173,0.7987626651765598,0.6846934803976691,0.6609719688642448,0.5679669174960397,0.6819401767087315,0.6426841636125984,0.5125187910655684,0.46647054199402865,0.28707337440781255,0.26545361862480216,0.19176444053900218,0.6474922332357187,0.41958138602295975,0.6392505427727235,0.5173381783777014,0.618785342526452,0.624692526318689,0.6580712543835189,0.2625674287069996,0.6464889185144247,0.5627890302918191,0.6650653100105337,0.786753822060017,0.8778573861444826,0.8814307457581636,0.39961617689255774,0.4870718164832287,0.651668202197412,0.6747204566124605,0.9044328276174064,0.6791519492221907,0.6394895680962829,0.7639695690176199,0.8265683258375005,0.8938857159927891,0.525402918139382,0.8918346638690272,0.7996046524029184,0.510630910753444,0.7965236413499375,0.8268023228682639,1.0,0.6688541797173033,0.5902582259419127,0.8159189169895975,0.577618441679388,0.5308253773473444,0.645233255715521,0.48177396107311476,0.9555491872931394,0.6293725689998414,0.83819993158473,0.6820001676218721,0.8674633720742999,0.548734504716868,0.4104102836531343,0.42615382312753264,0.27455018080786253,0.6368934921185513,0.18117212782330364,0.9014077811992702,0.641835842990268,0.7842010299507498,0.2811304332011731,0.5052637737453384,0.5331431324939568,0.5226382677834542,0.3977652437341791,0.46592332486468213,0.4685839498368356,0.2824972340265399,0.5463820279468354,0.6202649443967532,0.5472470811776865,0.5831985272682043,0.6177076999147058,0.6519621811770595,0.4427545183837119,0.5504949972336256,0.3942054832018716,0.6219336885948205,0.40416261372162043,0.5225661221808711,0.38581266484629106,0.48855571622299315,0.6163777801930738,0.26272502490941896,0.6399720438060976,0.35789308148436805,0.6079453052201407,0.4984338512362626,0.5102160110681732,0.6049778983313167,0.6738328970404771,0.6116066355706766,0.5154946237650283,0.6491586431918667,0.5571916504620237,0.5322184899894589,0.524775831063195,0.5535726739563647,0.6719455649259267,0.5887576798062354,0.6222211741811695,0.20124987993126334,0.8404759811397841,0.7052932463668252,0.6354483920937353,0.3328437924224718,0.4214180926366926,0.49534039251458656,0.3791226915048767,0.6391962711943908,0.5360565979786004,0.6368287152766419,0.30905424973960827,0.3761351768332053,0.462347436210863,0.5639285494172175,0.5137624856435811,0.5588483309888903,0.19703305393043882,0.3830755708984902,0.4017563429550897,0.6197562266775063,0.529752074507098,0.6272016399211918,0.6305925441718173,0.3742524129039232,0.8837153123379476,0.15631220255908876,0.2036456339778963,0.6447617544851222,0.8441939404547342,0.2608633523329638,0.5079087128734056,0.7383656414400201,0.6652821995723432,0.632290842161525,0.6267023540726558,0.7160304559378219,0.8376617684703712,0.7691218444062156,0.6514830694618997,0.6341551044809942,0.5587423506906798,0.6991056398482532,0.5359613242838333,0.8621458657334282,0.8688920197696229,0.36275967364197614,0.511674181638794,0.44224052735325947,0.5786306334072678,0.6647721787706061,0.5033220511287025,0.21685758524774157,0.5239784435738277,0.6299504336803318,0.5115430329401279,0.33738610842344896,0.31597363488075303,0.4309641277779634,0.5744432554184641,0.5226921769811422,0.20510795814957158,0.5330560742298144,0.6744688859135196,0.7004791226943766,0.568961256984793
EWS,0.5830654284445591,0.534032077329979,0.44053514251712983,0.5234269603784718,0.5503601572799262,0.5159665666570195,0.7598165967843195,0.7196897490531878,0.6686667241124954,0.6455280579706302,0.5252311609498922,0.6993429222918948,0.6113765280336644,0.5258076211840496,0.4592704559512194,0.2541634504126682,0.2438267804435325,0.14386459056818,0.610678895403746,0.4671124457301166,0.5905031711785693,0.5026560291275519,0.5902007078278649,0.6154208305745078,0.6617073391877517,0.24393212509418216,0.5875527714841635,0.5366675454030538,0.6467662023213746,0.6919456571734136,0.7314687325323447,0.7457206516196913,0.45109053079102285,0.4342136635227767,0.6274046296192121,0.5848997533890584,0.7601136451936746,0.6652746076931101,0.641754018334856,0.7434996601422884,0.6666488939454467,0.6841088516173425,0.5316083218159172,0.6838075620800216,0.6160768656972085,0.544045421808443,0.6484766953160078,0.6393638808476676,0.6688541797173033,1.0,0.5913085141952965,0.7056481784307679,0.5203591325718203,0.5025812386364894,0.598985651241503,0.5173547260610641,0.699967788524818,0.5797676988189672,0.7411720136267007,0.6869588497694502,0.7494778279937415,0.5077979691202328,0.4195187094930076,0.43742752656510364,0.2816834022396437,0.6193750430645063,0.15580162907890685,0.7741780552934014,0.6378345639360442,0.675352500708827,0.24084374128897512,0.47111958306489127,0.4868082124634232,0.5329579215786688,0.44080045839849036,0.4564458256712819,0.4472703965910141,0.3509934056214491,0.5487863606505599,0.6073279727113441,0.5794256229201464,0.5017531781816571,0.6127272181421534,0.635131341924711,0.42170053688828996,0.553287449543097,0.3725520765582898,0.6009421656278008,0.4050593792651707,0.519754161232676,0.3633809794621296,0.5040306359104625,0.6229023340832499,0.3211237144475863,0.5893637491125208,0.4023924788750824,0.5288297927075513,0.49100721981730394,0.4772801799406422,0.5190762614006758,0.6170511516452056,0.5819705672151058,0.4930552486174633,0.6367062394911374,0.5679387569433499,0.5426182134052402,0.5556057912249827,0.5112040068270297,0.6311151982528124,0.6187092357331264,0.5839807460343721,0.19061498170737998,0.7258353151523343,0.6667354985750046,0.6130952350845623,0.32572873430964205,0.43013217649237806,0.4791438524886749,0.3855935470275916,0.6410400707104372,0.5025645448336574,0.6359967867129022,0.31448456025796945,0.35449212728820223,0.4344385599554252,0.570148953167106,0.5420384328113289,0.5711190941012372,0.16353728643858587,0.36636645760004494,0.44833064947463663,0.5895980657409203,0.5312459319399251,0.6129542676582571,0.5780745061861237,0.3466530269849002,0.7622642162207475,0.1435861389463245,0.1690407310095809,0.6186959332091309,0.7326236576388211,0.24924036087702942,0.4759951852460426,0.6658409960731423,0.6388932205099398,0.5928331217018803,0.6200203861792699,0.6879956249587734,0.7415383662861881,0.7302152439454026,0.649269393367675,0.5974044877251817,0.5742244141174333,0.6979947105908826,0.5033196636448134,0.7698619572941826,0.7719962086028733,0.416193835684894,0.4999001115379248,0.42249211337537934,0.4416870365614723,0.5932723243973943,0.5159184285329292,0.3018832917807312,0.5105602245257101,0.562606743585075,0.5220601089105052,0.2987911308330773,0.33322381338459917,0.3801227904197023,0.5418391595907579,0.5133896490131598,0.298170473206831,0.4677785961424929,0.658981640822934,0.6753713082208419,0.6075415031736144
EWT,0.5118452119814726,0.5239657297782775,0.47103540838945207,0.5563325153039792,0.6530598722619492,0.559578410971619,0.6985985338484272,0.6703899826377238,0.862252731604817,0.671551908472733,0.4906942427140819,0.5735794271504173,0.6428129397232386,0.449686093153885,0.5497048180783203,0.20159572413194188,0.18585166773848522,0.16727024913868954,0.7440474829592125,0.5071487249564136,0.5492620530346393,0.30775078399821476,0.4769237503919194,0.7052720102215475,0.636218649641282,0.18834078798008783,0.5312995415929626,0.5031131923775443,0.8052975019379405,0.4505391991383541,0.7445585749294642,0.6190164709063563,0.37446449450573077,0.5117202944257253,0.9010794738864477,0.5039182182701043,0.7070374913997582,0.8498111397937359,0.6926932691876608,0.6373241495062566,0.6175981920606135,0.62565293323936,0.4496433776267809,0.5738040306586586,0.47896824604305716,0.4895638800961704,0.7390681653751506,0.525653336804108,0.5902582259419127,0.5913085141952965,1.0,0.5594929867380146,0.48435113863191703,0.7622201380422937,0.5923512502145188,0.5443732129429854,0.6714329015753737,0.5609341022943946,0.7020818445494612,0.7561598506084353,0.7166105601956211,0.31015546454642634,0.4104987380608463,0.4343171597743361,0.2913453406547244,0.5379080332992985,0.10936626020044989,0.6841161916563736,0.6705960443394217,0.6567757453228412,0.20675361129496678,0.41138734553620215,0.570467348089678,0.6807407218617381,0.48945619510831895,0.27660598745044,0.4488579353195215,0.20917228064128615,0.7995602390660641,0.4928919697194263,0.7056799001135081,0.4897415482688212,0.7199354598366337,0.6592860507515242,0.3250676161299929,0.5054664921736872,0.13173537884750233,0.6806885263088612,0.3842671608799059,0.5724181006928506,0.29202260504784444,0.4433164733623286,0.6908722732687079,0.20585814233243407,0.5196004934093074,0.3663013477952003,0.5913326495106189,0.5886371201986728,0.41554846336117124,0.4470747188282205,0.6534469619994042,0.4769707720453977,0.6352314690105296,0.6903808003741586,0.7298504885548313,0.7414502350422917,0.650619613015508,0.4084264816173235,0.5565064022986018,0.5670068526198282,0.6195533921493867,0.13714918213445595,0.6726585524943954,0.5470644020000516,0.5285693679944287,0.36035093150617303,0.4319832982525349,0.7764763479211791,0.3810054037116923,0.6876036629126149,0.3040873897994885,0.6826050644224015,0.2086419428221484,0.27702131051518225,0.5001656746291501,0.7347400554896946,0.5360435608147284,0.6549047662023796,0.19412134523861385,0.37215412471400655,0.5193588247748478,0.5053791413568932,0.35865465916611644,0.6596422430095782,0.5233556931462304,0.28621355880172555,0.7518305157474379,0.0905122212608811,0.12988283941055556,0.5641069695897685,0.6333198885235866,0.19014844324240068,0.30491674642186356,0.53516469963593,0.6033807723035989,0.4689613901321809,0.6687356194246238,0.7754438947606345,0.8192813912436377,0.7717960198503497,0.6904968027361663,0.5106135840901297,0.6864182230513132,0.8141451333435163,0.4432555177765402,0.7973579427033765,0.6675084569963773,0.37947298728331297,0.5065931969580988,0.3978127987638378,0.4514988112093529,0.5213105279437698,0.4406094300592019,0.1707740507272713,0.3554104599167528,0.5764660345398208,0.7503058116960603,0.046870671312396396,0.18029727008916116,0.20098267191520142,0.5449813553866723,0.5727755073218964,0.20283158330662215,0.4223027988362528,0.8575917051232386,0.7631775266283676,0.5859414606650818
EWU,0.6042417711393632,0.4492001505828138,0.4353645294900359,0.4586370377974093,0.5119025647931624,0.4276956731938687,0.8922358432436687,0.8279333653009073,0.6644580551307876,0.6531521253829337,0.5876417428545752,0.7621562441445298,0.640900653469179,0.5112374589308052,0.42302936602180286,0.2821249655712075,0.2689551658610905,0.22039426865651898,0.5845806186225998,0.38920273155977575,0.6612548504463643,0.610918921281396,0.6869720862948663,0.5920674290914473,0.692193604037804,0.26917766790616116,0.6148839367240057,0.5561164991592238,0.6502264541410094,0.8491284498071082,0.8236979152459472,0.9089969186049309,0.4055688555392874,0.43551209566013416,0.6206901366830682,0.6547365813748662,0.8857349905741018,0.6520850696607856,0.6168886592622685,0.8133745208423623,0.775126759172149,0.80349077908513,0.5384787479083695,0.8126410579462067,0.7992020433817445,0.5298738374724541,0.7004244815645846,0.7908738552434406,0.8159189169895975,0.7056481784307679,0.5594929867380146,1.0,0.560054848108151,0.4825176926326248,0.6746222645475846,0.4073294900456248,0.8172139635488513,0.6269596358441296,0.8378086274680491,0.6967161501530182,0.8721624620749145,0.6229094667593302,0.4865102373127612,0.4926163047987089,0.34139571934079505,0.7363120179303735,0.18642544382478468,0.8923978133179198,0.6228325153420463,0.7650827638556175,0.2910594011634606,0.537965782084776,0.5377823634413191,0.49670619881913586,0.34718441508558795,0.4881069840183771,0.4777714658631453,0.4305976144501137,0.4731273659296713,0.6581284197483709,0.5047466804306915,0.5024973118833828,0.6011250917809097,0.6404216772060286,0.4795436044446559,0.5650456129151691,0.4703729562456539,0.5953046108357678,0.42177704359791507,0.5264342924667241,0.3785876369357836,0.4875009742765748,0.5879252473215151,0.3665591998600155,0.6153662893099036,0.46449719281877855,0.585450322132755,0.47684741215311166,0.5211967432860339,0.5995482102201489,0.7220387738563222,0.6340295368121919,0.4866771783008348,0.6199745999350944,0.4898266509732251,0.4573952997055076,0.5051311535183959,0.5794351847537024,0.6927774642250034,0.6061486530398882,0.6070774420503178,0.23626728743766315,0.8396414467192875,0.7602348182198377,0.6156451448053802,0.3947681272242445,0.4804152955904426,0.4190791193994081,0.3904239153734701,0.617213487930631,0.6125345646335258,0.613588014166613,0.31180969234868133,0.3703586377849192,0.4560767016937626,0.5141103992951218,0.5129975775892585,0.5065563061704335,0.17567509916232144,0.37323185416584714,0.43262682840468347,0.6020828831214488,0.619395082173273,0.5983913987839975,0.6424378821409588,0.3611412345112412,0.868409627216389,0.16884788279661372,0.20328508239107745,0.6776074115900516,0.8572648589820397,0.2694175453011308,0.5618470830846792,0.7681403076549959,0.6771486926654122,0.6879452811828295,0.5979856257353735,0.7081563088950833,0.8171187775901002,0.7515493546550581,0.6301249415141215,0.7027793056309181,0.4952999542836012,0.6933100614272358,0.512621621848719,0.850863186256183,0.905995136097206,0.3187112321474665,0.5241689441932891,0.44113713930992615,0.514433619900264,0.6939356394978307,0.4572304472134014,0.35665977761268725,0.5781643816809142,0.6268274085578872,0.44036587336384075,0.42495039019105,0.42729194224308603,0.5221260509677201,0.5181298577211809,0.56533572116676,0.31554290030572196,0.4961461901028494,0.6431216220395605,0.6591514775966929,0.5856185158131135
EWW,0.4643080022622807,0.38323894326707125,0.3350620528786204,0.395156912134953,0.45785973405577174,0.3844756065108317,0.6429629012721169,0.6171636218080524,0.5975203738802755,0.5173180153394257,0.4433560014468393,0.5788209863653772,0.4924824760443826,0.3976319598813842,0.3771310911447885,0.2188284786658153,0.19118464358441326,0.15325699031183143,0.49909594964484444,0.3158124675192523,0.4670932479766604,0.4020085449883665,0.4657937909722417,0.4819496570888943,0.6039783759740089,0.1954478498674115,0.5687299236418499,0.5415737010181255,0.5581663464318337,0.5263240167630865,0.5954009723208363,0.6149384678266728,0.33457981134461073,0.37226216141473717,0.5659665803659328,0.5138332403374593,0.6271901702293923,0.5984125429885501,0.489880864524854,0.5968409130127874,0.5677362683128303,0.5751759250738955,0.479651033490259,0.5584286107576025,0.4984178296437177,0.4194338300574581,0.5615161117043124,0.5477200259386373,0.577618441679388,0.5203591325718203,0.48435113863191703,0.560054848108151,1.0,0.42934417505403405,0.5761856370425281,0.36705489362945454,0.5969049343217322,0.4817460543283562,0.6143847066928684,0.6214162356894748,0.6282348883458694,0.36792258700867253,0.4201437266665851,0.44469001182140167,0.3152032327563666,0.5682349506965894,0.11349863628243353,0.6277625467067374,0.48776051723642866,0.5525656312919942,0.23770009871347855,0.3482437675152632,0.4726177783277082,0.46394659475056393,0.29715203173936366,0.3040621820896982,0.3232339335786946,0.28218446762922483,0.4323475667242212,0.45937434785571507,0.44679078586346604,0.4141387180541575,0.5017256681031849,0.48493900018343067,0.338684257725709,0.41342234946386724,0.27406399356381134,0.5103310422533566,0.3593851467572738,0.4468757131177328,0.2835154014348632,0.4449416005613842,0.4707110468723189,0.27791074302953406,0.4310636163368483,0.3424699621253775,0.49533599489616525,0.4475963533128692,0.41366066244046407,0.4215037401816958,0.5918583473880773,0.45829433075342907,0.4565759891900257,0.514358967060302,0.44370560255687036,0.4295425160230797,0.4337315933486224,0.4305371499268594,0.5001738864330241,0.485440352208395,0.4893869319749885,0.1854801413453843,0.6051539436720287,0.5862779581787589,0.4646697674964589,0.34715173718390363,0.47024149888438865,0.4175483231573923,0.2723515325952599,0.4900172858961543,0.3996708223021704,0.487313961978002,0.20875118406919527,0.2787584658559487,0.42432966942328326,0.4452208623508627,0.43833751936585774,0.4225720896815288,0.15218569241112434,0.29558011121941263,0.43331429508507524,0.4580404958210902,0.39116324673528236,0.49756087153531725,0.4795514936370724,0.2829960664040385,0.6329627143124075,0.10308064112983456,0.1554790507752362,0.4731304200773364,0.5818326907667486,0.19737016605512045,0.35881393548235135,0.5697507419175091,0.5126509935914364,0.48573915600489137,0.4887281914361952,0.5621793149624721,0.6307334513557532,0.5862077590272383,0.5027787670056014,0.4893543770686801,0.4243759961213599,0.6169626549225761,0.4220581855590276,0.6516305170010628,0.6558172158052757,0.26168904526757825,0.42116973432150356,0.3145586484326065,0.39100984818216894,0.5257311046377471,0.37701331779055763,0.23281915740365988,0.3895418912878825,0.48748042963145777,0.412030392772218,0.2429010018660727,0.2699738777827263,0.24371816567747107,0.4222267788705658,0.4952788192247719,0.22497929333154593,0.3732814278924589,0.5864601973375417,0.5329889759607881,0.45810204333257337
EWY,0.4351232848175939,0.43746929662718353,0.4118517188368858,0.4821081724334779,0.5635442962720804,0.46781810416513325,0.6213913770410354,0.5953645282730426,0.845124125169499,0.5476892244932147,0.3806975296828975,0.47692011128478884,0.5833994517222691,0.3279945122817495,0.48880873306602807,0.20740337394432717,0.2070371561848156,0.19041472041393778,0.6255185587678644,0.3717900160449946,0.4371260685147677,0.23209187963892725,0.36357986531034975,0.5608695316301959,0.5671793818454108,0.20004338852597262,0.5271124682940889,0.4839776044720457,0.8106471502075193,0.41485135180037874,0.6653150310651484,0.5499805103847524,0.3263896906580429,0.45614237500152677,0.9026661295606453,0.46416658519787724,0.6327707437325738,0.8405963151895476,0.553749364200677,0.5688270199503784,0.5297520542535495,0.5478212796343181,0.42461731227734595,0.5170823836777968,0.43498461344022366,0.45732872095495114,0.6405494238547741,0.48286451284049137,0.5308253773473444,0.5025812386364894,0.7622201380422937,0.4825176926326248,0.42934417505403405,1.0,0.5692422972764604,0.4087000731587972,0.5935346922200161,0.4573013001803192,0.6543309241238645,0.6510508085631338,0.6979762646054378,0.21665765691670208,0.42800169947880384,0.44359796888982467,0.3383799923811747,0.4815670624295925,0.13791134522134899,0.6014050378586291,0.5321632185293084,0.5459173351416649,0.1770811257050588,0.3542578827189927,0.5488433680849997,0.6610476081185142,0.3367877055600657,0.20871560284260224,0.3945557248546253,0.14481288604144724,0.689661532724482,0.3796250630219656,0.5760483225429743,0.39835401217242167,0.6182744918271614,0.5442014206492046,0.22898354057574544,0.3654388166189697,0.03601693015719483,0.5958661537016083,0.3203506938080592,0.5300595205723314,0.27653243914842174,0.40080386283090824,0.5535858805235794,0.1086910442544731,0.3996183263561259,0.29884657310895235,0.49032256842513466,0.520349018158487,0.35603870513755703,0.34364452498460374,0.6259397649033798,0.35999371196975893,0.5695422291930504,0.5872072231067273,0.6072303505679327,0.6302419882978759,0.5248483604498342,0.31721224298245815,0.4458980897834399,0.4598215110027555,0.5351443497236729,0.15853386173300388,0.5897242986649658,0.47005843697221944,0.43537591169058704,0.3790132982794892,0.43518449407869575,0.648448583551925,0.3299602678803228,0.5510807609959399,0.22789611305082302,0.5462055851997846,0.20833691997187165,0.26519364760288994,0.45393228132433355,0.587500713670816,0.5024085485928877,0.5024616570472005,0.17611956298605264,0.3672253750375589,0.5011849745720972,0.4227198795887008,0.2751849873174447,0.5617532203453691,0.41235634337428884,0.26410965031130723,0.7189122931136884,0.1355275364687276,0.15156503019770212,0.4406981063013759,0.5303015893837778,0.20960652705371674,0.24360733201288898,0.5023544198315506,0.4916017300382284,0.37408323404561467,0.5536088336735281,0.8110645898963209,0.7573865785489963,0.6611837008137523,0.5557726448819272,0.4299867023159493,0.5390075510774445,0.6983291315579582,0.38408857330087726,0.7401175076603932,0.5895493282713271,0.2444769397467048,0.4607670649495989,0.34529168086820305,0.3819104694574947,0.4332083737876573,0.33352452799110394,0.10867164748859716,0.23735915979701738,0.48513611572324045,0.624980014111516,0.038476301578373846,0.16671373363948697,0.1711415377372841,0.4244133877423032,0.5234564182450164,0.11711421862408128,0.3392554303042938,0.8409471696526678,0.6452977366263726,0.44925179345133515
EZA,0.5330035968912481,0.4464972947552058,0.43421795839310723,0.46550817983684656,0.5238810950349281,0.4339343341907567,0.7403646087290462,0.7373160357732368,0.7472161586843227,0.5470021238318205,0.45496925795559157,0.6562008369250697,0.5595342293444274,0.37861175217976084,0.41745486505718477,0.29249220285856303,0.30348364011671236,0.284593636159168,0.5641672272784538,0.3534158535792697,0.5069110351622037,0.4018427584449088,0.47560526593329855,0.532535240216944,0.7126126373281332,0.3053211347520858,0.7034246809680276,0.5860976467137959,0.7139444932128529,0.6074007011465736,0.6897395023831696,0.7021205744044637,0.42127099432420884,0.4178159477401877,0.6968190517229188,0.6017968146091005,0.7197438524057898,0.7469922733378257,0.5370892897426961,0.6952380504275638,0.6624576906017303,0.6640697788048461,0.5779018584894103,0.6450735895650263,0.5700658854163664,0.5142179030370415,0.6466487504155883,0.6267259380411767,0.645233255715521,0.598985651241503,0.5923512502145188,0.6746222645475846,0.5761856370425281,0.5692422972764604,1.0,0.4185676916251541,0.6798962180770254,0.5188120125979108,0.7368176206113323,0.7549526074086204,0.7235531360652943,0.37769384636947917,0.6864219050198117,0.687821233054691,0.5529131439330508,0.6496261576338366,0.22895843979415595,0.7128533131262405,0.5283611364541497,0.5611835740557606,0.26084737914755096,0.4343643475463428,0.5452616356700224,0.5366213681383045,0.3465574294748491,0.3733871261085279,0.44833305915324173,0.22059436968813323,0.5086555307118155,0.46745113718971826,0.48667682225006814,0.4649943074273153,0.5306568476443247,0.5317199528065552,0.3338330668465883,0.44861375903084383,0.1978501695129028,0.5706591278306733,0.43768127573437066,0.5693557394706397,0.3727866337111302,0.5671400257189427,0.5203293789946825,0.20365308716575806,0.5085145263191887,0.3255750681577023,0.483204802932083,0.511381014414635,0.42931373905139536,0.45111071427246363,0.7372439054030037,0.4594452136475737,0.5168049743182594,0.5772653578830633,0.4971598500552202,0.49037506919142465,0.45603036350870624,0.47652210327168026,0.5321080499859676,0.486221493544583,0.5315973210010371,0.2737220916506721,0.714868243702304,0.662097453626491,0.5285215769727328,0.600808200848338,0.6718327974217951,0.4721477617300282,0.3716205372278761,0.533469380984139,0.42248213091441483,0.5312069828758855,0.3289049189568289,0.36427096669414094,0.47401340407846787,0.5160135997972228,0.5775603732739607,0.47047619107609256,0.17335093234421434,0.38245622124743167,0.5190416482693827,0.5278903840704258,0.40245053914310913,0.5516557015840355,0.5032878748207292,0.3502660420296932,0.7371369809578577,0.2391913682310083,0.23448737831229272,0.5101464670249816,0.6637070757098653,0.3124538541071075,0.40009514592361684,0.6869116622569369,0.5456925839119638,0.4996945081485158,0.5359811796385361,0.6718988051685209,0.7602698597609178,0.6651962095167054,0.5466065613921925,0.5021735473417074,0.48056695177712144,0.7642696847060054,0.49596051710867806,0.7708882627923335,0.7479616958331438,0.30204217074117573,0.471353859969652,0.4013446687997113,0.4325371569504304,0.5830617522536122,0.3988094858204786,0.1644097806338886,0.37017130117737845,0.48967606189847485,0.47341116598346095,0.22822230903498972,0.30036335508003326,0.3093677700294466,0.45966739251330657,0.6153483845678946,0.16380240504985497,0.4250769096345306,0.7310153331006228,0.6278159934711828,0.4634157894515336
FDN,0.5825844905280042,0.8444780342567737,0.613734672891872,0.7980927721196167,0.7270735104832399,0.8348383455235315,0.5547814821432759,0.5159213577500665,0.5299063855565312,0.7919747793510857,0.5722037939540141,0.5860686809656963,0.5130001252016249,0.5255296083712716,0.6562083683364603,0.1597486947822373,0.12596125441955963,0.10929481828732703,0.74380887244971,0.7994702833981803,0.678162227356112,0.36340447446657187,0.5873623318314629,0.8327671810555897,0.4246325499064891,0.1248043048960331,0.36024888552435597,0.3819000445059073,0.46492366551473435,0.3351166998909371,0.623522169036449,0.46576017893540955,0.31287302457409677,0.5350310547236299,0.5238607234803139,0.4327680698152972,0.5718794726892976,0.5281590027201719,0.8489932698624265,0.5535983341821509,0.5521642761620293,0.5541364595505178,0.3522975698083296,0.4746711161965441,0.3635600246759119,0.36449506206318627,0.6047622127516491,0.40615153423713973,0.48177396107311476,0.5173547260610641,0.5443732129429854,0.4073294900456248,0.36705489362945454,0.4087000731587972,0.4185676916251541,1.0,0.5570631332563637,0.6459091102750983,0.5545915449033848,0.48908445030311376,0.5209967314272295,0.48377484448954067,0.21421900769941032,0.24462486345108445,0.08138891212209329,0.3906434455273444,0.02216742475283838,0.5756343244406154,0.8390270805807374,0.6099702892214574,0.14398405601672087,0.46639202461155166,0.3948524710435718,0.664859179281337,0.858661545577318,0.48748212452381356,0.40774845257768244,0.18197082528083067,0.7591233615352443,0.6380317748209048,0.8115270201680969,0.5568185661372088,0.778536123399463,0.8044896054462345,0.4733238383028081,0.6973375820819856,0.33952500527946755,0.752325701855796,0.3763735970382152,0.4356246164007316,0.26637470183427814,0.34386169956556983,0.8486981132415196,0.29064978042390727,0.7341449631576207,0.30900825746561517,0.5836126727764911,0.5506973168885991,0.4598623827633185,0.5506145331654003,0.44855541801046084,0.6510274363265953,0.5680919658588804,0.7794858295509057,0.8542445213442422,0.8170216089613875,0.7308141402757345,0.487049028253461,0.6816228449806881,0.6553971751112627,0.6852556506678099,0.09320658841401956,0.5576565207498274,0.49943565805773826,0.6382968476562294,0.19968379123525684,0.26240376017729455,0.6402383183228906,0.34388852630583994,0.8363661882987096,0.40466105928680046,0.8397414544646545,0.16758023287767418,0.25047846879240665,0.38502978629473006,0.7494996338356307,0.3732313592488035,0.8849704111770125,0.18086351324661795,0.3506501024787048,0.41059897142462215,0.6167999193959612,0.5420870345428048,0.7750258681254164,0.6184712508747512,0.26400480128325676,0.5787714864917562,0.009720662892861977,0.0684552071308923,0.6778414916928676,0.5687015884741964,0.12957817310463676,0.411623710802797,0.44987965449570655,0.7377232473873305,0.5603615563252992,0.8327169649412739,0.5363337417479204,0.5865876146085207,0.7889415396333853,0.841694383536308,0.5558175414737277,0.88637223707705,0.5479929579027002,0.43808635286412156,0.589008711633296,0.4902611389215837,0.8217497427237265,0.5296284024253549,0.47205047495021485,0.4477112299700466,0.49045088972611806,0.8275253858721834,0.18591014447378545,0.5820267427656906,0.5919848637917512,0.7821415859898377,0.11598436960710858,0.15312098026368856,0.2961109153412465,0.801118194042083,0.4714250380524814,0.26369983729555607,0.592185629410623,0.5466083796564198,0.8118895550560573,0.6986282199673047
FEZ,0.6412764757532556,0.5633352332687921,0.5030249884092228,0.567032984423805,0.6226912911961371,0.5528559107610886,0.9164721917035981,0.8274378898734293,0.7517254042956518,0.7263092129336016,0.5907176075699053,0.7118504546442779,0.6978639434266805,0.5509208721697005,0.5288990676770825,0.27615248129963893,0.2497704252776596,0.18698236489436287,0.7242946735608821,0.49308966066090376,0.6773700473669149,0.4951176967256838,0.6430642121197392,0.7046026316570709,0.6882437866459157,0.2495704291661838,0.6515979241623865,0.5925872131025716,0.7157933166961307,0.7695176675265137,0.9279001108856946,0.8952957096500863,0.41858895136291396,0.548518029892024,0.7257331767801035,0.7098882538217194,0.9406763659200272,0.7446945039622779,0.7177265873911299,0.7888566725331589,0.860478240444839,0.9463639079664846,0.5473724369482178,0.9129305817024705,0.7809614318628403,0.5237887091412349,0.8919304051310586,0.8545231244956125,0.9555491872931394,0.699967788524818,0.6714329015753737,0.8172139635488513,0.5969049343217322,0.5935346922200161,0.6798962180770254,0.5570631332563637,1.0,0.6603590137035609,0.8640178438217501,0.7266026383568227,0.8950834287716913,0.5466714247621326,0.4329065280699517,0.45256877445616644,0.28500844217852284,0.6472586436667443,0.15873429327138328,0.929735232406095,0.7152797857248284,0.8377565685887813,0.26796155283047934,0.5166674671222086,0.5819893948739948,0.6035311303567482,0.46797188035466886,0.4803970566630272,0.5049194336397734,0.27557412514705143,0.6589397663124755,0.6519967175634785,0.646588048982245,0.6066976888170537,0.7046490210237576,0.7190377112527999,0.4546291732231094,0.5944258690296529,0.3828195590907218,0.690959527012882,0.43469041102803074,0.5630737883476314,0.3825106219918057,0.513864475410512,0.6995248879391983,0.27257827728899764,0.6690623454804348,0.3797972848336298,0.650915230445221,0.5572867304264585,0.528621644716087,0.6191168402534126,0.7096658126839835,0.6348961167376452,0.5849748700177264,0.7183252674979852,0.661449972831019,0.6441591960871652,0.6078983088636655,0.5569652408435685,0.7026866631152601,0.6429755611140312,0.6692282544149346,0.18613888510998833,0.8634784656840631,0.7127283018782341,0.6694600680692114,0.364980866272966,0.4538471581839456,0.6159098965147184,0.41465945147897704,0.7158336227659032,0.5186880729694926,0.714428183598189,0.2933254508591787,0.36910913006286605,0.5055150539848906,0.6530044050145324,0.541388656491131,0.6478422303919531,0.2104330866527149,0.41744205274775176,0.4561471448837803,0.6510491692190884,0.54470447282587,0.6901489172321879,0.6534374306126938,0.3716169287888908,0.9245310822533623,0.13326238082028152,0.18761203696066397,0.6891554251965215,0.8670306991403262,0.24809506299880132,0.49489871417714126,0.7310943439395681,0.7087181921373765,0.6447856154179239,0.6964755332063731,0.7735961713855687,0.8906529419475039,0.8373927251591314,0.7256236275030796,0.6579800823896786,0.653139970087233,0.7570159919249185,0.545487545871131,0.909643869573861,0.8877996410981812,0.4121246942891259,0.5586290846846359,0.4597771499197529,0.5882189896879411,0.6752217813736736,0.548779737154708,0.21365529389953838,0.5442236290554548,0.6701780686118154,0.6214377990050383,0.30044238907999593,0.30140495600307493,0.4233433608514714,0.6304925717129916,0.5662734904005876,0.20421761844274056,0.5507536911905626,0.7425941205851853,0.7828551281303726,0.6309644342082118
FNDA,0.6913829903445321,0.6809226405901668,0.6911098731991943,0.7211344168706942,0.7277182773184361,0.6658244731773217,0.7225462017095347,0.6931742259108405,0.5984018372752063,0.9012732061072611,0.966453965545773,0.7505636574474854,0.604967902226723,0.590666923254234,0.623803393129988,0.24629835891264404,0.19574288240464124,0.15214835531967144,0.7091157248688613,0.5844919783552788,0.8302376888278414,0.7691244136718661,0.7734935148888432,0.7766648811290124,0.5602376809476719,0.20215615128099998,0.4366405069605877,0.502033281842855,0.5404550671233446,0.5166610989388749,0.6978562434017136,0.6807902250608141,0.3548471180624415,0.5536311819373955,0.5924351890950386,0.5321487773000576,0.7099213453208851,0.5881582055835167,0.8069938470653577,0.6949935351363148,0.6530666996499646,0.6316656520676771,0.4356943549984489,0.6270636916162137,0.542951645014511,0.4399784962461693,0.6518522628587612,0.5528230866857556,0.6293725689998414,0.5797676988189672,0.5609341022943946,0.6269596358441296,0.4817460543283562,0.4573013001803192,0.5188120125979108,0.6459091102750983,0.6603590137035609,1.0,0.7177835269438245,0.579451649123749,0.7091484419609834,0.7013841099466687,0.2783840612468134,0.3033035325969432,0.1203520256559436,0.6548435767953532,0.09664618654450446,0.7257113791042785,0.8212502872925208,0.7246397212559611,0.1997297025659087,0.6282275567733032,0.5404887408052491,0.6949909974388946,0.5463395659703013,0.5530148650647548,0.44219697861838037,0.4242709491138808,0.6121756103123721,0.7623521773189557,0.6546771588571578,0.7452977473451473,0.7967069906151528,0.8321354410494433,0.8407409682091528,0.8456984012018356,0.588710196530635,0.8588778974408052,0.4473593372607602,0.5415723481818914,0.3560499865756466,0.3646878793887957,0.7538154920940349,0.4555439367265445,0.8386605030716903,0.6002801841994176,0.8837489430613598,0.7018780907284279,0.6191387683853884,0.8441500216727431,0.6309894829200187,0.8943199912770252,0.7038343193715526,0.8474033190275745,0.6689201534724312,0.6685218484579337,0.6153597399688222,0.751728621909355,0.923864474680016,0.8352908091477315,0.9723197418902024,0.15571786453395978,0.7086418767257575,0.7559391989412414,0.7262759220035955,0.20970535309044097,0.32720530812894416,0.5777214545679079,0.37718638543896704,0.7992845273819491,0.7991256264475958,0.7919146036360705,0.22905151992187545,0.3387598191005685,0.5391324401385985,0.7097452448679021,0.4153840563072182,0.6714994327953321,0.20318327078403894,0.39783585215243594,0.4050659225724325,0.7049048573840699,0.6667367631642145,0.9153116882600392,0.9833954012918517,0.3582984424904769,0.7234165838088924,0.05755016449429814,0.14707977325256022,0.8325149109524147,0.6943621812469659,0.19117466522237997,0.7025691328380534,0.6400698473971178,0.9180898956441784,0.9012619495896328,0.8405964990658394,0.6475118436234506,0.6956977665838696,0.8328706791629786,0.8391467360009957,0.8613828523112192,0.6667020114472585,0.6063122427577589,0.5080354702757114,0.715774080792527,0.6954125655389313,0.5987381924316476,0.6836560205406332,0.5986529888057169,0.7976888072702967,0.800537073213684,0.6119558959578341,0.4371630736488625,0.769590091609732,0.841310217728424,0.6179658973265122,0.3354844617803716,0.3774474113379636,0.48904784086594544,0.7529542015754556,0.6885313866778653,0.4829104105228999,0.853322470983637,0.5947566700994835,0.7861881271949459,0.6716732235753571
FNDC,0.6816143660741079,0.5829576920370066,0.5588812933898893,0.598291751595805,0.6508474285333232,0.5693624090503105,0.9627115833115865,0.9564818385880259,0.8069053994078615,0.7463557100124006,0.6499372785512092,0.7998904649895017,0.8296070686049806,0.5428305596348942,0.5486120258120852,0.3300741376930403,0.3253620236931496,0.27068033635522337,0.758277572109392,0.4965154493819147,0.6867193939831934,0.5849541233398361,0.6640573355196678,0.7066185498763571,0.7482738221071081,0.32424952780382493,0.7162558424437838,0.6342187426148578,0.7793440335355363,0.8248868101550032,0.9088777261337712,0.9224505893275764,0.46950186581035397,0.5668391085668826,0.7779326868559224,0.707250603619128,0.9446224749589336,0.7935318464945115,0.7220490871285592,0.8495670811016967,0.8434176698171302,0.8517655204295088,0.5819156746415066,0.828119578264714,0.7615792053908857,0.5858882944492266,0.803713539705383,0.7837371914092346,0.83819993158473,0.7411720136267007,0.7020818445494612,0.8378086274680491,0.6143847066928684,0.6543309241238645,0.7368176206113323,0.5545915449033848,0.8640178438217501,0.7177835269438245,1.0,0.7825295868974673,0.9474254009993617,0.5723262552360007,0.5405973759061293,0.5600582941857823,0.39698600754055335,0.7375357973260445,0.2319018922502164,0.9430314625026625,0.7198014895909799,0.7968585050079859,0.3167893324498611,0.5531819650434856,0.6474400998695411,0.6444156077514194,0.4581930518650724,0.4846839214923892,0.5447160668407406,0.34170277232547464,0.6378416290010854,0.662190768705845,0.6383960850216032,0.5892440921866033,0.7119038383639793,0.7242703009611515,0.5058775142663845,0.6260107924826805,0.39018605627594044,0.7323910966533338,0.45892587887514424,0.6311243008970298,0.43833301924224866,0.5402207738823248,0.6948736589276858,0.3221285525343083,0.6796553993825591,0.4490059212669354,0.6821556162811255,0.618455384794704,0.5714834530374149,0.6395112683607455,0.7767858743472131,0.6654785556325249,0.6323075053187563,0.7348884955372956,0.6468289722686468,0.6201543022405168,0.6042555195862801,0.6197663571019612,0.738913938298992,0.6674982310403651,0.724338671748363,0.2648293147742491,0.9757889595607787,0.7903602291082384,0.6959058015654453,0.4262359528038149,0.5475480980910762,0.5787481723234668,0.45962829387295295,0.7180653730540019,0.5935083968799133,0.7153976106270671,0.36916424451136387,0.4270151688333085,0.5676397920851576,0.6477035750831803,0.6103432479774236,0.6309842145379079,0.2297319064231886,0.42765165610284134,0.5419168663655783,0.684556242134901,0.5821471443411785,0.7281047047783813,0.7039216860392074,0.4168725621864532,0.9575337132241618,0.21790559843169485,0.24394547465532493,0.7054126392906445,0.8990034589067466,0.3259106960609135,0.5772296797659277,0.8566846863187945,0.7478932004947054,0.7030101771440329,0.7128199191746959,0.8933623322581425,0.9332401627857673,0.8579701189394545,0.7356127826201555,0.7024805414860538,0.6348989544885885,0.8057598272892534,0.6011618723475968,0.9481682698990989,0.9296362535219002,0.42569145188875,0.5980630549988315,0.5149359752927205,0.611773337380436,0.721136316349802,0.5598803077106264,0.28225532939970005,0.5612607860834627,0.6925215067896643,0.5980064721765321,0.32921864911572274,0.37373045776375713,0.43610979862901605,0.633944995725039,0.6467837309517164,0.27778585108926074,0.5769782305680778,0.7926489093075093,0.7997230457829476,0.6306183793959839
FNDE,0.5391396774915281,0.4947649775176599,0.45449288745195865,0.5159822562023706,0.5880863319882071,0.5037262184059658,0.7853321688120908,0.7642272118220527,0.9200077693160289,0.6399354186573233,0.5239126818713045,0.6746856023521115,0.624861308384979,0.46584003910951666,0.49739915934562934,0.2242961276041814,0.2153107511251441,0.16836199784434125,0.6569831322673965,0.4244718416003385,0.5663498669093999,0.4577616106441675,0.5445775159058569,0.6257994978735762,0.904417734837726,0.2166339462189391,0.6441743602819506,0.6114586312972404,0.8618804880797,0.607217621276338,0.7500175649179399,0.7484501342375681,0.43814509594713424,0.46245721429630676,0.7961099503625828,0.6295029062134955,0.7743690426294946,0.9168320633552567,0.6319122575619195,0.7508257385403534,0.6850912100350406,0.6739749657607847,0.7789207789795154,0.6654992192627589,0.572465233279127,0.5727829487879137,0.7201921220367693,0.6167598160982927,0.6820001676218721,0.6869588497694502,0.7561598506084353,0.6967161501530182,0.6214162356894748,0.6510508085631338,0.7549526074086204,0.48908445030311376,0.7266026383568227,0.579451649123749,0.7825295868974673,1.0,0.7938789280876111,0.40719686464399896,0.5081365561122182,0.527022418655768,0.3850669333648194,0.7280727935826052,0.1354298828787982,0.7590202276035253,0.6186630863822571,0.6732470770010208,0.23391872655995385,0.4522770862744152,0.6128021676055139,0.6203995732093149,0.4048911623244137,0.3365314271964817,0.4915991024919596,0.36582372088720816,0.6230651298811497,0.533554407866083,0.5894735516009794,0.47900859038795984,0.6180679261363431,0.6189701626516142,0.3619738789731543,0.49818789883920467,0.2276372884627663,0.6580845547622188,0.47637209156526433,0.7028460959313718,0.32263864873479836,0.8304530332725594,0.6170004736780359,0.2993627553337058,0.5648781277827845,0.43916205805700725,0.5519240088523829,0.5939102359703194,0.4336244426711008,0.4847398631963226,0.8026386105914265,0.5285899677642137,0.6050820135989149,0.6715372031163173,0.6013133830002834,0.6092885633451031,0.5572767236871361,0.49074966965681993,0.5991180574753117,0.5620841431730021,0.5964031722270887,0.18134644378074924,0.7488274455997705,0.7781329940672213,0.551595046938865,0.466502294520204,0.5323182055805626,0.5902959681084976,0.40469838993184404,0.628153597273481,0.45011300928024506,0.6204707446706473,0.25422399553915837,0.3082474182068427,0.560841720781111,0.621591909821419,0.611349785748415,0.560647704637631,0.2269264234475648,0.3720707612939734,0.5200656829689241,0.5348209522032555,0.4353953083107446,0.6176363225967099,0.5604431463653763,0.3099866685060154,0.7955023228527291,0.12085297996234122,0.14705198962462795,0.5776323562775091,0.7102675800388688,0.21873224003497932,0.41416287794275175,0.7193939972070916,0.6151800083695905,0.5528889396387279,0.6091025071147372,0.7589365201928575,0.8586703238410466,0.7639701441707787,0.6380136749867342,0.569576255913244,0.5749885980237789,0.9603891880348716,0.4819938178563249,0.8715942994768617,0.82950100114651,0.36028444839590373,0.47018119608415965,0.4141058506236088,0.45275320021679893,0.6163008234903294,0.44716530193674114,0.2971737271051369,0.4151943297732389,0.5490850278328994,0.585823424314227,0.21485567974970013,0.2756485289975117,0.29758257160803325,0.5213584317918044,0.6196823466809044,0.2966985895795952,0.44990815893508834,0.898624257206426,0.7327371665456816,0.5601588657197111
FNDF,0.6672732668606813,0.543651290424263,0.5195333258435639,0.5673274419188237,0.6372493663097055,0.5354462735936707,0.9750538070483443,0.9372101328464943,0.823533812584774,0.7580144438175962,0.6599495804618735,0.7986834195572988,0.8519708908312613,0.5578032791761396,0.530964578401353,0.28625453914543364,0.26795381595546997,0.19726365714516586,0.7467316531559778,0.48305138146457305,0.7042239582976328,0.5926462483503927,0.6875543250655293,0.7039275463241402,0.7678149717104914,0.26721326058621964,0.6774839639459993,0.6293745274894138,0.7873255472345327,0.8307668174976515,0.9166486712802976,0.966103383102591,0.4628295393245351,0.5310820073226389,0.8070684800056895,0.7119163689207161,0.9689538289122666,0.8089199284837002,0.7248979687208745,0.8619741970092304,0.8385623583492038,0.8701390950786645,0.5778318449425369,0.8698086674453632,0.7687365904896436,0.5698421621756128,0.814400978990302,0.8202267286785481,0.8674633720742999,0.7494778279937415,0.7166105601956211,0.8721624620749145,0.6282348883458694,0.6979762646054378,0.7235531360652943,0.5209967314272295,0.8950834287716913,0.7091484419609834,0.9474254009993617,0.7938789280876111,1.0,0.5757275583185217,0.5123276724136367,0.5309240839406103,0.372134691605798,0.7934744050887883,0.1714165839370257,0.9634836563049204,0.7219451467196555,0.8559094280522144,0.27161254595586876,0.5490528823776785,0.6331222439310111,0.6463538760323975,0.43492101576690245,0.4587017017469375,0.5286935157311551,0.43564160087261483,0.6519321270789802,0.6785641781982424,0.64495621222933,0.5851519147692298,0.7232915405539445,0.734281939227533,0.5072953838850532,0.6200375127809538,0.4011995797391585,0.7189741734269243,0.4685181805723378,0.6265950361432472,0.39458212999297443,0.5279951906012157,0.700097377566187,0.36733212102131974,0.6701458036808011,0.5192102136015868,0.6857436387228679,0.6034820042012699,0.5698635021016132,0.6242939031743615,0.817658308182846,0.6760553452151041,0.6248354003756471,0.7265116295381087,0.6459282233721066,0.6249348710356556,0.6175512609455619,0.6018454388479847,0.7433084454002914,0.6853811081794463,0.7186900003688437,0.22481157291074025,0.9342178817324238,0.7928455055850941,0.6841951016476994,0.43089794995751235,0.5279836413294957,0.5929368763269263,0.44222821219396913,0.725054495691185,0.5969847148028588,0.7165220225674582,0.3106293712001447,0.38214360533276315,0.5464686875407008,0.6555641096459877,0.5938195152605511,0.6221549489845987,0.20696407176003365,0.42036656553765406,0.5331639975412303,0.6649366906233033,0.5878708853543062,0.7140807848416455,0.7039305203913232,0.37959827451628236,0.9801367226142488,0.1514455201559405,0.19773182199699044,0.7170673478666086,0.9027347648474549,0.2691113489124813,0.5373893156817253,0.80390563425864,0.7464936281752568,0.7128530889719947,0.7023565265463997,0.9204737400526234,0.9401206562834686,0.866836261351135,0.7383314160778607,0.7325631373404836,0.6248856706773542,0.8021845400236384,0.5643300105454068,0.9654468644730826,0.964819650262482,0.38760118387137443,0.5926865325292741,0.492859039469483,0.5892099183063584,0.7354001642604097,0.533927266336885,0.3660881598593864,0.5723793916351263,0.7017037499815608,0.6089651158222635,0.3307888039336731,0.3642048849587633,0.4449040107595912,0.612543307011416,0.6649524700373433,0.3464919596846627,0.5626049985241703,0.8040097483911375,0.7862504579302909,0.656852149805615
FTCS,0.5927432961045803,0.44260889006446097,0.4161163158683064,0.43182563777441335,0.4362378847098736,0.3960049609748966,0.5972824622059351,0.535813095295305,0.3632627910167991,0.727724651221452,0.6662477877379805,0.6389779560519976,0.4615445106380651,0.4987266807870726,0.3533604934944906,0.22574509003457371,0.18197079471127733,0.12980950419913892,0.46530095273642536,0.4454892892695382,0.8230850252987998,0.7223064246512851,0.8533615259621015,0.6421601164280077,0.4243604732359056,0.17776004556514505,0.33145953970150405,0.35031751623582347,0.35647226013651034,0.5949846473111785,0.569254838445975,0.6097319619402498,0.3050153631991461,0.37116002033654893,0.3403360990822613,0.4266074483125112,0.6046539481920807,0.35237378242348677,0.6909143134037499,0.5901921229995534,0.5295964324371244,0.5464972688504584,0.3303701943296484,0.5507971224265639,0.5908668479595417,0.4006966369638081,0.45256563131176875,0.4851247354798533,0.548734504716868,0.5077979691202328,0.31015546454642634,0.6229094667593302,0.36792258700867253,0.21665765691670208,0.37769384636947917,0.48377484448954067,0.5466714247621326,0.7013841099466687,0.5723262552360007,0.40719686464399896,0.5757275583185217,1.0,0.19256729151694515,0.19567021739628615,0.0721251748207789,0.5216574726285274,0.10716768331233337,0.6322636394391268,0.7257267581769596,0.6212951080429168,0.1968281489246207,0.5969014303868263,0.30702311365804386,0.3558982381357793,0.44016465353371853,0.6759409684036227,0.3972173989515758,0.3971199692791639,0.37614429259327326,0.866284465798034,0.4930278143125381,0.5325933858503031,0.6255597272123855,0.775139885841663,0.5968254715817765,0.676752423108726,0.7489332728156642,0.5417186718726439,0.38718006847129666,0.3227257378595775,0.3103503143139626,0.25908399139086813,0.6480009568059468,0.42995953915008284,0.7840473060571163,0.4221286489971669,0.6489020364577793,0.33762489616932917,0.4715829700065665,0.7814427272620709,0.4259003053910283,0.8095060602289738,0.3509564020078605,0.622352307516902,0.48204462224150973,0.4112255442537611,0.4925082765851215,0.5939944160361661,0.8506395235516865,0.6296932068778063,0.6448725642631263,0.15461237847179818,0.5729521161636463,0.5917367906134902,0.6130019751932826,0.10250413222777292,0.1901026566573341,0.2857063756489665,0.3214479041119755,0.6932431373693011,0.7837023747428775,0.6902613865650568,0.21412711350204947,0.30509003730220374,0.2890789061415096,0.5106512915004766,0.3298272902881309,0.5629266324198351,0.12026617037581856,0.32887239919032146,0.2124452065422961,0.5876028015691204,0.9202770622331145,0.6185483166994047,0.7515970942786245,0.31662023922500193,0.581679007033216,0.06631070108910951,0.14474455596731547,0.8708450789454902,0.6705608814034043,0.168259311781141,0.6890172954087406,0.5472311111661892,0.7904961182685328,0.8519333456627044,0.6532962272309497,0.4550582979421048,0.5178502742512368,0.6799779931321415,0.7019606602267751,0.8704539205388641,0.5152523652686942,0.41535885484420115,0.41565856089785,0.5544404531579847,0.6137050102728397,0.4361391473711316,0.538167259625475,0.45408431148061007,0.5982497903656007,0.737874145737325,0.5713153256655127,0.4105268788181004,0.7905266258647567,0.7412722175986597,0.3955076627978632,0.7067650061788611,0.5058682462315317,0.7366408870913668,0.6043241074812633,0.39188946391218166,0.3680633742446847,0.6267016072514403,0.3519025876640811,0.5614933102857158,0.638167230455978
GDX,0.32604640949581737,0.27220557214168023,0.2965414166313452,0.2885769403339535,0.3437672218753735,0.2734695808410644,0.5462965727103686,0.5846789531003893,0.5180203747251942,0.3027605286228079,0.21472221685329335,0.5611198472917938,0.40143852199624713,0.16701799508383094,0.3028083743764681,0.22687187149353075,0.28048222506790893,0.2872154922406522,0.3527961096674348,0.21580881362271437,0.2886108090155424,0.2281257544427817,0.3072476039348912,0.30308372980350834,0.48786338839641946,0.27780350978898327,0.5336661338342762,0.419861451369836,0.5231961418600766,0.45661561814666396,0.48322687969103567,0.480455813559694,0.2812531674034493,0.2387071928407352,0.5018772700451781,0.4155502734383277,0.4957756490919831,0.5038197696244358,0.3069725336290119,0.519820753457182,0.44898026169722854,0.4377383043485589,0.3522987300285711,0.42435679772430435,0.42009100077247646,0.37574060578450824,0.39663152711554256,0.42977080542090523,0.4104102836531343,0.4195187094930076,0.4104987380608463,0.4865102373127612,0.4201437266665851,0.42800169947880384,0.6864219050198117,0.21421900769941032,0.4329065280699517,0.2783840612468134,0.5405973759061293,0.5081365561122182,0.5123276724136367,0.19256729151694515,1.0,0.9835847068291225,0.8197754053551364,0.5767825906179606,0.23413197442356054,0.4937994225946427,0.296354291764549,0.3179771154461071,0.21549479499374619,0.2929200355533841,0.4288060839849029,0.3900119763982236,0.19351231545899927,0.21500747846658713,0.2843586469952886,0.13511470318241284,0.31807918367162336,0.26603709033543216,0.29737284297551825,0.2153290529048612,0.33721913153224453,0.29822180525835273,0.07459739326583655,0.22126314226634833,0.04055702776909989,0.3789965242519716,0.22482088900709468,0.3956833839166683,0.2820150617258487,0.32866965392380054,0.2947862844099117,0.09498891256056993,0.2542248396298439,0.19483806349121113,0.2819584791482016,0.3523793437295868,0.22062883575193426,0.23476569886780665,0.6153152604152675,0.21242994793867606,0.3431933492167155,0.36349683625318346,0.29205074455327845,0.2873454626292854,0.2926848131974679,0.24413644052790076,0.29155025041304145,0.2759050279219783,0.3106742365950045,0.2815466161246895,0.5082454085430933,0.4203987192802765,0.29556282604402895,0.7663508178382934,0.9346454219036066,0.28755375995366506,0.25383858180783436,0.3027994130194938,0.2179552004639457,0.30613757133720293,0.30724014040118497,0.27958931577644347,0.3254526374865296,0.3151726802053476,0.45625100569436483,0.25321219857244376,0.09786124538913883,0.22964715331111576,0.5074521423111147,0.3042725853674382,0.2718910480288812,0.34894686878241915,0.25689452074032587,0.24635342294957022,0.5311380116658628,0.2786650556995914,0.19745596024889894,0.2969215321929872,0.4734252219760778,0.2872066976294307,0.265535376555928,0.4819536124310309,0.3285720465167689,0.29359292901748424,0.32755063059575523,0.4956972118061142,0.5269703271102921,0.4220678043389399,0.3124723175233619,0.29845968607140044,0.2666691615953139,0.5038047533056778,0.33493059234241424,0.5432903177941591,0.5188248724641322,0.12454360021803984,0.35902464514408877,0.2807270012727409,0.22584592126357783,0.44572017339740855,0.19902097529837187,0.07722676372306655,0.1476652800100467,0.29386342112493175,0.2896439744962486,0.13421996780801942,0.30506311605246794,0.19004425627789215,0.21194377032894934,0.6090102997890925,0.07025094262841648,0.19126296712874502,0.49275408039703683,0.38973899778968774,0.26733501120738684
GDXJ,0.3443099578582948,0.30461145701273157,0.31547978609851557,0.3171406927284805,0.3702903216699753,0.3061006463359499,0.5664275042436813,0.607678722978926,0.5390966465116466,0.328474778700141,0.2417723347852599,0.5741180846499325,0.42130298426964596,0.19078510087397502,0.33812468278866165,0.2217992641712809,0.27243047930827274,0.2792765671259327,0.38411703367713057,0.2469789840904823,0.3040660754027545,0.2354591887685123,0.3196875654408412,0.32864317064958576,0.5044628120213102,0.27091054464877967,0.5487320901907053,0.4458054489456731,0.5380046552661487,0.4605653263056387,0.5032637651790645,0.49527802506104357,0.301845005742124,0.2614642038062954,0.5238434319055658,0.4335076349005068,0.5140853135811336,0.5230543112177213,0.3315983432685013,0.5393328884098668,0.46400814760848674,0.4595067619039657,0.36402670366399176,0.44530048587323073,0.4208842452660638,0.3814215797117482,0.41936456459170735,0.4421169436277824,0.42615382312753264,0.43742752656510364,0.4343171597743361,0.4926163047987089,0.44469001182140167,0.44359796888982467,0.687821233054691,0.24462486345108445,0.45256877445616644,0.3033035325969432,0.5600582941857823,0.527022418655768,0.5309240839406103,0.19567021739628615,0.9835847068291225,1.0,0.8143716647884766,0.5825674284919269,0.2244745601789076,0.5139295155235378,0.31962657539264067,0.33823780648753293,0.21412658791049546,0.2982696319425557,0.4394480379961778,0.40963130282696447,0.2255382333756785,0.21403096664458235,0.29908975113707204,0.14310000099914796,0.34696982669811854,0.2782384974067805,0.32737503818148117,0.23810673745664462,0.3618786542464941,0.31937520576510486,0.09613422870536528,0.24718013135797803,0.051201208994775836,0.408534010898308,0.23586819003618384,0.41451378884470236,0.28074887381492036,0.33947041090787233,0.3197948585977474,0.09973071519390174,0.2671367650493536,0.21222194161118993,0.30611444010930433,0.377727802381327,0.23989321170691583,0.2485387994602504,0.6348139125623272,0.2308977162440114,0.3613934056915414,0.3844829926436117,0.3190810562630797,0.3148448339897067,0.31985109728039735,0.259143058316453,0.3071151689880836,0.3030043695343635,0.3389474721151378,0.2742637770658358,0.5288800270185794,0.439268115655557,0.31859233662105185,0.7749952270614109,0.9548718976508582,0.31384814666695826,0.26605074977077503,0.32709910064404263,0.2216780333718551,0.3303867575313145,0.3064954716297836,0.27812760112329177,0.33990588347867473,0.3393668860258577,0.4674704755807455,0.27905039462942327,0.12115944094494856,0.244040196328693,0.5310160264201155,0.3243022164874313,0.2737057630200747,0.37685510795468335,0.2796186757640223,0.24618545704391953,0.5505946953185593,0.2665916150081045,0.18836788680608457,0.30978294080350044,0.4900274413689272,0.2813102422992713,0.26098415197194275,0.48871186762015784,0.34596905687764795,0.30371775697330394,0.35061581973791256,0.5166603413164365,0.5483804626817732,0.446254499126924,0.3379373572765018,0.307677463946916,0.2955385274603416,0.5245516806697346,0.34701330749641907,0.5640169713038768,0.5343540082435024,0.15562208388940194,0.3784045437840061,0.2973202206008987,0.2375204566135068,0.4479840026307794,0.22422014696520698,0.08499890427304434,0.16434605171123393,0.3115131063608326,0.3188200204488767,0.12058301963748053,0.28680890920381025,0.17957014648166572,0.23475108738563247,0.6311295138886824,0.08509719247723016,0.21407543480978045,0.5148827669176358,0.4161054727506761,0.28938746611780924
GLDM,0.22077024903871054,0.13779424377478253,0.1766526885171347,0.15411783786200542,0.21578817638366424,0.14245308896245246,0.3917649716699054,0.4475367823929655,0.3863386028245144,0.13982104339508555,0.07620541041169515,0.3856026986437705,0.300891518085893,0.05735124001673247,0.19161139431357904,0.19835353060944155,0.26258206723996697,0.27032959225937486,0.23066102537203295,0.089437498992243,0.133499836494379,0.09625932577970459,0.15050272228640246,0.14575427875735664,0.3865526256799458,0.25863187680867816,0.4409344223721701,0.3097679617897826,0.40257000227990347,0.3558557656778623,0.33148386483806375,0.33542995798036446,0.18460322181572683,0.1442733547008778,0.37981252292918977,0.29556441637259623,0.34440372979144446,0.3757355774525463,0.14339188332737696,0.3584351025065691,0.3006207856584106,0.2888787318014325,0.2591436831832068,0.27771452636928456,0.3000277846037912,0.25644838708158013,0.2537593759700858,0.2786613747222423,0.27455018080786253,0.2816834022396437,0.2913453406547244,0.34139571934079505,0.3152032327563666,0.3383799923811747,0.5529131439330508,0.08138891212209329,0.28500844217852284,0.1203520256559436,0.39698600754055335,0.3850669333648194,0.372134691605798,0.0721251748207789,0.8197754053551364,0.8143716647884766,1.0,0.4407770303288936,0.2381788730838061,0.3387306768568802,0.13540549931963863,0.16059516164859783,0.19931776286797773,0.16636831742104252,0.30336174785131703,0.25436074076171444,0.07801266125079294,0.10979284301686303,0.17861658092036448,0.09754815457476343,0.18477990025978355,0.11396809168446204,0.1633943880918166,0.08789166301967503,0.1765214334918761,0.13730264792729754,-0.020534874967077024,0.06813947369984395,-0.05790495122872794,0.2274928035111436,0.12972235206667765,0.2833012059394091,0.2389851450912784,0.24397798105581137,0.14134972490974726,0.03507322185883546,0.1122992005404166,0.10979692654138429,0.12740206604691764,0.23413065999165006,0.12140508383120127,0.08960023673574409,0.47941762896636086,0.053919333377060216,0.2162398588528825,0.19610560169197885,0.1528083155363055,0.1620140250086361,0.1637818786167484,0.13444592210979375,0.12550842611444538,0.1295622081788625,0.15042547254582259,0.2689445646327457,0.36843418119306076,0.28504283690233034,0.18533632456222454,0.7810064528935118,0.758774953320253,0.1729307594971338,0.14653828110989892,0.1438530592982696,0.07816224517274221,0.14519178583512932,0.30264009234939176,0.23882236995587125,0.22452813524703755,0.16111496562894675,0.3749492360664218,0.11352701004952019,0.07380751086289314,0.1399295114868651,0.4010176176200818,0.19295940130671269,0.12600408736922925,0.1845516138520065,0.10195249523513905,0.19972444738806966,0.37721574475534464,0.28244494616055815,0.18504430819107914,0.13417048113358607,0.31530588637417317,0.26383053758214753,0.1304740416642809,0.35609105226850696,0.15946364937295016,0.13337513102263218,0.16134945488942457,0.3744560699398698,0.37814728462792413,0.2524427086336486,0.14905779115681364,0.13829511299028327,0.12949348232955388,0.36901821356093445,0.25321892471974433,0.3898075350534636,0.37207652218565307,0.010042840842653144,0.2458088901649589,0.15918522918410644,0.11327423869467454,0.27519509013092325,0.08791671966300046,0.04146621449498798,0.0066549184268938225,0.14484949345706927,0.15438094154952653,0.06608988771923714,0.1871732011021514,0.08974086739982876,0.0796391288797792,0.45171760491146723,0.035316675036242036,0.0688698209268111,0.35923677151059097,0.23006168858182358,0.13026283119125381
GNR,0.5303849245854004,0.4256520237956295,0.4196686970390415,0.4544203683793863,0.524042260598404,0.42210657779323385,0.77968014720657,0.7931232953534387,0.6617361473424069,0.6727455509612345,0.6733181155354615,0.7935726159326444,0.5818379727499954,0.4827674563835358,0.43170176468077964,0.14464311837554275,0.11598150671533614,0.032309992305361884,0.5443559341632583,0.37889212920902254,0.6062154664636568,0.6455353715680867,0.6552583041015939,0.5601815003737499,0.7388583281199029,0.11588301246540961,0.5038359608971582,0.5581401554379358,0.5941927295370729,0.5982574996348203,0.6470923212551656,0.7678825128382574,0.37798114145057754,0.3886514806828225,0.5993451990294941,0.5928272305408309,0.7238537793554086,0.6401480859556686,0.5944697504355017,0.7622158173935975,0.6484302894238051,0.6111061603196537,0.5536579424198664,0.6513591282161242,0.5441124240504348,0.4777240996117104,0.5930567634912474,0.5926498748957395,0.6368934921185513,0.6193750430645063,0.5379080332992985,0.7363120179303735,0.5682349506965894,0.4815670624295925,0.6496261576338366,0.3906434455273444,0.6472586436667443,0.6548435767953532,0.7375357973260445,0.7280727935826052,0.7934744050887883,0.5216574726285274,0.5767825906179606,0.5825674284919269,0.4407770303288936,1.0,0.03515243313924904,0.7396844322296842,0.5948509429555376,0.6418743939798583,0.14402715604606842,0.4522115822741713,0.5577406876733001,0.5266077126656942,0.3328294017537506,0.3499984899211602,0.3653057648990333,0.7404034362665092,0.4710025181544711,0.5900293363379756,0.4910560907163582,0.44020019043562975,0.5895794526069209,0.6064957636247322,0.48182711226484665,0.5492148183228897,0.36010725068692695,0.6206967657624922,0.41487249492053163,0.621547221896526,0.23841567597337687,0.5141088368379043,0.5596010542177144,0.5204914563124543,0.5789384476774045,0.7244644557385385,0.6252546927574673,0.5712181136118102,0.4743982281952344,0.5390481972249318,0.857440714624488,0.6476140088572232,0.570547246743897,0.6180489763366521,0.4777980254119505,0.4763078235407281,0.4906974464930329,0.530846606454941,0.6819996667707267,0.6120860623004092,0.6426337926228078,0.14448472832613582,0.7057523076008042,0.7854998849774468,0.5392215983517697,0.516965432479324,0.59026826775585,0.44754068890439214,0.30299315072531224,0.5973228936820159,0.6227215010719285,0.5758340732133057,0.16485167762380878,0.2262121134824318,0.5149453475467269,0.5403140290183677,0.4932566682193129,0.4599002300274833,0.1428723775425134,0.26533559594153405,0.5040165578115057,0.5255071268353995,0.5197381173317649,0.6217542647557748,0.6707086385830842,0.23310603400462343,0.7432615230644145,0.01136419327548071,0.06587307684967007,0.626574644368283,0.6712681279956094,0.11774005867406895,0.4797484039481602,0.6243285143880825,0.6773529368460602,0.6996821475664116,0.5843279279531397,0.6613451415693963,0.6952641371045205,0.7007839215659541,0.6152384878615005,0.6955139405526305,0.4614147949025872,0.6766349767032607,0.3924511527312548,0.7529880032351787,0.8025093778396077,0.315697852811279,0.5046245889429005,0.3905049019518292,0.4826627963881472,0.779207734303283,0.4024981223030652,0.6798965140515011,0.5135251870703085,0.611803809048692,0.45612793600036794,0.29641530669258653,0.3662362502439927,0.36379999738382446,0.46854768366065164,0.765777995481699,0.6523659371265688,0.5043329887298946,0.6278498620905812,0.6201081768913116,0.55368195358822
GOVT,0.47327676112858164,0.05555684691614314,0.16217150312549386,0.0854871040789486,0.05751639472306066,0.032724929061311255,0.1777807415048748,0.15214697279964245,0.13856108715410786,0.024583250377987125,0.01781373967642384,0.13792423254302652,0.1280595019848698,-0.009588206420458219,0.02686241557653886,0.8799154853802997,0.9311100936844752,0.7866476122501201,0.07131343429149774,0.008554479360138449,0.07054082866780527,0.13144623556633586,0.03575500499311024,0.04642077106449919,0.17684298804134715,0.9240451961344479,0.5417726204285608,0.13880780906109058,0.1813489349633064,0.314166040934308,0.1936551132016863,0.17050477303551165,0.13265510300945862,0.09681506160034538,0.1443743577189752,0.1429795965602303,0.19204618700517742,0.13896135588920794,0.046549065598166385,0.21095658867714293,0.16760870845737555,0.19199132001252506,0.09824885644509965,0.13150990955939365,0.27687266806167204,0.16867059947984314,0.11336170652568009,0.1717501984714768,0.18117212782330364,0.15580162907890685,0.10936626020044989,0.18642544382478468,0.11349863628243353,0.13791134522134899,0.22895843979415595,0.02216742475283838,0.15873429327138328,0.09664618654450446,0.2319018922502164,0.1354298828787982,0.1714165839370257,0.10716768331233337,0.23413197442356054,0.2244745601789076,0.2381788730838061,0.03515243313924904,1.0,0.18458566557470998,0.04329629483271387,-0.008341956012298736,0.6706812605179143,0.17859844419458554,0.1996234890754203,0.06983941473375199,0.017146548079946634,0.13202003512727795,0.0893874185466599,-0.14471472419518103,0.02237427357571015,0.07084838922699846,0.004412350318409355,0.05509898238738439,0.022563962355065862,0.0780442523274968,-0.02175159009242966,0.0264405441060359,-0.03853780292108565,0.08820528950737623,0.030928709416802785,0.08950717977200413,0.8499335836318933,0.06166394936758431,0.030262980327816033,-0.07079160370216836,0.1323464550311468,-0.14804693384174372,0.02788696731607806,0.08728003261931029,0.2657934993075714,0.15050408408630248,0.08520264880374878,0.027222786725581344,0.09907968528735735,0.08275924803091976,0.029279639872728577,0.011461138812515453,-0.011879875197733659,0.27628581484996767,0.10104098728693049,-0.0022062059864512715,0.08626442805087661,0.8492599940825016,0.22155362832244177,0.19693916190655256,0.3788077481163408,0.1289916087207281,0.17699901969564802,-0.012710152251723707,0.07525144831703105,0.04243517340230432,0.1582113487309182,0.050346437323343485,0.8166046716486977,0.85914368022486,0.14360625888245673,0.04262709741945939,0.2148428963560019,0.032935761270628264,-0.007623300914597638,0.04269435644723835,0.012995146239730951,0.4271290533973066,0.13801698374485938,0.09263658594116948,0.07990370788857205,0.8188641053347101,0.1930075157329473,0.9271960898662026,0.9004412229436575,0.08486651156711929,0.22340670012210026,0.8972593597954189,0.3130636587299563,0.3287342915994985,0.08703090021338425,0.10292936835375051,0.05580084498408005,0.1722786259662441,0.19083285307639594,0.10207609548809325,0.04806708609045452,0.063742813006365,0.025394808640874133,0.13044503892159634,0.6868654567729638,0.1811961228650566,0.17790799465925225,0.04689340364154236,0.05373304784355553,0.15686804737936205,0.26399712870475456,0.11004571567831828,0.055717342647548754,-0.16792714202797837,-0.04175816986193354,0.03163452543059139,0.0011525528123432142,0.160919207002784,0.22503208271033795,0.14776637425880057,0.10009958038248733,0.02459046876527386,-0.19122907701332495,0.10906065540721513,0.13853581539233847,0.1221173146820001,-0.024493098208856878
GSIE,0.6965924017137902,0.5926390915299358,0.5452685736814306,0.6012077860366811,0.6565235517925587,0.5718436245361326,0.982059349960246,0.9220512001335384,0.772838798402191,0.7863371047991813,0.6648586915381234,0.8216753769005423,0.8277080492263524,0.599635049642721,0.5530509659260626,0.30587937096297696,0.28332168418821835,0.22115811498888113,0.7630572043504251,0.5218016545818757,0.7483955871502345,0.5962781048013427,0.7297495697093199,0.7448570832111797,0.7375572749785736,0.28290980382145225,0.679919951269762,0.6215133724975175,0.7436934638037905,0.8534141659172949,0.9531127956513707,0.9617600702945723,0.46425098567438594,0.5507815564486426,0.748740548772108,0.7154645115786336,0.986333750382041,0.7613242182346927,0.7661866780669471,0.875930697295569,0.8634098790059481,0.9087333426011681,0.5645138502835638,0.8940820707216213,0.8159931614684307,0.5725740937624063,0.8455108574521084,0.8408947907980543,0.9014077811992702,0.7741780552934014,0.6841161916563736,0.8923978133179198,0.6277625467067374,0.6014050378586291,0.7128533131262405,0.5756343244406154,0.929735232406095,0.7257113791042785,0.9430314625026625,0.7590202276035253,0.9634836563049204,0.6322636394391268,0.4937994225946427,0.5139295155235378,0.3387306768568802,0.7396844322296842,0.18458566557470998,1.0,0.7669082465246017,0.8791034845551606,0.2950381478655765,0.5857946303818188,0.6094390131555003,0.6338452927994452,0.49154264175318546,0.5210147685188288,0.5495142739835355,0.37665355340020584,0.6609097935437822,0.7318431495385843,0.6827262779670139,0.6297557534109188,0.7517986937421738,0.7714181201149668,0.5270455257571791,0.66246706074297,0.45838958944810587,0.7326283613568095,0.4642865046193616,0.594793140890675,0.417977574931129,0.5146887815808286,0.7420942717699477,0.35054299313469184,0.7125836102981062,0.47423116140058486,0.6992817057798607,0.5887609571447744,0.5747169864534099,0.663414641824507,0.7657952755074222,0.7123674370094814,0.6108166833341578,0.7564811173639513,0.676476450678118,0.6431224827691877,0.6552200088525961,0.6229663820780147,0.774615921608314,0.710729660885526,0.7314143061951817,0.2276441188464141,0.9426392550617886,0.7862813810308011,0.7258430188665467,0.3946589631982178,0.5051919089314628,0.5973804489243675,0.4572241570356491,0.767910422228088,0.6098643916972809,0.76238565780319,0.32900288219822066,0.4050378192803752,0.5256629947472805,0.6737541514023109,0.5840322664449273,0.6733887101901979,0.2128075425844548,0.43984109300296387,0.5151240053821011,0.7008875957190374,0.6380791974007282,0.7403192777171685,0.7231319971370322,0.4048384529162632,0.9779277022796928,0.16142682065200126,0.21301627122083572,0.7610260278670037,0.9460215693887998,0.2824799118801909,0.5740171421224566,0.8162234539083998,0.7756835172827975,0.7330033155537375,0.7399693165099787,0.8703010528016444,0.9334467396108995,0.889472021824969,0.7789371428056324,0.7509229820056315,0.6726668440653599,0.7814320137276188,0.5895202343982638,0.9576386668245442,0.9583200930166862,0.43874895749071496,0.6180783345333517,0.5208675400060332,0.6052861815016904,0.7389163734713249,0.5871877409196908,0.3162939151181772,0.6271470807974987,0.7285318798993508,0.6274964316772789,0.36263943529153086,0.38084686763356546,0.496384976798386,0.6616910755107014,0.6337303474742269,0.3020923616912557,0.5827528457375865,0.7581465847869515,0.8082321826944624,0.7036874423937112
GSLC,0.7096588047327315,0.7716377742768639,0.6200423960097968,0.7699015521808206,0.8004700360341673,0.771317147955568,0.7445444121031953,0.6892987768293815,0.668797604133466,0.975537172156864,0.75554610788544,0.7464471510305182,0.6668355172092728,0.6501550981148025,0.6758037422521325,0.21198873420882283,0.15613237724934922,0.12408002111137678,0.8344936811757167,0.7271428176384147,0.8960459704472469,0.580226753135306,0.838800333826298,0.9735886191807746,0.5667516327268405,0.15532628463048423,0.4297001816967313,0.48298818679938416,0.6023080541884996,0.5061982539005623,0.7857173692147288,0.6709128609372328,0.38680253659360475,0.6138922498634998,0.6740170327263955,0.5530113789244202,0.756965761243208,0.6557768908482023,0.9942661154160535,0.7213392857695039,0.6683937106684966,0.6827583138287351,0.4380783857535239,0.6470637777966833,0.5472832734766216,0.49012867202077853,0.7431354377345855,0.5655614342524738,0.641835842990268,0.6378345639360442,0.6705960443394217,0.6228325153420463,0.48776051723642866,0.5321632185293084,0.5283611364541497,0.8390270805807374,0.7152797857248284,0.8212502872925208,0.7198014895909799,0.6186630863822571,0.7219451467196555,0.7257267581769596,0.296354291764549,0.31962657539264067,0.13540549931963863,0.5948509429555376,0.04329629483271387,0.7669082465246017,1.0,0.8013458523184938,0.18863832250061147,0.617041237463542,0.5123680822376261,0.7359106011661284,0.7511999787956612,0.6005090404682119,0.4955492985174757,0.35514033145074936,0.8625732140790111,0.8643786132106699,0.9097473930032176,0.6689442542294022,0.9459674855921937,0.9654468459836364,0.6236459763611474,0.8151971855496496,0.5216580424394752,0.8461293587410693,0.4757954099537297,0.5214707795380679,0.33061056510951226,0.3855935171930628,0.9848213173043211,0.42044260670945666,0.844330844935305,0.49521993231950917,0.8102948313275783,0.6246286833366167,0.5666282308500112,0.7452814303301247,0.6184608380995911,0.8436088885430781,0.673683647495766,0.8922006247702747,0.9248890243412093,0.8540277777406636,0.8451196036679619,0.6167028071365237,0.8922978302226798,0.8221059803401226,0.8446645945430641,0.12088575449861313,0.7104953099717138,0.6620665055565084,0.7589549596036334,0.24651359059668188,0.3412255929096844,0.7701958247261207,0.424966633799585,0.9931901793936884,0.626586476762646,0.990927313406253,0.19050394969755635,0.3140589843604661,0.4744854518236708,0.8689589287010981,0.471503404480999,0.9447691569730787,0.215415337377271,0.45273302932904674,0.4890662750032517,0.7196634683636595,0.755623680458393,0.8840860635336563,0.8187693085028497,0.3369545280429388,0.7676113038396725,0.008397373142203736,0.1043353054725352,0.9216441995993288,0.7433460378726838,0.14929207775050318,0.5804626625902553,0.5865054824641284,0.913053011526148,0.8049320517490615,0.9272283180706885,0.7092457039198184,0.7524998479408167,0.9591620384443243,0.9936808163189329,0.8411921711135765,0.9408343231115016,0.6693685626520428,0.5169870241274642,0.7664457523548359,0.694880555080875,0.6528086078856893,0.6821883171177223,0.5587915535877036,0.6319292112246693,0.7305532996160403,0.7926238957623588,0.3578849325164174,0.7629790449590043,0.8325727929480912,0.8752564188085532,0.3315862664210821,0.35474613759585955,0.5202902826926813,0.8567479745880027,0.6172623180287871,0.3916675081601492,0.6933639387916192,0.6671783374162509,0.8899246906405198,0.8670993929039277
HEFA,0.6135532459547721,0.5873928145131189,0.5149174135925788,0.5971125509888833,0.6674448872578725,0.5768866622438816,0.8604878572391031,0.7918931832076667,0.7058793175516177,0.8198776413330731,0.6789135305224591,0.7106220932241709,0.7966882066735794,0.6143708286394439,0.5428089502112964,0.15680484296602268,0.09186156808390444,0.09322851642906793,0.763007652661197,0.5352226585529477,0.7748559719081276,0.5440636258996334,0.7354621234562149,0.7765320571359774,0.6239727673440276,0.09387168227558279,0.39829875562583356,0.5225376915596777,0.6507891415580102,0.6563311688912369,0.8795145097655555,0.8362548314235893,0.3750476668039157,0.5419619095315059,0.691219999417779,0.5999337874234962,0.8840373282522516,0.6911790296869283,0.8024450544170807,0.7395863314092538,0.755522470047259,0.7989304314378235,0.5041261998597729,0.7829054859019406,0.679419657624314,0.4447848260776373,0.7948662306276614,0.7038300768957919,0.7842010299507498,0.675352500708827,0.6567757453228412,0.7650827638556175,0.5525656312919942,0.5459173351416649,0.5611835740557606,0.6099702892214574,0.8377565685887813,0.7246397212559611,0.7968585050079859,0.6732470770010208,0.8559094280522144,0.6212951080429168,0.3179771154461071,0.33823780648753293,0.16059516164859783,0.6418743939798583,-0.008341956012298736,0.8791034845551606,0.8013458523184938,1.0,0.16401988313628812,0.5636392103495799,0.5153147534458477,0.6407536194361425,0.508751274375964,0.4945999983120534,0.5125365369319316,0.3677919136291772,0.7027630272528151,0.7522759456774671,0.7311669416973824,0.6375414805041654,0.7897668828895378,0.7934269875938701,0.5511416843940217,0.6871677334680603,0.4775377526720391,0.7259580049481112,0.4514232125464296,0.5386929589023151,0.25919556115628384,0.445540497246989,0.7834275583757301,0.36897371519210626,0.7054724419229166,0.48489845905748946,0.7303565417431742,0.5635817896867332,0.5384989653199393,0.654895595130137,0.6785763080311314,0.7313902170906776,0.5925598719886914,0.7600017306137299,0.7212956652680611,0.6887749024967675,0.7060026424188527,0.5666214636966416,0.7757947607084027,0.7463321343843244,0.7381661001529676,0.04468653063795419,0.8040474423290506,0.6814518140988394,0.6610836547734326,0.2713247932339177,0.3590932441574556,0.6534859838920277,0.42554479808138507,0.8036158638340093,0.5677331478350043,0.7950955228500374,0.12303527490064613,0.2429037985741565,0.4606039861714747,0.7051160550755786,0.4638743023562923,0.7146545617265923,0.21747577398732612,0.4344647452622308,0.4748526038453682,0.6203255898952599,0.6166259388243384,0.7480000389981248,0.7289981231391421,0.27000857924539895,0.8732821752902576,-0.05563319171062146,0.060038070138659,0.7766899034755814,0.8383581511249385,0.09354613225838752,0.4954037543758913,0.6502776304378938,0.7779583158943478,0.717151468885497,0.7600886849682666,0.8028615075634397,0.8366402590531334,0.8718748964209091,0.810468774514931,0.760880289858027,0.7157780115036623,0.7045753046455175,0.4528273348022972,0.8565755933887939,0.827191089944959,0.44429876208538527,0.6259384657908525,0.49449406798439416,0.5707260648207645,0.7068240251139557,0.6058030791178034,0.33628981731175395,0.665607581263444,0.759866351965664,0.6801125244081597,0.29614503589448976,0.3221434850257492,0.48105304403067567,0.677461443453399,0.5960239853028001,0.3393888011102672,0.5813601578556145,0.6924732222793931,0.7909355481903683,0.7511363508480938
HYD,0.5027747942370944,0.1553725926575631,0.21390059933122796,0.17647992950205832,0.172842814421753,0.13900256276786122,0.2903038365010302,0.2512059897639787,0.23125502356710753,0.17161314508966,0.12909391958546027,0.24659482509442363,0.20315146569689455,0.2094153620675115,0.1247793469578047,0.7188272264811787,0.7165197296725939,0.6069188065891952,0.22312046122934212,0.1407628167722921,0.18762097990508103,0.2067646871976929,0.15407837110807615,0.1943063061862264,0.265024530783482,0.7150645617944283,0.5000388500416022,0.2255952744338584,0.2567988832791567,0.35546544492448295,0.29914881259565396,0.271342459805872,0.1525087025232919,0.18869751576498475,0.2234943679589161,0.21254103344640332,0.29511858714958794,0.23353777750535215,0.19188292725061964,0.2841925843438986,0.2868851520215959,0.2920171105508223,0.16703672331223435,0.267410806610473,0.3296180054855503,0.2140937309635537,0.2194675784548263,0.28136675289046426,0.2811304332011731,0.24084374128897512,0.20675361129496678,0.2910594011634606,0.23770009871347855,0.1770811257050588,0.26084737914755096,0.14398405601672087,0.26796155283047934,0.1997297025659087,0.3167893324498611,0.23391872655995385,0.27161254595586876,0.1968281489246207,0.21549479499374619,0.21412658791049546,0.19931776286797773,0.14402715604606842,0.6706812605179143,0.2950381478655765,0.18863832250061147,0.16401988313628812,1.0,0.21605160484258354,0.2674328695615033,0.19387552685803516,0.14935248966138215,0.16658185791136393,0.17433475549664515,-0.030964050628771122,0.15265211342222376,0.19470162836830063,0.13829681654562775,0.15693377052639393,0.16652525988508735,0.21130080655984312,0.08847441888771904,0.14813175509907306,0.07487129207537682,0.2055364449388916,0.07960743182535358,0.1886977769322825,0.7105735764923239,0.1477053704428568,0.17396880029872464,0.04916414851580668,0.23206803330396744,-0.026229709481905204,0.14239996820046724,0.20387556972365678,0.3948916682202228,0.23582171584772318,0.16978664814798763,0.15586490603810227,0.20607771057029864,0.21330670950627126,0.1608653460665276,0.1384501559389853,0.12400511228028886,0.3619163387823018,0.22668794702912717,0.14090803065232155,0.19499543266447888,0.6233154301367879,0.32187085872981663,0.2771838067276475,0.4522629972674868,0.11396422383898738,0.18436643422256596,0.10390931118811256,0.1185233963245755,0.1835857555123028,0.24199335294685428,0.18816236183778146,0.6324320202967192,0.7109937671026855,0.22243277463566907,0.17099461755863055,0.241472948841195,0.16677120031033738,0.005276072445492048,0.0785610510884493,0.10032606169572668,0.4815609422052302,0.2150135084143939,0.20630688681961912,0.194262332904281,0.7009107446498889,0.29500030212361317,0.6535648247561912,0.709007353813898,0.1991532078357024,0.3192813279576326,0.692399769719627,0.36874322277287114,0.38173925384914414,0.22040706781511551,0.21932210502702496,0.19457745861375908,0.24132016233805045,0.2925440587937252,0.2406955911832408,0.1911058439635755,0.18162400021356867,0.1650791521501199,0.2434753661494907,0.63272755488166,0.2892630603394995,0.2779067164938009,0.15076252002715307,0.13998840361224824,0.2086381156967335,0.30334884545896457,0.1998926462739934,0.162511808481066,-0.06193404434726195,0.09406794940073347,0.15308258095179128,0.13353487239365874,0.17542997530695334,0.2482871662130362,0.17213253432194958,0.22070489290939013,0.09083591133789583,-0.07019222537616729,0.19444199518071112,0.2397306897901691,0.2523558293776677,0.13078267604818158
IBB,0.5560159081328193,0.48194966686682444,0.7499807205982936,0.5825597780414339,0.5208110191062064,0.46512534604841105,0.5694524380544138,0.511986359883995,0.46914542271677784,0.6318119471198195,0.561063697199422,0.5396663368101885,0.4735269972850022,0.4061642291862492,0.4470546677974266,0.2754515209210797,0.2546662707056817,0.2040747085740782,0.5165645556894316,0.4048378091491212,0.6445603379659665,0.5168886478687822,0.5915345310453638,0.5840507944118383,0.4309484013763839,0.24766305950665957,0.40117973215433117,0.3930230424577413,0.4558961641359292,0.5010969990325386,0.5881944311141081,0.5445685085156822,0.3046994149131061,0.40996849016276626,0.4557755582879852,0.4005848145841294,0.585610029388199,0.46478090317209836,0.6128796856150028,0.5426294689110689,0.5126150644029648,0.48880511748085337,0.36422654872126575,0.47557042991629006,0.5584373847732725,0.37924786664163956,0.49162691516845936,0.4515231585525378,0.5052637737453384,0.47111958306489127,0.41138734553620215,0.537965782084776,0.3482437675152632,0.3542578827189927,0.4343643475463428,0.46639202461155166,0.5166674671222086,0.6282275567733032,0.5531819650434856,0.4522770862744152,0.5490528823776785,0.5969014303868263,0.2929200355533841,0.2982696319425557,0.16636831742104252,0.4522115822741713,0.17859844419458554,0.5857946303818188,0.617041237463542,0.5636392103495799,0.21605160484258354,1.0,0.445506606078976,0.5083608652900732,0.3961247274218881,0.5460512965618688,0.39157030420387784,0.21010751687089566,0.44042023988605766,0.6349673887396526,0.4954171927241455,0.5050417140560578,0.578793859865345,0.6341424678125698,0.4475942522766855,0.5391944090118076,0.3730560017446655,0.6263865852433876,0.3507492481980857,0.4221434023101447,0.35515944909444064,0.30705803675242127,0.5805884916699136,0.26543500604947445,0.6702622329733363,0.30645879073398036,0.5492272561510128,0.5106190878924798,0.4273122198676843,0.5973102911615279,0.45653460507792437,0.5931071948311477,0.5104501413850023,0.7038762086691397,0.504433057808152,0.47592110890307626,0.46811551841639315,0.5444223428152571,0.6721400319319364,0.5969648992524939,0.6723737233941548,0.19505077321838332,0.5524548195164253,0.5464072956593803,0.5753007214230458,0.21833331012422283,0.2969095247132437,0.3985737629108831,0.3405688469377809,0.6069086338718219,0.5562348991383244,0.6085206626005256,0.2619755353254596,0.3490711387849453,0.4318625606124755,0.5026314191579745,0.3677857198525014,0.5079401158649309,0.12844932672144704,0.3316535219217762,0.2844634111364889,0.5529927718178945,0.6111187083775772,0.6806508508263632,0.6332718600750212,0.3546241352363285,0.5789264694093985,0.15986425892208106,0.20260612096180886,0.6540321059025463,0.619596383277234,0.24134257043169347,0.5384832872647998,0.5318454286141466,0.6503490543132616,0.6281173931312847,0.609894011348142,0.5027759193909519,0.5644041624254463,0.6364316023161751,0.628641605211419,0.6536261455678326,0.5062976058050819,0.4841169024945506,0.4307269116579659,0.5736987973557975,0.5481206848235118,0.4133724060745778,0.5043967686219231,0.8983237553165775,0.5196268800837716,0.5615163713965334,0.46120472743414553,0.20717112558056847,0.5008350205847012,0.58123137639775,0.44393233027023465,0.336393154754598,0.33158610704913494,0.7378548675901717,0.5244503131017713,0.4498919494149274,0.23251962706493973,0.5498058695435725,0.46399845623781666,0.6482383233689312,0.5150392691840312
ICLN,0.5249811143957063,0.4537095541260057,0.5132798071131792,0.5160657116709183,0.5673711131034073,0.47166298117772165,0.6404232729474258,0.6232865747092341,0.6597653598515746,0.552724486379923,0.46673174144236573,0.575093632420163,0.49395222935574695,0.3648667605387712,0.4604547847308347,0.2931908214154718,0.2857704365210341,0.22602663165627798,0.5718332795662323,0.36340020498816855,0.4571507151741352,0.39971137274539137,0.4176798504739495,0.5184596873146402,0.5788981999468787,0.2820875867680369,0.5241849065676202,0.523953730155889,0.619093349553043,0.4784708647056602,0.617987464085541,0.5833127499670002,0.30766937175261805,0.4555969884442343,0.6390432952240477,0.4807397011615613,0.6234064675579187,0.6432898554304504,0.529354533616715,0.581569848977478,0.5786721926724938,0.5523878734143907,0.45915380248127535,0.5492261175624809,0.47018014889656595,0.4231214061001947,0.6144484177799443,0.5636535784172917,0.5331431324939568,0.4868082124634232,0.570467348089678,0.5377823634413191,0.4726177783277082,0.5488433680849997,0.5452616356700224,0.3948524710435718,0.5819893948739948,0.5404887408052491,0.6474400998695411,0.6128021676055139,0.6331222439310111,0.30702311365804386,0.4288060839849029,0.4394480379961778,0.30336174785131703,0.5577406876733001,0.1996234890754203,0.6094390131555003,0.5123680822376261,0.5153147534458477,0.2674328695615033,0.445506606078976,1.0,0.6513334300713003,0.29690186519564477,0.24090955031355923,0.3884791641321413,0.2433853559331262,0.5237871448150876,0.4133593174944689,0.4760813077525277,0.41309414600054245,0.5421951440462405,0.5155442428520397,0.32469524290345925,0.41032263873582736,0.11473022253174432,0.6705784983971929,0.35187191028722914,0.5961510304070416,0.36923205058491404,0.42288896703708934,0.5037308254840658,0.21726312731947775,0.47704290033767394,0.31454584408289077,0.5150434439753704,0.8005690250363489,0.46825657249217106,0.44742580672659593,0.5911707457012085,0.42474110604840554,0.8437999552309294,0.6311018175786133,0.5075933702257572,0.5182898707474124,0.42944200714026126,0.47258326839174236,0.5308349030513277,0.4817777797764393,0.5924901814803997,0.22862630339529386,0.6306870940994278,0.5888648233750318,0.5101078337452568,0.3395371043746593,0.43830132502585434,0.5035436131365423,0.3557597858417178,0.5221038897810861,0.4257285591806738,0.5171934449648115,0.28708308755581324,0.35926365886089123,0.8967185721090076,0.5363716829066832,0.4242086622698159,0.4404064158118549,0.19360913859307927,0.2809935504493633,0.4824354294381212,0.5191793215848165,0.3435899760975976,0.6197346753698756,0.5099786221071008,0.35276908149520214,0.6518954884171198,0.1977861890285796,0.2310611294969007,0.4847368173711237,0.5501174449783031,0.2794859248606863,0.4280239819137616,0.574526886003289,0.5675829965633956,0.5059354013221847,0.5645943349947089,0.6093027265814857,0.6672585332451813,0.6208757797641353,0.5414289180106958,0.4886902646461312,0.4714621415447339,0.633894220708494,0.47651083753679,0.673599575515352,0.6133562372790592,0.29382927838679745,0.46284952924303757,0.45084576294343653,0.45527973018871815,0.5123069729971973,0.33005609824287707,0.1918860299254642,0.31329399464177815,0.5065112743673909,0.4969042484102812,0.14768653969388468,0.3608426461375977,0.23400871746346488,0.455768725023088,0.5511311189925026,0.21950304981491034,0.44117578363223686,0.6456089449792171,0.6724710132756464,0.40613591254518444
ICVT,0.564355099765663,0.725089460508595,0.6386470607813285,0.7612931489559752,0.814425993065898,0.7496617745631334,0.6522140204133856,0.6250227602385469,0.7268717990229785,0.7641776659713553,0.6189177185995709,0.61977647181078,0.5872845341226558,0.5018269884588537,0.7383384697233222,0.19091160939957585,0.16014722707435403,0.14841718088316455,0.759343911562453,0.6026378495563905,0.6392376586620655,0.37694901968114025,0.5518945015696167,0.7439420135692862,0.5289628278322058,0.15997426081736096,0.42294105830555284,0.4855929088944245,0.6803221583090607,0.3659642222278951,0.6929727564303763,0.5513500107772704,0.3158374242577442,0.56795467834283,0.7416257491698627,0.4677095654584359,0.6474181458042815,0.721164222593945,0.7506502208905612,0.6104462371414986,0.579645845725587,0.5759571549206001,0.4440494866037321,0.5250179494912514,0.407490218772703,0.41785996000421954,0.6938291268488195,0.4739497871375842,0.5226382677834542,0.5329579215786688,0.6807407218617381,0.49670619881913586,0.46394659475056393,0.6610476081185142,0.5366213681383045,0.664859179281337,0.6035311303567482,0.6949909974388946,0.6444156077514194,0.6203995732093149,0.6463538760323975,0.3558982381357793,0.3900119763982236,0.40963130282696447,0.25436074076171444,0.5266077126656942,0.06983941473375199,0.6338452927994452,0.7359106011661284,0.6407536194361425,0.19387552685803516,0.5083608652900732,0.6513334300713003,1.0,0.571470233276422,0.33055673033921673,0.3869888741450704,0.2203222176482185,0.759721403880772,0.5522491240203771,0.7312448886223826,0.5710285142833479,0.8103921525477876,0.7235930601853273,0.4749068549109042,0.6353158896028415,0.2273866670326474,0.8722644532625773,0.37818206709557106,0.5920761858908322,0.2864536383254632,0.41615303400942594,0.7311599391659477,0.26244415565270146,0.5849898757117975,0.4039648201127396,0.6986741469141579,0.7693591051682086,0.5121162217549029,0.5179274679176435,0.6341427157138648,0.6012843033341781,0.7949231428837223,0.8323060403047198,0.7524854042850883,0.7817733780133812,0.6483358255654937,0.47259967664613783,0.6639667585664096,0.6795221395774897,0.7893805693172742,0.11815831827252084,0.6212511959023699,0.5441023587508941,0.5905211178886828,0.3331924651812976,0.43088782452180163,0.7170213570940365,0.35216238696092367,0.7387047461951385,0.40336197363038784,0.7342326713148642,0.1777375310781439,0.2668544854137052,0.5753654407652198,0.732827138181129,0.4430900360653283,0.6833106678123754,0.2203620487885706,0.39266888965417557,0.5988930486932109,0.5707346066449901,0.4174141376085197,0.8418661286522608,0.651122336440164,0.28094147360761035,0.6932351204346838,0.05080365367276343,0.11080981864785916,0.6319380695920623,0.5727302562148942,0.16271090670255017,0.39901893060393034,0.5110900358724404,0.7445355291056895,0.5893179498807352,0.8180802301618487,0.70484927010899,0.7213616495234819,0.7872107472286115,0.7622033895030079,0.6075134892817771,0.7181779837206039,0.6784876577727121,0.4415689701613288,0.7152837056672676,0.5819774537770172,0.5106503616893411,0.6763276484565687,0.5379576526178648,0.5000546099996277,0.5558897278500545,0.506489851229915,0.20432570696682256,0.4947882780241856,0.6852250687290167,0.7506201511597138,0.04396935009886252,0.24832837113401826,0.2536075457334105,0.629216411555286,0.6874032455415224,0.26266020665626416,0.5405236659802893,0.7311049519817148,0.8014737231453077,0.6021186232062079
IGV,0.5003780087417883,0.7800497767695876,0.529027988482743,0.7113952998182994,0.660519859189721,0.7641191480316469,0.46372593591720124,0.42486230403396774,0.44130114062439435,0.6827924895864678,0.4776381330267598,0.5238643793117019,0.42789791724884835,0.47634649080029356,0.5891405987130286,0.1385739925822179,0.103357871934983,0.0673621684188832,0.682023740227607,0.8806997891879879,0.6132919226750045,0.2906285312611177,0.521295834372964,0.7640820559844971,0.34594043581240763,0.09614914916991239,0.2902149837053561,0.27439380458877394,0.38517009782053646,0.28863988914571415,0.5351702102095097,0.3766450674649505,0.2672821944777233,0.4641601198507539,0.44056346897017823,0.3656616970054801,0.48195201884852185,0.43190922747447513,0.7595745607223119,0.47380614512032304,0.46126014760626477,0.4902135247942227,0.2572476290659603,0.3926496703329742,0.2981928849178781,0.3200971760005973,0.49907240919947526,0.32473954652633474,0.3977652437341791,0.44080045839849036,0.48945619510831895,0.34718441508558795,0.29715203173936366,0.3367877055600657,0.3465574294748491,0.858661545577318,0.46797188035466886,0.5463395659703013,0.4581930518650724,0.4048911623244137,0.43492101576690245,0.44016465353371853,0.19351231545899927,0.2255382333756785,0.07801266125079294,0.3328294017537506,0.017146548079946634,0.49154264175318546,0.7511999787956612,0.508751274375964,0.14935248966138215,0.3961247274218881,0.29690186519564477,0.571470233276422,1.0,0.4365619394694437,0.3375796580569459,0.17385391623392882,0.7154648605302277,0.5665716567526409,0.7166886079026982,0.44994446286528017,0.7121776903034847,0.7507744931962896,0.39156055037529275,0.6485211409840304,0.33691784421079424,0.6645931064772223,0.31001108968358393,0.3570112109154032,0.23006218469310621,0.25957200751534276,0.7555867350379728,0.2757474258460826,0.6677555042009283,0.27053265608975724,0.4762887773682712,0.46062834978242045,0.39401772398744495,0.47928574330994866,0.37004735187086324,0.5661456734207528,0.4550352528080127,0.6989653584230126,0.7550788462245541,0.7725334260471253,0.6465843435853704,0.3952590793857022,0.5971667532540288,0.5870996947276859,0.5853463023479535,0.08068830435033485,0.4623764289471009,0.40872952601318946,0.5539785166780544,0.1739481512213738,0.2337499323831986,0.5663690357133334,0.288228847915745,0.7425562269626925,0.32212802969909493,0.7477396257906582,0.13118630478859228,0.21334813030668526,0.3018082068067011,0.7239380706839061,0.3212765898168454,0.7890938229235988,0.13677737072040694,0.2801440501231045,0.3790201328114834,0.5276762836427717,0.540470797676575,0.6899472971524955,0.5223200519974577,0.23193511762424374,0.48712192756958417,-0.0012925682311247207,0.058689039121139534,0.6181775416951277,0.5125785261615988,0.10812222650476086,0.3416011239562718,0.34445745577569264,0.6485759670808632,0.4769176727529751,0.7500036606797877,0.445864408089971,0.49327780672568244,0.6879243099428035,0.7466408675802333,0.4777134505289286,0.7971391620114983,0.4528574227069668,0.35981281282755,0.4926010920737585,0.4010864147890964,0.8906499483170022,0.4845051857113182,0.3970444207081423,0.3427344516248483,0.4064882787179795,0.6414135792867339,0.18158981113857775,0.5280267466500366,0.4876780271962926,0.7531804784224865,0.06573785441427818,0.09005983289702885,0.2735820340943285,0.6548296162366706,0.41008980125721295,0.25661979424861303,0.46670659285188903,0.44903610642597425,0.7162992614979599,0.6316464083249438
IHI,0.5237696476679422,0.4745449043421325,0.4807704567598935,0.45829709585207506,0.4119226895266109,0.4238173901196168,0.4882776411059054,0.4359396913347167,0.3194230194128485,0.5790147475885162,0.4840638376033815,0.4923949108838029,0.3913032383579365,0.4177042419541294,0.3474892331236889,0.220593985445073,0.200555864424911,0.13212271876284312,0.477457949477119,0.3867463494778877,0.6020017590099267,0.5175558952654966,0.5979769405658405,0.5528092981747644,0.3435048253372454,0.2042262885842526,0.33316449469659776,0.30835459097421214,0.31428394604350646,0.4671876233788041,0.511027000348316,0.47963129548580263,0.29094837614670005,0.3587400458510793,0.3022229150609067,0.35214261138860403,0.50754021030153,0.3186740908283328,0.5837481510376372,0.4812210274237165,0.46536594236781614,0.4835867432208243,0.2831777520515167,0.4524016253548674,0.4995063296664189,0.338825017247617,0.4217707890962782,0.41093275343894214,0.46592332486468213,0.4564458256712819,0.27660598745044,0.4881069840183771,0.3040621820896982,0.20871560284260224,0.3733871261085279,0.48748212452381356,0.4803970566630272,0.5530148650647548,0.4846839214923892,0.3365314271964817,0.4587017017469375,0.6759409684036227,0.21500747846658713,0.21403096664458235,0.10979284301686303,0.3499984899211602,0.13202003512727795,0.5210147685188288,0.6005090404682119,0.4945999983120534,0.16658185791136393,0.5460512965618688,0.24090955031355923,0.33055673033921673,0.4365619394694437,1.0,0.33075012382636,0.19354315628911017,0.35222441945397986,0.6591328259799619,0.4547526365982941,0.4750902622681253,0.510529945378494,0.6152521726488793,0.42148422515054007,0.54372456014732,0.4692361957572582,0.4836100910564207,0.3190043192902163,0.24016533198743137,0.298115805718921,0.23665562511907054,0.5539379126743574,0.293059729458771,0.6772536302572726,0.2451705610609856,0.46459618622264776,0.29608075673005896,0.39021494245157945,0.6041608550262549,0.3311208259380308,0.6155052159549127,0.30530748201669045,0.5677628804391199,0.44892704941609457,0.40056724755968565,0.4405101142905211,0.5003879362567675,0.6676244508165307,0.5206399602628661,0.5248591274175709,0.1686222043566307,0.48344877210931164,0.47587584682104483,0.5471812230279282,0.12573216397999065,0.21638268880057154,0.29334100735950047,0.2916404782654999,0.5822437748433429,0.563374051656195,0.5883450278803058,0.22940931527271313,0.29348003031778835,0.258276713951391,0.4382540831299712,0.30913424537989487,0.5084560166921965,0.08994945785221041,0.2880829333419984,0.1991969584492148,0.5266224292249181,0.6539456215289988,0.5528878623360945,0.5720761423039546,0.29385242932729533,0.4875221839554596,0.11763680533832357,0.15470564612040794,0.653249725459991,0.5587836303860539,0.1880647581152319,0.5614388160104693,0.46579454139440485,0.6329545087123882,0.6258781298268378,0.5810353340170803,0.38225292847527104,0.45014518652481017,0.5715582140709025,0.5909456187495079,0.6206442949933078,0.4918961804204989,0.3656636873040373,0.3849766081194193,0.46915668464676874,0.47795378838855274,0.439552275337933,0.41297625945628624,0.4396849255727559,0.4625539679417763,0.5338082787936967,0.5234699379320992,0.20944008306422415,0.5555645561336441,0.528925661685563,0.3628476962989316,0.4639771335319917,0.3619784303810517,0.7027215159551813,0.5151511335672089,0.3010049808408055,0.2046004544662883,0.5009788019081967,0.31860435258570924,0.5299085678534227,0.5196034231001332
INDA,0.4236055180767992,0.38265805712692885,0.3382522522558117,0.38314438906643283,0.397823868063204,0.37575258975997056,0.5442330395825813,0.5187224555138068,0.5658441298191385,0.49571244211984955,0.3924602436027247,0.46965419202677133,0.48629802552477197,0.4051924506100188,0.34747581738504374,0.16429988305495777,0.15196571605465142,0.18189490996504204,0.469978890097546,0.3548604396662748,0.47519305946658885,0.31583797925531437,0.4359002623490577,0.4830498315589348,0.4676425991436464,0.14786485038330446,0.41887289362237196,0.3813982122531274,0.5872187486197826,0.4499373532699945,0.5421279747185459,0.5175074080838988,0.33615840639712985,0.3494088222577196,0.5986359639350776,0.4415444095483901,0.5493366494243868,0.5375636505107264,0.49526299316318106,0.4972983002256805,0.5005670490623738,0.4973722954802753,0.270961224135394,0.4694362940139434,0.4433410200788446,0.4031039601759548,0.47881878353202867,0.4700226283029468,0.4685839498368356,0.4472703965910141,0.4488579353195215,0.4777714658631453,0.3232339335786946,0.3945557248546253,0.44833305915324173,0.40774845257768244,0.5049194336397734,0.44219697861838037,0.5447160668407406,0.4915991024919596,0.5286935157311551,0.3972173989515758,0.2843586469952886,0.29908975113707204,0.17861658092036448,0.3653057648990333,0.0893874185466599,0.5495142739835355,0.4955492985174757,0.5125365369319316,0.17433475549664515,0.39157030420387784,0.3884791641321413,0.3869888741450704,0.3375796580569459,0.33075012382636,1.0,0.11351275502870456,0.4377500837523999,0.4507549527870855,0.4346948838122128,0.42154724504432667,0.4756849374707662,0.4896223845737738,0.3391236522419372,0.4177440004801383,0.30488890511341676,0.44611305502741266,0.37319714390224934,0.29034064079831035,0.23164990941056615,0.24381137041688655,0.4874453272388136,0.14643197174961955,0.44042727471717014,0.22943000147052456,0.4151338808450525,0.3517728089981926,0.33547711898017707,0.3959882074222852,0.44524595179731896,0.4382045738307293,0.37463935358817724,0.47206938854732045,0.4447616538727847,0.41687985803906835,0.41123050782428766,0.37309358359870226,0.4635454912877834,0.42929997149731325,0.44809024100276534,0.11365945974262427,0.5462824469969486,0.4182989045190105,0.43586485949317694,0.20550324742321602,0.28306024565315263,0.3795923988529878,0.8587967566952007,0.49389741621516914,0.3431453056836421,0.493857254199475,0.19915876995553272,0.22453600105147753,0.3178209538667919,0.4521592527174379,0.40172537506562583,0.45479685057771385,0.19529375595042495,0.4107314723002209,0.31423979058290974,0.4192750918746707,0.3958065149160782,0.4626175690902328,0.4360286368686896,0.22369861334757107,0.5570158332910439,0.08652203799645855,0.10527953667229568,0.4783094940856595,0.5597086960194622,0.13819838396941256,0.3352780725304392,0.5021516673191124,0.46906465669141995,0.4225229735204949,0.46908367838989623,0.5216100810562063,0.581229538872622,0.5583603855809761,0.5006377643054183,0.4459065639217741,0.4543549079510646,0.5807356343148508,0.34352529007725063,0.5825802507610708,0.5371888523625872,0.2890786874426594,0.35967865930236514,0.3693383757688698,0.365422059045743,0.4087505655632974,0.3856413991159014,0.09983135070412524,0.41257340911918267,0.4326044507427678,0.41069102640958477,0.20317056847067352,0.19167240912094508,0.31682305401773747,0.43723401740901313,0.35035302003632696,0.08741498884350432,0.39304588133678564,0.5624533726390851,0.49536734461689846,0.43736421419859467
IXC,0.29988104168002927,0.19981768478485867,0.15632851238307288,0.20337881562065468,0.2469786011924844,0.19044345470679952,0.39709239919431666,0.41977299060435114,0.26350016765328865,0.4481469171110466,0.5342283358186616,0.5067180268527643,0.28804594516885546,0.35966668974741883,0.19056250795075705,-0.042773108491160707,-0.08863696194181177,-0.19596563253237795,0.2264298744356352,0.22121375752765618,0.38844224165322366,0.576562575552229,0.48748259329960497,0.30066595236725335,0.40222861262861315,-0.0916685348324859,0.11868071696100074,0.22679520453515542,0.18271401170744997,0.3076304177599106,0.24475326860060598,0.4335859896927858,0.17285520511296723,0.12760544010282412,0.21286056843277015,0.29837677906073923,0.34492345065672275,0.24243533594373134,0.3500421306600254,0.42304519870928414,0.27053655577430497,0.2323100102400715,0.2745474926060192,0.3340455705583426,0.20849801001723334,0.2084608458734532,0.2302445045813549,0.27129802597555713,0.2824972340265399,0.3509934056214491,0.20917228064128615,0.4305976144501137,0.28218446762922483,0.14481288604144724,0.22059436968813323,0.18197082528083067,0.27557412514705143,0.4242709491138808,0.34170277232547464,0.36582372088720816,0.43564160087261483,0.3971199692791639,0.13511470318241284,0.14310000099914796,0.09754815457476343,0.7404034362665092,-0.14471472419518103,0.37665355340020584,0.35514033145074936,0.3677919136291772,-0.030964050628771122,0.21010751687089566,0.2433853559331262,0.2203222176482185,0.17385391623392882,0.19354315628911017,0.11351275502870456,1.0,0.1908569710908628,0.41902292841769656,0.24582094843885233,0.16508626275629307,0.34015199954937075,0.3735746413854868,0.3856071827105265,0.36277221376119145,0.3496291020995397,0.3162259858729812,0.259378200397207,0.28168712711271954,0.024589844008410005,0.2421757324012258,0.3194927495658033,0.6814902392354572,0.339249976116508,0.8278053595005798,0.37614491432292724,0.2888014358616218,0.3033396140708568,0.3008255188396414,0.40472342978869996,0.4977524319355266,0.2715519032227899,0.3146123256553779,0.2099058170560974,0.20807629177092757,0.2755964275940959,0.33287527803607253,0.4648741616175211,0.42486513708258233,0.39213772374217887,0.0026644252338650764,0.31575169204056297,0.5200653333526588,0.3257938510104052,0.1545749605430699,0.1632438476548963,0.18543690618080233,0.08868969724917264,0.3586985293130837,0.5022674398749364,0.3218217680619228,-0.024582506258952738,0.0212552679426049,0.24321955669118595,0.29043675289250137,0.20192018106820386,0.22041597845878486,0.015864924874488647,0.055878739106683444,0.24226713177653192,0.30533053064880994,0.38914845498759887,0.3474629121115535,0.46077178229179905,0.035309285616814,0.34781604907425256,-0.1738030598728883,-0.10411167067506227,0.42014199534295776,0.3234556039975293,-0.09397138191432652,0.3023419518136736,0.2563845257897252,0.4472753445577877,0.5173976750520309,0.3313258909237978,0.29411684609353483,0.2772927443972322,0.3749995070531558,0.3685403692865466,0.5317853988741139,0.21059743063406328,0.2859650093139422,0.14180993807799014,0.3447547867359557,0.45688387004489783,0.18563534498194567,0.2791669896889426,0.16321360747911884,0.2066978701485486,0.4456350912839531,0.21568312420634408,0.9761198116864678,0.40663352956129245,0.3778531298480818,0.2041687581784746,0.2117114718870606,0.27955708899741366,0.23422605274869496,0.20956982314724312,0.4101318133497352,0.9169334708943374,0.28153342883110594,0.22853650840384968,0.2806795758050485,0.37282375463887724
IXN,0.5658467583001904,0.691777480233519,0.526533934607492,0.7014132028073378,0.7818893840818295,0.7286883859801842,0.6532537302980735,0.6060229015672506,0.7522780121039918,0.8205900574488186,0.5324177102818131,0.5835328181246173,0.6420305927579006,0.5237156620946909,0.6533653486551667,0.15462467844950806,0.11724136106214907,0.1067857328774057,0.850978453741695,0.7070160845336494,0.6581770788164396,0.2741523866839801,0.5646108351473039,0.9010595547785122,0.5221059263840474,0.11759055902203604,0.4078070485230551,0.4437408091342735,0.6687190587163954,0.3543016742484041,0.751285667202982,0.5390405827528322,0.3272268360119464,0.5828087798935708,0.788025473056407,0.48657056512201413,0.6766958366222919,0.7406050388585089,0.8843758226554064,0.6090133340690932,0.5857147265748281,0.6080387171429875,0.3895085451385322,0.5398939608423682,0.39887801306082116,0.4314135808357297,0.777678308836255,0.4738947824408782,0.5463820279468354,0.5487863606505599,0.7995602390660641,0.4731273659296713,0.4323475667242212,0.689661532724482,0.5086555307118155,0.7591233615352443,0.6589397663124755,0.6121756103123721,0.6378416290010854,0.6230651298811497,0.6519321270789802,0.37614429259327326,0.31807918367162336,0.34696982669811854,0.18477990025978355,0.4710025181544711,0.02237427357571015,0.6609097935437822,0.8625732140790111,0.7027630272528151,0.15265211342222376,0.44042023988605766,0.5237871448150876,0.759721403880772,0.7154648605302277,0.35222441945397986,0.4377500837523999,0.1908569710908628,1.0,0.6010093133643022,0.9158963639841207,0.5094141617253162,0.8874173940937204,0.8220777601910926,0.37090429966805755,0.600234742298261,0.18289794295043973,0.7713025513663183,0.38698602249443054,0.5233962974828108,0.25697504685477635,0.3748549071641332,0.9004795027383402,0.24189737144157128,0.6202328281318753,0.36559235384014566,0.6608229346903199,0.6126787395314065,0.42587070685420697,0.5009745859042037,0.589702170979729,0.5598664993837936,0.679921512950753,0.8007410303345691,0.9571508387951231,0.9338224147736488,0.8374268104132929,0.39891536696797947,0.6359892122175819,0.6681787680137496,0.6902135158319229,0.07924749716742199,0.6163389622325582,0.48955260841901227,0.6075932340648011,0.2925970362214365,0.36557756884964715,0.9336262458772338,0.38156728568788445,0.8814878369926551,0.29229808576927707,0.8816446704671824,0.13984439484510142,0.24097905154316188,0.46182697914799614,0.8992264473132042,0.4650221919138976,0.8979112190787468,0.1962058317978901,0.39247157488809103,0.5429032281175104,0.5734103064439869,0.4552870653620859,0.766915001690437,0.5718827975462313,0.25762457132235167,0.714198200376753,0.0016661539077851297,0.0658588694859629,0.6960467281481819,0.6073697597507051,0.11874809795025515,0.3042265648854884,0.44809346671524874,0.7025178766932543,0.5085131776812659,0.8180334541317432,0.7360557648190365,0.7455902446965498,0.8678676573692419,0.8716038700286179,0.5699820497493258,0.9254944011828405,0.6931150052488038,0.4275613965716802,0.7337003748822984,0.5725681163705943,0.5576640829051798,0.5712717415279698,0.4403972547188428,0.45128137711282107,0.5178075365458272,0.6113696620012755,0.1741340957884215,0.4522792187498992,0.6501898257292921,0.9880503795670342,0.02048408514263579,0.14375982346326147,0.22623212305431484,0.6939592382745606,0.5738180939270386,0.23721250709049807,0.47930085601654626,0.7540911843284647,0.8632544380473537,0.7532215920742271
JEPI,0.673803894970241,0.5835634773589605,0.5036599008420106,0.5774778368073924,0.6115342251320278,0.5561812113123162,0.6980470483641195,0.6402903382623268,0.5277213306588813,0.8593914434123303,0.7085369886208304,0.7063907323336438,0.5872903407751735,0.6152717897003527,0.5056558328163796,0.2201371021398117,0.16773909654195493,0.10942122029881772,0.6359507528643222,0.5505227784331166,0.8868662018096358,0.6890179683514934,0.8830635382370554,0.8055148184595948,0.5235852426476821,0.166636457636146,0.3793320137839204,0.41492643074392616,0.4908487059591893,0.5813219048897055,0.6977944759979691,0.6754551187116985,0.38378194148736766,0.4856410552876416,0.5158798778247489,0.502135182983278,0.7088857094186642,0.5151369716309744,0.8468906888134371,0.6855209023079285,0.6188551052377003,0.6325000885276788,0.40473737793250275,0.6231012324780957,0.6019146446578618,0.4708213685951539,0.6074443632614127,0.5546084934686335,0.6202649443967532,0.6073279727113441,0.4928919697194263,0.6581284197483709,0.45937434785571507,0.3796250630219656,0.46745113718971826,0.6380317748209048,0.6519967175634785,0.7623521773189557,0.662190768705845,0.533554407866083,0.6785641781982424,0.866284465798034,0.26603709033543216,0.2782384974067805,0.11396809168446204,0.5900293363379756,0.07084838922699846,0.7318431495385843,0.8643786132106699,0.7522759456774671,0.19470162836830063,0.6349673887396526,0.4133593174944689,0.5522491240203771,0.5665716567526409,0.6591328259799619,0.4507549527870855,0.41902292841769656,0.6010093133643022,1.0,0.7587848790128356,0.6227273236953076,0.7975310678713208,0.8756604281936713,0.59457092033952,0.747972524797584,0.6463698783664361,0.6906068781743586,0.4602859956200129,0.4325723290424621,0.3223369696247758,0.3318372790312397,0.8164558880080618,0.46320018777262156,0.8301647688213905,0.49203108440027016,0.7546307513608647,0.4818171273371092,0.5360435164655583,0.7784342031370016,0.5313919946000882,0.8476296126207364,0.5210538101126827,0.7598372317341953,0.6889323166799043,0.6217855294837548,0.7489538163921539,0.6135434828573109,0.8984379740384502,0.7929996869112059,0.7460529400297312,0.1360751513724263,0.6571868194792276,0.6512209856179266,0.7012166527963186,0.18489180363799146,0.29019937684203295,0.5227531069233379,0.3789366941255674,0.8524536515024901,0.7426996767093214,0.8470286781167657,0.20172960351936287,0.3127438347623533,0.3912436435020499,0.6940749432448977,0.43412185237195516,0.7350279208448542,0.1794687817532472,0.43337978855674086,0.34926395900205726,0.6590250795888329,0.8700403822399775,0.7530811800749886,0.795080953340749,0.3310246219681322,0.6987366087004049,0.03096793004051777,0.12660411188471346,0.9255357038482676,0.7349714831857933,0.1595197085490025,0.6855716992379742,0.5871973504393684,0.8721172558022725,0.8645554115987936,0.7977870039136559,0.602502352476764,0.6502183707599883,0.8313630993164393,0.8538929666502016,0.9004173978123866,0.7116772652995055,0.557141147009862,0.47279510063831487,0.6828130394424398,0.6886466979581164,0.5070586214143661,0.6241831179541504,0.5109116585638922,0.6206981428410592,0.7670721200241749,0.6822269980504975,0.42563954103119195,0.7941593700320604,0.8262292717283658,0.6177561061832753,0.5649837954996932,0.5087710605810835,0.680813177297564,0.7268951170514254,0.503294363084483,0.41774107465342813,0.6391928354047158,0.5185111839811177,0.7288076106726098,0.8483775703853838
JEPQ,0.603731608701566,0.7292336025559611,0.5414640931921668,0.7323652384816121,0.7828225237811531,0.7527219003158805,0.6619045839748238,0.6158607544685365,0.6745250602957488,0.868065146020874,0.5815762483822872,0.6200528443036587,0.6473195580117163,0.5810896257205582,0.6568404162130459,0.15265478161871873,0.10709428446497785,0.0784650229320994,0.8165862627967198,0.6903348796963189,0.7387839883939001,0.35917067492204363,0.6709788353609514,0.9218984157191926,0.513928670268284,0.10828388994873195,0.37298969349772704,0.4314884808817608,0.5973913799386603,0.39103287302658674,0.7411702312972508,0.5654507070399618,0.34812198467397537,0.5920008594616317,0.6937180436157051,0.4865403896817277,0.6823055269230459,0.6630036123392332,0.9239210045495247,0.6307999865642621,0.582854088453053,0.6081507861741009,0.3962597114428618,0.5571058689116253,0.42951643213458074,0.43670019346894284,0.7350672487926808,0.48773217373646993,0.5472470811776865,0.5794256229201464,0.7056799001135081,0.5047466804306915,0.44679078586346604,0.5760483225429743,0.48667682225006814,0.8115270201680969,0.646588048982245,0.6546771588571578,0.6383960850216032,0.5894735516009794,0.64495621222933,0.4930278143125381,0.29737284297551825,0.32737503818148117,0.1633943880918166,0.4910560907163582,0.004412350318409355,0.6827262779670139,0.9097473930032176,0.7311669416973824,0.13829681654562775,0.4954171927241455,0.4760813077525277,0.7312448886223826,0.7166886079026982,0.4547526365982941,0.4346948838122128,0.24582094843885233,0.9158963639841207,0.7587848790128356,1.0,0.559994578871876,0.8970991034556698,0.8587781756923442,0.4327021385953108,0.6658288684648221,0.2977790004309541,0.776460190659964,0.4113683559125534,0.5051233293923595,0.26052088828248676,0.36258993847582216,0.9383124557929756,0.30697410525979624,0.678181460664007,0.40585915446765497,0.6859110545775783,0.5880462526481876,0.45632033736873406,0.5571100742215054,0.5646717712531795,0.6503848632860736,0.6566694603257334,0.805665054752875,0.9537638926177426,0.8888837025045627,0.9298312789466322,0.4542884746780727,0.7075017419347949,0.750943294560677,0.7163161795776238,0.08169884151521098,0.6252738477969639,0.5290213184015679,0.6491894549738222,0.26315976069532143,0.34841490433982786,0.8467209313899017,0.3766970688949667,0.9269695621380912,0.3837593516455409,0.9248009745350646,0.1336709214646027,0.2425792034211938,0.42739070961109527,0.8500224459847986,0.4724133415835224,0.9288641568315787,0.20344101345059257,0.41636586443306,0.5046634501903029,0.6067538235322707,0.55830695935045,0.7870697033194682,0.6278648154378516,0.2665141478396013,0.702536058121821,-0.021225423435793235,0.05864236574794683,0.7641347583462859,0.6366946329809239,0.10781872984827247,0.38666321636877987,0.47063358067240507,0.7563437398371923,0.5899522984569039,0.8431541599314364,0.6967472688933016,0.7069560578593886,0.8864816717612157,0.9150369501854454,0.6508733327663363,0.9424336218199287,0.6491003355361158,0.4386065791104533,0.7121091051033167,0.5924010455198422,0.5753741668834903,0.5929486966548204,0.4668277273767341,0.4783838324528862,0.5651812951882819,0.7281674953262338,0.23758669609459582,0.5677732616485127,0.697961739916762,0.9226717355309232,0.144735131718172,0.21587346116294984,0.3394533987169779,0.7898017716521875,0.5569275130947214,0.29823965037221994,0.5263065046322588,0.6757740624591128,0.8519179231140144,0.8697467536291835
JETS,0.5494754714891885,0.5923348724397722,0.5650750518018508,0.6197558683312114,0.6049564197203334,0.5740407543980012,0.6049662724317233,0.5687595917732929,0.517208380913204,0.7140820102124822,0.7012689206031818,0.5771345633903557,0.504420259573405,0.5251537548755858,0.5424515551829506,0.1980338917181824,0.13141613697692733,0.12574197559858782,0.5913951365692441,0.4386232859270601,0.686256883592629,0.49533769506333347,0.6192852379589726,0.6327557366033868,0.4486316121985124,0.13716724616781117,0.37855447404647397,0.42546203624129925,0.485125108496963,0.39130776732830064,0.6100102267642227,0.5698186815554672,0.30759800521283515,0.4673329215042323,0.518494932788911,0.43581655440725586,0.6082757927921176,0.5158493910434108,0.6564310517099438,0.5564472725250048,0.5554120071875622,0.5805107348823647,0.3599340923885064,0.5666445123773315,0.4649245506788469,0.37118754884251975,0.5734117654335268,0.5142434969327951,0.5831985272682043,0.5017531781816571,0.4897415482688212,0.5024973118833828,0.4141387180541575,0.39835401217242167,0.4649943074273153,0.5568185661372088,0.6066976888170537,0.7452977473451473,0.5892440921866033,0.47900859038795984,0.5851519147692298,0.5325933858503031,0.2153290529048612,0.23810673745664462,0.08789166301967503,0.44020019043562975,0.05509898238738439,0.6297557534109188,0.6689442542294022,0.6375414805041654,0.15693377052639393,0.5050417140560578,0.41309414600054245,0.5710285142833479,0.44994446286528017,0.4750902622681253,0.42154724504432667,0.16508626275629307,0.5094141617253162,0.6227273236953076,0.559994578871876,1.0,0.6386613613311761,0.6586763127723436,0.6324118144943776,0.683953131764393,0.44227377362668047,0.6855396430914948,0.36012262531398187,0.4408781328710705,0.2801554206783709,0.31955094759707514,0.6225497351943569,0.22688377737456558,0.6937799407525661,0.3493638177427169,0.6799314802964621,0.5462938831690727,0.4670812243470767,0.6379217328488463,0.51297680974439,0.7175531484029996,0.5496010690270322,0.7079827912081343,0.5583882585608423,0.5499290354597905,0.5439034907574622,0.5482890243481249,0.7249224696164465,0.6836639488480754,0.7332207904010674,0.069240275301199,0.5898901212039194,0.5663987999637433,0.59161073219093,0.15649637165645944,0.25699701333858405,0.48205528126795505,0.360436483449778,0.6580540481632231,0.5604729735651138,0.6564902728422172,0.14820407479479733,0.2636592557572647,0.4283086488278213,0.5694322132690912,0.3896253943252539,0.5708186471469624,0.18660624445057322,0.39062269587539566,0.32756767188761504,0.5603748125766,0.47618511284780507,0.7165453731338752,0.744228021916964,0.29751526408707096,0.6120599525577234,0.00467273817352773,0.1146469612753079,0.6451150241020529,0.5694289170976781,0.12308347843203389,0.47934902365870646,0.5084916940126585,0.7149515891420988,0.6795138520884253,0.6831554701022137,0.5408464611430756,0.596359015888744,0.6858021417661526,0.6822661660770699,0.6564298473670085,0.5663168262511054,0.5297219201120711,0.4144176493203387,0.6088545867785682,0.5767323390577611,0.4696745265115301,0.566057786622455,0.48884933583790463,0.6089806635917902,0.618881250939872,0.5291437570355653,0.1844431889244854,0.6431263074061248,0.6870299445418256,0.5067711484572617,0.23613618689085633,0.2230993789338225,0.38060236752839277,0.6676155433332046,0.5183827942841628,0.21065378661280923,0.6741946134919201,0.5198581264479282,0.6375754307933994,0.5986944816748208
JMOM,0.6657432076830759,0.7422884111725092,0.607892066308202,0.7498554372995541,0.8219615679731187,0.7505636846861746,0.7406749977924596,0.6914176187429719,0.7138717658540827,0.9431233741647432,0.7296624570273097,0.7268735282500363,0.6782704265688163,0.6100732923423524,0.6867785850568144,0.18361110190024435,0.13010668313305285,0.11223354528733898,0.8448647347943644,0.7299208272572586,0.8341965570998345,0.5134281082925181,0.7768970136152594,0.9285085220157744,0.5515284337729706,0.13123957903301345,0.41254830896246214,0.47857517331007193,0.6476427394192894,0.467230882780994,0.7950647939304996,0.6465898984566473,0.35333311121803557,0.6130069659219858,0.7406342665503017,0.5403436450323312,0.7509086218263326,0.6983368764045501,0.9472737462106368,0.700811300851202,0.658147025962175,0.6641637528319434,0.4115544669996563,0.6234727892686913,0.5106063878148265,0.4561146569108865,0.7690752597316671,0.541305208656009,0.6177076999147058,0.6127272181421534,0.7199354598366337,0.6011250917809097,0.5017256681031849,0.6182744918271614,0.5306568476443247,0.778536123399463,0.7046490210237576,0.7967069906151528,0.7119038383639793,0.6180679261363431,0.7232915405539445,0.6255597272123855,0.33721913153224453,0.3618786542464941,0.1765214334918761,0.5895794526069209,0.022563962355065862,0.7517986937421738,0.9459674855921937,0.7897668828895378,0.16652525988508735,0.578793859865345,0.5421951440462405,0.8103921525477876,0.7121776903034847,0.510529945378494,0.4756849374707662,0.34015199954937075,0.8874173940937204,0.7975310678713208,0.8970991034556698,0.6386613613311761,1.0,0.9386922630906966,0.5759339838434268,0.7665980701897726,0.45487713911353705,0.8660221443660332,0.45119416273280005,0.533554356674893,0.29616072401059346,0.36228147603437694,0.9321687279183556,0.3943636473531483,0.7427937191621018,0.5050855431280092,0.839055581376218,0.6519787031321834,0.5400887385029969,0.6931600489798114,0.6391370736467487,0.7902789253637086,0.706945883074717,0.9001032685171992,0.9094422630968897,0.8885172950839755,0.8334134562048175,0.5487812875663401,0.8409222341699156,0.8065512051086428,0.8535448210034949,0.09563906082899438,0.6948545345161226,0.6061360693630657,0.7081351210344988,0.2725768661179766,0.3803073217698294,0.8400939194811273,0.4126485850795327,0.943150421461138,0.5359557628395617,0.9394943842295528,0.1597659848876656,0.2782145828701823,0.4859349503799177,0.8843471560544092,0.46661775413409723,0.881801747224638,0.20891623206472784,0.4441258793773469,0.5547128366564288,0.6693873323913789,0.6785940736485804,0.9045732511574708,0.7844968772100445,0.3009254585435819,0.7767231194392824,-0.008297606117301357,0.08355555478253898,0.8662739685510977,0.7093615426800475,0.12582194287405776,0.5143934774493025,0.5522119718158741,0.8924186497309178,0.7536965586093869,0.9383559592620155,0.749711835079235,0.7694069247673029,0.935355788859219,0.9504129040484254,0.8072963438111245,0.8919996289913165,0.6768914585557138,0.4801850356375995,0.7765286826495482,0.672192831440097,0.5955108239204254,0.7289011174040664,0.5494624839315019,0.6050588022435942,0.693196452014672,0.6779859371606477,0.33938523840417406,0.6904311111688185,0.8522036226665329,0.8941269676041672,0.2241844082803805,0.33265829471350694,0.4429123202407214,0.7664536096280042,0.6637650229864585,0.3800865950775893,0.632982827672085,0.7096047101630292,0.8842217177177178,0.8209949186576071
JQUA,0.7099968728698779,0.7318168466479082,0.6171963583057276,0.7302525279272318,0.7619437024711964,0.7248366337207,0.7476157086586537,0.6858773708315375,0.6723867340017469,0.9528196793782684,0.7608283627811595,0.7443864504815788,0.655735000085955,0.6322366414639767,0.6302335381549166,0.24119295084986364,0.1862714916669261,0.1395229746355202,0.8072698533591443,0.7510802195668812,0.8926164518558874,0.6115732704440029,0.8414927049266591,0.9340098375427834,0.566664803921214,0.18422312602989924,0.43826741169806827,0.467625210576745,0.6180209209178702,0.5436879211924418,0.7895544634643842,0.6804472144905996,0.37855443897508706,0.5942631377687763,0.6753841489441793,0.5495159186623296,0.7636993780616373,0.6588569866788774,0.9586283952072739,0.7178974163457444,0.6826648787191707,0.6923099693785588,0.43725162443476334,0.6452663644577055,0.5754889856924225,0.4820666524437127,0.7402125700052405,0.566162145190681,0.6519621811770595,0.635131341924711,0.6592860507515242,0.6404216772060286,0.48493900018343067,0.5442014206492046,0.5317199528065552,0.8044896054462345,0.7190377112527999,0.8321354410494433,0.7242703009611515,0.6189701626516142,0.734281939227533,0.775139885841663,0.29822180525835273,0.31937520576510486,0.13730264792729754,0.6064957636247322,0.0780442523274968,0.7714181201149668,0.9654468459836364,0.7934269875938701,0.21130080655984312,0.6341424678125698,0.5155442428520397,0.7235930601853273,0.7507744931962896,0.6152521726488793,0.4896223845737738,0.3735746413854868,0.8220777601910926,0.8756604281936713,0.8587781756923442,0.6586763127723436,0.9386922630906966,1.0,0.6196436966219225,0.7947640506338393,0.5593261137201234,0.8345273088798738,0.4671476954582187,0.5242033704016443,0.35501022135784926,0.38802164287738466,0.935857047615347,0.4250045195867326,0.8713974740019367,0.4978952932524208,0.8051320636555332,0.6126591699533801,0.5718391458123364,0.7834302509452197,0.6142878608775791,0.8539164343137894,0.6627944625478306,0.8953456858425476,0.8815525006815592,0.8531001884481489,0.8039621887899738,0.627295040708747,0.9190559735854256,0.8064421503577385,0.8532960963675452,0.1477133208565564,0.7129803767606591,0.6655939932331051,0.7531297811570488,0.23847910890545573,0.3318195368888924,0.739653964785865,0.4131569989741513,0.9555783355322262,0.6640186737939776,0.9513741599061957,0.21398506593135908,0.3391817833453317,0.4771971683778572,0.8640524697286613,0.46798214191879406,0.8835435441755902,0.19700148585201074,0.4264563265611625,0.454575069710465,0.7193543607231669,0.8144898728532101,0.8855048899966109,0.8319754495931057,0.3605345032331897,0.7756222480562298,0.039478022135684854,0.13583607304844544,0.9355922203670369,0.7554043701302573,0.1801216198645076,0.6127000381827671,0.6028875307742472,0.9295561218144884,0.8341318937674225,0.9281927430480207,0.714164945775835,0.7581339926171338,0.9390807231276276,0.9609261672770478,0.8715244587542272,0.8765359329248801,0.6642831208398076,0.5248148725886187,0.7711574620171241,0.7018998919347005,0.6778594780636429,0.6628717754996127,0.5593006763567743,0.6593839718824475,0.7539761667214757,0.7486133381959161,0.3775207720868087,0.7630035322130935,0.8412401124754796,0.8383761786258929,0.3825805015339323,0.3649868501602973,0.5608160070906166,0.8117398941590243,0.6011122114489251,0.4001307877965188,0.7005203299806436,0.6682737588905227,0.8862875758416044,0.8321845008980737
KBE,0.5255656495438017,0.525621469058881,0.4942748393356099,0.5399794465641388,0.5231261238870872,0.4973883737510055,0.5236421995017894,0.5063358145027707,0.3508454995769334,0.7245992591737936,0.880097888520666,0.5970523670744499,0.42869592632814635,0.5173909384237212,0.46385147051793074,0.11918179385560132,0.06116648432913022,0.02943041600685806,0.479292637057278,0.4245108647095104,0.6941759150752986,0.7057716118242681,0.6587036584294099,0.5716269205173639,0.37319433031841576,0.0678837476247612,0.2672618205664033,0.3613033012582395,0.31163567797176606,0.36619975688034073,0.4548939201019271,0.5243095407508842,0.24186893134950194,0.4129361416024487,0.35238342132613276,0.39680274395060683,0.4994947065457561,0.34907203553689,0.6071134326416799,0.5145669911189513,0.45984135439885127,0.44685583907877996,0.2646322019690998,0.4765055426268259,0.3792411285788924,0.27829247720474376,0.4202695204299362,0.42919314468854125,0.4427545183837119,0.42170053688828996,0.3250676161299929,0.4795436044446559,0.338684257725709,0.22898354057574544,0.3338330668465883,0.4733238383028081,0.4546291732231094,0.8407409682091528,0.5058775142663845,0.3619738789731543,0.5072953838850532,0.5968254715817765,0.07459739326583655,0.09613422870536528,-0.020534874967077024,0.48182711226484665,-0.02175159009242966,0.5270455257571791,0.6236459763611474,0.5511416843940217,0.08847441888771904,0.4475942522766855,0.32469524290345925,0.4749068549109042,0.39156055037529275,0.42148422515054007,0.3391236522419372,0.3856071827105265,0.37090429966805755,0.59457092033952,0.4327021385953108,0.6324118144943776,0.5759339838434268,0.6196436966219225,1.0,0.7843653277994874,0.6421818453468925,0.6328667138808587,0.34001650788953713,0.34447713278014225,0.2090010223797722,0.21604211504406437,0.5580217464728874,0.43570237580005916,0.6658106810419183,0.5164440917883458,0.6978545212496389,0.4921388121702051,0.5651112407798594,0.6655005503828458,0.4342817503662108,0.7845353798069901,0.4809187582084191,0.5945536509171088,0.4434860263798365,0.43422476774007546,0.40630694610791473,0.6845151125212742,0.7599152396542688,0.6773483655035926,0.7943303035932711,0.05870099160059506,0.518606903369677,0.6105877312881173,0.5739102282262226,0.0532744633984963,0.12356327265908473,0.3391091352996541,0.27831464179033893,0.6022218875922354,0.7573358764252954,0.5956064072624276,0.09873997021156954,0.19575690045882238,0.3453909096861764,0.4820006475585564,0.2395896045040183,0.4814514895698206,0.16809177433014438,0.3093271595995393,0.24048522830090188,0.554303895820706,0.531574778250526,0.68066277559759,0.8604696148218438,0.21749141788363116,0.5035518733798937,-0.06110939364848593,0.037816863023616754,0.6668708531328833,0.4905104797453438,0.06920596253801763,0.5759531010445448,0.4785444604729836,0.7345171506411702,0.7772798358299273,0.6180178354589865,0.42382572208979713,0.4650919220178704,0.6111638805193613,0.6410112427543168,0.7371501467584101,0.4578971505913202,0.38219716959783523,0.3355352072232796,0.48512428633336163,0.5262039302810128,0.472376615999101,0.5172033861618499,0.43273614228556934,0.5984957225077843,0.6111079539793282,0.48234358199380567,0.41582417622034323,0.8131680230740455,0.6580082408699299,0.38694306804597806,0.259428911281135,0.2838948680219863,0.3679730684747973,0.5738572075885358,0.5003961490657488,0.44066713819084136,0.6872669570787237,0.3557356644816807,0.5361993587319182,0.5039380978988006
KCE,0.6354157734359729,0.750949426700876,0.6009531580372742,0.7281219598223765,0.6919246101663843,0.7189139075369839,0.6496733701449452,0.6198210580502272,0.5061553054492595,0.8517181240823484,0.8202427806346986,0.7026532206047182,0.5490570697362084,0.6085058974484712,0.6716159167266195,0.18164971261670046,0.12760192325751255,0.10197626918532085,0.6792617035254623,0.6279099955460024,0.8156032386778881,0.6359171252725863,0.7673947935383777,0.7773092958032499,0.4801294839832176,0.13123048142495683,0.3602341250200037,0.41789811430478646,0.4582611471682576,0.4332592866756778,0.6320974082871152,0.609198835968274,0.32737472301923093,0.5250699712585216,0.5082995402574612,0.4895717990742425,0.6401527220318841,0.5004058145867344,0.8031381413005824,0.6340415094814037,0.5882943118103092,0.5936289602622142,0.36758033709760324,0.5838879487586075,0.468505832249202,0.38635374242470777,0.5838774028594536,0.5166525408785899,0.5504949972336256,0.553287449543097,0.5054664921736872,0.5650456129151691,0.41342234946386724,0.3654388166189697,0.44861375903084383,0.6973375820819856,0.5944258690296529,0.8456984012018356,0.6260107924826805,0.49818789883920467,0.6200375127809538,0.676752423108726,0.22126314226634833,0.24718013135797803,0.06813947369984395,0.5492148183228897,0.0264405441060359,0.66246706074297,0.8151971855496496,0.6871677334680603,0.14813175509907306,0.5391944090118076,0.41032263873582736,0.6353158896028415,0.6485211409840304,0.54372456014732,0.4177440004801383,0.36277221376119145,0.600234742298261,0.747972524797584,0.6658288684648221,0.683953131764393,0.7665980701897726,0.7947640506338393,0.7843653277994874,1.0,0.6146273557749757,0.783566270786173,0.41462285265924775,0.4328088632458935,0.2886421523295377,0.30776991392902714,0.7647514800680641,0.44167421699677367,0.7902102274054332,0.5067178771695461,0.7718858519326901,0.5769074409502517,0.5809919351053261,0.7231201230911461,0.5430213989840841,0.8472959428279773,0.5752049577460616,0.7697611452249922,0.6666327474714417,0.6465992845601369,0.6258091148688445,0.6460069587718272,0.8446944645271466,0.7770715073760456,0.8400634026299341,0.10207484623242508,0.635915632577667,0.6465013329724061,0.6850596401371931,0.18028495794600624,0.26883908735570267,0.5287397085916966,0.3542373732965346,0.794574045866075,0.687268555554311,0.7906744629619084,0.15929221459586576,0.27175755205123525,0.4069388620286591,0.674148386779422,0.3671164338586731,0.7126814613609264,0.18477303034896933,0.3909523046002309,0.4101929300662604,0.6576417620840133,0.654251192106142,0.8227619714199709,0.8552998914397757,0.2951146328543266,0.644247232470865,-0.007008440104913451,0.08825958468692882,0.7971665544787911,0.6386538530560333,0.13276559925951123,0.5975721878094544,0.543169515378721,0.8570515308144604,0.8119409737919621,0.8160644758134644,0.5622370571307309,0.6167260922386123,0.7911401585089256,0.8221208379038754,0.7953865482779081,0.7004506597608933,0.5335607507754625,0.4403853350018305,0.6351934909037449,0.6201677907484435,0.6437180049926894,0.6479355743512734,0.5156845953990046,0.6056045266332416,0.6895446531296884,0.6503894749558536,0.3826476812562632,0.8634727604927804,0.7590971356557777,0.6136157925804954,0.25428553685431915,0.31296912207291705,0.42462450358281345,0.7148912694983841,0.5975166895486669,0.412993203791337,0.6932551704485688,0.5073307414808967,0.722519261645839,0.7002596812439917
KIE,0.4103729942222432,0.34987940352807534,0.26099262878438034,0.3075800157908841,0.29594092258036375,0.30377380319810604,0.4304749292163897,0.39052031072264054,0.1725239126508043,0.5561617165457031,0.6015478619129041,0.4878918942018315,0.30972979460047523,0.44047915310636215,0.2582240183669763,0.0743377156841083,0.01779733527974529,-0.005529192946653796,0.2890231323907119,0.3536557240515065,0.641765499143541,0.630262051650479,0.6516384212892953,0.43235729861446054,0.26647687772816075,0.018891088272193126,0.1631838989448111,0.23419631262789475,0.1734351613523068,0.44084092556849175,0.3571333867077761,0.4719085818976112,0.18426527798998257,0.2623315817217865,0.15283156144342405,0.3138994103213172,0.4237650979788335,0.16288185772903013,0.48529509843334123,0.4194094802252917,0.36954694063475146,0.4033171396022809,0.1714642840233213,0.43776876815557536,0.41448842428947635,0.23831407867568052,0.27623571849478706,0.3974060400946312,0.3942054832018716,0.3725520765582898,0.13173537884750233,0.4703729562456539,0.27406399356381134,0.03601693015719483,0.1978501695129028,0.33952500527946755,0.3828195590907218,0.588710196530635,0.39018605627594044,0.2276372884627663,0.4011995797391585,0.7489332728156642,0.04055702776909989,0.051201208994775836,-0.05790495122872794,0.36010725068692695,-0.03853780292108565,0.45838958944810587,0.5216580424394752,0.4775377526720391,0.07487129207537682,0.3730560017446655,0.11473022253174432,0.2273866670326474,0.33691784421079424,0.4692361957572582,0.30488890511341676,0.3496291020995397,0.18289794295043973,0.6463698783664361,0.2977790004309541,0.44227377362668047,0.45487713911353705,0.5593261137201234,0.6421818453468925,0.6146273557749757,1.0,0.3877722336681428,0.2680876744394177,0.15306025739421333,0.1339673670413398,0.13607444763599405,0.4410183517447304,0.41990964140221565,0.5558240067721799,0.36008626156134643,0.5082499300922283,0.20683591833912582,0.4003698809982497,0.5957431023261681,0.25783368704092563,0.698074673854057,0.1878435085699671,0.4297384129823154,0.27808893231283127,0.23260324967457463,0.3202695306206195,0.4968601539756878,0.664832824359237,0.5328400099745445,0.5269220753101354,0.019938387515393268,0.40928803532728325,0.4490874431289233,0.44767575460764797,-0.020899308886582393,0.05598882199002611,0.1110534598287662,0.24512323509101538,0.4845311009756595,0.6559747832687777,0.48073746937583595,0.046743827708862935,0.1275367736839888,0.11909078631653476,0.30416213470036246,0.14916230498809793,0.370244671149461,0.07390159731690059,0.2375382730382694,0.12403282346222098,0.41985382600921456,0.7251114879127358,0.46500921092348924,0.6488287580423014,0.1509880447706814,0.3933253530726162,-0.08355113382997177,0.010723288018063605,0.6430626700500663,0.4657800740312683,0.021801030971245416,0.5350633248048482,0.3869352186982975,0.620816019422603,0.7106594777026793,0.47560810107213947,0.2677412070423616,0.32838456669309446,0.4724193015798061,0.505458952869175,0.6892208461245529,0.3212193426451262,0.23257890316269147,0.2387054224977188,0.35831586213843825,0.4582271438830939,0.3670137602785078,0.42360101814500417,0.30015529760479964,0.4298957058817151,0.5394881768440684,0.42124497028227353,0.37325791569260136,0.7875384087733392,0.5527925334241335,0.2063843157445395,0.4700661064568634,0.38476638829778714,0.5043043296568489,0.43048202396671553,0.2813994478216126,0.3431596034150733,0.45868769483050564,0.16535272041953433,0.34515502484156035,0.48381575417216527
KOMP,0.6762560810185542,0.8285769449545716,0.7695995577008177,0.871580917390508,0.9038750485114124,0.8394263441022959,0.7407864122670049,0.7098747752276517,0.7208993798895845,0.881973833734393,0.7906754459232149,0.7377225438610632,0.6404692762942973,0.5707797430057595,0.8160977633015292,0.23348893165424944,0.19379894958861626,0.1704814287341921,0.8374464915367157,0.6856675185720797,0.7696089430640953,0.5540017665656519,0.6934241680595119,0.8338020780802446,0.5891769331692046,0.1982828458647596,0.4757162832805723,0.5274527059472639,0.6571264803106981,0.4748859131666511,0.7663684301994321,0.6495489828656534,0.3561723475465388,0.6309830262349634,0.7163189459456308,0.5454269610303478,0.7355596590236455,0.7160250221299411,0.8514712097019574,0.7001261270113559,0.6779743592099823,0.6630628225416292,0.4866045042664655,0.6258059995907502,0.5130000762513499,0.4681140696843953,0.7415385238502386,0.5548404425623779,0.6219336885948205,0.6009421656278008,0.6806885263088612,0.5953046108357678,0.5103310422533566,0.5958661537016083,0.5706591278306733,0.752325701855796,0.690959527012882,0.8588778974408052,0.7323910966533338,0.6580845547622188,0.7189741734269243,0.5417186718726439,0.3789965242519716,0.408534010898308,0.2274928035111436,0.6206967657624922,0.08820528950737623,0.7326283613568095,0.8461293587410693,0.7259580049481112,0.2055364449388916,0.6263865852433876,0.6705784983971929,0.8722644532625773,0.6645931064772223,0.4836100910564207,0.44611305502741266,0.3162259858729812,0.7713025513663183,0.6906068781743586,0.776460190659964,0.6855396430914948,0.8660221443660332,0.8345273088798738,0.6328667138808587,0.783566270786173,0.3877722336681428,1.0,0.45035726480885296,0.6339225205487302,0.3455346615180638,0.45190304481876986,0.822302356938833,0.366897289455064,0.7611664775468086,0.5044978399430143,0.8160506971380649,0.84778486906415,0.5735618207817573,0.7003566219255678,0.6790570765281484,0.7609834012553813,0.8403261413345077,0.9147616640635259,0.8031709861530942,0.8087422067740593,0.7099111639290081,0.6203551950316128,0.8201813775602279,0.8003505613894516,0.916761554845263,0.14664185818005543,0.7225764219887225,0.6775485744916069,0.7099613104225598,0.3165158232167316,0.4296986929713872,0.7218965123986291,0.38505617860962205,0.8403634457694676,0.583305228855934,0.8378812745019769,0.21932487967583586,0.32463247494539643,0.6341913317268543,0.7943547894041643,0.46956484644295116,0.7718535213658807,0.2220057171567398,0.41501414471295545,0.581565613427687,0.6914693523234723,0.5690431249110665,0.9507144199921994,0.8244344365219497,0.3425309333698642,0.7636038126280272,0.06504580071158865,0.1350387400791422,0.7722100019686087,0.6897374941958541,0.19091024563097048,0.5453743282083837,0.6127768206896541,0.8735877882247481,0.7517590131517404,0.9012757698534621,0.7210730794670179,0.7685259378140179,0.8802119156508939,0.8718623102923402,0.7453561716804152,0.7899426970633052,0.7084007166286512,0.512753080097826,0.7762176499664738,0.6759679766862096,0.6448523522218438,0.7871412424452411,0.6421008474357431,0.6424255420104382,0.6931751923784943,0.6344979348823941,0.3087462802832654,0.6434163370189279,0.801646470101937,0.7699729819350096,0.1670156394513338,0.31151144167976347,0.3882388199771611,0.7641407351807535,0.7468317704768205,0.36912221067679624,0.7133721883140791,0.7241443815444973,0.8933013116964357,0.6980183064108606
KSA,0.3766904312789761,0.3757384442200735,0.3238764592314393,0.38098809908026976,0.4008500622388007,0.3704037346149503,0.4698875974749463,0.46292431491772706,0.44837594141298676,0.4897739607458009,0.4197049987327637,0.43532456658508495,0.38499976087311477,0.4066145413660716,0.3408280950732656,0.09932469110638346,0.07570354095404407,0.04041821714753363,0.40863248810745284,0.3063951456061718,0.4753855053977132,0.3953043956297419,0.45251886810935915,0.45094422880531204,0.4435652215802427,0.07770387260664989,0.3132085857057954,0.33843239649561146,0.4990897528329427,0.375948016008343,0.4422098546018375,0.45772239768403605,0.30758671061447107,0.3807334565980718,0.45987232883479556,0.4109910779461131,0.4639899449999041,0.4612687092144631,0.4758909406796139,0.46213549010938615,0.42604217052321586,0.417944106545775,0.3034059873641741,0.4161764213345222,0.35500892985720517,0.3426608634436469,0.4120900835488144,0.3936947926206206,0.40416261372162043,0.4050593792651707,0.3842671608799059,0.42177704359791507,0.3593851467572738,0.3203506938080592,0.43768127573437066,0.3763735970382152,0.43469041102803074,0.4473593372607602,0.45892587887514424,0.47637209156526433,0.4685181805723378,0.38718006847129666,0.22482088900709468,0.23586819003618384,0.12972235206667765,0.41487249492053163,0.030928709416802785,0.4642865046193616,0.4757954099537297,0.4514232125464296,0.07960743182535358,0.3507492481980857,0.35187191028722914,0.37818206709557106,0.31001108968358393,0.3190043192902163,0.37319714390224934,0.259378200397207,0.38698602249443054,0.4602859956200129,0.4113683559125534,0.36012262531398187,0.45119416273280005,0.4671476954582187,0.34001650788953713,0.41462285265924775,0.2680876744394177,0.45035726480885296,1.0,0.34375766654111894,0.17191316499078535,0.3119262835988287,0.46251360400178826,0.2538518540412012,0.4465697959955034,0.3265688796976138,0.4063636299057599,0.36496304270842844,0.28245428987942417,0.3905430955491571,0.4209113400444261,0.4425834660824159,0.3723758021598873,0.4572961574586326,0.4087123997480691,0.38068978645365154,0.3974626572885595,0.38676521985295564,0.4802498998580241,0.43464411674218717,0.4563603467698662,0.05810447347868741,0.4580953030744699,0.4612251134087487,0.3962219006179185,0.20494650185125604,0.2420375341896714,0.3414468288304806,0.2894019554485259,0.4763380244638583,0.4070692151916539,0.47216070177684333,0.1295175639021702,0.160488028171305,0.3201788299884639,0.41985659431057,0.29921774497080605,0.4142346337965585,0.2019907196634684,0.44435444533406376,0.2894643133500659,0.3743913689929382,0.40659352563622597,0.45387070170015487,0.45055275698635766,0.16618600614382548,0.4714276657747279,0.006568470462286549,0.03692736515266774,0.482632577000515,0.43942203707233934,0.07295883420156683,0.33643475162335,0.41658125517379047,0.469796835036307,0.4584082483936324,0.4361681383117337,0.42741575959050493,0.4746085489817385,0.51283024934736,0.4816168083665878,0.4743827361547734,0.4094851320540856,0.4941234506410021,0.29257744764545723,0.49416545980787163,0.49515123850003356,0.28383311463075905,0.355972229652185,0.33541117986641644,0.3254700571313376,0.4342382763272253,0.3712247485301379,0.24347741241206286,0.4025448896797622,0.4256749719141498,0.38110144834305903,0.2593916323370399,0.23960657769287866,0.306638100731427,0.40441820744413387,0.3607633309942019,0.24135515051596876,0.39163430260509136,0.4584373267020793,0.4510830626723658,0.4361702936714903
LIT,0.4516256609415986,0.47575193511424807,0.48619276241347353,0.5373610444291452,0.5812029035719998,0.5024574409752736,0.6267015203510504,0.6190081330990744,0.6911946670148856,0.5586256374721079,0.4938452362858428,0.5583912370579548,0.503045876168477,0.3939885533131221,0.4739204672546837,0.1847560863648497,0.16603634900799247,0.09478544659388329,0.5831047852043395,0.3815428907516702,0.46846112299201315,0.375857191070878,0.427429768237236,0.5345075398803343,0.6335278156754259,0.16327892266540753,0.4639428786003006,0.5957327687003714,0.6335312087630258,0.4087575309430385,0.6008083350980075,0.5724093753817998,0.3265291189352403,0.39798175780031847,0.5961270867511032,0.4642711528916431,0.6047511792498821,0.6924327707452421,0.5370094118839551,0.5944129453864526,0.5513941220499892,0.5289818525343275,0.5955298292979588,0.5112564782887244,0.4148138687726377,0.4096401874696252,0.6050841395435147,0.4677310705618615,0.5225661221808711,0.519754161232676,0.5724181006928506,0.5264342924667241,0.4468757131177328,0.5300595205723314,0.5693557394706397,0.4356246164007316,0.5630737883476314,0.5415723481818914,0.6311243008970298,0.7028460959313718,0.6265950361432472,0.3227257378595775,0.3956833839166683,0.41451378884470236,0.2833012059394091,0.621547221896526,0.08950717977200413,0.594793140890675,0.5214707795380679,0.5386929589023151,0.1886977769322825,0.4221434023101447,0.5961510304070416,0.5920761858908322,0.3570112109154032,0.24016533198743137,0.29034064079831035,0.28168712711271954,0.5233962974828108,0.4325723290424621,0.5051233293923595,0.4408781328710705,0.533554356674893,0.5242033704016443,0.34447713278014225,0.4328088632458935,0.15306025739421333,0.6339225205487302,0.34375766654111894,1.0,0.25910619908793886,0.6351150937025547,0.5156982193222885,0.21250014561005814,0.5083208143476977,0.3867789934015895,0.5206567759243715,0.6795827655368528,0.3878318926126178,0.4447437410016005,0.7046229936112137,0.45839361671455675,0.6847066439477989,0.6151001853281576,0.5272690321043442,0.5470699499037306,0.47644671158483665,0.42263470338646897,0.5347417039563653,0.489597250954284,0.571408664192579,0.13376571196700787,0.6058103817774683,0.6069069951645132,0.46183604173695936,0.3797736947901153,0.4280943965666837,0.5074937759292537,0.2213694605051466,0.5317309904665921,0.39622779375266187,0.5263875826816447,0.17284396052536924,0.24619904811677765,0.5946470865087036,0.5185074353806459,0.45138114087849845,0.47725593152037715,0.18096599947585404,0.2714847465823184,0.4639609611344279,0.4546567214038275,0.3222037700690314,0.5943525353648214,0.5219894367719258,0.25448330534119634,0.6316867490912066,0.06789497685756378,0.12119390047136458,0.48031949723979717,0.5363794606212269,0.17161060218128565,0.35886537770099014,0.5409322579965451,0.5541735894063888,0.4949396045912282,0.5499990922158186,0.610880245687547,0.6678344941009379,0.6285712695216539,0.5482341094672234,0.4776012551975988,0.4922549595633109,0.7119748636302817,0.3938004799074257,0.678628941488829,0.6161609998432634,0.35511219097403895,0.43912785006995964,0.3909230655287777,0.43581769138396775,0.5754644786244328,0.3650475716553969,0.2354180492851761,0.34038020409127895,0.4959043386772406,0.5048696881760072,0.12179872631461307,0.1925173250738862,0.23094480782761143,0.5146823105079574,0.6030088756506309,0.2708252599461513,0.45337743431165584,0.698355083271146,0.6768012418762966,0.45511682083261207
LQD,0.7257149909534535,0.28383775789791327,0.3495919820998318,0.3136147174127004,0.29012257136418096,0.2626586804219921,0.4025653816687264,0.3580975662311681,0.32775778082030627,0.3214645155330899,0.2796910473224456,0.35343499547487234,0.31561790408830454,0.2611568939846688,0.2297596004781191,0.9647575735173438,0.9473829555866908,0.7535110191424056,0.31882658004717385,0.2173015714257963,0.32843693656602474,0.3366678305037997,0.2849437823820732,0.32430708013048026,0.36021199539942816,0.9406790347630756,0.6567005727561879,0.2760165498363198,0.3393793431409241,0.4558850087840317,0.4152227871121605,0.3866160822893079,0.25358458534725853,0.2536440138635661,0.32720825988368524,0.32642978381454807,0.4179203264413247,0.32528813134818646,0.3337965900935687,0.4243447710761087,0.3653326551346381,0.4029528702555234,0.22030150164830117,0.3453847103573467,0.436757404056794,0.2849030189611033,0.3361901649873463,0.3730479490464334,0.38581266484629106,0.3633809794621296,0.29202260504784444,0.3785876369357836,0.2835154014348632,0.27653243914842174,0.3727866337111302,0.26637470183427814,0.3825106219918057,0.3560499865756466,0.43833301924224866,0.32263864873479836,0.39458212999297443,0.3103503143139626,0.2820150617258487,0.28074887381492036,0.2389851450912784,0.23841567597337687,0.8499335836318933,0.417977574931129,0.33061056510951226,0.25919556115628384,0.7105735764923239,0.35515944909444064,0.36923205058491404,0.2864536383254632,0.23006218469310621,0.298115805718921,0.23164990941056615,0.024589844008410005,0.25697504685477635,0.3223369696247758,0.26052088828248676,0.2801554206783709,0.29616072401059346,0.35501022135784926,0.2090010223797722,0.2886421523295377,0.1339673670413398,0.3455346615180638,0.17191316499078535,0.25910619908793886,1.0,0.18152756520104713,0.3102357897230705,0.1022359312697826,0.3850968879793483,0.05425232781627088,0.2774841647058114,0.30724793755717084,0.528685189973157,0.3702429239700788,0.2740779566652504,0.30157385048525526,0.32159020872420874,0.34747298480908595,0.2882636432238194,0.25803650265465305,0.22866911012488478,0.4781199129839874,0.37447980016300786,0.27161756948543037,0.35187766353994737,0.8363461161299955,0.43044100720173706,0.42130575322470165,0.6680353072786205,0.16946389981954302,0.24365383668111232,0.20623601842215275,0.18381365132135757,0.3301244957299428,0.3668707285080278,0.33141010493953266,0.8484231039594703,0.9894824890919894,0.3218506638069036,0.28988598061762627,0.3416106850622123,0.28858058644474893,0.06330309737982585,0.17191801366559267,0.16599765514894918,0.7010431452963439,0.33234140094310416,0.36094219356626556,0.3459261332639107,0.9854188694033311,0.4181793303493494,0.8404172637434507,0.918060987337353,0.3482649393928618,0.4314487817865119,0.8912923839612037,0.4726297035669886,0.48834388324058864,0.36393141693629094,0.3557191447984449,0.33148491170913336,0.36675691432187374,0.4064655841545894,0.3800905293173309,0.33792825824586487,0.318690027165743,0.28886097158411644,0.3246112381403368,0.8617092106482733,0.40807448736615315,0.3953666844197849,0.24013508595570843,0.2529224986894606,0.3174890504710903,0.4494318987883441,0.3249412862297054,0.2910208334170996,0.0004646170603928007,0.2093151776099402,0.27859838117572644,0.24072002509535378,0.24224675168888732,0.32303159757337513,0.2823152511636955,0.3539892250187865,0.21512942102781285,-0.006271805009168821,0.3295030960068513,0.3266437289584783,0.3821544606342343,0.23576877293709106
MCHI,0.3338462794937748,0.3401905420262586,0.3147193971284927,0.352567522752089,0.3860774320471811,0.3445008383642778,0.5352397262680376,0.513945189013828,0.7077458868511196,0.39740978312197156,0.3194666881943741,0.44893328149919837,0.38015129580497614,0.3236610221517494,0.33105160349660606,0.11034218853991631,0.11109134787232418,0.07526017358608687,0.44064880195575856,0.2665311403702074,0.34934327076740707,0.3030398618431388,0.3429319186013311,0.39359701092404453,0.6898017901216339,0.11555611139945171,0.4504133177615004,0.4406883728033055,0.6343396894209671,0.4134687114931278,0.5087316673565485,0.5142954326739798,0.26196397349605505,0.2854677121337249,0.46934322872941814,0.44196945204080307,0.5281930002877405,0.7390725735776316,0.3957743193410514,0.5079467550060197,0.4823628004600615,0.4614170137785753,0.8255067103363013,0.45695458210734535,0.3869781984563464,0.3960511775124439,0.5221987835416121,0.40894243546084696,0.48855571622299315,0.5040306359104625,0.4433164733623286,0.4875009742765748,0.4449416005613842,0.40080386283090824,0.5671400257189427,0.34386169956556983,0.513864475410512,0.3646878793887957,0.5402207738823248,0.8304530332725594,0.5279951906012157,0.25908399139086813,0.32866965392380054,0.33947041090787233,0.24397798105581137,0.5141088368379043,0.06166394936758431,0.5146887815808286,0.3855935171930628,0.445540497246989,0.1477053704428568,0.30705803675242127,0.42288896703708934,0.41615303400942594,0.25957200751534276,0.23665562511907054,0.24381137041688655,0.2421757324012258,0.3748549071641332,0.3318372790312397,0.36258993847582216,0.31955094759707514,0.36228147603437694,0.38802164287738466,0.21604211504406437,0.30776991392902714,0.13607444763599405,0.45190304481876986,0.3119262835988287,0.6351150937025547,0.18152756520104713,1.0,0.3852315060716288,0.19610051825403543,0.3920907035822446,0.2666432372150179,0.3234150035679334,0.4307182378074891,0.26530325404927424,0.30607009378368566,0.5850424532788058,0.3362881319926858,0.41021576639750146,0.4746186269717517,0.378512002719719,0.399658215987821,0.3446084827841018,0.3334703541794754,0.3876659250652089,0.34679310899385324,0.36588683520518867,0.08379225729828696,0.5150385940324816,0.5878270901569221,0.3574519631151407,0.31167615378885,0.3521360032944092,0.3603994120011712,0.18374153203964136,0.392416334151302,0.30030605003305805,0.38874946583863806,0.14244855392553274,0.1717322317913548,0.43507297269708123,0.3814621417849196,0.4274636836079717,0.3556989761028642,0.12539993111520503,0.1903988971083352,0.33364086730138776,0.3477067457486083,0.26757040209333094,0.39017200368367944,0.3516139152794027,0.16894761656058244,0.5328352870041185,0.050944106177561795,0.058492644299380496,0.35727639537315553,0.48412175013457176,0.12229654922773131,0.2716787126466646,0.5508867785075154,0.390656556869569,0.35011401644169665,0.38763707313491164,0.48711426197064955,0.6171789223870491,0.5126458702644258,0.4003422978744848,0.34837711925800696,0.3655139130489473,0.8143177859354416,0.301740635455922,0.6308401825284997,0.590492066829766,0.25879983090261904,0.27056315919126117,0.2717546746231509,0.27580056170791106,0.4175354697515694,0.3219416918151598,0.18986702809993974,0.2574773686872242,0.32617509117226734,0.35319010483112884,0.15053367061184486,0.145749506299748,0.1967439485195724,0.34469254688589773,0.3993297804496752,0.19690632764042806,0.290300336582182,0.7172048654300863,0.5302318666058183,0.350862752237041
MGC,0.68120121984757,0.7683678873146359,0.5945521183973178,0.7700382789694082,0.8065403041967469,0.7811416664712175,0.7203528071284101,0.6661672437991096,0.6798239934544187,0.9490574643497792,0.6865865071521523,0.707775917040775,0.659990032446902,0.6306904752819165,0.67791675209362,0.19326057915227882,0.14095843746003867,0.11269238086033122,0.8386516213809522,0.7228433904767421,0.8552761555330499,0.5002313488910279,0.7908335067595487,0.9794694134142554,0.5569760172986842,0.13966206661645844,0.4195569659253085,0.4687318657419009,0.6095761837628236,0.4678559118786133,0.774710153868792,0.6395773523170065,0.3789346186754213,0.6119569095173112,0.6887439843991208,0.5384075324790978,0.7360236399376731,0.6666848695783413,0.9918371239426634,0.6974683825047999,0.6419297106037164,0.6637605130043398,0.4276301392898713,0.6251356391268472,0.5126196414890589,0.4795322204640336,0.7440400203515963,0.5442324141684513,0.6163777801930738,0.6229023340832499,0.6908722732687079,0.5879252473215151,0.4707110468723189,0.5535858805235794,0.5203293789946825,0.8486981132415196,0.6995248879391983,0.7538154920940349,0.6948736589276858,0.6170004736780359,0.700097377566187,0.6480009568059468,0.2947862844099117,0.3197948585977474,0.14134972490974726,0.5596010542177144,0.030262980327816033,0.7420942717699477,0.9848213173043211,0.7834275583757301,0.17396880029872464,0.5805884916699136,0.5037308254840658,0.7311599391659477,0.7555867350379728,0.5539379126743574,0.4874453272388136,0.3194927495658033,0.9004795027383402,0.8164558880080618,0.9383124557929756,0.6225497351943569,0.9321687279183556,0.935857047615347,0.5580217464728874,0.7647514800680641,0.4410183517447304,0.822302356938833,0.46251360400178826,0.5156982193222885,0.3102357897230705,0.3852315060716288,1.0,0.37983593324722587,0.7943439244432389,0.4613470634949078,0.7523723957475142,0.6110946875256856,0.5352309727356944,0.6650267780576731,0.6057373278319824,0.770058747015161,0.6663745233274323,0.8574027228303328,0.9588074714677881,0.8733912634515564,0.8668643906571698,0.565663593816865,0.823933446865943,0.7833745874124798,0.7904585682419497,0.10899014371759567,0.6848562287878488,0.6196487245964476,0.7321676529640251,0.25702699041642046,0.340936765589728,0.8043098939373247,0.4207101840559633,0.9934378601736591,0.5387393454745878,0.9920079563092016,0.17634237786893328,0.2939874826401112,0.4583461143949996,0.8743315808197528,0.47508587433349986,0.973130144576499,0.21917181669077243,0.4462543642951983,0.5017153140246637,0.6923090853042854,0.6909420355376388,0.8424985959169512,0.7420644127995113,0.31626829139921997,0.750552275599506,-0.002453638278458049,0.08735754237272379,0.8794696815762822,0.7132643974572405,0.13547367372010222,0.5047536331636616,0.5496608897483342,0.8500997443349142,0.718514372442483,0.8931130304528504,0.7067061229437333,0.7442664011582739,0.9497207018529095,0.9858789043943771,0.7763340932061961,0.9726421493653674,0.6732070777681917,0.4990410500539817,0.7545413595196131,0.6661884518291884,0.6298254073126521,0.6538510655272695,0.5338116388324607,0.5554847319225203,0.6663542826773068,0.7959154857856008,0.3166095646520922,0.7037266708487123,0.7789833682961076,0.9106674510210218,0.26963629701147357,0.3021820314196041,0.4677009039056345,0.8515443281332898,0.5943047948725456,0.35670737431124655,0.6269692859023002,0.6791557535413593,0.8857961410660924,0.865145333109043
MLPA,0.3564812018368653,0.29385754720864177,0.23640790570450748,0.29529709922874403,0.30789967617747493,0.28809220318300044,0.3573507247308571,0.35899501526194316,0.23310539798398053,0.47367691357813213,0.5145414414354542,0.46940112678195206,0.27130867284050997,0.3883371818942328,0.2712177313809546,0.03559889542486825,-0.00192900524653288,-0.07350248852123153,0.2884903716487256,0.3064789563293241,0.4264720614707387,0.6114028197355773,0.4746516628100438,0.37730282061775966,0.326439051014048,-0.002477104701206704,0.15758605506802864,0.22621090203242097,0.15771621843415662,0.28443683356204913,0.2613443419744701,0.37120507661866753,0.16946357222650554,0.19830543946438423,0.19402333597981805,0.2966811092057694,0.3254349154561737,0.21342216173470654,0.4134364502001001,0.3824326355955947,0.26809540996207476,0.26719147212434113,0.21701840641100154,0.29744232236679774,0.23186606365876342,0.2260142643448672,0.2396538545719048,0.26114407353100416,0.26272502490941896,0.3211237144475863,0.20585814233243407,0.3665591998600155,0.27791074302953406,0.1086910442544731,0.20365308716575806,0.29064978042390727,0.27257827728899764,0.4555439367265445,0.3221285525343083,0.2993627553337058,0.36733212102131974,0.42995953915008284,0.09498891256056993,0.09973071519390174,0.03507322185883546,0.5204914563124543,-0.07079160370216836,0.35054299313469184,0.42044260670945666,0.36897371519210626,0.04916414851580668,0.26543500604947445,0.21726312731947775,0.26244415565270146,0.2757474258460826,0.293059729458771,0.14643197174961955,0.6814902392354572,0.24189737144157128,0.46320018777262156,0.30697410525979624,0.22688377737456558,0.3943636473531483,0.4250045195867326,0.43570237580005916,0.44167421699677367,0.41990964140221565,0.366897289455064,0.2538518540412012,0.21250014561005814,0.1022359312697826,0.19610051825403543,0.37983593324722587,1.0,0.395396845408874,0.5914445496859176,0.39891970314212205,0.2923705655068749,0.3459150417286202,0.35299745205827726,0.30417664154199076,0.5035143399165534,0.28244540192441087,0.3692610384645747,0.2874075202709811,0.2677346506084852,0.31642127833996225,0.41084468053636725,0.4990326527178628,0.460200076056619,0.4326757345828067,0.04473290774084885,0.31277908450364217,0.47713175680089065,0.38832885061522315,0.07775674359160321,0.12816254844334,0.22463206270180802,0.125438639197105,0.4114739709580747,0.5190722678048001,0.39382754467102377,0.054813893373894224,0.098701884465624,0.22828042841812393,0.33683661057007885,0.18132610101772853,0.3148800105004171,0.0399321095082848,0.09044018573690685,0.20590982016576304,0.3673060137648593,0.4544508066556988,0.4022714023362283,0.48773205717860957,0.11034285897668962,0.3217941168032578,-0.0853590612458555,-0.025447126283839633,0.4625969832103343,0.326687419521104,-0.0022006469034500605,0.3900547395213597,0.26549712413092663,0.49698697545256165,0.5322471579125784,0.40840882978365395,0.25956407127851233,0.27423488356316655,0.4028479418566285,0.42347397805040576,0.5244584462148745,0.3002783161744105,0.26530871375751575,0.20905053541490873,0.317066757613676,0.3904595085322495,0.2877913927528373,0.32076149172156804,0.22958913518432994,0.24162810915779867,0.39471097203069244,0.31399909189906117,0.6838605641393549,0.4580184649138922,0.40104730818695183,0.26427869829546574,0.2478357226137691,0.343949026916524,0.27551648273237134,0.30067729915655367,0.33516188651430956,0.6681788707241292,0.3181550642726981,0.21079028881858908,0.3393797846179084,0.41506075103822226
MOAT,0.7117639942655787,0.6821908813884422,0.6602658951447279,0.6911034899317201,0.6627495815606935,0.6541203595926236,0.685621913799965,0.6302722233329423,0.5542741749229464,0.8530273552128427,0.7713549294444151,0.692711061648742,0.5586018776472504,0.589444172892995,0.5547278300267896,0.2809398022691872,0.2310624038073653,0.16243002577308,0.7012397751542195,0.63935746337362,0.8383628368194903,0.6851486966779328,0.778534885634428,0.8129404381674996,0.5409271678387373,0.23058043527344474,0.45015560388167436,0.45525986939013285,0.5144609269132947,0.5429730922792998,0.6991620456503698,0.6512994264883967,0.3964984252115311,0.5148012273689636,0.5307484276655003,0.5155345843107566,0.6986225260535457,0.5507526979014599,0.8358145399457528,0.66300611731741,0.6490387270323141,0.6521653534059256,0.44676307211842675,0.6125485059158619,0.5928384326984598,0.4598801754744191,0.6432248524243046,0.5439864498726551,0.6399720438060976,0.5893637491125208,0.5196004934093074,0.6153662893099036,0.4310636163368483,0.3996183263561259,0.5085145263191887,0.7341449631576207,0.6690623454804348,0.8386605030716903,0.6796553993825591,0.5648781277827845,0.6701458036808011,0.7840473060571163,0.2542248396298439,0.2671367650493536,0.1122992005404166,0.5789384476774045,0.1323464550311468,0.7125836102981062,0.844330844935305,0.7054724419229166,0.23206803330396744,0.6702622329733363,0.47704290033767394,0.5849898757117975,0.6677555042009283,0.6772536302572726,0.44042727471717014,0.339249976116508,0.6202328281318753,0.8301647688213905,0.678181460664007,0.6937799407525661,0.7427937191621018,0.8713974740019367,0.6658106810419183,0.7902102274054332,0.5558240067721799,0.7611664775468086,0.4465697959955034,0.5083208143476977,0.3850968879793483,0.3920907035822446,0.7943439244432389,0.395396845408874,1.0,0.45555715963773696,0.7354769869488593,0.5907395378882622,0.5761019723262534,0.8236236403467534,0.5570983775760096,0.8475915705607898,0.6053942411430611,0.8285161377971105,0.7065443202538119,0.6941896305823885,0.6446817462307695,0.6942997522707843,0.9196164189611554,0.7466603744577267,0.8130493683558764,0.18221865923898112,0.6783116872418409,0.7059142225845032,0.7410251549055519,0.19972992706078127,0.2823777445842097,0.5460515414074899,0.3609781696396283,0.8306699188756395,0.7730186306809799,0.8289360029784162,0.2526591736906618,0.3717312045650009,0.482712872100544,0.7298926372955709,0.43253277637268167,0.7420525324372044,0.1810404609089511,0.3861372330272217,0.3291480881281698,0.7203980829159914,0.7709844393009814,0.8168097294019041,0.8519801157056824,0.39014786204556845,0.6933220865052382,0.08969057318962757,0.18233365790744532,0.8680068475678251,0.7204158338383229,0.22025413542175917,0.6873630572275427,0.6161478271546803,0.8844056260014894,0.8557055145487892,0.8222827691445344,0.5896578699503839,0.6674790570983142,0.8286180496343449,0.8471566174155192,0.8320813819222499,0.7254162272064478,0.5914278717081712,0.5172699344569972,0.6878619147763341,0.664544082291125,0.6886274270075295,0.5936726562530574,0.5694686123216209,0.7083600241376494,0.7687850477355594,0.7150153110996832,0.35201843479602285,0.7480358035677277,0.7697651619407799,0.635128053018491,0.45542688097034617,0.3656705267689123,0.6256877415978512,0.7733434898471319,0.5338739849389074,0.37789499271028665,0.7620107777134011,0.5556651383436174,0.8066948518850455,0.7193350894473716
OIH,0.38833662635014193,0.3335253128044845,0.3104629487867074,0.36144885284966044,0.42647003130047645,0.3306696275302923,0.4929051690017408,0.5145078348107276,0.40585870344946307,0.5999816027722895,0.6925913835532884,0.5494476319478064,0.4125793368707643,0.429721466479594,0.334823875516304,-0.029737544245015804,-0.08019709698117379,-0.13411100917240068,0.41011529762148397,0.3261008868017473,0.5118037212505496,0.5767590456333609,0.547619705870704,0.4574409538099242,0.451831616038077,-0.07702841342935869,0.19199460879494212,0.3375156305275034,0.3342337102078594,0.3010777764033885,0.38739522680572297,0.49026300398380523,0.2348946601617836,0.2508040062597955,0.3877441533716961,0.3650164145847817,0.45154601094784563,0.3899667516891154,0.4919825881901661,0.4909056458994167,0.36792323137968236,0.3344252801362597,0.30366947177246795,0.4131345543393324,0.2685246057149326,0.280710961937252,0.38396349347842795,0.3268495098233995,0.35789308148436805,0.4023924788750824,0.3663013477952003,0.46449719281877855,0.3424699621253775,0.29884657310895235,0.3255750681577023,0.30900825746561517,0.3797972848336298,0.6002801841994176,0.4490059212669354,0.43916205805700725,0.5192102136015868,0.4221286489971669,0.19483806349121113,0.21222194161118993,0.10979692654138429,0.7244644557385385,-0.14804693384174372,0.47423116140058486,0.49521993231950917,0.48489845905748946,-0.026229709481905204,0.30645879073398036,0.31454584408289077,0.4039648201127396,0.27053265608975724,0.2451705610609856,0.22943000147052456,0.8278053595005798,0.36559235384014566,0.49203108440027016,0.40585915446765497,0.3493638177427169,0.5050855431280092,0.4978952932524208,0.5164440917883458,0.5067178771695461,0.36008626156134643,0.5044978399430143,0.3265688796976138,0.3867789934015895,0.05425232781627088,0.2666432372150179,0.4613470634949078,0.5914445496859176,0.45555715963773696,1.0,0.5691480858566406,0.42031938170535893,0.37030433657911416,0.4351084736763153,0.5115856399480313,0.5972466371086732,0.4183059530371331,0.4774092102337654,0.3774895118202189,0.38478013557374063,0.41609802771833476,0.40833275823720333,0.5745280120833631,0.5702480348352275,0.5855427295330498,-0.027312313996754156,0.4185148827285709,0.5630291875431224,0.41759989066506803,0.19668677789308725,0.23729330277653043,0.3692918778252219,0.19537998465489476,0.4980498258448344,0.5093972581685894,0.467264843947286,-0.011846269875720678,0.04733153476036637,0.31147623989929374,0.43175922235846936,0.2964346745012603,0.36337692128465504,0.09426081626185319,0.21221225195496762,0.32294498430954427,0.38858034473353825,0.38959947014680835,0.5346663965573116,0.6110403372911902,0.06453107682105332,0.4652199764465835,-0.17401245486835495,-0.10238903180761824,0.5188877285819388,0.40777906732898583,-0.08606661314206779,0.3258155868314874,0.315818412987511,0.5730638736756946,0.5996770247298405,0.4879854818718085,0.43551516008174573,0.41530891655910734,0.5223258448107233,0.5163585580276387,0.60594054758273,0.3653347550940298,0.409135445320203,0.19008067058334463,0.46856347014657784,0.5134325754263898,0.2780710518129887,0.4383277262883371,0.28067284665579506,0.36679556208715053,0.5513856748736432,0.29309478892824337,0.8296532657039731,0.4868928842703923,0.5471242770927346,0.3734389673194381,0.14181292214486121,0.20977928621020284,0.24918399769692892,0.36086789757175614,0.5433579001666893,0.8129682920247928,0.4287979947145986,0.3844760148095257,0.4380478565941578,0.4795549635746771
PAVE,0.6225083611238246,0.6041469200760599,0.5814395181631068,0.639694892347902,0.7216910236242167,0.5972938025953967,0.7048640304850955,0.6722518728123013,0.6050644616035079,0.8783752131129666,0.853844311154689,0.698698189084379,0.6128110747929806,0.5467934803718003,0.5932962010808428,0.1775460859793478,0.120732066492129,0.11538188282488893,0.720019232437303,0.5199861980978593,0.8017902880693393,0.6205786451051224,0.7536828550535953,0.7748574019086613,0.5120374048852226,0.12871872339660667,0.37757135820410737,0.4721624701478219,0.540300135816026,0.44616235359881157,0.7012753221763852,0.6368474519511255,0.3203094505104227,0.5285368967508595,0.6209499614382147,0.5020031804255015,0.6926575947349024,0.5932425512882086,0.7978577678904237,0.6561777313553584,0.6335577201801996,0.6039067915096628,0.4073273989739659,0.593965371837149,0.4967791604192617,0.41129959812231554,0.6713264981153569,0.509247927880536,0.6079453052201407,0.5288297927075513,0.5913326495106189,0.585450322132755,0.49533599489616525,0.49032256842513466,0.483204802932083,0.5836126727764911,0.650915230445221,0.8837489430613598,0.6821556162811255,0.5519240088523829,0.6857436387228679,0.6489020364577793,0.2819584791482016,0.30611444010930433,0.12740206604691764,0.6252546927574673,0.02788696731607806,0.6992817057798607,0.8102948313275783,0.7303565417431742,0.14239996820046724,0.5492272561510128,0.5150434439753704,0.6986741469141579,0.4762887773682712,0.46459618622264776,0.4151338808450525,0.37614491432292724,0.6608229346903199,0.7546307513608647,0.6859110545775783,0.6799314802964621,0.839055581376218,0.8051320636555332,0.6978545212496389,0.7718858519326901,0.5082499300922283,0.8160506971380649,0.4063636299057599,0.5206567759243715,0.2774841647058114,0.3234150035679334,0.7523723957475142,0.39891970314212205,0.7354769869488593,0.5691480858566406,1.0,0.6480744674174108,0.5385791811838193,0.8399962171002446,0.638238503778217,0.8323708219157756,0.6806990743706026,0.806776601636285,0.6864320131942265,0.6766219851864237,0.638885131299408,0.6058892698472018,0.8610860603018335,0.7794507060557664,0.8903048025928,0.08263491091741523,0.6693573810308941,0.6328862009324948,0.6533011158787049,0.20362915302031784,0.3293440541684318,0.6555753749064279,0.35244735974144215,0.7933310249756574,0.6524612151179301,0.7858172368206543,0.14358316674028362,0.2617702067415676,0.4925013654285351,0.7138759127341636,0.38540317215161546,0.6696542679344317,0.1998848582973816,0.39299411236424325,0.4770617131004191,0.6297703796264582,0.60351828681457,0.866171386961123,0.8904536276553964,0.2836866658313484,0.7112897580960545,-0.009575819917837727,0.0857614967564252,0.8153123338625674,0.6574865409013797,0.11701911720262982,0.5748149409290522,0.5487118894592997,0.8878450327141245,0.8400779672582249,0.8416564587979096,0.659239344142215,0.6874869830306177,0.8206803213932795,0.8214575777140085,0.8326543194086445,0.6721157240552847,0.5908632421612894,0.4458011221290058,0.7038852556090668,0.6511141318509621,0.4527712217548655,0.7257692027595749,0.5132319503360663,0.7854481972529428,0.807361699140644,0.543169318140258,0.38639841029252003,0.7066194227161096,0.9370478097136647,0.6590609883813924,0.25232986953913605,0.37764559947341314,0.420536619168262,0.6887478804193351,0.7130028881781169,0.41502690231352507,0.7000770474273886,0.6022361305765906,0.7599149834183346,0.6753012357167129
PBW,0.5524334863525018,0.6467496188771755,0.6880319607374344,0.7288925231649108,0.775148943058843,0.6690547952277719,0.611704173704751,0.6007028424331291,0.6379980528404974,0.6828870307659101,0.6468894023461205,0.6130981125599464,0.5086943416014633,0.4315088417965747,0.6455301832894064,0.22005497288820944,0.1898391795731674,0.1372862981454114,0.6790576794196359,0.4971496278035623,0.5503245475441669,0.45418039209226385,0.48694491781926463,0.6297608226690488,0.5269808386299242,0.19541108664184617,0.42770573813142126,0.49586605550739843,0.5616835782652466,0.35908676429833786,0.6100647483574303,0.5335186652415108,0.2881485866284284,0.493569605892655,0.6163179178173206,0.4592438564280011,0.5946004769859289,0.6319411899000554,0.6410962305084507,0.5728919566981605,0.5652686421417658,0.5274203481070162,0.45044487620803,0.5006164225412695,0.39259820201610235,0.382103350434708,0.6276425813537708,0.46354226435785534,0.4984338512362626,0.49100721981730394,0.5886371201986728,0.47684741215311166,0.4475963533128692,0.520349018158487,0.511381014414635,0.5506973168885991,0.5572867304264585,0.7018780907284279,0.618455384794704,0.5939102359703194,0.6034820042012699,0.33762489616932917,0.3523793437295868,0.377727802381327,0.23413065999165006,0.5712181136118102,0.08728003261931029,0.5887609571447744,0.6246286833366167,0.5635817896867332,0.20387556972365678,0.5106190878924798,0.8005690250363489,0.7693591051682086,0.46062834978242045,0.29608075673005896,0.3517728089981926,0.2888014358616218,0.6126787395314065,0.4818171273371092,0.5880462526481876,0.5462938831690727,0.6519787031321834,0.6126591699533801,0.4921388121702051,0.5769074409502517,0.20683591833912582,0.84778486906415,0.36496304270842844,0.6795827655368528,0.30724793755717084,0.4307182378074891,0.6110946875256856,0.2923705655068749,0.5907395378882622,0.42031938170535893,0.6480744674174108,1.0,0.4972569391393507,0.5370783265020167,0.6146530001964524,0.5579101571172832,0.9250487614510863,0.7551571329028206,0.6171453719097432,0.6450316557431094,0.5373093573895289,0.534946636858271,0.6373462816194164,0.6401745877497326,0.7644853510357809,0.14041575351807728,0.6048883011290074,0.6007181005565904,0.5665242981421958,0.30964200649414636,0.40457698450278995,0.5953849781409999,0.308131590542442,0.6310031193673175,0.47857851940773116,0.6251216688622265,0.19325106967923772,0.28918342056181023,0.8071208973131826,0.637708917124374,0.402430688587256,0.5588547048677168,0.22133785957599533,0.30604086561143984,0.5542475288173269,0.558879826698702,0.3537207910754512,0.7852942384247099,0.6630264740194811,0.30371747239527935,0.6265993285657999,0.08161626001006407,0.14261681447651253,0.5606424213715979,0.5345228169163188,0.18829749239878896,0.4442588065872164,0.523889881395478,0.6852855683368595,0.5904065053308003,0.7047611369579012,0.596814264837199,0.6430052784462448,0.6904840302226433,0.6636625759916822,0.5622744194190888,0.5907283341569735,0.6255231505518879,0.43808072448103297,0.6504460920649867,0.562327514271071,0.4798911813125014,0.5981520490804464,0.5415514148330688,0.5265993442674762,0.5632310352670308,0.4341341919960987,0.2655703105430215,0.43228663595908057,0.6056867360273145,0.603517222617548,0.08461971829125713,0.27868184062310714,0.2386970311555845,0.5984679256083011,0.6825223802120769,0.3399293931031354,0.6117499204349549,0.6381009739574107,0.758163135329386,0.5074075487749197
PFFD,0.6909164941474789,0.4819651242916995,0.44978409110890477,0.48674920096457513,0.4934207865493877,0.46679331674165786,0.577735305062464,0.5499462735344839,0.45668822801393344,0.6081678241982913,0.5948036732732305,0.5731871142097487,0.4494140718818516,0.5355928287172556,0.4078747457392931,0.45694425351441237,0.39321978885256803,0.2663370469221953,0.5116490434279152,0.39594177229646776,0.5523971004824002,0.5532047488538815,0.5195371772438553,0.5459708530726182,0.4616510157773863,0.3979690757216424,0.4836454394758056,0.41295326203737487,0.40875578882862856,0.4600633370149073,0.5379154679016275,0.5628159984282609,0.3195631876495503,0.3851286008021377,0.4570362614398447,0.4385341298667341,0.5678040236662465,0.4508948476620199,0.5654068202905704,0.5646544179940531,0.5204931138003056,0.5243477867973543,0.3243935959730788,0.5147091736936227,0.4671335295540554,0.3450445205664797,0.4978418551385139,0.5041340507039038,0.5102160110681732,0.4772801799406422,0.41554846336117124,0.5211967432860339,0.41366066244046407,0.35603870513755703,0.42931373905139536,0.4598623827633185,0.528621644716087,0.6191387683853884,0.5714834530374149,0.4336244426711008,0.5698635021016132,0.4715829700065665,0.22062883575193426,0.23989321170691583,0.12140508383120127,0.4743982281952344,0.2657934993075714,0.5747169864534099,0.5666282308500112,0.5384989653199393,0.3948916682202228,0.4273122198676843,0.46825657249217106,0.5121162217549029,0.39401772398744495,0.39021494245157945,0.33547711898017707,0.3033396140708568,0.42587070685420697,0.5360435164655583,0.45632033736873406,0.4670812243470767,0.5400887385029969,0.5718391458123364,0.5651112407798594,0.5809919351053261,0.4003698809982497,0.5735618207817573,0.28245428987942417,0.3878318926126178,0.528685189973157,0.26530325404927424,0.5352309727356944,0.3459150417286202,0.5761019723262534,0.37030433657911416,0.5385791811838193,0.4972569391393507,1.0,0.5200966186604837,0.45799528210423107,0.5988913975556767,0.5017809080333478,0.5667495877440247,0.4658171625485821,0.4431368856556336,0.41316895134464454,0.6241821581856564,0.6250813086694477,0.5779427211274665,0.6113370726315984,0.31454986672007335,0.5745621550406389,0.5815062406926989,0.7138514059707377,0.16461529269340883,0.24539259693207513,0.378221176463987,0.2733159795907412,0.5617663267242345,0.5844598116457174,0.5543546037538815,0.36975782030976156,0.5161089469760759,0.42771500441200044,0.4719150594972976,0.3274060503239422,0.4777248085402111,0.16749707968572564,0.26536289171434885,0.3228500933119182,0.7224016246458171,0.4615950934826777,0.5928554389000066,0.6276169502343899,0.5334146093580523,0.57389839120857,0.2377313449545122,0.38446360498947013,0.5610461743285152,0.5459724675558462,0.38596307776918287,0.5267238942099022,0.5338467349270049,0.6203102911326364,0.617394387164614,0.5616049281741122,0.4963333050444271,0.5494331659732121,0.6036588107687889,0.582943701161494,0.5806480205146719,0.4828822885969783,0.45974239745282774,0.602502284806807,0.5626833719027914,0.5608957400825042,0.3939674233125298,0.45984656476355346,0.39085787727083005,0.5348301250122258,0.5246399062530639,0.4693298327339196,0.2924216909868415,0.551941216729481,0.5280340326369367,0.4179022137000471,0.256347696614112,0.3316097568651034,0.3359404684048955,0.524534605839366,0.4510633141418422,0.2984187295221235,0.5282710647183063,0.45467567596527775,0.559046172726937,0.48039588096292124
PHO,0.643172814632705,0.5433022443419081,0.5748591851296198,0.5621319469859213,0.5697686175889517,0.5105295188505589,0.646555307924998,0.590509699805222,0.4821824566355755,0.784533810542264,0.7904089364139459,0.6542936894834198,0.5144094113857451,0.5094141589061575,0.4653550238911737,0.2782319519883142,0.23966966372474732,0.18645747014513478,0.605048538196175,0.49356501170678335,0.7815593472942914,0.6823027314171721,0.7428206457177949,0.6893450259665335,0.4721816669366066,0.2412406095274824,0.4043164156221508,0.42156046101777045,0.4454098262075843,0.5332568446978625,0.6438589955950513,0.6170466106720202,0.34111757795592756,0.4499438868373307,0.4727089647563738,0.46737145069130587,0.6504836941011805,0.4769850174268226,0.7219938160718189,0.6249840014531801,0.6113995110791439,0.5939133042760789,0.3772675259387862,0.5700678988328209,0.5665848736444896,0.3949799004332491,0.5778617397356843,0.5126470576662409,0.6049778983313167,0.5190762614006758,0.4470747188282205,0.5995482102201489,0.4215037401816958,0.34364452498460374,0.45111071427246363,0.5506145331654003,0.6191168402534126,0.8441500216727431,0.6395112683607455,0.4847398631963226,0.6242939031743615,0.7814427272620709,0.23476569886780665,0.2485387994602504,0.08960023673574409,0.5390481972249318,0.15050408408630248,0.663414641824507,0.7452814303301247,0.654895595130137,0.23582171584772318,0.5973102911615279,0.44742580672659593,0.5179274679176435,0.47928574330994866,0.6041608550262549,0.3959882074222852,0.3008255188396414,0.5009745859042037,0.7784342031370016,0.5571100742215054,0.6379217328488463,0.6931600489798114,0.7834302509452197,0.6655005503828458,0.7231201230911461,0.5957431023261681,0.7003566219255678,0.3905430955491571,0.4447437410016005,0.3702429239700788,0.30607009378368566,0.6650267780576731,0.35299745205827726,0.8236236403467534,0.4351084736763153,0.8399962171002446,0.5370783265020167,0.5200966186604837,1.0,0.5100138530890383,0.8120644885136346,0.5575987277206274,0.7368579321649236,0.5610525339633414,0.5490901065086718,0.5272149882891504,0.669214173599308,0.8735438642131046,0.7010606120886993,0.8067216894127269,0.1862070161997753,0.6352279268998243,0.6470560272541475,0.6589447315690629,0.1368472196379177,0.2553977706251081,0.4584066694224482,0.32409772793141517,0.7140975820754971,0.7429512437835618,0.7120531241712741,0.2580079929798053,0.357062989495819,0.440542628112204,0.6115909146279664,0.339838365838443,0.5895728626129306,0.16334479857425022,0.35402845110278675,0.2817955421458686,0.6468903346606587,0.7243795747107434,0.7743229850989201,0.8657470702662204,0.3697959388994613,0.6458229903653716,0.11915779130520862,0.19302943506722842,0.8163355250368531,0.6697511315055372,0.23186993151418112,0.6917614576936898,0.5904235273263798,0.8491658704969154,0.8584556657544498,0.7551871674192125,0.5423188374795944,0.6119917276723057,0.7367563416156829,0.7417162086046476,0.8181715495679996,0.5728862836045415,0.5072147983831965,0.48611592921857655,0.6307986374198509,0.6250537545659639,0.5108438144204723,0.5974581854533525,0.5138486175894101,0.8117913215444004,0.8032910749580324,0.5488187078805702,0.3101685891785446,0.7020678186983723,0.8283569559510205,0.5071983175128169,0.4447826494093202,0.42458769849989614,0.5736245572450703,0.6636771890126197,0.5302840902993151,0.32813933725141065,0.7263242326837037,0.4769421254120174,0.6868589455557387,0.6075847291182083
PICK,0.5325093105442685,0.4825969398694394,0.4586920899307035,0.5161819765605795,0.6083274222195161,0.4909812777055208,0.8096040163593848,0.8119719445097355,0.7932765593532854,0.6686293560624325,0.5951051762913164,0.7306283744251684,0.6527093322944064,0.4479120027503834,0.5101048093245822,0.18303142533555772,0.16523981936808738,0.13178956400069677,0.645935523498521,0.4024033526070654,0.5928830976142622,0.481840421716812,0.5886010908920289,0.6135926204931904,0.7818660928654807,0.16496266710924046,0.5894054156849683,0.6329076190846141,0.7360075532029448,0.5661525042529368,0.7391218515658956,0.7689966625667236,0.41914626907548164,0.468056292747126,0.7407107000937501,0.6197038235522533,0.7738252413999307,0.7739440944929379,0.6254856943429812,0.7769582492024761,0.6998288989400371,0.6715634434399526,0.6067883531318962,0.667942776816885,0.5599659529946561,0.5254538686722958,0.6912627546193472,0.619025514114493,0.6738328970404771,0.6170511516452056,0.6534469619994042,0.7220387738563222,0.5918583473880773,0.6259397649033798,0.7372439054030037,0.44855541801046084,0.7096658126839835,0.6309894829200187,0.7767858743472131,0.8026386105914265,0.817658308182846,0.4259003053910283,0.6153152604152675,0.6348139125623272,0.47941762896636086,0.857440714624488,0.08520264880374878,0.7657952755074222,0.6184608380995911,0.6785763080311314,0.16978664814798763,0.45653460507792437,0.5911707457012085,0.6341427157138648,0.37004735187086324,0.3311208259380308,0.44524595179731896,0.40472342978869996,0.589702170979729,0.5313919946000882,0.5646717712531795,0.51297680974439,0.6391370736467487,0.6142878608775791,0.4342817503662108,0.5430213989840841,0.25783368704092563,0.6790570765281484,0.4209113400444261,0.7046229936112137,0.2740779566652504,0.5850424532788058,0.6057373278319824,0.30417664154199076,0.5570983775760096,0.5115856399480313,0.638238503778217,0.6146530001964524,0.45799528210423107,0.5100138530890383,1.0,0.5718827677364643,0.6231750254819423,0.664373968366855,0.572864754957033,0.5761328442480802,0.5365937113929515,0.48747061004589776,0.6269029169304446,0.5882069857332116,0.648487649730809,0.15011960816700146,0.7542261798850411,0.7361361887388553,0.5370905970890564,0.591420349374203,0.6480271187528834,0.5651758432815197,0.39030112917471466,0.6246810147660434,0.48390808790385414,0.6169055292800772,0.20020726346255593,0.25939030884564707,0.5335759392624129,0.5900426717484968,0.5453350461087438,0.5319687779175892,0.20949937978861569,0.3653700592678058,0.5933671231695938,0.5253000712691785,0.42564316253987333,0.6506465483379559,0.6214392093926627,0.2632582214102944,0.8047765098290103,0.07043028419188051,0.10833224278926193,0.5872287957012118,0.6891639810739776,0.17181962339577483,0.409045228054072,0.6582390865967411,0.6430464828505439,0.6019077594107749,0.6149195123375926,0.7644937308496963,0.7977334058730017,0.7513142426991032,0.6402794685051407,0.6097943368715668,0.5471891462605265,0.7876871311708077,0.42773345256387757,0.8299043979547357,0.8054899192566692,0.3142605530866853,0.5434854783145376,0.41921358006032955,0.49217445125890025,0.7317061392450961,0.4345018368378929,0.34670937514382133,0.46042007067354956,0.609037852800774,0.5582089955696196,0.1905364436460795,0.27010610410360936,0.29813013460538995,0.5202789724078885,0.8231629023173681,0.33256406923242526,0.48773259483574904,0.769259956081434,0.6908268529140887,0.5469465452670769
PKW,0.673608919116927,0.6429425108145727,0.5646326924824494,0.6391656458071097,0.6455443961117993,0.6087315834999528,0.6952003939000583,0.6564593845607551,0.5161326651436782,0.8939438306447463,0.8822975760510394,0.7389372166979643,0.5755945216550842,0.6301005978771924,0.5601849575555331,0.1952176573546627,0.1313394877193938,0.08594006125083961,0.6497414499613463,0.5701070021022521,0.8820487572231934,0.7626677549714744,0.8602213197252258,0.770797969537438,0.5226329727268905,0.13486808516231497,0.37275319089653436,0.4464607016253186,0.4716692328769209,0.5128541164386622,0.66138252233534,0.6732949868286399,0.3463015592382727,0.49653174295882274,0.5029261878829085,0.5080502598647906,0.6876525676462314,0.5064730654055685,0.8193705962900061,0.6741791165873143,0.6238126999696885,0.6131738752846614,0.402083853644238,0.6189092456455562,0.5453480416487734,0.4306567835913765,0.5958307870423643,0.5474338983733371,0.6116066355706766,0.5819705672151058,0.4769707720453977,0.6340295368121919,0.45829433075342907,0.35999371196975893,0.4594452136475737,0.6510274363265953,0.6348961167376452,0.8943199912770252,0.6654785556325249,0.5285899677642137,0.6760553452151041,0.8095060602289738,0.21242994793867606,0.2308977162440114,0.053919333377060216,0.6476140088572232,0.027222786725581344,0.7123674370094814,0.8436088885430781,0.7313902170906776,0.15586490603810227,0.5931071948311477,0.42474110604840554,0.6012843033341781,0.5661456734207528,0.6155052159549127,0.4382045738307293,0.4977524319355266,0.5598664993837936,0.8476296126207364,0.6503848632860736,0.7175531484029996,0.7902789253637086,0.8539164343137894,0.7845353798069901,0.8472959428279773,0.698074673854057,0.7609834012553813,0.4425834660824159,0.45839361671455675,0.30157385048525526,0.3362881319926858,0.770058747015161,0.5035143399165534,0.8475915705607898,0.5972466371086732,0.8323708219157756,0.5579101571172832,0.5988913975556767,0.8120644885136346,0.5718827677364643,1.0,0.5742721818870428,0.7974293795978813,0.6436080580260352,0.6147330010456937,0.6263280993962326,0.6896531416315896,0.9401295433507533,0.7978609924021329,0.8606811488407019,0.10708279427357192,0.6665110682752787,0.7098229674064473,0.7128815608242925,0.14361728552009836,0.25172738587231336,0.5002383579065047,0.3734288828226379,0.8162930667334164,0.8065296705928028,0.8059900114742581,0.16826238223216486,0.2896392770733053,0.4263555336412145,0.6786225099634777,0.38526555158504955,0.6816397562171583,0.15683898639890748,0.38801070254202086,0.37185049568809786,0.6841013449978703,0.7729107571373114,0.8272422979439908,0.923519077649845,0.31227668560649946,0.6845110660535412,-0.012388272175672597,0.095735645095555,0.8800958218696776,0.6894664350474324,0.12507594594112362,0.6650741628918573,0.5823527785791622,0.9165078831935535,0.917639883131776,0.8270937621995131,0.5882766896794825,0.63818058658793,0.8169892986055813,0.8403981065107495,0.9099881762812131,0.6622594947816851,0.5475352983206744,0.45951428321862614,0.6686081528923917,0.6830482815140376,0.5750718605607132,0.6595087749017141,0.5138524369481949,0.7179240977812099,0.7945494106071621,0.6610873988899453,0.5221993224469805,0.867966656028182,0.8454960846714478,0.576387853478318,0.4249419043069291,0.40588511694862317,0.5665165397315735,0.7462495323122895,0.6064243900012624,0.5268820076021369,0.7746963551942937,0.5129062805468285,0.7174486277804458,0.7297688867845026
QCLN,0.5775063313600686,0.6329419938122434,0.6517251891694099,0.7306798623183867,0.783217656504869,0.6746733842262406,0.6327809889102067,0.6113428721551274,0.6733851418389403,0.7242290435609016,0.6394984732271453,0.6065331056095509,0.5386958592852945,0.45788085707894216,0.6299723853146277,0.22930899887835007,0.19664186222129762,0.1434472134442774,0.7014914679201906,0.504578651622091,0.5723879640622275,0.4361799743956517,0.5023392952827668,0.6866605663682482,0.5426355396498376,0.20140620116646615,0.43179749990516886,0.5267940576742217,0.5959141219024021,0.3611052197090803,0.6472460631345643,0.5439794834520336,0.30644197867890577,0.5185203533834521,0.6680844494833384,0.4671054664767476,0.6210669731456736,0.6627453530039824,0.6925729889285208,0.5907473880120737,0.5799481219406551,0.5455672405702345,0.44737955674555957,0.5184050724018529,0.4003906214586125,0.39998234364623786,0.6755383691185447,0.4775238775608571,0.5154946237650283,0.4930552486174633,0.6352314690105296,0.4866771783008348,0.4565759891900257,0.5695422291930504,0.5168049743182594,0.5680919658588804,0.5849748700177264,0.7038343193715526,0.6323075053187563,0.6050820135989149,0.6248354003756471,0.3509564020078605,0.3431933492167155,0.3613934056915414,0.2162398588528825,0.570547246743897,0.09907968528735735,0.6108166833341578,0.673683647495766,0.5925598719886914,0.20607771057029864,0.5104501413850023,0.8437999552309294,0.7949231428837223,0.4550352528080127,0.30530748201669045,0.37463935358817724,0.2715519032227899,0.679921512950753,0.5210538101126827,0.6566694603257334,0.5496010690270322,0.706945883074717,0.6627944625478306,0.4809187582084191,0.5752049577460616,0.1878435085699671,0.8403261413345077,0.3723758021598873,0.6847066439477989,0.32159020872420874,0.41021576639750146,0.6663745233274323,0.28244540192441087,0.6053942411430611,0.4183059530371331,0.6806990743706026,0.9250487614510863,0.5017809080333478,0.5575987277206274,0.6231750254819423,0.5742721818870428,1.0,0.7818828319200793,0.6929244805103574,0.7174090784900229,0.5952585259518983,0.5225560385758375,0.6640394919252618,0.6453970632133299,0.7680672500155815,0.14885373679204003,0.616585230045377,0.5944210352737171,0.5857142537142126,0.28817544550228247,0.38355894681323854,0.6819746460199092,0.3260565239064209,0.6849257832990908,0.47251983537373826,0.678908254854081,0.20660682716779788,0.30477231828929535,0.8175570899271717,0.701060592313144,0.41511527530769743,0.6165550262892525,0.22313837804335743,0.32656450988849534,0.5201004996945372,0.5789055936029576,0.3755651380912406,0.799159991460821,0.6677366867522473,0.31620536326967136,0.655308845800954,0.08502386999643717,0.14884032943571784,0.598338864076383,0.5474596352446094,0.1953586190974361,0.44613536943128657,0.5211761981766447,0.7123066607271449,0.6073571996221419,0.738792798878032,0.6377819181932253,0.6749168804536652,0.7329849076224925,0.7098198313657923,0.5911055995944233,0.6469092044045803,0.6425129251275086,0.4565198665151337,0.6780271059655162,0.5746322208362082,0.4547508745125186,0.5801267393527885,0.5239523705715127,0.5564482492116541,0.5911611256769925,0.45971049341483605,0.24960358305005198,0.4363603381895267,0.6413649901541506,0.6713121670141172,0.09618775585323794,0.2833064256981045,0.23782416890171332,0.669739259751479,0.6584172636008915,0.319289948100637,0.5964297023148086,0.6689851718783059,0.8022034675646678,0.5487159351429532
QQQJ,0.6963134456227648,0.7756109060808755,0.7470459246860577,0.8123469123773611,0.8340362788969635,0.7754249327297633,0.7488114627634304,0.6998087802573412,0.7260020031791466,0.9056475188597984,0.7618835918093501,0.7371487104572056,0.6389774874518401,0.6028966899837396,0.6999535977419584,0.23238166892161988,0.18696258673925234,0.15511574155989688,0.8255416956507392,0.7165233014238999,0.8049054866384575,0.5624731867654034,0.7323209575150318,0.8728478267078564,0.5974290671106515,0.18912630110453477,0.4765160411264806,0.5341759584653532,0.6611332072542663,0.499265403448031,0.7895274046502353,0.6642270383766704,0.37178744347485077,0.6270519227052989,0.711749838696499,0.5618353653304011,0.7557523218675141,0.7198406322975823,0.8919596791740129,0.7089823335354221,0.6938656007056908,0.6820835227238935,0.5066902953255671,0.6334167261574866,0.5497172911642998,0.48972719424736133,0.7675977489934368,0.5643091749592252,0.6491586431918667,0.6367062394911374,0.6903808003741586,0.6199745999350944,0.514358967060302,0.5872072231067273,0.5772653578830633,0.7794858295509057,0.7183252674979852,0.8474033190275745,0.7348884955372956,0.6715372031163173,0.7265116295381087,0.622352307516902,0.36349683625318346,0.3844829926436117,0.19610560169197885,0.6180489763366521,0.08275924803091976,0.7564811173639513,0.8922006247702747,0.7600017306137299,0.21330670950627126,0.7038762086691397,0.6311018175786133,0.8323060403047198,0.6989653584230126,0.5677628804391199,0.47206938854732045,0.3146123256553779,0.8007410303345691,0.7598372317341953,0.805665054752875,0.7079827912081343,0.9001032685171992,0.8953456858425476,0.5945536509171088,0.7697611452249922,0.4297384129823154,0.9147616640635259,0.4572961574586326,0.6151001853281576,0.34747298480908595,0.4746186269717517,0.8574027228303328,0.3692610384645747,0.8285161377971105,0.4774092102337654,0.806776601636285,0.7551571329028206,0.5667495877440247,0.7368579321649236,0.664373968366855,0.7974293795978813,0.7818828319200793,1.0,0.828797655864386,0.8424622275489082,0.7486446718540598,0.6170545824926036,0.8693708629615204,0.8103949204469567,0.8915419621496415,0.1368542455894429,0.7231596154302602,0.6823756595806791,0.7340581619723526,0.28743029309425433,0.40190237818021823,0.7533820499656442,0.4032287411285463,0.8813436642062445,0.6045257106623748,0.8795746102607376,0.21213773033144542,0.3298492974335594,0.5967004970940349,0.840503959293275,0.48858508962657077,0.8056585083434904,0.20629803810277636,0.41865868653511773,0.5211035723401016,0.7054644653557872,0.6534410355458982,0.9479691593129072,0.829871806922959,0.34844963258131456,0.7739580686783727,0.05222436828269008,0.1325282478731378,0.828496618328746,0.7274289664724133,0.18172682643871918,0.5767353215866499,0.6175100088138701,0.9060545061200671,0.7872197749088595,0.9312813576857031,0.7170673082025172,0.7804033537825047,0.9069614598269232,0.9044072049606057,0.7830158250585343,0.8228410161088477,0.7209451542778244,0.5192837234865665,0.7873891230158485,0.6920762033453361,0.6716042986524617,0.7226900076275817,0.6647521733395243,0.6617944137993679,0.7261653388671914,0.6622825654970638,0.30930796603956384,0.6598695037586781,0.8127556835144368,0.8051826506921683,0.2339375573987418,0.31855428281193127,0.4933131616001338,0.7743571191544768,0.6886673585947951,0.36886943780432846,0.7235082130297494,0.7268659746217079,0.9142225192267467,0.7522024877135316
QQQM,0.61949521836414,0.7631896243780049,0.5774830511202546,0.7733544686831784,0.8159719366035418,0.7954953936541116,0.6617616034251843,0.6120052038132542,0.7003468364181097,0.8793156648131271,0.5889015854380015,0.6167013945240548,0.6391866996594336,0.5561220980471762,0.6801590399713603,0.17751950535849947,0.13488552413741522,0.11519285643355487,0.8507647508180101,0.7317863149642737,0.7265450288345655,0.35072548630697364,0.6418101783401556,0.9472691062460955,0.5184640028743263,0.13346122838854055,0.4029225259266221,0.4486891412108762,0.62281943319278,0.3829660348101865,0.7517082579705557,0.5544915337280784,0.34223704534853483,0.606702159335859,0.7193003472185994,0.49738407319151723,0.6840485341291652,0.6897451136566429,0.9432098174434739,0.6285988702689703,0.6018804615885813,0.6198709657691581,0.399835214310125,0.55438120415458,0.4298086702203431,0.43439295487010837,0.7606962294372132,0.48060087247366023,0.5571916504620237,0.5679387569433499,0.7298504885548313,0.4898266509732251,0.44370560255687036,0.6072303505679327,0.4971598500552202,0.8542445213442422,0.661449972831019,0.6689201534724312,0.6468289722686468,0.6013133830002834,0.6459282233721066,0.48204462224150973,0.29205074455327845,0.3190810562630797,0.1528083155363055,0.4777980254119505,0.029279639872728577,0.676476450678118,0.9248890243412093,0.7212956652680611,0.1608653460665276,0.504433057808152,0.5075933702257572,0.7524854042850883,0.7550788462245541,0.44892704941609457,0.4447616538727847,0.2099058170560974,0.9571508387951231,0.6889323166799043,0.9537638926177426,0.5583882585608423,0.9094422630968897,0.8815525006815592,0.4434860263798365,0.6666327474714417,0.27808893231283127,0.8031709861530942,0.4087123997480691,0.5272690321043442,0.2882636432238194,0.378512002719719,0.9588074714677881,0.2874075202709811,0.7065443202538119,0.3774895118202189,0.6864320131942265,0.6171453719097432,0.4658171625485821,0.5610525339633414,0.572864754957033,0.6436080580260352,0.6929244805103574,0.828797655864386,1.0,0.9412280429724804,0.867443446145694,0.4729252133601582,0.7135558251573368,0.7101142971649099,0.7335551535653109,0.09980214202554505,0.6344170864064033,0.5317217710574038,0.670112670834526,0.26526434094173257,0.3384519081484197,0.8894039632644747,0.3850503681515625,0.941621498215786,0.3849459693724059,0.9424957655584248,0.16363346776382592,0.2709379154010362,0.4603123570206675,0.8901247903488737,0.45486247231965365,0.9647645115278672,0.20956726601904102,0.40634192493881516,0.5070384205607754,0.6376231298012982,0.5490348078872456,0.8086178890819278,0.6353420791306298,0.2900692201053266,0.7094724684390095,0.007219163765271792,0.07918567996456632,0.7652051147020505,0.6352896434342409,0.13318414464908365,0.38647022938752623,0.48126790365807165,0.7666875054644858,0.5846471293888481,0.8632086396894616,0.7038465597257335,0.7250550087483243,0.9023747633489869,0.9319181560154365,0.6384158662585242,0.9755787694538826,0.6683530364652707,0.46552107957929595,0.7223169312743271,0.584415590721101,0.6192102998707025,0.590966219349843,0.48692372119385324,0.4921599444659427,0.5640811440139505,0.7552969454847396,0.202456663263041,0.5466422333245031,0.6888295655803204,0.9640587560281371,0.1320900528727747,0.1935218476531221,0.3140277412513936,0.8195434225294006,0.5630873693868561,0.2677438422137465,0.5540661279249175,0.7050029390861773,0.8939001505336781,0.7999867903087757
QTEC,0.5818444738643658,0.7439771050967614,0.59562187099445,0.7543623435661999,0.7976130967126824,0.769955559103356,0.6338298861609093,0.5858498390190567,0.714057621173795,0.8289437295820817,0.5905010309027704,0.585208592568617,0.6121656554032172,0.5322063042882093,0.6596793476416096,0.14970415306904852,0.10987159729310088,0.09567041471909928,0.8380629026947691,0.7800585676900772,0.6685443304898788,0.31235083980449946,0.5668329342883008,0.8806956672360049,0.5096440050576564,0.10874870052354195,0.38725284963598783,0.43146436548771205,0.6318458038905803,0.33877481315984714,0.7328277179608613,0.5192790040016739,0.2989150735764159,0.581727920321836,0.7279090245517125,0.48504964107526793,0.6568858494426795,0.7036843661962341,0.8739868315149262,0.5933599513503852,0.5892865025004295,0.5979953997688049,0.40364515131708295,0.5139636163123492,0.38956071159387107,0.39871435852799625,0.7728481762076619,0.44107475528664586,0.5322184899894589,0.5426182134052402,0.7414502350422917,0.4573952997055076,0.4295425160230797,0.6302419882978759,0.49037506919142465,0.8170216089613875,0.6441591960871652,0.6685218484579337,0.6201543022405168,0.6092885633451031,0.6249348710356556,0.4112255442537611,0.2873454626292854,0.3148448339897067,0.1620140250086361,0.4763078235407281,0.011461138812515453,0.6431224827691877,0.8540277777406636,0.6887749024967675,0.1384501559389853,0.47592110890307626,0.5182898707474124,0.7817733780133812,0.7725334260471253,0.40056724755968565,0.41687985803906835,0.20807629177092757,0.9338224147736488,0.6217855294837548,0.8888837025045627,0.5499290354597905,0.8885172950839755,0.8531001884481489,0.43422476774007546,0.6465992845601369,0.23260324967457463,0.8087422067740593,0.38068978645365154,0.5470699499037306,0.25803650265465305,0.399658215987821,0.8733912634515564,0.2677346506084852,0.6941896305823885,0.38478013557374063,0.6766219851864237,0.6450316557431094,0.4431368856556336,0.5490901065086718,0.5761328442480802,0.6147330010456937,0.7174090784900229,0.8424622275489082,0.9412280429724804,1.0,0.8070442758873111,0.43633760131434113,0.6907293641202152,0.6891641937976706,0.7402610101771414,0.07545545257949726,0.6041327762787323,0.5086332656832757,0.627684281054033,0.27108520364027516,0.3338328695541326,0.9167995618058966,0.3526891048546775,0.8655182095222549,0.34483411864674446,0.8643714441701079,0.14068189429140046,0.24055335417637003,0.48088101052232074,0.9036243672324409,0.4383174430530584,0.8709348077237887,0.1991453971117785,0.369891764809545,0.49870190879501275,0.600441041921939,0.4869331583441728,0.8178798119369758,0.6276410066191247,0.2575792704741075,0.6873658850566493,-0.0070746156948404484,0.05527459822611526,0.7059930708103205,0.5963940767153035,0.11321927520908197,0.3457389091678389,0.4521062812958257,0.7524271933878971,0.5567161802525081,0.8626601748056291,0.6935281932328128,0.7146287457797527,0.8531187918470853,0.8671295116642178,0.6002122904412617,0.8944727749795753,0.6720933562824467,0.42319939226566317,0.7071047759713143,0.5522738316394413,0.6728297765113288,0.5693633599594391,0.47399625957684643,0.4873980231233594,0.5453951198447741,0.6418133280826813,0.20053697766201017,0.5033848357039549,0.6646618860250925,0.9437433118439102,0.031946956377398354,0.11659470420655767,0.26363514460767457,0.731379355322856,0.5761418216093745,0.2802439018330342,0.540766867098277,0.719321182174935,0.9032257792006843,0.7279509985489359
QYLD,0.5657593088532009,0.655173881018445,0.49493333080956126,0.6619907920870377,0.7072754899119473,0.674587947551028,0.6312021599383583,0.5928702678036489,0.6254129442565289,0.8118612044607542,0.5530158584543358,0.5899596461167093,0.6151322615501872,0.5876477652864038,0.5870138128703901,0.13145167494395532,0.07944702092586686,0.049753034135425006,0.7524679585668725,0.6343212810545756,0.705060904455475,0.37124098096623287,0.6526887831694439,0.8511144651609923,0.4932010385821896,0.08338769176321649,0.331388944844346,0.3991915957655445,0.5595763889954979,0.385981325292811,0.6935999821572739,0.5510176724541468,0.33586454425833384,0.5285443276491391,0.6412038139069139,0.469895128292789,0.6469016762030192,0.6154053523805151,0.8568811594222014,0.6018631120889525,0.5422800368728737,0.5755004729448518,0.3742322812512686,0.5391791462306793,0.41056412061377856,0.4204674942452254,0.6766771574008791,0.47631083498746457,0.524775831063195,0.5556057912249827,0.650619613015508,0.5051311535183959,0.4337315933486224,0.5248483604498342,0.45603036350870624,0.7308141402757345,0.6078983088636655,0.6153597399688222,0.6042555195862801,0.5572767236871361,0.6175512609455619,0.4925082765851215,0.2926848131974679,0.31985109728039735,0.1637818786167484,0.4906974464930329,-0.011879875197733659,0.6552200088525961,0.8451196036679619,0.7060026424188527,0.12400511228028886,0.46811551841639315,0.42944200714026126,0.6483358255654937,0.6465843435853704,0.4405101142905211,0.41123050782428766,0.2755964275940959,0.8374268104132929,0.7489538163921539,0.9298312789466322,0.5439034907574622,0.8334134562048175,0.8039621887899738,0.40630694610791473,0.6258091148688445,0.3202695306206195,0.7099111639290081,0.3974626572885595,0.47644671158483665,0.22866911012488478,0.3446084827841018,0.8668643906571698,0.31642127833996225,0.6446817462307695,0.41609802771833476,0.638885131299408,0.5373093573895289,0.41316895134464454,0.5272149882891504,0.5365937113929515,0.6263280993962326,0.5952585259518983,0.7486446718540598,0.867443446145694,0.8070442758873111,1.0,0.425894512479999,0.6790988526850088,0.7713339581540539,0.6683462073324542,0.07268930669264512,0.5899869663956614,0.5113418027605804,0.6139739346655837,0.2509761700882837,0.3420607909847015,0.7728193019363577,0.35382326106685275,0.8651431405949909,0.39079572053121703,0.8597042067585904,0.10387159111406521,0.21374865581852903,0.38881157704715447,0.7756257315859981,0.47451598334859296,0.8473246098623329,0.1860010003727075,0.40232941992439925,0.4460370584195271,0.5604043696814245,0.5520165975462146,0.7284422880480351,0.5980763417382322,0.2410396665745442,0.6652538585828764,-0.045062414482977986,0.04139701979328788,0.7265259811741891,0.607774001771278,0.07877407071529234,0.3855063166059772,0.44617136753331876,0.71432525073372,0.5747296824722842,0.7823320457139296,0.6567460090516167,0.6600264464404304,0.8267031065118866,0.8527525705525664,0.635888751632908,0.8605789507917306,0.6088883855770666,0.39567131824664314,0.6727614518167829,0.5747078830834207,0.5260388762577275,0.5527624396329367,0.43427383945361137,0.4381575151409533,0.5613543265761867,0.6667426298757869,0.2708939858398623,0.554323036232203,0.662141310328209,0.8432180146842406,0.17472286945977072,0.2190368985994554,0.3444251573190338,0.7219006911061818,0.5264068770999539,0.32260056633732986,0.4943659738156385,0.6245297027241646,0.7801014096025614,0.9250830012225623
REM,0.6777146621829753,0.5108185046033725,0.5414459161993658,0.5388715201500759,0.5177456300282651,0.48301470516028866,0.6152337934337294,0.5860657168033133,0.4680798809583998,0.6688725605708903,0.7064017609439077,0.6431455858564794,0.4600970888531762,0.5000468136935587,0.4195023127114776,0.39966366500652845,0.3698448178647923,0.2701146458680459,0.5215714290647439,0.402685741206242,0.6304887822491739,0.7409452241310416,0.5937052530181812,0.5771273237278718,0.499516975804637,0.37185278198679245,0.4863263601690367,0.450009871973186,0.4393996900914274,0.5299629419288059,0.5612843483114383,0.6152693415622428,0.3043377207444719,0.41199613734832347,0.4481696386736948,0.4610201151861514,0.6019199937204899,0.4687682012506903,0.6094124115138387,0.604003912844579,0.5647997406705785,0.5475276671630985,0.3861481805411204,0.5688400657025728,0.5348380971624456,0.37689981925634986,0.5088121840388166,0.5391464794602402,0.5535726739563647,0.5112040068270297,0.4084264816173235,0.5794351847537024,0.4305371499268594,0.31721224298245815,0.47652210327168026,0.487049028253461,0.5569652408435685,0.751728621909355,0.6197663571019612,0.49074966965681993,0.6018454388479847,0.5939944160361661,0.24413644052790076,0.259143058316453,0.13444592210979375,0.530846606454941,0.27628581484996767,0.6229663820780147,0.6167028071365237,0.5666214636966416,0.3619163387823018,0.5444223428152571,0.47258326839174236,0.47259967664613783,0.3952590793857022,0.5003879362567675,0.37309358359870226,0.33287527803607253,0.39891536696797947,0.6135434828573109,0.4542884746780727,0.5482890243481249,0.5487812875663401,0.627295040708747,0.6845151125212742,0.6460069587718272,0.4968601539756878,0.6203551950316128,0.38676521985295564,0.42263470338646897,0.4781199129839874,0.3334703541794754,0.565663593816865,0.41084468053636725,0.6942997522707843,0.40833275823720333,0.6058892698472018,0.534946636858271,0.6241821581856564,0.669214173599308,0.48747061004589776,0.6896531416315896,0.5225560385758375,0.6170545824926036,0.4729252133601582,0.43633760131434113,0.425894512479999,1.0,0.7372832446094495,0.6360447244258004,0.7160558158930146,0.3196796370720254,0.6196596862977524,0.7736771444412351,0.6806926952853734,0.19683383109919472,0.2646009700940196,0.3423198379758697,0.31118071780740303,0.6049975836550633,0.7523048344556038,0.6024766743759405,0.3709330609906083,0.4690265159206297,0.45695171430926584,0.4973805765904244,0.3334503271503145,0.5001287635677174,0.17509838102738667,0.3081637087550844,0.2753114922475636,0.6765481599159389,0.5800794094347326,0.6604272157953595,0.7642842106843717,0.47442958161165627,0.6058443261809424,0.24610314964749716,0.32298721317709517,0.6532172842222859,0.6013986779976382,0.3776494729898655,0.7228901342397324,0.6393920979265654,0.7132455127073655,0.7399566296395368,0.614385581079379,0.5011473436773317,0.5780950878483023,0.6495728425347761,0.6332681368872456,0.682310733500916,0.4892550468895362,0.5038978108634152,0.5855376986188052,0.5978033051113206,0.628312408345199,0.4494194663208244,0.4739614302877716,0.504928619552583,0.6559601871465877,0.6266262096480699,0.5231630171694774,0.32029505428742894,0.6174577969881447,0.5957567116830864,0.3990786509456458,0.37106456014334777,0.41383375963965946,0.45316649378022106,0.5935431881306744,0.46324449266663914,0.32445126673135183,0.6425622420313092,0.46582813780015153,0.6068427283634829,0.5192382794979561
RSP,0.7352193772440248,0.6750547857277415,0.6412213137798907,0.6930456647786797,0.7055367044885783,0.6511898584919547,0.7589373670674074,0.7096651794191268,0.6007576776386572,0.9316182433398223,0.8762093010638461,0.7838055611770448,0.6206487582598558,0.6347599395462713,0.5863032007369683,0.2639891260963262,0.20594991459228906,0.1483126400010463,0.7150259820957653,0.6170201561456303,0.9091879709426418,0.7924853120398202,0.8784422535748729,0.837775846340542,0.5815312535683509,0.20755326230890142,0.4464674292222002,0.500719473868575,0.5540714686871313,0.5900793562344243,0.7409103537211155,0.7254512337673469,0.3831361398857439,0.5477476853759335,0.5855361275938114,0.5540582349117396,0.756472858209491,0.5899383801349455,0.8760448613347649,0.7347147052271876,0.6867252931036907,0.6805464845056985,0.45463277711406996,0.6696044494124245,0.6217041304525828,0.4759984873004224,0.6754919517743085,0.595710241320575,0.6719455649259267,0.6311151982528124,0.5565064022986018,0.6927774642250034,0.5001738864330241,0.4458980897834399,0.5321080499859676,0.6816228449806881,0.7026866631152601,0.923864474680016,0.738913938298992,0.5991180574753117,0.7433084454002914,0.8506395235516865,0.29155025041304145,0.3071151689880836,0.12550842611444538,0.6819996667707267,0.10104098728693049,0.774615921608314,0.8922978302226798,0.7757947607084027,0.22668794702912717,0.6721400319319364,0.5308349030513277,0.6639667585664096,0.5971667532540288,0.6676244508165307,0.4635454912877834,0.4648741616175211,0.6359892122175819,0.8984379740384502,0.7075017419347949,0.7249224696164465,0.8409222341699156,0.9190559735854256,0.7599152396542688,0.8446944645271466,0.664832824359237,0.8201813775602279,0.4802498998580241,0.5347417039563653,0.37447980016300786,0.3876659250652089,0.823933446865943,0.4990326527178628,0.9196164189611554,0.5745280120833631,0.8610860603018335,0.6373462816194164,0.6250813086694477,0.8735438642131046,0.6269029169304446,0.9401295433507533,0.6640394919252618,0.8693708629615204,0.7135558251573368,0.6907293641202152,0.6790988526850088,0.7372832446094495,1.0,0.8281429859101676,0.9024983365610784,0.16759692677202845,0.7319380072896022,0.7593235788502096,0.7661054038757689,0.21201149897265953,0.32477503542957187,0.5793639554149435,0.3891924938135891,0.8729390438579453,0.8620051906909578,0.8651191946439498,0.2326897268972784,0.3602290526721927,0.515532108725999,0.7543289506994892,0.4412722058289686,0.7345088921886228,0.18863150008317953,0.41007142946305314,0.39571770892462466,0.7402701210063953,0.8396202053089713,0.8826420167086753,0.9478864673411082,0.3804016850468831,0.7587474844111257,0.05644710054788995,0.16121392605663093,0.9398806152186941,0.7617201709452015,0.19765570944452932,0.7605617645367059,0.6635629162649428,0.9747720739081295,0.9685529457708658,0.8839840903960857,0.6589231272411171,0.7191004394805619,0.883389719633617,0.8944120402186553,0.9551428230921136,0.7178594083811792,0.6227047545953458,0.5321297921821833,0.7462918354367665,0.7404434635408131,0.6030751652272208,0.6808411949344316,0.5849575331447714,0.7594371762567534,0.8556597069154926,0.6860941647140746,0.47549624765711634,0.8405790798308939,0.8880802515304382,0.6498657653218615,0.49464022092683796,0.49889711692141764,0.6351084697351925,0.7794097598181575,0.6311480026403172,0.4868833867658075,0.7929863291479752,0.5935674286500672,0.8165536101970499,0.7667555791921696
RYLD,0.6440928496038172,0.6758073199073852,0.6129940898377202,0.6943618759770752,0.7250815076773243,0.6670342146769546,0.6947879430479127,0.6572102537848656,0.5860185923704289,0.8623199462842027,0.8073774847957146,0.714031606715841,0.6083191425966276,0.6321090982118489,0.6125841296277292,0.1626349474138009,0.10125000515445275,0.04637470901105928,0.7064080342892843,0.598850458759829,0.7774053108674699,0.638967261290514,0.7387485901356292,0.7841443526108909,0.5399521537084324,0.10763029448171026,0.3659087712986927,0.44498329151418814,0.5184886527922996,0.4834586798807672,0.6819139974385777,0.6566517415428103,0.3521242196894969,0.526723498594774,0.5885193561670855,0.5211474594423002,0.6915756528888495,0.5747064498042488,0.8152498888068355,0.6737367644305609,0.594894222052962,0.6176144871703951,0.4025041560809734,0.6221554595064063,0.49253670681802614,0.42888831454540155,0.640157882651306,0.5493052365987156,0.5887576798062354,0.6187092357331264,0.5670068526198282,0.6061486530398882,0.485440352208395,0.4598215110027555,0.486221493544583,0.6553971751112627,0.6429755611140312,0.8352908091477315,0.6674982310403651,0.5620841431730021,0.6853811081794463,0.6296932068778063,0.2759050279219783,0.3030043695343635,0.1295622081788625,0.6120860623004092,-0.0022062059864512715,0.710729660885526,0.8221059803401226,0.7463321343843244,0.14090803065232155,0.5969648992524939,0.4817777797764393,0.6795221395774897,0.5870996947276859,0.5206399602628661,0.42929997149731325,0.42486513708258233,0.6681787680137496,0.7929996869112059,0.750943294560677,0.6836639488480754,0.8065512051086428,0.8064421503577385,0.6773483655035926,0.7770715073760456,0.5328400099745445,0.8003505613894516,0.43464411674218717,0.489597250954284,0.27161756948543037,0.34679310899385324,0.7833745874124798,0.460200076056619,0.7466603744577267,0.5702480348352275,0.7794507060557664,0.6401745877497326,0.5779427211274665,0.7010606120886993,0.5882069857332116,0.7978609924021329,0.6453970632133299,0.8103949204469567,0.7101142971649099,0.6891641937976706,0.7713339581540539,0.6360447244258004,0.8281429859101676,1.0,0.8505907042756516,0.08128339632354954,0.6545906898557551,0.6754589836680912,0.6935460162258087,0.21145575818891135,0.3323752910227835,0.6131115164261548,0.36466308305405615,0.8165432288975372,0.6470847192566523,0.8079003835720387,0.13856249770379375,0.25711109740283156,0.46604151755111667,0.715340443633089,0.42578956519015426,0.7137036454229072,0.19024165156727016,0.4132653967722329,0.4514365543553886,0.6479234774389524,0.6342497656113247,0.8466250234925484,0.8322856417320474,0.2849285370461214,0.7009533760161414,-0.04387513895953484,0.06397475429032194,0.7927518624306011,0.6676785176378386,0.10576047975808589,0.5786073215529868,0.5533816514039038,0.8414917125196859,0.7858582066396229,0.8139787729184131,0.6405257149363672,0.6667037184982301,0.8225214611482732,0.8376811617240861,0.785860569438874,0.7180133773794557,0.591539266247663,0.43370699733164847,0.6953527230799492,0.6716049750084305,0.5618768406578987,0.6660387055779055,0.5779753185903665,0.6081151134670371,0.6979938436295741,0.6196146784296052,0.4243692542673964,0.716614613646396,0.771334029767396,0.6751582010290026,0.28632570144562264,0.32940220056527786,0.45730733978982696,0.7072758439611243,0.6361359157477002,0.4669025117320816,0.6888742485755028,0.5784568971727985,0.7623468834400648,0.8450138822387913
SCHA,0.69581301896813,0.7314214529481052,0.7518206509567636,0.7845691214687939,0.7984993575624658,0.7259722382680676,0.7316591202643249,0.7013914552407479,0.6520800235838567,0.9180809639848523,0.9321502280316023,0.7500123647940953,0.6321651442940862,0.5940714555622709,0.6910396879775882,0.23938706461279505,0.19158410676826468,0.15345476687460097,0.7675282354872213,0.6280481977104816,0.823781959056567,0.7002577978523591,0.7534421524439172,0.8100467468547468,0.5622138360240733,0.19601198993366423,0.4401745661796981,0.5118984050395637,0.5966661305024274,0.4905810486704865,0.7292094472818661,0.6689114003331306,0.3546817259863936,0.5863970350242279,0.6611569444570662,0.5345341783806352,0.7224747373610545,0.6415952687412286,0.8373095730640908,0.6981519043305796,0.6598774967273136,0.6378062318650385,0.43301275390876126,0.6228011412989208,0.5305161393428259,0.4360520555455624,0.6912353423400431,0.5521380438156869,0.6222211741811695,0.5839807460343721,0.6195533921493867,0.6070774420503178,0.4893869319749885,0.5351443497236729,0.5315973210010371,0.6852556506678099,0.6692282544149346,0.9723197418902024,0.724338671748363,0.5964031722270887,0.7186900003688437,0.6448725642631263,0.3106742365950045,0.3389474721151378,0.15042547254582259,0.6426337926228078,0.08626442805087661,0.7314143061951817,0.8446645945430641,0.7381661001529676,0.19499543266447888,0.6723737233941548,0.5924901814803997,0.7893805693172742,0.5853463023479535,0.5248591274175709,0.44809024100276534,0.39213772374217887,0.6902135158319229,0.7460529400297312,0.7163161795776238,0.7332207904010674,0.8535448210034949,0.8532960963675452,0.7943303035932711,0.8400634026299341,0.5269220753101354,0.916761554845263,0.4563603467698662,0.571408664192579,0.35187766353994737,0.36588683520518867,0.7904585682419497,0.4326757345828067,0.8130493683558764,0.5855427295330498,0.8903048025928,0.7644853510357809,0.6113370726315984,0.8067216894127269,0.648487649730809,0.8606811488407019,0.7680672500155815,0.8915419621496415,0.7335551535653109,0.7402610101771414,0.6683462073324542,0.7160558158930146,0.9024983365610784,0.8505907042756516,1.0,0.15013829128384906,0.7126089373986139,0.7270583640977952,0.734443142020339,0.23924190676734877,0.3618526873939237,0.6527192909115588,0.387108042786371,0.8288631381692335,0.728432848238569,0.8208608509976812,0.22176672267156208,0.33439442640646755,0.5768145990681114,0.7540256806044598,0.4337977258107417,0.7105830924199008,0.2086500306552393,0.41735090015622284,0.4788300665343573,0.7095534721386936,0.638053685754935,0.961502888035441,0.9515234495929684,0.3528102459484741,0.747070896385615,0.05383254285590824,0.13826486783782002,0.8245694731105406,0.6912076886981193,0.1887229548579515,0.6513777810398573,0.6248309996470078,0.922641665968658,0.8625839632657812,0.8853633294909372,0.695848348282103,0.7291361102375,0.8626092259890219,0.8678376714174906,0.8427806280252231,0.7183342236218678,0.6366439131771139,0.5118529991408114,0.7430461902818501,0.6861011728455679,0.6172436256449242,0.7290614496595246,0.677060047036648,0.7605667131914313,0.7690097017277653,0.6120094116607884,0.4015493755417024,0.7379976997045333,0.8479720581615914,0.6941507572197548,0.2620722457851269,0.3608520072132892,0.46449432952832387,0.755408035471674,0.723746452546139,0.45824900956458225,0.816282178042368,0.6501439472528666,0.835394645393278,0.6928593096459233
SCHP,0.5224581542432457,0.11461211273988098,0.18603157683420765,0.1370723332448565,0.11287114417663506,0.09441953260074427,0.2305320042958324,0.20969188252393545,0.17507013987548778,0.11074992136533293,0.10036622874908344,0.2097401481973436,0.16535508305428126,0.07490639031189601,0.08225730308810082,0.8451025063575486,0.8916218466356236,0.715829570540633,0.12259597847444352,0.07326213356828107,0.13808803026091857,0.21088720519175963,0.11983217121613533,0.11966538273716198,0.23897664366884272,0.8804906757612382,0.5610422123892619,0.1825675935192336,0.20561177221728724,0.3320936576477105,0.21814913024542562,0.22197336405045978,0.16055860579387096,0.11997635090924051,0.18016085852746702,0.17350443095781,0.22937911052306284,0.174727364017932,0.12522982693196913,0.2667174876311219,0.20053603022830294,0.22164077102231697,0.11265557257665804,0.17406296844514493,0.2792086819885856,0.16410920383656982,0.13622108108481568,0.20641487565518982,0.20124987993126334,0.19061498170737998,0.13714918213445595,0.23626728743766315,0.1854801413453843,0.15853386173300388,0.2737220916506721,0.09320658841401956,0.18613888510998833,0.15571786453395978,0.2648293147742491,0.18134644378074924,0.22481157291074025,0.15461237847179818,0.2815466161246895,0.2742637770658358,0.2689445646327457,0.14448472832613582,0.8492599940825016,0.2276441188464141,0.12088575449861313,0.04468653063795419,0.6233154301367879,0.19505077321838332,0.22862630339529386,0.11815831827252084,0.08068830435033485,0.1686222043566307,0.11365945974262427,0.0026644252338650764,0.07924749716742199,0.1360751513724263,0.08169884151521098,0.069240275301199,0.09563906082899438,0.1477133208565564,0.05870099160059506,0.10207484623242508,0.019938387515393268,0.14664185818005543,0.05810447347868741,0.13376571196700787,0.8363461161299955,0.08379225729828696,0.10899014371759567,0.04473290774084885,0.18221865923898112,-0.027312313996754156,0.08263491091741523,0.14041575351807728,0.31454986672007335,0.1862070161997753,0.15011960816700146,0.10708279427357192,0.14885373679204003,0.1368542455894429,0.09980214202554505,0.07545545257949726,0.07268930669264512,0.3196796370720254,0.16759692677202845,0.08128339632354954,0.15013829128384906,1.0,0.2574832165374547,0.27710784212903844,0.4476221691305738,0.17359519522628655,0.23651468623381544,0.04166012543042508,0.08490335392934488,0.12218100075467585,0.2219064108471432,0.127948479082454,0.8023225780114864,0.8424136768953472,0.18299235192673008,0.10414449550596888,0.2184501731536518,0.09695103984723555,-0.02071298448607159,0.031152946087675784,0.0829759685799163,0.48699801039089047,0.19938026255595767,0.152168941930168,0.143161112856972,0.8055795015750071,0.23526602267323757,0.8733489005995618,0.848738510853067,0.14854924167150743,0.2565205323386626,0.857080386718848,0.32912579378544077,0.34368977155891606,0.15862710934876265,0.16925923913215443,0.12662020776403796,0.21204101597979602,0.22257324678930018,0.1703590426603426,0.12738374057615026,0.14269148914365012,0.0936200465087609,0.16830140128129453,0.7138994485194434,0.22497307721061413,0.23114424637156614,0.1054204064547985,0.10394297804985668,0.16694565085917593,0.2593650123835819,0.16124344459137227,0.12411784650184647,-0.025378861723019543,0.04221538635745725,0.08396592721549458,0.06515429618660816,0.16834390359019968,0.24882079141326402,0.16226831756145238,0.15634135281608613,0.10197907716706549,-0.04215443970156466,0.13339550782541637,0.17235331850087926,0.1770544345553802,0.06389268908904808
SCZ,0.6815828273160859,0.5853785312608776,0.5586395820738034,0.5960453144220451,0.6455704449869023,0.5680068226827787,0.9638729796679707,0.9596720252474887,0.7635741464298736,0.7350941434517217,0.6412578809317774,0.7823437353406424,0.8339223370250535,0.5444477725175569,0.5468776651301874,0.32347377184934195,0.3187599030848977,0.2776079847461222,0.7563930775946535,0.4980185141307509,0.6830712950465031,0.5798959042484063,0.660902845329142,0.6964776155824162,0.7178163457577436,0.3203214555796668,0.7003864575710038,0.6218515483800684,0.7416796036254358,0.8261486036189328,0.910236206578389,0.9252800098516356,0.4601714952851684,0.57780434374347,0.7380785236709752,0.6937493579150296,0.9469968914851766,0.7521436025247099,0.7121941767215679,0.8406458519064695,0.859894178557233,0.8607967332341758,0.5589965375076043,0.8349093162090754,0.7649658081542318,0.5570024686129761,0.7983927952415675,0.79019960375093,0.8404759811397841,0.7258353151523343,0.6726585524943954,0.8396414467192875,0.6051539436720287,0.5897242986649658,0.714868243702304,0.5576565207498274,0.8634784656840631,0.7086418767257575,0.9757889595607787,0.7488274455997705,0.9342178817324238,0.5729521161636463,0.5082454085430933,0.5288800270185794,0.36843418119306076,0.7057523076008042,0.22155362832244177,0.9426392550617886,0.7104953099717138,0.8040474423290506,0.32187085872981663,0.5524548195164253,0.6306870940994278,0.6212511959023699,0.4623764289471009,0.48344877210931164,0.5462824469969486,0.31575169204056297,0.6163389622325582,0.6571868194792276,0.6252738477969639,0.5898901212039194,0.6948545345161226,0.7129803767606591,0.518606903369677,0.635915632577667,0.40928803532728325,0.7225764219887225,0.4580953030744699,0.6058103817774683,0.43044100720173706,0.5150385940324816,0.6848562287878488,0.31277908450364217,0.6783116872418409,0.4185148827285709,0.6693573810308941,0.6048883011290074,0.5745621550406389,0.6352279268998243,0.7542261798850411,0.6665110682752787,0.616585230045377,0.7231596154302602,0.6344170864064033,0.6041327762787323,0.5899869663956614,0.6196596862977524,0.7319380072896022,0.6545906898557551,0.7126089373986139,0.2574832165374547,1.0,0.7780604665709321,0.6942368853338734,0.40497636218781563,0.5197490399345298,0.5570766766129753,0.4625124884291901,0.7065995340836557,0.5935159692539492,0.7065898956798443,0.36235642530656015,0.41907898142476285,0.5524931205592157,0.6330980508991805,0.5672659583476588,0.6283022179409627,0.22551612415339134,0.42264613825245284,0.5098559727538815,0.6866998996362655,0.579626545427015,0.7160291209324595,0.6975868729162155,0.40724816970222805,0.9484041804827635,0.21402101224364908,0.23922231845682826,0.6977514139896811,0.9058305287662607,0.32004755302500665,0.5807330346044314,0.8617786965617819,0.7413128006414825,0.6995754230437347,0.7032427995430115,0.8720074848667303,0.9194761256967113,0.8454917585651001,0.7248176557991097,0.6932471164159636,0.6284933938243739,0.7764541579375968,0.5982634631291417,0.9333889760714771,0.9212024247067984,0.4332461816832278,0.6029824098086388,0.5190231062057613,0.5983274209138575,0.7018155178218212,0.5685759803615451,0.25910369042233206,0.5811823300202319,0.6853292843168841,0.579271214812372,0.3186933243345278,0.36524831306055566,0.4304399725856751,0.6378637321087396,0.6249624740928119,0.25547687992781415,0.5724107134588816,0.7535785865406036,0.7914949375248601,0.6225684330106283
SDIV,0.6787628925897958,0.5333259590686436,0.5306171398701993,0.5560387559054373,0.5710862156593991,0.5160190406634516,0.7986745399099626,0.7867138333495268,0.6949430686326884,0.7187287171884565,0.7281400107239384,0.7729586414209809,0.5804611539076074,0.5415823981197284,0.4845180344678559,0.3228957839861287,0.2975290908211881,0.1963116286096154,0.592820197160476,0.43382076901354133,0.6673420047995081,0.7591694842407981,0.6761844291337068,0.6311721742941282,0.8117786917454108,0.2990472873174066,0.6165838641495428,0.5986889256786225,0.642108124455226,0.6824256467530629,0.7060602723241544,0.7957728906282937,0.43483513894755915,0.4811721712314563,0.6084261455651617,0.6126954512068917,0.7716353353251831,0.6827490353014457,0.6587730024010888,0.7879710231316386,0.6970577876075319,0.6801703923940237,0.627594777920315,0.7126275154592527,0.639036294341849,0.5190452446290418,0.6500817838126601,0.6693328889181843,0.7052932463668252,0.6667354985750046,0.5470644020000516,0.7602348182198377,0.5862779581787589,0.47005843697221944,0.662097453626491,0.49943565805773826,0.7127283018782341,0.7559391989412414,0.7903602291082384,0.7781329940672213,0.7928455055850941,0.5917367906134902,0.4203987192802765,0.439268115655557,0.28504283690233034,0.7854998849774468,0.19693916190655256,0.7862813810308011,0.6620665055565084,0.6814518140988394,0.2771838067276475,0.5464072956593803,0.5888648233750318,0.5441023587508941,0.40872952601318946,0.47587584682104483,0.4182989045190105,0.5200653333526588,0.48955260841901227,0.6512209856179266,0.5290213184015679,0.5663987999637433,0.6061360693630657,0.6655939932331051,0.6105877312881173,0.6465013329724061,0.4490874431289233,0.6775485744916069,0.4612251134087487,0.6069069951645132,0.42130575322470165,0.5878270901569221,0.6196487245964476,0.47713175680089065,0.7059142225845032,0.5630291875431224,0.6328862009324948,0.6007181005565904,0.5815062406926989,0.6470560272541475,0.7361361887388553,0.7098229674064473,0.5944210352737171,0.6823756595806791,0.5317217710574038,0.5086332656832757,0.5113418027605804,0.7736771444412351,0.7593235788502096,0.6754589836680912,0.7270583640977952,0.27710784212903844,0.7780604665709321,1.0,0.6833601331635929,0.3609023820927588,0.448454053667964,0.43782355672274126,0.3531184781955274,0.6550867607528738,0.7364256711843905,0.6469720357846409,0.33080257135863395,0.41045539462160335,0.547544931813819,0.5707571088312625,0.5085967884979341,0.539830636898801,0.18393751312499868,0.3410037069301944,0.42707813453977445,0.6747423250436018,0.595766352157526,0.6892464510257675,0.7585675746663426,0.4131023917399311,0.775950150790446,0.1760246562202264,0.23573914681083685,0.6829971903415465,0.7400291395557835,0.29710851761665164,0.6695480171446982,0.7763394476046076,0.7427397106051935,0.7588965331295864,0.6491995713737639,0.6660834074362904,0.7549282427195838,0.7576125444189583,0.680750868414382,0.7230561370246302,0.5355581374081123,0.7379668464369815,0.5715813132534525,0.7929899690641298,0.8367690021791145,0.4441720716346452,0.5239997128553383,0.49820477744812824,0.5931029625373149,0.7166222048952985,0.5289032887916585,0.46491095699198387,0.6033667180041172,0.633716972231081,0.47447001108355186,0.377787909138105,0.43122169823940204,0.44142976568403597,0.5959132978688102,0.6334977664599177,0.4629047228487817,0.6155587857451382,0.6690228738087188,0.6980396382350594,0.5905026996500852
SHYG,0.9452396792069558,0.6367013437908202,0.5741425076239928,0.6480725762373388,0.6412138529020939,0.6209342056492309,0.7014697920211995,0.6538761809491821,0.5736612167851322,0.7706561359523579,0.670835977191057,0.6651922010473985,0.5913799457719107,0.6652169880851175,0.542566547680362,0.5414828480028882,0.5153871235624681,0.3768010241361381,0.6784133807374645,0.540209302343441,0.7084566797424878,0.6025810176899888,0.6619301052803008,0.732755648994101,0.5607763767577965,0.5140192002018547,0.6165375051172259,0.47157407928679507,0.5321610893796825,0.5758365087990898,0.6991094768268775,0.6682753671184358,0.3710990163733705,0.4905816015597067,0.5623403718872451,0.5419069948131554,0.7081156576850621,0.5654630993780421,0.7592085029229286,0.695428628162005,0.6330458112722737,0.6546980226910957,0.38726583743125453,0.6428962472206384,0.577964703819887,0.4303824928586845,0.6425623163278689,0.590662905407915,0.6354483920937353,0.6130952350845623,0.5285693679944287,0.6156451448053802,0.4646697674964589,0.43537591169058704,0.5285215769727328,0.6382968476562294,0.6694600680692114,0.7262759220035955,0.6959058015654453,0.551595046938865,0.6841951016476994,0.6130019751932826,0.29556282604402895,0.31859233662105185,0.18533632456222454,0.5392215983517697,0.3788077481163408,0.7258430188665467,0.7589549596036334,0.6610836547734326,0.4522629972674868,0.5753007214230458,0.5101078337452568,0.5905211178886828,0.5539785166780544,0.5471812230279282,0.43586485949317694,0.3257938510104052,0.6075932340648011,0.7012166527963186,0.6491894549738222,0.59161073219093,0.7081351210344988,0.7531297811570488,0.5739102282262226,0.6850596401371931,0.44767575460764797,0.7099613104225598,0.3962219006179185,0.46183604173695936,0.6680353072786205,0.3574519631151407,0.7321676529640251,0.38832885061522315,0.7410251549055519,0.41759989066506803,0.6533011158787049,0.5665242981421958,0.7138514059707377,0.6589447315690629,0.5370905970890564,0.7128815608242925,0.5857142537142126,0.7340581619723526,0.670112670834526,0.627684281054033,0.6139739346655837,0.6806926952853734,0.7661054038757689,0.6935460162258087,0.734443142020339,0.4476221691305738,0.6942368853338734,0.6833601331635929,1.0,0.2161804479514277,0.31244833871935157,0.5337656800001487,0.3671551523769328,0.75987036271917,0.6333320960984073,0.7523591716904475,0.5476132755181214,0.655368907288138,0.4678628843227733,0.6428903292017666,0.45894931589789306,0.6876133579442042,0.1574939126161868,0.373318816044642,0.38160783528224423,0.9772413453364213,0.6165508898596416,0.7459091102936456,0.7258612457931882,0.653996631102923,0.7106159410959451,0.3685131892829106,0.4380632447507111,0.7338779146152935,0.6959976941730182,0.49811676059963,0.6242988404584191,0.6285843686042805,0.7675355406974631,0.7172835112742697,0.7395587340302862,0.6303891866689129,0.6809424481608432,0.7811547104085861,0.7716052482446382,0.6994795592134803,0.6876675831744345,0.586246541713272,0.7768924435987125,0.7008287658914705,0.6782729417537378,0.537296350601275,0.566722613488084,0.5401924452698105,0.6092337846696024,0.6235870704222338,0.6343052129605682,0.3150648012724825,0.6275259792945744,0.6710381020473353,0.6056662867616854,0.3210478341121583,0.38730306292652117,0.45544726815805125,0.6986317246511176,0.5016968892318837,0.3344721225999463,0.622155478754421,0.5715521163204413,0.7448623816180804,0.6696040860082728
SLV,0.2348173616096975,0.24502786175463753,0.23048491298445486,0.2531656798487126,0.295678590045294,0.251284654236394,0.4471222679313043,0.4849677633549828,0.45399160096618096,0.25214073598632225,0.16451454905132432,0.44115187393833916,0.33146845799291014,0.10850967904213629,0.2732801953661783,0.12827628072327013,0.16635732370040465,0.18601318097287278,0.3091835928084157,0.1684603660141064,0.22474602937015162,0.13643341766838374,0.22629423030907334,0.2546844901306399,0.4515467816003019,0.1620300433042348,0.41427582797923435,0.3678183836144364,0.44612266600900635,0.3222440537605394,0.38996167586299646,0.39089167622303544,0.2428361204398299,0.2082053226491437,0.4335618041525746,0.3395778729291789,0.40258622395911503,0.4380488722248838,0.25841242655425584,0.40970783190054816,0.36196665501165565,0.3513275743213013,0.33530402295692213,0.34208228440223154,0.3005857268095424,0.30677974599368246,0.3473772301156701,0.32713049170595576,0.3328437924224718,0.32572873430964205,0.36035093150617303,0.3947681272242445,0.34715173718390363,0.3790132982794892,0.600808200848338,0.19968379123525684,0.364980866272966,0.20970535309044097,0.4262359528038149,0.466502294520204,0.43089794995751235,0.10250413222777292,0.7663508178382934,0.7749952270614109,0.7810064528935118,0.516965432479324,0.1289916087207281,0.3946589631982178,0.24651359059668188,0.2713247932339177,0.11396422383898738,0.21833331012422283,0.3395371043746593,0.3331924651812976,0.1739481512213738,0.12573216397999065,0.20550324742321602,0.1545749605430699,0.2925970362214365,0.18489180363799146,0.26315976069532143,0.15649637165645944,0.2725768661179766,0.23847910890545573,0.0532744633984963,0.18028495794600624,-0.020899308886582393,0.3165158232167316,0.20494650185125604,0.3797736947901153,0.16946389981954302,0.31167615378885,0.25702699041642046,0.07775674359160321,0.19972992706078127,0.19668677789308725,0.20362915302031784,0.30964200649414636,0.16461529269340883,0.1368472196379177,0.591420349374203,0.14361728552009836,0.28817544550228247,0.28743029309425433,0.26526434094173257,0.27108520364027516,0.2509761700882837,0.19683383109919472,0.21201149897265953,0.21145575818891135,0.23924190676734877,0.17359519522628655,0.40497636218781563,0.3609023820927588,0.2161804479514277,1.0,0.7919308017237733,0.2663965712238161,0.17224429095292554,0.2560799883826725,0.13701980268929842,0.25520475016872574,0.19514903087404645,0.16870670507347832,0.26492046232501604,0.26297304245815095,0.37333672047795907,0.22875908446934434,0.12683945794621668,0.19352870302528472,0.4322702747006963,0.2145392118856732,0.15981896150319255,0.2771046876512428,0.18695962338967537,0.14424419090450688,0.4322113808314366,0.16329762741396686,0.10511651133819506,0.21743786617831298,0.3560666865029975,0.1763275617472188,0.1612339654447114,0.36505095170817803,0.24810576961750166,0.2053714790342824,0.25879290023744767,0.41593621054998436,0.4439642500023665,0.3521661809403664,0.2604194381416197,0.21361788829530726,0.24735635898306638,0.4391839361193738,0.22173041695980852,0.45371541779885044,0.4282819432365661,0.09786216082588527,0.2622793437725769,0.2078664837105677,0.1482133596043894,0.3422358317919438,0.17227978271714972,0.0987962678178062,0.09816085006822177,0.2037396112117032,0.26987002716661646,0.05739752692074819,0.18550289726548794,0.11394308836460393,0.18001340368226187,0.5254857388228046,0.08809387489000806,0.13639535370133116,0.43010765754037517,0.3245489203715913,0.21009350155377143
SLVP,0.3354234774869745,0.31681347869755794,0.327606963918588,0.33362481429615604,0.38870484534013633,0.32308921509030913,0.5627197291954406,0.6018128102728785,0.539002021532277,0.3537404344705764,0.27092346959313734,0.5657496420415794,0.4226856549896749,0.20207450233147956,0.35713055931081916,0.18785706402186694,0.2277797030980445,0.2383892300636213,0.39854624809676886,0.24803186091445042,0.3213982522501482,0.24741754878905722,0.3330810679651891,0.34942927263497714,0.5043078592418151,0.22542295008647334,0.5170853751689931,0.464512584031792,0.521896513619441,0.4260989987974679,0.4970768471430228,0.4910752140194389,0.29180983875062744,0.2676259193032975,0.5167007270043915,0.4264468664052904,0.5091004049432911,0.5206951203553317,0.3528752899309582,0.5166499906364413,0.4640294505938584,0.4570076452244236,0.3831570764291603,0.43448018721896886,0.3981669309689538,0.37629034389202126,0.4318529715603942,0.4309810331206625,0.4214180926366926,0.43013217649237806,0.4319832982525349,0.4804152955904426,0.47024149888438865,0.43518449407869575,0.6718327974217951,0.26240376017729455,0.4538471581839456,0.32720530812894416,0.5475480980910762,0.5323182055805626,0.5279836413294957,0.1901026566573341,0.9346454219036066,0.9548718976508582,0.758774953320253,0.59026826775585,0.17699901969564802,0.5051919089314628,0.3412255929096844,0.3590932441574556,0.18436643422256596,0.2969095247132437,0.43830132502585434,0.43088782452180163,0.2337499323831986,0.21638268880057154,0.28306024565315263,0.1632438476548963,0.36557756884964715,0.29019937684203295,0.34841490433982786,0.25699701333858405,0.3803073217698294,0.3318195368888924,0.12356327265908473,0.26883908735570267,0.05598882199002611,0.4296986929713872,0.2420375341896714,0.4280943965666837,0.24365383668111232,0.3521360032944092,0.340936765589728,0.12816254844334,0.2823777445842097,0.23729330277653043,0.3293440541684318,0.40457698450278995,0.24539259693207513,0.2553977706251081,0.6480271187528834,0.25172738587231336,0.38355894681323854,0.40190237818021823,0.3384519081484197,0.3338328695541326,0.3420607909847015,0.2646009700940196,0.32477503542957187,0.3323752910227835,0.3618526873939237,0.23651468623381544,0.5197490399345298,0.448454053667964,0.31244833871935157,0.7919308017237733,1.0,0.3367917643234634,0.2658268665532204,0.3484607007777111,0.23216971265919306,0.3510147585983425,0.2549432857205542,0.23817289183574478,0.349458779886047,0.35821630793813075,0.4545755068851816,0.29864189460858903,0.1344816803397719,0.2386187762522423,0.5323525101295296,0.3154813487805742,0.26510422442023013,0.39559230689495417,0.30299393688341625,0.21559907719351276,0.5435146946525756,0.21510228643439583,0.15442080131416333,0.32265649494336035,0.4779810516523848,0.2367345477972908,0.2609498101219992,0.47432572202385737,0.3633548194237789,0.3196113150212972,0.36631017811173555,0.5102305000991832,0.5424416555768103,0.45842413092222994,0.3594733965229255,0.3255721269742678,0.31562716434043664,0.5247994244510638,0.3266728223290752,0.5592818409906316,0.5285442711082323,0.16725856571054226,0.37936022281860377,0.2975107484963384,0.2505205359307156,0.45713931979097644,0.229776710020048,0.10910036736472561,0.18248989601861523,0.3266483813181522,0.34212232769556533,0.10787071482239362,0.28385111503691174,0.17544024716562406,0.2539234594794681,0.6595109498523791,0.11394957647941872,0.233842885751012,0.511991265304792,0.4276969934975203,0.3121868441457804
SMH,0.4977379767963199,0.5955839200735986,0.487317986057713,0.6263891854724913,0.7414905215974701,0.6407816431163771,0.5995894128275655,0.5557743389050972,0.7156090968056246,0.7532574920505212,0.5111387716710203,0.5122966628460032,0.5919443929506859,0.46021940360775754,0.5982952652629328,0.11334734734673854,0.07366107219355049,0.07447963413790461,0.8046759702882262,0.5949852465744471,0.5574319525416187,0.23024338899043412,0.46933181379947186,0.8229341859101682,0.4808182765600844,0.07857221161431449,0.3502518122682554,0.4083368938579104,0.6145491769721004,0.28695853895860307,0.7003830046599323,0.48176624784658195,0.2739695831825285,0.5378402474419186,0.746892418876685,0.44018003823460145,0.6195014508591913,0.7030697388153295,0.7952332395116956,0.544863007632514,0.5357218458599539,0.5405362826764866,0.37565169931547165,0.4774290544405647,0.3433353338946704,0.36889344212346725,0.7783159512303781,0.4080902329108356,0.49534039251458656,0.4791438524886749,0.7764763479211791,0.4190791193994081,0.4175483231573923,0.648448583551925,0.4721477617300282,0.6402383183228906,0.6159098965147184,0.5777214545679079,0.5787481723234668,0.5902959681084976,0.5929368763269263,0.2857063756489665,0.28755375995366506,0.31384814666695826,0.1729307594971338,0.44754068890439214,-0.012710152251723707,0.5973804489243675,0.7701958247261207,0.6534859838920277,0.10390931118811256,0.3985737629108831,0.5035436131365423,0.7170213570940365,0.5663690357133334,0.29334100735950047,0.3795923988529878,0.18543690618080233,0.9336262458772338,0.5227531069233379,0.8467209313899017,0.48205528126795505,0.8400939194811273,0.739653964785865,0.3391091352996541,0.5287397085916966,0.1110534598287662,0.7218965123986291,0.3414468288304806,0.5074937759292537,0.20623601842215275,0.3603994120011712,0.8043098939373247,0.22463206270180802,0.5460515414074899,0.3692918778252219,0.6555753749064279,0.5953849781409999,0.378221176463987,0.4584066694224482,0.5651758432815197,0.5002383579065047,0.6819746460199092,0.7533820499656442,0.8894039632644747,0.9167995618058966,0.7728193019363577,0.3423198379758697,0.5793639554149435,0.6131115164261548,0.6527192909115588,0.04166012543042508,0.5570766766129753,0.43782355672274126,0.5337656800001487,0.2663965712238161,0.3367917643234634,1.0,0.325677942388978,0.7917760018851573,0.24002869852845513,0.7903469883297528,0.09210468391482544,0.18843902434382986,0.44864233052410646,0.8672958474883004,0.41963867614118044,0.7936615619388439,0.19686150797904178,0.34067179238556855,0.5126911809412318,0.5062668819568146,0.3420897538464429,0.7219978835903218,0.537331206188546,0.20786187267886427,0.653272698898116,-0.029560967267303378,0.03201730792088722,0.6122557846892865,0.5330594836446677,0.0741548583615941,0.2437721531479259,0.390836055013811,0.6435275572709012,0.4595772001143018,0.7537106388410743,0.6792339829877925,0.6914942376174863,0.7896617702340443,0.7864490109870602,0.5203616143907864,0.8249531761824401,0.6560270538396745,0.36358336441159694,0.6784955384354943,0.5148548265600925,0.427463556678905,0.5292101929593419,0.40016352675585354,0.44350436209707383,0.4853752661981042,0.5073046764996777,0.17055253955484384,0.3726983724203999,0.6216994253739486,0.9239079747162723,-0.04356646796676871,0.10660668949492252,0.177375806949092,0.6151496546344525,0.5597999976804493,0.23723156212737967,0.43616215861751856,0.7156275328358931,0.8213945629280724,0.668692892086742
SMIN,0.3636833305313174,0.32644327284408275,0.27821232233518745,0.325586437605824,0.3496041549512539,0.31575574747763174,0.4555090554838405,0.4454931048024523,0.4934430826557418,0.42466925693783164,0.33265683047671457,0.3926303920619155,0.4181779424998881,0.3315298181823311,0.3007047732849487,0.11927166904714422,0.1201221044671839,0.13873805003305703,0.3988985000428569,0.29086176441598177,0.40489130929360273,0.26843583746264327,0.3752877107465792,0.4189629759147985,0.39554780326282174,0.11757605609075233,0.35728155103412856,0.328489554351477,0.48811336857198884,0.35482782353145603,0.44933366656340873,0.432650624055356,0.26075064241078094,0.3034188472897407,0.511687074376258,0.3602923450422502,0.4579151450647055,0.4440938791277751,0.427170805572984,0.4145239875168591,0.4068687476224974,0.41385428205916397,0.2089595582694026,0.40006535470509785,0.35280640213998643,0.36905450471676116,0.4016202537285703,0.41047571638369346,0.3791226915048767,0.3855935470275916,0.3810054037116923,0.3904239153734701,0.2723515325952599,0.3299602678803228,0.3716205372278761,0.34388852630583994,0.41465945147897704,0.37718638543896704,0.45962829387295295,0.40469838993184404,0.44222821219396913,0.3214479041119755,0.25383858180783436,0.26605074977077503,0.14653828110989892,0.30299315072531224,0.07525144831703105,0.4572241570356491,0.424966633799585,0.42554479808138507,0.1185233963245755,0.3405688469377809,0.3557597858417178,0.35216238696092367,0.288228847915745,0.2916404782654999,0.8587967566952007,0.08868969724917264,0.38156728568788445,0.3789366941255674,0.3766970688949667,0.360436483449778,0.4126485850795327,0.4131569989741513,0.27831464179033893,0.3542373732965346,0.24512323509101538,0.38505617860962205,0.2894019554485259,0.2213694605051466,0.18381365132135757,0.18374153203964136,0.4207101840559633,0.125438639197105,0.3609781696396283,0.19537998465489476,0.35244735974144215,0.308131590542442,0.2733159795907412,0.32409772793141517,0.39030112917471466,0.3734288828226379,0.3260565239064209,0.4032287411285463,0.3850503681515625,0.3526891048546775,0.35382326106685275,0.31118071780740303,0.3891924938135891,0.36466308305405615,0.387108042786371,0.08490335392934488,0.4625124884291901,0.3531184781955274,0.3671551523769328,0.17224429095292554,0.2658268665532204,0.325677942388978,1.0,0.42468001763570806,0.28229066605600395,0.4270092455208029,0.17231657372702586,0.17910593583329118,0.2777777108415326,0.39421857718888953,0.35364062601087065,0.3883954919120862,0.14155102502118844,0.3611363883209112,0.3078465096510844,0.3549915089530698,0.33370109862606057,0.3962429028269605,0.36584861312846667,0.17211683155404134,0.4667823001456992,0.06995666584821718,0.06865617722289293,0.40709292720626805,0.4549690909236232,0.11381384552206841,0.2867968556934188,0.4296806375198047,0.3994570943411851,0.3544974847358284,0.4038519229274817,0.4463188683072345,0.4889215144003338,0.47484627259194145,0.42996810750701475,0.3785580485539299,0.3947239740277458,0.49738127763929274,0.2890031478024123,0.4895911015948878,0.44567767669407754,0.2329361015602599,0.3186529520346405,0.3253587873056794,0.2991084422301485,0.33936786532084073,0.3283339630214925,0.08012345225118327,0.3393724820759247,0.3756323170073996,0.3598341091336275,0.14326031846151493,0.18409147567526452,0.2697975067942724,0.3672127010745771,0.31168284062058726,0.06600713184250087,0.33394630476882853,0.4750420254786218,0.41929901686573784,0.37428866839580993
SPY,0.7089720832753253,0.7667642572008142,0.6126698110260321,0.7720224236744214,0.8087429387070635,0.7725672926168488,0.7439176188004294,0.6905324346566614,0.6835329844383353,0.970297336114374,0.7341185077609081,0.7372571868731018,0.6727727582780431,0.6523988804975781,0.6762486061416262,0.21097208947852672,0.15458772795877695,0.11593931047420625,0.8400508625327486,0.7193134855642489,0.8832826102089626,0.559970596712005,0.8231048558044665,0.9792905864235243,0.5743563414062457,0.15458817261852884,0.43283166133183004,0.48421149392395546,0.6139438017570468,0.4941978961598769,0.7871952034762815,0.6689442219806189,0.3916430171779267,0.6137240791728598,0.6901802123421807,0.5551905296436027,0.7567892882189431,0.6709152712883398,0.9968447915915744,0.7197337489865389,0.6615321261910703,0.681060977200384,0.4399141724437063,0.6473560970828593,0.5382256291132789,0.4880459515651245,0.7526195842951378,0.5652255170602036,0.6391962711943908,0.6410400707104372,0.6876036629126149,0.617213487930631,0.4900172858961543,0.5510807609959399,0.533469380984139,0.8363661882987096,0.7158336227659032,0.7992845273819491,0.7180653730540019,0.628153597273481,0.725054495691185,0.6932431373693011,0.3027994130194938,0.32709910064404263,0.1438530592982696,0.5973228936820159,0.04243517340230432,0.767910422228088,0.9931901793936884,0.8036158638340093,0.1835857555123028,0.6069086338718219,0.5221038897810861,0.7387047461951385,0.7425562269626925,0.5822437748433429,0.49389741621516914,0.3586985293130837,0.8814878369926551,0.8524536515024901,0.9269695621380912,0.6580540481632231,0.943150421461138,0.9555783355322262,0.6022218875922354,0.794574045866075,0.4845311009756595,0.8403634457694676,0.4763380244638583,0.5317309904665921,0.3301244957299428,0.392416334151302,0.9934378601736591,0.4114739709580747,0.8306699188756395,0.4980498258448344,0.7933310249756574,0.6310031193673175,0.5617663267242345,0.7140975820754971,0.6246810147660434,0.8162930667334164,0.6849257832990908,0.8813436642062445,0.941621498215786,0.8655182095222549,0.8651431405949909,0.6049975836550633,0.8729390438579453,0.8165432288975372,0.8288631381692335,0.12218100075467585,0.7065995340836557,0.6550867607528738,0.75987036271917,0.2560799883826725,0.3484607007777111,0.7917760018851573,0.42468001763570806,1.0,0.6028721561951976,0.9950436251642687,0.18819326242770387,0.31376089601236484,0.48019584599770165,0.8772597793947807,0.4850286074429171,0.9543357440063475,0.21770293992078918,0.45057292458905696,0.4984132144710558,0.7186645260983697,0.7279110137631193,0.8709866853856347,0.7937857021558632,0.337841845830273,0.7702936501319622,0.005187780237409178,0.1026703209569939,0.9093848631858591,0.7356640459526786,0.1481966396251463,0.5586753031519612,0.5780375000803513,0.8925046921516699,0.7781480992635368,0.9158807008426293,0.7184216516629579,0.7566425317455806,0.9614714064412735,0.9954672310399748,0.8249905557701468,0.9529952383747559,0.6803384641069409,0.5171610691653556,0.7713678068301063,0.6945072414090465,0.6341367605156998,0.6747164204853634,0.5520742953241033,0.6018233207101074,0.71598127448068,0.7906150882461916,0.3582479320113664,0.7397851838529698,0.8200372936661078,0.8926359648010742,0.30748768303507756,0.3452447934986049,0.5003264065422997,0.8555673883225202,0.6168499572349239,0.39418700343407287,0.6651791401726431,0.6812008242790991,0.8941285446565638,0.8787435871536459
SPYD,0.6258746009555298,0.4446264188156722,0.47224738687398327,0.4629584731920452,0.438239764596013,0.4104777214928485,0.6043213623598989,0.5777663221617582,0.3868318724112075,0.698474559020819,0.7832792872454664,0.6734527219503951,0.4298463130780347,0.4991741848056123,0.375598252392803,0.2883545843212816,0.24016536212439862,0.1586074986134706,0.42341213998013355,0.35252430127327117,0.7246827300811415,0.9026952658160577,0.7440563570915993,0.5572310452394176,0.48942939795478496,0.24299190848584992,0.3811076595566214,0.4001192970069697,0.3632648835718653,0.5677166937053536,0.5092517896855823,0.6304131921659919,0.328746793896426,0.3748878047895968,0.34833036113437993,0.4417620793978549,0.5808841619370351,0.3774589885910909,0.6047590341349605,0.6074024760030488,0.5381711545811786,0.5185710575602609,0.3716609793601291,0.5482046081358073,0.5547656058868905,0.38037515864854715,0.42646697538435646,0.518052783719457,0.5360565979786004,0.5025645448336574,0.3040873897994885,0.6125345646335258,0.3996708223021704,0.22789611305082302,0.42248213091441483,0.40466105928680046,0.5186880729694926,0.7991256264475958,0.5935083968799133,0.45011300928024506,0.5969847148028588,0.7837023747428775,0.2179552004639457,0.2216780333718551,0.07816224517274221,0.6227215010719285,0.1582113487309182,0.6098643916972809,0.626586476762646,0.5677331478350043,0.24199335294685428,0.5562348991383244,0.4257285591806738,0.40336197363038784,0.32212802969909493,0.563374051656195,0.3431453056836421,0.5022674398749364,0.29229808576927707,0.7426996767093214,0.3837593516455409,0.5604729735651138,0.5359557628395617,0.6640186737939776,0.7573358764252954,0.687268555554311,0.6559747832687777,0.583305228855934,0.4070692151916539,0.39622779375266187,0.3668707285080278,0.30030605003305805,0.5387393454745878,0.5190722678048001,0.7730186306809799,0.5093972581685894,0.6524612151179301,0.47857851940773116,0.5844598116457174,0.7429512437835618,0.48390808790385414,0.8065296705928028,0.47251983537373826,0.6045257106623748,0.3849459693724059,0.34483411864674446,0.39079572053121703,0.7523048344556038,0.8620051906909578,0.6470847192566523,0.728432848238569,0.2219064108471432,0.5935159692539492,0.7364256711843905,0.6333320960984073,0.13701980268929842,0.23216971265919306,0.24002869852845513,0.28229066605600395,0.6028721561951976,1.0,0.593885784427763,0.24996410822607626,0.3570871224849419,0.427291938896202,0.4658906263137639,0.31901522417454425,0.43084462329515716,0.1361086370016259,0.27879641418762013,0.18941301770073615,0.6274206872858277,0.7613607543154342,0.641028922823177,0.8459949857275976,0.37055015126610585,0.5741186494787365,0.11543583652476005,0.21003926812783985,0.7597641969944806,0.6141034144921107,0.2297144625199228,0.8545260844032685,0.6368411458608745,0.7973130013537394,0.9158876221559393,0.6027364945437644,0.4486576657437851,0.5154239397444834,0.631578181936425,0.6314776178088962,0.8546045156283142,0.39519911669152014,0.4358404285038151,0.465411409827389,0.5537969319498091,0.6364126430144956,0.4105419786157336,0.4656284460300626,0.4713910083503451,0.6523245224858842,0.7552177359680798,0.5134363588807922,0.5109246607853958,0.7414618812064241,0.6745305545542134,0.3023615776123309,0.6148961465318881,0.6210781274511036,0.6022441411661269,0.5599297926484704,0.4694195393631258,0.4879447021616886,0.6976843895944858,0.37422234762165457,0.5501106494557535,0.5374282603356297
SPYX,0.7034501544983758,0.7714646423588016,0.6150270905324463,0.7749406424000262,0.808159084809188,0.7776400789869371,0.7395386970183355,0.6844760733234302,0.6773249969770565,0.9626676422796323,0.7217882237715684,0.7331063155975145,0.6672317142168672,0.6431022950762887,0.6793435030273782,0.2132509389470551,0.16104407077151653,0.12909815109337933,0.8377552677667534,0.7207386394511679,0.8780948600063285,0.548349939412163,0.8167687969166472,0.9791712177290215,0.5656812838922672,0.16041377209179153,0.43666310771835976,0.48237455000575746,0.6107214772354003,0.4972924094646612,0.7878795351857758,0.6622379808705515,0.389512407331677,0.6195968485598261,0.6851662880963317,0.5511479438566231,0.7535316139612115,0.6655932390546881,0.9944194921220709,0.7171283324888121,0.6641028531461615,0.6821157386278116,0.4347333600800659,0.6423693269925598,0.5409773817900491,0.4922222193442889,0.7496340049043771,0.5628140077856528,0.6368287152766419,0.6359967867129022,0.6826050644224015,0.613588014166613,0.487313961978002,0.5462055851997846,0.5312069828758855,0.8397414544646545,0.714428183598189,0.7919146036360705,0.7153976106270671,0.6204707446706473,0.7165220225674582,0.6902613865650568,0.30613757133720293,0.3303867575313145,0.14519178583512932,0.5758340732133057,0.050346437323343485,0.76238565780319,0.990927313406253,0.7950955228500374,0.18816236183778146,0.6085206626005256,0.5171934449648115,0.7342326713148642,0.7477396257906582,0.5883450278803058,0.493857254199475,0.3218217680619228,0.8816446704671824,0.8470286781167657,0.9248009745350646,0.6564902728422172,0.9394943842295528,0.9513741599061957,0.5956064072624276,0.7906744629619084,0.48073746937583595,0.8378812745019769,0.47216070177684333,0.5263875826816447,0.33141010493953266,0.38874946583863806,0.9920079563092016,0.39382754467102377,0.8289360029784162,0.467264843947286,0.7858172368206543,0.6251216688622265,0.5543546037538815,0.7120531241712741,0.6169055292800772,0.8059900114742581,0.678908254854081,0.8795746102607376,0.9424957655584248,0.8643714441701079,0.8597042067585904,0.6024766743759405,0.8651191946439498,0.8079003835720387,0.8208608509976812,0.127948479082454,0.7065898956798443,0.6469720357846409,0.7523591716904475,0.25520475016872574,0.3510147585983425,0.7903469883297528,0.4270092455208029,0.9950436251642687,0.593885784427763,1.0,0.1947454870384286,0.315254655390152,0.47456704193537647,0.8748001071745082,0.47663314817220215,0.9586055821867002,0.21958627800180525,0.4525550592246143,0.4973001677583176,0.7129697436329956,0.72828482885824,0.8656909034902945,0.7854191050473459,0.33597087827067174,0.7663651209749222,0.016883031730741016,0.10668529002279964,0.9057111470774866,0.7364734433143805,0.15570312969785724,0.558969981544434,0.5799063049442319,0.8864052549764411,0.7692616777631435,0.9127430452610945,0.7129035398880611,0.7555324980786007,0.9579804517948336,0.99151436939421,0.814469153881711,0.9557560046020992,0.675875959665871,0.5167984357215267,0.7669628368291288,0.687756280919808,0.6378061237878571,0.6718297044117764,0.5534142465576681,0.5994185677222919,0.7064096009749723,0.7943218458939753,0.3206751365186986,0.73426449755008,0.8128975548862752,0.8929635656352782,0.3103890344148911,0.3437619231041987,0.5060645445603378,0.8582748757365632,0.6091889640548371,0.3601477788806293,0.6631839201868177,0.6762635787297898,0.8947895924441085,0.8695861508039329
SUSB,0.6070282661109364,0.17910738762060727,0.24834372388201287,0.1969592459740608,0.17787604632805618,0.16161385120955185,0.32485307851460254,0.29833367135472355,0.2574708381784921,0.1789619062420499,0.15958603460876555,0.26583929136629,0.24146518619324195,0.14339523419905556,0.14157880362578035,0.7715568169555269,0.8836432091105718,0.7077424988256084,0.20149583180162817,0.1276803614045864,0.1999049020083784,0.24661199913702375,0.16746550010650857,0.18371325999931845,0.2960619912535674,0.8724823556805901,0.630878528772345,0.2283197252045158,0.2904576524861497,0.4319128065846969,0.32358379312212876,0.3129357379996003,0.23372865215115038,0.16829182721491798,0.255872967018897,0.2603353329656528,0.32940605276206847,0.2539584903110475,0.19263871525691517,0.34639029676332594,0.2989672576084633,0.3225941336675211,0.18296907760009898,0.27064980838095404,0.38615477840916557,0.25265573387695334,0.23264509772361178,0.2928210180059593,0.30905424973960827,0.31448456025796945,0.2086419428221484,0.31180969234868133,0.20875118406919527,0.20833691997187165,0.3289049189568289,0.16758023287767418,0.2933254508591787,0.22905151992187545,0.36916424451136387,0.25422399553915837,0.3106293712001447,0.21412711350204947,0.30724014040118497,0.3064954716297836,0.30264009234939176,0.16485167762380878,0.8166046716486977,0.32900288219822066,0.19050394969755635,0.12303527490064613,0.6324320202967192,0.2619755353254596,0.28708308755581324,0.1777375310781439,0.13118630478859228,0.22940931527271313,0.19915876995553272,-0.024582506258952738,0.13984439484510142,0.20172960351936287,0.1336709214646027,0.14820407479479733,0.1597659848876656,0.21398506593135908,0.09873997021156954,0.15929221459586576,0.046743827708862935,0.21932487967583586,0.1295175639021702,0.17284396052536924,0.8484231039594703,0.14244855392553274,0.17634237786893328,0.054813893373894224,0.2526591736906618,-0.011846269875720678,0.14358316674028362,0.19325106967923772,0.36975782030976156,0.2580079929798053,0.20020726346255593,0.16826238223216486,0.20660682716779788,0.21213773033144542,0.16363346776382592,0.14068189429140046,0.10387159111406521,0.3709330609906083,0.2326897268972784,0.13856249770379375,0.22176672267156208,0.8023225780114864,0.36235642530656015,0.33080257135863395,0.5476132755181214,0.19514903087404645,0.2549432857205542,0.09210468391482544,0.17231657372702586,0.18819326242770387,0.24996410822607626,0.1947454870384286,1.0,0.8628298250609426,0.2360100590939098,0.16322346203142243,0.2846161302618475,0.16552968487677067,0.03849518744497318,0.14353532053057946,0.1213167260588528,0.5904077141893579,0.24092083192064762,0.22633907039808568,0.21083850522581,0.7718901447065933,0.33222118263567973,0.8938101767892056,0.7415866495948975,0.21311670307318017,0.35070273807488717,0.8628534323064343,0.36417267128788594,0.4345519696530375,0.22379919939864304,0.22211753968515183,0.1961655424459029,0.29227260434864655,0.3206112106311304,0.25379150495891273,0.19527857884074543,0.18968630141400236,0.16479267298484299,0.2587625933447964,0.7425823528847928,0.32330104079083505,0.32166381435948027,0.1494224094275242,0.16004648717848124,0.24289576120550474,0.32700164658610686,0.20455011610032586,0.2038177143807712,-0.05954967113693337,0.07968129912523877,0.15258383823955526,0.12145575699534734,0.20280345131610952,0.24754675678993315,0.21605688065992817,0.2195495825695803,0.13494778728862228,-0.07171871616474379,0.22014702759831567,0.25149583392636077,0.26451692758329365,0.1087433576911344
SUSC,0.7166189769786047,0.26437286686141,0.3377314480096417,0.2944502482035986,0.2697458986430321,0.24150699143831156,0.39025393939226743,0.34652041175717996,0.3127749704860142,0.3045447611300266,0.26390720740666523,0.3387769708113128,0.30484563228799605,0.24988766229224454,0.20843446393850204,0.956247267970905,0.9513066385952217,0.7615963499857198,0.3010236354737408,0.20655203546651926,0.3160023841068257,0.3288185633240123,0.27350240106444024,0.3057844995601403,0.34820508341962875,0.9451999103162934,0.6553427541256581,0.28028611881645576,0.3265272580836821,0.4513772305116869,0.4019390405070688,0.37675014571503085,0.25061894184630046,0.23772954167777705,0.31360862888785535,0.31204490408274516,0.40632588864901753,0.3107457773550125,0.31709566855482707,0.41276922013863876,0.3529990708094719,0.39074376964088325,0.21163671590418312,0.33527665038379645,0.4317030214593092,0.28134609626203533,0.32236541279944125,0.3627535902352077,0.3761351768332053,0.35449212728820223,0.27702131051518225,0.3703586377849192,0.2787584658559487,0.26519364760288994,0.36427096669414094,0.25047846879240665,0.36910913006286605,0.3387598191005685,0.4270151688333085,0.3082474182068427,0.38214360533276315,0.30509003730220374,0.27958931577644347,0.27812760112329177,0.23882236995587125,0.2262121134824318,0.85914368022486,0.4050378192803752,0.3140589843604661,0.2429037985741565,0.7109937671026855,0.3490711387849453,0.35926365886089123,0.2668544854137052,0.21334813030668526,0.29348003031778835,0.22453600105147753,0.0212552679426049,0.24097905154316188,0.3127438347623533,0.2425792034211938,0.2636592557572647,0.2782145828701823,0.3391817833453317,0.19575690045882238,0.27175755205123525,0.1275367736839888,0.32463247494539643,0.160488028171305,0.24619904811677765,0.9894824890919894,0.1717322317913548,0.2939874826401112,0.098701884465624,0.3717312045650009,0.04733153476036637,0.2617702067415676,0.28918342056181023,0.5161089469760759,0.357062989495819,0.25939030884564707,0.2896392770733053,0.30477231828929535,0.3298492974335594,0.2709379154010362,0.24055335417637003,0.21374865581852903,0.4690265159206297,0.3602290526721927,0.25711109740283156,0.33439442640646755,0.8424136768953472,0.41907898142476285,0.41045539462160335,0.655368907288138,0.16870670507347832,0.23817289183574478,0.18843902434382986,0.17910593583329118,0.31376089601236484,0.3570871224849419,0.315254655390152,0.8628298250609426,1.0,0.31068677738223366,0.2758220430778695,0.3337629653321327,0.27274456840703265,0.04520277166392099,0.16784162230003433,0.16138372874907989,0.6907791272048984,0.32604340725726116,0.34169670146765885,0.32985638400608336,0.9718666288832106,0.4053019686287291,0.856642031422999,0.9131793474507462,0.33606082786314245,0.42103101585241515,0.8976230621698873,0.4639768736575938,0.4805361457182192,0.34728583519668343,0.34198251483343484,0.31343591158658596,0.3545119500350961,0.39130295720931346,0.36347086738177103,0.3211693960955394,0.30853475499713584,0.2714557245521304,0.31026894004027716,0.8517457270972989,0.393849284835577,0.3834521432040849,0.22456966098383638,0.23653581906883664,0.3131041767116645,0.4386435336016544,0.31368779979820827,0.28325247877276677,-0.0017750214920840078,0.19760589626084565,0.2642228945498366,0.2244780667077908,0.23943463192464606,0.319462053734612,0.2816225985401265,0.3357297227365352,0.1970571043574728,-0.010092696596324615,0.3125563249528668,0.31268574161659385,0.3662829769876472,0.22192314184785442
TAN,0.48068383286675087,0.4406723879764807,0.5216285004860133,0.5022207427453591,0.5234436094941872,0.44799235467162823,0.5508676263950426,0.5463408109092474,0.5836542167708202,0.5219741674438039,0.4799129176656294,0.5157289991211327,0.41631105976190935,0.3279048620340769,0.4281862175046357,0.25153904071891986,0.23450313836721126,0.16666389124277317,0.5261088767325545,0.35273792504335555,0.41750563170719546,0.3961869559119855,0.3835240615995912,0.4733949794107626,0.5085429205043139,0.23139316182912817,0.44043877010245436,0.4660162736789728,0.5258212343857833,0.3860824711526379,0.5301599755474509,0.5008241960637669,0.2596854216939564,0.4326267345920907,0.532745608729318,0.41262157584173254,0.5361023209672325,0.5704564392230735,0.487364100180712,0.509934088434644,0.5131499910809687,0.4774174587650738,0.457945403029339,0.46649823369570437,0.4032969479519546,0.35562800700047176,0.5420047099344389,0.46263047791302786,0.462347436210863,0.4344385599554252,0.5001656746291501,0.4560767016937626,0.42432966942328326,0.45393228132433355,0.47401340407846787,0.38502978629473006,0.5055150539848906,0.5391324401385985,0.5676397920851576,0.560841720781111,0.5464686875407008,0.2890789061415096,0.3254526374865296,0.33990588347867473,0.22452813524703755,0.5149453475467269,0.14360625888245673,0.5256629947472805,0.4744854518236708,0.4606039861714747,0.22243277463566907,0.4318625606124755,0.8967185721090076,0.5753654407652198,0.3018082068067011,0.258276713951391,0.3178209538667919,0.24321955669118595,0.46182697914799614,0.3912436435020499,0.42739070961109527,0.4283086488278213,0.4859349503799177,0.4771971683778572,0.3453909096861764,0.4069388620286591,0.11909078631653476,0.6341913317268543,0.3201788299884639,0.5946470865087036,0.3218506638069036,0.43507297269708123,0.4583461143949996,0.22828042841812393,0.482712872100544,0.31147623989929374,0.4925013654285351,0.8071208973131826,0.42771500441200044,0.440542628112204,0.5335759392624129,0.4263555336412145,0.8175570899271717,0.5967004970940349,0.4603123570206675,0.48088101052232074,0.38881157704715447,0.45695171430926584,0.515532108725999,0.46604151755111667,0.5768145990681114,0.18299235192673008,0.5524931205592157,0.547544931813819,0.4678628843227733,0.26492046232501604,0.349458779886047,0.44864233052410646,0.2777777108415326,0.48019584599770165,0.427291938896202,0.47456704193537647,0.2360100590939098,0.31068677738223366,1.0,0.4920138740819762,0.37136569096251415,0.4022488728653887,0.18501273003961768,0.23948158472089276,0.38997600448600483,0.47478426543847013,0.30004756839500524,0.5910622448964657,0.513656933916218,0.31160085596515763,0.5594986420628665,0.14356668205881443,0.19142497723801077,0.44472215788540964,0.479280158310035,0.23183714406244588,0.40793945913518387,0.5063389419580616,0.5390127226262218,0.4873532058463977,0.5286203000336719,0.5156923296977077,0.5811162971786257,0.5590951739127666,0.5030615336152973,0.4539569403285473,0.4317153715023106,0.576992193857342,0.42782692995086025,0.5866082991524115,0.5328943801559717,0.33703005627273913,0.39798870279269216,0.432781900912637,0.46470568249059846,0.4911083716267023,0.3246645636673656,0.20996474942364557,0.29132325050251645,0.46615366903259764,0.4436635714248475,0.13974146419000544,0.29743211187362334,0.23330090974151377,0.4478213208246484,0.4927425050504586,0.2550657325436623,0.4665639339540858,0.5759532406493748,0.6356078728540641,0.3703744540556382
TDIV,0.6088845739081019,0.6790324609863658,0.5632078008410084,0.6959726953374786,0.7701050196294458,0.7026039769804163,0.6635951230640665,0.6181127099555982,0.6983942300854177,0.8515074141743493,0.6426634694320678,0.6456236055196728,0.6079990638743015,0.5457591468677424,0.6388470359210118,0.18531459069885464,0.13942199288349627,0.11411028518483944,0.7991486715273464,0.7343987021385385,0.7234621336834239,0.43866298642427964,0.655463843938552,0.8790715555554506,0.5335456505721837,0.14306331495765778,0.4096428302339519,0.43662640393747376,0.6142601743678818,0.4026227753517653,0.731616963891401,0.5664533225092853,0.3410445465362478,0.55893148747446,0.7127340899812864,0.4897457922720438,0.6784670756288045,0.6838089409291956,0.8825941534630077,0.6390071627011958,0.6098681878595739,0.6094924705833487,0.4152828918268061,0.5437572472560646,0.4451237448829945,0.43473188970821663,0.7491097639605648,0.4757472242366721,0.5639285494172175,0.570148953167106,0.7347400554896946,0.5141103992951218,0.4452208623508627,0.587500713670816,0.5160135997972228,0.7494996338356307,0.6530044050145324,0.7097452448679021,0.6477035750831803,0.621591909821419,0.6555641096459877,0.5106512915004766,0.3151726802053476,0.3393668860258577,0.16111496562894675,0.5403140290183677,0.04262709741945939,0.6737541514023109,0.8689589287010981,0.7051160550755786,0.17099461755863055,0.5026314191579745,0.5363716829066832,0.732827138181129,0.7239380706839061,0.4382540831299712,0.4521592527174379,0.29043675289250137,0.8992264473132042,0.6940749432448977,0.8500224459847986,0.5694322132690912,0.8843471560544092,0.8640524697286613,0.4820006475585564,0.674148386779422,0.30416213470036246,0.7943547894041643,0.41985659431057,0.5185074353806459,0.28988598061762627,0.3814621417849196,0.8743315808197528,0.33683661057007885,0.7298926372955709,0.43175922235846936,0.7138759127341636,0.637708917124374,0.4719150594972976,0.6115909146279664,0.5900426717484968,0.6786225099634777,0.701060592313144,0.840503959293275,0.8901247903488737,0.9036243672324409,0.7756257315859981,0.4973805765904244,0.7543289506994892,0.715340443633089,0.7540256806044598,0.10414449550596888,0.6330980508991805,0.5707571088312625,0.6428903292017666,0.26297304245815095,0.35821630793813075,0.8672958474883004,0.39421857718888953,0.8772597793947807,0.4658906263137639,0.8748001071745082,0.16322346203142243,0.2758220430778695,0.4920138740819762,1.0,0.4476187473210612,0.8386938160107809,0.192282748605295,0.3852746504368592,0.5084947864380797,0.6134891300413761,0.5858251224280364,0.8096735801456866,0.6879993884384633,0.2924549466248437,0.7029247744522515,0.01796928445650067,0.08962553038430399,0.7978861173952954,0.6418769829916904,0.1355090763512261,0.43444550114956354,0.4983901112489282,0.7888422966050632,0.6506478863155779,0.8443573227660838,0.6819240929433669,0.7188138766436867,0.8650365771262394,0.8787151484730363,0.6968397750036462,0.8535181453794294,0.6732568358195921,0.44790464447820927,0.718704795562236,0.6018593240831298,0.6066879943382393,0.5896574482441054,0.4770115421142667,0.5233471079574231,0.6086344530325439,0.6357120207986323,0.2830624034206643,0.5553445206526526,0.7100928584319661,0.910541352705438,0.13869473723490755,0.24417869049729848,0.33187332624310995,0.7065168945564894,0.600950957978881,0.34454019333771324,0.5719520051089984,0.6964826036720531,0.868365898252748,0.7399803311587225
THD,0.4594040960773439,0.3544766906603214,0.3681586579621677,0.39010404101444285,0.43750185831072075,0.36330341326194177,0.5875024271116525,0.5756968952531689,0.6243858433796498,0.47147190256529525,0.3599381571892973,0.5008121484399976,0.4845646125747227,0.3646246625069184,0.338760208045681,0.27276565093938315,0.26833297144243135,0.2126838806451061,0.5112866777173565,0.33090952166925425,0.4361647880841177,0.3111341445021233,0.4181251002032378,0.4772650306033452,0.5785920348687084,0.26711573363429275,0.5579550884682031,0.42078041566094326,0.6279333801837711,0.4892740683936045,0.5703820449749946,0.5559792667337567,0.4526002916425803,0.32682249986896056,0.6031923472493818,0.48243028243863845,0.5829621761729638,0.6220751804648094,0.4813634853641163,0.5815328958049915,0.5079336312758795,0.5276386483326982,0.4649364376356515,0.5119806841958725,0.46240833492763334,0.5178048047766101,0.5215281272278258,0.47012680605373175,0.5137624856435811,0.5420384328113289,0.5360435608147284,0.5129975775892585,0.43833751936585774,0.5024085485928877,0.5775603732739607,0.3732313592488035,0.541388656491131,0.4153840563072182,0.6103432479774236,0.611349785748415,0.5938195152605511,0.3298272902881309,0.45625100569436483,0.4674704755807455,0.3749492360664218,0.4932566682193129,0.2148428963560019,0.5840322664449273,0.471503404480999,0.4638743023562923,0.241472948841195,0.3677857198525014,0.4242086622698159,0.4430900360653283,0.3212765898168454,0.30913424537989487,0.40172537506562583,0.20192018106820386,0.4650221919138976,0.43412185237195516,0.4724133415835224,0.3896253943252539,0.46661775413409723,0.46798214191879406,0.2395896045040183,0.3671164338586731,0.14916230498809793,0.46956484644295116,0.29921774497080605,0.45138114087849845,0.3416106850622123,0.4274636836079717,0.47508587433349986,0.18132610101772853,0.43253277637268167,0.2964346745012603,0.38540317215161546,0.402430688587256,0.3274060503239422,0.339838365838443,0.5453350461087438,0.38526555158504955,0.41511527530769743,0.48858508962657077,0.45486247231965365,0.4383174430530584,0.47451598334859296,0.3334503271503145,0.4412722058289686,0.42578956519015426,0.4337977258107417,0.2184501731536518,0.5672659583476588,0.5085967884979341,0.45894931589789306,0.37333672047795907,0.4545755068851816,0.41963867614118044,0.35364062601087065,0.4850286074429171,0.31901522417454425,0.47663314817220215,0.2846161302618475,0.3337629653321327,0.37136569096251415,0.4476187473210612,1.0,0.4348084928652902,0.16579595389011298,0.36669246891763685,0.3838274533476131,0.4373418803135383,0.34870706265908613,0.46225427919474144,0.398062643701719,0.32945103627018957,0.6021233551952504,0.19781672738790526,0.2144589494324324,0.4427093983520512,0.5448165441242737,0.2605204583528605,0.33113089237853066,0.524611950802924,0.4496337544326763,0.39137275800943955,0.4581048858847045,0.5811583053435311,0.621283250847675,0.5664448093431997,0.4868530070242937,0.4105526252577666,0.45134691406321303,0.6308024086066675,0.43150903455589984,0.6302284819231517,0.5935262186734889,0.27895129282829795,0.3640018172205738,0.344855998268722,0.3289411691361016,0.43640218687021015,0.36438311404492557,0.16362539715076724,0.29114822819830793,0.4000915174974782,0.4365447055513243,0.198782200085093,0.2333381925003925,0.2694364326552329,0.40324959900158747,0.42740290303686074,0.1617629749454515,0.34235277456904484,0.6184811864068617,0.5306559249477901,0.46573591730511965
TMFC,0.6335809686472217,0.7778705580662665,0.56192428127072,0.765449325352884,0.7818422127871513,0.7954859856539416,0.65033851591774,0.5970147220604696,0.6230787290457083,0.8851499773900516,0.5972859422265486,0.6329851430241483,0.6121551790021744,0.5848451301350088,0.666605039284287,0.17791652434704258,0.13279485712441272,0.11535122700114434,0.8246815206723852,0.7341032127691092,0.7723931844859543,0.3884070224933051,0.69957379509842,0.952779309730226,0.4936118266276912,0.13023132658693268,0.3875973442752809,0.42783120042504663,0.5494234174932059,0.4066655485289257,0.7246203930145276,0.560457780118091,0.3492634077890047,0.5917907043153753,0.6318966444446079,0.49266974259088797,0.6708265645159454,0.6131800324331186,0.9554937931999569,0.631037513396104,0.597591520138116,0.6196607414192641,0.3827357588855957,0.5626042216202347,0.44746767820489297,0.43781364749720064,0.7050034580138587,0.4829596799937511,0.5588483309888903,0.5711190941012372,0.6549047662023796,0.5065563061704335,0.4225720896815288,0.5024616570472005,0.47047619107609256,0.8849704111770125,0.6478422303919531,0.6714994327953321,0.6309842145379079,0.560647704637631,0.6221549489845987,0.5629266324198351,0.25321219857244376,0.27905039462942327,0.11352701004952019,0.4599002300274833,0.032935761270628264,0.6733887101901979,0.9447691569730787,0.7146545617265923,0.16677120031033738,0.5079401158649309,0.4404064158118549,0.6833106678123754,0.7890938229235988,0.5084560166921965,0.45479685057771385,0.22041597845878486,0.8979112190787468,0.7350279208448542,0.9288641568315787,0.5708186471469624,0.881801747224638,0.8835435441755902,0.4814514895698206,0.7126814613609264,0.370244671149461,0.7718535213658807,0.4142346337965585,0.47725593152037715,0.28858058644474893,0.3556989761028642,0.973130144576499,0.3148800105004171,0.7420525324372044,0.36337692128465504,0.6696542679344317,0.5588547048677168,0.4777248085402111,0.5895728626129306,0.5319687779175892,0.6816397562171583,0.6165550262892525,0.8056585083434904,0.9647645115278672,0.8709348077237887,0.8473246098623329,0.5001287635677174,0.7345088921886228,0.7137036454229072,0.7105830924199008,0.09695103984723555,0.6283022179409627,0.539830636898801,0.6876133579442042,0.22875908446934434,0.29864189460858903,0.7936615619388439,0.3883954919120862,0.9543357440063475,0.43084462329515716,0.9586055821867002,0.16552968487677067,0.27274456840703265,0.4022488728653887,0.8386938160107809,0.4348084928652902,1.0,0.21826602868808073,0.411586772693955,0.46762406100517345,0.6526029647742739,0.6079495456028567,0.7858780535754831,0.6510024090535413,0.2916541316714751,0.6810484403975379,0.0029557456778371858,0.07936107981624659,0.7969127392100793,0.6525420976127771,0.13100115545926266,0.4308821610233465,0.4884988324785846,0.774826213143411,0.6125593404758385,0.8519237912580272,0.6436921555670589,0.6844339528358243,0.8960612328485982,0.9431951369183978,0.657211180004415,0.9864378950750585,0.6230648628681282,0.4736701548014096,0.6873906588365937,0.584681043972282,0.6587848282554118,0.584655492430012,0.47745349209083093,0.4953635619736208,0.5724661846115388,0.8141274847747566,0.21671502620346778,0.6301889215666714,0.6879075712081708,0.9107413955910253,0.1946626063305006,0.214483495945639,0.3765946960887941,0.8487212969489151,0.5219844934693869,0.2741922359410461,0.5716381862169063,0.628388522447178,0.856875184097374,0.8218384403871818
TUR,0.16100926494791776,0.18894985713183474,0.1435320343533249,0.19164459294853198,0.22788261021056286,0.20367658706613365,0.2167773382553719,0.21167848164014946,0.23424503412231168,0.22184411996458872,0.19027487507824428,0.17226490452054694,0.1904917207808544,0.16116576115738965,0.18273226130847456,0.035683102357303646,0.028289091682850934,0.015156297797968961,0.21745998206512487,0.1263899398076424,0.19580809096288393,0.13206094243599575,0.17431538057113743,0.22331561721881021,0.19309431290415985,0.020685027425322407,0.1343343721753322,0.15069100110587907,0.23117684852951012,0.13770471079172114,0.220116895042341,0.19037039208843054,0.19490645041797097,0.19493098827295285,0.23923972627171425,0.2006936759322497,0.21721411518780295,0.22299464332565347,0.22051201364790618,0.19100157508793073,0.18039334328548257,0.19593545323500708,0.14368379275766152,0.17934609952935945,0.15280773355309585,0.16691006972664027,0.21557750091776967,0.15412917633348658,0.19703305393043882,0.16353728643858587,0.19412134523861385,0.17567509916232144,0.15218569241112434,0.17611956298605264,0.17335093234421434,0.18086351324661795,0.2104330866527149,0.20318327078403894,0.2297319064231886,0.2269264234475648,0.20696407176003365,0.12026617037581856,0.09786124538913883,0.12115944094494856,0.07380751086289314,0.1428723775425134,-0.007623300914597638,0.2128075425844548,0.215415337377271,0.21747577398732612,0.005276072445492048,0.12844932672144704,0.19360913859307927,0.2203620487885706,0.13677737072040694,0.08994945785221041,0.19529375595042495,0.015864924874488647,0.1962058317978901,0.1794687817532472,0.20344101345059257,0.18660624445057322,0.20891623206472784,0.19700148585201074,0.16809177433014438,0.18477303034896933,0.07390159731690059,0.2220057171567398,0.2019907196634684,0.18096599947585404,0.06330309737982585,0.12539993111520503,0.21917181669077243,0.0399321095082848,0.1810404609089511,0.09426081626185319,0.1998848582973816,0.22133785957599533,0.16749707968572564,0.16334479857425022,0.20949937978861569,0.15683898639890748,0.22313837804335743,0.20629803810277636,0.20956726601904102,0.1991453971117785,0.1860010003727075,0.17509838102738667,0.18863150008317953,0.19024165156727016,0.2086500306552393,-0.02071298448607159,0.22551612415339134,0.18393751312499868,0.1574939126161868,0.12683945794621668,0.1344816803397719,0.19686150797904178,0.14155102502118844,0.21770293992078918,0.1361086370016259,0.21958627800180525,0.03849518744497318,0.04520277166392099,0.18501273003961768,0.192282748605295,0.16579595389011298,0.21826602868808073,1.0,0.22133992338164538,0.15161559351295945,0.13690876131695381,0.10091854378691677,0.20759848228515887,0.19510421663498645,0.06180025095582888,0.22373647982525652,-0.010918772155203496,0.01356175433109654,0.18757077532626643,0.18865516332249604,0.03248424923737752,0.1401665526152124,0.20587811473979054,0.19225436980140137,0.17186134212782145,0.19227915022944522,0.2106614143902502,0.23804504340696872,0.24079423531616606,0.22353200102204873,0.17919472799528433,0.2083094853102576,0.23977300773365354,0.1577072324739736,0.23873708535456406,0.21161273567932737,0.11795121854739031,0.14176536850534724,0.0995094084433034,0.1597932488719863,0.1698786020095067,0.16153133621604956,0.01723203279360141,0.16527654154992558,0.19679357545035417,0.18858021169198522,0.060130338479911206,0.05219229611292465,0.07926730504999734,0.20787056627075196,0.2046282796227377,0.017543973112019544,0.17524559385707633,0.22950376060569747,0.22004576154466604,0.19182768937998568
UAE,0.3538379653821012,0.35553441907513894,0.31823490383797176,0.35731255009435337,0.3893470902452864,0.34163174688056974,0.4287170892662426,0.4094211853318882,0.4241827289030899,0.44921302939279106,0.34894987985474707,0.36339530568212924,0.38953191777271456,0.30711039628015685,0.3414762604655796,0.09850635335416184,0.08964566368776582,0.10516957169754483,0.39501056127961415,0.28305957108922325,0.4374508010284054,0.25796176867068366,0.3943220531178018,0.4315809925702384,0.3416882654677812,0.08442457861806535,0.3101529983081773,0.3219288533844298,0.4828111416320886,0.32088574206016046,0.44222576147519577,0.4077405099817196,0.2975804304493128,0.3650096091919834,0.4672136740393676,0.3527759974797112,0.4435755327248987,0.4246255342141586,0.450329675544051,0.4043343543600296,0.3797956474787004,0.4075950012866027,0.2409680720954914,0.4048874499758266,0.3572200052953888,0.3688231351459951,0.3887827618800136,0.37063540166833964,0.3830755708984902,0.36636645760004494,0.37215412471400655,0.37323185416584714,0.29558011121941263,0.3672253750375589,0.38245622124743167,0.3506501024787048,0.41744205274775176,0.39783585215243594,0.42765165610284134,0.3720707612939734,0.42036656553765406,0.32887239919032146,0.22964715331111576,0.244040196328693,0.1399295114868651,0.26533559594153405,0.04269435644723835,0.43984109300296387,0.45273302932904674,0.4344647452622308,0.0785610510884493,0.3316535219217762,0.2809935504493633,0.39266888965417557,0.2801440501231045,0.2880829333419984,0.4107314723002209,0.055878739106683444,0.39247157488809103,0.43337978855674086,0.41636586443306,0.39062269587539566,0.4441258793773469,0.4264563265611625,0.3093271595995393,0.3909523046002309,0.2375382730382694,0.41501414471295545,0.44435444533406376,0.2714847465823184,0.17191801366559267,0.1903988971083352,0.4462543642951983,0.09044018573690685,0.3861372330272217,0.21221225195496762,0.39299411236424325,0.30604086561143984,0.26536289171434885,0.35402845110278675,0.3653700592678058,0.38801070254202086,0.32656450988849534,0.41865868653511773,0.40634192493881516,0.369891764809545,0.40232941992439925,0.3081637087550844,0.41007142946305314,0.4132653967722329,0.41735090015622284,0.031152946087675784,0.42264613825245284,0.3410037069301944,0.373318816044642,0.19352870302528472,0.2386187762522423,0.34067179238556855,0.3611363883209112,0.45057292458905696,0.27879641418762013,0.4525550592246143,0.14353532053057946,0.16784162230003433,0.23948158472089276,0.3852746504368592,0.36669246891763685,0.411586772693955,0.22133992338164538,1.0,0.3149547592091286,0.3389756841480451,0.3311075770080731,0.42191648542987775,0.3881751218183333,0.16236999384002956,0.45158339313864543,0.026188651541187453,0.04080331316873867,0.42600929538779714,0.4150058940721867,0.08046547323006666,0.2578183323160908,0.4052846522234704,0.41640565177150396,0.37163855357896197,0.42457512657238833,0.4387293404432819,0.46400272134845116,0.4832012118383219,0.4536920478252661,0.394169839101042,0.41535347835794045,0.42388785810347235,0.2664969843654079,0.462328211235135,0.42692778949623184,0.23269791465537343,0.35791344098794997,0.3088041251288791,0.3273871730256199,0.3573412674549632,0.3349296441798786,0.07064593762534337,0.3712266612416095,0.40422678159044706,0.3790701075837781,0.19497179878511034,0.17309434432184567,0.24917368330293055,0.39686972256643976,0.3085335190764582,0.04540716212197926,0.31915881523049844,0.4193151208247233,0.4079130909843372,0.4152672567905505
URA,0.3734170304740232,0.4839095830587229,0.38463686838306155,0.49433580788615294,0.6193580962984295,0.48750111060802426,0.5473214906871708,0.5551904224773414,0.5706042325809663,0.5011991636766854,0.3742805237973958,0.5730797935150419,0.5004784901211379,0.3090158411147925,0.5029669419963269,0.085456077919146,0.08804784985033012,0.08640687810832863,0.5647990681947428,0.37888370120896103,0.4267364556257392,0.22527324045578187,0.39696335323019866,0.511397314963607,0.4727090598592132,0.08332913292990217,0.38667172674412803,0.4095809650342572,0.5189302200590291,0.34014881676003006,0.5305493153875214,0.4664337052288241,0.24898740903027913,0.3655597489716648,0.5763215317064183,0.37823797550606925,0.519630046211215,0.5573490189885129,0.5041232705348091,0.5188756288545416,0.45555529293091734,0.43843206423818354,0.3447105514520213,0.42215957307761615,0.3017411046469368,0.34554622726511497,0.49704000380217417,0.38314128004395454,0.4017563429550897,0.44833064947463663,0.5193588247748478,0.43262682840468347,0.43331429508507524,0.5011849745720972,0.5190416482693827,0.41059897142462215,0.4561471448837803,0.4050659225724325,0.5419168663655783,0.5200656829689241,0.5331639975412303,0.2124452065422961,0.5074521423111147,0.5310160264201155,0.4010176176200818,0.5040165578115057,0.012995146239730951,0.5151240053821011,0.4890662750032517,0.4748526038453682,0.10032606169572668,0.2844634111364889,0.4824354294381212,0.5988930486932109,0.3790201328114834,0.1991969584492148,0.31423979058290974,0.24226713177653192,0.5429032281175104,0.34926395900205726,0.5046634501903029,0.32756767188761504,0.5547128366564288,0.454575069710465,0.24048522830090188,0.4101929300662604,0.12403282346222098,0.581565613427687,0.2894643133500659,0.4639609611344279,0.16599765514894918,0.33364086730138776,0.5017153140246637,0.20590982016576304,0.3291480881281698,0.32294498430954427,0.4770617131004191,0.5542475288173269,0.3228500933119182,0.2817955421458686,0.5933671231695938,0.37185049568809786,0.5201004996945372,0.5211035723401016,0.5070384205607754,0.49870190879501275,0.4460370584195271,0.2753114922475636,0.39571770892462466,0.4514365543553886,0.4788300665343573,0.0829759685799163,0.5098559727538815,0.42707813453977445,0.38160783528224423,0.4322702747006963,0.5323525101295296,0.5126911809412318,0.3078465096510844,0.4984132144710558,0.18941301770073615,0.4973001677583176,0.1213167260588528,0.16138372874907989,0.38997600448600483,0.5084947864380797,0.3838274533476131,0.46762406100517345,0.15161559351295945,0.3149547592091286,1.0,0.37164211773688716,0.26391163442925786,0.536431473326235,0.385102929942168,0.1551982658042106,0.5574094580212811,0.032811101403297446,0.02403058016921708,0.4111863251599266,0.4645312745699323,0.09250788336332474,0.18425919882766223,0.4061397961808283,0.4646556823942266,0.34576763506465963,0.5295868567003351,0.5701398521376848,0.5658602740034034,0.5654560889822215,0.5114928235719278,0.38909592706406837,0.49443342259871437,0.5416108351938538,0.28642797830448935,0.5733653223175132,0.49949391967392404,0.2688321331621408,0.550605690322268,0.311794734342918,0.266491028995997,0.4039087991861352,0.32719398803984406,0.19201274940961782,0.30172655388622965,0.4646046595478299,0.5247673535960097,0.00048548293548375776,0.21655056583685486,0.10843524463301615,0.38110407351987213,0.6775968240862024,0.20951945201283964,0.2873946520978977,0.5556145657297263,0.5363178381601472,0.40603171134052085
USHY,0.9486175569658988,0.6217418670826884,0.5699056559831993,0.6338804020282189,0.6211589651586868,0.604437401033935,0.6852310268815889,0.6400642791762015,0.5555809633507868,0.7340738631453888,0.6474130864346396,0.6528373066932844,0.5652636934445159,0.6301751202630284,0.5248810015292797,0.5773704867046147,0.5610646922780624,0.41818722432648586,0.6514019391273064,0.5134402433686784,0.6708652199975301,0.5937020459250124,0.6261883630188181,0.6990431077732505,0.5482377080526354,0.5599079561693011,0.6411501481563533,0.46534915172440383,0.513456538739008,0.5749762163620581,0.6808900539081649,0.6499466599586923,0.3625693470666884,0.4770674281297525,0.5433893393667866,0.5207127902663558,0.6893979419872542,0.5474544666182821,0.7215687108571985,0.6807038969645683,0.6261047239247371,0.6384255312550867,0.38095880428962353,0.6206441001371459,0.5704918555831444,0.4107238264071097,0.6285673802650212,0.5774659131074169,0.6197562266775063,0.5895980657409203,0.5053791413568932,0.6020828831214488,0.4580404958210902,0.4227198795887008,0.5278903840704258,0.6167999193959612,0.6510491692190884,0.7049048573840699,0.684556242134901,0.5348209522032555,0.6649366906233033,0.5876028015691204,0.3042725853674382,0.3243022164874313,0.19295940130671269,0.5255071268353995,0.4271290533973066,0.7008875957190374,0.7196634683636595,0.6203255898952599,0.4815609422052302,0.5529927718178945,0.5191793215848165,0.5707346066449901,0.5276762836427717,0.5266224292249181,0.4192750918746707,0.30533053064880994,0.5734103064439869,0.6590250795888329,0.6067538235322707,0.5603748125766,0.6693873323913789,0.7193543607231669,0.554303895820706,0.6576417620840133,0.41985382600921456,0.6914693523234723,0.3743913689929382,0.4546567214038275,0.7010431452963439,0.3477067457486083,0.6923090853042854,0.3673060137648593,0.7203980829159914,0.38858034473353825,0.6297703796264582,0.558879826698702,0.7224016246458171,0.6468903346606587,0.5253000712691785,0.6841013449978703,0.5789055936029576,0.7054644653557872,0.6376231298012982,0.600441041921939,0.5604043696814245,0.6765481599159389,0.7402701210063953,0.6479234774389524,0.7095534721386936,0.48699801039089047,0.6866998996362655,0.6747423250436018,0.9772413453364213,0.2145392118856732,0.3154813487805742,0.5062668819568146,0.3549915089530698,0.7186645260983697,0.6274206872858277,0.7129697436329956,0.5904077141893579,0.6907791272048984,0.47478426543847013,0.6134891300413761,0.4373418803135383,0.6526029647742739,0.13690876131695381,0.3389756841480451,0.37164211773688716,1.0,0.5913146216119625,0.7209423646958127,0.7023984690572562,0.6801988429760422,0.6926514358847157,0.4219151363900563,0.4775731755327348,0.6989232604738984,0.6780531894296746,0.5468968948595767,0.6305524191100303,0.6366430205401381,0.7439595461153844,0.6979404630455521,0.7114737359007022,0.6087853462196152,0.6626874185808159,0.7496888948876382,0.7330596024977853,0.6696945763856897,0.6516157083214441,0.5661791784061964,0.8003788774752227,0.6809964770686423,0.6585235856879718,0.5218885745899249,0.543032370378697,0.5241029657019664,0.6060138660214711,0.6078897191778214,0.6119433960216638,0.29178666246462587,0.5947859885043325,0.6417702090967721,0.5699229996462529,0.3080440053501187,0.38983183160402296,0.43448596140051476,0.6764084623795665,0.49158680588206094,0.31079873997260415,0.6027321724704343,0.5549724283102072,0.7258480448787498,0.6117769349929792
USMV,0.596260581131095,0.4847656689103924,0.4334479972906724,0.4657888621503998,0.4680941531202264,0.449887572354674,0.6064546843481015,0.5501567790009086,0.41210973012476276,0.7340021834256902,0.61153034595253,0.6630972422785583,0.47983454639234474,0.49389966425292,0.38831795125367796,0.25046649772246343,0.21779873043384024,0.16187569259401977,0.49325805963173486,0.5497016411186743,0.8192920745483923,0.7127101047570218,0.838196380432382,0.6854588341148388,0.4461196357891278,0.2114582454416179,0.3594811746995214,0.3438402851751386,0.4085269944400865,0.6122919625297992,0.5910084985535071,0.599521478746315,0.31089233209291395,0.3956814589576391,0.39495697751043496,0.4385496500932107,0.6145571991316701,0.39766160758703634,0.7294187215685514,0.6040441550782292,0.5311495107675307,0.5554736224078276,0.3249515474763526,0.5361147603587246,0.5878514989831511,0.42114972055038163,0.4722379816638309,0.48429710024302636,0.529752074507098,0.5312459319399251,0.35865465916611644,0.619395082173273,0.39116324673528236,0.2751849873174447,0.40245053914310913,0.5420870345428048,0.54470447282587,0.6667367631642145,0.5821471443411785,0.4353953083107446,0.5878708853543062,0.9202770622331145,0.2718910480288812,0.2737057630200747,0.12600408736922925,0.5197381173317649,0.13801698374485938,0.6380791974007282,0.755623680458393,0.6166259388243384,0.2150135084143939,0.6111187083775772,0.3435899760975976,0.4174141376085197,0.540470797676575,0.6539456215289988,0.3958065149160782,0.38914845498759887,0.4552870653620859,0.8700403822399775,0.55830695935045,0.47618511284780507,0.6785940736485804,0.8144898728532101,0.531574778250526,0.654251192106142,0.7251114879127358,0.5690431249110665,0.40659352563622597,0.3222037700690314,0.33234140094310416,0.26757040209333094,0.6909420355376388,0.4544508066556988,0.7709844393009814,0.38959947014680835,0.60351828681457,0.3537207910754512,0.4615950934826777,0.7243795747107434,0.42564316253987333,0.7729107571373114,0.3755651380912406,0.6534410355458982,0.5490348078872456,0.4869331583441728,0.5520165975462146,0.5800794094347326,0.8396202053089713,0.6342497656113247,0.638053685754935,0.19938026255595767,0.579626545427015,0.595766352157526,0.6165508898596416,0.15981896150319255,0.26510422442023013,0.3420897538464429,0.33370109862606057,0.7279110137631193,0.7613607543154342,0.72828482885824,0.24092083192064762,0.32604340725726116,0.30004756839500524,0.5858251224280364,0.34870706265908613,0.6079495456028567,0.10091854378691677,0.3311075770080731,0.26391163442925786,0.5913146216119625,1.0,0.6368764315275014,0.7063389046419829,0.3335979079850331,0.6028067876334534,0.10863093413560067,0.17315960680984938,0.8782262270921649,0.6844558729504703,0.20690551946998129,0.6937750466739583,0.5556156888276182,0.8006562356559587,0.8309756316413414,0.6926682068866037,0.4944500140490272,0.5479115317331833,0.7102178042413367,0.732267752600681,0.8627250778058684,0.5698385869398893,0.44613726345931953,0.4376802808935724,0.5787762182601522,0.6122014512920204,0.5057000503647621,0.5263225186739717,0.47791611697080655,0.5139147904249374,0.691285508275405,0.5957499862289928,0.39562203451288525,0.7499599232567451,0.7020706891977019,0.4823073775307084,0.6772302329439024,0.5801292359168586,0.7401262177852375,0.5916805420269606,0.40927177493310435,0.3584928139534434,0.5669423189321015,0.39960949773120624,0.6109756237980376,0.6715969541889923
VBK,0.707271369490989,0.8111893954750674,0.7792686642043012,0.8495335461803343,0.8624299216423778,0.8069186601947578,0.7374802488256563,0.7000390725643006,0.6816845367195633,0.9235965327273389,0.845666974742289,0.751516466039739,0.6409032660835668,0.5951267774292444,0.7431669334220138,0.24658776268893048,0.20081581221164488,0.16079134237030257,0.8268051263751615,0.7084960056126515,0.8130568212742205,0.6107774048383697,0.7355577491064205,0.8588507061083052,0.5654713045653331,0.20306090226064927,0.45628556283546584,0.5129019358799168,0.6189791609879896,0.48458343901386575,0.7632425271753609,0.6533837560633918,0.36945647300466883,0.6127150983415,0.6890026373207386,0.5419993430430543,0.736196585247959,0.6721472758977317,0.8828650288105334,0.7086303580754677,0.6780989646153741,0.6612806367557956,0.445321807509155,0.6223917253396367,0.5231314642444612,0.4578911399312456,0.7319645129795744,0.5466077805039873,0.6272016399211918,0.6129542676582571,0.6596422430095782,0.5983913987839975,0.49756087153531725,0.5617532203453691,0.5516557015840355,0.7750258681254164,0.6901489172321879,0.9153116882600392,0.7281047047783813,0.6176363225967099,0.7140807848416455,0.6185483166994047,0.34894686878241915,0.37685510795468335,0.1845516138520065,0.6217542647557748,0.09263658594116948,0.7403192777171685,0.8840860635336563,0.7480000389981248,0.20630688681961912,0.6806508508263632,0.6197346753698756,0.8418661286522608,0.6899472971524955,0.5528878623360945,0.4626175690902328,0.3474629121115535,0.766915001690437,0.7530811800749886,0.7870697033194682,0.7165453731338752,0.9045732511574708,0.8855048899966109,0.68066277559759,0.8227619714199709,0.46500921092348924,0.9507144199921994,0.45387070170015487,0.5943525353648214,0.36094219356626556,0.39017200368367944,0.8424985959169512,0.4022714023362283,0.8168097294019041,0.5346663965573116,0.866171386961123,0.7852942384247099,0.5928554389000066,0.7743229850989201,0.6506465483379559,0.8272422979439908,0.799159991460821,0.9479691593129072,0.8086178890819278,0.8178798119369758,0.7284422880480351,0.6604272157953595,0.8826420167086753,0.8466250234925484,0.961502888035441,0.152168941930168,0.7160291209324595,0.6892464510257675,0.7459091102936456,0.2771046876512428,0.39559230689495417,0.7219978835903218,0.3962429028269605,0.8709866853856347,0.641028922823177,0.8656909034902945,0.22633907039808568,0.34169670146765885,0.5910622448964657,0.8096735801456866,0.46225427919474144,0.7858780535754831,0.20759848228515887,0.42191648542987775,0.536431473326235,0.7209423646958127,0.6368764315275014,1.0,0.8892528997524158,0.36158473480039777,0.7581565566915491,0.06276636956359853,0.14541350078899243,0.8243722446605464,0.7083288745533288,0.19678902540864945,0.6150409352134598,0.6130230453619088,0.9272308062825028,0.8152360986199528,0.9408823312759167,0.7084577931441031,0.749786110216586,0.8947201804149861,0.9043133818277574,0.8001756079942942,0.8017948940461006,0.6677000635492657,0.5257270092070119,0.7607697136102218,0.6757607590147071,0.6885044488676872,0.7662005082319215,0.68592108783566,0.7166892719200082,0.7403243672411102,0.6536790942524562,0.35039338760820093,0.692920863015381,0.8433901921426442,0.7731363740185792,0.22055398029405437,0.3390186572752198,0.4563179988756583,0.7878584324418637,0.7234299526477657,0.4143462367135887,0.7715206640119533,0.6825228000651353,0.8937883594908446,0.7311219442091881
VBR,0.6925389327641892,0.6485326197990054,0.6554487609301064,0.6818802846325437,0.6954827365153752,0.6263840205534652,0.7176831375750636,0.686118522054922,0.5624703900247575,0.9001780894022485,0.9650166447924197,0.7565940498049388,0.5886608300454784,0.6057835062282659,0.5869577172491708,0.23917588951356336,0.17971054027005973,0.13038983856765216,0.6784560533721574,0.561428865674047,0.8478051657809177,0.8020698827319849,0.8049603809262402,0.7634434643127526,0.5498074071553078,0.1858281911400701,0.4157855190370411,0.4922154071360754,0.5064105322743115,0.5255760161434054,0.6791339078767236,0.6878501364126536,0.3496367547804113,0.5260965138128871,0.5527428894269751,0.5303123047395969,0.7027695659363364,0.5523126406353851,0.7999248627049371,0.6923359000882447,0.6427855861343261,0.6251953805646907,0.4259306714243128,0.6308037258956485,0.550087843765552,0.4318409190592628,0.6274659951727771,0.5569466845730422,0.6305925441718173,0.5780745061861237,0.5233556931462304,0.6424378821409588,0.4795514936370724,0.41235634337428884,0.5032878748207292,0.6184712508747512,0.6534374306126938,0.9833954012918517,0.7039216860392074,0.5604431463653763,0.7039305203913232,0.7515970942786245,0.25689452074032587,0.2796186757640223,0.10195249523513905,0.6707086385830842,0.07990370788857205,0.7231319971370322,0.8187693085028497,0.7289981231391421,0.194262332904281,0.6332718600750212,0.5099786221071008,0.651122336440164,0.5223200519974577,0.5720761423039546,0.4360286368686896,0.46077178229179905,0.5718827975462313,0.795080953340749,0.6278648154378516,0.744228021916964,0.7844968772100445,0.8319754495931057,0.8604696148218438,0.8552998914397757,0.6488287580423014,0.8244344365219497,0.45055275698635766,0.5219894367719258,0.3459261332639107,0.3516139152794027,0.7420644127995113,0.48773205717860957,0.8519801157056824,0.6110403372911902,0.8904536276553964,0.6630264740194811,0.6276169502343899,0.8657470702662204,0.6214392093926627,0.923519077649845,0.6677366867522473,0.829871806922959,0.6353420791306298,0.6276410066191247,0.5980763417382322,0.7642842106843717,0.9478864673411082,0.8322856417320474,0.9515234495929684,0.143161112856972,0.6975868729162155,0.7585675746663426,0.7258612457931882,0.18695962338967537,0.30299393688341625,0.537331206188546,0.36584861312846667,0.7937857021558632,0.8459949857275976,0.7854191050473459,0.21083850522581,0.32985638400608336,0.513656933916218,0.6879993884384633,0.398062643701719,0.6510024090535413,0.19510421663498645,0.3881751218183333,0.385102929942168,0.7023984690572562,0.7063389046419829,0.8892528997524158,1.0,0.3520272656151878,0.7102845208221191,0.03549103999835,0.1396539769997208,0.8542912186406628,0.693634959283665,0.17507036703640938,0.7259218535046141,0.6309508635537179,0.928755790660664,0.9380162879910727,0.8265912881562854,0.6202618465695197,0.6728667611351524,0.8213386258653359,0.8316275710707686,0.8965719603813501,0.6388490807428412,0.5809149931644086,0.5003676205242952,0.6986672946582007,0.6995039443619739,0.5715985289184174,0.677518153076205,0.5873030787144337,0.803492070299456,0.830827043929139,0.6092280953878083,0.47652978858917006,0.8107942063715706,0.856729791969797,0.5800475725769334,0.3853530078615895,0.4205783357684764,0.5293538724015501,0.7401206005790651,0.6704147191799164,0.5112545226682199,0.8431979621823787,0.5564209351204158,0.758562696310187,0.6802780228568784
VCLT,0.7076893201716363,0.281481907273228,0.3463838521872261,0.3125139054803353,0.28624381902302626,0.2597866923949286,0.383589608487078,0.3385103003187033,0.31223276024927227,0.32868558948516147,0.28552606938353364,0.34174453924352644,0.30465655369866346,0.2719146747159267,0.22638023877471458,0.9735530426359679,0.9163193592694633,0.7244804872773641,0.31536003613633895,0.21704281587410656,0.33695992296992583,0.3359972141107956,0.2952620503202037,0.3290561157160399,0.34833667604449564,0.9107791495868698,0.6192793784996486,0.26247426582142214,0.3181913305365236,0.42533305154043377,0.40078365168268376,0.3706658327266114,0.239617001519088,0.24804081955413249,0.31331665154959376,0.31361378257997796,0.40284475244381857,0.3099244356443839,0.33979961035939343,0.4057481900377655,0.3444255747097169,0.3897236631550879,0.20388355858535032,0.3330000027663655,0.41727548963039807,0.26955205523202264,0.3282633863333052,0.35986370134288326,0.3742524129039232,0.3466530269849002,0.28621355880172555,0.3611412345112412,0.2829960664040385,0.26410965031130723,0.3502660420296932,0.26400480128325676,0.3716169287888908,0.3582984424904769,0.4168725621864532,0.3099866685060154,0.37959827451628236,0.31662023922500193,0.24635342294957022,0.24618545704391953,0.19972444738806966,0.23310603400462343,0.8188641053347101,0.4048384529162632,0.3369545280429388,0.27000857924539895,0.7009107446498889,0.3546241352363285,0.35276908149520214,0.28094147360761035,0.23193511762424374,0.29385242932729533,0.22369861334757107,0.035309285616814,0.25762457132235167,0.3310246219681322,0.2665141478396013,0.29751526408707096,0.3009254585435819,0.3605345032331897,0.21749141788363116,0.2951146328543266,0.1509880447706814,0.3425309333698642,0.16618600614382548,0.25448330534119634,0.9854188694033311,0.16894761656058244,0.31626829139921997,0.11034285897668962,0.39014786204556845,0.06453107682105332,0.2836866658313484,0.30371747239527935,0.5334146093580523,0.3697959388994613,0.2632582214102944,0.31227668560649946,0.31620536326967136,0.34844963258131456,0.2900692201053266,0.2575792704741075,0.2410396665745442,0.47442958161165627,0.3804016850468831,0.2849285370461214,0.3528102459484741,0.8055795015750071,0.40724816970222805,0.4131023917399311,0.653996631102923,0.14424419090450688,0.21559907719351276,0.20786187267886427,0.17211683155404134,0.337841845830273,0.37055015126610585,0.33597087827067174,0.7718901447065933,0.9718666288832106,0.31160085596515763,0.2924549466248437,0.32945103627018957,0.2916541316714751,0.06180025095582888,0.16236999384002956,0.1551982658042106,0.6801988429760422,0.3335979079850331,0.36158473480039777,0.3520272656151878,1.0,0.4013103483051324,0.7803456155648023,0.926905757214637,0.3551381052851631,0.41588576714308134,0.8510207347220136,0.4659944187855077,0.4605142349423124,0.3671583438635343,0.3613924684166498,0.33307481651172677,0.3493642914817844,0.3894434954594475,0.37721594358556015,0.34460534915030366,0.32663815437994337,0.29153820841246664,0.31012974579855956,0.8396841657854579,0.39137999272549134,0.3789503060249404,0.23955486652279098,0.251762453919519,0.3136463013489118,0.4473054050795474,0.32812054799179147,0.28678683512145425,0.016246507418534274,0.22415173119419637,0.28297418722225265,0.2435192712563172,0.24208364595049628,0.31811899823742446,0.28345783101792726,0.35975979987833057,0.2093614835062605,0.009088516096796628,0.33144324968139594,0.3127551794799157,0.3738997610980347,0.2511947426462162
VEA,0.6902666930131985,0.6012862954842052,0.563732282616806,0.6199555827730052,0.6878162139389318,0.5919097824316256,0.9822822251560512,0.9311791807007765,0.8479868669495001,0.7896764167184693,0.6537394585640558,0.8132989245354393,0.8505208704863484,0.5716302693467865,0.5780849614404582,0.30759496564758865,0.29231867879554235,0.24372306017799464,0.7961031793258538,0.5261948206889995,0.7301395124874509,0.5611765039851192,0.6975668056196404,0.7554045971039358,0.7539812235999366,0.29117525440035386,0.6936957712626934,0.6352319833971651,0.8165400511293255,0.8217948661244319,0.9663734271705,0.9457730418555422,0.4643986896505833,0.5789965924322801,0.8379717677104626,0.7127845796921631,0.9872185586490573,0.8364972505602312,0.7721360240455135,0.8742678030492532,0.8646770974052125,0.895281480860814,0.5828812171070574,0.8732243993945981,0.7936961778278931,0.5784111975878816,0.8672066906883469,0.8214667516918555,0.8837153123379476,0.7622642162207475,0.7518305157474379,0.868409627216389,0.6329627143124075,0.7189122931136884,0.7371369809578577,0.5787714864917562,0.9245310822533623,0.7234165838088924,0.9575337132241618,0.7955023228527291,0.9801367226142488,0.581679007033216,0.5311380116658628,0.5505946953185593,0.37721574475534464,0.7432615230644145,0.1930075157329473,0.9779277022796928,0.7676113038396725,0.8732821752902576,0.29500030212361317,0.5789264694093985,0.6518954884171198,0.6932351204346838,0.48712192756958417,0.4875221839554596,0.5570158332910439,0.34781604907425256,0.714198200376753,0.6987366087004049,0.702536058121821,0.6120599525577234,0.7767231194392824,0.7756222480562298,0.5035518733798937,0.644247232470865,0.3933253530726162,0.7636038126280272,0.4714276657747279,0.6316867490912066,0.4181793303493494,0.5328352870041185,0.750552275599506,0.3217941168032578,0.6933220865052382,0.4652199764465835,0.7112897580960545,0.6265993285657999,0.57389839120857,0.6458229903653716,0.8047765098290103,0.6845110660535412,0.655308845800954,0.7739580686783727,0.7094724684390095,0.6873658850566493,0.6652538585828764,0.6058443261809424,0.7587474844111257,0.7009533760161414,0.747070896385615,0.23526602267323757,0.9484041804827635,0.775950150790446,0.7106159410959451,0.4322113808314366,0.5435146946525756,0.653272698898116,0.4667823001456992,0.7702936501319622,0.5741186494787365,0.7663651209749222,0.33222118263567973,0.4053019686287291,0.5594986420628665,0.7029247744522515,0.6021233551952504,0.6810484403975379,0.22373647982525652,0.45158339313864543,0.5574094580212811,0.6926514358847157,0.6028067876334534,0.7581565566915491,0.7102845208221191,0.4013103483051324,1.0,0.17621075529393032,0.2176957180071483,0.7436434282006662,0.9289944398273705,0.29387333065729526,0.549082199323628,0.820431907278514,0.7731783784857189,0.7094775503113442,0.7555079049282695,0.9308971729681297,0.9708635229322897,0.9053938523832827,0.7827682118848486,0.7352969914832832,0.6882296745971919,0.8257026020856891,0.5891204007037775,0.9860878119381189,0.949383944227646,0.42560950526450625,0.6328918403076472,0.5274588451013185,0.6087183006788847,0.7320024763309153,0.5716668541940355,0.286842125705363,0.5856673537937793,0.7314158368627955,0.6708607215763184,0.3128866844784675,0.3633774543111938,0.45592792958346195,0.6546956863250049,0.6708265328714518,0.2783095212289083,0.5737801302717827,0.8352680777745959,0.8364246379615263,0.684297206401437
VGIT,0.45855847776694003,0.04300524689889718,0.15344355387610198,0.06787912328338827,0.036507753379939514,0.02171763682770606,0.1633919405367577,0.14120170005981167,0.1277094945031321,-0.014374055434632023,-0.020235807521019857,0.12182506600110889,0.1134402405258328,-0.0648224039666243,0.019958267793056858,0.8464430542184599,0.9554874390516773,0.8142681791416706,0.05372720791902545,-0.006140879473386173,0.028668595226152567,0.10237268398413728,-0.006594925767649753,0.014609175877152235,0.1606121100332922,0.9458775482858972,0.5703036752771669,0.1283077677006915,0.17628788461182388,0.3152232012817254,0.17604611170289441,0.1495571338943912,0.14245818992554263,0.0743672632875697,0.13508808083524323,0.13249472996243314,0.17125294037540667,0.13016881063188038,0.012110545968397375,0.2027892422815605,0.1658144020168033,0.17329242823154734,0.08268298950137412,0.10528419258391461,0.27194328628737185,0.16136930313817302,0.09255616369549018,0.15253776138202993,0.15631220255908876,0.1435861389463245,0.0905122212608811,0.16884788279661372,0.10308064112983456,0.1355275364687276,0.2391913682310083,0.009720662892861977,0.13326238082028152,0.05755016449429814,0.21790559843169485,0.12085297996234122,0.1514455201559405,0.06631070108910951,0.2786650556995914,0.2665916150081045,0.28244494616055815,0.01136419327548071,0.9271960898662026,0.16142682065200126,0.008397373142203736,-0.05563319171062146,0.6535648247561912,0.15986425892208106,0.1977861890285796,0.05080365367276343,-0.0012925682311247207,0.11763680533832357,0.08652203799645855,-0.1738030598728883,0.0016661539077851297,0.03096793004051777,-0.021225423435793235,0.00467273817352773,-0.008297606117301357,0.039478022135684854,-0.06110939364848593,-0.007008440104913451,-0.08355113382997177,0.06504580071158865,0.006568470462286549,0.06789497685756378,0.8404172637434507,0.050944106177561795,-0.002453638278458049,-0.0853590612458555,0.08969057318962757,-0.17401245486835495,-0.009575819917837727,0.08161626001006407,0.2377313449545122,0.11915779130520862,0.07043028419188051,-0.012388272175672597,0.08502386999643717,0.05222436828269008,0.007219163765271792,-0.0070746156948404484,-0.045062414482977986,0.24610314964749716,0.05644710054788995,-0.04387513895953484,0.05383254285590824,0.8733489005995618,0.21402101224364908,0.1760246562202264,0.3685131892829106,0.16329762741396686,0.21510228643439583,-0.029560967267303378,0.06995666584821718,0.005187780237409178,0.11543583652476005,0.016883031730741016,0.8938101767892056,0.856642031422999,0.14356668205881443,0.01796928445650067,0.19781672738790526,0.0029557456778371858,-0.010918772155203496,0.026188651541187453,0.032811101403297446,0.4219151363900563,0.10863093413560067,0.06276636956359853,0.03549103999835,0.7803456155648023,0.17621075529393032,1.0,0.8688476631397236,0.04085108187687619,0.2082535637733813,0.9309788552126763,0.2796046430651363,0.32219631150675404,0.04930411706275687,0.05753147110894756,0.03180404266838967,0.1635088904236844,0.17352894803164667,0.07263078042617369,0.011494239594719078,0.02027611988784355,0.001466697263687855,0.11781305261384015,0.6888192915847389,0.16558148501372508,0.15672792466173288,0.0295079370743133,0.03060528383068342,0.14847644097436527,0.23625525094337044,0.06342701708642401,0.042336522987592766,-0.2009233630113628,-0.08887429466375389,-0.004605221661575841,-0.020129268452653573,0.13345092958328106,0.2168218913164465,0.12442331561432712,0.06521132931153982,0.01208624238833354,-0.2191099824921013,0.07632053265747765,0.1290275665380343,0.10292926421890322,-0.07096776109244726
VGLT,0.518881128704383,0.09806084497059067,0.19940713350979355,0.12408960545941655,0.0933224187301291,0.07131331234165413,0.1994700345350216,0.16644885574889606,0.14990182125327062,0.08873045412245004,0.07434949678920756,0.16665197960650693,0.14684031508951043,0.06842037563537355,0.06002497311059827,0.9826476281934243,0.949971850800087,0.789371052468126,0.12053655518755135,0.047616617041595526,0.12259062300523371,0.17838195309660257,0.09046959384136521,0.10487480976598239,0.1964584061277647,0.9449885650363463,0.5413845698861502,0.15531706286385524,0.17695960311642012,0.3030751375935613,0.22012272875895608,0.19263440618964264,0.1383596237636732,0.11454571861355671,0.16070769274998886,0.16969861299955308,0.21753103593871975,0.15392796928569097,0.10712796819816935,0.23531755458581846,0.18722081564415735,0.22029301636909948,0.09275459464537204,0.1592392059615413,0.2930590576052305,0.14985380666767908,0.145564543411986,0.20274725877025263,0.2036456339778963,0.1690407310095809,0.12988283941055556,0.20328508239107745,0.1554790507752362,0.15156503019770212,0.23448737831229272,0.0684552071308923,0.18761203696066397,0.14707977325256022,0.24394547465532493,0.14705198962462795,0.19773182199699044,0.14474455596731547,0.19745596024889894,0.18836788680608457,0.18504430819107914,0.06587307684967007,0.9004412229436575,0.21301627122083572,0.1043353054725352,0.060038070138659,0.709007353813898,0.20260612096180886,0.2310611294969007,0.11080981864785916,0.058689039121139534,0.15470564612040794,0.10527953667229568,-0.10411167067506227,0.0658588694859629,0.12660411188471346,0.05864236574794683,0.1146469612753079,0.08355555478253898,0.13583607304844544,0.037816863023616754,0.08825958468692882,0.010723288018063605,0.1350387400791422,0.03692736515266774,0.12119390047136458,0.918060987337353,0.058492644299380496,0.08735754237272379,-0.025447126283839633,0.18233365790744532,-0.10238903180761824,0.0857614967564252,0.14261681447651253,0.38446360498947013,0.19302943506722842,0.10833224278926193,0.095735645095555,0.14884032943571784,0.1325282478731378,0.07918567996456632,0.05527459822611526,0.04139701979328788,0.32298721317709517,0.16121392605663093,0.06397475429032194,0.13826486783782002,0.848738510853067,0.23922231845682826,0.23573914681083685,0.4380632447507111,0.10511651133819506,0.15442080131416333,0.03201730792088722,0.06865617722289293,0.1026703209569939,0.21003926812783985,0.10668529002279964,0.7415866495948975,0.9131793474507462,0.19142497723801077,0.08962553038430399,0.2144589494324324,0.07936107981624659,0.01356175433109654,0.04080331316873867,0.02403058016921708,0.4775731755327348,0.17315960680984938,0.14541350078899243,0.1396539769997208,0.926905757214637,0.2176957180071483,0.8688476631397236,1.0,0.13669073853677796,0.24425608120446,0.8913686996094189,0.3432366422004851,0.3307082614083365,0.1475643786962939,0.1629390531094839,0.1145260307108732,0.188483267610584,0.21245538448016826,0.15003106487309065,0.10865990293330224,0.12033381769688462,0.07683982558377998,0.14247837348197942,0.7473803844768413,0.20483278653164816,0.1962746051850545,0.08330819993423633,0.0863043172867556,0.17613401455889266,0.3093591183394381,0.15130970102492017,0.09844642820637432,-0.12064024447916906,0.02736133331697419,0.08280529156801572,0.04601422223250708,0.16867153637617624,0.256187933063934,0.16868613611012973,0.15361987412556016,0.051292661258316656,-0.14275541539667017,0.15064119901219883,0.1562011954791565,0.1639470012604632,0.036219004505630384
VIG,0.7023998102600276,0.6363432134274463,0.5634443618359736,0.644254916757329,0.6874674538764116,0.6205741834306827,0.7367708143996077,0.6772135996485178,0.5897974541292161,0.9239459682458865,0.7816804123056897,0.7545061804574423,0.6212329184951384,0.619249282099636,0.5693869279862983,0.23910800875259183,0.1829514888454775,0.13884835597645395,0.7035182131744556,0.6311222419988908,0.939240764722724,0.7054504801396859,0.9196019854343542,0.8645825411728653,0.548700369654819,0.1828276707950021,0.4167834086830341,0.44947349968077577,0.549808483823658,0.5828462823264192,0.7408410061096444,0.6981614388906381,0.37286562623128516,0.539510462506091,0.5832532374061669,0.5416366309452852,0.7441151843488192,0.5760801234375411,0.9081605561474256,0.7149880029073131,0.657462297251104,0.6617565697170782,0.4272347253418269,0.6446902686799977,0.6119390625144884,0.4820439557793178,0.6697421411436053,0.5771665190809948,0.6447617544851222,0.6186959332091309,0.5641069695897685,0.6776074115900516,0.4731304200773364,0.4406981063013759,0.5101464670249816,0.6778414916928676,0.6891554251965215,0.8325149109524147,0.7054126392906445,0.5776323562775091,0.7170673478666086,0.8708450789454902,0.2969215321929872,0.30978294080350044,0.13417048113358607,0.626574644368283,0.08486651156711929,0.7610260278670037,0.9216441995993288,0.7766899034755814,0.1991532078357024,0.6540321059025463,0.4847368173711237,0.6319380695920623,0.6181775416951277,0.653249725459991,0.4783094940856595,0.42014199534295776,0.6960467281481819,0.9255357038482676,0.7641347583462859,0.6451150241020529,0.8662739685510977,0.9355922203670369,0.6668708531328833,0.7971665544787911,0.6430626700500663,0.7722100019686087,0.482632577000515,0.48031949723979717,0.3482649393928618,0.35727639537315553,0.8794696815762822,0.4625969832103343,0.8680068475678251,0.5188877285819388,0.8153123338625674,0.5606424213715979,0.5610461743285152,0.8163355250368531,0.5872287957012118,0.8800958218696776,0.598338864076383,0.828496618328746,0.7652051147020505,0.7059930708103205,0.7265259811741891,0.6532172842222859,0.9398806152186941,0.7927518624306011,0.8245694731105406,0.14854924167150743,0.6977514139896811,0.6829971903415465,0.7338779146152935,0.21743786617831298,0.32265649494336035,0.6122557846892865,0.40709292720626805,0.9093848631858591,0.7597641969944806,0.9057111470774866,0.21311670307318017,0.33606082786314245,0.44472215788540964,0.7978861173952954,0.4427093983520512,0.7969127392100793,0.18757077532626643,0.42600929538779714,0.4111863251599266,0.6989232604738984,0.8782262270921649,0.8243722446605464,0.8542912186406628,0.3551381052851631,0.7436434282006662,0.04085108187687619,0.13669073853677796,1.0,0.7584264160239919,0.16979141710439982,0.6757440623427361,0.6152842576862558,0.9221438257393266,0.8962277125134567,0.8567405717713218,0.6516349497158966,0.7053222595486378,0.8921434368805256,0.915809289572559,0.9454191214314228,0.7729490547302791,0.6087398206189637,0.5051052434740017,0.7308391287275515,0.7167611950321708,0.5555692090264888,0.6675792075272499,0.550154168461023,0.6675791189783201,0.8010169229963675,0.682587222025212,0.42549581668612146,0.8299239308041896,0.8678473689842758,0.7124976937547544,0.5268031903080826,0.47983535988546233,0.6767353503551925,0.7608302285289178,0.5906225643244694,0.422518029619053,0.7041442703924584,0.5809841335167119,0.7997220590194295,0.8081847576818765
VIGI,0.6753085712349293,0.5787928565382068,0.5570972713097764,0.5822229870364555,0.6135236562459071,0.5500871204352951,0.9301673864168775,0.8576917087843042,0.7104660529658205,0.7452776240313129,0.6236895440533582,0.8071873827937927,0.808291393185674,0.5447807529269372,0.5196104192934612,0.32894396891299016,0.31650390830146324,0.27066166110326345,0.7275535051758732,0.5282072777521624,0.7393691899104105,0.5906537583802278,0.7191630870781125,0.7208224859865373,0.6772866962163532,0.3131807503067843,0.6459305743200371,0.5510482119159512,0.6915282051995418,0.8709586814191945,0.9296138611507041,0.9051120604723749,0.4555634926339894,0.5138302776885194,0.6834365130947472,0.6548008739930845,0.9485105074446669,0.7007367379592306,0.7396955830969976,0.8330420748497592,0.826576728082811,0.8578999510125386,0.5412111599450695,0.8152120654952104,0.8445862127741062,0.551463442405728,0.7775172108404076,0.7572012129893338,0.8441939404547342,0.7326236576388211,0.6333198885235866,0.8572648589820397,0.5818326907667486,0.5303015893837778,0.6637070757098653,0.5687015884741964,0.8670306991403262,0.6943621812469659,0.8990034589067466,0.7102675800388688,0.9027347648474549,0.6705608814034043,0.4734252219760778,0.4900274413689272,0.31530588637417317,0.6712681279956094,0.22340670012210026,0.9460215693887998,0.7433460378726838,0.8383581511249385,0.3192813279576326,0.619596383277234,0.5501174449783031,0.5727302562148942,0.5125785261615988,0.5587836303860539,0.5597086960194622,0.3234556039975293,0.6073697597507051,0.7349714831857933,0.6366946329809239,0.5694289170976781,0.7093615426800475,0.7554043701302573,0.4905104797453438,0.6386538530560333,0.4657800740312683,0.6897374941958541,0.43942203707233934,0.5363794606212269,0.4314487817865119,0.48412175013457176,0.7132643974572405,0.326687419521104,0.7204158338383229,0.40777906732898583,0.6574865409013797,0.5345228169163188,0.5459724675558462,0.6697511315055372,0.6891639810739776,0.6894664350474324,0.5474596352446094,0.7274289664724133,0.6352896434342409,0.5963940767153035,0.607774001771278,0.6013986779976382,0.7617201709452015,0.6676785176378386,0.6912076886981193,0.2565205323386626,0.9058305287662607,0.7400291395557835,0.6959976941730182,0.3560666865029975,0.4779810516523848,0.5330594836446677,0.4549690909236232,0.7356640459526786,0.6141034144921107,0.7364734433143805,0.35070273807488717,0.42103101585241515,0.479280158310035,0.6418769829916904,0.5448165441242737,0.6525420976127771,0.18865516332249604,0.4150058940721867,0.4645312745699323,0.6780531894296746,0.6844558729504703,0.7083288745533288,0.693634959283665,0.41588576714308134,0.9289944398273705,0.2082535637733813,0.24425608120446,0.7584264160239919,1.0,0.31473998193075803,0.6023885776232367,0.8009419316346973,0.7542378907197745,0.7195326191733327,0.711688640211312,0.8211028743533719,0.8905055893733956,0.8512565555485736,0.7478533682139297,0.7360528677829888,0.645065903612093,0.7358049015136889,0.5789507969123646,0.9073856989637514,0.9039259024863396,0.467475375402625,0.5840526534746489,0.5367796104427428,0.5991070091418987,0.7090592017762496,0.5875399682748471,0.2726468606187337,0.612586698726041,0.6956933816823351,0.5795180677686311,0.4208064011229125,0.39799012051273697,0.5721712963266214,0.6407880374060695,0.5697798845385363,0.2569717964414421,0.5680907243306376,0.699945031506022,0.7784263485332356,0.6597364194065141
VMBS,0.575847476683306,0.160769311115197,0.23717743926774273,0.1818685700762998,0.15097652259402689,0.13786464240191418,0.2770527581903282,0.246460719007964,0.22768608204720375,0.13372080598333663,0.11102148629088314,0.23281226954099182,0.21494435354053398,0.0807886690927343,0.11455866164517921,0.8876928294675278,0.9655235073357483,0.7908641788549822,0.17739154726354625,0.09332762063002933,0.15651738927624528,0.20731197649852798,0.11425375042595518,0.15326200035332405,0.26182343392977614,0.9562465911937457,0.6253747241132994,0.21556117927212934,0.2582557709475486,0.3858103120148049,0.29017229329939476,0.2623948217642319,0.18835645940788476,0.1528749323131538,0.22986020570339055,0.22326233668443732,0.28928717555329664,0.22922878899399904,0.15394574596896946,0.31381369018369054,0.26302155030371044,0.28053266425177525,0.15702891138905015,0.21655351905460246,0.3445574367946768,0.2180212663822363,0.20979494126341988,0.24726610418867545,0.2608633523329638,0.24924036087702942,0.19014844324240068,0.2694175453011308,0.19737016605512045,0.20960652705371674,0.3124538541071075,0.12957817310463676,0.24809506299880132,0.19117466522237997,0.3259106960609135,0.21873224003497932,0.2691113489124813,0.168259311781141,0.2872066976294307,0.2813102422992713,0.26383053758214753,0.11774005867406895,0.8972593597954189,0.2824799118801909,0.14929207775050318,0.09354613225838752,0.692399769719627,0.24134257043169347,0.2794859248606863,0.16271090670255017,0.10812222650476086,0.1880647581152319,0.13819838396941256,-0.09397138191432652,0.11874809795025515,0.1595197085490025,0.10781872984827247,0.12308347843203389,0.12582194287405776,0.1801216198645076,0.06920596253801763,0.13276559925951123,0.021801030971245416,0.19091024563097048,0.07295883420156683,0.17161060218128565,0.8912923839612037,0.12229654922773131,0.13547367372010222,-0.0022006469034500605,0.22025413542175917,-0.08606661314206779,0.11701911720262982,0.18829749239878896,0.38596307776918287,0.23186993151418112,0.17181962339577483,0.12507594594112362,0.1953586190974361,0.18172682643871918,0.13318414464908365,0.11321927520908197,0.07877407071529234,0.3776494729898655,0.19765570944452932,0.10576047975808589,0.1887229548579515,0.857080386718848,0.32004755302500665,0.29710851761665164,0.49811676059963,0.1763275617472188,0.2367345477972908,0.0741548583615941,0.11381384552206841,0.1481966396251463,0.2297144625199228,0.15570312969785724,0.8628534323064343,0.8976230621698873,0.23183714406244588,0.1355090763512261,0.2605204583528605,0.13100115545926266,0.03248424923737752,0.08046547323006666,0.09250788336332474,0.5468968948595767,0.20690551946998129,0.19678902540864945,0.17507036703640938,0.8510207347220136,0.29387333065729526,0.9309788552126763,0.8913686996094189,0.16979141710439982,0.31473998193075803,1.0,0.3664817979740197,0.4014809187601533,0.19094284382902257,0.19355556699667872,0.16468250437564697,0.2696356006326146,0.28744834706168537,0.21341020654994625,0.15662899214729034,0.150688328110095,0.13010830346533878,0.22025150631742654,0.7768668442613524,0.2829758804794175,0.27239440285957717,0.1326204229394403,0.12432224522395487,0.22609832478794634,0.3350139907868947,0.18551441287432016,0.15542818150462887,-0.12189901730697615,0.05004301085962653,0.11632261259762103,0.09879773832442033,0.1717985173558058,0.267561192492562,0.1804891821382283,0.19070718639829923,0.10115605640297573,-0.13612175486087089,0.1829232428347294,0.2280424032418828,0.23479083098569786,0.06873083662802107
VNQ,0.6372580079313881,0.45557797610000533,0.4817840217694538,0.4655381246976625,0.42397212778680576,0.4229117680925052,0.5655081348118218,0.535056847106116,0.3715302136125337,0.608386081035987,0.622459025337026,0.6176316295587889,0.40601973880437786,0.4294609247919336,0.3683130223548772,0.4061190189124309,0.3837229705628819,0.3028692860129751,0.42616368443844466,0.3506464972557053,0.623937429193732,0.7777372178918917,0.6297284691629886,0.5315337278513947,0.441188339985636,0.38518334112196095,0.43749312584635924,0.36586700320460563,0.3570831674431795,0.566742086469928,0.5132429799922361,0.567703775717986,0.34323344546454715,0.358793853453613,0.3405830009742559,0.39160135008595637,0.5555189460893182,0.36475230661256824,0.5649429869216581,0.5889656513387898,0.524512812071397,0.49775896724418917,0.33875846487707695,0.5038681921506185,0.55002107023669,0.36621768087694995,0.42341088942284566,0.4842218438743919,0.5079087128734056,0.4759951852460426,0.30491674642186356,0.5618470830846792,0.35881393548235135,0.24360733201288898,0.40009514592361684,0.411623710802797,0.49489871417714126,0.7025691328380534,0.5772296797659277,0.41416287794275175,0.5373893156817253,0.6890172954087406,0.265535376555928,0.26098415197194275,0.1304740416642809,0.4797484039481602,0.3130636587299563,0.5740171421224566,0.5804626625902553,0.4954037543758913,0.36874322277287114,0.5384832872647998,0.4280239819137616,0.39901893060393034,0.3416011239562718,0.5614388160104693,0.3352780725304392,0.3023419518136736,0.3042265648854884,0.6855716992379742,0.38666321636877987,0.47934902365870646,0.5143934774493025,0.6127000381827671,0.5759531010445448,0.5975721878094544,0.5350633248048482,0.5453743282083837,0.33643475162335,0.35886537770099014,0.4726297035669886,0.2716787126466646,0.5047536331636616,0.3900547395213597,0.6873630572275427,0.3258155868314874,0.5748149409290522,0.4442588065872164,0.5267238942099022,0.6917614576936898,0.409045228054072,0.6650741628918573,0.44613536943128657,0.5767353215866499,0.38647022938752623,0.3457389091678389,0.3855063166059772,0.7228901342397324,0.7605617645367059,0.5786073215529868,0.6513777810398573,0.32912579378544077,0.5807330346044314,0.6695480171446982,0.6242988404584191,0.1612339654447114,0.2609498101219992,0.2437721531479259,0.2867968556934188,0.5586753031519612,0.8545260844032685,0.558969981544434,0.36417267128788594,0.4639768736575938,0.40793945913518387,0.43444550114956354,0.33113089237853066,0.4308821610233465,0.1401665526152124,0.2578183323160908,0.18425919882766223,0.6305524191100303,0.6937750466739583,0.6150409352134598,0.7259218535046141,0.4659944187855077,0.549082199323628,0.2796046430651363,0.3432366422004851,0.6757440623427361,0.6023885776232367,0.3664817979740197,1.0,0.6800132515315633,0.7308203566254456,0.7972670966237826,0.5920601509595402,0.4351004407657061,0.5006115117365019,0.5910512991629971,0.5831154276616614,0.721793883507901,0.4084787915491849,0.41169127439883546,0.5342824770567113,0.5281542811638742,0.5758736619151472,0.41040414821772364,0.4405094147991685,0.4844216860894863,0.6281562188529429,0.6475657904599035,0.4722882451782158,0.29711178462520865,0.5918212899179085,0.6060824151219601,0.3096415424307766,0.5480294718694079,0.6144772292157109,0.555603228668182,0.5363872283031058,0.38349399387970057,0.28913156387767197,0.5895322019363328,0.3628589692747603,0.5476113113215888,0.4926379560045873
VNQI,0.6340871152462962,0.5071063500388389,0.5107112309019043,0.5138163442595105,0.5162240763275451,0.47454837906761815,0.8289329203682161,0.8067144552630022,0.6910980386503217,0.6108510617934336,0.56197772671479,0.7279320124278666,0.6588249423328574,0.43926880570123805,0.4599556476434154,0.4004062851567407,0.40628450140691813,0.37671615862466584,0.5837625085698013,0.3704469264365311,0.5989585850767641,0.6116684313801605,0.5889172672953773,0.5643335831773099,0.7091195148931615,0.40906940488031335,0.7025495408200371,0.5600831430419891,0.6899202817214337,0.8007368121113276,0.7683825026711338,0.8209470242787151,0.45868008751816813,0.4897326147735577,0.6292729809865719,0.5910046525806074,0.818448965831806,0.6890448542977882,0.5827687605713066,0.7846696871470259,0.7518935262701824,0.7295137329072583,0.6229882985906309,0.7211292336538766,0.724072042402696,0.5358522187360626,0.6592779116059988,0.7084204853606753,0.7383656414400201,0.6658409960731423,0.53516469963593,0.7681403076549959,0.5697507419175091,0.5023544198315506,0.6869116622569369,0.44987965449570655,0.7310943439395681,0.6400698473971178,0.8566846863187945,0.7193939972070916,0.80390563425864,0.5472311111661892,0.4819536124310309,0.48871186762015784,0.35609105226850696,0.6243285143880825,0.3287342915994985,0.8162234539083998,0.5865054824641284,0.6502776304378938,0.38173925384914414,0.5318454286141466,0.574526886003289,0.5110900358724404,0.34445745577569264,0.46579454139440485,0.5021516673191124,0.2563845257897252,0.44809346671524874,0.5871973504393684,0.47063358067240507,0.5084916940126585,0.5522119718158741,0.6028875307742472,0.4785444604729836,0.543169515378721,0.3869352186982975,0.6127768206896541,0.41658125517379047,0.5409322579965451,0.48834388324058864,0.5508867785075154,0.5496608897483342,0.26549712413092663,0.6161478271546803,0.315818412987511,0.5487118894592997,0.523889881395478,0.5338467349270049,0.5904235273263798,0.6582390865967411,0.5823527785791622,0.5211761981766447,0.6175100088138701,0.48126790365807165,0.4521062812958257,0.44617136753331876,0.6393920979265654,0.6635629162649428,0.5533816514039038,0.6248309996470078,0.34368977155891606,0.8617786965617819,0.7763394476046076,0.6285843686042805,0.36505095170817803,0.47432572202385737,0.390836055013811,0.4296806375198047,0.5780375000803513,0.6368411458608745,0.5799063049442319,0.4345519696530375,0.4805361457182192,0.5063389419580616,0.4983901112489282,0.524611950802924,0.4884988324785846,0.20587811473979054,0.4052846522234704,0.4061397961808283,0.6366430205401381,0.5556156888276182,0.6130230453619088,0.6309508635537179,0.4605142349423124,0.820431907278514,0.32219631150675404,0.3307082614083365,0.6152842576862558,0.8009419316346973,0.4014809187601533,0.6800132515315633,1.0,0.6612692449691024,0.6609224581957946,0.5926645462787193,0.7319517818653076,0.8072191978717588,0.7170867220253206,0.5984649158898686,0.6336389914027517,0.48245668222617805,0.7259028945523335,0.6189919416276664,0.8207425298384193,0.8368566517438292,0.36582378037648144,0.48358937365296045,0.4904592054519632,0.5768740554165219,0.6337080278210072,0.49698195798112893,0.20003281997468977,0.5132029287060716,0.5707751810753526,0.4134174101118915,0.40338199940947334,0.4451893622863141,0.44193178720503923,0.5397052165959912,0.5197298177744303,0.1847050118594173,0.5304986853796535,0.6787760438514849,0.6664640870617108,0.49955306312292946
VO,0.7337292752582515,0.743784356155704,0.6713829150558616,0.75635110536001,0.7688785378699359,0.7281369628246904,0.7685274959381734,0.7238713225962538,0.6385819708387608,0.9474066482422712,0.8621097795101039,0.7995201256022355,0.6374564497283208,0.632858964046472,0.6580968383340379,0.2504308958566038,0.196457179222591,0.1509047146062576,0.7681142046356406,0.669380291010905,0.8881847703165846,0.7390812026953415,0.8501990370135956,0.8662244251632609,0.5832946460854346,0.19792191902452802,0.4518535644958769,0.5084896674986158,0.583021051342874,0.5671935335232888,0.761278587538601,0.7128845569466367,0.3826158485611983,0.5734344967607594,0.6326572110959332,0.5576692714432507,0.7631966616081766,0.6274743717446529,0.9006256508864777,0.7426428098949414,0.6975677132909718,0.6836759806925936,0.45559858416200605,0.6668411954833503,0.5938512119012739,0.4743720751174829,0.7067785810100302,0.5935597109647727,0.6652821995723432,0.6388932205099398,0.6033807723035989,0.6771486926654122,0.5126509935914364,0.4916017300382284,0.5456925839119638,0.7377232473873305,0.7087181921373765,0.9180898956441784,0.7478932004947054,0.6151800083695905,0.7464936281752568,0.7904961182685328,0.3285720465167689,0.34596905687764795,0.15946364937295016,0.6773529368460602,0.08703090021338425,0.7756835172827975,0.913053011526148,0.7779583158943478,0.22040706781511551,0.6503490543132616,0.5675829965633956,0.7445355291056895,0.6485759670808632,0.6329545087123882,0.46906465669141995,0.4472753445577877,0.7025178766932543,0.8721172558022725,0.7563437398371923,0.7149515891420988,0.8924186497309178,0.9295561218144884,0.7345171506411702,0.8570515308144604,0.620816019422603,0.8735877882247481,0.469796835036307,0.5541735894063888,0.36393141693629094,0.390656556869569,0.8500997443349142,0.49698697545256165,0.8844056260014894,0.5730638736756946,0.8878450327141245,0.6852855683368595,0.6203102911326364,0.8491658704969154,0.6430464828505439,0.9165078831935535,0.7123066607271449,0.9060545061200671,0.7666875054644858,0.7524271933878971,0.71432525073372,0.7132455127073655,0.9747720739081295,0.8414917125196859,0.922641665968658,0.15862710934876265,0.7413128006414825,0.7427397106051935,0.7675355406974631,0.24810576961750166,0.3633548194237789,0.6435275572709012,0.3994570943411851,0.8925046921516699,0.7973130013537394,0.8864052549764411,0.22379919939864304,0.34728583519668343,0.5390127226262218,0.7888422966050632,0.4496337544326763,0.774826213143411,0.19225436980140137,0.41640565177150396,0.4646556823942266,0.7439595461153844,0.8006562356559587,0.9272308062825028,0.928755790660664,0.3671583438635343,0.7731783784857189,0.04930411706275687,0.1475643786962939,0.9221438257393266,0.7542378907197745,0.19094284382902257,0.7308203566254456,0.6612692449691024,1.0,0.943165290830988,0.9478352388451683,0.6884044458173294,0.7430479574128687,0.9068363014409271,0.9173827296658623,0.9234753716922877,0.769988105386421,0.6469956115188151,0.5336339917858375,0.7647659246117732,0.7320790824255048,0.6428300653589646,0.7229131628813475,0.5956613586558535,0.7378285651776376,0.8288447151973153,0.6828708442178231,0.4536352066117183,0.8151378320673409,0.9011467473184801,0.7138769612303472,0.40856034711343064,0.49278053953341777,0.5626838711424628,0.7897357425999231,0.6705399219430163,0.47801920028293843,0.7713314701664986,0.6335785088731077,0.8582960233054996,0.7773067482359819
VOE,0.6954379889289629,0.5840357406108868,0.5738486363414308,0.6035560071397816,0.6203865024562422,0.5567441910899251,0.7263988808780842,0.6890959849458778,0.5294855870870261,0.8659475688420062,0.8726079456049329,0.7702030541140722,0.570190228752471,0.5955978015249385,0.5194791575751598,0.25630690061456257,0.20033154804604858,0.13855325532553353,0.6118152166691885,0.5075886500424346,0.8592320094844055,0.8476832203039963,0.8555235193554265,0.7359554445591817,0.5573645491468672,0.20330754324525444,0.4200383593983582,0.4825560960762587,0.489467219246231,0.5979314962984523,0.6668331126316982,0.7142314822426751,0.3579767077705122,0.4867329868703128,0.5105734501516247,0.5285924437629074,0.7102652876471235,0.517982841702755,0.7817919087720075,0.7098849524611972,0.6437843222792236,0.6280144709637467,0.42464434927086897,0.6412368802046873,0.6066172215923151,0.44762805500441705,0.5916002072930572,0.5807829908243697,0.632290842161525,0.5928331217018803,0.4689613901321809,0.6879452811828295,0.48573915600489137,0.37408323404561467,0.4996945081485158,0.5603615563252992,0.6447856154179239,0.9012619495896328,0.7030101771440329,0.5528889396387279,0.7128530889719947,0.8519333456627044,0.29359292901748424,0.30371775697330394,0.13337513102263218,0.6996821475664116,0.10292936835375051,0.7330033155537375,0.8049320517490615,0.717151468885497,0.21932210502702496,0.6281173931312847,0.5059354013221847,0.5893179498807352,0.4769176727529751,0.6258781298268378,0.4225229735204949,0.5173976750520309,0.5085131776812659,0.8645554115987936,0.5899522984569039,0.6795138520884253,0.7536965586093869,0.8341318937674225,0.7772798358299273,0.8119409737919621,0.7106594777026793,0.7517590131517404,0.4584082483936324,0.4949396045912282,0.3557191447984449,0.35011401644169665,0.718514372442483,0.5322471579125784,0.8557055145487892,0.5996770247298405,0.8400779672582249,0.5904065053308003,0.617394387164614,0.8584556657544498,0.6019077594107749,0.917639883131776,0.6073571996221419,0.7872197749088595,0.5846471293888481,0.5567161802525081,0.5747296824722842,0.7399566296395368,0.9685529457708658,0.7858582066396229,0.8625839632657812,0.16925923913215443,0.6995754230437347,0.7588965331295864,0.7172835112742697,0.2053714790342824,0.3196113150212972,0.4595772001143018,0.3544974847358284,0.7781480992635368,0.9158876221559393,0.7692616777631435,0.22211753968515183,0.34198251483343484,0.4873532058463977,0.6506478863155779,0.39137275800943955,0.6125593404758385,0.17186134212782145,0.37163855357896197,0.34576763506465963,0.6979404630455521,0.8309756316413414,0.8152360986199528,0.9380162879910727,0.3613924684166498,0.7094775503113442,0.05753147110894756,0.1629390531094839,0.8962277125134567,0.7195326191733327,0.19355556699667872,0.7972670966237826,0.6609224581957946,0.943165290830988,1.0,0.7956622716661265,0.6007117932810876,0.658191449333194,0.8023646030579059,0.8055049988779551,0.9537206228929955,0.5884504182874587,0.55824688107989,0.4986111059712715,0.6918445328217743,0.7251556680221284,0.5056226444178739,0.6411144496285387,0.5451974023399008,0.7442561810541322,0.8560445651375376,0.5975279516140142,0.5274835246225708,0.8349035290689342,0.8561651069816919,0.5209245937722703,0.5439444955854938,0.5818349827627616,0.6195918451983097,0.688056145645229,0.6154762993832112,0.5186509213488159,0.7595441769756774,0.5173359877460508,0.715571409473444,0.6943326850371023
VOT,0.6967233319945103,0.8202222477181799,0.6954864696926719,0.8244459703055017,0.8340047598970344,0.81488662699193,0.7296198115546736,0.6819853534757241,0.6760466747626686,0.9315277019029181,0.7633907214639598,0.7454067569260112,0.640104997571867,0.6055008478888958,0.7212385614242041,0.21590077068245242,0.1684315703723809,0.14332261880052077,0.8403160278869098,0.754484312276552,0.8307497690551444,0.5595659781728732,0.7620862879554787,0.9046982560403645,0.5444263378210176,0.1696521695035697,0.43354712901424336,0.4817219808271332,0.6123440011825999,0.4761969596581048,0.773726175600007,0.6398592433637847,0.367591444628965,0.5972251604094508,0.6845101418683257,0.5294608470612028,0.7361919322663978,0.6672055711883164,0.9260743196994394,0.7007699664333774,0.6753805629944777,0.6686807604352666,0.4392728738603521,0.6225706086861179,0.5191630103934539,0.45493385545535847,0.7435926008217814,0.5474627075294234,0.6267023540726558,0.6200203861792699,0.6687356194246238,0.5979856257353735,0.4887281914361952,0.5536088336735281,0.5359811796385361,0.8327169649412739,0.6964755332063731,0.8405964990658394,0.7128199191746959,0.6091025071147372,0.7023565265463997,0.6532962272309497,0.32755063059575523,0.35061581973791256,0.16134945488942457,0.5843279279531397,0.05580084498408005,0.7399693165099787,0.9272283180706885,0.7600886849682666,0.19457745861375908,0.609894011348142,0.5645943349947089,0.8180802301618487,0.7500036606797877,0.5810353340170803,0.46908367838989623,0.3313258909237978,0.8180334541317432,0.7977870039136559,0.8431541599314364,0.6831554701022137,0.9383559592620155,0.9281927430480207,0.6180178354589865,0.8160644758134644,0.47560810107213947,0.9012757698534621,0.4361681383117337,0.5499990922158186,0.33148491170913336,0.38763707313491164,0.8931130304528504,0.40840882978365395,0.8222827691445344,0.4879854818718085,0.8416564587979096,0.7047611369579012,0.5616049281741122,0.7551871674192125,0.6149195123375926,0.8270937621995131,0.738792798878032,0.9312813576857031,0.8632086396894616,0.8626601748056291,0.7823320457139296,0.614385581079379,0.8839840903960857,0.8139787729184131,0.8853633294909372,0.12662020776403796,0.7032427995430115,0.6491995713737639,0.7395587340302862,0.25879290023744767,0.36631017811173555,0.7537106388410743,0.4038519229274817,0.9158807008426293,0.6027364945437644,0.9127430452610945,0.1961655424459029,0.31343591158658596,0.5286203000336719,0.8443573227660838,0.4581048858847045,0.8519237912580272,0.19227915022944522,0.42457512657238833,0.5295868567003351,0.7114737359007022,0.6926682068866037,0.9408823312759167,0.8265912881562854,0.33307481651172677,0.7555079049282695,0.03180404266838967,0.1145260307108732,0.8567405717713218,0.711688640211312,0.16468250437564697,0.5920601509595402,0.5926645462787193,0.9478352388451683,0.7956622716661265,1.0,0.7038754741390673,0.7472902049404742,0.9161172322601439,0.9346094818506041,0.8034970984175219,0.8659991553172115,0.6643315006105647,0.5100998237099298,0.7561771065281339,0.6641154881847027,0.7059123754884946,0.7365002293773035,0.584455645948592,0.651920108070602,0.7172957202230776,0.6961889949903122,0.33441897795781894,0.7180207913017252,0.8559412920059912,0.8280301808028342,0.2388993331063943,0.3586383953205509,0.4550736434706242,0.8056262883748208,0.6537773437177629,0.38928272432811944,0.7041205660092619,0.6791688145210624,0.9049376919790376,0.7867789962980979
VPL,0.613753518573304,0.5484418014296298,0.5189418784812239,0.5827988444925694,0.6665083910767545,0.5548480321918121,0.8870709268437018,0.8683564436154232,0.8635509316090068,0.7297034651043488,0.5794702210006124,0.702015498917958,0.92464768355852,0.49306655151719697,0.5529715439538292,0.2667698070825516,0.26300717778856075,0.23614560336217746,0.792648143627791,0.4918219395029729,0.6426280983367727,0.4432194288568867,0.5912962520023342,0.7101558319848184,0.6997438769562756,0.2611102181445574,0.6220706101180958,0.5797103692043296,0.8307392580077422,0.6970263248449878,0.8873003228602419,0.8345190780476002,0.4276985697821019,0.5364795482712904,0.8798890363932413,0.6090927045234555,0.8926382206129181,0.8513911274845264,0.7191636809660695,0.7964000777155793,0.7271195322582465,0.7431956849203708,0.533442512918945,0.7180973934467451,0.6247654289686595,0.5364920110101847,0.7734256248434612,0.6670826481995935,0.7160304559378219,0.6879956249587734,0.7754438947606345,0.7081563088950833,0.5621793149624721,0.8110645898963209,0.6718988051685209,0.5363337417479204,0.7735961713855687,0.6475118436234506,0.8933623322581425,0.7589365201928575,0.9204737400526234,0.4550582979421048,0.4956972118061142,0.5166603413164365,0.3744560699398698,0.6613451415693963,0.1722786259662441,0.8703010528016444,0.7092457039198184,0.8028615075634397,0.24132016233805045,0.5027759193909519,0.6093027265814857,0.70484927010899,0.445864408089971,0.38225292847527104,0.5216100810562063,0.29411684609353483,0.7360557648190365,0.602502352476764,0.6967472688933016,0.5408464611430756,0.749711835079235,0.714164945775835,0.42382572208979713,0.5622370571307309,0.2677412070423616,0.7210730794670179,0.42741575959050493,0.610880245687547,0.36675691432187374,0.48711426197064955,0.7067061229437333,0.25956407127851233,0.5896578699503839,0.43551516008174573,0.659239344142215,0.596814264837199,0.4963333050444271,0.5423188374795944,0.7644937308496963,0.5882766896794825,0.6377819181932253,0.7170673082025172,0.7038465597257335,0.6935281932328128,0.6567460090516167,0.5011473436773317,0.6589231272411171,0.6405257149363672,0.695848348282103,0.21204101597979602,0.8720074848667303,0.6660834074362904,0.6303891866689129,0.41593621054998436,0.5102305000991832,0.6792339829877925,0.4463188683072345,0.7184216516629579,0.4486576657437851,0.7129035398880611,0.29227260434864655,0.3545119500350961,0.5156923296977077,0.6819240929433669,0.5811583053435311,0.6436921555670589,0.2106614143902502,0.4387293404432819,0.5701398521376848,0.6087853462196152,0.4944500140490272,0.7084577931441031,0.6202618465695197,0.3493642914817844,0.9308971729681297,0.1635088904236844,0.188483267610584,0.6516349497158966,0.8211028743533719,0.2696356006326146,0.4351004407657061,0.7319517818653076,0.6884044458173294,0.6007117932810876,0.7038754741390673,1.0,0.9262597447196365,0.8461780973882036,0.7271357958198499,0.6448897868820593,0.6609809411432526,0.7965653936148782,0.5273935247699866,0.9274180890160003,0.845315652293658,0.3667793568933548,0.5970897919840898,0.47939565387733907,0.5361174194858349,0.6318227142359859,0.5059933812250906,0.24815673264747534,0.4747599009287443,0.6673927105999228,0.6852939664797922,0.20252549153577495,0.287044512532653,0.345271954451052,0.5942646868541414,0.6414943269163518,0.24403943468174655,0.4924681500230241,0.8528278510526638,0.7863659493013568,0.6334936594435591
VSGX,0.660767881209903,0.604163959573875,0.5674111659069083,0.6265763868886874,0.6974498766317205,0.6052911984855657,0.9434590703509383,0.8956467966442421,0.9155289982608383,0.7680572010926214,0.6144181378306708,0.771002366835395,0.819740638112235,0.5541702519649794,0.5904100648260225,0.2990476609202696,0.28554647689529067,0.2564242996964489,0.8063601655740237,0.5255278919853665,0.6948314632757616,0.49879075388449734,0.6455451605089778,0.7544012843716108,0.7803636363026029,0.284290221363413,0.698645301821145,0.6429223578790579,0.8824854425893002,0.7596840132106306,0.9454919724478484,0.8922168046580509,0.4573043977944167,0.5777259927701685,0.8900205176108986,0.6880439805979573,0.9507476290382123,0.9098995202582253,0.7616647730529749,0.8425480881868954,0.834164256847564,0.855667664867213,0.6306841667038705,0.8207280410568636,0.7462409047231662,0.5853757501255048,0.8675901184426009,0.7723323163495399,0.8376617684703712,0.7415383662861881,0.8192813912436377,0.8171187775901002,0.6307334513557532,0.7573865785489963,0.7602698597609178,0.5865876146085207,0.8906529419475039,0.6956977665838696,0.9332401627857673,0.8586703238410466,0.9401206562834686,0.5178502742512368,0.5269703271102921,0.5483804626817732,0.37814728462792413,0.6952641371045205,0.19083285307639594,0.9334467396108995,0.7524998479408167,0.8366402590531334,0.2925440587937252,0.5644041624254463,0.6672585332451813,0.7213616495234819,0.49327780672568244,0.45014518652481017,0.581229538872622,0.2772927443972322,0.7455902446965498,0.6502183707599883,0.7069560578593886,0.596359015888744,0.7694069247673029,0.7581339926171338,0.4650919220178704,0.6167260922386123,0.32838456669309446,0.7685259378140179,0.4746085489817385,0.6678344941009379,0.4064655841545894,0.6171789223870491,0.7442664011582739,0.27423488356316655,0.6674790570983142,0.41530891655910734,0.6874869830306177,0.6430052784462448,0.5494331659732121,0.6119917276723057,0.7977334058730017,0.63818058658793,0.6749168804536652,0.7804033537825047,0.7250550087483243,0.7146287457797527,0.6600264464404304,0.5780950878483023,0.7191004394805619,0.6667037184982301,0.7291361102375,0.22257324678930018,0.9194761256967113,0.7549282427195838,0.6809424481608432,0.4439642500023665,0.5424416555768103,0.6914942376174863,0.4889215144003338,0.7566425317455806,0.5154239397444834,0.7555324980786007,0.3206112106311304,0.39130295720931346,0.5811162971786257,0.7188138766436867,0.621283250847675,0.6844339528358243,0.23804504340696872,0.46400272134845116,0.5658602740034034,0.6626874185808159,0.5479115317331833,0.749786110216586,0.6728667611351524,0.3894434954594475,0.9708635229322897,0.17352894803164667,0.21245538448016826,0.7053222595486378,0.8905055893733956,0.28744834706168537,0.5006115117365019,0.8072191978717588,0.7430479574128687,0.658191449333194,0.7472902049404742,0.9262597447196365,1.0,0.8973977791877792,0.7693188663620952,0.6853337890684235,0.6983798088609258,0.9012034893019832,0.5790798227175002,0.9869491681793072,0.9163974848510891,0.42457396257189156,0.6067702998338472,0.522030876860234,0.589517107736319,0.6886690851104822,0.5542002783602942,0.22247892526557994,0.5351788978098353,0.697953196393219,0.6970149850996442,0.250400753924677,0.3172746822929639,0.40854108975189424,0.6455009354764744,0.6554784014029336,0.22069392483991593,0.5472328413911192,0.9093014340762432,0.8503691886147994,0.6568323565974106
VT,0.7410079914742234,0.7597244626090128,0.6471075728509943,0.7728734190256963,0.8232415716677749,0.7616925257846628,0.8816929538171736,0.8284735772421431,0.816778796925836,0.9586881410913703,0.7612085492648318,0.8172159993688832,0.7744168111513614,0.6552171935220434,0.6929014299876383,0.2569574511551609,0.21570386307583392,0.17656588618171978,0.8786943361735496,0.6910187667348153,0.8716006523790921,0.5987150558881339,0.8161424614199448,0.9466300812061269,0.7013823809757325,0.21548387446360448,0.5703184674602375,0.5856366583444285,0.7553662779325155,0.6441838685004827,0.9024551986915393,0.8133909161772613,0.4454339114846014,0.641877736656407,0.8069553678374387,0.6521467159426375,0.8892471508708565,0.8051647984339705,0.963348084949031,0.8263800775982549,0.7849114728416874,0.7991861219460287,0.553410654945921,0.7678683021278246,0.6636887838087192,0.5644948777189628,0.845404945245299,0.6934667584739473,0.7691218444062156,0.7302152439454026,0.7717960198503497,0.7515493546550581,0.5862077590272383,0.6611837008137523,0.6651962095167054,0.7889415396333853,0.8373927251591314,0.8328706791629786,0.8579701189394545,0.7639701441707787,0.866836261351135,0.6799779931321415,0.4220678043389399,0.446254499126924,0.2524427086336486,0.7007839215659541,0.10207609548809325,0.889472021824969,0.9591620384443243,0.8718748964209091,0.2406955911832408,0.6364316023161751,0.6208757797641353,0.7872107472286115,0.6879243099428035,0.5715582140709025,0.5583603855809761,0.3749995070531558,0.8678676573692419,0.8313630993164393,0.8864816717612157,0.6858021417661526,0.935355788859219,0.9390807231276276,0.6111638805193613,0.7911401585089256,0.4724193015798061,0.8802119156508939,0.51283024934736,0.6285712695216539,0.3800905293173309,0.5126458702644258,0.9497207018529095,0.4028479418566285,0.8286180496343449,0.5223258448107233,0.8206803213932795,0.6904840302226433,0.6036588107687889,0.7367563416156829,0.7513142426991032,0.8169892986055813,0.7329849076224925,0.9069614598269232,0.9023747633489869,0.8531187918470853,0.8267031065118866,0.6495728425347761,0.883389719633617,0.8225214611482732,0.8626092259890219,0.1703590426603426,0.8454917585651001,0.7576125444189583,0.7811547104085861,0.3521661809403664,0.45842413092222994,0.7896617702340443,0.47484627259194145,0.9614714064412735,0.631578181936425,0.9579804517948336,0.25379150495891273,0.36347086738177103,0.5590951739127666,0.8650365771262394,0.5664448093431997,0.8960612328485982,0.24079423531616606,0.4832012118383219,0.5654560889822215,0.7496888948876382,0.7102178042413367,0.8947201804149861,0.8213386258653359,0.37721594358556015,0.9053938523832827,0.07263078042617369,0.15003106487309065,0.8921434368805256,0.8512565555485736,0.21341020654994625,0.5910512991629971,0.7170867220253206,0.9068363014409271,0.8023646030579059,0.9161172322601439,0.8461780973882036,0.8973977791877792,1.0,0.9681058135941103,0.8370721630909553,0.8998803525408018,0.8116886009858895,0.5765421681038158,0.9108171186941783,0.8389852249373096,0.6003477818376766,0.7076481973735724,0.5854459385353326,0.6534169778209972,0.7712216307018112,0.7425330768091232,0.3511890382819603,0.7211581624642358,0.8384528570243122,0.8568257666978077,0.3130181841788024,0.3667201879699817,0.5000540415229409,0.8279527673230328,0.6942666897195652,0.3753724719233962,0.6816372898028077,0.811964780154705,0.9357096046717225,0.8399381325362545
VTI,0.7218901599640921,0.7886971514335844,0.6486642698109177,0.797814386617252,0.8289130524494022,0.7928599603875823,0.7588993046014939,0.7079068185382719,0.692183850261343,0.9823605595262642,0.7751231644631226,0.7578337762708073,0.6788628569488648,0.6589673308110764,0.6996452656544074,0.21784365266077066,0.16171331037402023,0.12349805310059452,0.85001199620242,0.7293366792980887,0.8921708218836178,0.5902581301913841,0.8306288180789466,0.9762252548985878,0.5858123555335517,0.16249596678330183,0.4459558369375754,0.5011915853253562,0.6225107248160242,0.5077423707956356,0.7962325098382234,0.6829708279416262,0.39416515703725274,0.6243206099551493,0.6976924618613412,0.5655052792907644,0.7682155563734481,0.6799582448940478,0.9956677451769418,0.734495559456391,0.6784801189033253,0.6919574569734137,0.4495711507597257,0.6577196228941377,0.5492866648773972,0.4931209931543766,0.7592414986288969,0.5761775876524239,0.6514830694618997,0.649269393367675,0.6904968027361663,0.6301249415141215,0.5027787670056014,0.5557726448819272,0.5466065613921925,0.841694383536308,0.7256236275030796,0.8391467360009957,0.7356127826201555,0.6380136749867342,0.7383314160778607,0.7019606602267751,0.3124723175233619,0.3379373572765018,0.14905779115681364,0.6152384878615005,0.04806708609045452,0.7789371428056324,0.9936808163189329,0.810468774514931,0.1911058439635755,0.628641605211419,0.5414289180106958,0.7622033895030079,0.7466408675802333,0.5909456187495079,0.5006377643054183,0.3685403692865466,0.8716038700286179,0.8538929666502016,0.9150369501854454,0.6822661660770699,0.9504129040484254,0.9609261672770478,0.6410112427543168,0.8221208379038754,0.505458952869175,0.8718623102923402,0.4816168083665878,0.5482341094672234,0.33792825824586487,0.4003422978744848,0.9858789043943771,0.42347397805040576,0.8471566174155192,0.5163585580276387,0.8214575777140085,0.6636625759916822,0.582943701161494,0.7417162086046476,0.6402794685051407,0.8403981065107495,0.7098198313657923,0.9044072049606057,0.9319181560154365,0.8671295116642178,0.8527525705525664,0.6332681368872456,0.8944120402186553,0.8376811617240861,0.8678376714174906,0.12738374057615026,0.7248176557991097,0.680750868414382,0.7716052482446382,0.2604194381416197,0.3594733965229255,0.7864490109870602,0.42996810750701475,0.9954672310399748,0.6314776178088962,0.99151436939421,0.19527857884074543,0.3211693960955394,0.5030615336152973,0.8787151484730363,0.4868530070242937,0.9431951369183978,0.22353200102204873,0.4536920478252661,0.5114928235719278,0.7330596024977853,0.732267752600681,0.9043133818277574,0.8316275710707686,0.34460534915030366,0.7827682118848486,0.011494239594719078,0.10865990293330224,0.915809289572559,0.7478533682139297,0.15662899214729034,0.5831154276616614,0.5984649158898686,0.9173827296658623,0.8055049988779551,0.9346094818506041,0.7271357958198499,0.7693188663620952,0.9681058135941103,1.0,0.8418201106527265,0.9424050959246246,0.689854730238,0.5273657240839299,0.7836944326751826,0.7082988085843608,0.6564706930773638,0.6987116009185192,0.5818000833379943,0.6345549221089365,0.7364257398669641,0.785789380760943,0.3692294926763215,0.7581530297313528,0.8390071294010214,0.8819521730684,0.30560544121779276,0.35207916351856766,0.5075114042827008,0.8629527140990385,0.6457067330443953,0.4095384167361974,0.6994068129095451,0.6905868493041778,0.9078628080262259,0.8689893120021555
VTV,0.6764475698682587,0.5629824430246835,0.5470417967363888,0.5877433825278214,0.632276151137428,0.540368678580962,0.7387579888438724,0.6915198019033176,0.5686491196164817,0.8910011693383965,0.8367431428830762,0.765480059550719,0.6069010694466016,0.5988116808833083,0.5214525617059661,0.21624103951117776,0.15984177816356676,0.11507413870568024,0.6290185489762788,0.5197265532590319,0.9179039819471524,0.8008410829052675,0.9168093207338684,0.7733447671419684,0.5607119295682008,0.1607840870867638,0.3958472032997011,0.46041310170054617,0.5348301761436256,0.5928283401741884,0.6983038743899425,0.7229852291065596,0.34909909346599644,0.4911743375950847,0.5607756963943287,0.526276063442696,0.7315008822393959,0.5539209400093695,0.8229055188748137,0.7117513940527936,0.6356981781567894,0.6292283641856884,0.42980607303475155,0.6459786702584497,0.6147774711726003,0.45444918509316634,0.6164864840179014,0.5820715493754179,0.6341551044809942,0.5974044877251817,0.5106135840901297,0.7027793056309181,0.4893543770686801,0.4299867023159493,0.5021735473417074,0.5558175414737277,0.6579800823896786,0.8613828523112192,0.7024805414860538,0.569576255913244,0.7325631373404836,0.8704539205388641,0.29845968607140044,0.307677463946916,0.13829511299028327,0.6955139405526305,0.063742813006365,0.7509229820056315,0.8411921711135765,0.760880289858027,0.18162400021356867,0.6536261455678326,0.4886902646461312,0.6075134892817771,0.4777134505289286,0.6206442949933078,0.4459065639217741,0.5317853988741139,0.5699820497493258,0.9004173978123866,0.6508733327663363,0.6564298473670085,0.8072963438111245,0.8715244587542272,0.7371501467584101,0.7953865482779081,0.6892208461245529,0.7453561716804152,0.4743827361547734,0.4776012551975988,0.318690027165743,0.34837711925800696,0.7763340932061961,0.5244584462148745,0.8320813819222499,0.60594054758273,0.8326543194086445,0.5622744194190888,0.5806480205146719,0.8181715495679996,0.6097943368715668,0.9099881762812131,0.5911055995944233,0.7830158250585343,0.6384158662585242,0.6002122904412617,0.635888751632908,0.682310733500916,0.9551428230921136,0.785860569438874,0.8427806280252231,0.14269148914365012,0.6932471164159636,0.7230561370246302,0.6994795592134803,0.21361788829530726,0.3255721269742678,0.5203616143907864,0.3785580485539299,0.8249905557701468,0.8546045156283142,0.814469153881711,0.18968630141400236,0.30853475499713584,0.4539569403285473,0.6968397750036462,0.4105526252577666,0.657211180004415,0.17919472799528433,0.394169839101042,0.38909592706406837,0.6696945763856897,0.8627250778058684,0.8001756079942942,0.8965719603813501,0.32663815437994337,0.7352969914832832,0.02027611988784355,0.12033381769688462,0.9454191214314228,0.7360528677829888,0.150688328110095,0.721793883507901,0.6336389914027517,0.9234753716922877,0.9537206228929955,0.8034970984175219,0.6448897868820593,0.6853337890684235,0.8370721630909553,0.8418201106527265,1.0,0.6283648436625547,0.5808906668751574,0.46999029746454973,0.717772761365154,0.7372061599984675,0.4604942400105807,0.6647132524572621,0.5483387123870006,0.6835727439567336,0.835367556395412,0.6021032223267612,0.5423647850682998,0.8566059786896959,0.8787334763439106,0.5816388136883355,0.5494388336616243,0.5495278906319419,0.683590875940126,0.6851418800790816,0.6182209839656732,0.5157156933120557,0.7048765605670834,0.5546482764190922,0.7277423065698826,0.7446313520062247
VUG,0.6319372267091712,0.7903570425464617,0.5781486891990892,0.7814410874537833,0.80199393095506,0.8111797573714086,0.6516019278753442,0.6010356401024065,0.6525890692932579,0.8825806471070654,0.5869192322883011,0.6303280998478822,0.6157515728781962,0.5849854107414846,0.6817227061261618,0.1759306177372856,0.1322293852293589,0.1128986698774215,0.8442703327432483,0.7413715702768613,0.7489703260370911,0.3614389870522011,0.6676384617597694,0.9569530766541342,0.5023079196670209,0.13105384892092775,0.3965187421423356,0.4332719409275272,0.5742047683054761,0.38706934878848814,0.7333689010569701,0.5526363699586816,0.35665533901513824,0.5985181857038105,0.6646297847839082,0.49613614864424876,0.6722596360902081,0.642241013313239,0.9545552876454526,0.6304469442872416,0.5966160176816783,0.6210020329183316,0.38774642001149984,0.562242545861256,0.4342922862683061,0.44296188469503767,0.7256245833971194,0.483169390218254,0.5587423506906798,0.5742244141174333,0.6864182230513132,0.4952999542836012,0.4243759961213599,0.5390075510774445,0.48056695177712144,0.88637223707705,0.653139970087233,0.6667020114472585,0.6348989544885885,0.5749885980237789,0.6248856706773542,0.5152523652686942,0.2666691615953139,0.2955385274603416,0.12949348232955388,0.4614147949025872,0.025394808640874133,0.6726668440653599,0.9408343231115016,0.7157780115036623,0.1650791521501199,0.5062976058050819,0.4714621415447339,0.7181779837206039,0.7971391620114983,0.4918961804204989,0.4543549079510646,0.21059743063406328,0.9254944011828405,0.7116772652995055,0.9424336218199287,0.5663168262511054,0.8919996289913165,0.8765359329248801,0.4578971505913202,0.7004506597608933,0.3212193426451262,0.7899426970633052,0.4094851320540856,0.4922549595633109,0.28886097158411644,0.3655139130489473,0.9726421493653674,0.3002783161744105,0.7254162272064478,0.3653347550940298,0.6721157240552847,0.5907283341569735,0.4828822885969783,0.5728862836045415,0.5471891462605265,0.6622594947816851,0.6469092044045803,0.8228410161088477,0.9755787694538826,0.8944727749795753,0.8605789507917306,0.4892550468895362,0.7178594083811792,0.7180133773794557,0.7183342236218678,0.0936200465087609,0.6284933938243739,0.5355581374081123,0.6876675831744345,0.24735635898306638,0.31562716434043664,0.8249531761824401,0.3947239740277458,0.9529952383747559,0.39519911669152014,0.9557560046020992,0.16479267298484299,0.2714557245521304,0.4317153715023106,0.8535181453794294,0.45134691406321303,0.9864378950750585,0.2083094853102576,0.41535347835794045,0.49443342259871437,0.6516157083214441,0.5698385869398893,0.8017948940461006,0.6388490807428412,0.29153820841246664,0.6882296745971919,0.001466697263687855,0.07683982558377998,0.7729490547302791,0.645065903612093,0.13010830346533878,0.4084787915491849,0.48245668222617805,0.769988105386421,0.5884504182874587,0.8659991553172115,0.6609809411432526,0.6983798088609258,0.8998803525408018,0.9424050959246246,0.6283648436625547,1.0,0.6421907711083481,0.47350576995465854,0.6988195621985132,0.5802111457716211,0.6621881884226077,0.597956500911659,0.4895041289450725,0.4879998005044441,0.5586799019748402,0.7906362013869503,0.2040733425271098,0.588510769440895,0.6842685194770284,0.9351056441348257,0.14593343584912868,0.19245077198974528,0.34605998542328104,0.8371546759296061,0.5393506995304849,0.2694392180362306,0.5663439441422731,0.6583834399676877,0.8717891981101674,0.818583313752708
VWO,0.5678931881317093,0.5477763774210356,0.49744098636226036,0.5704910861213338,0.6417544506617374,0.5620402241886492,0.8031530311648755,0.7782666534157664,0.9588217499163776,0.6833926851963439,0.5353984963091313,0.6796715334003934,0.6595253253783575,0.511934484373957,0.5479833442329731,0.22258602053746487,0.21451100179933852,0.1863422518289017,0.7222941184614128,0.46976624864038014,0.5992502233085696,0.43440713009824566,0.5556328525520077,0.6831449508196293,0.84528948098025,0.21618045211318962,0.6565708682293635,0.6226219962691764,0.9012850020562413,0.5948079252793602,0.794697736280424,0.7488607302904414,0.44535670563330576,0.504446150673789,0.8601228053951259,0.6347512586429848,0.7992152965113394,0.9621392176664617,0.6849147741030561,0.7465426962218963,0.7126842425038322,0.7070635896586387,0.7447712485398131,0.6816838031942936,0.5838341165558936,0.589902936757891,0.7726860432508768,0.636087776154086,0.6991056398482532,0.6979947105908826,0.8141451333435163,0.6933100614272358,0.6169626549225761,0.6983291315579582,0.7642696847060054,0.5479929579027002,0.7570159919249185,0.6063122427577589,0.8057598272892534,0.9603891880348716,0.8021845400236384,0.41535885484420115,0.5038047533056778,0.5245516806697346,0.36901821356093445,0.6766349767032607,0.13044503892159634,0.7814320137276188,0.6693685626520428,0.7045753046455175,0.2434753661494907,0.4841169024945506,0.633894220708494,0.6784876577727121,0.4528574227069668,0.3656636873040373,0.5807356343148508,0.2859650093139422,0.6931150052488038,0.557141147009862,0.6491003355361158,0.5297219201120711,0.6768914585557138,0.6642831208398076,0.38219716959783523,0.5335607507754625,0.23257890316269147,0.7084007166286512,0.4941234506410021,0.7119748636302817,0.3246112381403368,0.8143177859354416,0.6732070777681917,0.26530871375751575,0.5914278717081712,0.409135445320203,0.5908632421612894,0.6255231505518879,0.45974239745282774,0.5072147983831965,0.7876871311708077,0.5475352983206744,0.6425129251275086,0.7209451542778244,0.6683530364652707,0.6720933562824467,0.6088883855770666,0.5038978108634152,0.6227047545953458,0.591539266247663,0.6366439131771139,0.16830140128129453,0.7764541579375968,0.7379668464369815,0.586246541713272,0.4391839361193738,0.5247994244510638,0.6560270538396745,0.49738127763929274,0.6803384641069409,0.4358404285038151,0.675875959665871,0.2587625933447964,0.31026894004027716,0.576992193857342,0.6732568358195921,0.6308024086066675,0.6230648628681282,0.23977300773365354,0.42388785810347235,0.5416108351938538,0.5661791784061964,0.44613726345931953,0.6677000635492657,0.5809149931644086,0.31012974579855956,0.8257026020856891,0.11781305261384015,0.14247837348197942,0.6087398206189637,0.7358049015136889,0.22025150631742654,0.41169127439883546,0.7259028945523335,0.6469956115188151,0.55824688107989,0.6643315006105647,0.7965653936148782,0.9012034893019832,0.8116886009858895,0.689854730238,0.5808906668751574,0.6421907711083481,1.0,0.4988569239431921,0.903849456921573,0.820354545393986,0.3901438663237472,0.5128072353290538,0.45410706005086027,0.48090700013742355,0.6184046036033474,0.49181601635469135,0.23123181191018816,0.4400370801372193,0.591094628579961,0.6504478708057346,0.18786764653304924,0.2563890147024183,0.3056130734567241,0.5724194245225452,0.6198724089488034,0.24091964074797012,0.47661675753673094,0.9572386721187357,0.7877373840547239,0.5966412240608248
VWOB,0.8052085572878779,0.44458274325772806,0.4361092987650311,0.4532437332521366,0.448228142984468,0.4253362098641981,0.5805472816543849,0.5393535408353309,0.49433952590001623,0.5159955292753616,0.4327630188586271,0.513002432036169,0.47127055180704797,0.4131655504429231,0.3742254735071041,0.8051344090640791,0.8003383173044994,0.6558255292509674,0.49987296897590444,0.35065739680736724,0.4850695805673049,0.4408392578934219,0.4377978529903902,0.5077445345310458,0.49413717835085935,0.7955698855670252,0.7291843475025934,0.42740629068357494,0.48136372050363113,0.5449769782928399,0.579250276610123,0.5490558364063471,0.34028921917008326,0.39673508214668723,0.4806906468617305,0.4505245857884023,0.5856914282526231,0.4864561197817428,0.5210643555008596,0.5785604876664333,0.5279493850718652,0.5488931755376941,0.3483680686659301,0.5128972777514725,0.5237225947199272,0.3699427288268725,0.5020250382329822,0.5067685162324058,0.5359613242838333,0.5033196636448134,0.4432555177765402,0.512621621848719,0.4220581855590276,0.38408857330087726,0.49596051710867806,0.43808635286412156,0.545487545871131,0.5080354702757114,0.6011618723475968,0.4819938178563249,0.5643300105454068,0.41565856089785,0.33493059234241424,0.34701330749641907,0.25321892471974433,0.3924511527312548,0.6868654567729638,0.5895202343982638,0.5169870241274642,0.4528273348022972,0.63272755488166,0.4307269116579659,0.47651083753679,0.4415689701613288,0.35981281282755,0.3849766081194193,0.34352529007725063,0.14180993807799014,0.4275613965716802,0.47279510063831487,0.4386065791104533,0.4144176493203387,0.4801850356375995,0.5248148725886187,0.3355352072232796,0.4403853350018305,0.2387054224977188,0.512753080097826,0.29257744764545723,0.3938004799074257,0.8617092106482733,0.301740635455922,0.4990410500539817,0.20905053541490873,0.5172699344569972,0.19008067058334463,0.4458011221290058,0.43808072448103297,0.602502284806807,0.48611592921857655,0.42773345256387757,0.45951428321862614,0.4565198665151337,0.5192837234865665,0.46552107957929595,0.42319939226566317,0.39567131824664314,0.5855376986188052,0.5321297921821833,0.43370699733164847,0.5118529991408114,0.7138994485194434,0.5982634631291417,0.5715813132534525,0.7768924435987125,0.22173041695980852,0.3266728223290752,0.36358336441159694,0.2890031478024123,0.5171610691653556,0.465411409827389,0.5167984357215267,0.7425823528847928,0.8517457270972989,0.42782692995086025,0.44790464447820927,0.43150903455589984,0.4736701548014096,0.1577072324739736,0.2664969843654079,0.28642797830448935,0.8003788774752227,0.4376802808935724,0.5257270092070119,0.5003676205242952,0.8396841657854579,0.5891204007037775,0.6888192915847389,0.7473803844768413,0.5051052434740017,0.5789507969123646,0.7768668442613524,0.5342824770567113,0.6189919416276664,0.5336339917858375,0.4986111059712715,0.5100998237099298,0.5273935247699866,0.5790798227175002,0.5765421681038158,0.5273657240839299,0.46999029746454973,0.47350576995465854,0.4988569239431921,1.0,0.5841419026127719,0.5669050067112551,0.35930141859191495,0.3807347113754603,0.399500270860541,0.5368073198894328,0.46256417677642464,0.44254668284301757,0.11462601798303937,0.3653344970605506,0.4496927248780808,0.411319596836279,0.25221486834816825,0.36621347047575203,0.33428861562599155,0.5121313086053692,0.3519797988023878,0.11527946237501407,0.43510397366422293,0.4886494029771359,0.5623361455705697,0.4147784285943224
VXUS,0.6801538930519944,0.6060746104217984,0.5657025925006754,0.6273443638323567,0.6999957843015208,0.6030519183049895,0.9671989331288702,0.9206741714762631,0.9104298894059627,0.7874354920236734,0.6432230389088336,0.8041933561207675,0.8274854414051837,0.5732299846709437,0.5913003831105085,0.29556352736619357,0.28102363498698724,0.23583210469499205,0.8035447800326226,0.5277860839144188,0.7180560059147748,0.5435551556645489,0.6812934276157652,0.7612108679763083,0.8070574759997808,0.2811287377385339,0.7067361193228037,0.6554092994325905,0.8713937975853167,0.7876160106783471,0.9527993648533345,0.9242093377536678,0.47373192840440026,0.5781986377726737,0.8757839562143649,0.7165419894573589,0.9697311079987139,0.9027962642823654,0.774060622634111,0.8702794843159415,0.8507797008885968,0.872980030435334,0.6493873256863624,0.8495768246610982,0.7618722502717314,0.5994945387514733,0.872499171146476,0.7979830848581219,0.8621458657334282,0.7698619572941826,0.7973579427033765,0.850863186256183,0.6516305170010628,0.7401175076603932,0.7708882627923335,0.589008711633296,0.909643869573861,0.715774080792527,0.9481682698990989,0.8715942994768617,0.9654468644730826,0.5544404531579847,0.5432903177941591,0.5640169713038768,0.3898075350534636,0.7529880032351787,0.1811961228650566,0.9576386668245442,0.7664457523548359,0.8565755933887939,0.2892630603394995,0.5736987973557975,0.673599575515352,0.7152837056672676,0.4926010920737585,0.46915668464676874,0.5825802507610708,0.3447547867359557,0.7337003748822984,0.6828130394424398,0.7121091051033167,0.6088545867785682,0.7765286826495482,0.7711574620171241,0.48512428633336163,0.6351934909037449,0.35831586213843825,0.7762176499664738,0.49416545980787163,0.678628941488829,0.40807448736615315,0.6308401825284997,0.7545413595196131,0.317066757613676,0.6878619147763341,0.46856347014657784,0.7038852556090668,0.6504460920649867,0.5626833719027914,0.6307986374198509,0.8299043979547357,0.6686081528923917,0.6780271059655162,0.7873891230158485,0.7223169312743271,0.7071047759713143,0.6727614518167829,0.5978033051113206,0.7462918354367665,0.6953527230799492,0.7430461902818501,0.22497307721061413,0.9333889760714771,0.7929899690641298,0.7008287658914705,0.45371541779885044,0.5592818409906316,0.6784955384354943,0.4895911015948878,0.7713678068301063,0.5537969319498091,0.7669628368291288,0.32330104079083505,0.393849284835577,0.5866082991524115,0.718704795562236,0.6302284819231517,0.6873906588365937,0.23873708535456406,0.462328211235135,0.5733653223175132,0.6809964770686423,0.5787762182601522,0.7607697136102218,0.6986672946582007,0.39137999272549134,0.9860878119381189,0.16558148501372508,0.20483278653164816,0.7308391287275515,0.9073856989637514,0.2829758804794175,0.5281542811638742,0.8207425298384193,0.7647659246117732,0.6918445328217743,0.7561771065281339,0.9274180890160003,0.9869491681793072,0.9108171186941783,0.7836944326751826,0.717772761365154,0.6988195621985132,0.903849456921573,0.5841419026127719,1.0,0.9474126901422423,0.4281714862592719,0.6230928326125713,0.5259959225563616,0.5952222347616543,0.7265537155149255,0.5672373390923842,0.28285504387317806,0.5628282957127877,0.7187214031767306,0.6888570651004103,0.2875481117556028,0.34641864075782974,0.429197777708499,0.652455257966341,0.6820834008366331,0.278602096390814,0.5663151378443527,0.9001495641326289,0.8527354035037027,0.6832626118072275
VYMI,0.6598548256354183,0.5189349923659778,0.4852059371452522,0.528899387790333,0.5881170399361446,0.5012178858713605,0.9670831426014289,0.9232376759670645,0.7964853480452015,0.7313991057645959,0.6527124315205202,0.8220510061247899,0.782659816351248,0.5636909235192545,0.493474489780372,0.2851019398320125,0.2700473939008215,0.19554655314350436,0.6808881052548325,0.44067976322765723,0.7062204136158781,0.6341420456027308,0.71069488744124,0.6679842352023829,0.8184053511260704,0.2696626923799376,0.7004598322116025,0.6437552804058735,0.7721658373488166,0.8630376031974153,0.8780833054228008,0.9804211948633288,0.4821910204636497,0.5060259037256745,0.7416612749818983,0.7287688300483597,0.9543192270338727,0.7822774874380497,0.6942479491458409,0.8873995561728709,0.8321110097162608,0.8635968322401375,0.6273578538659074,0.8824903341987612,0.7908380759283653,0.5878816088541905,0.7761849951938748,0.8456232359241457,0.8688920197696229,0.7719962086028733,0.6675084569963773,0.905995136097206,0.6558172158052757,0.5895493282713271,0.7479616958331438,0.4902611389215837,0.8877996410981812,0.6954125655389313,0.9296362535219002,0.82950100114651,0.964819650262482,0.6137050102728397,0.5188248724641322,0.5343540082435024,0.37207652218565307,0.8025093778396077,0.17790799465925225,0.9583200930166862,0.694880555080875,0.827191089944959,0.2779067164938009,0.5481206848235118,0.6133562372790592,0.5819774537770172,0.4010864147890964,0.47795378838855274,0.5371888523625872,0.45688387004489783,0.5725681163705943,0.6886466979581164,0.5924010455198422,0.5767323390577611,0.672192831440097,0.7018998919347005,0.5262039302810128,0.6201677907484435,0.4582271438830939,0.6759679766862096,0.49515123850003356,0.6161609998432634,0.3953666844197849,0.590492066829766,0.6661884518291884,0.3904595085322495,0.664544082291125,0.5134325754263898,0.6511141318509621,0.562327514271071,0.5608957400825042,0.6250537545659639,0.8054899192566692,0.6830482815140376,0.5746322208362082,0.6920762033453361,0.584415590721101,0.5522738316394413,0.5747078830834207,0.628312408345199,0.7404434635408131,0.6716049750084305,0.6861011728455679,0.23114424637156614,0.9212024247067984,0.8367690021791145,0.6782729417537378,0.4282819432365661,0.5285442711082323,0.5148548265600925,0.44567767669407754,0.6945072414090465,0.6364126430144956,0.687756280919808,0.32166381435948027,0.3834521432040849,0.5328943801559717,0.6018593240831298,0.5935262186734889,0.584681043972282,0.21161273567932737,0.42692778949623184,0.49949391967392404,0.6585235856879718,0.6122014512920204,0.6757607590147071,0.6995039443619739,0.3789503060249404,0.949383944227646,0.15672792466173288,0.1962746051850545,0.7167611950321708,0.9039259024863396,0.27239440285957717,0.5758736619151472,0.8368566517438292,0.7320790824255048,0.7251556680221284,0.6641154881847027,0.845315652293658,0.9163974848510891,0.8389852249373096,0.7082988085843608,0.7372061599984675,0.5802111457716211,0.820354545393986,0.5669050067112551,0.9474126901422423,1.0,0.3705448274580458,0.5663074881909224,0.4840822198600037,0.5680113059685806,0.7370633795075168,0.5237274598749837,0.38249198940032664,0.6066175610798178,0.6779473452046687,0.537067408570415,0.3884899965449844,0.4019947467033705,0.47373794583431844,0.5882652983992172,0.6356658878073174,0.3476798337527383,0.5517491366635362,0.7717601129458125,0.7454241569014026,0.641721511983581
WCLD,0.4913274229347603,0.759112734455737,0.5846437975603165,0.7023401976047481,0.5890708002019573,0.733027207779922,0.41217495479420896,0.3840928355240415,0.3603071796993836,0.6227944254880775,0.5378780927291091,0.4958511359992844,0.35576849833783686,0.43641695626045346,0.5316712174427376,0.15673170012458368,0.1271546920801836,0.0786603740977889,0.6001908494816159,0.8469057644392617,0.5634756814356663,0.36853575742652195,0.47366334129515086,0.645978310260846,0.3197598307241952,0.1226069548043918,0.281797474532924,0.2615168583093371,0.31061436972819617,0.2841167132651735,0.4562003859187804,0.35247427305994367,0.2367931443917917,0.43601673791992657,0.3385012455984363,0.33379792789017293,0.42616806689867476,0.3581187434445632,0.6558516729844079,0.4331518179156877,0.4335739929992316,0.44704044852323765,0.26117951903952563,0.3573696609735124,0.28072598801917753,0.2754040571556552,0.42000093414947903,0.30025463079966436,0.36275967364197614,0.416193835684894,0.37947298728331297,0.3187112321474665,0.26168904526757825,0.2444769397467048,0.30204217074117573,0.8217497427237265,0.4121246942891259,0.5987381924316476,0.42569145188875,0.36028444839590373,0.38760118387137443,0.4361391473711316,0.12454360021803984,0.15562208388940194,0.010042840842653144,0.315697852811279,0.04689340364154236,0.43874895749071496,0.6528086078856893,0.44429876208538527,0.15076252002715307,0.4133724060745778,0.29382927838679745,0.5106503616893411,0.8906499483170022,0.439552275337933,0.2890786874426594,0.18563534498194567,0.5576640829051798,0.5070586214143661,0.5753741668834903,0.4696745265115301,0.5955108239204254,0.6778594780636429,0.472376615999101,0.6437180049926894,0.3670137602785078,0.6448523522218438,0.28383311463075905,0.35511219097403895,0.24013508595570843,0.25879983090261904,0.6298254073126521,0.2877913927528373,0.6886274270075295,0.2780710518129887,0.4527712217548655,0.4798911813125014,0.3939674233125298,0.5108438144204723,0.3142605530866853,0.5750718605607132,0.4547508745125186,0.6716042986524617,0.6192102998707025,0.6728297765113288,0.5260388762577275,0.4494194663208244,0.6030751652272208,0.5618768406578987,0.6172436256449242,0.1054204064547985,0.4332461816832278,0.4441720716346452,0.537296350601275,0.09786216082588527,0.16725856571054226,0.427463556678905,0.2329361015602599,0.6341367605156998,0.4105419786157336,0.6378061237878571,0.1494224094275242,0.22456966098383638,0.33703005627273913,0.6066879943382393,0.27895129282829795,0.6587848282554118,0.11795121854739031,0.23269791465537343,0.2688321331621408,0.5218885745899249,0.5057000503647621,0.6885044488676872,0.5715985289184174,0.23955486652279098,0.42560950526450625,0.0295079370743133,0.08330819993423633,0.5555692090264888,0.467475375402625,0.1326204229394403,0.41040414821772364,0.36582378037648144,0.6428300653589646,0.5056226444178739,0.7059123754884946,0.3667793568933548,0.42457396257189156,0.6003477818376766,0.6564706930773638,0.4604942400105807,0.6621881884226077,0.3901438663237472,0.35930141859191495,0.4281714862592719,0.3705448274580458,1.0,0.42061938091388706,0.4332783887343447,0.3900868427427304,0.40864190082449586,0.578632498491039,0.20127585706670856,0.525954590580343,0.44748509823766885,0.5922966561856188,0.0879791386700926,0.09700047577597228,0.2743517142963783,0.6221306972584522,0.3699657634601082,0.28730695440936055,0.5562384490835115,0.37267076373824715,0.6741541151241108,0.5274215910825191
XAR,0.5461314904402543,0.6111591593408924,0.5759311120976655,0.6539689942915815,0.8028614178982935,0.6062680450913844,0.6262183231395673,0.6096645915463448,0.5330355005112981,0.7138118064395282,0.6358038145102304,0.6248118934928216,0.5542015389180203,0.46457169546279625,0.5964359025019896,0.16234004799861904,0.13096752109508303,0.14680410763527169,0.6634072750782724,0.5076019175961095,0.6783190740776645,0.4678852998103488,0.6465157882222843,0.6547333255896336,0.44849317470101624,0.1373888095775483,0.3514828151224217,0.41595751457999053,0.5088885582110176,0.4244608928936477,0.628397258161614,0.5545660923011962,0.2850476768801013,0.48481656774272747,0.5611664889461406,0.4475043839580228,0.6113082926803334,0.5257102781491806,0.6785537721310607,0.5814713598803993,0.5402707190738737,0.5424053434393397,0.3326439349006425,0.5399612063463832,0.4522020937325065,0.3791277111173456,0.5615380072790747,0.4635795381301391,0.511674181638794,0.4999001115379248,0.5065931969580988,0.5241689441932891,0.42116973432150356,0.4607670649495989,0.471353859969652,0.5296284024253549,0.5586290846846359,0.6836560205406332,0.5980630549988315,0.47018119608415965,0.5926865325292741,0.538167259625475,0.35902464514408877,0.3784045437840061,0.2458088901649589,0.5046245889429005,0.05373304784355553,0.6180783345333517,0.6821883171177223,0.6259384657908525,0.13998840361224824,0.5043967686219231,0.46284952924303757,0.6763276484565687,0.4845051857113182,0.41297625945628624,0.35967865930236514,0.2791669896889426,0.5712717415279698,0.6241831179541504,0.5929486966548204,0.566057786622455,0.7289011174040664,0.6628717754996127,0.5172033861618499,0.6479355743512734,0.42360101814500417,0.7871412424452411,0.355972229652185,0.43912785006995964,0.2529224986894606,0.27056315919126117,0.6538510655272695,0.32076149172156804,0.5936726562530574,0.4383277262883371,0.7257692027595749,0.5981520490804464,0.45984656476355346,0.5974581854533525,0.5434854783145376,0.6595087749017141,0.5801267393527885,0.7226900076275817,0.590966219349843,0.5693633599594391,0.5527624396329367,0.4739614302877716,0.6808411949344316,0.6660387055779055,0.7290614496595246,0.10394297804985668,0.6029824098086388,0.5239997128553383,0.566722613488084,0.2622793437725769,0.37936022281860377,0.5292101929593419,0.3186529520346405,0.6747164204853634,0.4656284460300626,0.6718297044117764,0.16004648717848124,0.23653581906883664,0.39798870279269216,0.5896574482441054,0.3640018172205738,0.584655492430012,0.14176536850534724,0.35791344098794997,0.550605690322268,0.543032370378697,0.5263225186739717,0.7662005082319215,0.677518153076205,0.251762453919519,0.6328918403076472,0.03060528383068342,0.0863043172867556,0.6675792075272499,0.5840526534746489,0.12432224522395487,0.4405094147991685,0.48358937365296045,0.7229131628813475,0.6411144496285387,0.7365002293773035,0.5970897919840898,0.6067702998338472,0.7076481973735724,0.6987116009185192,0.6647132524572621,0.597956500911659,0.5128072353290538,0.3807347113754603,0.6230928326125713,0.5663074881909224,0.42061938091388706,1.0,0.5157595103769477,0.4980563760456377,0.5893851747525158,0.4659796044129277,0.27593471165993466,0.5878806775079756,0.7944970341953778,0.5669152534131643,0.18614609239772478,0.3303107575250315,0.3694992992037707,0.5763729986885312,0.6539719844388473,0.29932055725235257,0.5357471708626689,0.5318191150944197,0.6519419670419492,0.5887916465713312
XBI,0.5180330910391119,0.5264081151730208,0.7895107313136783,0.6324101022378542,0.5487803653944582,0.5183798790081772,0.5160337475754666,0.4841731294294941,0.44724773637981147,0.5847480102010812,0.537210045708803,0.5000549873145902,0.4468302913074433,0.3727699839668602,0.49513689683316064,0.24464949885083226,0.23069515724105996,0.19937925699489278,0.5178120834381106,0.41324350061622694,0.5510582260205801,0.4398836721855232,0.48538090282587215,0.5386449697590368,0.39186593213174364,0.22352957114588407,0.38061486179624626,0.38134921736622596,0.4343841244788805,0.4316749070751022,0.5303539592983912,0.47885384338656106,0.2928686443977435,0.40055660152577915,0.4471464122420207,0.3751696989230358,0.523195466974529,0.4461076183974267,0.5599411764267412,0.49203969424989374,0.4718196283152088,0.4391098917919381,0.3160769812466823,0.4323093910988167,0.4601403545023452,0.3315810199880299,0.45715892144465664,0.405355759304292,0.44224052735325947,0.42249211337537934,0.3978127987638378,0.44113713930992615,0.3145586484326065,0.34529168086820305,0.4013446687997113,0.47205047495021485,0.4597771499197529,0.5986529888057169,0.5149359752927205,0.4141058506236088,0.492859039469483,0.45408431148061007,0.2807270012727409,0.2973202206008987,0.15918522918410644,0.3905049019518292,0.15686804737936205,0.5208675400060332,0.5587915535877036,0.49449406798439416,0.2086381156967335,0.8983237553165775,0.45084576294343653,0.5379576526178648,0.3970444207081423,0.4396849255727559,0.3693383757688698,0.16321360747911884,0.4403972547188428,0.5109116585638922,0.4668277273767341,0.48884933583790463,0.5494624839315019,0.5593006763567743,0.43273614228556934,0.5156845953990046,0.30015529760479964,0.6421008474357431,0.33541117986641644,0.3909230655287777,0.3174890504710903,0.2717546746231509,0.5338116388324607,0.22958913518432994,0.5694686123216209,0.28067284665579506,0.5132319503360663,0.5415514148330688,0.39085787727083005,0.5138486175894101,0.41921358006032955,0.5138524369481949,0.5239523705715127,0.6647521733395243,0.48692372119385324,0.47399625957684643,0.43427383945361137,0.504928619552583,0.5849575331447714,0.5779753185903665,0.677060047036648,0.16694565085917593,0.5190231062057613,0.49820477744812824,0.5401924452698105,0.2078664837105677,0.2975107484963384,0.40016352675585354,0.3253587873056794,0.5520742953241033,0.4713910083503451,0.5534142465576681,0.24289576120550474,0.3131041767116645,0.432781900912637,0.4770115421142667,0.344855998268722,0.47745349209083093,0.0995094084433034,0.3088041251288791,0.311794734342918,0.5241029657019664,0.47791611697080655,0.68592108783566,0.5873030787144337,0.3136463013489118,0.5274588451013185,0.14847644097436527,0.17613401455889266,0.550154168461023,0.5367796104427428,0.22609832478794634,0.4844216860894863,0.4904592054519632,0.5956613586558535,0.5451974023399008,0.584455645948592,0.47939565387733907,0.522030876860234,0.5854459385353326,0.5818000833379943,0.5483387123870006,0.4895041289450725,0.45410706005086027,0.399500270860541,0.5259959225563616,0.4840822198600037,0.4332783887343447,0.5157595103769477,1.0,0.46678571103596866,0.46838552152163543,0.423679816402606,0.15886642865272718,0.4359784150357647,0.5222234690360926,0.4421633578624132,0.21236038704318275,0.2809105132403994,0.5420777683241669,0.48879112933733765,0.4495849607813473,0.20523408042349459,0.5207010417373754,0.44958697181349533,0.6221239980734017,0.452166026291026
XHB,0.6053032391566431,0.46627051212725146,0.5431045776362923,0.49923821622923775,0.5069710020374496,0.43928119965324686,0.5994959781624503,0.5546436452164007,0.4814427870562031,0.6894441016907088,0.7462515767976781,0.5674469873846327,0.4918851651716991,0.41525115060656215,0.42584935903423626,0.3786813212067954,0.34544955305658553,0.2965879225689786,0.5506701359095801,0.36502986806112764,0.6610234234879488,0.5845099237938114,0.6016481952941839,0.5889797257690224,0.4291296453327297,0.34607531361574784,0.43863684391909913,0.41940269095575056,0.4536034047199009,0.4830571835438951,0.602865843192767,0.5688456532216773,0.2891762701784153,0.4293181611124534,0.4820085359417742,0.41387418075984,0.6045251742909687,0.475154336580883,0.6095876101899071,0.5577467394818217,0.577527018810029,0.549088940974798,0.35080150829155665,0.5296524563668398,0.5239848216399938,0.3725599161230093,0.5626609735747036,0.481101536550858,0.5786306334072678,0.4416870365614723,0.4514988112093529,0.514433619900264,0.39100984818216894,0.3819104694574947,0.4325371569504304,0.4477112299700466,0.5882189896879411,0.7976888072702967,0.611773337380436,0.45275320021679893,0.5892099183063584,0.5982497903656007,0.22584592126357783,0.2375204566135068,0.11327423869467454,0.4826627963881472,0.26399712870475456,0.6052861815016904,0.6319292112246693,0.5707260648207645,0.30334884545896457,0.5196268800837716,0.45527973018871815,0.5000546099996277,0.3427344516248483,0.4625539679417763,0.365422059045743,0.2066978701485486,0.45128137711282107,0.6206981428410592,0.4783838324528862,0.6089806635917902,0.6050588022435942,0.6593839718824475,0.5984957225077843,0.6056045266332416,0.4298957058817151,0.6424255420104382,0.3254700571313376,0.43581769138396775,0.4494318987883441,0.27580056170791106,0.5554847319225203,0.24162810915779867,0.7083600241376494,0.36679556208715053,0.7854481972529428,0.5265993442674762,0.5348301250122258,0.8117913215444004,0.49217445125890025,0.7179240977812099,0.5564482492116541,0.6617944137993679,0.4921599444659427,0.4873980231233594,0.4381575151409533,0.6559601871465877,0.7594371762567534,0.6081151134670371,0.7605667131914313,0.2593650123835819,0.5983274209138575,0.5931029625373149,0.6092337846696024,0.1482133596043894,0.2505205359307156,0.44350436209707383,0.2991084422301485,0.6018233207101074,0.6523245224858842,0.5994185677222919,0.32700164658610686,0.4386435336016544,0.46470568249059846,0.5233471079574231,0.3289411691361016,0.4953635619736208,0.1597932488719863,0.3273871730256199,0.266491028995997,0.6060138660214711,0.5139147904249374,0.7166892719200082,0.803492070299456,0.4473054050795474,0.6087183006788847,0.23625525094337044,0.3093591183394381,0.6675791189783201,0.5991070091418987,0.3350139907868947,0.6281562188529429,0.5768740554165219,0.7378285651776376,0.7442561810541322,0.651920108070602,0.5361174194858349,0.589517107736319,0.6534169778209972,0.6345549221089365,0.6835727439567336,0.4879998005044441,0.48090700013742355,0.5368073198894328,0.5952222347616543,0.5680113059685806,0.3900868427427304,0.4980563760456377,0.46678571103596866,1.0,0.7233296113687369,0.4679238450293617,0.21508560677526348,0.5362011945472676,0.7249368646388911,0.4393021667973319,0.34678334686948853,0.31997437126893297,0.43402285551073216,0.6385778119063334,0.4956749127642864,0.23077487498559587,0.7389249567357561,0.4802282654753095,0.6138054250777927,0.46548386170709094
XLB,0.6188297386804599,0.5011295584893196,0.5085880560688227,0.5252787113172918,0.5738855288471496,0.482143956363569,0.746599295564613,0.7198760900700085,0.5954858927476601,0.7850708304081844,0.7609703424854645,0.7439795149231931,0.5756780302239415,0.5309396551665124,0.46405743031714725,0.23641902899892903,0.19005821154804187,0.1380510186648607,0.6085386600388364,0.43610680263707546,0.7717764516139184,0.6953245891400122,0.7612638390080949,0.6842817797981867,0.6079862660605775,0.19205445531731777,0.468863612636679,0.5213770109592111,0.5552258365193691,0.5803751038168735,0.6913335867964308,0.7188803319203558,0.3800364611364662,0.46291615680067655,0.5621415562723203,0.5522273164041841,0.7233609029889657,0.583976279952665,0.7144165236720585,0.7117737984741116,0.6636890933246562,0.6495204965037814,0.485589761178816,0.6483000426246903,0.6012327780365059,0.4718654753832283,0.61807552499253,0.5824674790066953,0.6647721787706061,0.5932723243973943,0.5213105279437698,0.6939356394978307,0.5257311046377471,0.4332083737876573,0.5830617522536122,0.49045088972611806,0.6752217813736736,0.800537073213684,0.721136316349802,0.6163008234903294,0.7354001642604097,0.737874145737325,0.44572017339740855,0.4479840026307794,0.27519509013092325,0.779207734303283,0.11004571567831828,0.7389163734713249,0.7305532996160403,0.7068240251139557,0.1998926462739934,0.5615163713965334,0.5123069729971973,0.5558897278500545,0.4064882787179795,0.5338082787936967,0.4087505655632974,0.4456350912839531,0.5178075365458272,0.7670721200241749,0.5651812951882819,0.618881250939872,0.693196452014672,0.7539761667214757,0.6111079539793282,0.6895446531296884,0.5394881768440684,0.6931751923784943,0.4342382763272253,0.5754644786244328,0.3249412862297054,0.4175354697515694,0.6663542826773068,0.39471097203069244,0.7687850477355594,0.5513856748736432,0.807361699140644,0.5632310352670308,0.5246399062530639,0.8032910749580324,0.7317061392450961,0.7945494106071621,0.5911611256769925,0.7261653388671914,0.5640811440139505,0.5453951198447741,0.5613543265761867,0.6266262096480699,0.8556597069154926,0.6979938436295741,0.7690097017277653,0.16124344459137227,0.7018155178218212,0.7166222048952985,0.6235870704222338,0.3422358317919438,0.45713931979097644,0.4853752661981042,0.33936786532084073,0.71598127448068,0.7552177359680798,0.7064096009749723,0.20455011610032586,0.31368779979820827,0.4911083716267023,0.6086344530325439,0.43640218687021015,0.5724661846115388,0.1698786020095067,0.3573412674549632,0.4039087991861352,0.6078897191778214,0.691285508275405,0.7403243672411102,0.830827043929139,0.32812054799179147,0.7320024763309153,0.06342701708642401,0.15130970102492017,0.8010169229963675,0.7090592017762496,0.18551441287432016,0.6475657904599035,0.6337080278210072,0.8288447151973153,0.8560445651375376,0.7172957202230776,0.6318227142359859,0.6886690851104822,0.7712216307018112,0.7364257398669641,0.835367556395412,0.5586799019748402,0.6184046036033474,0.46256417677642464,0.7265537155149255,0.7370633795075168,0.40864190082449586,0.5893851747525158,0.46838552152163543,0.7233296113687369,1.0,0.5237336459367631,0.4306682800624099,0.6781296249107607,0.7905447981872592,0.5118913137712224,0.45749894175494654,0.4386674157640218,0.5346578899698243,0.6323634932046124,0.7044450915938392,0.43022855536104626,0.6683537518401903,0.5787286834301778,0.694237877128223,0.6398605624653755
XLC,0.5864678521163176,0.6899339397925656,0.5059274753776595,0.6579382478703529,0.60181445334434,0.6768678106475747,0.5606286884673349,0.5237951039652968,0.45507174794975425,0.7515544076730325,0.5535232502674977,0.5703987343411471,0.5057352238152344,0.5056758240118345,0.5393863386302994,0.18828313786665873,0.15737760887791083,0.13350615160457946,0.6321527798286317,0.5731991054421879,0.6769636737336728,0.4656832189643984,0.6388972704384067,0.7692073417956607,0.42382615132186136,0.15779930922864394,0.3537720697765261,0.3699327086318797,0.40922913913729225,0.42114598947991816,0.5957330559201677,0.5133869604729241,0.33387655412331274,0.48919430269797265,0.44271715072697404,0.42618264397058736,0.5757540845111601,0.45512791877968806,0.7896834272344105,0.5589595882116082,0.5431094007062515,0.5400583751637651,0.3405469196423506,0.5016499842411639,0.4359205309532564,0.37493788279429624,0.5558106746299853,0.449544232948514,0.5033220511287025,0.5159184285329292,0.4406094300592019,0.4572304472134014,0.37701331779055763,0.33352452799110394,0.3988094858204786,0.8275253858721834,0.548779737154708,0.6119558959578341,0.5598803077106264,0.44716530193674114,0.533927266336885,0.5713153256655127,0.19902097529837187,0.22422014696520698,0.08791671966300046,0.4024981223030652,0.055717342647548754,0.5871877409196908,0.7926238957623588,0.6058030791178034,0.162511808481066,0.46120472743414553,0.33005609824287707,0.506489851229915,0.6414135792867339,0.5234699379320992,0.3856413991159014,0.21568312420634408,0.6113696620012755,0.6822269980504975,0.7281674953262338,0.5291437570355653,0.6779859371606477,0.7486133381959161,0.48234358199380567,0.6503894749558536,0.42124497028227353,0.6344979348823941,0.3712247485301379,0.3650475716553969,0.2910208334170996,0.3219416918151598,0.7959154857856008,0.31399909189906117,0.7150153110996832,0.29309478892824337,0.543169318140258,0.4341341919960987,0.4693298327339196,0.5488187078805702,0.4345018368378929,0.6610873988899453,0.45971049341483605,0.6622825654970638,0.7552969454847396,0.6418133280826813,0.6667426298757869,0.5231630171694774,0.6860941647140746,0.6196146784296052,0.6120094116607884,0.12411784650184647,0.5685759803615451,0.5289032887916585,0.6343052129605682,0.17227978271714972,0.229776710020048,0.5073046764996777,0.3283339630214925,0.7906150882461916,0.5134363588807922,0.7943218458939753,0.2038177143807712,0.28325247877276677,0.3246645636673656,0.6357120207986323,0.36438311404492557,0.8141274847747566,0.16153133621604956,0.3349296441798786,0.32719398803984406,0.6119433960216638,0.5957499862289928,0.6536790942524562,0.6092280953878083,0.28678683512145425,0.5716668541940355,0.042336522987592766,0.09844642820637432,0.682587222025212,0.5875399682748471,0.15542818150462887,0.4722882451782158,0.49698195798112893,0.6828708442178231,0.5975279516140142,0.6961889949903122,0.5059933812250906,0.5542002783602942,0.7425330768091232,0.785789380760943,0.6021032223267612,0.7906362013869503,0.49181601635469135,0.44254668284301757,0.5672373390923842,0.5237274598749837,0.578632498491039,0.4659796044129277,0.423679816402606,0.4679238450293617,0.5237336459367631,1.0,0.22110964082074783,0.6089501550889822,0.5758770324615208,0.6260742884483017,0.29615489865245437,0.23935784670119856,0.3895918036010941,0.7455583424959622,0.4030044129072535,0.2515679310889254,0.560163660320595,0.4694188703141462,0.6959150899535004,0.6845831617181564
XLE,0.28504977203232545,0.20182042243165646,0.16122718226958746,0.20651813405954741,0.23693917094786288,0.1884479742570023,0.33034737415113874,0.35468276847944663,0.2092138390273633,0.45421019551751696,0.5519400785339077,0.45360449740803943,0.253685351805585,0.3502181590518766,0.1844752273886804,-0.06140449168652621,-0.11392947530890278,-0.20461528333155832,0.21134723057953453,0.22267411291042358,0.3999266825716237,0.5773702094985956,0.4915308335403478,0.2973945725803239,0.327639271399074,-0.11750765757069179,0.05226274118281411,0.18300071319812253,0.1305341838196805,0.2299984706107765,0.19452367388203987,0.36062832762520824,0.1424614502725375,0.1126358099541708,0.1700235951128114,0.24051237600314504,0.28349593442309245,0.19184953814153796,0.3495774214517967,0.3643847836442983,0.2131815753180554,0.17391451617163994,0.22220036467116805,0.2687072229270653,0.1591674124442101,0.16584808984888635,0.18273416372226092,0.20704384489970887,0.21685758524774157,0.3018832917807312,0.1707740507272713,0.35665977761268725,0.23281915740365988,0.10867164748859716,0.1644097806338886,0.18591014447378545,0.21365529389953838,0.4371630736488625,0.28225532939970005,0.2971737271051369,0.3660881598593864,0.4105268788181004,0.07722676372306655,0.08499890427304434,0.04146621449498798,0.6798965140515011,-0.16792714202797837,0.3162939151181772,0.3578849325164174,0.33628981731175395,-0.06193404434726195,0.20717112558056847,0.1918860299254642,0.20432570696682256,0.18158981113857775,0.20944008306422415,0.09983135070412524,0.9761198116864678,0.1741340957884215,0.42563954103119195,0.23758669609459582,0.1844431889244854,0.33938523840417406,0.3775207720868087,0.41582417622034323,0.3826476812562632,0.37325791569260136,0.3087462802832654,0.24347741241206286,0.2354180492851761,0.0004646170603928007,0.18986702809993974,0.3166095646520922,0.6838605641393549,0.35201843479602285,0.8296532657039731,0.38639841029252003,0.2655703105430215,0.2924216909868415,0.3101685891785446,0.34670937514382133,0.5221993224469805,0.24960358305005198,0.30930796603956384,0.202456663263041,0.20053697766201017,0.2708939858398623,0.32029505428742894,0.47549624765711634,0.4243692542673964,0.4015493755417024,-0.025378861723019543,0.25910369042233206,0.46491095699198387,0.3150648012724825,0.0987962678178062,0.10910036736472561,0.17055253955484384,0.08012345225118327,0.3582479320113664,0.5109246607853958,0.3206751365186986,-0.05954967113693337,-0.0017750214920840078,0.20996474942364557,0.2830624034206643,0.16362539715076724,0.21671502620346778,0.01723203279360141,0.07064593762534337,0.19201274940961782,0.29178666246462587,0.39562203451288525,0.35039338760820093,0.47652978858917006,0.016246507418534274,0.286842125705363,-0.2009233630113628,-0.12064024447916906,0.42549581668612146,0.2726468606187337,-0.12189901730697615,0.29711178462520865,0.20003281997468977,0.4536352066117183,0.5274835246225708,0.33441897795781894,0.24815673264747534,0.22247892526557994,0.3511890382819603,0.3692294926763215,0.5423647850682998,0.2040733425271098,0.23123181191018816,0.11462601798303937,0.28285504387317806,0.38249198940032664,0.20127585706670856,0.27593471165993466,0.15886642865272718,0.21508560677526348,0.4306682800624099,0.22110964082074783,1.0,0.43051490745277365,0.3859414957146726,0.19301459461315934,0.20923519695360204,0.26278345488338656,0.24079296074237466,0.21704733276140553,0.38410352689231975,0.9321598073060328,0.29408081652100754,0.18091192016367827,0.25559895473390043,0.37189547599820216
XLF,0.5800586850255709,0.5953407230463752,0.4659071447510849,0.5615879079615702,0.5503115265664508,0.5488903427244426,0.6058385543304377,0.5639509231045735,0.39117123187213554,0.8011008065850548,0.7712846490754787,0.6760272413768701,0.48958364158086226,0.6156426588023681,0.4957683776240288,0.11704207945442907,0.04707250710446261,0.030193566483073333,0.5386552635942543,0.518923051571164,0.8519662276865647,0.6734513289175509,0.8398080289801165,0.6911071729242129,0.4210673646520949,0.04896666508304877,0.27721372498443714,0.37772463537995254,0.36575158027472787,0.45625115190125376,0.5572923738700528,0.605437751227594,0.2843887697601341,0.4462969830623544,0.383247396903513,0.45087654729929616,0.5962873874771899,0.3846641876722735,0.7412587963980776,0.5911691444849411,0.5336387871485505,0.5425555895187831,0.3127690457933378,0.5750850377299466,0.48593437767685976,0.34731922693367295,0.4861312176462389,0.509034609590421,0.5239784435738277,0.5105602245257101,0.3554104599167528,0.5781643816809142,0.3895418912878825,0.23735915979701738,0.37017130117737845,0.5820267427656906,0.5442236290554548,0.769590091609732,0.5612607860834627,0.4151943297732389,0.5723793916351263,0.7905266258647567,0.1476652800100467,0.16434605171123393,0.0066549184268938225,0.5135251870703085,-0.04175816986193354,0.6271470807974987,0.7629790449590043,0.665607581263444,0.09406794940073347,0.5008350205847012,0.31329399464177815,0.4947882780241856,0.5280267466500366,0.5555645561336441,0.41257340911918267,0.40663352956129245,0.4522792187498992,0.7941593700320604,0.5677732616485127,0.6431263074061248,0.6904311111688185,0.7630035322130935,0.8131680230740455,0.8634727604927804,0.7875384087733392,0.6434163370189279,0.4025448896797622,0.34038020409127895,0.2093151776099402,0.2574773686872242,0.7037266708487123,0.4580184649138922,0.7480358035677277,0.4868928842703923,0.7066194227161096,0.43228663595908057,0.551941216729481,0.7020678186983723,0.46042007067354956,0.867966656028182,0.4363603381895267,0.6598695037586781,0.5466422333245031,0.5033848357039549,0.554323036232203,0.6174577969881447,0.8405790798308939,0.716614613646396,0.7379976997045333,0.04221538635745725,0.5811823300202319,0.6033667180041172,0.6275259792945744,0.09816085006822177,0.18248989601861523,0.3726983724203999,0.3393724820759247,0.7397851838529698,0.7414618812064241,0.73426449755008,0.07968129912523877,0.19760589626084565,0.29132325050251645,0.5553445206526526,0.29114822819830793,0.6301889215666714,0.16527654154992558,0.3712266612416095,0.30172655388622965,0.5947859885043325,0.7499599232567451,0.692920863015381,0.8107942063715706,0.22415173119419637,0.5856673537937793,-0.08887429466375389,0.02736133331697419,0.8299239308041896,0.612586698726041,0.05004301085962653,0.5918212899179085,0.5132029287060716,0.8151378320673409,0.8349035290689342,0.7180207913017252,0.4747599009287443,0.5351788978098353,0.7211581624642358,0.7581530297313528,0.8566059786896959,0.588510769440895,0.4400370801372193,0.3653344970605506,0.5628282957127877,0.6066175610798178,0.525954590580343,0.5878806775079756,0.4359784150357647,0.5362011945472676,0.6781296249107607,0.6089501550889822,0.43051490745277365,1.0,0.7462235704427215,0.47389729533103836,0.3904046050455768,0.3662475960329525,0.5190255560361641,0.6479878560230522,0.4921474720547483,0.4222735286842634,0.6161010892187834,0.3909126953356331,0.5935944547032794,0.6876826631504698
XLI,0.6466242718307339,0.6032622301485099,0.5638285919733594,0.634486090640533,0.7219240864072812,0.5902605518280409,0.7252742614586901,0.6812877296549206,0.6004647091912739,0.8803898765962176,0.7972269838977786,0.7146560012952095,0.622201797388036,0.5673286911330018,0.571443264393533,0.17406299538811834,0.12312186142957665,0.1239077399432143,0.7106260298052149,0.5278680517053581,0.8547210813563639,0.6334125980868552,0.8212141273099689,0.7862952596513274,0.5131758193133991,0.13039354112422935,0.37665120870047375,0.4624847511707992,0.5540163184084068,0.4980295521234192,0.7245593506765625,0.6658774472774422,0.33501645077182063,0.5294502327011942,0.6155752416897635,0.5111195292779861,0.7186897528901443,0.5886468896071405,0.8205788948842494,0.6717995985443538,0.648321434732176,0.6293262350511409,0.406335648839149,0.6268263712611992,0.5552799069151827,0.4263509606815979,0.6711714000896323,0.5424612888983235,0.6299504336803318,0.562606743585075,0.5764660345398208,0.6268274085578872,0.48748042963145777,0.48513611572324045,0.48967606189847485,0.5919848637917512,0.6701780686118154,0.841310217728424,0.6925215067896643,0.5490850278328994,0.7017037499815608,0.7412722175986597,0.29386342112493175,0.3115131063608326,0.14484949345706927,0.611803809048692,0.03163452543059139,0.7285318798993508,0.8325727929480912,0.759866351965664,0.15308258095179128,0.58123137639775,0.5065112743673909,0.6852250687290167,0.4876780271962926,0.528925661685563,0.4326044507427678,0.3778531298480818,0.6501898257292921,0.8262292717283658,0.697961739916762,0.6870299445418256,0.8522036226665329,0.8412401124754796,0.6580082408699299,0.7590971356557777,0.5527925334241335,0.801646470101937,0.4256749719141498,0.4959043386772406,0.27859838117572644,0.32617509117226734,0.7789833682961076,0.40104730818695183,0.7697651619407799,0.5471242770927346,0.9370478097136647,0.6056867360273145,0.5280340326369367,0.8283569559510205,0.609037852800774,0.8454960846714478,0.6413649901541506,0.8127556835144368,0.6888295655803204,0.6646618860250925,0.662141310328209,0.5957567116830864,0.8880802515304382,0.771334029767396,0.8479720581615914,0.08396592721549458,0.6853292843168841,0.633716972231081,0.6710381020473353,0.2037396112117032,0.3266483813181522,0.6216994253739486,0.3756323170073996,0.8200372936661078,0.6745305545542134,0.8128975548862752,0.15258383823955526,0.2642228945498366,0.46615366903259764,0.7100928584319661,0.4000915174974782,0.6879075712081708,0.19679357545035417,0.40422678159044706,0.4646046595478299,0.6417702090967721,0.7020706891977019,0.8433901921426442,0.856729791969797,0.28297418722225265,0.7314158368627955,-0.004605221661575841,0.08280529156801572,0.8678473689842758,0.6956933816823351,0.11632261259762103,0.6060824151219601,0.5707751810753526,0.9011467473184801,0.8561651069816919,0.8559412920059912,0.6673927105999228,0.697953196393219,0.8384528570243122,0.8390071294010214,0.8787334763439106,0.6842685194770284,0.591094628579961,0.4496927248780808,0.7187214031767306,0.6779473452046687,0.44748509823766885,0.7944970341953778,0.5222234690360926,0.7249368646388911,0.7905447981872592,0.5758770324615208,0.3859414957146726,0.7462235704427215,1.0,0.6514664007341853,0.34114634682096767,0.4206291888997465,0.5082388849389015,0.688457341756491,0.6499789046829827,0.39269536650917003,0.6735620685763982,0.5971332248624417,0.7606635497377114,0.7219750723602447
XLK,0.5591741461964341,0.7011965895428272,0.5284480487699398,0.7093550680588703,0.7832326366044878,0.7388331765324156,0.6176896801102061,0.5708783368869234,0.6996247602111937,0.8292992729340253,0.5417288271658456,0.5742693618876591,0.6071200805113529,0.5237662803109617,0.6487200916505813,0.1372849148769527,0.09668828593352287,0.0835992199442202,0.8341936348852742,0.7374698377775244,0.6704746311252304,0.282006723164245,0.5798621585611081,0.9103033795490894,0.490387535741808,0.09584305289254541,0.3647054628149634,0.4166429099928635,0.6157748817311365,0.3192595479350672,0.7137794859671169,0.5024983905690235,0.31338031867396104,0.5762558157881067,0.7280072027787126,0.46602543580578015,0.6383457582916944,0.6858231400629713,0.8959940460095348,0.5831317244102817,0.5554247721066098,0.5745998436957811,0.3675642534324928,0.5054752572077881,0.36806619336670293,0.4087513865275828,0.7418740063120971,0.4352124059054592,0.5115430329401279,0.5220601089105052,0.7503058116960603,0.44036587336384075,0.412030392772218,0.624980014111516,0.47341116598346095,0.7821415859898377,0.6214377990050383,0.6179658973265122,0.5980064721765321,0.585823424314227,0.6089651158222635,0.3955076627978632,0.2896439744962486,0.3188200204488767,0.15438094154952653,0.45612793600036794,0.0011525528123432142,0.6274964316772789,0.8752564188085532,0.6801125244081597,0.13353487239365874,0.44393233027023465,0.4969042484102812,0.7506201511597138,0.7531804784224865,0.3628476962989316,0.41069102640958477,0.2041687581784746,0.9880503795670342,0.6177561061832753,0.9226717355309232,0.5067711484572617,0.8941269676041672,0.8383761786258929,0.38694306804597806,0.6136157925804954,0.2063843157445395,0.7699729819350096,0.38110144834305903,0.5048696881760072,0.24072002509535378,0.35319010483112884,0.9106674510210218,0.26427869829546574,0.635128053018491,0.3734389673194381,0.6590609883813924,0.603517222617548,0.4179022137000471,0.5071983175128169,0.5582089955696196,0.576387853478318,0.6713121670141172,0.8051826506921683,0.9640587560281371,0.9437433118439102,0.8432180146842406,0.3990786509456458,0.6498657653218615,0.6751582010290026,0.6941507572197548,0.06515429618660816,0.579271214812372,0.47447001108355186,0.6056662867616854,0.26987002716661646,0.34212232769556533,0.9239079747162723,0.3598341091336275,0.8926359648010742,0.3023615776123309,0.8929635656352782,0.12145575699534734,0.2244780667077908,0.4436635714248475,0.910541352705438,0.4365447055513243,0.9107413955910253,0.18858021169198522,0.3790701075837781,0.5247673535960097,0.5699229996462529,0.4823073775307084,0.7731363740185792,0.5800475725769334,0.2435192712563172,0.6708607215763184,-0.020129268452653573,0.04601422223250708,0.7124976937547544,0.5795180677686311,0.09879773832442033,0.3096415424307766,0.4134174101118915,0.7138769612303472,0.5209245937722703,0.8280301808028342,0.6852939664797922,0.6970149850996442,0.8568257666978077,0.8819521730684,0.5816388136883355,0.9351056441348257,0.6504478708057346,0.411319596836279,0.6888570651004103,0.537067408570415,0.5922966561856188,0.5669152534131643,0.4421633578624132,0.4393021667973319,0.5118913137712224,0.6260742884483017,0.19301459461315934,0.47389729533103836,0.6514664007341853,1.0,0.025862719691731064,0.14428031508536518,0.23790653772469675,0.7043875863370872,0.5627485229884354,0.26279839777315167,0.481991003784699,0.7003584329362957,0.8567730824243649,0.7623035022065937
XLP,0.3227307592847708,0.10951604949898752,0.1134755834009435,0.10361527273252939,0.0952855383603474,0.08038591039852652,0.3295816365418539,0.28586648573558493,0.1328744825595609,0.3194258045268805,0.29973290608282316,0.35883352963464515,0.2078921922578118,0.21174253436420173,0.08000460917791961,0.20855805004986042,0.19148098338912967,0.13784789549901658,0.10205983000440978,0.0662866410676201,0.4518268535952721,0.5682287031399678,0.5295980226902887,0.26103889715654677,0.26558026351239944,0.1866074466481576,0.24172315238255668,0.18110290874303744,0.16792463412545192,0.5023663281783539,0.2848474847150812,0.38766190473375434,0.20715526540557008,0.12597142059059604,0.09713028333637595,0.24088785757453482,0.3392805972091788,0.12947935477097497,0.2981327469998603,0.353614602761843,0.2811116115035183,0.3121734161773218,0.19709986676956068,0.31532615726847263,0.4491998994312709,0.303117607315509,0.1719282665675967,0.30484459889429977,0.33738610842344896,0.2987911308330773,0.046870671312396396,0.42495039019105,0.2429010018660727,0.038476301578373846,0.22822230903498972,0.11598436960710858,0.30044238907999593,0.3354844617803716,0.32921864911572274,0.21485567974970013,0.3307888039336731,0.7067650061788611,0.13421996780801942,0.12058301963748053,0.06608988771923714,0.29641530669258653,0.160919207002784,0.36263943529153086,0.3315862664210821,0.29614503589448976,0.17542997530695334,0.336393154754598,0.14768653969388468,0.04396935009886252,0.06573785441427818,0.4639771335319917,0.20317056847067352,0.2117114718870606,0.02048408514263579,0.5649837954996932,0.144735131718172,0.23613618689085633,0.2241844082803805,0.3825805015339323,0.259428911281135,0.25428553685431915,0.4700661064568634,0.1670156394513338,0.2593916323370399,0.12179872631461307,0.24224675168888732,0.15053367061184486,0.26963629701147357,0.2478357226137691,0.45542688097034617,0.14181292214486121,0.25232986953913605,0.08461971829125713,0.256347696614112,0.4447826494093202,0.1905364436460795,0.4249419043069291,0.09618775585323794,0.2339375573987418,0.1320900528727747,0.031946956377398354,0.17472286945977072,0.37106456014334777,0.49464022092683796,0.28632570144562264,0.2620722457851269,0.16834390359019968,0.3186933243345278,0.377787909138105,0.3210478341121583,0.05739752692074819,0.10787071482239362,-0.04356646796676871,0.14326031846151493,0.30748768303507756,0.6148961465318881,0.3103890344148911,0.20280345131610952,0.23943463192464606,0.13974146419000544,0.13869473723490755,0.198782200085093,0.1946626063305006,0.060130338479911206,0.19497179878511034,0.00048548293548375776,0.3080440053501187,0.6772302329439024,0.22055398029405437,0.3853530078615895,0.24208364595049628,0.3128866844784675,0.13345092958328106,0.16867153637617624,0.5268031903080826,0.4208064011229125,0.1717985173558058,0.5480294718694079,0.40338199940947334,0.40856034711343064,0.5439444955854938,0.2388993331063943,0.20252549153577495,0.250400753924677,0.3130181841788024,0.30560544121779276,0.5494388336616243,0.14593343584912868,0.18786764653304924,0.25221486834816825,0.2875481117556028,0.3884899965449844,0.0879791386700926,0.18614609239772478,0.21236038704318275,0.34678334686948853,0.45749894175494654,0.29615489865245437,0.20923519695360204,0.3904046050455768,0.34114634682096767,0.025862719691731064,1.0,0.5086151564112763,0.5583161129479852,0.3114712032461883,0.10616886680306686,0.1255690293310045,0.4096769748731191,0.11681481094240634,0.20327638731459902,0.3036451124403787
XLU,0.40560256027075403,0.20615216199965933,0.24326455139567912,0.2249904627519939,0.25027959860128396,0.19028588640130883,0.37895051383282025,0.3618227271577509,0.24436902980427194,0.37361724100249,0.33573487536076896,0.4419846561023807,0.2524808693390519,0.21683761259356713,0.20629601598944625,0.29231107389447886,0.28019720785268787,0.2294360172014662,0.21012261360782578,0.12273506252693714,0.4109882901202172,0.586524194949151,0.4612888704365133,0.3081330354080998,0.3132272382333601,0.2773984038670421,0.30154444982392614,0.24403830642100385,0.2376725861179815,0.4346431746537182,0.32010899349099686,0.3894728275240647,0.21010480141817608,0.1828989603153104,0.22886928007753066,0.2551335703494824,0.3637714703681603,0.22665952222820718,0.34459987265610187,0.4047114012185979,0.30934256478075944,0.30859629558236257,0.21214894533194467,0.3294253054707338,0.4027411177225994,0.2771666374031991,0.227489198018795,0.3348797915354538,0.31597363488075303,0.33322381338459917,0.18029727008916116,0.42729194224308603,0.2699738777827263,0.16671373363948697,0.30036335508003326,0.15312098026368856,0.30140495600307493,0.3774474113379636,0.37373045776375713,0.2756485289975117,0.3642048849587633,0.5058682462315317,0.30506311605246794,0.28680890920381025,0.1871732011021514,0.3662362502439927,0.22503208271033795,0.38084686763356546,0.35474613759585955,0.3221434850257492,0.2482871662130362,0.33158610704913494,0.3608426461375977,0.24832837113401826,0.09005983289702885,0.3619784303810517,0.19167240912094508,0.27955708899741366,0.14375982346326147,0.5087710605810835,0.21587346116294984,0.2230993789338225,0.33265829471350694,0.3649868501602973,0.2838948680219863,0.31296912207291705,0.38476638829778714,0.31151144167976347,0.23960657769287866,0.1925173250738862,0.32303159757337513,0.145749506299748,0.3021820314196041,0.343949026916524,0.3656705267689123,0.20977928621020284,0.37764559947341314,0.27868184062310714,0.3316097568651034,0.42458769849989614,0.27010610410360936,0.40588511694862317,0.2833064256981045,0.31855428281193127,0.1935218476531221,0.11659470420655767,0.2190368985994554,0.41383375963965946,0.49889711692141764,0.32940220056527786,0.3608520072132892,0.24882079141326402,0.36524831306055566,0.43122169823940204,0.38730306292652117,0.18550289726548794,0.28385111503691174,0.10660668949492252,0.18409147567526452,0.3452447934986049,0.6210781274511036,0.3437619231041987,0.24754675678993315,0.319462053734612,0.29743211187362334,0.24417869049729848,0.2333381925003925,0.214483495945639,0.05219229611292465,0.17309434432184567,0.21655056583685486,0.38983183160402296,0.5801292359168586,0.3390186572752198,0.4205783357684764,0.31811899823742446,0.3633774543111938,0.2168218913164465,0.256187933063934,0.47983535988546233,0.39799012051273697,0.267561192492562,0.6144772292157109,0.4451893622863141,0.49278053953341777,0.5818349827627616,0.3586383953205509,0.287044512532653,0.3172746822929639,0.3667201879699817,0.35207916351856766,0.5495278906319419,0.19245077198974528,0.2563890147024183,0.36621347047575203,0.34641864075782974,0.4019947467033705,0.09700047577597228,0.3303107575250315,0.2809105132403994,0.31997437126893297,0.4386674157640218,0.23935784670119856,0.26278345488338656,0.3662475960329525,0.4206291888997465,0.14428031508536518,0.5086151564112763,1.0,0.40763909560565037,0.2501087209170014,0.27446405959716375,0.23143334953880113,0.2890976099608455,0.2195557160457124,0.2875408876848397,0.316460778703185
XLV,0.44991237628772035,0.27339561188114614,0.449084222057338,0.31316489909260686,0.2802485156799333,0.23497792319666808,0.4608691303224598,0.39335965459219635,0.26565183581065405,0.5070069341776876,0.4342096279553095,0.44774528523218565,0.3571661287600929,0.3350588821568313,0.22119249431132063,0.22280814126287718,0.20139090509390212,0.1401741145928253,0.32637734295099674,0.2774650040796045,0.6451014188555745,0.543179699641197,0.6433047652434578,0.45446587735966987,0.313790770878982,0.19294451580057287,0.2807253080873948,0.23694741920357387,0.28695968168184943,0.5176947344075103,0.46773215437894106,0.4780436249227444,0.2397135882563057,0.2809042863128484,0.24290136444038407,0.31557128807595936,0.4850627559151157,0.2579167731669407,0.49896730974359194,0.4438331360743834,0.3968738564916012,0.4122909648694367,0.25768447459109506,0.40371792941781653,0.554188258729661,0.31488334681938984,0.3351128588257707,0.384833560911295,0.4309641277779634,0.3801227904197023,0.20098267191520142,0.5221260509677201,0.24371816567747107,0.1711415377372841,0.3093677700294466,0.2961109153412465,0.4233433608514714,0.48904784086594544,0.43610979862901605,0.29758257160803325,0.4449040107595912,0.7366408870913668,0.19004425627789215,0.17957014648166572,0.08974086739982876,0.36379999738382446,0.14776637425880057,0.496384976798386,0.5202902826926813,0.48105304403067567,0.17213253432194958,0.7378548675901717,0.23400871746346488,0.2536075457334105,0.2735820340943285,0.7027215159551813,0.31682305401773747,0.23422605274869496,0.22623212305431484,0.680813177297564,0.3394533987169779,0.38060236752839277,0.4429123202407214,0.5608160070906166,0.3679730684747973,0.42462450358281345,0.5043043296568489,0.3882388199771611,0.306638100731427,0.23094480782761143,0.2823152511636955,0.1967439485195724,0.4677009039056345,0.27551648273237134,0.6256877415978512,0.24918399769692892,0.420536619168262,0.2386970311555845,0.3359404684048955,0.5736245572450703,0.29813013460538995,0.5665165397315735,0.23782416890171332,0.4933131616001338,0.3140277412513936,0.26363514460767457,0.3444251573190338,0.45316649378022106,0.6351084697351925,0.45730733978982696,0.46449432952832387,0.16226831756145238,0.4304399725856751,0.44142976568403597,0.45544726815805125,0.11394308836460393,0.17544024716562406,0.177375806949092,0.2697975067942724,0.5003264065422997,0.6022441411661269,0.5060645445603378,0.21605688065992817,0.2816225985401265,0.23330090974151377,0.33187332624310995,0.2694364326552329,0.3765946960887941,0.07926730504999734,0.24917368330293055,0.10843524463301615,0.43448596140051476,0.7401262177852375,0.4563179988756583,0.5293538724015501,0.28345783101792726,0.45592792958346195,0.12442331561432712,0.16868613611012973,0.6767353503551925,0.5721712963266214,0.1804891821382283,0.555603228668182,0.44193178720503923,0.5626838711424628,0.6195918451983097,0.4550736434706242,0.345271954451052,0.40854108975189424,0.5000540415229409,0.5075114042827008,0.683590875940126,0.34605998542328104,0.3056130734567241,0.33428861562599155,0.429197777708499,0.47373794583431844,0.2743517142963783,0.3694992992037707,0.5420777683241669,0.43402285551073216,0.5346578899698243,0.3895918036010941,0.24079296074237466,0.5190255560361641,0.5082388849389015,0.23790653772469675,0.5583161129479852,0.40763909560565037,1.0,0.4016142789822701,0.25904639554642667,0.2118507516391951,0.43346338376276633,0.25236016161221625,0.44392696063389675,0.4657766016329117
XLY,0.6554386201596051,0.7508948009591598,0.5969969424419691,0.7899013928170733,0.7724105038223721,0.7734080827697506,0.6385049715222906,0.5893206517600007,0.5550630660564644,0.8431098085070208,0.6845126321280834,0.6260720211259765,0.5747911183046844,0.5706987028408859,0.6271251603225683,0.2519137519254388,0.199698200573053,0.17182562175101504,0.7165237978335226,0.6015901058779262,0.7638990831362426,0.4934166133665563,0.6907427626792799,0.8427990623015177,0.48347399537384816,0.20055794220333995,0.4076700359458194,0.44747550826715343,0.4995268965102159,0.4330135246784734,0.6800158235517053,0.5752594210626016,0.3472359933411611,0.5395772255712048,0.5497966650858958,0.4805987712416694,0.6522345844558425,0.5491349910831089,0.8579860198378783,0.6154513827879616,0.5992351000654329,0.6098537391753851,0.3945229392196445,0.574375308968153,0.4700536129183701,0.42174141620868,0.6420803596376129,0.4912246684780213,0.5744432554184641,0.5418391595907579,0.5449813553866723,0.5181298577211809,0.4222267788705658,0.4244133877423032,0.45966739251330657,0.801118194042083,0.6304925717129916,0.7529542015754556,0.633944995725039,0.5213584317918044,0.612543307011416,0.6043241074812633,0.21194377032894934,0.23475108738563247,0.0796391288797792,0.46854768366065164,0.10009958038248733,0.6616910755107014,0.8567479745880027,0.677461443453399,0.22070489290939013,0.5244503131017713,0.455768725023088,0.629216411555286,0.6548296162366706,0.5151511335672089,0.43723401740901313,0.20956982314724312,0.6939592382745606,0.7268951170514254,0.7898017716521875,0.6676155433332046,0.7664536096280042,0.8117398941590243,0.5738572075885358,0.7148912694983841,0.43048202396671553,0.7641407351807535,0.40441820744413387,0.5146823105079574,0.3539892250187865,0.34469254688589773,0.8515443281332898,0.30067729915655367,0.7733434898471319,0.36086789757175614,0.6887478804193351,0.5984679256083011,0.524534605839366,0.6636771890126197,0.5202789724078885,0.7462495323122895,0.669739259751479,0.7743571191544768,0.8195434225294006,0.731379355322856,0.7219006911061818,0.5935431881306744,0.7794097598181575,0.7072758439611243,0.755408035471674,0.15634135281608613,0.6378637321087396,0.5959132978688102,0.6986317246511176,0.18001340368226187,0.2539234594794681,0.6151496546344525,0.3672127010745771,0.8555673883225202,0.5599297926484704,0.8582748757365632,0.2195495825695803,0.3357297227365352,0.4478213208246484,0.7065168945564894,0.40324959900158747,0.8487212969489151,0.20787056627075196,0.39686972256643976,0.38110407351987213,0.6764084623795665,0.5916805420269606,0.7878584324418637,0.7401206005790651,0.35975979987833057,0.6546956863250049,0.06521132931153982,0.15361987412556016,0.7608302285289178,0.6407880374060695,0.19070718639829923,0.5363872283031058,0.5397052165959912,0.7897357425999231,0.688056145645229,0.8056262883748208,0.5942646868541414,0.6455009354764744,0.8279527673230328,0.8629527140990385,0.6851418800790816,0.8371546759296061,0.5724194245225452,0.5121313086053692,0.652455257966341,0.5882652983992172,0.6221306972584522,0.5763729986885312,0.48879112933733765,0.6385778119063334,0.6323634932046124,0.7455583424959622,0.21704733276140553,0.6479878560230522,0.688457341756491,0.7043875863370872,0.3114712032461883,0.2501087209170014,0.4016142789822701,1.0,0.5046532471538038,0.2639576112921962,0.7219389786449385,0.5630057648043071,0.795146322630106,0.7219907609718917
XME,0.48698064844677896,0.5384703137204709,0.5327933582607921,0.5826938577847676,0.6851008927076044,0.5491555691748874,0.6780474246931473,0.6944728937012798,0.6412190599900908,0.6877642689941701,0.6793210661419685,0.702795879436252,0.5576234159573284,0.4261064339392395,0.576987874282696,0.12522647669848477,0.10236522103303039,0.0940325786960647,0.6215724205047449,0.43873102318783636,0.599179484697205,0.48100062409381344,0.5846758502922231,0.6045627198868052,0.6005204172687828,0.10188975046181266,0.42504635130106977,0.5248051530002799,0.5802871958214316,0.410375055769681,0.6228834079505073,0.6047227534657258,0.30910207786837196,0.4603192590207084,0.6302077142946464,0.49921720783799167,0.6325028740469453,0.6229963776462343,0.6223215155658136,0.6564641081881049,0.5783223566323233,0.5416252265259679,0.44399591667589955,0.5298857095869407,0.4154290721438911,0.4127577801409772,0.593933874750852,0.4789389139460218,0.5226921769811422,0.5133896490131598,0.5727755073218964,0.56533572116676,0.4952788192247719,0.5234564182450164,0.6153483845678946,0.4714250380524814,0.5662734904005876,0.6885313866778653,0.6467837309517164,0.6196823466809044,0.6649524700373433,0.39188946391218166,0.6090102997890925,0.6311295138886824,0.45171760491146723,0.765777995481699,0.02459046876527386,0.6337303474742269,0.6172623180287871,0.5960239853028001,0.09083591133789583,0.4498919494149274,0.5511311189925026,0.6874032455415224,0.41008980125721295,0.3010049808408055,0.35035302003632696,0.4101318133497352,0.5738180939270386,0.503294363084483,0.5569275130947214,0.5183827942841628,0.6637650229864585,0.6011122114489251,0.5003961490657488,0.5975166895486669,0.2813994478216126,0.7468317704768205,0.3607633309942019,0.6030088756506309,0.21512942102781285,0.3993297804496752,0.5943047948725456,0.33516188651430956,0.5338739849389074,0.5433579001666893,0.7130028881781169,0.6825223802120769,0.4510633141418422,0.5302840902993151,0.8231629023173681,0.6064243900012624,0.6584172636008915,0.6886673585947951,0.5630873693868561,0.5761418216093745,0.5264068770999539,0.46324449266663914,0.6311480026403172,0.6361359157477002,0.723746452546139,0.10197907716706549,0.6249624740928119,0.6334977664599177,0.5016968892318837,0.5254857388228046,0.6595109498523791,0.5597999976804493,0.31168284062058726,0.6168499572349239,0.4694195393631258,0.6091889640548371,0.13494778728862228,0.1970571043574728,0.4927425050504586,0.600950957978881,0.42740290303686074,0.5219844934693869,0.2046282796227377,0.3085335190764582,0.6775968240862024,0.49158680588206094,0.40927177493310435,0.7234299526477657,0.6704147191799164,0.2093614835062605,0.6708265328714518,0.01208624238833354,0.051292661258316656,0.5906225643244694,0.5697798845385363,0.10115605640297573,0.38349399387970057,0.5197298177744303,0.6705399219430163,0.6154762993832112,0.6537773437177629,0.6414943269163518,0.6554784014029336,0.6942666897195652,0.6457067330443953,0.6182209839656732,0.5393506995304849,0.6198724089488034,0.3519797988023878,0.6820834008366331,0.6356658878073174,0.3699657634601082,0.6539719844388473,0.4495849607813473,0.4956749127642864,0.7044450915938392,0.4030044129072535,0.38410352689231975,0.4921474720547483,0.6499789046829827,0.5627485229884354,0.10616886680306686,0.27446405959716375,0.25904639554642667,0.5046532471538038,1.0,0.41835243602058986,0.5264600490005503,0.622228599282786,0.6527455212330124,0.5251534754568932
XOP,0.2990235141894144,0.2774587591672886,0.2343247638857093,0.28839048377149956,0.2988474343494842,0.2726000265483704,0.3167389505424485,0.351241961760275,0.22182389632191088,0.48876273537403947,0.5979973419104104,0.4549631355675085,0.2518452591511618,0.3627014454541361,0.24920106992827773,-0.07688738027366794,-0.13078744812784318,-0.22810710174866988,0.26521923736640574,0.29351260870304824,0.38949141859697434,0.5542997373581432,0.45615429647587014,0.34431369634807446,0.31601735279504567,-0.13117118884639933,0.043541128556959574,0.1809458380252159,0.12574453317658535,0.1810370760319943,0.20317935538336349,0.3247367231345078,0.14408340080968635,0.15110706016086425,0.18049798074949047,0.22685452544981088,0.2703436668127222,0.20531470259813503,0.3885957242144922,0.35014673993542333,0.20889745649837546,0.16032089049316556,0.22183837157309858,0.24671067809934955,0.12542691459266314,0.16318501256817206,0.20708085868102052,0.17622150173498308,0.20510795814957158,0.298170473206831,0.20283158330662215,0.31554290030572196,0.22497929333154593,0.11711421862408128,0.16380240504985497,0.26369983729555607,0.20421761844274056,0.4829104105228999,0.27778585108926074,0.2966985895795952,0.3464919596846627,0.3680633742446847,0.07025094262841648,0.08509719247723016,0.035316675036242036,0.6523659371265688,-0.19122907701332495,0.3020923616912557,0.3916675081601492,0.3393888011102672,-0.07019222537616729,0.23251962706493973,0.21950304981491034,0.26266020665626416,0.25661979424861303,0.2046004544662883,0.08741498884350432,0.9169334708943374,0.23721250709049807,0.41774107465342813,0.29823965037221994,0.21065378661280923,0.3800865950775893,0.4001307877965188,0.44066713819084136,0.412993203791337,0.3431596034150733,0.36912221067679624,0.24135515051596876,0.2708252599461513,-0.006271805009168821,0.19690632764042806,0.35670737431124655,0.6681788707241292,0.37789499271028665,0.8129682920247928,0.41502690231352507,0.3399293931031354,0.2984187295221235,0.32813933725141065,0.33256406923242526,0.5268820076021369,0.319289948100637,0.36886943780432846,0.2677438422137465,0.2802439018330342,0.32260056633732986,0.32445126673135183,0.4868833867658075,0.4669025117320816,0.45824900956458225,-0.04215443970156466,0.25547687992781415,0.4629047228487817,0.3344721225999463,0.08809387489000806,0.11394957647941872,0.23723156212737967,0.06600713184250087,0.39418700343407287,0.4879447021616886,0.3601477788806293,-0.07171871616474379,-0.010092696596324615,0.2550657325436623,0.34454019333771324,0.1617629749454515,0.2741922359410461,0.017543973112019544,0.04540716212197926,0.20951945201283964,0.31079873997260415,0.3584928139534434,0.4143462367135887,0.5112545226682199,0.009088516096796628,0.2783095212289083,-0.2191099824921013,-0.14275541539667017,0.422518029619053,0.2569717964414421,-0.13612175486087089,0.28913156387767197,0.1847050118594173,0.47801920028293843,0.5186509213488159,0.38928272432811944,0.24403943468174655,0.22069392483991593,0.3753724719233962,0.4095384167361974,0.5157156933120557,0.2694392180362306,0.24091964074797012,0.11527946237501407,0.278602096390814,0.3476798337527383,0.28730695440936055,0.29932055725235257,0.20523408042349459,0.23077487498559587,0.43022855536104626,0.2515679310889254,0.9321598073060328,0.4222735286842634,0.39269536650917003,0.26279839777315167,0.1255690293310045,0.23143334953880113,0.2118507516391951,0.2639576112921962,0.41835243602058986,1.0,0.34392667204796645,0.19674028685753303,0.3155343946721926,0.3999860162365947
XRT,0.5947465222528668,0.6065643361938184,0.6199042701546471,0.63831148476019,0.5985423606910351,0.5839963083028484,0.5730894776523268,0.5389163830167845,0.45986402138356014,0.7514739632114926,0.8249627437721311,0.6118767531682615,0.46116204341382333,0.4866085796288956,0.5230083490899496,0.23648774122754476,0.1940981994218736,0.14983836316399662,0.5656425523079746,0.4881623432631456,0.7003813741138494,0.6382404850193768,0.6493120596024593,0.6410182590376381,0.43837666384543555,0.20119188695307902,0.37647584338805934,0.42242047725401355,0.40996809844946935,0.42440521116618385,0.5642407203698002,0.5419249641194294,0.28063174976783345,0.4556915018530269,0.4492139847304155,0.4519573687296841,0.5682623525421819,0.4529477726563119,0.6730589742683944,0.5586719378956966,0.5477264172452277,0.533471664683826,0.3483376717379221,0.5164890318239324,0.4493404074266273,0.37739968520838674,0.5244481501988437,0.45209617954764825,0.5330560742298144,0.4677785961424929,0.4223027988362528,0.4961461901028494,0.3732814278924589,0.3392554303042938,0.4250769096345306,0.592185629410623,0.5507536911905626,0.853322470983637,0.5769782305680778,0.44990815893508834,0.5626049985241703,0.6267016072514403,0.19126296712874502,0.21407543480978045,0.0688698209268111,0.5043329887298946,0.10906065540721513,0.5827528457375865,0.6933639387916192,0.5813601578556145,0.19444199518071112,0.5498058695435725,0.44117578363223686,0.5405236659802893,0.46670659285188903,0.5009788019081967,0.39304588133678564,0.28153342883110594,0.47930085601654626,0.6391928354047158,0.5263065046322588,0.6741946134919201,0.632982827672085,0.7005203299806436,0.6872669570787237,0.6932551704485688,0.45868769483050564,0.7133721883140791,0.39163430260509136,0.45337743431165584,0.3295030960068513,0.290300336582182,0.6269692859023002,0.3181550642726981,0.7620107777134011,0.4287979947145986,0.7000770474273886,0.6117499204349549,0.5282710647183063,0.7263242326837037,0.48773259483574904,0.7746963551942937,0.5964297023148086,0.7235082130297494,0.5540661279249175,0.540766867098277,0.4943659738156385,0.6425622420313092,0.7929863291479752,0.6888742485755028,0.816282178042368,0.13339550782541637,0.5724107134588816,0.6155587857451382,0.622155478754421,0.13639535370133116,0.233842885751012,0.43616215861751856,0.33394630476882853,0.6651791401726431,0.6976843895944858,0.6631839201868177,0.22014702759831567,0.3125563249528668,0.4665639339540858,0.5719520051089984,0.34235277456904484,0.5716381862169063,0.17524559385707633,0.31915881523049844,0.2873946520978977,0.6027321724704343,0.5669423189321015,0.7715206640119533,0.8431979621823787,0.33144324968139594,0.5737801302717827,0.07632053265747765,0.15064119901219883,0.7041442703924584,0.5680907243306376,0.1829232428347294,0.5895322019363328,0.5304986853796535,0.7713314701664986,0.7595441769756774,0.7041205660092619,0.4924681500230241,0.5472328413911192,0.6816372898028077,0.6994068129095451,0.7048765605670834,0.5663439441422731,0.47661675753673094,0.43510397366422293,0.5663151378443527,0.5517491366635362,0.5562384490835115,0.5357471708626689,0.5207010417373754,0.7389249567357561,0.6683537518401903,0.560163660320595,0.29408081652100754,0.6161010892187834,0.6735620685763982,0.481991003784699,0.4096769748731191,0.2890976099608455,0.43346338376276633,0.7219389786449385,0.5264600490005503,0.34392667204796645,1.0,0.4610164092121592,0.6541608108114974,0.5380721483713182
XSOE,0.5567128409841713,0.5495322499760115,0.5059510338393453,0.5836847464833224,0.6651070337725024,0.5737925834843328,0.780452140565409,0.7518041701148913,0.982515117683452,0.6828031888722896,0.5139267370862014,0.6397368808326445,0.674321113907883,0.48450857220284405,0.5662454561042377,0.23163991078923743,0.22353016646037613,0.20203764671833677,0.7474867637434076,0.47838759354946914,0.5729485784681191,0.36710403247602696,0.5076771640280433,0.6897261035596779,0.7784305411224351,0.22248606819267336,0.6373473643817239,0.602790383479648,0.9294721766372586,0.5466852185777701,0.8006098544704118,0.7095722105836452,0.42341085271832685,0.5230622825633975,0.938762675928412,0.6079297180543374,0.7843336937227084,0.9882095527726156,0.6866385320182357,0.716498901800154,0.6904570317781645,0.6904679005387965,0.6720101873496983,0.6569863565843077,0.5543689253211543,0.5637230552773841,0.78759841462985,0.6096054654256476,0.6744688859135196,0.658981640822934,0.8575917051232386,0.6431216220395605,0.5864601973375417,0.8409471696526678,0.7310153331006228,0.5466083796564198,0.7425941205851853,0.5947566700994835,0.7926489093075093,0.898624257206426,0.8040097483911375,0.3519025876640811,0.49275408039703683,0.5148827669176358,0.35923677151059097,0.6278498620905812,0.13853581539233847,0.7581465847869515,0.6671783374162509,0.6924732222793931,0.2397306897901691,0.46399845623781666,0.6456089449792171,0.7311049519817148,0.44903610642597425,0.31860435258570924,0.5624533726390851,0.22853650840384968,0.7540911843284647,0.5185111839811177,0.6757740624591128,0.5198581264479282,0.7096047101630292,0.6682737588905227,0.3557356644816807,0.5073307414808967,0.16535272041953433,0.7241443815444973,0.4584373267020793,0.698355083271146,0.3266437289584783,0.7172048654300863,0.6791557535413593,0.21079028881858908,0.5556651383436174,0.3844760148095257,0.6022361305765906,0.6381009739574107,0.45467567596527775,0.4769421254120174,0.769259956081434,0.5129062805468285,0.6689851718783059,0.7268659746217079,0.7050029390861773,0.719321182174935,0.6245297027241646,0.46582813780015153,0.5935674286500672,0.5784568971727985,0.6501439472528666,0.17235331850087926,0.7535785865406036,0.6690228738087188,0.5715521163204413,0.43010765754037517,0.511991265304792,0.7156275328358931,0.4750420254786218,0.6812008242790991,0.37422234762165457,0.6762635787297898,0.25149583392636077,0.31268574161659385,0.5759532406493748,0.6964826036720531,0.6184811864068617,0.628388522447178,0.22950376060569747,0.4193151208247233,0.5556145657297263,0.5549724283102072,0.39960949773120624,0.6825228000651353,0.5564209351204158,0.3127551794799157,0.8352680777745959,0.1290275665380343,0.1562011954791565,0.5809841335167119,0.699945031506022,0.2280424032418828,0.3628589692747603,0.6787760438514849,0.6335785088731077,0.5173359877460508,0.6791688145210624,0.8528278510526638,0.9093014340762432,0.811964780154705,0.6905868493041778,0.5546482764190922,0.6583834399676877,0.9572386721187357,0.4886494029771359,0.9001495641326289,0.7717601129458125,0.37267076373824715,0.5318191150944197,0.44958697181349533,0.4802282654753095,0.5787286834301778,0.4694188703141462,0.18091192016367827,0.3909126953356331,0.5971332248624417,0.7003584329362957,0.11681481094240634,0.2195557160457124,0.25236016161221625,0.5630057648043071,0.622228599282786,0.19674028685753303,0.4610164092121592,1.0,0.79685286923107,0.5786153561400869
XT,0.7120210505577674,0.787069620535276,0.7150578708878187,0.815758809485778,0.8361998901241424,0.7968376415187025,0.8074492879233074,0.7572715977393133,0.7939484055001446,0.8871100080947407,0.698363199673877,0.7334780932900851,0.7080373349004899,0.5899004868447331,0.7024165879247076,0.26484147957923726,0.23319717679027996,0.18591752643110393,0.8877113146423992,0.7403099945161624,0.7622069535118667,0.5146679966182132,0.6774765398782561,0.897786230647172,0.6477469150793086,0.2330652840824242,0.5528470021862938,0.5672253490370959,0.7209843675341963,0.5666504515419566,0.8561690747916727,0.7186285066254882,0.3938256967721196,0.6415805384392664,0.7694123572042929,0.5941144855567784,0.8197632998333281,0.7860836396066504,0.9043330531569675,0.7476196538055561,0.7492269544788688,0.7522280300742098,0.5490501971709226,0.6842186975978327,0.5945163515972277,0.5068237040107119,0.8392617382433223,0.616761099745142,0.7004791226943766,0.6753713082208419,0.7631775266283676,0.6591514775966929,0.5329889759607881,0.6452977366263726,0.6278159934711828,0.8118895550560573,0.7828551281303726,0.7861881271949459,0.7997230457829476,0.7327371665456816,0.7862504579302909,0.5614933102857158,0.38973899778968774,0.4161054727506761,0.23006168858182358,0.6201081768913116,0.1221173146820001,0.8082321826944624,0.8899246906405198,0.7909355481903683,0.2523558293776677,0.6482383233689312,0.6724710132756464,0.8014737231453077,0.7162992614979599,0.5299085678534227,0.49536734461689846,0.2806795758050485,0.8632544380473537,0.7288076106726098,0.8519179231140144,0.6375754307933994,0.8842217177177178,0.8862875758416044,0.5361993587319182,0.722519261645839,0.34515502484156035,0.8933013116964357,0.4510830626723658,0.6768012418762966,0.3821544606342343,0.5302318666058183,0.8857961410660924,0.3393797846179084,0.8066948518850455,0.4380478565941578,0.7599149834183346,0.758163135329386,0.559046172726937,0.6868589455557387,0.6908268529140887,0.7174486277804458,0.8022034675646678,0.9142225192267467,0.8939001505336781,0.9032257792006843,0.7801014096025614,0.6068427283634829,0.8165536101970499,0.7623468834400648,0.835394645393278,0.1770544345553802,0.7914949375248601,0.6980396382350594,0.7448623816180804,0.3245489203715913,0.4276969934975203,0.8213945629280724,0.41929901686573784,0.8941285446565638,0.5501106494557535,0.8947895924441085,0.26451692758329365,0.3662829769876472,0.6356078728540641,0.868365898252748,0.5306559249477901,0.856875184097374,0.22004576154466604,0.4079130909843372,0.5363178381601472,0.7258480448787498,0.6109756237980376,0.8937883594908446,0.758562696310187,0.3738997610980347,0.8364246379615263,0.10292926421890322,0.1639470012604632,0.7997220590194295,0.7784263485332356,0.23479083098569786,0.5476113113215888,0.6664640870617108,0.8582960233054996,0.715571409473444,0.9049376919790376,0.7863659493013568,0.8503691886147994,0.9357096046717225,0.9078628080262259,0.7277423065698826,0.8717891981101674,0.7877373840547239,0.5623361455705697,0.8527354035037027,0.7454241569014026,0.6741541151241108,0.6519419670419492,0.6221239980734017,0.6138054250777927,0.694237877128223,0.6959150899535004,0.25559895473390043,0.5935944547032794,0.7606635497377114,0.8567730824243649,0.20327638731459902,0.2875408876848397,0.44392696063389675,0.795146322630106,0.6527455212330124,0.3155343946721926,0.6541608108114974,0.79685286923107,1.0,0.7552916770452218
XYLD,0.6182254722737294,0.6363702953723436,0.47737822402086466,0.6333570944919737,0.676023617667988,0.6407523275820105,0.670959296430965,0.629486882167455,0.5854145498425428,0.8449923055658212,0.6247778653314734,0.6525961612265937,0.6083793637092386,0.6558941202608229,0.5599441411663044,0.13221852408451035,0.06965418935407876,0.025086930093654217,0.7147685163558145,0.6123398869273761,0.7874983235572025,0.5185214828124322,0.7572340164167505,0.8435538292259371,0.5244979835971411,0.07402061161063903,0.3435654154322945,0.4141476108158993,0.5268761575853544,0.459605215561223,0.6904994881531457,0.6228586639004632,0.3612530632080511,0.5064523007802071,0.5865382172307771,0.49777125010299905,0.6790848166421198,0.5745195557794792,0.8673475564906714,0.6500949100840303,0.5727889051847775,0.6096088025729338,0.3858754628705293,0.5987354071356827,0.483829997534213,0.4422899949476577,0.6466234484778252,0.5355066343562698,0.568961256984793,0.6075415031736144,0.5859414606650818,0.5856185158131135,0.45810204333257337,0.44925179345133515,0.4634157894515336,0.6986282199673047,0.6309644342082118,0.6716732235753571,0.6306183793959839,0.5601588657197111,0.656852149805615,0.638167230455978,0.26733501120738684,0.28938746611780924,0.13026283119125381,0.55368195358822,-0.024493098208856878,0.7036874423937112,0.8670993929039277,0.7511363508480938,0.13078267604818158,0.5150392691840312,0.40613591254518444,0.6021186232062079,0.6316464083249438,0.5196034231001332,0.43736421419859467,0.37282375463887724,0.7532215920742271,0.8483775703853838,0.8697467536291835,0.5986944816748208,0.8209949186576071,0.8321845008980737,0.5039380978988006,0.7002596812439917,0.48381575417216527,0.6980183064108606,0.4361702936714903,0.45511682083261207,0.23576877293709106,0.350862752237041,0.865145333109043,0.41506075103822226,0.7193350894473716,0.4795549635746771,0.6753012357167129,0.5074075487749197,0.48039588096292124,0.6075847291182083,0.5469465452670769,0.7297688867845026,0.5487159351429532,0.7522024877135316,0.7999867903087757,0.7279509985489359,0.9250830012225623,0.5192382794979561,0.7667555791921696,0.8450138822387913,0.6928593096459233,0.06389268908904808,0.6225684330106283,0.5905026996500852,0.6696040860082728,0.21009350155377143,0.3121868441457804,0.668692892086742,0.37428866839580993,0.8787435871536459,0.5374282603356297,0.8695861508039329,0.1087433576911344,0.22192314184785442,0.3703744540556382,0.7399803311587225,0.46573591730511965,0.8218384403871818,0.19182768937998568,0.4152672567905505,0.40603171134052085,0.6117769349929792,0.6715969541889923,0.7311219442091881,0.6802780228568784,0.2511947426462162,0.684297206401437,-0.07096776109244726,0.036219004505630384,0.8081847576818765,0.6597364194065141,0.06873083662802107,0.4926379560045873,0.49955306312292946,0.7773067482359819,0.6943326850371023,0.7867789962980979,0.6334936594435591,0.6568323565974106,0.8399381325362545,0.8689893120021555,0.7446313520062247,0.818583313752708,0.5966412240608248,0.4147784285943224,0.6832626118072275,0.641721511983581,0.5274215910825191,0.5887916465713312,0.452166026291026,0.46548386170709094,0.6398605624653755,0.6845831617181564,0.37189547599820216,0.6876826631504698,0.7219750723602447,0.7623035022065937,0.3036451124403787,0.316460778703185,0.4657766016329117,0.7219907609718917,0.5251534754568932,0.3999860162365947,0.5380721483713182,0.5786153561400869,0.7552916770452218,1.0
