Name,Total Return,CAGR,Annual Volatility,Sharpe,Max Drawdown,Daily Observations
Strategy,0.8857351715028627,0.1440244342395982,0.1364912363448436,0.9078661830984627,-0.1372196565269883,1188
SPY,0.858057107069031,0.14044181729932403,0.1743895119271155,0.7260134741344597,-0.2449638194524174,1188
QQQ,1.1486111828684855,0.17613648346763844,0.2316043531820265,0.729866366432831,-0.3511871218228134,1188
VTI,0.7843615140681945,0.1306933721868615,0.1777902278875746,0.6672268844990286,-0.25363334382718805,1188
