Name,Total Return,CAGR,Annual Volatility,Sharpe,Max Drawdown,Daily Observations
Strategy,0.7637368868428953,0.127794237896812,0.13582005551840293,0.8064352477211008,-0.13721962332439608,1189
SPY,0.8630338696527555,0.14096243223146399,0.17431884228722963,0.72885710861167,-0.2449638707150873,1189
QQQ,1.128500013361716,0.1736344595106012,0.2315636599497983,0.7207509966036353,-0.3511870829476914,1189
VTI,0.7894977110150543,0.13126551707732514,0.17771895284664768,0.6702715357738177,-0.2536330432144577,1189
