Name,Total Return,CAGR,Annual Volatility,Sharpe,Max Drawdown,Daily Observations
Strategy,0.7139788444574453,0.12097460474340638,0.13450921106995087,0.7678551856683803,-0.13721994919637803,1189
SPY,0.8555692521051137,0.1399920036365585,0.174318421925864,0.7239743295357125,-0.24496400650373185,1189
QQQ,1.1167082483527682,0.17225341772530656,0.23163015721024238,0.7155244417084604,-0.3511873624792994,1189
VTI,0.7807448914786184,0.13009051480254885,0.17771998406484094,0.6644180609687768,-0.2536331430945805,1189
