Ticker,ANGL,ARKF,ARKG,ARKK,ARKQ,ARKW,AVDE,AVDV,AVEM,AVUS,AVUV,BBCA,BBJP,BKLN,BLOK,BLV,BND,BNDX,BOTZ,CIBR,DIA,DIV,DIVO,DSI,DVYE,EAGG,EBND,ECH,EEMV,EFAV,EFG,EFV,EIDO,EIS,EMXC,EPOL,ESGD,ESGE,ESGU,EWA,EWD,EWG,EWH,EWI,EWL,EWM,EWN,EWP,EWQ,EWS,EWT,EWU,EWW,EWY,EZA,FDN,FEZ,FNDA,FNDC,FNDE,FNDF,FTCS,GDX,GDXJ,GLDM,GNR,GOVT,GSIE,GSLC,HEFA,HYD,IBB,ICLN,ICVT,IGV,IHI,INDA,IXC,IXN,JEPI,JETS,JMOM,JQUA,KBE,KCE,KIE,KOMP,KSA,LIT,LQD,MCHI,MGC,MLPA,MOAT,OIH,PAVE,PBW,PFFD,PHO,PICK,PKW,QCLN,QQQJ,QQQM,QTEC,QYLD,REM,RSP,RYLD,SCHA,SCHP,SCZ,SDIV,SHYG,SLV,SLVP,SMH,SMIN,SPY,SPYD,SPYX,SUSB,SUSC,TAN,TDIV,THD,TMFC,TUR,UAE,URA,USHY,USMV,VBK,VBR,VCLT,VEA,VGIT,VGK,VGLT,VIG,VIGI,VMBS,VNQ,VNQI,VO,VOE,VOT,VPL,VSGX,VT,VTI,VTV,VUG,VWO,VWOB,VXUS,VYMI,WCLD,XAR,XBI,XHB,XLB,XLC,XLE,XLF,XLI,XLK,XLP,XLU,XLV,XLY,XME,XOP,XRT,XSOE,XT,XYLD
ANGL,1.0,0.6277060970533873,0.5938100291863295,0.6290136528826079,0.6266376842994218,0.6131555265389179,0.6665452823071653,0.6353140731074765,0.5629158182686629,0.7223517746442025,0.595983294782061,0.6227460437349598,0.5735940746549217,0.6603870679874382,0.5085568761860618,0.5695937441505049,0.5935344621681345,0.48262378098255104,0.6693379891573409,0.5715959336686676,0.6732222473583351,0.5801505029159544,0.6328612808997045,0.7195671125211159,0.4917402344443298,0.5898455196476626,0.6227003535198288,0.4114921204357675,0.5448576454144695,0.6159501922410373,0.6795556549075478,0.6115200462326,0.3760055160023796,0.5510838307495518,0.5683504932003902,0.5220345170960196,0.6739669216537963,0.5511040819715943,0.7317912987350528,0.6460994516928144,0.6099929417127186,0.6192176604313018,0.3635956559713849,0.6032629160466345,0.5910278641867839,0.4066139205454463,0.6391537648626732,0.5572988564780474,0.6094399199036579,0.5715215135530745,0.5165984979078175,0.5684149346092058,0.4702770558185278,0.4625086425213566,0.5186411597087726,0.6478698708002699,0.6400449962343837,0.6647557126611106,0.6736694703302628,0.5199512390955285,0.6342166368938876,0.6444946333924275,0.3504084528999287,0.3758320428047142,0.2396146648728299,0.4975145098870403,0.45386532940811736,0.681181903311755,0.7309567210948118,0.6003778276826752,0.5569299628462583,0.5841618341928128,0.5178338931858256,0.6066637484218872,0.5978550820119706,0.5917378326658702,0.45339850658903974,0.3159275859880069,0.6350441570235732,0.6570830113872672,0.5204935546975579,0.70465386413925,0.7291610959446355,0.4873679198301043,0.6542774555126721,0.46185860331772005,0.6621772532533824,0.33999671472894444,0.4566260252394678,0.7084694936069149,0.35915531281641755,0.7133355769061236,0.3656259296036779,0.7356713061368935,0.3192175011349992,0.6187870203458674,0.546233147677443,0.6951789110232609,0.6767202406744808,0.48917956514071576,0.6694262817311176,0.5776148068447344,0.7116520625564757,0.678701839407385,0.6510107876766545,0.6048962060457781,0.6464864599407902,0.7327348916136028,0.6014754251148791,0.6913638248304571,0.49242690462209626,0.6808034995695877,0.6169211860711312,0.9483737726781952,0.25490809670823267,0.35134013518751867,0.5679719945577062,0.3959178231846799,0.7276099066964012,0.5912392357961709,0.7248850935648644,0.6145921590643748,0.6995193647552557,0.4692524785483986,0.6489262465833733,0.45680402239885065,0.6852053077594217,0.19292073575345292,0.2999755818166312,0.3988919517501213,0.9580541274898515,0.6517994533828756,0.7189133109338027,0.6646420733321076,0.6718599551188291,0.6797649653394813,0.476519488430325,0.6540108109909594,0.44301846560526914,0.7030640863904288,0.6788865673058463,0.5745148907741393,0.6590285297770543,0.6173079698962448,0.7457280604566995,0.6781635486083027,0.7272400440865584,0.6202762694878217,0.6659516354367551,0.744991132016516,0.7375929335162303,0.6539028535872058,0.6910967451600747,0.5541697659564573,0.7910308700080202,0.6718626293757644,0.6305502413823023,0.5786825490191388,0.5724333945218903,0.5534243582624088,0.6441675012705851,0.616430573126759,0.6324067675975275,0.29055464973352546,0.5627373833057984,0.640831691536234,0.6329936445267721,0.4139166918812377,0.43790560562667435,0.5112817532152224,0.679805078439749,0.4683423308661182,0.3192855044018659,0.5533251828586514,0.5570439343759445,0.7279622309889603,0.6168574853948728
ARKF,0.6277060970533873,1.0,0.778402024799649,0.9465973622175743,0.8465601983007953,0.9719006452587656,0.6159577485046698,0.582891784157255,0.6153819731360646,0.7478293808960242,0.585445914799797,0.6345075330921901,0.5422560385245954,0.5535970678532962,0.7995812288883585,0.21047447966841776,0.2095308171546949,0.17883458374035788,0.7852762943055377,0.7729845523712796,0.628379116563226,0.4030988678726913,0.55052861272912,0.7697523817194549,0.4542572864642432,0.21239166691750466,0.4420613575880266,0.38028186499020583,0.5690660084935621,0.4992769042705281,0.6810534839201386,0.5152967739784691,0.3533142032759154,0.6475216012010299,0.5894399206827137,0.4798112362761882,0.6274313642437473,0.6233348482689358,0.7804589946710765,0.5872574992253194,0.5945233619165206,0.5897433555298913,0.37869802762206145,0.5328720015529985,0.5006431179175658,0.39684411167871364,0.6694370497870218,0.48186381106321674,0.5523386261249585,0.5970953767976219,0.5541783991653295,0.4792343923939448,0.4127833827665592,0.4890356310278516,0.4801938577823444,0.8894597751538885,0.603734608842137,0.6676005485515935,0.6196740848476171,0.5300982846808789,0.5598046370585612,0.5101689036024443,0.26679971213485454,0.3114449664641108,0.12180082280033491,0.4243759745907089,0.09813732810107671,0.6360360101849488,0.7691802073561018,0.6114115721568266,0.231229548383091,0.6229932451696657,0.568887647356041,0.8082759262152248,0.8316634405864539,0.5884634576262205,0.46994509061358775,0.22942405806905253,0.7365320070345958,0.5542102044935587,0.5824543047568218,0.7867989993393663,0.7346460619335093,0.5017881165860684,0.7459721699144991,0.41886905344376274,0.8445823618206574,0.3394357263843919,0.5498626278671502,0.3390869467034419,0.4755394794575756,0.7696587940769993,0.3123815421269939,0.7211057970703866,0.2674039891838894,0.5812938198228857,0.7172853733182163,0.522131862583907,0.5938230432936921,0.4596676029429175,0.6418549951883743,0.7169354141953342,0.8533524470382097,0.8016578434992662,0.8090696224699202,0.7101710907288508,0.5236796871058382,0.6858689184289342,0.6837956418492359,0.755878970690502,0.16720174806016475,0.6424249655045763,0.5482539688826646,0.6568334336685936,0.22496032342527197,0.319659310891998,0.6648016035768958,0.407041597122421,0.7600936611067335,0.426746974654986,0.7665813849272868,0.27884370746071374,0.32405240119923834,0.5505968071272755,0.6826907295733353,0.40281648477346294,0.8026738264222011,0.1989076015308891,0.32162240189709124,0.5016192921577938,0.6500401831794288,0.548793302014766,0.8529684194425942,0.6431227034630006,0.3203790674357629,0.6412351267465612,0.10339111238080999,0.6017908511875916,0.09903020132842406,0.6270951162496897,0.656492664544552,0.20759281572990437,0.505250265692588,0.5453767751013684,0.7786777829113168,0.5883354772823772,0.8595682963434065,0.5894569277985497,0.671261884717671,0.776788983959054,0.7918307212976223,0.5428665032920676,0.8221177643335462,0.6283256384427258,0.5088085861467222,0.6626660007089683,0.5483684850539818,0.8567031694126451,0.6147308019084434,0.6551496999795262,0.5536580265915411,0.5288709523592442,0.736373281174637,0.20937642776217757,0.5598757865948308,0.5783255167081113,0.7346088541842032,0.20772125958917706,0.21730405443034978,0.38263563136252293,0.7896022642745523,0.4760017127533738,0.29502470668356034,0.61405857018063,0.6381140554812585,0.8298039927543457,0.6425114235764156
ARKG,0.5938100291863295,0.778402024799649,1.0,0.8788709317085517,0.7672305279572557,0.7794714428795511,0.5510245826597554,0.5187200537785267,0.5510983972648452,0.6588509511677808,0.5717302573304408,0.5440165743083808,0.5006895058476745,0.45584532168181885,0.6533516869579244,0.26967744932722465,0.2720239479861902,0.2267073446674485,0.6945434655074304,0.649514419046001,0.5619396275458628,0.4160639990090815,0.47584562329153757,0.6515731209695876,0.4042749809619835,0.27247356772110176,0.42248030842874695,0.37154957647580483,0.5164334172731893,0.4639464741620214,0.6173292514309953,0.4651484581394542,0.3287397663289156,0.552731568267957,0.5293487927222915,0.409990974638888,0.5669094276585104,0.558709679429609,0.6620966706136324,0.5241700254928292,0.530228594929983,0.5044070170975873,0.34749947259370395,0.46209510899320266,0.49288096926088276,0.3294326544211831,0.5791120247002077,0.43012658347796845,0.4963963389138386,0.5047582384042971,0.5021023865749886,0.4257970704906692,0.3706318251144949,0.4498406072977698,0.4471153240389833,0.7150240416105488,0.5252416973279734,0.6579689282543145,0.5652855955309902,0.47089916702552564,0.5068347527604167,0.4681629786350259,0.28517354294266367,0.31270887011492443,0.1537894028163999,0.38640175293460194,0.16523297597997552,0.5663099390456311,0.6544496739108067,0.5368103134075397,0.26013232812645354,0.8031628142941212,0.5918906620606295,0.7269972194035484,0.6576539830871572,0.5843035179981922,0.39886210823679774,0.17956531453299446,0.6068037782138828,0.4960285272223194,0.5468885167849935,0.6795645499317309,0.644430302396047,0.4663629509500155,0.6335524671877936,0.34623049949317136,0.8010363110365109,0.2846339669882153,0.5269720499303753,0.3765408654324779,0.4179537103084202,0.6396326224610374,0.26934380240323047,0.6747733135558578,0.25537581742709,0.5486906670892834,0.732265571120552,0.49328982099716734,0.5848062922810592,0.4211504382289872,0.5762718436376277,0.7140782119742303,0.8019115036502155,0.6596798383983319,0.6876231890765515,0.5890546859992636,0.5328484714257317,0.6376305641162346,0.6439855610140014,0.7573268660769299,0.1979841822935912,0.58293917836763,0.5147629681590459,0.6028290967016496,0.21437641785498732,0.3217529817179503,0.5742895818819005,0.34836605524268455,0.6429053128074256,0.42797274840990374,0.6480272002736633,0.30341171006501777,0.36540450086685117,0.5864958951396418,0.5980653687958745,0.38546128042745625,0.6457345308605481,0.13894968124064172,0.2907527886706251,0.429276340134781,0.6013305618002438,0.49676066756146636,0.823960675278555,0.627110732855,0.3613992136475084,0.5782424966973069,0.17687020773149953,0.5392216730582452,0.16924634556965387,0.5564891845351224,0.6021005572435154,0.26192964170682465,0.5080423537930527,0.5171315391102083,0.7051282744781298,0.556867309498374,0.758041914721859,0.5434345981040639,0.6062850063351718,0.6756988511641181,0.6841891253450852,0.5131303920261163,0.6652954864863876,0.5531485869016727,0.47860944420520035,0.5957398590385712,0.49000683904691467,0.7257771227517273,0.5868849249032443,0.8405917642238376,0.5670794666167415,0.5006823185324362,0.589086877779175,0.17118045729689413,0.45789938718782014,0.5307507289453919,0.6033490241169034,0.18429948978766775,0.23930368578780445,0.48333018656202015,0.6598175284832405,0.4604372073521001,0.25525724567233465,0.5786918231701389,0.566260854781917,0.7620514087792032,0.5266396705113887
ARKK,0.6290136528826079,0.9465973622175743,0.8788709317085517,1.0,0.889885429857243,0.9668354959969371,0.5881769582015065,0.5564643974094269,0.6059576132689471,0.7361100222997665,0.5902303556620188,0.598409327411348,0.5353196455638652,0.5241106526091871,0.7821379964873942,0.22967221781819502,0.2265608904362076,0.19321087190278766,0.7781313911201491,0.7494368500180076,0.6075854706972897,0.40216355413952076,0.5200335227870442,0.7539982772235295,0.4321772012460234,0.2301703127584494,0.4182428599617718,0.3820793948263042,0.5551635174926554,0.4662995249920665,0.6595366724381754,0.48668145276789804,0.3372536770264833,0.6268387599438773,0.5829779304958527,0.445527859824811,0.6007389336199628,0.6140847787600482,0.7613087203678052,0.5673799243740051,0.5658875873507881,0.5520835430939822,0.369638029096031,0.5015502476482971,0.4796747514093734,0.36826301922209714,0.6406619697492423,0.4575468175920701,0.5199289982702938,0.5706552262292014,0.5598898208466199,0.44768362696732894,0.4015168645326202,0.49650787501046684,0.465943041781677,0.8530171348315795,0.5692015124010119,0.6766175255489721,0.596118153029239,0.5121013771411485,0.5387511301710628,0.4795550998241881,0.2676591783116733,0.3046627584489421,0.12820041713858732,0.4084837262918557,0.11535100262115638,0.6075197681867058,0.7485020975317421,0.5886073172888012,0.2407637122867394,0.6910402386565212,0.6075711697264369,0.8155912132619628,0.7888441863975558,0.5740699419997327,0.4359145317079742,0.208526257959048,0.7255618722806638,0.5292482799973068,0.5816278080550831,0.7724399739270775,0.7138154228936937,0.4944846227036839,0.7147015122464223,0.37570020318762437,0.8679804808396452,0.3200671777532588,0.5737316210847184,0.35417226554204845,0.4613129194040735,0.7505450143253708,0.2982918118889523,0.7086456922890724,0.2700238698258356,0.5805118919966911,0.7695205947975559,0.5183652511776236,0.5836953468400671,0.45293247371112894,0.6224849565415753,0.7782776162254389,0.8606447656450729,0.7932770104309367,0.8018789906981996,0.6974661580351471,0.5285300921614668,0.6726058674734138,0.685884338379179,0.7773621309382488,0.17502342742874782,0.6158677321360897,0.5317923952873302,0.6504576396395333,0.2208649620976169,0.3169339172728071,0.670618899466687,0.3810578825314726,0.7422976053584379,0.41853180794576833,0.7480298179836354,0.28450182370635313,0.3399214210988539,0.5919286981896352,0.6820412876983377,0.40245100464388955,0.7807898691054882,0.17032294201887557,0.31622749096890745,0.48502755716575213,0.6419913144093937,0.5170242390359706,0.8701670280064362,0.6436783963613314,0.33893354503444323,0.6175010342617723,0.12013581373232482,0.5696195616102948,0.11787314287476755,0.6035062877191433,0.6266390316409056,0.22079575813395969,0.4966598358323694,0.523405819883275,0.7641790864741235,0.5749655676532146,0.8463175819313723,0.5840426933493446,0.6500020471669439,0.7571183111505587,0.7782967317797856,0.5302740581166296,0.8016211279802364,0.608764635233128,0.4926713008430143,0.6402107818140805,0.5206693419623134,0.8281637169698186,0.6303774006388052,0.7342827093835527,0.5523992062631687,0.5134445802248574,0.7020547400384859,0.19480942843164356,0.5158341297909673,0.5714319342656322,0.7243515058464449,0.18034585554013474,0.21578201673230263,0.3921396294188989,0.7988913508626233,0.48084862803315326,0.28593947512674994,0.6231483496770758,0.6245770382786785,0.8300823277615298,0.6192699076959073
ARKQ,0.6266376842994218,0.8465601983007953,0.7672305279572557,0.889885429857243,1.0,0.8693525391126772,0.6774850762277973,0.6514931223015975,0.6922732143830668,0.8048892824900437,0.6655952212482845,0.6724411798780807,0.6181424216827894,0.5395351527094988,0.7673349784751552,0.19386061191414633,0.19026254541665233,0.17023076512893734,0.8441831750943317,0.7263641405349318,0.6795890711948808,0.45634926296652434,0.6089906013245298,0.8150768304018648,0.512910303424165,0.19560050396018275,0.43511467092962575,0.44579830370252527,0.6299788239582863,0.5029828377669345,0.7269851512272448,0.5739267964475648,0.3697507546241818,0.6630542561625875,0.6852973129242441,0.5094419895628952,0.6784322552651065,0.6909993938001866,0.8143999569718152,0.6436141713583781,0.6269749316222263,0.6142069966724347,0.4236162422907431,0.5675970180745515,0.5153264736324424,0.4279107787665967,0.7156142706470846,0.5056627995780465,0.5795088429923212,0.601358696807824,0.6571794343122513,0.5298380411183157,0.4712934371661079,0.5794455435175603,0.5403495295244997,0.7936648287040234,0.6382551781677139,0.7377073731042535,0.6768975588973601,0.5999858939967554,0.637091525541224,0.524134993616216,0.3334956267200047,0.3705564606423913,0.19646604795409903,0.520330060514656,0.07632723115691652,0.6835521843541512,0.8002405249278899,0.6765055175463714,0.22755677280563874,0.6302161454178458,0.6510505406823441,0.8437989561240954,0.7479249971961313,0.5507288160744933,0.4731641937740111,0.30016362234466054,0.7997803623675721,0.5941339161775848,0.6077721142056025,0.8343228157071941,0.7662618715895286,0.5409299285885811,0.729642764605217,0.41801132428349086,0.9189556341019056,0.3677510455094115,0.6287654294969042,0.3278252566850334,0.4833881324360645,0.8052360855224142,0.3567844790088538,0.7170718267165285,0.3752231792052427,0.6952862049119638,0.8187812434447441,0.532595660905949,0.6270815221142594,0.5700008364353023,0.673901510033708,0.8299364130964508,0.8661620509449619,0.8323688713404604,0.8306260372020836,0.7409146265681996,0.5611232618176519,0.7255575833444433,0.7409389235611281,0.8234230449855672,0.1726424743053365,0.6841033418911812,0.5906655441955053,0.6536901897239801,0.28368966082049707,0.3810270347405097,0.7700998447591001,0.4133073699057175,0.8025427045222553,0.4704038322386044,0.8017146716728907,0.26847643480058436,0.3107041773317706,0.616921210713986,0.7732525285751691,0.4659394474688792,0.8062404733602814,0.21644343957370765,0.36627637261008394,0.5962515493749017,0.638362668192718,0.5455800295323143,0.8857966356114877,0.7102376473065992,0.31027900570923145,0.702792054376785,0.08070649824380192,0.6388238400512886,0.07502435091545179,0.6755852787512111,0.6785740458502937,0.19416035690822997,0.4995689188180875,0.5543475982668349,0.797895398217208,0.6411197765507783,0.8528811328853265,0.679084987229588,0.7291620644541352,0.8253434091949986,0.8305583524327135,0.617210548185528,0.8257908313801562,0.6801918425905602,0.4885248303498791,0.7259582978535949,0.6120555610128258,0.7248874481410325,0.7759869247422022,0.653536763595283,0.5776416847217141,0.5958061616871512,0.6740451895160882,0.27772571651509576,0.565620724126201,0.6879549720673074,0.7931061683885644,0.2048363673590718,0.2626832782166844,0.3870558665591843,0.8129929969116108,0.6060253329688625,0.3545148689647008,0.6178439313490502,0.6991730422960271,0.86174994742418,0.6803404665220724
ARKW,0.6131555265389179,0.9719006452587656,0.7794714428795511,0.9668354959969371,0.8693525391126772,1.0,0.5859161931997304,0.5562537333440047,0.6039523091083042,0.7359086807605555,0.5679587608590099,0.6035151637642407,0.5223622494909237,0.5417571642959232,0.8155566501960202,0.19811718350009117,0.19628951222858207,0.1714776707146864,0.7830721442252601,0.7779818642545405,0.6015792111672509,0.38181855686376487,0.5188704915150965,0.7675544432144882,0.4285976382561364,0.19897609250255016,0.406846328024074,0.37343212275803717,0.5526218493191715,0.461354429232926,0.6555033024639723,0.48027139166377125,0.34141953127321933,0.6355259369643596,0.5828678895554102,0.45043026489094085,0.595760557962271,0.6113912472770755,0.7729856425137871,0.5653079530753478,0.5663245499701209,0.5566454406103599,0.3588998741237529,0.5027577437802583,0.4652182620522555,0.38137965608430113,0.6472993783057022,0.45360566871545954,0.5175776041603275,0.5733908257753835,0.5638168504020703,0.4459748365287976,0.3984217828027897,0.4898095506938906,0.4518791688261291,0.8833417201259264,0.5722045477891773,0.6520790316368024,0.5914353432327658,0.5092794094091887,0.5328287934906879,0.47151537729284493,0.26000413481782025,0.30303478465672384,0.12183200738512642,0.4046098739237837,0.08378346795766536,0.6031894931427989,0.758801910969063,0.5853544495365747,0.2229619538893623,0.6144681203871862,0.5809029516470896,0.8179495652122416,0.8245671264441886,0.560000768484444,0.44414564942381457,0.2154480637099661,0.7475793474701934,0.5259963938178546,0.5630124943824539,0.781265280537623,0.7197674038471107,0.47370443327902984,0.7162035164559071,0.3795648073812042,0.8515377226853489,0.3233040822469563,0.5549301267893006,0.32602993661464774,0.45702177621212775,0.7666046835937401,0.3045469610795553,0.6993286936248563,0.26136188937907917,0.5640876586833543,0.7349990922428786,0.5109888364763797,0.563506713554566,0.44615941171781615,0.6131034014274277,0.7454524975771972,0.8484480064320867,0.8136772228599704,0.8183019920380832,0.7138546625007213,0.5038072712271733,0.6610439565534045,0.6737810844627083,0.7474316828812497,0.15965697015298613,0.6128317001276605,0.5183301160376236,0.6426925868915939,0.22250036272108087,0.3151410990703171,0.682072450149296,0.3815111814151295,0.7527938677838509,0.3988498703592448,0.7591064053364984,0.26431998071080526,0.31129670812731036,0.558039434082935,0.6899157940428984,0.39331697990435216,0.8068276309010717,0.19198022868085943,0.30803962290838266,0.4878853131011932,0.6345149799092074,0.5186754560458761,0.8481573648231703,0.6208391040718325,0.30888120867098606,0.6133356438391154,0.09130051338823844,0.5684464869714932,0.08639873326124595,0.602664271487457,0.6201367063659436,0.19340133705223578,0.4808877283171612,0.5093572757149707,0.7596517155999499,0.5607599127336063,0.8499874164350956,0.5737442046835024,0.6475171704275632,0.761522021685461,0.7848056632765885,0.5157147509450322,0.8269713454492585,0.6095594685125395,0.48350540097853517,0.6368761321065185,0.5161257540400308,0.84969735495162,0.6083051199650444,0.6550575775580151,0.5268232656879193,0.500642660233439,0.7244128229275839,0.197475721761664,0.5192865788065436,0.5566544774000385,0.7476119698857051,0.17702545574077602,0.20028831902830216,0.3529532720279531,0.8015375424139886,0.4707922832743263,0.2888936870289345,0.6090238208622903,0.6244453790179937,0.8243691051030859,0.6339224694613144
AVDE,0.6665452823071653,0.6159577485046698,0.5510245826597554,0.5881769582015065,0.6774850762277973,0.5859161931997304,1.0,0.9679984093047488,0.799674034923077,0.8150049565621242,0.7170799392740497,0.8560543055493951,0.8377999236494524,0.6045962564658116,0.5912723553470743,0.2280316748389302,0.24940299943535482,0.19906134254777136,0.7943559208580211,0.5588370090150306,0.7720112953678558,0.6492056656573933,0.7563901210731212,0.7721717347244693,0.7386375669589755,0.2491723326002413,0.6906180760361039,0.5833565695102338,0.7754388285082938,0.8790452630518275,0.9393647028010819,0.9658049753725982,0.49942996975105275,0.6437890104040739,0.8026535760995431,0.7620670002230292,0.9837710387847087,0.7785220499912264,0.7868535894230769,0.8817184311099208,0.8862137288347594,0.9073891492508687,0.5723587298305607,0.8951515172330932,0.8226293931022729,0.5777365609866576,0.8753629621371017,0.8425942848854069,0.90710284369686,0.7615297061216979,0.7056487335535112,0.9043543109862077,0.6549517765852919,0.6542393210333315,0.7287826958929867,0.6127274393493949,0.9304690236574064,0.7616396618596027,0.9695397994408812,0.7925525648015396,0.9751218569052928,0.6790597484523793,0.5267131682291473,0.5578181529123767,0.35503805613445094,0.7920910226677803,0.1295558714005434,0.9839049394031212,0.7810490840569682,0.8790208147040633,0.30529500402746756,0.5725860099929987,0.5991177079667143,0.6688432089807304,0.5540082555577683,0.5889429855502555,0.623288109454657,0.49771314129369904,0.7058855801708462,0.7102033643351061,0.638507371788096,0.764562682152173,0.7817415945333774,0.5990452925239166,0.7345531743747816,0.5754918583791587,0.7385272292737376,0.4519106217645888,0.6191257377615104,0.3767965720097736,0.5242368143000901,0.7676161717476557,0.468553037829025,0.7497212680083669,0.494758419126836,0.7430603638159001,0.5985365535189953,0.5761058428274488,0.7043840098992624,0.7899868764976135,0.7530327318636564,0.6230169771699013,0.7487822303969485,0.6989087977818936,0.6746112789067201,0.6581346569915658,0.6522875026217606,0.8072040953895836,0.7047520614666921,0.7654545015624091,0.22572164664680958,0.9680296124870038,0.8012301370105916,0.6947872301095231,0.43062340841606767,0.5396343332549234,0.6503057117662376,0.5334094913894111,0.7859601402710521,0.6821807773363583,0.7783920274542993,0.35094973731615053,0.3608468921490607,0.5182027256406784,0.7184177182177091,0.6181307446907478,0.6996042921961658,0.2843448495875059,0.39426603424825774,0.5823962130273612,0.6771750070915908,0.6677157022486152,0.7469981697693093,0.7673577487226272,0.344953754184473,0.986317051370435,0.14803244133607044,0.9632033763786503,0.1015752160401945,0.7695518961508115,0.9296451165108055,0.28162642022072526,0.6211783872496625,0.8288259457977606,0.8016696253664035,0.7790889318671472,0.7423365419396112,0.8957719411097247,0.9502165354351271,0.9000109254448159,0.7963633768863563,0.7794619336365556,0.7001893141162918,0.7829250295241558,0.5955261216537645,0.9684757707719908,0.9656539150080206,0.49731343751768453,0.6559806127282937,0.5163892303255899,0.640943446711153,0.7906931892572554,0.6320870716513772,0.42755543119698924,0.697784966963746,0.7558328837019053,0.6715896402563261,0.4413971502162213,0.4103723308148943,0.5391052820817285,0.684456483105935,0.6776703490186299,0.4236483083564717,0.5519623085010218,0.7758978793826032,0.8194394737508938,0.6958959522418016
AVDV,0.6353140731074765,0.582891784157255,0.5187200537785267,0.5564643974094269,0.6514931223015975,0.5562537333440047,0.9679984093047488,1.0,0.7784530568474102,0.7791588365122492,0.7133553724883769,0.842383805540688,0.825584769073151,0.5792507006016105,0.5727364424220202,0.20350822466970125,0.22938767353203138,0.18305301399406365,0.762184782260328,0.5290820793438831,0.7244099108221471,0.6415789183866316,0.717372596140791,0.7228276279605508,0.7359500554163199,0.231625421980931,0.6711915877854349,0.5863290338289417,0.7506613998522056,0.820876117716961,0.8747608845457888,0.9300737671957932,0.4986685720277345,0.6309899297762138,0.7821710029964507,0.7325900211143592,0.931366566720971,0.7529054288851807,0.739245448324394,0.8522919646533501,0.8437726316908332,0.8456296882099642,0.5463560993428416,0.8387694569474827,0.7494970762738054,0.5713188422994493,0.8147359035111839,0.789986058549161,0.8361857925002514,0.7303742011951067,0.6838806666167639,0.8588997777763685,0.63919377401978,0.6339797145083962,0.7264077426972396,0.5744814148940065,0.8596229395854742,0.7451311303286561,0.966130710791971,0.7789431796667351,0.9489107179307672,0.6251358937299939,0.564143471226097,0.5990006150920448,0.4056778466043478,0.8133521839209693,0.11705154081804835,0.935341592552255,0.7315723321156589,0.8192933021246599,0.2834555927952094,0.5208111385476706,0.5884542915588479,0.6433943705336467,0.5150834675665878,0.5400164100293804,0.6001871482369201,0.5296389817596885,0.6581276617194848,0.6593304495676341,0.6153612250644347,0.7193501556423013,0.7294428025675744,0.5871925949366176,0.7044940757570963,0.5453194612333176,0.7135025062499591,0.45444767649489615,0.6140920873813259,0.3469955980422756,0.5028385847614183,0.7182671942023224,0.4890892271645873,0.7066988681015046,0.5295847586230419,0.7218269794925959,0.5921728054501565,0.5519791430540678,0.6566224963832118,0.8049807085219273,0.7231099371518599,0.6079107335172842,0.7075363967442291,0.6502140221888097,0.6295987186766456,0.6174391430679309,0.6364016118386274,0.7696624954639995,0.6803101195588791,0.742514584316413,0.22894524287342694,0.9614210330792963,0.797678524884048,0.6579496372068098,0.4689694631212535,0.5808126421105103,0.6085575202484528,0.5225991396469726,0.7385034335202096,0.668398689509603,0.7292969734356114,0.328337584280219,0.33251026408884093,0.5156511374791299,0.6771548200430562,0.6120392245066124,0.6495602897696817,0.2768245207499759,0.38842890953942527,0.5927995977495224,0.6422188670741465,0.6142921907383347,0.7149068756333549,0.7489559001682644,0.3148700304777785,0.9451726687343814,0.13653266436899422,0.9016751861527319,0.08429203263842223,0.7179692614028151,0.8706883497793386,0.26503542283079906,0.5960161555838515,0.812689259414409,0.7647773946120264,0.7543894871617173,0.700432868307074,0.8797623303315446,0.9092337206321888,0.8548681789768046,0.7520723457421299,0.7441089260910047,0.651122687221676,0.7614360666392911,0.5624986875845636,0.930812514641899,0.9362728042084758,0.46787455480169104,0.6478677630406057,0.4845864355545045,0.604270683218879,0.7735644985092305,0.5965738943524712,0.46348959040513477,0.664554367106924,0.7232506573816021,0.623548371427159,0.39581821112846555,0.3877898774262162,0.47745656499772227,0.6442331242741602,0.7027401062286319,0.4651867230058014,0.5301065018400373,0.7492425603787208,0.7748457873432589,0.6580273756549447
AVEM,0.5629158182686629,0.6153819731360646,0.5510983972648452,0.6059576132689471,0.6922732143830668,0.6039523091083042,0.799674034923077,0.7784530568474102,1.0,0.6972604589908392,0.5652665984765735,0.6867021506704525,0.6873375130379107,0.5163290908583886,0.5857964061509751,0.18946951263298187,0.20294976523538538,0.16806759324107923,0.7452333353967693,0.5232180152158227,0.6023897946880383,0.44151293345798903,0.5601855652235679,0.6912850875779664,0.815259210915801,0.20597674339206293,0.6556971566056824,0.5656279671544291,0.9380837186633321,0.6384590781848859,0.8010985740038854,0.7390965100803973,0.4844889282602448,0.5991692566213547,0.933260064125544,0.6489051021964629,0.7989466358488132,0.9829283658907971,0.6936725476239146,0.7488440966254165,0.7031797566233916,0.7077861415871779,0.6984954165427446,0.6761535830677753,0.6051149379978515,0.5760306138840153,0.7906056591424845,0.6282866379896607,0.7028493288917759,0.7076914526765188,0.8436898327832412,0.6857255668539624,0.6059648655311176,0.8312763849985826,0.7623166676380855,0.5959303421196418,0.7505918516552045,0.627263116210218,0.8125415135486096,0.9248023978232948,0.807139017929136,0.46450912999758015,0.48550978465637223,0.5149418266722765,0.34352323932424145,0.6619632516077195,0.1117764484760901,0.7870428353233269,0.6797422423560088,0.7276581085035249,0.26679563312705873,0.5207552936450557,0.6212484777362071,0.720057980228543,0.5326119795528085,0.4479788459120709,0.6322151823939444,0.35278464795358183,0.735819518508988,0.5368429473658786,0.5441248273563669,0.7076181524532976,0.6733834878948896,0.42540523618901865,0.5882231813441994,0.3370615477843171,0.7284636215861678,0.4372369145486061,0.6990704234128692,0.3124598174165317,0.7673188279525831,0.6859511616351633,0.3388254471272005,0.606217640762188,0.3830521661217347,0.6031433271747239,0.6361953764962571,0.4676020251207581,0.5350388572503342,0.7554251988685456,0.5712664631375154,0.6699221034979388,0.7282634137328516,0.6943300405005791,0.7081114059545476,0.6374568572165108,0.5082182626945034,0.6381138825979532,0.6166561950895995,0.6734152184058617,0.15383629052259784,0.777830717528334,0.7457485258355623,0.5785920695614057,0.42356418573322047,0.5032716909440356,0.7098163036406715,0.5534199809967782,0.688181252817224,0.4544991503993483,0.6814910836476424,0.2702301981311819,0.30016184089117287,0.5830020159230203,0.7003409996583223,0.6627417579196229,0.6474108029027758,0.2604849794514326,0.41900025004281866,0.5659337806429967,0.5626693698759501,0.4826060029142606,0.6954591088298877,0.6074079407496926,0.29062204596441965,0.8359513488929882,0.1095407515082459,0.75729903358796,0.08627294817750258,0.6005243163988014,0.7665764519258975,0.22183538043453685,0.44445034985918297,0.7185432743586078,0.6721441079414314,0.5800472680368488,0.6849280919043199,0.8465352903071571,0.9120780444587513,0.8128269737995518,0.7009596804398717,0.5830821005815707,0.6674838675447531,0.9672304882169042,0.5110576610739552,0.9079569586829804,0.8092715384167215,0.48418729104959174,0.5471352853542222,0.4938432369426342,0.5138664551189281,0.6253063584669941,0.5421808204490479,0.29360886774242034,0.47868511014605525,0.5922000922642193,0.6859118653002411,0.24600341112265128,0.2580987836629384,0.35700526517049663,0.6087186509876108,0.6038082017906566,0.3205904671271075,0.45109515891206226,0.9789349751670886,0.7937103837633063,0.6029842537873102
AVUS,0.7223517746442025,0.7478293808960242,0.6588509511677808,0.7361100222997665,0.8048892824900437,0.7359086807605555,0.8150049565621242,0.7791588365122492,0.6972604589908392,1.0,0.8738501966424377,0.8233140590191707,0.7106091632972302,0.6602092479811402,0.687361580275293,0.180142193011715,0.1732989713537382,0.14314420357530475,0.8406588858751546,0.7265206429242755,0.9272778228671498,0.7147705355999314,0.8848405844300092,0.9532346446949759,0.5926798994725413,0.17392967170083512,0.4751545266550753,0.5029800634371931,0.645698812203946,0.6405869928652257,0.8102645909471895,0.7537260173172413,0.4361040663221308,0.6930800601960116,0.72498104127939,0.6109345006478867,0.8105168595968327,0.6806140577541033,0.9716237823946677,0.7779530521504092,0.726335872240626,0.7270332084924729,0.4547540762688684,0.7141683098446837,0.6373129546215007,0.495376069413335,0.7877016535778107,0.6499514941207589,0.7196119034418372,0.6642386060645653,0.6774084387492951,0.7048202174917629,0.5602392434036776,0.5799244309534337,0.5716111160159774,0.7995400383896459,0.7699977656684005,0.9144996078624057,0.7954375478224333,0.6578351208475548,0.7948979300663973,0.8134312799954277,0.3322280058394882,0.3674886554268236,0.14842205963909008,0.7044037329738849,0.0363113183548709,0.8220553159608185,0.9720755507182057,0.8325908788180363,0.24882221952688016,0.6598383227932341,0.5811445556407154,0.772793757901179,0.7425472349258435,0.6850639936287983,0.5722305264312173,0.5199134322414058,0.850507227808483,0.8609490913792903,0.7160698705345996,0.9416508786659736,0.9590973536146354,0.75248342461118,0.8876336709418364,0.6968659393184872,0.8631696447128933,0.43743769547109296,0.5788885429969802,0.3420434361731812,0.41315850766497597,0.9551287534516234,0.5436445692782669,0.8977122869171098,0.5594731544270057,0.8927214986334634,0.6812854047160073,0.6187333852561652,0.8354667430808161,0.6715936317709735,0.9223940639420446,0.7239064618080606,0.8895781157093853,0.8834465840250346,0.8409236026993413,0.8235024810726917,0.7074261995627016,0.9577345728960089,0.8543861755824169,0.9290041078355241,0.17454407557329712,0.7872726093937634,0.7166769793676937,0.7602196644568118,0.2643913673722354,0.37432953165000404,0.7819465371110986,0.4946176813953714,0.9720495071705879,0.768157815318636,0.9637778022066048,0.2742482367670288,0.32540410954778315,0.5327942406163539,0.8774474900481597,0.5070491175983995,0.8901020467629941,0.2517488006694943,0.39709869807307324,0.5449788252762839,0.7385720113933288,0.8081999798008593,0.912305097035265,0.9200155704935389,0.3248631030072653,0.8269258052843708,0.04323913912455788,0.7752962091805071,0.038196986669549335,0.9314694397480626,0.7937098616151567,0.1886260580958296,0.6825568571424954,0.6447172902977484,0.9603275519818865,0.906487343760252,0.9144096455293831,0.7642137014690351,0.8039562196512808,0.9632104595250599,0.9820813662246696,0.9096522015444815,0.8914313639195508,0.6790866831552642,0.5512581101930175,0.8190243924662622,0.7764161611799227,0.668118364577121,0.7626755409020538,0.6137973684588598,0.7530110928561811,0.8314791181090744,0.7900849411647124,0.5058657459908624,0.8363024996458568,0.8968769574763134,0.8548995007293287,0.4776172786749206,0.4394478356179178,0.616415458979971,0.8602609379306129,0.6962838012895142,0.5376614484956364,0.7148166876139165,0.685905081435359,0.8962714524169847,0.8489551090108872
AVUV,0.595983294782061,0.585445914799797,0.5717302573304408,0.5902303556620188,0.6655952212482845,0.5679587608590099,0.7170799392740497,0.7133553724883769,0.5652665984765735,0.8738501966424377,1.0,0.7594664748705889,0.6010739475549267,0.5640415793992033,0.5781519110942781,0.10617625487888421,0.1053342278661867,0.07706909332862683,0.6646965356875263,0.5425273703877885,0.7998980864905221,0.7844965537130437,0.7619630691668305,0.7307548189130668,0.5324100560821203,0.10921099199002027,0.39261845451908667,0.47253406769464207,0.5129061278769963,0.534207962827628,0.6370052911689669,0.70004225342021,0.3664847211581626,0.5505840290825282,0.5822253824935949,0.528121133544812,0.6858526513847094,0.5456927149066907,0.7538204252141553,0.6851968924412015,0.6179576600204922,0.6048346514658132,0.3966787026136763,0.6267486652484813,0.518807235244309,0.40120707518366716,0.6214698448767711,0.5730859004188597,0.6211530758711743,0.5594658597426089,0.5304897984188698,0.6477044103502678,0.49743525400386146,0.44152310194787664,0.49396923377846474,0.5762465684528348,0.6442872411477969,0.9685714187355144,0.7073545411477558,0.5696923136222439,0.7238467384997029,0.6801624817329136,0.2767853593389482,0.3153041263732446,0.11087424476629434,0.7277017949552753,-0.008309987396865268,0.6992448779261297,0.7574798049892891,0.7061635373765912,0.1921023629733075,0.5378941891802824,0.4829889402035533,0.6286946228384446,0.5169556122569323,0.514487660354465,0.4652578697262262,0.620734862619182,0.5852526201436569,0.6903627391431278,0.7178459735458983,0.7311069745924579,0.762965037269644,0.879514071572085,0.831119785288161,0.7112316154970604,0.7717510592080269,0.3996512097757505,0.5057380218086598,0.24829209453468828,0.3385814676001944,0.7139856363580315,0.6189886380320743,0.7821020361127353,0.6928491297662323,0.8770686133131856,0.6340475963328268,0.5511758289708867,0.7688788537351234,0.6455504064007519,0.8850474806300263,0.6310102959268359,0.7296148313095653,0.6107330411164144,0.610642080541003,0.5842700180029418,0.7207136374021637,0.87762269996597,0.8021259292641261,0.9274511495305384,0.13237159574268897,0.6834710678533562,0.7105978506295194,0.6384913816434874,0.2138407895814241,0.3287533139063943,0.5691330296137508,0.40243611782120015,0.7536594918258614,0.8273447705289187,0.7387550307773914,0.2057638431304272,0.23240124441302865,0.4649602766217978,0.6843498554913469,0.4111723122305749,0.6160827303888863,0.2224066173289705,0.3382561989383569,0.47488282318315495,0.614946301329695,0.6298476610725172,0.8113417256285792,0.9677672171393068,0.23155778274574482,0.7034530140268127,-0.002404443803523313,0.6598374051882518,-0.013717822580933386,0.7696714921324237,0.649507415213208,0.13922787727555122,0.6287370084619991,0.5816542437975566,0.8460655072384046,0.8900422003626666,0.7301996684134643,0.6377783343223564,0.6627184503625828,0.7821608341402899,0.7880686092789093,0.8442006091936647,0.6173478051352222,0.5582742865596835,0.4342284404547034,0.691722060488366,0.7121060587084792,0.5223694429896694,0.7109707739900244,0.5368713928931832,0.7523820446297274,0.7950298262736117,0.5857239891746567,0.6230131245624424,0.8045412392273295,0.8244277305554648,0.5863449246662945,0.387537450406382,0.34762563428732346,0.4683154267855146,0.6929569146812254,0.7415444974420531,0.6732589413095106,0.7611847765601836,0.5460947294233528,0.7080751081077287,0.6489199260927816
BBCA,0.6227460437349598,0.6345075330921901,0.5440165743083808,0.598409327411348,0.6724411798780807,0.6035151637642407,0.8560543055493951,0.842383805540688,0.6867021506704525,0.8233140590191707,0.7594664748705889,1.0,0.6684226026636226,0.566581973932345,0.593973344021497,0.18631483963861611,0.20461808217296423,0.1750333781456929,0.7110179418319917,0.5872466714170026,0.7771742032673765,0.7059040160814339,0.7869049607843468,0.7568650430951465,0.6617185956487488,0.20914770467743599,0.5665374304171762,0.5373021272728175,0.6454874143259046,0.7170831830594022,0.7702049342549933,0.808255868955908,0.4440350839302691,0.5906000302841364,0.6863555741594108,0.6403103213774626,0.8139789288892549,0.6672767839429979,0.7810115576050177,0.8406979645766542,0.7369539565068168,0.7217136601027289,0.4881245258468604,0.7247953762912817,0.6692426894316604,0.5106336837339438,0.7206907285617392,0.6827322104848516,0.7185608257708338,0.6850355869696235,0.6023465191233593,0.7910989565270796,0.5910064911779117,0.5318269067492716,0.6533927222438537,0.622749889251241,0.7460152301111205,0.7814148303777192,0.8302257994054653,0.6969933190171544,0.831734580920293,0.6946804834131618,0.5552279571920918,0.5810272488872522,0.36569103996942137,0.8294678248475535,0.09606661955065184,0.840852523265798,0.7768362350423822,0.7410920721576477,0.26389995097798274,0.5405436905329755,0.5681576752822375,0.6566264845988071,0.5843253482971277,0.5811112375723808,0.5325746511660095,0.6165146622579668,0.6461248578577876,0.7229963614868342,0.5978421562379274,0.7568468246591729,0.7740920705043807,0.6389402245562469,0.7482579423174828,0.6127920677793177,0.7342871038010528,0.4448925535029164,0.5710041480797594,0.3252733949611151,0.45468306577030515,0.7559835547078869,0.58563820425782,0.7476411650698929,0.5882792613428302,0.7490898874118657,0.6032073008501572,0.5637646020508275,0.6959035822778024,0.7599052889134378,0.7745926535547866,0.6100789139904551,0.7357922576330065,0.6644061648735697,0.6383292245239978,0.6335395774728958,0.6673113494255308,0.819036627566641,0.7227804889355298,0.7789714478497693,0.2424758880157429,0.8078744450722333,0.7672043741982316,0.649793647568942,0.43652949063235086,0.5632120571860281,0.5807092527363796,0.4570918405281478,0.7784676656721636,0.732229033061052,0.7661058225733697,0.2955888352908998,0.3083415316037842,0.4992261101581782,0.6945505555469647,0.5356029269958011,0.6823257483255771,0.24780351272955906,0.3630712141692327,0.613978854586262,0.6338277907459948,0.697820910258144,0.7520476799755311,0.7923535465800583,0.29697077633585256,0.8422417540705244,0.11317814200429492,0.7901057318032357,0.06989930145944656,0.7693406594925861,0.8145409299218914,0.23918849840587192,0.643401783755054,0.7218099745490895,0.819829644067773,0.8080076525092512,0.7492276450864345,0.7411968020761618,0.8024882496765173,0.8447274388035957,0.7937604538281505,0.8011815577083228,0.6789274695850152,0.6838983749692206,0.5206068388233341,0.8311696253347437,0.8470982775548169,0.5373666150767945,0.6748509030887473,0.5006782077024672,0.604797175063591,0.79106226646775,0.6258865641528322,0.5628303133646938,0.7288943999058005,0.7577545193941714,0.6340767975359372,0.44246170226220954,0.4612911505430428,0.5229724812828493,0.6689911279262839,0.7316829177550277,0.565484616162478,0.5623574295458059,0.6622236655544503,0.7604603220769645,0.6929721295146269
BBJP,0.5735940746549217,0.5422560385245954,0.5006895058476745,0.5353196455638652,0.6181424216827894,0.5223622494909237,0.8377999236494524,0.825584769073151,0.6873375130379107,0.7106091632972302,0.6010739475549267,0.6684226026636226,1.0,0.49223383562776474,0.5204565725452458,0.21722660147409684,0.23249023637286997,0.1957193675461877,0.7721064767704248,0.5130063227292986,0.6650436596020473,0.49256483353433206,0.6258573808107647,0.6914341606001345,0.579248790565728,0.2317473814021738,0.5399818633080978,0.4660789599096513,0.6626939355496891,0.747949833388146,0.8308206643711435,0.802199555597158,0.41757815197606096,0.549215115203367,0.7178429642688322,0.5742685422226499,0.848549698279804,0.6687380318131074,0.7015639592756469,0.7213361750020647,0.6753482558679726,0.6896756352007075,0.43958248266143424,0.6704627369986985,0.6194513337650216,0.4894432429311087,0.7103729373608811,0.6223002815199955,0.676338030163532,0.6365506947180514,0.650245884713427,0.6654105555960029,0.5295683067046913,0.6077524512256264,0.5735542716073598,0.5586787213619318,0.7174931693191711,0.6470389041562262,0.8436559916521826,0.6460773018368012,0.8438395330205272,0.5623252103745431,0.39756096424577547,0.4224249663491781,0.2785381453986608,0.591795866693879,0.12854944966893134,0.834444570477185,0.6966652331106142,0.7975289338599526,0.25119246191724226,0.5017388521840069,0.47333318639913896,0.5879492485474905,0.5090055653268841,0.503341550555869,0.5394143694587321,0.35336199217557024,0.6709637387361235,0.6093798920227608,0.5312695107747015,0.688302550305254,0.6909043081439138,0.49898935406405676,0.6284914960054641,0.4464802734099489,0.650110417896563,0.36957372612219047,0.5077743790070585,0.33983824521265865,0.39937001273702877,0.6914981245353028,0.3426988091546988,0.6385437746815664,0.38136615815031905,0.6419648931986339,0.5107087579599616,0.48391826249986536,0.594789315907016,0.6305443499978547,0.6325649210290616,0.5377632754679609,0.650730806900151,0.6543748132487246,0.6358617033195876,0.608631042188195,0.516859561161211,0.6770575505832757,0.6180875457208388,0.6650615855339642,0.17605378012104198,0.83657925125033,0.6083822743770405,0.5960853118048953,0.3265981766912857,0.41267629411514556,0.6224551642584896,0.4616134186147107,0.702435534327885,0.5237252849774665,0.6978483814208035,0.3033015581476591,0.32616295552752483,0.41185351888400823,0.6549844046233746,0.5223403690621835,0.6444135955888812,0.22681928465810908,0.34607316499831553,0.5005308331869126,0.5765698993150404,0.5590124127383072,0.6592863242515249,0.6417540881321284,0.3155613424724285,0.8516466418960914,0.14381629016309058,0.7296178483511111,0.11152164145607,0.6644611707270327,0.8133500539045879,0.25468817019564033,0.490113461748784,0.6825759575800173,0.6791058225020342,0.6337520140200417,0.6558984546023475,0.9357377626630623,0.8274063287150123,0.7874274112743644,0.7073667835086578,0.6508416082022271,0.6451984875494755,0.6525436581193065,0.49629468730127246,0.8298188604700956,0.7907792983944459,0.4426641620061519,0.5819686098372625,0.4611253176391306,0.5613210627981187,0.6304839828108366,0.5683074873175041,0.31066264513432346,0.568167526972684,0.6512338014688234,0.6371597950425526,0.3426405170004058,0.31338620988795834,0.4533387737662867,0.613172947799689,0.5461995925796488,0.31849290959262255,0.4677084565851342,0.6674501275580271,0.7279466077101845,0.6136854309373225
BKLN,0.6603870679874382,0.5535970678532962,0.45584532168181885,0.5241106526091871,0.5395351527094988,0.5417571642959232,0.6045962564658116,0.5792507006016105,0.5163290908583886,0.6602092479811402,0.5640415793992033,0.566581973932345,0.49223383562776474,1.0,0.47022302456605725,0.198273607416609,0.17869891061483523,0.1347853416448053,0.5856759839491147,0.5208239085875044,0.6049991781639371,0.5029117202912854,0.5795545931053409,0.636160632696138,0.45079063441998835,0.18250826772414855,0.4056320133841693,0.3753967572231435,0.4864094062487219,0.49770182952755915,0.5918283217613405,0.5684642211421034,0.33625651423505837,0.5061388244446388,0.5101317642432291,0.48742360350615743,0.6029088748433896,0.5142623678701013,0.6525651106657288,0.5616027707872978,0.5439279603526993,0.5686055939845778,0.34038844465203194,0.5693450677709057,0.48626451004042764,0.3795511483740366,0.5785821685645577,0.5080985949796599,0.5539397685045041,0.5353555221742138,0.4768586329700334,0.5286555772786814,0.3974525543165758,0.4034416260939541,0.40599650071878907,0.5706191532205193,0.583165907249438,0.5932159479415304,0.5956074088631018,0.48035135228345793,0.5832668442488846,0.5388278073343008,0.22864796676944685,0.2608414521677066,0.10733354236816336,0.48689817893126164,0.07531542415752854,0.616881420863297,0.6491258117468423,0.6023337465300768,0.3872972500270406,0.45710517675757795,0.4042633778742442,0.5507221065630199,0.5365327922835237,0.49078161866680053,0.4256959438254808,0.37894896484417734,0.5703125273445246,0.5839899479948265,0.5096401019229797,0.6225698701412402,0.6381154426761584,0.4874974605073034,0.6140206517746434,0.4741178022456363,0.5724877797618672,0.34976096303325394,0.39983321505174874,0.32776350605965976,0.36564924849745833,0.6393990898335266,0.41422940453737367,0.6303089103677837,0.37395983209548517,0.5477260512014943,0.4520293258302303,0.5494770703218829,0.5488968206596273,0.4459852502882197,0.6185321293817246,0.4832822221329797,0.6226057691165218,0.5931956883884986,0.5753671610808645,0.5837642837412674,0.5303575827069776,0.6454005202058767,0.5767945340755741,0.606860486092782,0.16290096450004454,0.5918111421902247,0.5461099514838059,0.7056337575968247,0.15232020989152237,0.25490670512065866,0.5023048304991284,0.3522983994672194,0.6525015481216475,0.5162319506715766,0.6418759266391009,0.2561953583624812,0.3137816204410429,0.35383288262634577,0.5716456266619978,0.39799557621770565,0.6075032857588423,0.20504745698683705,0.3046711935232749,0.3641758476291084,0.6916773621801091,0.5427217266509972,0.6136720767676616,0.602684943965305,0.31030476464389944,0.607397282082941,0.05788125881061127,0.5930334274194493,0.08642012039213974,0.6128032209996678,0.5865864817658831,0.18322355575087873,0.49410203247570417,0.49624938651381745,0.6521028552570605,0.6038380732646677,0.6296297433602421,0.5379616929982157,0.6000984940589004,0.669071921356886,0.6607246586881343,0.5910898917135171,0.613292723744759,0.5258737917668738,0.49335532991921666,0.6079623815290259,0.581410570198442,0.506141958064668,0.5096289629659093,0.4315883214579915,0.48478600136480793,0.5488163377759243,0.5492909625919262,0.35678997737042795,0.5731801828135801,0.570420885485346,0.5658865018146458,0.3300362577980866,0.2921791961303801,0.40034807910795434,0.5936248811592061,0.44072299516694524,0.3761240470438027,0.46906863882508876,0.5206370197833281,0.6256232854916403,0.6053263353171291
BLOK,0.5085568761860618,0.7995812288883585,0.6533516869579244,0.7821379964873942,0.7673349784751552,0.8155566501960202,0.5912723553470743,0.5727364424220202,0.5857964061509751,0.687361580275293,0.5781519110942781,0.593973344021497,0.5204565725452458,0.47022302456605725,1.0,0.12341142540364183,0.12441780980007379,0.12332195684322293,0.7076687484290402,0.6186249461719825,0.5855256763549619,0.3882485059285299,0.5220596006640418,0.687385887299178,0.4418641298772267,0.12760334827733713,0.3831319929794934,0.38817224788730426,0.5358220001993342,0.4464803729884754,0.6235773611925679,0.506404176971409,0.3463374559639204,0.5751719933229517,0.5892049325039627,0.45904199512143296,0.5907272716743015,0.5838232829371283,0.6903888316455383,0.5640045516535966,0.5421195438803187,0.541896652324596,0.3422880244195439,0.50412533494079,0.4428203417990111,0.3859345861858928,0.6122914945958122,0.4520281937645363,0.5190205735748287,0.5209182580188474,0.5549185590893851,0.4695994207927892,0.3958419561510663,0.49282407698637737,0.4512631727109555,0.6889880341694639,0.5630269443987317,0.6312375858450908,0.5881159497314882,0.5190279003031968,0.5584484202884933,0.4440607070459281,0.28543247704340474,0.332112459124007,0.15159872402604538,0.4585687344799469,0.02566638967342842,0.5948255687164932,0.6809989409993268,0.577355252242274,0.17482675233136918,0.5331409935696219,0.5312066626913481,0.7557017959861891,0.6545960308975944,0.46391377056456945,0.4318661146030019,0.2690476538276929,0.6718562949221134,0.494485900023471,0.5503995634850171,0.7068774857406833,0.6449192616494048,0.48578749321019593,0.6828922444197761,0.3772984443927028,0.8204558862252396,0.3416819238145214,0.5359349555611537,0.24239750312726685,0.39166720382334946,0.6841517913810945,0.3354651598040022,0.609490720643555,0.32387423866778475,0.5810673884944458,0.67800052796369,0.4275393791730332,0.5145014267256532,0.5050095744456848,0.5944759745740831,0.6771486027371081,0.7351333601211422,0.6983644410893658,0.6956042863890733,0.6279052585393096,0.4681631711333799,0.6167283832203366,0.6292631663978893,0.7049262564470303,0.1085912716062466,0.5974809296386798,0.5055776323748831,0.5381289125300565,0.2571336306191317,0.34502415627272914,0.6368014308938894,0.3715589003760079,0.679360893109992,0.41513999952013625,0.6804804238868949,0.19966572908541544,0.22363640613746233,0.502824443524352,0.6461181422641181,0.37931475031124307,0.6864354834836104,0.21055149224493763,0.307385134981314,0.5136487480416261,0.5288606868508298,0.4607175275064775,0.7521119708766663,0.6065504569780182,0.22677843752480936,0.6084805643708381,0.035569987610641465,0.5613538687043885,0.018121251644376245,0.5708445422803374,0.5882073425277522,0.13386290846697377,0.42110179060589703,0.4851063762413553,0.6828379809110188,0.5519902653277151,0.7261241037693527,0.5752787981885015,0.6275556206440316,0.7033544791309542,0.7063014481710566,0.5283275367490997,0.6997819558043986,0.5781730265194048,0.39499916913204247,0.6257395120890609,0.5374210263112655,0.6267678711233783,0.5922472333353012,0.5641348494703808,0.478298005947037,0.5101674756338811,0.5865000103299522,0.2505216584645085,0.5212442985493478,0.561656377575296,0.6624122396053789,0.18434314500162158,0.19919362261113222,0.3220900126792721,0.6745451232278409,0.5311014223191582,0.31671729753560096,0.5339493789663771,0.5916454127700383,0.7232144913763403,0.5774012685350461
BLV,0.5695937441505049,0.21047447966841776,0.26967744932722465,0.22967221781819502,0.19386061191414633,0.19811718350009117,0.2280316748389302,0.20350822466970125,0.18946951263298187,0.180142193011715,0.10617625487888421,0.18631483963861611,0.21722660147409684,0.198273607416609,0.12341142540364183,1.0,0.9458134032729181,0.7690440376292123,0.22708006261463004,0.20059772200662881,0.17947376508318535,0.21450431905826317,0.16290513104891063,0.2195184813561221,0.17394683152791274,0.9355182222395879,0.5291216133165343,0.1583798400659641,0.21231210925317526,0.33427959587199146,0.2816716055076148,0.18467685828260116,0.15600359812780493,0.19819223071304284,0.19720543676654126,0.1887687162622971,0.24888722096742807,0.18934326210794294,0.21937680403232232,0.24096142129981038,0.21645106989920504,0.22185125040508624,0.12182356929053857,0.17189855433340268,0.31359355576645387,0.18585250540035067,0.20926210943098067,0.19342553465451,0.21047290584337341,0.1995853261205954,0.1725955632202152,0.17650692264948584,0.21509110286514985,0.18171031790841763,0.2358605719751524,0.2123816882353035,0.21306264890026366,0.18630744322939777,0.26461193455630366,0.16010156776330198,0.19687426232449953,0.22648815481289514,0.23638073335949605,0.23364886403847357,0.2338503030598089,0.06988633113072494,0.8851819127508919,0.2508486091118087,0.22136433729244948,0.11545709947490918,0.6266868358458381,0.2610622908142931,0.2542529813567336,0.20720143341917363,0.20502123450632942,0.2521917205553217,0.12908120931519707,-0.06758893063916621,0.1940217521653088,0.21526416150201771,0.12778438052886715,0.21301785394317063,0.23714140288094776,0.049644150083601096,0.16488544634895066,0.04676187550177665,0.21044801553549872,0.06729122132089888,0.1543380677147724,0.9534039766560942,0.10674637195443135,0.20334328327867116,-0.00430050354352374,0.25930876203126757,-0.07862756191011364,0.151679717397149,0.19396189294183147,0.4774141572625384,0.2750266202613902,0.11086309550475286,0.16463421833892358,0.21030419522640204,0.24186214455322547,0.21614150552597572,0.20498527990357202,0.17321259920113666,0.3283060272662289,0.22252293246720273,0.14327259018596816,0.2079098429552519,0.7625712321777318,0.2715596731113783,0.23701633520528193,0.4933111293305179,0.15104579396380685,0.19812161732092287,0.15174503629533465,0.10475548882699903,0.21039613300105964,0.18863731721025948,0.216482557448535,0.7084891597875146,0.9491894645058215,0.2238773788306556,0.1891279976076564,0.2165675607244352,0.2124515501408962,0.017220014790177113,0.059778209572053126,0.053627165419069374,0.5235513737318104,0.25266928819912,0.2509052113655375,0.17530642886103448,0.9658100268130212,0.24896494025135696,0.8419651493901745,0.23831970835378138,0.9712341277554959,0.2206999229223208,0.2929313320887498,0.8402670733072275,0.3660776705218831,0.3335482931111178,0.24072842008100034,0.19630685500934442,0.24819502874002713,0.2388955669016827,0.250542211984406,0.23293396963575244,0.216245131438774,0.16016138083104398,0.2168268927716057,0.17662055672076407,0.7147240838987625,0.23782354972952735,0.19839133431324862,0.22485949017816248,0.14465634792799015,0.22642456357144533,0.3447267168153559,0.18989607964250987,0.19218125562700641,-0.08037763617862596,0.06509823422984244,0.14825693361558645,0.18590066654524715,0.19825147166026674,0.29338124798616394,0.2168910317142994,0.23196796372398085,0.08384923447807753,-0.07072952835391681,0.16877096621517151,0.1885143010988836,0.2633344392792043,0.14988422257285186
BND,0.5935344621681345,0.2095308171546949,0.2720239479861902,0.2265608904362076,0.19026254541665233,0.19628951222858207,0.24940299943535482,0.22938767353203138,0.20294976523538538,0.1732989713537382,0.1053342278661867,0.20461808217296423,0.23249023637286997,0.17869891061483523,0.12441780980007379,0.9458134032729181,1.0,0.8210458788789714,0.22246857019425129,0.184315417562852,0.17909538785978313,0.22809645499409748,0.1568142803569414,0.2111844838145653,0.18942117489309573,0.9842976790121045,0.5811700241335337,0.17516244353268504,0.23954274054374267,0.3770748339432504,0.29479493673303125,0.20542981265986632,0.17018720775289128,0.19583779956029587,0.21162564772604261,0.1945360886477733,0.2671155944067679,0.20187090023033416,0.21174680564049256,0.2671005588798479,0.23755578677217848,0.23570133253385986,0.12564050233224117,0.1859424830500352,0.34199795797940497,0.2081275092397706,0.21529374385010822,0.20288053682814325,0.22406257952842093,0.21247589298350658,0.17688537603563048,0.2017189217671998,0.21855232150302378,0.19823293002170916,0.26848407242693534,0.20675400141058287,0.22198575044354094,0.18749494499759908,0.2917897996369339,0.17445183834326997,0.21814692022326365,0.2291970637382543,0.29267868740245234,0.2867481990724045,0.2964985731172272,0.08559669499667816,0.9278765049892446,0.26617662327953656,0.21216335708780593,0.09235902143157024,0.6473883627271364,0.2653659086234308,0.2677287327703598,0.19867434250440613,0.19260038716694308,0.25102913447555986,0.1372406049073741,-0.06680468211194962,0.18182866074567988,0.21071596835893117,0.10709581208957591,0.1986514273714583,0.23000697353345462,0.041968552518566314,0.15859632651142946,0.03808367045239434,0.2069316647074424,0.08082897459026173,0.15310310353423365,0.9429571211065623,0.11295406082404562,0.1954677332194278,0.014488860508244817,0.2657468722276676,-0.07890354335594314,0.14886095108957492,0.1936076080098108,0.4613770977288746,0.28091143085458586,0.12604794119791046,0.16154163689206097,0.20592766946563454,0.23487311090586765,0.20469470613572643,0.19054094823456963,0.14987045688806055,0.34382885946719893,0.22324951010978883,0.12569487318288156,0.20493403054307843,0.8160831823462665,0.2979615925252858,0.2538789895214308,0.5169128040174562,0.19398968068991662,0.2427081697349033,0.13443424768719972,0.11632616163969833,0.20243855297120034,0.20261678341808315,0.2102155899054136,0.8320990926231634,0.9462184996859553,0.22827700691993422,0.18187142074741947,0.23276369825661547,0.2018489107126503,0.02200905887240036,0.06944986597332252,0.07833485280403901,0.5505560596552335,0.26060979310342114,0.24258590093093305,0.17363978828203813,0.9136271903805832,0.26836894202794026,0.953869130906149,0.25503491165999326,0.9284915924962865,0.2192946588018291,0.3126448970202897,0.9447934487951581,0.37772230730241046,0.35765510453856814,0.23652148911534618,0.20083923319751298,0.23803006129335913,0.26033441121073236,0.26840855569649236,0.2353965211912627,0.2082116343838061,0.16520140379748727,0.20594420320193582,0.1886733139339384,0.7305139212235467,0.2558189953428508,0.2213334364278116,0.21309187909426325,0.15713196494522264,0.23338172162508086,0.3541315549597618,0.19407029239802392,0.19765929314278,-0.08308214732575804,0.060545952245164035,0.15174477411882045,0.17152699976939076,0.21565645445928422,0.30965210755710537,0.2244751207831121,0.22338452081378118,0.1010321466939958,-0.07856881560554178,0.17519324705810313,0.1996530882599048,0.2646964561216651,0.128881219148886
BNDX,0.48262378098255104,0.17883458374035788,0.2267073446674485,0.19321087190278766,0.17023076512893734,0.1714776707146864,0.19906134254777136,0.18305301399406365,0.16806759324107923,0.14314420357530475,0.07706909332862683,0.1750333781456929,0.1957193675461877,0.1347853416448053,0.12332195684322293,0.7690440376292123,0.8210458788789714,1.0,0.1791228207779613,0.15775075243379316,0.1580939587045235,0.1770172497490396,0.13187264642869467,0.17854250648164935,0.1328993531353089,0.8071101837220652,0.44805080781784745,0.14739211874046107,0.2025936174593012,0.3025184464988146,0.2531687402358361,0.14677854444922608,0.1174579251784708,0.17866946871046305,0.18416946614501864,0.13057029204552859,0.21516957840766104,0.1677441806357642,0.1803822901076104,0.21663271674679058,0.19326345031951064,0.18017905307084808,0.09156623622966252,0.13348387388773963,0.2901322539308907,0.15754533894233863,0.17118335943529936,0.13914027552299318,0.16174974703476752,0.13618260313904532,0.14579359585118004,0.16936380586393965,0.17812809078665398,0.17274891491766906,0.23255486505713674,0.17941847049366838,0.1673300459913005,0.15715516684910685,0.2409702514277444,0.12778279409190205,0.15918436588022347,0.1939638134521164,0.2740606368872663,0.2663167818666942,0.2758496514682579,0.036268473626990254,0.7701471689680718,0.2113802419571526,0.18341604204538184,0.09738963570938595,0.552814125808864,0.22113038673737992,0.23454982017691223,0.17644664617488764,0.1582608080287919,0.19487717666609988,0.1364935879136591,-0.11668812078638027,0.16146627249903506,0.18268327011309984,0.10430885229140148,0.17203989887644391,0.19219311381220047,0.019661131013934047,0.12872621084780217,0.02770416284800132,0.18624863587135912,0.05132060043510814,0.10044033580072821,0.7620430940085934,0.07711828251052853,0.16877859549054167,-0.017744827598818878,0.21554673208741013,-0.10300710566902353,0.1461197901625332,0.15473792971800618,0.3585912232040103,0.23706424581879632,0.0973912762645789,0.13074818721870382,0.16586411803561044,0.20197433902228037,0.17808121988637882,0.1626749448602446,0.13136557844827773,0.26594030931548585,0.18288750405471318,0.10065284890484556,0.17124759214045163,0.6697630059096686,0.2539280846248674,0.18282604887546625,0.41906487530725467,0.19404560512889596,0.22787997595896686,0.1179633418371016,0.11720127553240009,0.17087969743432768,0.15573594632273174,0.18125293231679906,0.6871742102373655,0.7686075622994325,0.18854308604577935,0.15743534934072703,0.18555783904857587,0.1770436952369566,0.027819728834987876,0.0837026030576739,0.04998814499697116,0.4536894979838348,0.22926055323380776,0.2008564765187707,0.14191715543750638,0.7314082176056028,0.22045715712179179,0.8092017153536415,0.2033005276035791,0.7648774437104761,0.1886568930493698,0.2648051266522867,0.773083431736599,0.3180301050487824,0.3191926076060297,0.1984004334729876,0.16357250180220959,0.2051851183143367,0.22279258027832038,0.23013979857389266,0.19831996399677665,0.17586899077435528,0.1411626919472604,0.17917915249272295,0.1529083882988261,0.5977807416721801,0.20937302638133995,0.16090722549473616,0.164314637739257,0.17669993190343095,0.19983416695754275,0.30128215214919735,0.15578409055808914,0.1747597851031656,-0.12193239247135199,0.04535655606090736,0.15268641404640226,0.15085331756571713,0.17870195750749743,0.2899843454080728,0.18449316849968245,0.1900591322571915,0.09405793467542663,-0.12585166889589403,0.13757038711312006,0.16685940626374884,0.22063027944210292,0.10944791235358754
BOTZ,0.6693379891573409,0.7852762943055377,0.6945434655074304,0.7781313911201491,0.8441831750943317,0.7830721442252601,0.7943559208580211,0.762184782260328,0.7452333353967693,0.8406588858751546,0.6646965356875263,0.7110179418319917,0.7721064767704248,0.5856759839491147,0.7076687484290402,0.22708006261463004,0.22246857019425129,0.1791228207779613,1.0,0.7413841115080848,0.7248716493739754,0.47887664569861504,0.6533784786277353,0.8654071623193758,0.5623506590497415,0.22207049584835825,0.5231031222993954,0.4719903835042344,0.6916453353145152,0.6370641089550916,0.8553011345424657,0.6927337522128791,0.42178045027097066,0.6896662037882865,0.7599268137081027,0.5852239604732838,0.8072934227675208,0.7359699378120005,0.8604564272915001,0.7169728554439009,0.7296615377261156,0.7264998200671186,0.46840948140899313,0.6701837850433613,0.6307475706011462,0.48671754797910916,0.8162809283231767,0.600897087078461,0.6973727026047145,0.6536149764055798,0.7327371012307151,0.6251112400221396,0.5331217509040509,0.6435983957195726,0.5836878897426567,0.8009628632651711,0.7568458199880226,0.744894524821192,0.794732842650503,0.661149928764119,0.7548510913333252,0.5941836598987356,0.36191332051026887,0.4032565523402369,0.22204144596784334,0.569647148001383,0.10096285771326498,0.8041819839240889,0.8502119526190084,0.7806366463808372,0.2832865536584124,0.61496075321455,0.6149441521763779,0.7934261198863171,0.7641976382091598,0.6183426588443003,0.544546687991595,0.3146531970533028,0.8655605033097675,0.6530448114225662,0.6143594377440621,0.8658844181561756,0.830872109858343,0.5309971064503128,0.7504000678485816,0.44679719090847386,0.8561800243789348,0.38186997246720455,0.623315116356704,0.36612859394731073,0.47935329346602606,0.8520652919773353,0.3621834966414701,0.770817288821328,0.37699323698510534,0.7296200399202559,0.7138478971972805,0.5627110603154477,0.6891503455242997,0.6243364827916433,0.7090722527981929,0.7405729132664098,0.8602887510197278,0.8648764842529112,0.8647000227879421,0.7747759089342319,0.577874740924091,0.7697671501284474,0.7348246679573354,0.8098070275253216,0.1831674105389386,0.8055167956482799,0.6249302152076319,0.6938343544372984,0.30471194601091556,0.40283658517720333,0.8253832469472469,0.4667017867223425,0.851356665076985,0.5069312132486382,0.8510692719221175,0.29363090770179945,0.3499737576923282,0.5713125955063095,0.8164414469399982,0.5346267181658556,0.8465070985398213,0.24115181413252232,0.36669129942923173,0.5782324364795841,0.6786110810363649,0.6064735293586747,0.8626160007104523,0.7242307494512183,0.3462497687740461,0.8231284513660624,0.10733390592190008,0.7552526206034933,0.10305165132468003,0.735703276349433,0.7950197928404963,0.22542902413383417,0.5350972395136012,0.637506831693696,0.8256452376713203,0.6780191799147701,0.8689941865136283,0.8088868886873456,0.8327145916270072,0.8916364157936926,0.8675500220328423,0.6625794395680855,0.8643984620723902,0.7223779307374981,0.5506620215834328,0.8276645535534038,0.7128715837580448,0.7128023941576216,0.6910893015281058,0.6026944019751288,0.6344325651680467,0.6682730254103264,0.7100041307946819,0.2825353537371698,0.6015946874608014,0.7219246184689068,0.8447659955783627,0.261444365880169,0.27319126355419415,0.4557427591003724,0.7755056106503972,0.5922230181376708,0.3444045834656739,0.5979243413439564,0.7462891481939036,0.9085458804226239,0.7294763634141533
CIBR,0.5715959336686676,0.7729845523712796,0.649514419046001,0.7494368500180076,0.7263641405349318,0.7779818642545405,0.5588370090150306,0.5290820793438831,0.5232180152158227,0.7265206429242755,0.5425273703877885,0.5872466714170026,0.5130063227292986,0.5208239085875044,0.6186249461719825,0.20059772200662881,0.184315417562852,0.15775075243379316,0.7413841115080848,1.0,0.6348937176322577,0.39689421494585164,0.5707594625781547,0.7684989504132738,0.3777228339336175,0.18237720986059142,0.3394034852553653,0.32227013072090277,0.48486982368291487,0.4642691251836575,0.6310368743329621,0.4572819625642681,0.3045979538453852,0.6116801518798338,0.5308946469186671,0.4258077732938732,0.5730840139347848,0.5183483509854382,0.7757711140290852,0.5420663778504697,0.532008450854559,0.525331615867708,0.29435473746752877,0.4645011039943988,0.4537735918400514,0.37003508552015313,0.6099821173508898,0.4141957558849372,0.4797838754998864,0.5118089691656632,0.5375542254796329,0.4335344489862061,0.3673204526671703,0.42488119817620634,0.4011397004719976,0.8418554082275396,0.539105391827134,0.6208802734633112,0.5591684686780896,0.4478749700360502,0.5091092882578244,0.5585999259018376,0.25147745502055097,0.2844549622982099,0.11186915576049755,0.4050316141183857,0.07915892229127558,0.5828297345083201,0.7707441331609525,0.5762127711444781,0.2289534275753399,0.5626335642229952,0.49608016769321267,0.7227335265356409,0.9049351875150415,0.5639615060499203,0.4238252659927762,0.24667270504756605,0.7613782064935066,0.5972657092194261,0.47043519259801553,0.7965180586674042,0.7773113737294092,0.43388278344700226,0.6732676525339579,0.42693598252661075,0.7443447297938673,0.2913570272044978,0.4538870109734348,0.31502647302006426,0.3373741508406906,0.7651448098879342,0.32297313896161556,0.7087749356072645,0.2821174692379202,0.5640791537649508,0.5879301022027171,0.4846328497676333,0.5965368656668197,0.4220153889007896,0.6245458874186932,0.6120291383562892,0.8022149388745985,0.7901780280218291,0.8346294513034829,0.710467268125452,0.4701852879654208,0.6726537055918929,0.6470348288036654,0.6973834864389002,0.17405459346534688,0.5756758115635274,0.4603191597944474,0.5953300518612548,0.1838596992690267,0.2808472334976277,0.6633076255369708,0.3556292262815811,0.7576352888275178,0.39987914243416706,0.7593595790699238,0.23406657085018295,0.30497498828254455,0.46973167895858337,0.7438629450570163,0.3738851851018384,0.7885645744770977,0.15235471185077312,0.25996737802457887,0.4347266078035813,0.585044987844516,0.6335960655422446,0.7899411893837642,0.6009454676706443,0.3042077967370909,0.5843677019009179,0.08111667441353929,0.5390685725234499,0.09794575817642219,0.6642069566311976,0.6141770545012463,0.17171021959158936,0.4739941595310477,0.44815189322620225,0.7508997420599868,0.5645330154631273,0.8309734139869833,0.5471404119045797,0.5943689579097049,0.7393886403743279,0.7765612383518706,0.5520989750245016,0.8030571072249936,0.5169673838625565,0.442261299159468,0.5887280424649101,0.4873226891000542,0.8778463472839638,0.5787430683847108,0.5566233763133964,0.4930119139982794,0.5103075581383683,0.6537768091082167,0.23330552261507956,0.5213647899718796,0.5702881109018647,0.7794279722988677,0.22378167774602203,0.2249302949676071,0.42165593143045177,0.693171377020404,0.4469685517743903,0.30522846183663876,0.5361094925157492,0.5311632062132222,0.7972121333290877,0.6510193454620791
DIA,0.6732222473583351,0.628379116563226,0.5619396275458628,0.6075854706972897,0.6795890711948808,0.6015792111672509,0.7720112953678558,0.7244099108221471,0.6023897946880383,0.9272778228671498,0.7998980864905221,0.7771742032673765,0.6650436596020473,0.6049991781639371,0.5855256763549619,0.17947376508318535,0.17909538785978313,0.1580939587045235,0.7248716493739754,0.6348937176322577,1.0,0.7217445366866023,0.9450897487733476,0.8843047113600284,0.5504418363349194,0.1757405847506676,0.4433563963820836,0.4455016915243051,0.5816076736658409,0.6534332797085651,0.7572089843555639,0.7415159531551054,0.4069342228039128,0.6160253901004881,0.6360233257707448,0.5771134755979168,0.7753547378862365,0.5856039101714499,0.9077956637300353,0.7333009190873625,0.6875237388421562,0.7008059877984099,0.419144162498554,0.6950219516178842,0.6504209557051603,0.47407715060577343,0.7030483917708905,0.6403006219075155,0.7001390100290027,0.6120577513845734,0.5810002131362447,0.7032346308716582,0.5216906543627262,0.4952346759305331,0.5299226963382557,0.684455233915353,0.7337508971122251,0.8424929834073244,0.7415357004007572,0.5986553107355166,0.7565263549864423,0.8788764674591926,0.31030901311806053,0.3324404803025377,0.13381962081894233,0.6434729798456792,0.05279352872352552,0.7872427377700749,0.9140293683742228,0.7980796167374263,0.23587765224920096,0.6216931865209635,0.47217879333784113,0.6424160969357042,0.6551834201595851,0.6798635193761691,0.5444262340624314,0.464400011761879,0.7329561897595213,0.897830867552427,0.6821221127984542,0.8492598022702063,0.9140880160140058,0.7254960553484704,0.8462561206397463,0.7435858152609005,0.7437158845536725,0.4205662341038257,0.48036613465342193,0.3298463815262514,0.34056477805565866,0.891536287926278,0.4863397281438791,0.8724691330726843,0.48580245858954124,0.8367746766829137,0.5405967940392793,0.563970411708194,0.8242242562512961,0.6049230066550392,0.9023543126295528,0.571395906512187,0.7792428749913068,0.7671605038657705,0.7032713385928975,0.7330950997034174,0.663411335570404,0.9328662805299655,0.7697826183700363,0.8340635748538302,0.17483426146436742,0.7361819027374046,0.6674054871260718,0.7062825168593335,0.23503920811745554,0.3341122539655673,0.624258104580907,0.4699781715400224,0.9131443930990674,0.7861775226581891,0.9064727826479593,0.27595702608610606,0.3152437023449845,0.41192365432571604,0.7850333725133137,0.4699679541902756,0.8030335096267943,0.23387023960415257,0.3778756862611017,0.46849983369140324,0.6844670731838914,0.8640111215181779,0.7987674958854579,0.8633901878608906,0.3133209952027144,0.7796674363661334,0.06203324924468725,0.7477815880787712,0.04777794282639106,0.9524554132751998,0.768115280804021,0.19511585811186796,0.6868867089152236,0.6170018207272421,0.8965159574307575,0.8936617922061064,0.8135857573399582,0.699765774341518,0.7407748967229848,0.8948231773244352,0.911919820227694,0.9383943668524783,0.7876249856271439,0.5933900017383782,0.5165603224585834,0.7578860055266045,0.7528800243816441,0.5677803030283187,0.7210823572670755,0.5392695822713998,0.7130295462629119,0.8119009004073868,0.7199290942604161,0.451588384163801,0.8706504922117116,0.8881547191127549,0.743005853029618,0.5927726598117076,0.48864687280723607,0.7134649532421695,0.7805365583811993,0.6159908409073237,0.4407744881432835,0.6506674569602331,0.5880097886701614,0.787501829792632,0.8112422118238161
DIV,0.5801505029159544,0.4030988678726913,0.4160639990090815,0.40216355413952076,0.45634926296652434,0.38181855686376487,0.6492056656573933,0.6415789183866316,0.44151293345798903,0.7147705355999314,0.7844965537130437,0.7059040160814339,0.49256483353433206,0.5029117202912854,0.3882485059285299,0.21450431905826317,0.22809645499409748,0.1770172497490396,0.47887664569861504,0.39689421494585164,0.7217445366866023,1.0,0.7395426609327567,0.5952557650178282,0.5104604397896624,0.2326713992616644,0.4241748154794287,0.4178235719540679,0.4207055825060681,0.6005058673484759,0.5410335454098405,0.6690060157833331,0.34414798478314845,0.4396182698384627,0.4431120910997224,0.47560488813916696,0.6193316947164389,0.4183120814531914,0.6301731403767104,0.635559747157757,0.5456971280925653,0.5353187866163712,0.3618194338351706,0.5708023023888965,0.5622430671638516,0.38425590610209864,0.4898489727141463,0.5456647156452629,0.5666929270751818,0.49948231237742263,0.3720346368114889,0.6517864074514319,0.4597331069264759,0.31935328029787535,0.44863190516752993,0.40303331715515495,0.5573342825960925,0.7873284719675614,0.6360579170811617,0.498716273570088,0.6558799925921391,0.7357674963969796,0.31427984801667813,0.3270734052945665,0.1616600809201735,0.6762895118672079,0.12392572139327074,0.6402885207465694,0.6413274490022828,0.5928318910497336,0.25783346730998685,0.48948354665434446,0.4044687451947801,0.42537756179208863,0.3577752124300667,0.5383569226492259,0.38638205719770213,0.5993935243323819,0.39503634415796063,0.7259064899926512,0.5275511446521988,0.5710199537111565,0.6639333523492927,0.7021629209031369,0.6660277471292593,0.6887044316799246,0.565366193191676,0.382259047306748,0.37556889653650716,0.3292172263337418,0.26802060738332806,0.587703283958903,0.633914799096323,0.7097328120925583,0.5671132627677398,0.686668890798316,0.4495708718781451,0.5428280263930729,0.6955250990863643,0.5367177371327135,0.7775050263515966,0.44241834071442293,0.5554293224763175,0.43904607061384526,0.38905282818741527,0.4494140352677295,0.7472006621565374,0.802069935173852,0.6484020652385779,0.722533193518148,0.25634017852148455,0.6152677509992243,0.7267438873895529,0.5973887669531154,0.20865436850934033,0.3253032302056944,0.3313382908316766,0.33564545374713173,0.6345283721582132,0.9024099816031358,0.6203503781103308,0.2914681131212268,0.3187646903300823,0.3623065780282741,0.5336526092674396,0.3643986471280924,0.47104495468880153,0.19844641810556557,0.2610323679637012,0.3515835063146467,0.5900721657043201,0.7273290318451938,0.6145973206366504,0.8119490339572993,0.309746052312178,0.6255402452163007,0.13479562463432063,0.6112931594458996,0.11492769887554893,0.7311708387965012,0.6095523932360656,0.2498620267659054,0.7688598492705818,0.6073837653367103,0.7378137168880835,0.8524086125772635,0.5698599361042787,0.527056351856611,0.5626373195855565,0.6580625826941338,0.6514805232647966,0.8260537290656775,0.4528048841638314,0.44575025488512254,0.45880734911212756,0.598884471442339,0.6784793137249335,0.36187180871739705,0.5689335960848441,0.42588946227691027,0.6127390619421906,0.7223738241988303,0.5015052309108878,0.5866818022819131,0.6995679435546213,0.6995859190138026,0.4006935401665575,0.6291252953129249,0.6240559215438393,0.579295736280432,0.5272310141552559,0.5727119173082134,0.5697332619557336,0.6035691663721233,0.4075317806926817,0.5597782441144793,0.5800023919482414
DIVO,0.6328612808997045,0.55052861272912,0.47584562329153757,0.5200335227870442,0.6089906013245298,0.5188704915150965,0.7563901210731212,0.717372596140791,0.5601855652235679,0.8848405844300092,0.7619630691668305,0.7869049607843468,0.6258573808107647,0.5795545931053409,0.5220596006640418,0.16290513104891063,0.1568142803569414,0.13187264642869467,0.6533784786277353,0.5707594625781547,0.9450897487733476,0.7395426609327567,1.0,0.8279500110548611,0.5533097925711788,0.15605023678581442,0.4262562233827942,0.43467277366294466,0.5409259796967817,0.6539338003901297,0.7143192750928631,0.7375151497913359,0.4029602879162526,0.5633794910283214,0.5856839842226292,0.5617485722319338,0.7480584624881959,0.5403293721362318,0.8585028398004337,0.7355427801536112,0.6583864867975128,0.6667523735214516,0.4068160073308152,0.6723143782890695,0.6344279210793862,0.4660250290010964,0.6514885188914514,0.6247705068669283,0.6728004336415861,0.5894480536588973,0.5210246803901575,0.7186335149431602,0.5126233937180095,0.4407322843126105,0.5098073872192074,0.6085150943508623,0.6981836165475365,0.78840666244932,0.7189971203521913,0.5816919967166306,0.7424690928576873,0.8902581207268767,0.3382646491999829,0.3557229486120699,0.15793970786549047,0.6900921799273151,0.04248759668076168,0.7657146153275167,0.8684887518404968,0.7627268431783971,0.21383624494786702,0.5664799127152157,0.4314391117106191,0.5753463426101321,0.5795628189866832,0.6644928804245466,0.5108820720046989,0.5428025778047015,0.6618200815157848,0.8967878449097223,0.6091274501025888,0.8035393616449331,0.8740908998842356,0.6821762172639636,0.7970793151514797,0.7370498158298053,0.6710372725674524,0.41023612577698565,0.4452560672816625,0.3025968594366838,0.32616084513453275,0.841902880317273,0.5221437822541575,0.8148014375838317,0.5218571709316673,0.7980503198865209,0.47362611620830986,0.5409250174605281,0.7883529718645185,0.6130984209343028,0.8705977428913757,0.505824368976736,0.7123206303020467,0.7016620416790301,0.625400438275228,0.6934625361633684,0.6229340032432918,0.899293949956266,0.7266890874851202,0.7679195185128853,0.17890856850724363,0.7074506464915895,0.6664344053722285,0.6589131825254047,0.24176716727140377,0.3514864043015133,0.5523529860509554,0.4434564429214762,0.8661995728547845,0.7902986869791813,0.8558957958000233,0.2534715708698389,0.28833879478468766,0.37187481306052267,0.7280211089165891,0.45783203344325013,0.7452922477507162,0.22461964103999438,0.356153291166704,0.4486516055158293,0.6402069629767799,0.8694824415989902,0.7276450168950824,0.818792102756635,0.28855692136984756,0.7514325102800022,0.04341090457208415,0.7243134141805336,0.03828982015673991,0.9332347352270052,0.74443751652401,0.1684218037581228,0.6800825211424474,0.6017507732504797,0.8564969562888455,0.8769435726715701,0.7556838177315515,0.661000178582452,0.6992904058183179,0.8492945215004093,0.8609878779369552,0.9328066714605658,0.7236065752570683,0.5581546360041205,0.48666923091387315,0.7263945363884344,0.7506740184759836,0.4890087923523635,0.6824254376871902,0.471025313562901,0.655952925347008,0.8018797557099085,0.673645032411421,0.5263967202345444,0.848688526399066,0.8561619569281619,0.674223095955993,0.6429477560008127,0.5312086239019317,0.709304105126674,0.7160960374319805,0.6126778725009933,0.48986310851470727,0.5847625237041005,0.5397976189488325,0.7195916080956299,0.7862723529387067
DSI,0.7195671125211159,0.7697523817194549,0.6515731209695876,0.7539982772235295,0.8150768304018648,0.7675544432144882,0.7721717347244693,0.7228276279605508,0.6912850875779664,0.9532346446949759,0.7307548189130668,0.7568650430951465,0.6914341606001345,0.636160632696138,0.687385887299178,0.2195184813561221,0.2111844838145653,0.17854250648164935,0.8654071623193758,0.7684989504132738,0.8843047113600284,0.5952557650178282,0.8279500110548611,1.0,0.5542120562813956,0.20838722704878151,0.4736073058904121,0.4574306742395128,0.6418294788694808,0.626953773364562,0.819023643178245,0.6893402234734894,0.4266481160154708,0.6970312101353096,0.7212525829005786,0.5842421850269967,0.7860288770638212,0.6786537600763016,0.9869815522860039,0.7381014425395582,0.7069967003268065,0.7176477851522077,0.4338080770321226,0.6779331361275271,0.6293049927314652,0.49103950392916496,0.7967002084320051,0.6105667675664648,0.6947538044553402,0.6462141623828567,0.6961364823261259,0.6474283125642164,0.5246763370002506,0.5886095083431214,0.5511044767213352,0.8431189695704503,0.755109916739107,0.805632603894378,0.7563406533469933,0.6313445900860702,0.7379907416237252,0.7803531464672406,0.3187562459789975,0.3501156462046054,0.1440461958794606,0.5889070488189346,0.07288270314693883,0.7939665058906848,0.9816736305236883,0.8024897659308317,0.26486925599711275,0.6463993258447897,0.5622339796565049,0.7623485013282744,0.8168697710900598,0.6977177499871557,0.5657841569410859,0.36986530157718783,0.9221576985969749,0.8372723468804777,0.6436141963331784,0.9457412204169875,0.9588088527353267,0.6187811203091207,0.8333480694189732,0.5927297772025417,0.8281403094751972,0.40050958536161885,0.5644929579735987,0.3735306826412509,0.41024285715316844,0.9844634847667516,0.4259539555422528,0.8775273553460854,0.4062444637170993,0.8034658969820047,0.6424131492287468,0.5943917695112927,0.789042562768523,0.6000669782109523,0.831163709909465,0.7021723154717684,0.8809584641031991,0.9486419163926603,0.8923355957033339,0.8604014578551258,0.6337761450716692,0.8934932995215726,0.7909358664169296,0.8428638476772841,0.1877284609424827,0.7597471576759184,0.6420863552295462,0.7528501688843834,0.25439588922955564,0.35369503645983397,0.835213425206375,0.4880419488380589,0.9854397612205578,0.644184101478051,0.9842835801184633,0.2940676776665342,0.3565937906856514,0.5063907717450625,0.9020109601637951,0.5026616944944771,0.9534118793451869,0.2430057340735893,0.37879029252645424,0.5228004423778451,0.7369720171866186,0.8027978968756064,0.8763538280383498,0.8032370188300231,0.35653822641573013,0.7990701205759413,0.08175971394808525,0.751150239634034,0.08040908413836988,0.9073259159630401,0.787267532770737,0.21490444903811978,0.6475658910550406,0.6139515011790401,0.9130840734334644,0.8048642911870383,0.915746976453109,0.7448451372742833,0.7928410242035956,0.9568684005870037,0.982714315124716,0.8207332833759492,0.9586864439404699,0.6712598918729052,0.565424039469441,0.7951868935001274,0.7144043276555371,0.7037705746576846,0.7032891645239272,0.592904186884518,0.6889810997886199,0.7488734991864866,0.814806554238944,0.3473445337764389,0.7449906375038956,0.8219491483842474,0.9291645865069588,0.4548154929708429,0.41090219667145883,0.6045387592597914,0.8726481612492556,0.5932321181940647,0.3865842762084766,0.6374906549481241,0.6874756011167401,0.9127328471364364,0.8537521932935191
DVYE,0.4917402344443298,0.4542572864642432,0.4042749809619835,0.4321772012460234,0.512910303424165,0.4285976382561364,0.7386375669589755,0.7359500554163199,0.815259210915801,0.5926798994725413,0.5324100560821203,0.6617185956487488,0.579248790565728,0.45079063441998835,0.4418641298772267,0.17394683152791274,0.18942117489309573,0.1328993531353089,0.5623506590497415,0.3777228339336175,0.5504418363349194,0.5104604397896624,0.5533097925711788,0.5542120562813956,1.0,0.1916235125008605,0.6646040719954796,0.5670896191252106,0.7672267921142488,0.6201650366700497,0.6631522105243354,0.7345753286572709,0.4824093188800932,0.48191383243685365,0.7476334832466455,0.6428322869821218,0.7184894130375155,0.790838947445132,0.5670607014736235,0.7193322270065132,0.6274989381344209,0.6359422709135514,0.6531383994694665,0.6511734734461203,0.5535598701913486,0.5493028877848508,0.6404466520817657,0.6131962643973694,0.6513471724476889,0.6507239172476318,0.6316990616628648,0.6896954143249183,0.5923417393117074,0.5814682616563263,0.7013566633408963,0.4370057239342834,0.6722367544038229,0.5581648162905986,0.7328788149002918,0.9060633018431111,0.7525355902927356,0.4581939586690499,0.4614925079414769,0.48631857836954606,0.33897776457111284,0.7172273013759669,0.10641025662269007,0.7181057696015962,0.5573759265111764,0.6361588150231255,0.24469566454333389,0.4145950352582741,0.4906456184526309,0.5207783939739551,0.38492461471859085,0.39088938220735453,0.5267360962985467,0.4564648741534863,0.5194995251285858,0.5083117644992877,0.47203635986843007,0.5406722968669584,0.5518394636728056,0.41410426918512255,0.5206000618070182,0.37733147497473973,0.5642881050003188,0.4236915019839991,0.5864051651895066,0.28258019796566763,0.6424909552645063,0.5521760175675446,0.3966655188173155,0.5335941498717331,0.4444130597891929,0.5209796582975637,0.48146566905407734,0.4121913547445656,0.4750100336816562,0.7445712138181619,0.5315086332752909,0.4982589062563948,0.5601407302795166,0.5064784942970461,0.49597225728062083,0.490512491930788,0.490422800967195,0.5799079854436114,0.5310825937924906,0.5575954622823809,0.16909207697989923,0.6993393210257763,0.8313616245916181,0.511688460444784,0.4205096606980049,0.47445374746106916,0.48499904756370693,0.46388430768578487,0.5659978144807613,0.5162728023268006,0.5571247079043986,0.257391802308625,0.2731091715858218,0.44229829268397136,0.5340358583566558,0.5904842916633505,0.4940116090835071,0.2539694550191532,0.3324933722196016,0.47207306968963886,0.4924438059665609,0.45936385386513134,0.5411584435965094,0.5580927402760061,0.26223143994732045,0.7350632334389394,0.10571836169799756,0.6949903616425422,0.0842506461237091,0.5338785394154446,0.6719456799380006,0.21723077373044095,0.45170860062951734,0.6874363245393392,0.5765364382497996,0.5699421515730628,0.5263385474716509,0.6928718990467098,0.7659613738470368,0.6820740372050296,0.5749728450644234,0.5646641424628569,0.49750597998536056,0.8183346230622278,0.47658022448957155,0.7884013728353869,0.8045323340533843,0.35123659532966645,0.45201251961332073,0.3871583293638414,0.4183500202135186,0.6092930718429441,0.4478619268165315,0.38285962784027233,0.482174322256855,0.5133854001874963,0.48669780653840794,0.3174064576281545,0.3044691420770697,0.3534449600760992,0.4860562089162721,0.5793077306953814,0.3723025782981373,0.379363637168761,0.7712684005251459,0.6182490652116975,0.5245894421022208
EAGG,0.5898455196476626,0.21239166691750466,0.27247356772110176,0.2301703127584494,0.19560050396018275,0.19897609250255016,0.2491723326002413,0.231625421980931,0.20597674339206293,0.17392967170083512,0.10921099199002027,0.20914770467743599,0.2317473814021738,0.18250826772414855,0.12760334827733713,0.9355182222395879,0.9842976790121045,0.8071101837220652,0.22207049584835825,0.18237720986059142,0.1757405847506676,0.2326713992616644,0.15605023678581442,0.20838722704878151,0.1916235125008605,1.0,0.5791578464957253,0.18011737722382337,0.24217691889324372,0.3717138297866785,0.2930723808470993,0.20483414396157176,0.16786794638546693,0.19412079536139945,0.21267350791624332,0.19036931224380152,0.26564902648703503,0.20541391732297062,0.2093216683144269,0.266598617617296,0.23864574398387908,0.23223449667993337,0.12975134687396167,0.1859829074297506,0.33647672397385686,0.204792798720134,0.217616244468594,0.20356792838917992,0.22246149185763636,0.21393030625511447,0.17990272868258692,0.20105756184475448,0.21995488139601088,0.19727766507218666,0.2722595923705598,0.206259223508851,0.22023427466131082,0.19082576984981617,0.29217629994142363,0.17684336694048924,0.21831441843531968,0.22621646202227877,0.29593180537584424,0.29127405938518147,0.2978361085497988,0.09120584808888833,0.9227130577661083,0.2657102742186454,0.21016771627629935,0.09021449805428178,0.6462244263183343,0.26283725288927,0.27406140282258185,0.2000259150526955,0.18700163871480527,0.25084775199006515,0.13503339208549148,-0.06042616568785639,0.1797404649594151,0.20702377686211745,0.10595644963592765,0.19953050610203657,0.22699650695262405,0.044124493260731715,0.1581713304919665,0.036507823588259096,0.2130995765054867,0.08387205224942877,0.15484780218942856,0.9328254263679611,0.11923125938091703,0.1926226663796426,0.019575522217870425,0.26380118961596205,-0.07195653114840377,0.1537761347864939,0.20225033813647622,0.4632731842045602,0.2786742318016339,0.13274156948446103,0.16155245926380193,0.21315350677258443,0.23653795743219014,0.20256272387790675,0.1886414819385129,0.15184964510903856,0.34395040518216397,0.2229852739835249,0.12821956569802498,0.20761077892397647,0.8100495443637216,0.29762119400031906,0.2577408224834588,0.515648956330072,0.19336536196765677,0.24349298009806905,0.13551412544012112,0.11496886604133492,0.20036882193438235,0.20345132742198252,0.20734066043237856,0.8228014790888858,0.9373547792479768,0.23320418010121857,0.18145082401580093,0.23326930125605555,0.19770277096374647,0.01347529373562604,0.06469550821303478,0.08150242369674389,0.5492151505796083,0.25412287522375027,0.24444189314281456,0.17624448800455927,0.9046475642242655,0.2672804465075282,0.9415753974201075,0.2528283688318753,0.915209213939577,0.2164312061533431,0.3105055582171331,0.9349303144042459,0.3757744813395362,0.359929796379333,0.2372077421826129,0.20205899570755087,0.23927084805763268,0.259570173741962,0.26758237045675426,0.2342090487668538,0.20701126430808967,0.16427901407496895,0.2033741364429156,0.19215677537564488,0.7240661936713211,0.2566012572339065,0.22199422128665838,0.21165031922527472,0.16115934788348144,0.22937074994130066,0.3540349949069345,0.1947345743245713,0.19612880082014564,-0.07781184622235476,0.05773311381922767,0.1563506209361193,0.16867163427694565,0.21106219326024253,0.30823439675430375,0.21779611776760097,0.22217490781207572,0.10419182585230298,-0.07257286099406235,0.17976423419086318,0.20202784430555765,0.26314979198850036,0.1264398036743154
EBND,0.6227003535198288,0.4420613575880266,0.42248030842874695,0.4182428599617718,0.43511467092962575,0.406846328024074,0.6906180760361039,0.6711915877854349,0.6556971566056824,0.4751545266550753,0.39261845451908667,0.5665374304171762,0.5399818633080978,0.4056320133841693,0.3831319929794934,0.5291216133165343,0.5811700241335337,0.44805080781784745,0.5231031222993954,0.3394034852553653,0.4433563963820836,0.4241748154794287,0.4262562233827942,0.4736073058904121,0.6646040719954796,0.5791578464957253,1.0,0.5162239981329784,0.6627927857392915,0.681664361017196,0.6614241222245026,0.6617747338787021,0.44642955484988706,0.4455166632284968,0.6495430504455699,0.61075271775957,0.6866656778453064,0.650995949832994,0.47868509027594086,0.6480621529584534,0.6197140198894537,0.6578808060626702,0.4587144227026383,0.6168140847079294,0.6138529935377092,0.5050049289458706,0.6115624495141374,0.6068396338859133,0.650919803856111,0.5833122902936795,0.529857837245673,0.6181615150580348,0.5687879846583976,0.5436280506128229,0.6712312584442611,0.41580075659262994,0.6564256041610489,0.4585485385333226,0.7085150775572898,0.6594634595002148,0.6704429765400598,0.4041026736619885,0.5229586810314398,0.5444662193922685,0.43892796302875026,0.5141037379023243,0.49147220960187565,0.685347406303521,0.4741454067837277,0.44970817740246893,0.465282440050894,0.41383415651366157,0.458410859410284,0.46532283411766556,0.362693885834281,0.39919162428295507,0.4744557851279161,0.213459166657557,0.4508399270466623,0.4086771041934908,0.4039488829976118,0.46084932270518303,0.4746256541934322,0.30595817964180594,0.42815100196840195,0.2692990215382263,0.48235251822443276,0.30045790756662444,0.46145834897949534,0.6109856532483988,0.4549570827014139,0.46430052768538044,0.24352275165467246,0.484224259674603,0.21390251588184145,0.41627796299206266,0.41523510473342207,0.5036104818889423,0.45265377341641916,0.5542467100282322,0.42654134588526826,0.42331368683160575,0.49895670105793194,0.4443669826718928,0.43404925815548073,0.3926808675980729,0.4821271678700829,0.4871101842534827,0.39178664791385687,0.47171175297625334,0.4720815204103559,0.6988690892140218,0.6387407879986751,0.6065476640294094,0.4226878126314473,0.5051029303660819,0.40375335005433516,0.40846868748673526,0.4731338423386253,0.41676794916805154,0.4752973017595535,0.5788024508373378,0.6077411749279946,0.3979886183278472,0.44652559618839843,0.5620012015195145,0.4367329562180767,0.23599225805410856,0.2679912525618582,0.374289065129043,0.6157959911645611,0.4108058931143335,0.4850853285122621,0.4486246455324808,0.5718477697052028,0.6941334261771118,0.5242361074590469,0.6828651826377441,0.4541870615669411,0.45466372851951864,0.6629867575543046,0.5896906650098314,0.47082411082141007,0.676629964618787,0.49844965075113506,0.46466913552923755,0.47691982002823763,0.6329798861739858,0.703743216805041,0.5928195962257684,0.4848763429851216,0.436074673293433,0.44362722166819624,0.6497434593672834,0.7152128204319746,0.7072193422780518,0.6938733922195173,0.3529366811230288,0.3638155187445178,0.38770022670251203,0.4526131127527634,0.50684867156227,0.4009788517525842,0.14724553981065214,0.3581011051014574,0.4070340709982653,0.4137470160766266,0.30469156019471055,0.32501329861109224,0.3393002969580171,0.43809654583290514,0.43180188669958475,0.14968391931038552,0.35303132057029735,0.6441527433691154,0.5614322978742041,0.3887040110708381
ECH,0.4114921204357675,0.38028186499020583,0.37154957647580483,0.3820793948263042,0.44579830370252527,0.37343212275803717,0.5833565695102338,0.5863290338289417,0.5656279671544291,0.5029800634371931,0.47253406769464207,0.5373021272728175,0.4660789599096513,0.3753967572231435,0.38817224788730426,0.1583798400659641,0.17516244353268504,0.14739211874046107,0.4719903835042344,0.32227013072090277,0.4455016915243051,0.4178235719540679,0.43467277366294466,0.4574306742395128,0.5670896191252106,0.18011737722382337,0.5162239981329784,1.0,0.5346509463741337,0.47742568646800543,0.5261053259276565,0.5617916748437891,0.35653041172541133,0.42140768200738216,0.5588070517383946,0.46119477776541506,0.5613063631115092,0.5508204308333603,0.4657545806606616,0.5506751422309567,0.5115725828756825,0.5049764628471172,0.3953571800951988,0.5054535516133186,0.4478082749407504,0.39541958072347755,0.5121426429410326,0.4806289558650048,0.4980057277721383,0.467408158042773,0.4648728166293606,0.5187890312466952,0.4804102579116793,0.4702824844102245,0.5273589267899337,0.3627833047507315,0.5248761764752798,0.4929774141129166,0.5840899594857792,0.561776259003378,0.5798613969757194,0.3783928793941713,0.3766816928189321,0.40387865646245485,0.26403758233331964,0.5580933961649703,0.09840711814155836,0.5627533066935881,0.46170631602156076,0.4827583993631462,0.21789817839391384,0.3601390564766929,0.43872849136565417,0.4525257746453906,0.3138542386087442,0.343477357122991,0.3686724083164285,0.3342139166721999,0.42309365437663415,0.3982922163753032,0.3978023365324444,0.46412000082024774,0.4525614636161617,0.3839145379245402,0.4426202904702787,0.3306930992147908,0.4889419566524876,0.27640253970141826,0.5458087636945834,0.24636508737397142,0.38340816684151213,0.45023969313961615,0.32481784680857956,0.455118622850327,0.35570048701753343,0.48201744756405646,0.4450639539911656,0.3786168662515697,0.42513517004630924,0.5837890708093578,0.46107246619909065,0.474582308847586,0.47695863068056243,0.4175837815845052,0.4166308474857466,0.38388217131211,0.4326916656714252,0.4917141338607807,0.43370550039795336,0.4932401909626922,0.1676217960312177,0.5628554729287295,0.5526161434968907,0.4252811838721076,0.3317162582268823,0.4056936840765327,0.41311274682572297,0.31404367189001847,0.4635351592072578,0.42340787738971497,0.4586551549440099,0.22465849943365138,0.2478625234904393,0.4041643666200832,0.42756231817203394,0.43275558283149,0.4058683213617053,0.15053954052192597,0.3029263624999924,0.41305131890243874,0.4172632502322223,0.3593427920254949,0.4757030968557522,0.4938601631837539,0.2283394970295123,0.5768247454412482,0.11024226020602076,0.5418720909029195,0.08545568761315933,0.4359517090881663,0.524598453204684,0.2000775650944566,0.36037711444321685,0.5027083369634799,0.4935491920548532,0.4894090298559357,0.45196429067991234,0.5402029332127752,0.5812882198772723,0.5427865969713478,0.4787633085684994,0.4642330830496582,0.40894264317760043,0.550933719066649,0.3854450767246176,0.5949125932004858,0.5926858786457111,0.2939448251575135,0.41936078874046845,0.3356874615772046,0.3962835921053408,0.5280733813676307,0.3594244802899933,0.2926713562355088,0.4187805853366607,0.46380820932275374,0.39744253172083915,0.22406970949810526,0.24013484380803085,0.2794359796029001,0.42000253334501086,0.5152870905123458,0.2901263124426863,0.3648954286931688,0.5420467343663216,0.5180891986115549,0.3932441576245976
EEMV,0.5448576454144695,0.5690660084935621,0.5164334172731893,0.5551635174926554,0.6299788239582863,0.5526218493191715,0.7754388285082938,0.7506613998522056,0.9380837186633321,0.645698812203946,0.5129061278769963,0.6454874143259046,0.6626939355496891,0.4864094062487219,0.5358220001993342,0.21231210925317526,0.23954274054374267,0.2025936174593012,0.6916453353145152,0.48486982368291487,0.5816076736658409,0.4207055825060681,0.5409259796967817,0.6418294788694808,0.7672267921142488,0.24217691889324372,0.6627927857392915,0.5346509463741337,1.0,0.6638586953583392,0.7793084277077859,0.7232278022130529,0.4882232071081849,0.5659818060914104,0.9009677822527179,0.6298507671558393,0.7787266494792812,0.9383524352345818,0.6461126511543982,0.7258286410962299,0.6886375337770608,0.6894702679512973,0.655286217566822,0.6586709090070015,0.6269036154099555,0.602894004479057,0.7415730716144453,0.6266614234318909,0.6935806761537271,0.6852755687309661,0.7947282553744909,0.675824496181708,0.5765640720846933,0.7946170295349326,0.735777945619344,0.5482883418692115,0.7275307149363797,0.5826991596876709,0.7916407649474277,0.8762772841291898,0.7789607561800118,0.4681753258920991,0.492925205408249,0.5139363435421371,0.3606485184953999,0.6118035700539328,0.15683433154027981,0.7670631086672541,0.6353281794475937,0.6831244885187971,0.2818762885947756,0.5011581182092907,0.5811902355073498,0.6729694399388105,0.4900512983905434,0.4504418907110591,0.6491660803695039,0.29498614720185334,0.6739285249057035,0.5170648144671832,0.5160666813842313,0.656279600513427,0.6384278592906198,0.3938243680472428,0.5498064593208366,0.33288154737729053,0.6681597189953198,0.502386269888057,0.6484749459795458,0.33204570947571416,0.7123755255936154,0.6386474128388345,0.29757218080150316,0.5833750547020874,0.3229349205429122,0.5578948663285204,0.5663221370696537,0.43822349597632626,0.5171719583597613,0.7055670254257065,0.5394019961622727,0.6016252494588359,0.6769072954968738,0.6379148132241941,0.6465132633990753,0.5842644057632863,0.48732770423522526,0.6084327058991488,0.5617094571294162,0.6253335129836374,0.18839528085618612,0.761314571707753,0.7024905264673096,0.5591584254855684,0.41302362390700664,0.48823006906739147,0.6295328592799977,0.5437179294440793,0.6419293462672855,0.4429054739893614,0.6370899479371442,0.30548730060262225,0.3202663262479237,0.528158311454676,0.6397442604448812,0.6777951729707993,0.5969074508260719,0.2557802956410803,0.4627600040762339,0.5218246839375913,0.5447954347919555,0.4862084831969819,0.6443090379655753,0.5650839258741462,0.30377377212138257,0.811955860935931,0.16315084070144686,0.7420451810954742,0.11645043184582923,0.5802757138649814,0.7572404912666857,0.26047701954521124,0.44574991076380105,0.7143708292378067,0.6336117669068455,0.5535702222168146,0.639816844640681,0.8185934619551417,0.8857282289927544,0.7702417563057258,0.6526960280901163,0.5626873372469793,0.6136089485348126,0.9202351833631724,0.5136689594822227,0.8769404937989362,0.788683340298927,0.4453031293680326,0.519699561550307,0.46928008393025616,0.49560638147248,0.5997312984672879,0.5099231843735663,0.23773010179700152,0.45988262785935835,0.5608344070214643,0.6255588241545172,0.2768677592201565,0.2706477052434385,0.38144879308436214,0.5638043143802313,0.5561702736704598,0.25392816092844767,0.41224413073989125,0.9316060215038885,0.741169909063353,0.5573317957428943
EFAV,0.6159501922410373,0.4992769042705281,0.4639464741620214,0.4662995249920665,0.5029828377669345,0.461354429232926,0.8790452630518275,0.820876117716961,0.6384590781848859,0.6405869928652257,0.534207962827628,0.7170831830594022,0.747949833388146,0.49770182952755915,0.4464803729884754,0.33427959587199146,0.3770748339432504,0.3025184464988146,0.6370641089550916,0.4642691251836575,0.6534332797085651,0.6005058673484759,0.6539338003901297,0.626953773364562,0.6201650366700497,0.3717138297866785,0.681664361017196,0.47742568646800543,0.6638586953583392,1.0,0.8589909224458862,0.8706096582758075,0.4412018066541969,0.5318190214482251,0.634209075267352,0.659389691989403,0.894041709232903,0.6261891150294795,0.6413595757257688,0.782169295444313,0.7869937253853686,0.8102397487550399,0.4851590330247533,0.7913909126349109,0.8707544313135324,0.5346841562723957,0.7415852563351011,0.7655026806268235,0.8238424021063134,0.7061804740953407,0.5356469369212611,0.8353163264164107,0.5640858687364559,0.5137440466444805,0.6302195904035667,0.4968123080419819,0.8214665021515292,0.5953196675578707,0.8627085536348174,0.6466872120956065,0.8487015078350478,0.6804941333767479,0.4752056049624932,0.48810939335582954,0.3425899578496974,0.6129912964452806,0.27463738339735266,0.8952923084013441,0.6446756743721354,0.7315348655709814,0.3626848452871064,0.548047553255652,0.5036466310516645,0.5084732834278205,0.4563360799798952,0.5916502845864378,0.5445473373025344,0.34587518334164485,0.5342892210705176,0.6532314686032622,0.45856020741493764,0.6109490851403849,0.6638854022937745,0.44735805706004306,0.5785131659409081,0.5276990396593606,0.5652972861065524,0.3702158592869443,0.47268572145322524,0.4584907187337416,0.4340858239955771,0.6217046656086745,0.3414198688814851,0.6533116103518167,0.2991079285647448,0.5587010471745025,0.4307851186583668,0.5233274321099078,0.6373287551129063,0.5900828068586146,0.6139044479123131,0.4505195224690406,0.6064862081426958,0.5498813091125139,0.5102266177804897,0.5282154033149371,0.5744291829676521,0.6851445915405405,0.5497186175646522,0.5952239672418291,0.30745891169437906,0.8710170978099896,0.6946607628477406,0.6268565898263548,0.3376261592036997,0.4474695411247919,0.4529074699007615,0.4508814879141351,0.6382028378113044,0.6092964691146955,0.6376865017542327,0.45270703244976207,0.44964258784881117,0.41433123040491604,0.5484764123655647,0.5355762323262983,0.5716417641214334,0.2215566393230126,0.31240756166771405,0.42524893933497926,0.6244837337962895,0.6848910185689979,0.5938471662065968,0.6073073233243627,0.4191466243498066,0.8765399697411866,0.30493632187012515,0.8801265974891662,0.22880760261849492,0.6837718130948325,0.9018681926457273,0.3956713330238799,0.6232113979326308,0.8001688723097827,0.6722721258883152,0.6643906128141295,0.6069280495074619,0.7776914149707685,0.8320029933490553,0.7523374414761218,0.6442573767498155,0.6680505144206087,0.5589514850463607,0.6367018999670456,0.5935893892152411,0.8439706226271787,0.8607423361325807,0.42300855031166856,0.5109408943461898,0.473752029993521,0.5695334017098933,0.6620914992070267,0.5466427863939717,0.2719146126785782,0.5652679581600587,0.5963374590102409,0.5031330218991059,0.5582309145454173,0.4742565474006739,0.5968928904284627,0.549683346782215,0.47375710920621494,0.2553926508048761,0.4481590965471675,0.6221110346065586,0.6788508736728228,0.5619737329315148
EFG,0.6795556549075478,0.6810534839201386,0.6173292514309953,0.6595366724381754,0.7269851512272448,0.6555033024639723,0.9393647028010819,0.8747608845457888,0.8010985740038854,0.8102645909471895,0.6370052911689669,0.7702049342549933,0.8308206643711435,0.5918283217613405,0.6235773611925679,0.2816716055076148,0.29479493673303125,0.2531687402358361,0.8553011345424657,0.6310368743329621,0.7572089843555639,0.5410335454098405,0.7143192750928631,0.819023643178245,0.6631522105243354,0.2930723808470993,0.6614241222245026,0.5261053259276565,0.7793084277077859,0.8589909224458862,1.0,0.8652067060642616,0.46781055163549684,0.6736438675046221,0.8083771640994654,0.7026245528428722,0.9684774124758984,0.7919655728746429,0.8242038276004551,0.833406654459636,0.8804164440778995,0.8944140388636452,0.553097195110521,0.8365641765451471,0.8435707192174826,0.5565965537798824,0.9230299321017938,0.7743339182993818,0.8929556441582548,0.741288672411819,0.7341416163467699,0.8210447103395251,0.6097687055597685,0.6829015279425936,0.6857912323607682,0.6959230051654953,0.9286805171473514,0.7196902658303752,0.9141807382549326,0.7436200167128529,0.8959262347715702,0.6725886489247505,0.4643314207812978,0.49314559384011314,0.3024747266443577,0.6417110929875389,0.17648424950755956,0.9598956917683731,0.8191331905497962,0.8856194465112035,0.32654945016813547,0.6263003706842715,0.6088266833064496,0.7146563688387069,0.6422268208469805,0.6386199746155261,0.6195010795118252,0.31997034211643166,0.7964327365532984,0.7141647793200472,0.618878357517625,0.8175387613290264,0.8183447203716697,0.5140293842700684,0.7177146109488095,0.49325169040912004,0.7673806400141826,0.40943250391464914,0.6149566938658264,0.4222769979080093,0.5307121630518219,0.8127772607980032,0.33660285354144603,0.7618310337268734,0.3485808732827704,0.7133177941714213,0.6151507590177535,0.5734135620216501,0.7155606806326015,0.6913385476287991,0.7105473601952581,0.6549250582509782,0.8019363682088738,0.7883218981291076,0.7709974353911937,0.725010252720257,0.6001589674320378,0.7846668071084493,0.6958808048024991,0.7561922832289074,0.2282444011789244,0.9305008321109434,0.7138617295540983,0.7041076030664126,0.3692208783760569,0.474220314366921,0.7369570791494101,0.5245744464132568,0.8199286886644286,0.5703034652945999,0.8200155337811338,0.3771160622819854,0.4067328164384107,0.5323387562517916,0.7691270681584332,0.5963807777866592,0.7765083453690198,0.26497201619579447,0.3894931338811121,0.5486058455196516,0.6912760307883179,0.6777496387571683,0.7844596483081936,0.7116534926899101,0.3942421165181108,0.9642755641383217,0.18868971466713916,0.9436742137006429,0.15864524435740743,0.774382807037071,0.9504354577815571,0.3089012971569284,0.5969204978790761,0.7835344447657104,0.8038392437245384,0.7122284855000556,0.8007882761636899,0.8883962353197207,0.9511576326333656,0.914796633422374,0.8269423549084979,0.7205545847470535,0.7840792907956619,0.7802105134122683,0.6096093478566325,0.9514366160291893,0.8698408162540265,0.5735506261219919,0.6413147729998953,0.5627950391552187,0.6530548321726765,0.7301380798615065,0.6770697059805895,0.2610563229689532,0.6282820385386598,0.7311048539750773,0.761501315351836,0.4141098883450111,0.37461485631292374,0.5613619781207936,0.7299792387543281,0.5839839414237539,0.282676284173096,0.5497367365842863,0.7953091411109514,0.8770765290029897,0.7124513781853699
EFV,0.6115200462326,0.5152967739784691,0.4651484581394542,0.48668145276789804,0.5739267964475648,0.48027139166377125,0.9658049753725982,0.9300737671957932,0.7390965100803973,0.7537260173172413,0.70004225342021,0.808255868955908,0.802199555597158,0.5684642211421034,0.506404176971409,0.18467685828260116,0.20542981265986632,0.14677854444922608,0.6927337522128791,0.4572819625642681,0.7415159531551054,0.6690060157833331,0.7375151497913359,0.6893402234734894,0.7345753286572709,0.20483414396157176,0.6617747338787021,0.5617916748437891,0.7232278022130529,0.8706096582758075,0.8652067060642616,1.0,0.4829713568490948,0.5634576602360809,0.7428685224242136,0.7544571361712658,0.9564003196928886,0.7167401755880944,0.709063388457402,0.853985884494752,0.8423283623671503,0.8891351385203842,0.5509585661094801,0.9045232290952849,0.8003119717773298,0.551294538942429,0.8029415270737353,0.8722241587982514,0.8983788754178033,0.7372744214202092,0.6373773250446946,0.9251879812995233,0.63383383345243,0.5936526457559178,0.6941949249296611,0.5073130149188657,0.9100471838204404,0.7251993221378372,0.9281540966631036,0.7692988396748499,0.9760675527214492,0.658610567279249,0.47217487152567805,0.4975770098039186,0.3029722687680672,0.7901313582687153,0.09306359629715495,0.9520403647220228,0.7040133965608079,0.855629299714371,0.2714147759329166,0.5119667653823313,0.5219995561911006,0.5670204520833547,0.4456620643181958,0.5361988498568596,0.5919677643099519,0.5339255504134822,0.5969255072263931,0.676820077271994,0.6180792403291724,0.6676310384427518,0.7088291190744019,0.6121094370478952,0.6912498661025617,0.6044435835952304,0.6452723739427182,0.4401390948825611,0.5495648966362293,0.3268047531031522,0.4814421920099093,0.6880741778155185,0.48249202610680963,0.6991388186021527,0.5091169149781481,0.6913768842087051,0.509136946321531,0.5301064641984651,0.653919221367755,0.7654671177810486,0.7265685677333038,0.5244927897842527,0.6504401806315075,0.590082989285968,0.5564974485623331,0.569476732948987,0.6353430918337974,0.7674126288642746,0.6541356864312937,0.7043786560284688,0.1833598519137559,0.9186180142390319,0.7964071474626182,0.6448031388577846,0.38428424761719937,0.48110011924282425,0.53906269556147,0.5064474225403222,0.7123438977248111,0.7080206974379607,0.7019204444893076,0.30997908968238774,0.3118810910961996,0.44408728569954925,0.6296380689404166,0.5845444989919951,0.6018797861483092,0.2715628935799324,0.374400493479227,0.5136970012783485,0.622809876256734,0.6325179184462829,0.6536222967436081,0.7406344313087414,0.29798753789684934,0.949523684418366,0.10832802878783496,0.9423529798680162,0.06414038937792463,0.7261233716712095,0.8769507334997231,0.24743792547196733,0.5964466045735756,0.8063948775402345,0.734499346452628,0.7642551919472657,0.6397227485649771,0.8482575114702464,0.8972761313550013,0.8323735065791702,0.7196560009776762,0.7700058164556551,0.5954547110667467,0.7277701303437097,0.5475861119942125,0.9246268660580924,0.9783191202075607,0.40090816624677056,0.5954003970521474,0.45675482819900287,0.5937051074657722,0.7623239418904328,0.5656845531406356,0.4584721898954107,0.7064696466554897,0.7100535447220306,0.5623778073396736,0.47135463053627746,0.4082141368767783,0.526985300906328,0.6065491895491669,0.6341918482319712,0.43109125724667746,0.513840744545541,0.7095810070675235,0.7219624019821094,0.6413160066424363
EIDO,0.3760055160023796,0.3533142032759154,0.3287397663289156,0.3372536770264833,0.3697507546241818,0.34141953127321933,0.49942996975105275,0.4986685720277345,0.4844889282602448,0.4361040663221308,0.3664847211581626,0.4440350839302691,0.41757815197606096,0.33625651423505837,0.3463374559639204,0.15600359812780493,0.17018720775289128,0.1174579251784708,0.42178045027097066,0.3045979538453852,0.4069342228039128,0.34414798478314845,0.4029602879162526,0.4266481160154708,0.4824093188800932,0.16786794638546693,0.44642955484988706,0.35653041172541133,0.4882232071081849,0.4412018066541969,0.46781055163549684,0.4829713568490948,1.0,0.32772249669301057,0.5104998654619117,0.399290949427715,0.4924648429450091,0.4788921713278727,0.4338298823027964,0.4969950024024744,0.44441027835461233,0.4359762129880503,0.3286048707187442,0.4413408892081534,0.4124380603059042,0.4502147173365189,0.4443534580819497,0.4096350672616466,0.43766929428026446,0.4679908705171013,0.42198496056072404,0.4418062167057423,0.3907137082107307,0.3926637436410089,0.4606490083955549,0.3503016660242106,0.45468174325490657,0.4041315063669275,0.5106181526544616,0.48845935451412326,0.49816012541766186,0.36098449215942713,0.3065468770355149,0.3375016275083665,0.20294868791954582,0.4256091834257779,0.10772927032496926,0.4931875210569637,0.4275262360863391,0.42601492984930167,0.15295248299257738,0.3239471236160153,0.32440740343697966,0.3802051610296649,0.3258857937941818,0.3348258870825644,0.43384262019873826,0.26247361946604053,0.39303643517014536,0.39109007242077565,0.35593733467441985,0.4044041103938693,0.41959287583749294,0.2980236298079299,0.39137319635226236,0.27382984841659713,0.39955895542609776,0.31262690168848395,0.36916790841767744,0.22898840716190388,0.3002505380468577,0.4244350479425455,0.2571562302210022,0.4250767715403282,0.2769392753982445,0.36974972383687466,0.3191412693044806,0.32056280516432806,0.3715155836095406,0.447189460109365,0.39195744290711954,0.34220655123197136,0.40342496046609444,0.3897446220405801,0.3612437746007364,0.38257037411943595,0.3505566166820287,0.4290759599229361,0.3909926348464597,0.40395220797725245,0.15292575837816047,0.4937569681741254,0.4511319228682733,0.38423546562877237,0.2706215808767294,0.3219364728231352,0.3463076341617875,0.3594741769752547,0.43413362042976184,0.3703658956334254,0.42817590618137913,0.21701800616283914,0.22473200043070643,0.2828955710544271,0.3995388795221508,0.48749280245147264,0.3909914886250318,0.21853954727912525,0.2968246399966235,0.317056184111868,0.3777944194585702,0.35475092928486085,0.40419944039299704,0.3996964513385834,0.2125953294869117,0.5024005696699697,0.12035007016192525,0.472940580512644,0.09048413506918328,0.408416044228232,0.4985978126270035,0.1728991267055779,0.36254566924176934,0.4665029092984694,0.4278833242336522,0.409530759782163,0.40206751608523406,0.47673723199135404,0.5071780147664253,0.4884496480206819,0.4362600551707942,0.39731056213601745,0.3996006198227812,0.49218018681803916,0.345009240300774,0.5199849366077731,0.5168760565083614,0.2865895636897425,0.34549534910367213,0.3066487392966792,0.3209196720145451,0.42393614285511333,0.3547117299121487,0.233990559885225,0.34546564929034496,0.38174441432458683,0.3764499417020883,0.2546316646601966,0.22718541382382076,0.28517334899400315,0.3813163612920588,0.35887352307955683,0.2375354094242972,0.260819273693653,0.48331139600516826,0.4339900473877662,0.3901994063102273
EIS,0.5510838307495518,0.6475216012010299,0.552731568267957,0.6268387599438773,0.6630542561625875,0.6355259369643596,0.6437890104040739,0.6309899297762138,0.5991692566213547,0.6930800601960116,0.5505840290825282,0.5906000302841364,0.549215115203367,0.5061388244446388,0.5751719933229517,0.19819223071304284,0.19583779956029587,0.17866946871046305,0.6896662037882865,0.6116801518798338,0.6160253901004881,0.4396182698384627,0.5633794910283214,0.6970312101353096,0.48191383243685365,0.19412079536139945,0.4455166632284968,0.42140768200738216,0.5659818060914104,0.5318190214482251,0.6736438675046221,0.5634576602360809,0.32772249669301057,1.0,0.6109095156726168,0.49081194462632116,0.6456238330272943,0.5860960180392263,0.7068393432801048,0.5840082730895911,0.6037507921900651,0.6029930413662626,0.3707520132099647,0.5562459907423303,0.5238291855579981,0.4028116422053903,0.6530766088381899,0.5083298194543807,0.5670400652344265,0.5263187244377289,0.5762426294815683,0.5178410953913078,0.4294844869613648,0.513990834196851,0.4775294555581431,0.648897104004455,0.6180951332603486,0.6202710959362497,0.6490180358144587,0.5293455709157515,0.6009133031736292,0.513879445787987,0.27800368128904157,0.3120455463472324,0.16235824614613528,0.4715713953118765,0.10203855801233537,0.6424184098338916,0.7008228695601937,0.6177955734487494,0.25907745159626505,0.5108777804195203,0.5256531339932453,0.6594415418964297,0.6050225794224764,0.5175815101530621,0.45840932026306674,0.2560562651079444,0.6798222971233572,0.5601273955420162,0.5165147928224909,0.7052249390826797,0.6833121554535443,0.46938575565523777,0.6234741214935348,0.4017655618908086,0.6978118747893829,0.35382979440645773,0.4882648123411833,0.3084859788714075,0.37000549909268493,0.6994681856058025,0.31532326356816054,0.6360275744137635,0.2934917869072945,0.5806098927561668,0.5761429815005634,0.47678883889394147,0.5612311007092867,0.5034484407636263,0.5935037414153724,0.6062552553979785,0.714813203782561,0.6991543270774498,0.684989129537524,0.628660636451468,0.5027013851428113,0.6459991054630259,0.59761421074999,0.6658578753212396,0.183518297253928,0.6659619348311502,0.5468168244499857,0.5717279780152362,0.22774236016295846,0.30835681153015104,0.6328360261105331,0.4012564663876811,0.698579002237053,0.46337381078057127,0.7003771541944711,0.24628446056379094,0.29325926456632523,0.49300802010102,0.6509972036464908,0.4105958826168564,0.6900559087937892,0.21483282462041556,0.35638668365474163,0.44096922950684414,0.5642816348276634,0.5304562083958574,0.7012394311415007,0.6039742565639576,0.2907083325828487,0.6595569079684283,0.1063731176666432,0.6235461079019257,0.09849561719995906,0.618234069191351,0.6266854750872285,0.19741476762222526,0.4792689385597146,0.5608490850976565,0.6817542666063402,0.582548546151948,0.6974198374716539,0.6090988253108446,0.664447421914824,0.7257490252938413,0.7121683675814637,0.5675804828287799,0.6969533692057064,0.5754394482869695,0.47536442223575043,0.6620649323021244,0.5855008286440729,0.5813639647961718,0.5566973681610468,0.4960590754464237,0.5203150910835481,0.5507002623811365,0.5962723597462233,0.22709385967151455,0.5242120894090732,0.5860612947368894,0.6706151115145474,0.26921931158198015,0.26120134283552054,0.40728072931383646,0.6484956995925185,0.4851078768298349,0.26891952226283383,0.49757361209799433,0.5931658756436028,0.7305228164244046,0.5926014088720429
EMXC,0.5683504932003902,0.5894399206827137,0.5293487927222915,0.5829779304958527,0.6852973129242441,0.5828678895554102,0.8026535760995431,0.7821710029964507,0.933260064125544,0.72498104127939,0.5822253824935949,0.6863555741594108,0.7178429642688322,0.5101317642432291,0.5892049325039627,0.19720543676654126,0.21162564772604261,0.18416946614501864,0.7599268137081027,0.5308946469186671,0.6360233257707448,0.4431120910997224,0.5856839842226292,0.7212525829005786,0.7476334832466455,0.21267350791624332,0.6495430504455699,0.5588070517383946,0.9009677822527179,0.634209075267352,0.8083771640994654,0.7428685224242136,0.5104998654619117,0.6109095156726168,1.0,0.654242545689514,0.8052444210015532,0.9198816376957895,0.7206881591322701,0.7510803862528682,0.7043091665193536,0.717646204564975,0.5389255217499829,0.6877795615881376,0.6096279561745127,0.5794713558162016,0.7874393974343044,0.6458113168167186,0.7051992150326175,0.6811156469498063,0.8860617595329278,0.6832039990021851,0.6212870334038243,0.8917287822466713,0.7279099757968723,0.5884133550372241,0.7572494940017016,0.6462600856832538,0.8152333367687025,0.8421996242992403,0.8243004676312894,0.4854382191940453,0.4864109699249096,0.5159694560138121,0.3519372684858301,0.6481170492847459,0.11373645122140319,0.7913350169705158,0.7069226244630256,0.735546687598614,0.2527286132554486,0.4976088108244911,0.5944980722521882,0.7120059236761208,0.5342638567062502,0.4465539052867933,0.6838710317584933,0.3459168135022457,0.7776133561437591,0.5582914515655008,0.5658050554904034,0.737260469299197,0.7023618247323815,0.45164815726394875,0.6075902088315586,0.34875709490650847,0.7183465590953131,0.47136223904086694,0.6190094064734677,0.32063390364717076,0.5270407975196931,0.7151000830459806,0.34046256064247926,0.619362959968671,0.3969953577411407,0.6448223758347329,0.6048132273910686,0.4798932324623499,0.5590382415870282,0.7338362206694684,0.5953410621932306,0.649412098700443,0.7144429409867825,0.716952291099583,0.7204637287194339,0.6507813404854168,0.5122572637373248,0.6584454807112075,0.6264347306766869,0.6893686988366862,0.17653394216720053,0.7816964401444175,0.6807089906802759,0.5827876732562944,0.42406165379155947,0.5007205419696328,0.7432441444280803,0.5862488817467861,0.7182042481559494,0.46797708006741295,0.7115471571550949,0.28279227112348726,0.3082486917436959,0.5229991552298943,0.736605461442405,0.6597906470905189,0.6661080844683221,0.28098564775335755,0.4502004566918573,0.5723379626119504,0.5671148483449788,0.4999296997419242,0.7010540618014858,0.6262248546061288,0.2984562119740092,0.8499181938419834,0.12167323366402123,0.7608604895587034,0.09131719535355642,0.6323665542767065,0.7576392407268292,0.2328919490939101,0.4458425775262457,0.6787283228466927,0.6856921256386547,0.6020437078334526,0.692970362101942,0.8748539212640131,0.8978230778215566,0.8234837791968422,0.7259850297412339,0.6163383599091568,0.6868550581150498,0.8660658914409644,0.51293409372604,0.890240480585768,0.7976602032594108,0.45812318471493463,0.5801798267750538,0.4715629800315723,0.5340923784385215,0.636123112316922,0.5394206471463102,0.292010721426752,0.5057973186715191,0.6377574483600206,0.7230554181379557,0.2540865262884461,0.27447130286326704,0.3629061481062419,0.6172523510390725,0.6128929506025339,0.31054565696664693,0.45206388002235753,0.917456553308874,0.7823290894488749,0.6224604784363266
EPOL,0.5220345170960196,0.4798112362761882,0.409990974638888,0.445527859824811,0.5094419895628952,0.45043026489094085,0.7620670002230292,0.7325900211143592,0.6489051021964629,0.6109345006478867,0.528121133544812,0.6403103213774626,0.5742685422226499,0.48742360350615743,0.45904199512143296,0.1887687162622971,0.1945360886477733,0.13057029204552859,0.5852239604732838,0.4258077732938732,0.5771134755979168,0.47560488813916696,0.5617485722319338,0.5842421850269967,0.6428322869821218,0.19036931224380152,0.61075271775957,0.46119477776541506,0.6298507671558393,0.659389691989403,0.7026245528428722,0.7544571361712658,0.399290949427715,0.49081194462632116,0.654242545689514,1.0,0.752380730747208,0.6374333010471901,0.5953715634170819,0.6650415972451487,0.6960639972366175,0.7521614889663981,0.4428611803298181,0.742421946867729,0.6205623482348154,0.48277232988855745,0.6947970842437611,0.7116805298445906,0.7361068658653628,0.5977671689450859,0.5345611828585778,0.703412298661589,0.5509275228553843,0.5131403073540045,0.6073095117426467,0.4701976310839369,0.758111139924348,0.5672702734679852,0.7432044753478044,0.6590020057558912,0.7530175058722177,0.5022891827590533,0.4057446316738506,0.4342745880045323,0.2675750165413538,0.6098876163802542,0.09598439807059794,0.7541514113077844,0.5894080313853539,0.6517582359434763,0.2415287188415441,0.4210251702775406,0.4651745573325852,0.5054267304092749,0.42702065523304183,0.4278696231764975,0.5367886290749336,0.3672511426969521,0.5370634630496115,0.526555285818155,0.4999751639497769,0.5749986359879028,0.58318580512241,0.464235272629339,0.5620590811401499,0.4379713960824557,0.5580331411469702,0.3933814949333949,0.48021336921216523,0.3017739247127815,0.4339459261960184,0.5829297755346813,0.36215785830300046,0.563838143052761,0.3704265862681852,0.5408885327196452,0.46218105693046757,0.4364655441957033,0.5161484439832195,0.6177652633211683,0.5656925225232546,0.4774249383618395,0.5730014272333374,0.5332010425237522,0.5179994205300313,0.5078027105701187,0.5050759661940845,0.6020427477830247,0.5392321795360685,0.5698847741476508,0.15265045981034508,0.7380141653226636,0.6384863050558384,0.5436441569178125,0.33789229278553917,0.42148607376025937,0.49479048806108294,0.4651940612540168,0.5954157585077164,0.5076601017038724,0.5897160664088843,0.2686135279332843,0.28898322273436894,0.40325819370903604,0.54381159313358,0.5167143203736194,0.5324223300769224,0.2687699636605957,0.3375465615287314,0.42069522272398363,0.5288106993107071,0.4954514027674712,0.5598394205862286,0.5742448239504071,0.2806679793007174,0.7530599819732839,0.11119561977067507,0.7688971654255534,0.0878746666706561,0.5802391085944606,0.6908303543777989,0.22224430012785296,0.44767500656314974,0.6197834950466683,0.5966093357592369,0.581909398507778,0.5499309452713846,0.6423015925045914,0.7307832080978901,0.6873496954555932,0.6021590707994691,0.5773669836250197,0.5356134269953178,0.6446837766697519,0.4947634527340729,0.7522767605760591,0.7623717186325172,0.3923075898171227,0.4773674079785441,0.3896844049045766,0.4589314817873117,0.6044871113490925,0.4802860467508642,0.29798701257112054,0.5368157912324402,0.5510832136420812,0.5124334985928576,0.3386894826860553,0.2932475107495318,0.38881063182639297,0.5249013396747203,0.5051803495673014,0.28649555192274195,0.4235902784022121,0.6325557496503044,0.620100436233947,0.5374107268167715
ESGD,0.6739669216537963,0.6274313642437473,0.5669094276585104,0.6007389336199628,0.6784322552651065,0.595760557962271,0.9837710387847087,0.931366566720971,0.7989466358488132,0.8105168595968327,0.6858526513847094,0.8139789288892549,0.848549698279804,0.6029088748433896,0.5907272716743015,0.24888722096742807,0.2671155944067679,0.21516957840766104,0.8072934227675208,0.5730840139347848,0.7753547378862365,0.6193316947164389,0.7480584624881959,0.7860288770638212,0.7184894130375155,0.26564902648703503,0.6866656778453064,0.5613063631115092,0.7787266494792812,0.894041709232903,0.9684774124758984,0.9564003196928886,0.4924648429450091,0.6456238330272943,0.8052444210015532,0.752380730747208,1.0,0.7837516241434673,0.7985262321063795,0.8698942458414585,0.8916480208404118,0.9227438908080572,0.570521467720723,0.8964632189475913,0.850187453473661,0.5700987097364231,0.8991170695336789,0.8460053115844532,0.9244682206261592,0.7639720668084888,0.7123794199339245,0.8957917803343362,0.6429288168526067,0.6647646135043945,0.7127930250614289,0.6322144980154765,0.9507874162775606,0.7440858267096556,0.9525467316729573,0.780468066916929,0.9644130671916046,0.688488188480499,0.4811097896709656,0.5095621623035367,0.31366295478999967,0.7315154845598038,0.1466352583747162,0.9885400623698807,0.7931904881686593,0.899241334332812,0.31364838990247246,0.5937866344394631,0.5879449413244698,0.6673841228321339,0.5740040979533978,0.6104643083791093,0.6277092325022569,0.43335944432060897,0.7304844901095403,0.7208731466072992,0.6361005381454985,0.7747182980305111,0.7950825201990832,0.5756007900753412,0.7289021958264383,0.5623807233438844,0.7341032507396811,0.4397926292959035,0.6037533787805506,0.3960055731543697,0.5239887041858455,0.7823657974909619,0.4179930142502448,0.7592073429535768,0.43775309639421256,0.7249617866134641,0.5848646786490381,0.5753395380395773,0.7100575663317444,0.7457906565990832,0.7418997435015612,0.6149174457287538,0.7566436173514992,0.7225808931991071,0.6966073750047546,0.6752509055467831,0.6353356435660081,0.802491570572571,0.6978295357053486,0.7553126916337917,0.21980906594477337,0.9573949166191782,0.776647156980278,0.7029446095741324,0.3878808734261311,0.49127903391611566,0.6677079546499325,0.5340687219135131,0.7975545410654215,0.6536241825244399,0.7923223429868594,0.3610372790641775,0.38044285854656884,0.5088169533286016,0.7302501959021077,0.6108795967375156,0.7212620818770232,0.2802213441884362,0.3993596992784704,0.5519662740580468,0.6855379946705987,0.68076820075346,0.7487023109149122,0.7469580403887168,0.36699777960862645,0.99043411450161,0.16093248111896705,0.9742807856985802,0.12324564821249273,0.7786104278572644,0.9485467398964856,0.29517810525369104,0.6177275428527238,0.8219519504928823,0.7978915139051688,0.7599424270362661,0.7519201021862587,0.9012791452275053,0.9585435389699457,0.9071018140249508,0.8045127416857182,0.7682730979286466,0.7225240806764098,0.781419399598911,0.6057580487893176,0.9711805338200274,0.9506916331648297,0.5137733762261821,0.6383417602749757,0.5314118928676033,0.6467197983918496,0.7668473798470817,0.6480960426527239,0.3649133681574751,0.6864480552278928,0.7447296955104556,0.6946632466980746,0.45426187647303723,0.4045648644249207,0.5643479644676535,0.6960451474351868,0.6241882069554356,0.362016796372208,0.5490975557855788,0.7815671813729067,0.8343847009376028,0.7014307673807164
ESGE,0.5511040819715943,0.6233348482689358,0.558709679429609,0.6140847787600482,0.6909993938001866,0.6113912472770755,0.7785220499912264,0.7529054288851807,0.9829283658907971,0.6806140577541033,0.5456927149066907,0.6672767839429979,0.6687380318131074,0.5142623678701013,0.5838232829371283,0.18934326210794294,0.20187090023033416,0.1677441806357642,0.7359699378120005,0.5183483509854382,0.5856039101714499,0.4183120814531914,0.5403293721362318,0.6786537600763016,0.790838947445132,0.20541391732297062,0.650995949832994,0.5508204308333603,0.9383524352345818,0.6261891150294795,0.7919655728746429,0.7167401755880944,0.4788921713278727,0.5860960180392263,0.9198816376957895,0.6374333010471901,0.7837516241434673,1.0,0.6803484320137435,0.7315970388547977,0.6917448570070542,0.6982596589442562,0.7064086496590375,0.6621262878945948,0.5954379153483981,0.5733224572029811,0.7847120785708632,0.6148636618691307,0.6930850901753051,0.7044651464719612,0.8241316888750507,0.6654821398647551,0.598262044137798,0.8201833141034217,0.7604461164490812,0.5992276873347244,0.7410012829458221,0.6112219036676535,0.7935633332163221,0.9126346902661809,0.7849047577546471,0.4510051187677528,0.4635614783078134,0.49144638701860993,0.32736717209567506,0.6289709704130875,0.11179869364171441,0.7711135473156501,0.666230527942981,0.7103578203606413,0.2655373881011993,0.5170036425860509,0.6085406387523825,0.7184371488248564,0.5296298831392656,0.4458057636597117,0.6105735127922935,0.3227882589059369,0.7260075438189305,0.5185734121659676,0.5371593980696502,0.6944563063108217,0.6583108512789946,0.4167419820571815,0.5794738020658204,0.3253405333877785,0.7224440806075595,0.44824889393585926,0.702165732218482,0.31006065433424473,0.8031946153000719,0.6730586974786773,0.313051305727163,0.5972513117960411,0.3578839874427383,0.5829427265629616,0.6303850162305376,0.4618534456038956,0.523048023396258,0.7230667472233111,0.5558172092741029,0.6621669841778256,0.7243165929820554,0.6885034830207842,0.7024579644302652,0.6305237651184382,0.4986674585256688,0.6223017145440571,0.6051720862589358,0.6601272282312864,0.14747106445059563,0.7624521735297266,0.7238728983585869,0.5668787258580565,0.4001610751172329,0.4790244380422953,0.6981533592023037,0.5116460417480113,0.674461044231623,0.43391517960671727,0.6688647347936126,0.2654660278080876,0.2973392046540189,0.5729100116780975,0.6849776057711013,0.6552022104113902,0.6414641770357442,0.24691715227489194,0.4181102702403707,0.5437853548995254,0.5523630274901831,0.46630384281627973,0.6867149113633835,0.5909333922885872,0.2888722385342245,0.8189156786993923,0.10994375180041228,0.743540465280106,0.08910282285448919,0.5846887303768838,0.7594781993667785,0.2192717693926782,0.43175013679577884,0.7054613264102119,0.6594804704638134,0.5613944374431493,0.6782791185738937,0.8282096084150155,0.9044821128834959,0.799816241392793,0.6879195467022016,0.5612877399658092,0.6612285144312552,0.9739136275188287,0.5061935437723812,0.8970157637179983,0.7869291815039442,0.4902309041157845,0.5309743175011784,0.49357584784496594,0.5074717679342023,0.6062621890971842,0.5426200288690004,0.2659802794646382,0.46675923037819933,0.5733579794352448,0.6749572513195832,0.23801169216037338,0.23579370342779088,0.3461039388363659,0.6058179835592523,0.5757941448615251,0.2965829766399407,0.4473378520771201,0.9888958037237452,0.7868195488245844,0.5903302725792395
ESGU,0.7317912987350528,0.7804589946710765,0.6620966706136324,0.7613087203678052,0.8143999569718152,0.7729856425137871,0.7868535894230769,0.739245448324394,0.6936725476239146,0.9716237823946677,0.7538204252141553,0.7810115576050177,0.7015639592756469,0.6525651106657288,0.6903888316455383,0.21937680403232232,0.21174680564049256,0.1803822901076104,0.8604564272915001,0.7757711140290852,0.9077956637300353,0.6301731403767104,0.8585028398004337,0.9869815522860039,0.5670607014736235,0.2093216683144269,0.47868509027594086,0.4657545806606616,0.6461126511543982,0.6413595757257688,0.8242038276004551,0.709063388457402,0.4338298823027964,0.7068393432801048,0.7206881591322701,0.5953715634170819,0.7985262321063795,0.6803484320137435,1.0,0.7562470961075799,0.7161834364967988,0.724509826080302,0.44028427643365103,0.688005246335709,0.6405442243301454,0.4976472131325578,0.7964684082174136,0.6242097033313588,0.7025346521309895,0.6593623031710792,0.6879000622514083,0.666227809595753,0.5307700867185893,0.5834118998746267,0.5583059515410715,0.8576240782971082,0.7612667269959936,0.8238769810988422,0.7687169590229741,0.639591175241025,0.7534406153200318,0.8058733350438348,0.3278825106827164,0.35981010840326144,0.14837541338123497,0.6190818870319155,0.07239312138596696,0.8079615580022685,0.994849260178329,0.8174503440494509,0.26586277939152947,0.6645167342381545,0.5718075140774544,0.7728406079210128,0.8150304873922264,0.7153069411488423,0.5731720299334673,0.41232086547215385,0.9116893018661263,0.8628797205212626,0.6550761860647346,0.9567827900683061,0.9727484604701969,0.6400608994753015,0.8471125579481371,0.6244484099881724,0.8406348220848755,0.41964339947645746,0.5641095591315656,0.37724257074245793,0.41563565163876265,0.9940514487747709,0.4570613187501408,0.8921970514400317,0.43874599127724584,0.8147289792127784,0.6520084196275067,0.6068265336055788,0.8046210884804712,0.6140865390021215,0.8583706133940581,0.7061557253418005,0.8934804702670179,0.9485557490612487,0.8886000794764157,0.8690061136737064,0.6531289069592918,0.915518393534704,0.8107946180561795,0.8600728993810305,0.19655093794655346,0.7707594102944498,0.6640701471198888,0.7662308809860735,0.26009959203209737,0.36302530569710184,0.8162941161895582,0.4946695112628643,0.9973460862099902,0.6776660668609941,0.9938833001181131,0.30039606365681604,0.3610575459982918,0.5175069561214406,0.9024628488661802,0.5079721201456551,0.9581435445759051,0.24663279622239892,0.39130693470343053,0.5272700051773047,0.7478953871991867,0.8281762974050904,0.89067861426063,0.8253987170036535,0.3600644421623099,0.8112112604158659,0.08088134797069298,0.7615427424466398,0.0782106963225521,0.9286622967295013,0.7993340164007358,0.21505879786633272,0.6687528001751664,0.6263552284749156,0.9334049528811103,0.8325963685563696,0.9282451437020557,0.7530692882211815,0.7993607296872054,0.9689031776561826,0.995829203329507,0.8521089859277335,0.9592418853407542,0.6765376353592775,0.5731412866167215,0.8057657046583973,0.7345850648648526,0.7131055631888544,0.7202918039651038,0.6073263448796892,0.6977405476759332,0.7673664490802463,0.8320798287701267,0.3914899861483946,0.7740396053222338,0.840752597319134,0.9200744521290575,0.47825773226877394,0.4394673144372768,0.6322488146365042,0.8815186788055965,0.6112294708592201,0.42381078589034854,0.6537926472386674,0.6886759617917495,0.9178596884676653,0.8697956061985214
EWA,0.6460994516928144,0.5872574992253194,0.5241700254928292,0.5673799243740051,0.6436141713583781,0.5653079530753478,0.8817184311099208,0.8522919646533501,0.7488440966254165,0.7779530521504092,0.6851968924412015,0.8406979645766542,0.7213361750020647,0.5616027707872978,0.5640045516535966,0.24096142129981038,0.2671005588798479,0.21663271674679058,0.7169728554439009,0.5420663778504697,0.7333009190873625,0.635559747157757,0.7355427801536112,0.7381014425395582,0.7193322270065132,0.266598617617296,0.6480621529584534,0.5506751422309567,0.7258286410962299,0.782169295444313,0.833406654459636,0.853985884494752,0.4969950024024744,0.5840082730895911,0.7510803862528682,0.6650415972451487,0.8698942458414585,0.7315970388547977,0.7562470961075799,1.0,0.7685695671944672,0.755821908071551,0.5515069748880738,0.7497200286585486,0.7118329377919365,0.567630337488722,0.752964860980259,0.7135927635846202,0.7663787419147947,0.7293207446515024,0.6640013364657525,0.820491302995522,0.6110532402743795,0.616147838432517,0.7004833025086217,0.592982546513031,0.790357444832582,0.7231874288833249,0.8635610046030655,0.7541497999562324,0.8685243576294638,0.6557648487616315,0.5289624771259727,0.5538653283432625,0.35116041703580114,0.7831395969139916,0.15261294936566816,0.8760315246442725,0.7509415711825297,0.7632699969592679,0.3013519014980892,0.5314142048944808,0.5453571068963937,0.6338588930345772,0.5449024606468097,0.5714127569764804,0.5544073564739559,0.5110002244301404,0.6673186239590949,0.6948553696455028,0.570285943951534,0.7250422462914604,0.7472329568949353,0.5616083184615349,0.6928400166039489,0.5320160987448275,0.6919253785202516,0.44964295087171163,0.5859427913122307,0.3743926715838711,0.5014330481487801,0.7392675027507026,0.4755805740931356,0.7159242191165308,0.5026132939970231,0.7002411000801657,0.5550609674822385,0.5548793170575901,0.6665026705000601,0.7860663772481298,0.7108582894229701,0.5787253337822262,0.7007724392163295,0.669482002844433,0.6390609249311193,0.6303533544421794,0.6116213223660405,0.7694519629769818,0.6723290541239472,0.7248974942292554,0.2491349831405782,0.8479232370921564,0.764789616799897,0.672202381257284,0.41668622090704543,0.5238352572992222,0.6041045849964448,0.46875502515789913,0.7560876946884344,0.6619607999720203,0.7472781342221638,0.3501987729526406,0.35889073192204696,0.4806095726924449,0.6918713392839095,0.6006864101229114,0.6739595589871575,0.2414481958871161,0.3732354510458831,0.5621813147623834,0.6528265481412585,0.6558550455374691,0.7114298298982129,0.7252125315655802,0.34343629783524204,0.8844880231361159,0.17712035082820363,0.827585879692591,0.12858259224064367,0.7384200633619266,0.8391738629386876,0.2975868224831949,0.6213575336222802,0.7745068961528694,0.7631840620494202,0.7424865806847609,0.7082929633490138,0.8332175650927157,0.8577257591607446,0.8443582575806834,0.7642989732394455,0.7448641358543787,0.6737529162427455,0.7354595959859194,0.5570258876889025,0.8782292788599002,0.8864489002918,0.4859397613137652,0.6246797346228021,0.48687416832729946,0.5876931837663864,0.7467657608154267,0.6085148481749061,0.4499399522008087,0.6514231442739868,0.7055556588577901,0.6427150800403284,0.44335788383022184,0.4350330036158529,0.5174464206542431,0.6520772241170709,0.6803557547643208,0.4444096885227642,0.5153551970325729,0.7234648422986254,0.7637300795400277,0.6705051524686331
EWD,0.6099929417127186,0.5945233619165206,0.530228594929983,0.5658875873507881,0.6269749316222263,0.5663245499701209,0.8862137288347594,0.8437726316908332,0.7031797566233916,0.726335872240626,0.6179576600204922,0.7369539565068168,0.6753482558679726,0.5439279603526993,0.5421195438803187,0.21645106989920504,0.23755578677217848,0.19326345031951064,0.7296615377261156,0.532008450854559,0.6875237388421562,0.5456971280925653,0.6583864867975128,0.7069967003268065,0.6274989381344209,0.23864574398387908,0.6197140198894537,0.5115725828756825,0.6886375337770608,0.7869937253853686,0.8804164440778995,0.8423283623671503,0.44441027835461233,0.6037507921900651,0.7043091665193536,0.6960639972366175,0.8916480208404118,0.6917448570070542,0.7161834364967988,0.7685695671944672,1.0,0.8768595648153593,0.5012357101839411,0.8216775449963464,0.7864656779729482,0.5063419810428356,0.8419475233968897,0.762406325692848,0.8579840349323279,0.6784147743029466,0.6272604043420377,0.7927520755627183,0.5706703489631443,0.5722406290583502,0.6483724217334378,0.5980921380374223,0.8843919788363326,0.6797090038378655,0.8583096498066237,0.6849768260394302,0.8458404590839247,0.6109111015349226,0.4375702306428407,0.46248206198049197,0.2773883605825216,0.6525670021432264,0.12835956411135532,0.8870127339199143,0.7110898694962937,0.7906362277591934,0.28704248894542866,0.5338068796225742,0.5607313818776307,0.60279045634653,0.540039250141994,0.5587237361529974,0.578709322646242,0.35233773710801414,0.6549655770545121,0.6302847702474621,0.5857017297511249,0.6962524054618134,0.7144481654611843,0.5217596670800994,0.6699989778828133,0.49372621799608907,0.6783032086100976,0.38406706296640963,0.5563188010984875,0.3479877514095025,0.474343398160456,0.6976483436574311,0.34927448413664425,0.697033595901255,0.36112138026083945,0.6642949527602537,0.5594103429470191,0.5257677455322418,0.6649344424183686,0.6722575706149726,0.6708770099856812,0.5824892160025091,0.7012563013702816,0.6535318692739299,0.6352940666537163,0.5954565255035994,0.5877011716822478,0.7291045228899704,0.6158506792033406,0.6924531422839041,0.1959368078782194,0.8842345578691835,0.6965006059560305,0.6316072239656026,0.3468576399034014,0.4460857244248655,0.5947324867372412,0.4921909317849952,0.7116002864891434,0.5892078308764865,0.7106231370446275,0.33052373403028773,0.33382221386017163,0.4923750378753428,0.6578392443014092,0.5341750847623319,0.6551515749225046,0.24639025540969398,0.33353509838549034,0.4929386914859251,0.6233056435766786,0.6012612251167117,0.6936633576024993,0.6783555213284742,0.3178607740208866,0.8864528323788263,0.1502642973503116,0.9121646991908785,0.10387263285647418,0.693975143229852,0.8485195052456849,0.26616528696089503,0.5749008965235218,0.7516527101747953,0.7330077783166902,0.6879819767536314,0.6965824844405956,0.747314814077892,0.8566390924508922,0.8140944639242218,0.7232142452773982,0.6699461498509861,0.6588822644898684,0.6967397597823077,0.5594887518365107,0.8676438340059038,0.8348000344338543,0.5010112082684909,0.5665872251343098,0.4864770513093141,0.6106802562131814,0.7060341545623372,0.5955120212065157,0.2913424631754262,0.6167765807702037,0.675255626451175,0.6244080610001602,0.3762227585156506,0.350315286430737,0.4729799830643188,0.6486875850973937,0.5585016163702772,0.295030532957098,0.5333991842006336,0.696281959522526,0.7646961270912145,0.6145454386911878
EWG,0.6192176604313018,0.5897433555298913,0.5044070170975873,0.5520835430939822,0.6142069966724347,0.5566454406103599,0.9073891492508687,0.8456296882099642,0.7077861415871779,0.7270332084924729,0.6048346514658132,0.7217136601027289,0.6896756352007075,0.5686055939845778,0.541896652324596,0.22185125040508624,0.23570133253385986,0.18017905307084808,0.7264998200671186,0.525331615867708,0.7008059877984099,0.5353187866163712,0.6667523735214516,0.7176477851522077,0.6359422709135514,0.23223449667993337,0.6578808060626702,0.5049764628471172,0.6894702679512973,0.8102397487550399,0.8944140388636452,0.8891351385203842,0.4359762129880503,0.6029930413662626,0.717646204564975,0.7521614889663981,0.9227438908080572,0.6982596589442562,0.724509826080302,0.755821908071551,0.8768595648153593,1.0,0.48418297321124254,0.9052329308398053,0.7960414674857982,0.5071641641057195,0.8654380379268344,0.8406404485771061,0.920974791575305,0.6888288607411353,0.6339142785747941,0.819988800130163,0.5790699747834055,0.586943461934235,0.6485083758528528,0.5951370393994644,0.9600015631429026,0.6657416760347746,0.8661548965059911,0.6863820939786737,0.8803663976255068,0.6180768418207997,0.41706663255824317,0.4462652963423137,0.2561940581189687,0.6226174002345023,0.12099991169811963,0.9182339138683738,0.7180365493130395,0.8238674723795779,0.28433431147292815,0.5150967584065621,0.529214642799597,0.5943368153728747,0.5476629410149151,0.5579122348615803,0.5818941425478609,0.32977020023001946,0.6655040679984948,0.6364174581072308,0.6094741342430022,0.6956058671313026,0.7178129200287985,0.5236687955927113,0.674511150426689,0.5213097053390423,0.6625786720759711,0.3837247612039731,0.5279379146199087,0.36192068427221397,0.46176978431623134,0.7101167314064363,0.34036856596091236,0.6977771439137398,0.3409090184786172,0.6406381047728475,0.5249550611804289,0.5220878192675572,0.6461818675400092,0.6397667558027001,0.6742154635234564,0.5499052636055359,0.6896402360807876,0.6610329886336848,0.6338802032441442,0.608969803358883,0.5764029478411917,0.7241420986376758,0.6212734698009119,0.6755249915293003,0.1848242436898699,0.8853016460706713,0.693073540885147,0.6510613985108044,0.32924494217123584,0.42926127163556943,0.5970630715166444,0.4982558409621107,0.7223668975099196,0.5819160389147393,0.7215591504923279,0.3325200277161519,0.3446974573894899,0.45492988424756386,0.6594907252739528,0.5509881155222351,0.6647424169669459,0.26307635552938435,0.3597316593938961,0.4700829189877189,0.6352856989452146,0.6085368879809434,0.6737511661380793,0.6692089780975384,0.3341030763713952,0.9088619067632189,0.13478569516134783,0.951382611028568,0.10150436151011238,0.6988551172506057,0.8585355217122577,0.26199475515694,0.5496341239335037,0.7398930896595707,0.7189982489028033,0.6797903162397231,0.6803868330437916,0.7549202705642584,0.8728818737953639,0.823009597781069,0.7285535132201677,0.6747840504292907,0.6671460974939363,0.6974394868039067,0.5767507950087671,0.8847245069974099,0.8667777918719715,0.4936901489202636,0.5621353061988545,0.4651447566981995,0.5915979302933118,0.6934784375867156,0.6047829528589236,0.263938158289238,0.63418935673084,0.6618545373525145,0.6328000370922906,0.4076058187185358,0.33727970092536697,0.4860761616415391,0.6500359495248633,0.5255755877426723,0.2609986377743323,0.5234252738389333,0.7007229613560163,0.7608497292814499,0.6363858935726568
EWH,0.3635956559713849,0.37869802762206145,0.34749947259370395,0.369638029096031,0.4236162422907431,0.3588998741237529,0.5723587298305607,0.5463560993428416,0.6984954165427446,0.4547540762688684,0.3966787026136763,0.4881245258468604,0.43958248266143424,0.34038844465203194,0.3422880244195439,0.12182356929053857,0.12564050233224117,0.09156623622966252,0.46840948140899313,0.29435473746752877,0.419144162498554,0.3618194338351706,0.4068160073308152,0.4338080770321226,0.6531383994694665,0.12975134687396167,0.4587144227026383,0.3953571800951988,0.655286217566822,0.4851590330247533,0.553097195110521,0.5509585661094801,0.3286048707187442,0.3707520132099647,0.5389255217499829,0.4428611803298181,0.570521467720723,0.7064086496590375,0.44028427643365103,0.5515069748880738,0.5012357101839411,0.48418297321124254,1.0,0.4723198037616446,0.43631474878109716,0.4112266082218313,0.5372485203020372,0.44620844329372994,0.5087180066954643,0.537478994851755,0.49083408082765023,0.5156524539677134,0.4536753991539314,0.4693489604888055,0.5703740469377535,0.3666484696489991,0.528313931602659,0.43258747240091855,0.5730521736627538,0.7518692465418451,0.5650006467316055,0.34121932405926364,0.33099642672365254,0.34333574771783276,0.24364220852971996,0.5135348454332409,0.07339945308923583,0.558720107952712,0.43258795900863606,0.5182655466891918,0.20213365887079565,0.34476884212973813,0.4036484587992027,0.43461825269657445,0.3000320797231026,0.32356882471622156,0.3170471515797842,0.297710156978922,0.4128615633049799,0.38398620515247084,0.3610278425104508,0.41627761037799454,0.4324590960818028,0.2928836955830705,0.4051182331145261,0.24685240818355103,0.46128739482287556,0.29114158995942696,0.5628140423648821,0.19949667364545093,0.7716988672605135,0.4274382528574471,0.25339812511407206,0.43681941109537115,0.28075618650371276,0.4091909293152875,0.4134317594513598,0.3116892035238823,0.3749801137427428,0.5679033254029313,0.39579150317671336,0.42059002900000536,0.4723867538749369,0.40578011406607095,0.4172321425182146,0.3810800222195321,0.37199507874603716,0.448684151177785,0.40645396605647116,0.4348849216782724,0.09014758927728242,0.549535710057424,0.6252144891315384,0.37857649701949764,0.3109706986287638,0.3426385331354053,0.4068179100589032,0.24729254018141367,0.4372954913683581,0.371553241669589,0.43182293073903716,0.16873449901183263,0.19251484660609372,0.4072964128874111,0.4331450327014732,0.487124967921999,0.39128609994336416,0.18124722136358748,0.24982795438347855,0.33969042816281947,0.3643989442458578,0.3352087941578244,0.4349870998799543,0.42691289789568326,0.18541516154959967,0.5780190699597163,0.06129347259620534,0.5361413320333104,0.05334437600577449,0.41333774285509084,0.5580244301823589,0.1417131707193146,0.3481161999847753,0.6110787347502638,0.4510548382726663,0.4204660622332402,0.43164444371098565,0.5653230544283354,0.6343820462322667,0.5445978574928512,0.4452730816902955,0.4172558502323548,0.39832243101700177,0.735800533278416,0.34606920007561565,0.6478962680154559,0.6105603354959152,0.2917153769070805,0.34283150705856025,0.3090149460572323,0.35797424658620725,0.4659603876283287,0.36680033007862917,0.25122183408786875,0.34419921283955435,0.400371862808392,0.3862112809541263,0.21851506134250123,0.21100395284864185,0.2676959377132641,0.3979505408808568,0.41439152476525065,0.25448247701294086,0.3002658564979275,0.6892655773136117,0.5329234460061655,0.381245481233866
EWI,0.6032629160466345,0.5328720015529985,0.46209510899320266,0.5015502476482971,0.5675970180745515,0.5027577437802583,0.8951515172330932,0.8387694569474827,0.6761535830677753,0.7141683098446837,0.6267486652484813,0.7247953762912817,0.6704627369986985,0.5693450677709057,0.50412533494079,0.17189855433340268,0.1859424830500352,0.13348387388773963,0.6701837850433613,0.4645011039943988,0.6950219516178842,0.5708023023888965,0.6723143782890695,0.6779331361275271,0.6511734734461203,0.1859829074297506,0.6168140847079294,0.5054535516133186,0.6586709090070015,0.7913909126349109,0.8365641765451471,0.9045232290952849,0.4413408892081534,0.5562459907423303,0.6877795615881376,0.742421946867729,0.8964632189475913,0.6621262878945948,0.688005246335709,0.7497200286585486,0.8216775449963464,0.9052329308398053,0.4723198037616446,1.0,0.7613620839756445,0.4859832043669839,0.8062428571543655,0.8869885098946292,0.909257999650374,0.6819651773783563,0.5854449850561367,0.8318220331557893,0.5770087669164713,0.5567626829910751,0.6361504484874156,0.5269331931088757,0.9256020735290847,0.6686625643585677,0.8461650149606768,0.6804703211697298,0.8838561549727135,0.612565879173181,0.40423206552794366,0.43449848532136043,0.24497815368345524,0.663030967756223,0.0732962348762297,0.8950044292996759,0.6830057814887345,0.8117140890333998,0.2662972020054292,0.4855423797282418,0.5238144997360026,0.5525524213889946,0.46952144187244127,0.5202451003959727,0.5585310960311837,0.4181670171890786,0.5999439650095594,0.6287648787699323,0.608102230279459,0.6557008979855615,0.6789120253921613,0.5541547140693088,0.664908528122984,0.5588365638803672,0.630389547452461,0.38721905792768224,0.5044560312100362,0.3143686928259713,0.43483913177126265,0.673387003278293,0.3868257653465578,0.6614071005263822,0.41603078212401284,0.6410688012421373,0.49993030950507494,0.5024917373597515,0.6237748736926352,0.6500782019693645,0.6775619655542013,0.5229919681300597,0.6388935860893137,0.5971753966960784,0.5608575775930073,0.567087112649036,0.5915034128709045,0.7155465214702561,0.6176030808835818,0.6632045974063014,0.15741575133360186,0.8544853152994969,0.708228229646994,0.6353964738729411,0.33035242662598463,0.41203322891571803,0.5365046791284163,0.48254472170431423,0.6904771770140482,0.6137446910256366,0.6841953588759643,0.2910606075419309,0.30052132547699817,0.4435606996316687,0.6037235547738871,0.5308113987317963,0.6062013089227132,0.251006115360714,0.3662922496028028,0.45727028397348923,0.6132569929286911,0.5872415247162255,0.6365482040351457,0.6801842731824074,0.2881147241044067,0.8855780842295823,0.0864066935249107,0.9247315242993137,0.05170332386351935,0.6828806981795524,0.8115769063396558,0.21744536961682537,0.5454558423773213,0.7268146401853889,0.6997765871157527,0.6937590331409736,0.6351769261876535,0.7327774891761915,0.8358261221549422,0.7919207172268238,0.6964885851049836,0.6918341807130833,0.6091361440618591,0.6654750018724482,0.5424040875849204,0.8587714246039886,0.8803342387243794,0.42137212481956593,0.5690575607574363,0.43959995545406844,0.5661298423546175,0.6973510946591351,0.562480092227958,0.34578347715342855,0.6610566271820011,0.6654149523334273,0.5683057531389434,0.4077166768397068,0.3594935509188781,0.47174146233657216,0.610349270484123,0.5375591561357335,0.33273717675120507,0.49542268038271114,0.6603292868607981,0.699673680880868,0.6171438115464724
EWL,0.5910278641867839,0.5006431179175658,0.49288096926088276,0.4796747514093734,0.5153264736324424,0.4652182620522555,0.8226293931022729,0.7494970762738054,0.6051149379978515,0.6373129546215007,0.518807235244309,0.6692426894316604,0.6194513337650216,0.48626451004042764,0.4428203417990111,0.31359355576645387,0.34199795797940497,0.2901322539308907,0.6307475706011462,0.4537735918400514,0.6504209557051603,0.5622430671638516,0.6344279210793862,0.6293049927314652,0.5535598701913486,0.33647672397385686,0.6138529935377092,0.4478082749407504,0.6269036154099555,0.8707544313135324,0.8435707192174826,0.8003119717773298,0.4124380603059042,0.5238291855579981,0.6096279561745127,0.6205623482348154,0.850187453473661,0.5954379153483981,0.6405442243301454,0.7118329377919365,0.7864656779729482,0.7960414674857982,0.43631474878109716,0.7613620839756445,1.0,0.48943590824393884,0.7468105464503877,0.7215075999148205,0.8214136598818075,0.6322674302853548,0.52970019054511,0.7811517673952707,0.537793671976763,0.5010795971269661,0.585283169906228,0.5042332616825932,0.813585051993859,0.5901326745708584,0.7876336252669288,0.595508900472058,0.7803018107784327,0.6493228152925699,0.42697418566927914,0.4396375567579303,0.288006311614827,0.5591736708520898,0.23602554993119587,0.8469621253368609,0.64357587278992,0.7281553658241947,0.33037339029897517,0.5604766954070223,0.47717069645769616,0.5094518084107662,0.4521904829018004,0.5892564007682054,0.5243553349057481,0.27614730579032115,0.5416257613948726,0.6381160301815504,0.5000920231892501,0.6110353247832274,0.6568510085809841,0.4417970045111124,0.5782274594325345,0.4961621665504754,0.5696610650423758,0.34949006147571304,0.4648606121253994,0.4274296289361088,0.3984561043702538,0.6233952408913567,0.29693945519606224,0.6613483170429127,0.27299587253372304,0.5619114599595405,0.43898608411186185,0.5084253648421612,0.6323777771148258,0.5603818188187235,0.6098075823517404,0.458680445742394,0.6154560101271216,0.5592905150005848,0.5221661259155609,0.5226152356776588,0.5708873548344489,0.6790192140608404,0.5397852043677176,0.596424694458265,0.27613655568795387,0.8066956141348767,0.6486693872036616,0.6043931471119517,0.3056094479842869,0.4057771796169594,0.4688742021514537,0.4431449803389308,0.6384883741481825,0.5768666708097465,0.6397368066864322,0.41156713815866747,0.42037503153476186,0.4027837292487375,0.5538854466170383,0.4978006394729168,0.5757994798325321,0.21162573374785604,0.3266052123011999,0.3887503646033325,0.5975478172356153,0.641335464040986,0.597722422169162,0.6004108081739903,0.3978625329228536,0.8311563391428257,0.26347934747035673,0.8768607923233646,0.21439626876667242,0.6681077407799765,0.867596700807107,0.3503485926368394,0.5966702677266149,0.723897847800788,0.6649500507294798,0.6464626149205319,0.6106538650474987,0.6793957548636802,0.7936876875768107,0.7357876898823149,0.6441389697316626,0.6480861596494496,0.5691339790540925,0.6024949377044341,0.5490468605690161,0.7991995372385297,0.7914650389018506,0.4204538136688698,0.5044789345517583,0.47458097060798293,0.5703248268043872,0.6506641151077761,0.5463725244520927,0.21955560813979738,0.5607943564777969,0.604585257008325,0.514233200036001,0.49597876963862675,0.41874834864280086,0.5885979710716538,0.5609632544551665,0.44479398962537314,0.21276724729805097,0.44724954550105295,0.5979925539273792,0.6753104556517555,0.5616939297993964
EWM,0.4066139205454463,0.39684411167871364,0.3294326544211831,0.36826301922209714,0.4279107787665967,0.38137965608430113,0.5777365609866576,0.5713188422994493,0.5760306138840153,0.495376069413335,0.40120707518366716,0.5106336837339438,0.4894432429311087,0.3795511483740366,0.3859345861858928,0.18585250540035067,0.2081275092397706,0.15754533894233863,0.48671754797910916,0.37003508552015313,0.47407715060577343,0.38425590610209864,0.4660250290010964,0.49103950392916496,0.5493028877848508,0.204792798720134,0.5050049289458706,0.39541958072347755,0.602894004479057,0.5346841562723957,0.5565965537798824,0.551294538942429,0.4502147173365189,0.4028116422053903,0.5794713558162016,0.48277232988855745,0.5700987097364231,0.5733224572029811,0.4976472131325578,0.567630337488722,0.5063419810428356,0.5071641641057195,0.4112266082218313,0.4859832043669839,0.48943590824393884,1.0,0.5084780006174556,0.4769271781334841,0.5118828194138674,0.5390477223255221,0.5055599187355755,0.5189342445954045,0.43239572972369644,0.47439281919964854,0.5241455885456018,0.39515695087004254,0.5265329961500295,0.4473451465334929,0.5946172870928342,0.5776806143255317,0.5694471269247264,0.4269444154043142,0.35968310647882845,0.3743124231562225,0.2423195086063706,0.4644151881934273,0.14479188497530807,0.5747363670929218,0.49748746417753753,0.4728926786624054,0.22928047544478472,0.34854582454127836,0.38050615742966837,0.4347605439342852,0.3724380399201711,0.3872531813105535,0.4510297776885319,0.25295275155262265,0.463689603666827,0.45576266227189455,0.3922385248141804,0.47012853863704773,0.4885328357234185,0.31221274526573745,0.4332409419303521,0.310909964247101,0.4541798681196668,0.34959683503976063,0.38099696943737094,0.27327693018222843,0.3906019712024889,0.49204170955441723,0.256853491635191,0.47066798029693574,0.2730692912205338,0.4288691947542826,0.3598762774954385,0.3739316054119403,0.41330669342146875,0.501113551784658,0.4498407818605119,0.38588101633527083,0.4769590084043342,0.4550906685248419,0.42823954706746725,0.43098755450438797,0.383869559114492,0.48623407773373895,0.4235337639712978,0.4484130985941187,0.1712766180054045,0.5714606625683786,0.514770196175999,0.42262548197070565,0.29427797553692653,0.3610409492060836,0.3992726289864012,0.39423012207850133,0.4982883660158139,0.4010242495470764,0.49972812314322557,0.2654331844362231,0.2683666609271256,0.32242711725052026,0.4611984364687051,0.5466378526187662,0.4598104418575979,0.19704005010022277,0.3245107876379116,0.3557763495194974,0.4066627552916937,0.42677795132872026,0.45355103712162576,0.44643324605141316,0.253206465207934,0.5829166697915522,0.15630895175238937,0.5469222801380352,0.10943346560563617,0.4802677843615651,0.5630646659919469,0.21999658401024888,0.3970924825603498,0.550455507712334,0.48639828720837025,0.46270809105621147,0.46021052643200966,0.5612931823796828,0.597584521639718,0.5658088420525095,0.5006941636032779,0.45849386772881595,0.4624951101867041,0.5782757443407583,0.3756036435876783,0.603577019045085,0.583321265938953,0.31965384268721303,0.4003543904105518,0.30279454158066627,0.3829760683131132,0.48482550439793076,0.39988446235258984,0.2107024746701337,0.38538977720267426,0.4382546833818904,0.44278445887328993,0.32122053066060097,0.2743771754512823,0.34250894467023596,0.4362673200222217,0.4085263495330838,0.2176503808972581,0.3287053277997539,0.564818705687598,0.5104855715010947,0.43839106993562377
EWN,0.6391537648626732,0.6694370497870218,0.5791120247002077,0.6406619697492423,0.7156142706470846,0.6472993783057022,0.8753629621371017,0.8147359035111839,0.7906056591424845,0.7877016535778107,0.6214698448767711,0.7206907285617392,0.7103729373608811,0.5785821685645577,0.6122914945958122,0.20926210943098067,0.21529374385010822,0.17118335943529936,0.8162809283231767,0.6099821173508898,0.7030483917708905,0.4898489727141463,0.6514885188914514,0.7967002084320051,0.6404466520817657,0.217616244468594,0.6115624495141374,0.5121426429410326,0.7415730716144453,0.7415852563351011,0.9230299321017938,0.8029415270737353,0.4443534580819497,0.6530766088381899,0.7874393974343044,0.6947970842437611,0.8991170695336789,0.7847120785708632,0.7964684082174136,0.752964860980259,0.8419475233968897,0.8654380379268344,0.5372485203020372,0.8062428571543655,0.7468105464503877,0.5084780006174556,1.0,0.7324943285832743,0.8496275048615947,0.6911551341090152,0.72803321966371,0.7509433781739429,0.5783728451899561,0.6592689437602152,0.6576187904259878,0.6833941467305433,0.9162712572893061,0.6934739808035514,0.8460104124255257,0.7277963783199141,0.8350833984091537,0.5948629054777071,0.39405510405511124,0.42953952706639753,0.23539884732777144,0.6153270591306783,0.10518409799722848,0.8890950148514223,0.7865122599163268,0.8308514244522487,0.26862683273248505,0.5626434680630044,0.5997689745151632,0.713339487281017,0.6185413124230973,0.5708329164714162,0.5895112015817879,0.32153978494166946,0.8058450408500656,0.6443384617280157,0.6066440169525563,0.7973485258978178,0.7818403159882183,0.5016100319950987,0.6905013052484793,0.45530184215524594,0.7527017278238067,0.38567639073012633,0.615981882589455,0.35203116804983264,0.5472358032802809,0.7867775136775541,0.3335071558744706,0.726292705609357,0.358454580365174,0.690776137519791,0.6238142302144131,0.5347085905706842,0.6655714438360815,0.6601109020509562,0.6769868323350411,0.6725842404558705,0.7887277335389624,0.7865273841341331,0.7926241732631709,0.7150767899673873,0.5714798580620245,0.7442027741641527,0.6707528589275352,0.7322036390095717,0.16196812094733426,0.8620535713916474,0.6840136682243068,0.6659742732032397,0.333900571853812,0.42465917309264545,0.7901050051244908,0.4993726982227137,0.7919033592396014,0.5222712907662856,0.7902433538436718,0.30332757446275627,0.3361234570115496,0.5368505658767655,0.778946284188399,0.5607091649556868,0.7577436788312553,0.2604066161844269,0.36164167764223437,0.523532303878146,0.6555377508870464,0.5960687842166493,0.7610364403591265,0.6846331903379984,0.3287587084024257,0.8978080880156274,0.10760114171435307,0.9005866261503304,0.08833283620048055,0.7238398053207771,0.8482388801859445,0.23278686713849717,0.5271605953396651,0.7041835008744239,0.7688071160103966,0.6690024998231089,0.7766287333760985,0.7925285429318657,0.8986652950695472,0.8753845891808327,0.7994044115306628,0.6690672961500167,0.771485974940427,0.7727235109186604,0.5632788689399347,0.8989475316148867,0.8116146503651768,0.5564403504772288,0.5946394588848386,0.5134944694352689,0.6203064975755583,0.6861034674682982,0.6476788201568748,0.26376942232422484,0.59703088637449,0.6918576093369478,0.7711959597766859,0.33274355442140285,0.28967966213994173,0.46484030993604863,0.7075441142251417,0.564840188213751,0.29130566605991437,0.5330809946057601,0.7905834425262807,0.8586286327294456,0.6846173765239437
EWP,0.5572988564780474,0.48186381106321674,0.43012658347796845,0.4575468175920701,0.5056627995780465,0.45360566871545954,0.8425942848854069,0.789986058549161,0.6282866379896607,0.6499514941207589,0.5730859004188597,0.6827322104848516,0.6223002815199955,0.5080985949796599,0.4520281937645363,0.19342553465451,0.20288053682814325,0.13914027552299318,0.600897087078461,0.4141957558849372,0.6403006219075155,0.5456647156452629,0.6247705068669283,0.6105667675664648,0.6131962643973694,0.20356792838917992,0.6068396338859133,0.4806289558650048,0.6266614234318909,0.7655026806268235,0.7743339182993818,0.8722241587982514,0.4096350672616466,0.5083298194543807,0.6458113168167186,0.7116805298445906,0.8460053115844532,0.6148636618691307,0.6242097033313588,0.7135927635846202,0.762406325692848,0.8406404485771061,0.44620844329372994,0.8869885098946292,0.7215075999148205,0.4769271781334841,0.7324943285832743,1.0,0.8489669455072221,0.6428979462145792,0.5403781201876763,0.8080188238669334,0.5550583619201863,0.518135459858029,0.6018445049230614,0.47040591943877613,0.864210880394713,0.6158005595116062,0.7962799973661364,0.636683813466762,0.8378126014618311,0.5637840906243712,0.3975638511157141,0.4192279802478261,0.24202127371977797,0.6169415423538651,0.09670059844832093,0.8426205206682349,0.6185380616963012,0.744095735712716,0.2685715659228876,0.46576558938487167,0.5334517356756492,0.5111453622689948,0.4118352540507147,0.48980427540593985,0.5264771422441258,0.37995180185162164,0.5348214624052499,0.5871034059956937,0.5725918624936199,0.5906460902044686,0.616275397705571,0.528598061127129,0.6078397146479565,0.5304140581091671,0.5728218292676812,0.36983919645365415,0.4586281791602991,0.3200702193819777,0.39302940121515895,0.6091771819100813,0.3681069584828749,0.6054344065942039,0.36875307725478285,0.5733177092768679,0.4641136609154744,0.4810429648671955,0.5740057356228404,0.6039458234419455,0.6225590837356042,0.4825549011154186,0.5820016973475309,0.5314879531173321,0.4939093031038874,0.5184135326503758,0.5683479274545636,0.6606082467908067,0.5695518611970555,0.611781767142395,0.172229583654148,0.8012756388654837,0.6721286842073704,0.5862534124197936,0.3102834721525352,0.39857425295305665,0.46731331542775756,0.4652586979712835,0.6262304219676792,0.5938831366005558,0.6212741808529695,0.29630403962606205,0.30515487401266206,0.43598714234134295,0.5401542299345128,0.4915639514042077,0.539381095180862,0.24150732477908454,0.33350375339866456,0.41912769879691064,0.5693680427437581,0.5483161559452121,0.5821796633982058,0.627748195451375,0.2976708741958824,0.8335068746328952,0.10900462879714955,0.8740063101291404,0.07931302891083802,0.6300708381631178,0.7564147320071015,0.23056883933135403,0.5315569113673764,0.7051859723686202,0.6438612321597381,0.6490816643078322,0.5767821819551785,0.6860690692198012,0.7845247323286036,0.7292748130459337,0.6332966956356844,0.6491262525109583,0.5414893489729762,0.6190028384303085,0.50755392326901,0.8062169060659108,0.846579893344539,0.3748141139167502,0.5136457917875474,0.4250946547607417,0.5189165673513053,0.6347754661469136,0.5194299748733165,0.3111407636068855,0.6169767579217456,0.5985447580483647,0.50230817532786,0.38988681380646445,0.3754897149504868,0.4626943942678724,0.5418191428613229,0.48882769282893673,0.2954420401843054,0.4490502452245441,0.6095270659813529,0.6423692648977085,0.5732537535869238
EWQ,0.6094399199036579,0.5523386261249585,0.4963963389138386,0.5199289982702938,0.5795088429923212,0.5175776041603275,0.90710284369686,0.8361857925002514,0.7028493288917759,0.7196119034418372,0.6211530758711743,0.7185608257708338,0.676338030163532,0.5539397685045041,0.5190205735748287,0.21047290584337341,0.22406257952842093,0.16174974703476752,0.6973727026047145,0.4797838754998864,0.7001390100290027,0.5666929270751818,0.6728004336415861,0.6947538044553402,0.6513471724476889,0.22246149185763636,0.650919803856111,0.4980057277721383,0.6935806761537271,0.8238424021063134,0.8929556441582548,0.8983788754178033,0.43766929428026446,0.5670400652344265,0.7051992150326175,0.7361068658653628,0.9244682206261592,0.6930850901753051,0.7025346521309895,0.7663787419147947,0.8579840349323279,0.920974791575305,0.5087180066954643,0.909257999650374,0.8214136598818075,0.5118828194138674,0.8496275048615947,0.8489669455072221,1.0,0.6828473648847813,0.6080925457112628,0.8418261047984278,0.5928237421540294,0.5769514527338903,0.6452211992958157,0.5535268805261072,0.9683225376655717,0.6748288025492941,0.8632125956737056,0.7015346236954795,0.8867756527025611,0.6262426672120305,0.40207018368567127,0.4304445919794649,0.24516482514705926,0.6521136373699402,0.11149439953928576,0.9190326349444604,0.6989389369903243,0.8258722637557349,0.2797393116525448,0.5199107309814687,0.5116853563428697,0.5763476755617187,0.49513110523941944,0.5490987964078784,0.577579627187148,0.3758060351286802,0.6256072307780051,0.6397618938891427,0.6266789777205114,0.671953882696825,0.7009936293047867,0.5338491839140389,0.6555185050491384,0.5314617374860067,0.6410353987781165,0.39260084003818807,0.5272243981108093,0.34873285015303207,0.47589236535580326,0.6867686005529898,0.3629052497169141,0.6907361455423188,0.36851668851189834,0.6534597467093005,0.5034635728257187,0.5104824394429458,0.6556202138141014,0.6547254552880772,0.6761882128921265,0.5269079460390698,0.6689064348988165,0.6227388186688655,0.592731889645708,0.5798003009247098,0.5925907455124604,0.7283175141142593,0.6154554864589051,0.6736199782800044,0.17743592276881004,0.8752975645794396,0.7132161313638155,0.6424635583009385,0.32385084538323633,0.4123113577868598,0.5652741735470858,0.4880961474234044,0.7029808565275134,0.606033509636655,0.7000145821209448,0.322287929305574,0.333823625388576,0.4388943059015284,0.6323643335380911,0.5501621774162284,0.629510754294532,0.2685081685102133,0.3503277033568863,0.46220786606880504,0.6276678551931127,0.6034011543514534,0.6573939951322314,0.6838431992154532,0.32431160423813393,0.9084597463121331,0.12328765752810729,0.9569241790936713,0.08945886254285505,0.6967526378344692,0.8569998822920244,0.2529407859635833,0.5648678415993805,0.7509439638568496,0.7154562259462501,0.6940452716403688,0.6604556744342758,0.7482574606271195,0.8662435659348078,0.8110673175546346,0.7100551904105871,0.6892847310940132,0.6309016624416991,0.6967239334934243,0.5616079838385015,0.8841731802620081,0.8775427447738926,0.44710990006483187,0.5537019819743163,0.46582654497952874,0.6054948132721543,0.711015969367302,0.5804233843466415,0.3036176057899381,0.6358466578552802,0.6727823851150818,0.5935438975997185,0.4346813896988434,0.3538324685981909,0.49993916747640454,0.6276899016677767,0.5330773998272167,0.3017105660050963,0.5140772541583047,0.694111757697028,0.7301782333768556,0.6150590724874356
EWS,0.5715215135530745,0.5970953767976219,0.5047582384042971,0.5706552262292014,0.601358696807824,0.5733908257753835,0.7615297061216979,0.7303742011951067,0.7076914526765188,0.6642386060645653,0.5594658597426089,0.6850355869696235,0.6365506947180514,0.5353555221742138,0.5209182580188474,0.1995853261205954,0.21247589298350658,0.13618260313904532,0.6536149764055798,0.5118089691656632,0.6120577513845734,0.49948231237742263,0.5894480536588973,0.6462141623828567,0.6507239172476318,0.21393030625511447,0.5833122902936795,0.467408158042773,0.6852755687309661,0.7061804740953407,0.741288672411819,0.7372744214202092,0.4679908705171013,0.5263187244377289,0.6811156469498063,0.5977671689450859,0.7639720668084888,0.7044651464719612,0.6593623031710792,0.7293207446515024,0.6784147743029466,0.6888288607411353,0.537478994851755,0.6819651773783563,0.6322674302853548,0.5390477223255221,0.6911551341090152,0.6428979462145792,0.6828473648847813,1.0,0.6268097256335591,0.6956910047238772,0.5265453185622669,0.5657906476139707,0.6032949373832838,0.5707869709682329,0.7107682879424432,0.6107446750256658,0.7542925240661831,0.7028911501210053,0.7490040913602878,0.5352059634388682,0.3999806953456968,0.42190086894239975,0.2500686996961889,0.599288052962489,0.11226630966179706,0.7694203261959065,0.6508935339972287,0.6943249510625399,0.2664195092942215,0.5038619805746759,0.4914922451882458,0.5892709032670228,0.5171904427809919,0.5174554995183952,0.5138190938540321,0.3701030313369617,0.6047028038731536,0.5706240574501547,0.5324144637480862,0.6378491136086667,0.6459711482819903,0.4754183942282585,0.6186664750977747,0.4591678382242769,0.6313889464404697,0.37641198514740326,0.5409972695293505,0.3286269581126106,0.536528378502942,0.6466285284283544,0.36260725705510066,0.6284744455367782,0.36385454937060735,0.5635377639929777,0.5247411044579662,0.4837370651049539,0.5593573493388415,0.6055823250550769,0.6015831410739053,0.5374565592939582,0.6569400985131972,0.6080332368226369,0.5981725074954722,0.570072510692466,0.5253278202635837,0.6541980291838232,0.6066973568881867,0.6298949374309999,0.15311210651964138,0.7412917540241728,0.6691124063575735,0.6003562738078838,0.30833183772010536,0.4058642548828233,0.5470683433899419,0.4523452285851986,0.6570958901240879,0.5211114427953863,0.6518143049863299,0.31278462326878453,0.31659978755353313,0.4495580521467519,0.6035248139108785,0.5572032863632579,0.6072112797395802,0.2022516806639718,0.33568164659024363,0.4575226489764228,0.5778136160255173,0.5420842696663499,0.6467865782100035,0.6099912170704179,0.30446261753949705,0.7708423204768584,0.11882918623916579,0.7335928739942055,0.08997047749955987,0.6184660192208695,0.7413034666338549,0.23720020310241285,0.503480787785903,0.6766542543096316,0.6626037528575637,0.6091129901161583,0.6445041923155805,0.7210108911649663,0.770634641811813,0.7433355478418162,0.667969610112568,0.6009722417962037,0.6139295469562113,0.7124899483691387,0.5067664711598028,0.7844235846461882,0.7608771096954644,0.49870361548564857,0.526859978287637,0.4696754708660799,0.5010882902643549,0.6064832570305952,0.5536729370348746,0.31600085500410907,0.5521669465533213,0.5801507989257491,0.5754292774246262,0.3436482070273431,0.31344357072098894,0.426227598864599,0.5887765155705862,0.5062664750102759,0.32814856420687594,0.46973933188937356,0.7017260439509816,0.7021080180234797,0.5946204843579946
EWT,0.5165984979078175,0.5541783991653295,0.5021023865749886,0.5598898208466199,0.6571794343122513,0.5638168504020703,0.7056487335535112,0.6838806666167639,0.8436898327832412,0.6774084387492951,0.5304897984188698,0.6023465191233593,0.650245884713427,0.4768586329700334,0.5549185590893851,0.1725955632202152,0.17688537603563048,0.14579359585118004,0.7327371012307151,0.5375542254796329,0.5810002131362447,0.3720346368114889,0.5210246803901575,0.6961364823261259,0.6316990616628648,0.17990272868258692,0.529857837245673,0.4648728166293606,0.7947282553744909,0.5356469369212611,0.7341416163467699,0.6373773250446946,0.42198496056072404,0.5762426294815683,0.8860617595329278,0.5345611828585778,0.7123794199339245,0.8241316888750507,0.6879000622514083,0.6640013364657525,0.6272604043420377,0.6339142785747941,0.49083408082765023,0.5854449850561367,0.52970019054511,0.5055599187355755,0.72803321966371,0.5403781201876763,0.6080925457112628,0.6268097256335591,1.0,0.5845268482546048,0.5012269673472202,0.764701132700798,0.5954087358366782,0.5778695267631534,0.6690161827820394,0.590568714323118,0.7166795535054038,0.7624217794763307,0.712135472233948,0.427927743969293,0.3849019371293406,0.413048054375653,0.2662755425572856,0.5519851935117013,0.08555482072085673,0.6997837188746865,0.6739220434607355,0.6701020832436655,0.2350313676932725,0.45131651759796604,0.5380205027847155,0.6438394577216623,0.5471261371986823,0.4059497150517145,0.5082705220579097,0.2933040006803378,0.7736444425600589,0.5082116498577678,0.511247211694335,0.7000321206192724,0.6654706429730525,0.39646243486956606,0.5698758584812721,0.29255748310966867,0.6689276180936108,0.35676528081747955,0.5851161734945473,0.28689900503159615,0.48190440844840055,0.6863848397276809,0.2929768027259909,0.5823446694857831,0.3327179310395303,0.5898851211257901,0.5763210705061929,0.43857653401205987,0.5119689174389955,0.6321794346641513,0.5385179750700971,0.6181737899593267,0.6794444628030629,0.7057797224513518,0.7187014538377519,0.6375944764624668,0.4587948073440142,0.6020532980018812,0.5829230931558166,0.6345772296541677,0.13653626289774842,0.6942905467185249,0.5893788770509115,0.5357730079172159,0.33675037527264373,0.39939284912396644,0.7620093283847958,0.4280336485608538,0.6853306666322914,0.39385545813197576,0.6800807040720566,0.23540888374709035,0.27391497020924155,0.49454640931924093,0.7336864375613994,0.5791465145497285,0.6587018720105795,0.20861782088367306,0.35385691647880185,0.5019259047985215,0.5159414063241773,0.444582561661222,0.662478303447501,0.5678087277828245,0.2732269098033537,0.7466212684327819,0.08306967150998058,0.6662553679282311,0.07285192912626615,0.5851185243133011,0.6742067034700614,0.1965490016864053,0.3978977638794883,0.5821549043087306,0.6329618605995471,0.5315784987344246,0.6617196853619182,0.7711015325526054,0.8072627235863404,0.7614656749652686,0.6899000288411339,0.540570980960692,0.6797868238763239,0.7912165149704409,0.4423185025686377,0.7904939973597059,0.6916461994408789,0.46660099221565265,0.5193969415636838,0.4271785105514554,0.49872649269946745,0.5562394236217918,0.5110661134059228,0.24981308218277112,0.4403718562843713,0.5776586058138125,0.725089340012097,0.18230716057026033,0.21293924511841755,0.3088105864611401,0.5907921953822445,0.5319341805491697,0.2834387118091733,0.4216856715745661,0.8242214981974197,0.7539816289954497,0.5876385564014914
EWU,0.5684149346092058,0.4792343923939448,0.4257970704906692,0.44768362696732894,0.5298380411183157,0.4459748365287976,0.9043543109862077,0.8588997777763685,0.6857255668539624,0.7048202174917629,0.6477044103502678,0.7910989565270796,0.6654105555960029,0.5286555772786814,0.4695994207927892,0.17650692264948584,0.2017189217671998,0.16936380586393965,0.6251112400221396,0.4335344489862061,0.7032346308716582,0.6517864074514319,0.7186335149431602,0.6474283125642164,0.6896954143249183,0.20105756184475448,0.6181615150580348,0.5187890312466952,0.675824496181708,0.8353163264164107,0.8210447103395251,0.9251879812995233,0.4418062167057423,0.5178410953913078,0.6832039990021851,0.703412298661589,0.8957917803343362,0.6654821398647551,0.666227809595753,0.820491302995522,0.7927520755627183,0.819988800130163,0.5156524539677134,0.8318220331557893,0.7811517673952707,0.5189342445954045,0.7509433781739429,0.8080188238669334,0.8418261047984278,0.6956910047238772,0.5845268482546048,1.0,0.5870502580126451,0.5348517743992992,0.6695836003100116,0.46577604181165977,0.8438751416368051,0.6710010575940839,0.8555270315062743,0.7211046604453957,0.9009874524769648,0.6500230933582886,0.4803782194798896,0.5005636819179374,0.3082192654897163,0.7787749051735964,0.09708536627677536,0.8957647538344472,0.6618864041219222,0.7976168294212056,0.2724901443619126,0.49299621189533344,0.4935249968525366,0.5336734426031848,0.4203361335853257,0.5258890462118425,0.5568874801941351,0.5410734809304016,0.5483136909885347,0.6577589103291102,0.5517650401803681,0.6298350032977669,0.6725003301964004,0.5580350456834214,0.6440978501197411,0.5818209255290868,0.595215910817096,0.4185919322700868,0.5218467287997887,0.3090705898236621,0.4586815389066311,0.6463481360772958,0.48392178181272294,0.659103461540574,0.49528631754668123,0.643367475864439,0.4624970838454819,0.49311595582057305,0.6202551351741433,0.7440265680895527,0.6795864444418935,0.4805974528649838,0.6091542115722036,0.5454552293778624,0.5117624135821647,0.5419139318866472,0.5904692758696013,0.726930395016094,0.6084857712743359,0.6473358405033063,0.19702066999195067,0.8504798247885127,0.7599335909666758,0.5994989554302861,0.38531444511093665,0.4812139250197615,0.48962135478878593,0.4740188065663016,0.6689244961376565,0.6764755920039238,0.6579128667999615,0.2989257697603527,0.2950333886734454,0.4165471078475027,0.581355738042382,0.5444386538527787,0.561277660450322,0.25951505526735763,0.3529265096996889,0.505034982271693,0.580431812074444,0.6315646026706229,0.6049076312558543,0.6887409321818129,0.2812255030751347,0.8886897144277501,0.11463891213260023,0.9128211902063643,0.06517177474178755,0.695998891327961,0.8382982283786604,0.2470381957492992,0.5774609820795583,0.7569012225844819,0.6956504829995503,0.7249348420194881,0.6041713935884067,0.7417465903410748,0.835398990827217,0.7815455158705735,0.6743648410177735,0.7389599392560807,0.553950274388052,0.6824421412123323,0.5087317765116686,0.8660449617059067,0.9173905980921234,0.3713641925084606,0.5627514092797538,0.4231917454548433,0.527938544085807,0.728671376131411,0.5200860516117635,0.46053560927658266,0.6673222800337975,0.6653038226891784,0.517523225814029,0.4838039945342367,0.424570765862135,0.5425450943955902,0.5567027215002793,0.6155453798320772,0.43049713541575696,0.46211880606945716,0.6583398439909169,0.6756079354072978,0.6080608683901053
EWW,0.4702770558185278,0.4127833827665592,0.3706318251144949,0.4015168645326202,0.4712934371661079,0.3984217828027897,0.6549517765852919,0.63919377401978,0.6059648655311176,0.5602392434036776,0.49743525400386146,0.5910064911779117,0.5295683067046913,0.3974525543165758,0.3958419561510663,0.21509110286514985,0.21855232150302378,0.17812809078665398,0.5331217509040509,0.3673204526671703,0.5216906543627262,0.4597331069264759,0.5126233937180095,0.5246763370002506,0.5923417393117074,0.21995488139601088,0.5687879846583976,0.4804102579116793,0.5765640720846933,0.5640858687364559,0.6097687055597685,0.63383383345243,0.3907137082107307,0.4294844869613648,0.6212870334038243,0.5509275228553843,0.6429288168526067,0.598262044137798,0.5307700867185893,0.6110532402743795,0.5706703489631443,0.5790699747834055,0.4536753991539314,0.5770087669164713,0.537793671976763,0.43239572972369644,0.5783728451899561,0.5550583619201863,0.5928237421540294,0.5265453185622669,0.5012269673472202,0.5870502580126451,1.0,0.4854606862531193,0.5949011528472986,0.40923964447090827,0.6102215457895207,0.533148076603191,0.6392290651135855,0.6308961525410873,0.6481208502635073,0.4471364558966411,0.4131948188708321,0.4400382856176329,0.2934946806714257,0.5686254051316565,0.12930532321590885,0.6435833471638085,0.5288669019754053,0.5795714240442406,0.2414790782736647,0.39068685000614567,0.4365843576904233,0.47661352179349264,0.3611800682000813,0.36836630210960936,0.418352076598115,0.34216889727408606,0.47498889652215676,0.4913586979583427,0.4606033677885063,0.5264632685390969,0.5277581667308688,0.413072100991044,0.48414927780878025,0.39252726840409574,0.5164142691597462,0.35158795010400895,0.45055142246032615,0.30869436387251176,0.3965126763243987,0.5161894559298505,0.3388159729279948,0.4931401343934148,0.3434566713954934,0.5391065661949043,0.4367003205850182,0.42293808788642245,0.47293726766129457,0.5916604187337888,0.521924235022702,0.4526619884054115,0.5193139402612622,0.4752468197931381,0.4585145056365543,0.45480894543156547,0.46258533864052964,0.5496980237539301,0.5069569989099695,0.5345441153228391,0.21241239203053836,0.6268019145294009,0.5916188733223143,0.4744737622386817,0.3572763665099544,0.4558472757377482,0.4512819378538816,0.34924819105894933,0.5319616544971776,0.4702683355893307,0.5286402561634911,0.2682249985465795,0.3037443234601921,0.39009483537676215,0.4944613806060388,0.47226363241433184,0.46032729268679173,0.19000715137878826,0.29035589940486745,0.44804654941208943,0.4670597920661693,0.45090936525779163,0.5180077888485082,0.5349797462832319,0.29188561736875523,0.6536076517191862,0.14413119300161378,0.6261799991122499,0.13178705435209984,0.5161391909022103,0.6112513208111253,0.23524882560635052,0.41532019488329547,0.5677293895904872,0.5514377546132848,0.5439951008035293,0.5061627087419507,0.600048866475163,0.6479616811705627,0.6129594404020424,0.541750169375909,0.535760386324533,0.4657804203789748,0.5984008385508468,0.44615471835966225,0.6646930570597643,0.6680235176512265,0.3216961384297335,0.4698972702521751,0.3538860438296841,0.4364657238485326,0.5658307351870397,0.42375866256168915,0.2900882727034033,0.46357809574189845,0.5278408494672799,0.45362221951959164,0.31216681206770824,0.30608417823569023,0.33068772623956655,0.46867565701406294,0.51347620093001,0.28555612360058946,0.363486572263246,0.586552893181956,0.5572868057687693,0.4851388924695484
EWY,0.4625086425213566,0.4890356310278516,0.4498406072977698,0.49650787501046684,0.5794455435175603,0.4898095506938906,0.6542393210333315,0.6339797145083962,0.8312763849985826,0.5799244309534337,0.44152310194787664,0.5318269067492716,0.6077524512256264,0.4034416260939541,0.49282407698637737,0.18171031790841763,0.19823293002170916,0.17274891491766906,0.6435983957195726,0.42488119817620634,0.4952346759305331,0.31935328029787535,0.4407322843126105,0.5886095083431214,0.5814682616563263,0.19727766507218666,0.5436280506128229,0.4702824844102245,0.7946170295349326,0.5137440466444805,0.6829015279425936,0.5936526457559178,0.3926637436410089,0.513990834196851,0.8917287822466713,0.5131403073540045,0.6647646135043945,0.8201833141034217,0.5834118998746267,0.616147838432517,0.5722406290583502,0.586943461934235,0.4693489604888055,0.5567626829910751,0.5010795971269661,0.47439281919964854,0.6592689437602152,0.518135459858029,0.5769514527338903,0.5657906476139707,0.764701132700798,0.5348517743992992,0.4854606862531193,1.0,0.5977964887964069,0.4773246246244683,0.6219398785988698,0.5087820910329218,0.6895442267304299,0.6809894023300035,0.7040796043645138,0.35560949832643446,0.42218749199033645,0.4406636374644324,0.3189323974568005,0.5089410163284657,0.11897564924710587,0.6472945181669648,0.5698239537712263,0.5914352531357678,0.22119505811303522,0.40489670636095,0.5091218396245929,0.6116609984376655,0.4302425505301516,0.3538372187303079,0.466959055906803,0.23272921378329187,0.6793740609126061,0.42915548548677246,0.44616906973257525,0.6135449169780651,0.5729490536948757,0.3207625424317663,0.4649547913160953,0.20857430834176108,0.5973595368566783,0.3293859933814145,0.543789779319655,0.274589531596446,0.4567380084773307,0.5810808963246433,0.22182151380931706,0.4897674146461971,0.28975523804442577,0.5141160839596108,0.5102896951149423,0.3918953685972271,0.4374778248225242,0.6144380526935211,0.4506896788417718,0.5539291993373776,0.5942127006819247,0.6048137806711906,0.6211600280448345,0.5271440793447641,0.39401327261359115,0.5173888821379576,0.4962243134769184,0.5590936669312286,0.1461853642933116,0.6369225011695114,0.5317219451556824,0.4692203630789041,0.3751286256666297,0.4263251147807547,0.6429813267160741,0.3925078168710243,0.581456982628992,0.33431769532784156,0.5777110784056435,0.23652670735787631,0.2642359280241692,0.44757706005999326,0.6168696001452811,0.5571902142983454,0.5414237739919515,0.20510998776438238,0.3679254016114504,0.48887457235626725,0.45874502371407055,0.37829550431225106,0.5786402778657558,0.4824399150508629,0.25577185540839276,0.7278873134454433,0.1267825054177065,0.6181456896005383,0.09970360342024488,0.49601710491591433,0.6075727454640453,0.21745740673653133,0.3430503170428955,0.5561969185057238,0.5447877398089098,0.45818389160948647,0.5694019589433714,0.8068366384239561,0.7678215451684396,0.6790979823035245,0.5867293415992106,0.4779320506813021,0.5659076723156552,0.708720548602131,0.41104012525873745,0.7532673308097084,0.6394149590117248,0.3620008226456163,0.4741659431411623,0.3747898563563122,0.4360501736963244,0.4996248990258053,0.433909141339264,0.18965982611640048,0.3517054281214409,0.5093109432605947,0.6192384913753904,0.18147425271758258,0.2117670065048383,0.2774617757273941,0.49258066082295715,0.4948583493555574,0.20717385069838012,0.35087721931545607,0.8162247199224595,0.6630689729772842,0.4812919700883618
EZA,0.5186411597087726,0.4801938577823444,0.4471153240389833,0.465943041781677,0.5403495295244997,0.4518791688261291,0.7287826958929867,0.7264077426972396,0.7623166676380855,0.5716111160159774,0.49396923377846474,0.6533927222438537,0.5735542716073598,0.40599650071878907,0.4512631727109555,0.2358605719751524,0.26848407242693534,0.23255486505713674,0.5836878897426567,0.4011397004719976,0.5299226963382557,0.44863190516752993,0.5098073872192074,0.5511044767213352,0.7013566633408963,0.2722595923705598,0.6712312584442611,0.5273589267899337,0.735777945619344,0.6302195904035667,0.6857912323607682,0.6941949249296611,0.4606490083955549,0.4775294555581431,0.7279099757968723,0.6073095117426467,0.7127930250614289,0.7604461164490812,0.5583059515410715,0.7004833025086217,0.6483724217334378,0.6485083758528528,0.5703740469377535,0.6361504484874156,0.585283169906228,0.5241455885456018,0.6576187904259878,0.6018445049230614,0.6452211992958157,0.6032949373832838,0.5954087358366782,0.6695836003100116,0.5949011528472986,0.5977964887964069,1.0,0.4537948705112266,0.6725559138308774,0.5433154861835051,0.7289403633086609,0.763380286085645,0.717064774237628,0.4400619388315287,0.6283047783025681,0.6362319978125546,0.4839345106177715,0.6443958748308275,0.18281028507763888,0.7108346716775324,0.5489249101722102,0.5867476490951294,0.25409602811772997,0.43608443921729656,0.4916977428461177,0.547961878874442,0.4046657638616429,0.4277621958915071,0.49724618449785996,0.32290048413559813,0.533984813282846,0.4813146451159079,0.46978834580829804,0.5501445327557197,0.5483486625110596,0.384778556974368,0.50350991301017,0.3282237029939235,0.5688672269930579,0.43412997263371056,0.5560777556134926,0.33717166866810866,0.5865592836086084,0.545613315810368,0.30666763275097564,0.534675664434046,0.34481665231983155,0.5126833694990702,0.49332388417854983,0.4304023483045241,0.47668111903371563,0.7120727675095047,0.5013239081116897,0.5067483771654786,0.5663170831511108,0.5191317794161835,0.5110313926639193,0.48902968893921817,0.4902866553927023,0.557518268944915,0.5093207416659399,0.5560123556178326,0.24739000491627935,0.7087651955878458,0.6726257280578546,0.5287518687488362,0.5446605859679313,0.6110424852161627,0.4999647779016261,0.42449049511881926,0.5553084559205063,0.4633192716173468,0.5508722268286967,0.3217098917163569,0.3291632200504685,0.44778771582227656,0.5364331317279489,0.5963637334149131,0.5004582521466376,0.22493592206241972,0.3628200592192344,0.5088057267419694,0.5202579022323988,0.44525728456199687,0.5564923792374419,0.5359637148292516,0.3081286343018736,0.7335390124302607,0.20854756347072403,0.6966288069286035,0.1511393014323365,0.5235016140203489,0.6901749170309996,0.2939527947711408,0.44132506326222076,0.6710466538551076,0.5653592593347222,0.5306589561143701,0.5412194370221671,0.6868417428917508,0.7627257641832903,0.67255620947909,0.5660203817430007,0.5251371373962294,0.5084221341078675,0.7659173124143037,0.4940693812079964,0.7708537723409883,0.7440587113774353,0.36720234336298646,0.490075906230837,0.4035706468380438,0.447270094475289,0.592195092541326,0.4380970621224433,0.26312347110990136,0.4375073803385834,0.5105825508590636,0.4997606928314558,0.2949870941473867,0.30190390943871637,0.36090969864114164,0.4924706947017014,0.5979782532063073,0.2706358450712855,0.3977858538392365,0.7482999044107711,0.6309439212852097,0.486523995829617
FDN,0.6478698708002699,0.8894597751538885,0.7150240416105488,0.8530171348315795,0.7936648287040234,0.8833417201259264,0.6127274393493949,0.5744814148940065,0.5959303421196418,0.7995400383896459,0.5762465684528348,0.622749889251241,0.5586787213619318,0.5706191532205193,0.6889880341694639,0.2123816882353035,0.20675400141058287,0.17941847049366838,0.8009628632651711,0.8418554082275396,0.684455233915353,0.40303331715515495,0.6085150943508623,0.8431189695704503,0.4370057239342834,0.206259223508851,0.41580075659262994,0.3627833047507315,0.5482883418692115,0.4968123080419819,0.6959230051654953,0.5073130149188657,0.3503016660242106,0.648897104004455,0.5884133550372241,0.4701976310839369,0.6322144980154765,0.5992276873347244,0.8576240782971082,0.592982546513031,0.5980921380374223,0.5951370393994644,0.3666484696489991,0.5269331931088757,0.5042332616825932,0.39515695087004254,0.6833941467305433,0.47040591943877613,0.5535268805261072,0.5707869709682329,0.5778695267631534,0.46577604181165977,0.40923964447090827,0.4773246246244683,0.4537948705112266,1.0,0.6120521556955144,0.6635000255594642,0.6172946342700352,0.5191546706996434,0.5569077814660418,0.5785613724952976,0.24930315445375217,0.2890833875791675,0.10085449804976356,0.42263597665309843,0.08657512565742957,0.6407454387095319,0.8474542159069032,0.6414895209892855,0.2357256949935642,0.608338804199003,0.530641318039785,0.7820984855194242,0.9031109497569885,0.6190558763871689,0.48647747694648097,0.2357569085564709,0.8132595876837347,0.6299123605109054,0.5618993515566301,0.8372069522593619,0.8187112187019875,0.47392164652708524,0.7258655168555541,0.4295587228663441,0.7994065062817566,0.3403320706094009,0.5101945781641677,0.34896228060817486,0.4295953977777858,0.8564188432835896,0.31429400319040474,0.7851668004236043,0.26608846176826456,0.5977660675283974,0.6423370547868417,0.5274611536170858,0.6294979275990907,0.4498430448727096,0.6718275940534054,0.6690241219206956,0.864338273582717,0.8927038732243537,0.8781650637275574,0.7844148128595392,0.5247294939842527,0.7208132165902654,0.6798722530553261,0.7414291763641981,0.1810353394983935,0.638746818805609,0.5244880340255863,0.6800209936746417,0.20239369918533737,0.29376462368639467,0.7149315983747291,0.41670242735737273,0.8407020947019177,0.4320242899487099,0.8458181842060313,0.2756793849001713,0.3359505415537329,0.5086542768713882,0.7587121103508684,0.41401503811063306,0.9026528553153769,0.197318052468135,0.3150224223302529,0.4551352801087069,0.6709681514160497,0.6310835780413261,0.8429193120988083,0.6419028648922299,0.33137169734399025,0.6426196462221196,0.09568998447996717,0.6017903325351939,0.09299422868371297,0.6949352648105684,0.6658047447242773,0.2008264000618904,0.5110298767948016,0.5145523242255221,0.8037347143184308,0.6030516760209214,0.8900454959180643,0.5957596149199037,0.663828544807578,0.8189672867400447,0.8572836073068029,0.5748552746001913,0.9130116859384158,0.6038170588724098,0.5177513176454783,0.6570284256390844,0.540537286648664,0.8863780786432504,0.5881345460239223,0.6108058317625269,0.5639395540023593,0.5497583559593608,0.8575956689135968,0.21762869964236375,0.571117189842953,0.6038295508270801,0.8246652020239131,0.25352843428954847,0.23130061727892184,0.4276493442142475,0.8346761624949665,0.4538112887648762,0.2968139667659983,0.6064342929071279,0.6153313745352137,0.8563765947375029,0.7074700928161655
FEZ,0.6400449962343837,0.603734608842137,0.5252416973279734,0.5692015124010119,0.6382551781677139,0.5722045477891773,0.9304690236574064,0.8596229395854742,0.7505918516552045,0.7699977656684005,0.6442872411477969,0.7460152301111205,0.7174931693191711,0.583165907249438,0.5630269443987317,0.21306264890026366,0.22198575044354094,0.1673300459913005,0.7568458199880226,0.539105391827134,0.7337508971122251,0.5573342825960925,0.6981836165475365,0.755109916739107,0.6722367544038229,0.22023427466131082,0.6564256041610489,0.5248761764752798,0.7275307149363797,0.8214665021515292,0.9286805171473514,0.9100471838204404,0.45468174325490657,0.6180951332603486,0.7572494940017016,0.758111139924348,0.9507874162775606,0.7410012829458221,0.7612667269959936,0.790357444832582,0.8843919788363326,0.9600015631429026,0.528313931602659,0.9256020735290847,0.813585051993859,0.5265329961500295,0.9162712572893061,0.864210880394713,0.9683225376655717,0.7107682879424432,0.6690161827820394,0.8438751416368051,0.6102215457895207,0.6219398785988698,0.6725559138308774,0.6120521556955144,1.0,0.70433381669887,0.8853973323774315,0.7322980362901151,0.9072396038080466,0.640611108861959,0.4163155650126685,0.44712229182672736,0.2529489729860677,0.6618908359123423,0.10459069384363685,0.9417813933839888,0.7550589031719199,0.8644690494137726,0.28244326800510244,0.5412652820007225,0.5536774077059156,0.6285230497749698,0.5535401978503949,0.5742503260838621,0.6011689533762751,0.37332157803173593,0.709052817236455,0.6680370675851134,0.6406923103549975,0.735983750384146,0.7544575210708542,0.5468918801920813,0.6941967564676024,0.5354966648417699,0.6951084105108665,0.40801697634391715,0.5600022826960821,0.35784831244281234,0.5010331529103599,0.7480995199586757,0.36856820548171354,0.7259452967886317,0.3815371166416802,0.6880840625288699,0.5517736634141669,0.5333472186397965,0.6796491042636105,0.6783901939019836,0.7031739828667024,0.5836858205414164,0.7242233313959361,0.698110064183875,0.6756636784379935,0.6420925139384013,0.6013877426564714,0.7590174113377193,0.6567185550110534,0.713512156663646,0.17239930738479264,0.8968844950685918,0.7224789121485998,0.6738021061594082,0.34428053827471305,0.4326652467949573,0.6563643431658098,0.5087969899222802,0.7605993991374669,0.6035329361967416,0.757808106140751,0.3204709460493794,0.34070131692497385,0.4795516593754108,0.7028347369299965,0.5698101630475282,0.6950275784842319,0.2741493894993797,0.37325346411459165,0.49237662462519627,0.6579438102993068,0.6257821338431296,0.7086940661702694,0.7078180450050896,0.3329473671017474,0.9381189987585606,0.11393022187111414,0.9725783795446916,0.0872603520522182,0.7350635234112377,0.8801130672119509,0.2473808581692521,0.5650406258245567,0.7497958655303836,0.7541062470356551,0.7116919501675811,0.715009984967705,0.7908989346871886,0.9050759855944813,0.8619132927823796,0.7666609669490404,0.7120264055519602,0.700161141677625,0.7389630227977787,0.5807056395135566,0.9188104601421765,0.8942351601886778,0.49318670765158595,0.5906059179898815,0.488117331648407,0.6250298072569899,0.7276400182208664,0.6223562147595371,0.30413494527318297,0.6552843489703684,0.7046792910312318,0.6745729204729513,0.41957797011784104,0.3484203611031402,0.508135746171752,0.6748524557411859,0.5590724691313571,0.3032586122744304,0.5409776704140076,0.7418364758912649,0.7941682977178964,0.6636072507363677
FNDA,0.6647557126611106,0.6676005485515935,0.6579689282543145,0.6766175255489721,0.7377073731042535,0.6520790316368024,0.7616396618596027,0.7451311303286561,0.627263116210218,0.9144996078624057,0.9685714187355144,0.7814148303777192,0.6470389041562262,0.5932159479415304,0.6312375858450908,0.18630744322939777,0.18749494499759908,0.15715516684910685,0.744894524821192,0.6208802734633112,0.8424929834073244,0.7873284719675614,0.78840666244932,0.805632603894378,0.5581648162905986,0.19082576984981617,0.4585485385333226,0.4929774141129166,0.5826991596876709,0.5953196675578707,0.7196902658303752,0.7251993221378372,0.4041315063669275,0.6202710959362497,0.6462600856832538,0.5672702734679852,0.7440858267096556,0.6112219036676535,0.8238769810988422,0.7231874288833249,0.6797090038378655,0.6657416760347746,0.43258747240091855,0.6686625643585677,0.5901326745708584,0.4473451465334929,0.6934739808035514,0.6158005595116062,0.6748288025492941,0.6107446750256658,0.590568714323118,0.6710010575940839,0.533148076603191,0.5087820910329218,0.5433154861835051,0.6635000255594642,0.70433381669887,1.0,0.76055224655735,0.6095079616095018,0.7562500893981484,0.7323531699910315,0.3183481743057688,0.3549359889061151,0.14096965574772627,0.6935182516526397,0.0680408410243343,0.7551331196282086,0.8278086627379867,0.75173788074263,0.2517023802548045,0.6151833601975354,0.5555994588819122,0.7075412078290982,0.6016805127860461,0.6007675271858515,0.5100901976126347,0.5174143725160092,0.6685067632470383,0.749440062914835,0.761626591069032,0.8043359377458333,0.8352346494903337,0.8502809010809662,0.8653843132986271,0.7092720425214952,0.8425861314907056,0.41475269838446327,0.5462035357971629,0.3310923234360185,0.3805743667368437,0.784089866772468,0.558063466772472,0.8488644684561694,0.5982443909501427,0.9006757195963481,0.6935798270742528,0.5989743801327777,0.8349871599757208,0.6528475930191241,0.9055258763091045,0.6988191245735157,0.8179288853989523,0.6968157354947885,0.6943965749469814,0.6555237080865375,0.7678162762240913,0.9259808760934767,0.8403091522522014,0.9720549565363018,0.1817860160502414,0.744000324205192,0.7333667565571867,0.7011852485247828,0.24390391584116658,0.36505932333514707,0.6353646299671588,0.4460466784398252,0.8206371111963736,0.8346460580335394,0.8116978576062377,0.2722680965606189,0.3142896862528504,0.5285297576733832,0.7499654646055796,0.45798064093265384,0.6991092842173563,0.23049129963474502,0.36591687741319456,0.4881410541623541,0.6819629325607818,0.698585620060005,0.8890884522575336,0.9862553720840642,0.3124063026369855,0.7620780607306588,0.07208234500485028,0.7181530552465702,0.06074210744659315,0.8264467591877259,0.7204145400305195,0.21367805336999646,0.7165737012514369,0.6475939557965293,0.9096820625571358,0.9190256811181633,0.8156313461113608,0.6958685270683467,0.7332204142524976,0.8504188375136689,0.8553467661374456,0.8659161845977685,0.704506719162405,0.6164562426842275,0.5126559243401303,0.7522558162506916,0.7404015219037416,0.6063654243098208,0.7565587092065953,0.6061583944015544,0.8073150642860357,0.824957674580867,0.6542715065253527,0.5133720231491831,0.8037331500867798,0.8613724065979699,0.6681189167617999,0.4302956789968501,0.40741527647987696,0.5327180854147024,0.7664111530315515,0.7252947027023874,0.5655204850599646,0.7944468622127123,0.6139957089064799,0.7956879165842465,0.7032100339553686
FNDC,0.6736694703302628,0.6196740848476171,0.5652855955309902,0.596118153029239,0.6768975588973601,0.5914353432327658,0.9695397994408812,0.966130710791971,0.8125415135486096,0.7954375478224333,0.7073545411477558,0.8302257994054653,0.8436559916521826,0.5956074088631018,0.5881159497314882,0.26461193455630366,0.2917897996369339,0.2409702514277444,0.794732842650503,0.5591684686780896,0.7415357004007572,0.6360579170811617,0.7189971203521913,0.7563406533469933,0.7328788149002918,0.29217629994142363,0.7085150775572898,0.5840899594857792,0.7916407649474277,0.8627085536348174,0.9141807382549326,0.9281540966631036,0.5106181526544616,0.6490180358144587,0.8152333367687025,0.7432044753478044,0.9525467316729573,0.7935633332163221,0.7687169590229741,0.8635610046030655,0.8583096498066237,0.8661548965059911,0.5730521736627538,0.8461650149606768,0.7876336252669288,0.5946172870928342,0.8460104124255257,0.7962799973661364,0.8632125956737056,0.7542925240661831,0.7166795535054038,0.8555270315062743,0.6392290651135855,0.6895442267304299,0.7289403633086609,0.6172946342700352,0.8853973323774315,0.76055224655735,1.0,0.7939119069889051,0.9529023828155258,0.6551263705718211,0.5292517264010219,0.5607830068212308,0.3677893812396841,0.7627098210298203,0.17514736723984953,0.9526329591785981,0.7626022806686694,0.8293784092892222,0.337728098758097,0.5606417658915218,0.6122069026593412,0.6749760423948431,0.5533447457691387,0.579523505927359,0.622715768096224,0.4642509919538903,0.6957861586033194,0.6791835481407373,0.6285085640029925,0.7469505311796598,0.7628707789378584,0.5805047775259743,0.7148319027812569,0.5413447219078765,0.7406017645599782,0.4471689695441509,0.6243703219173952,0.40842070988886575,0.5353790343142284,0.748076244720967,0.4519152505619677,0.7416458028970803,0.4698479120831887,0.726653633993033,0.6122047537604052,0.580001244539637,0.6943361705465124,0.7692204496645637,0.7306686947428249,0.6322333643311223,0.7427674781679782,0.6902260697879691,0.670437873653535,0.6435357661653113,0.6605615149566443,0.7906273161399108,0.69028851703988,0.7644598462709541,0.25796697260505036,0.9753392143526484,0.7954326175265553,0.696081051360326,0.4193588020414132,0.536007158630307,0.6394942643181475,0.5321229582284467,0.7662734298194174,0.6703955256470403,0.7599254104824231,0.38229401688162923,0.3934403082615337,0.5410967141967545,0.7065000624525886,0.6403265420335292,0.6860314572750543,0.2840693980612153,0.3977413771358179,0.581113577622041,0.6829764667305654,0.6449686100854988,0.7465434211945079,0.7586940516916744,0.37526587151764085,0.9661521830865102,0.19405286341909614,0.9206674341100828,0.1412406379075242,0.7435632757014516,0.9070376602433826,0.32373755940030363,0.6280457527714319,0.8493463062904217,0.7888766831347712,0.7615467758383972,0.7346808448614267,0.9093683852457767,0.9428792501631726,0.8833740191914902,0.7800867354421926,0.7491248680155682,0.6900856969035469,0.7917815339179738,0.6140257768210999,0.9555689237226037,0.9363108603706725,0.5099112612773712,0.6459054655944465,0.5215885188082231,0.6511387890240783,0.7690281164612287,0.631607072012663,0.4004555711420321,0.6615775234795251,0.7312446236521976,0.6579110575753865,0.43133843695014107,0.40685602650123565,0.5087647829056475,0.6823328940149743,0.6620352720596899,0.40848556078907705,0.5562152173917636,0.7917090066929404,0.8145170100344898,0.6656846746770573
FNDE,0.5199512390955285,0.5300982846808789,0.47089916702552564,0.5121013771411485,0.5999858939967554,0.5092794094091887,0.7925525648015396,0.7789431796667351,0.9248023978232948,0.6578351208475548,0.5696923136222439,0.6969933190171544,0.6460773018368012,0.48035135228345793,0.5190279003031968,0.16010156776330198,0.17445183834326997,0.12778279409190205,0.661149928764119,0.4478749700360502,0.5986553107355166,0.498716273570088,0.5816919967166306,0.6313445900860702,0.9060633018431111,0.17684336694048924,0.6594634595002148,0.561776259003378,0.8762772841291898,0.6466872120956065,0.7436200167128529,0.7692988396748499,0.48845935451412326,0.5293455709157515,0.8421996242992403,0.6590020057558912,0.780468066916929,0.9126346902661809,0.639591175241025,0.7541497999562324,0.6849768260394302,0.6863820939786737,0.7518692465418451,0.6804703211697298,0.595508900472058,0.5776806143255317,0.7277963783199141,0.636683813466762,0.7015346236954795,0.7028911501210053,0.7624217794763307,0.7211046604453957,0.6308961525410873,0.6809894023300035,0.763380286085645,0.5191546706996434,0.7322980362901151,0.6095079616095018,0.7939119069889051,1.0,0.8038891280150222,0.4776818452997139,0.4780707265939989,0.5046999368557429,0.3438944219014728,0.727530505508717,0.0874690393101383,0.7704283785354988,0.6273633566317083,0.7040317465145329,0.24289116584642462,0.4594091578034164,0.5440599942986918,0.6159219757487518,0.457981994070124,0.41279538169565116,0.5870201422229071,0.449110516591117,0.627107178975324,0.5364397961395152,0.5250787345128965,0.6205457328817007,0.6217963677212268,0.44136624106677225,0.571766286370634,0.3803984811169314,0.6481766036100045,0.47288801038093303,0.6659173147867559,0.279772442562654,0.7704650138615037,0.6282662052439743,0.3974285116909771,0.5924521504025044,0.43937823770170287,0.57577596324581,0.557840736019631,0.4253343571995604,0.5127815153199016,0.7757347839579056,0.574049000978631,0.5756810074432245,0.6472080582123589,0.5991845072428875,0.602339763557282,0.5668260243388544,0.514663326034357,0.628806405151214,0.5790052047591409,0.620460910292959,0.1496402795758462,0.758393768829711,0.8071656910581926,0.540685114414097,0.4311778607492589,0.4934723249554556,0.600342234185849,0.4946910848405889,0.6376956185830185,0.5176645388279368,0.6286127953060644,0.2500641245229296,0.2678785011644957,0.5082564318731395,0.6328177092254416,0.6458501906164669,0.5743161752285946,0.2794200287011561,0.372507193047332,0.5298252580648891,0.5218266428422881,0.48016317349682275,0.616038215710926,0.6031330684237809,0.25927637728633574,0.8009222533075968,0.08691772806325733,0.7469714759079759,0.05909096508754988,0.5859179564610134,0.7400112749174101,0.2013547137482414,0.4578462158241213,0.7281409880890986,0.6343962153688152,0.5988483304610027,0.6034593137365081,0.7738074976861039,0.859787121159635,0.7636617100062025,0.6469548203990826,0.5987980665164961,0.5834197519840841,0.9355399075582457,0.4894132261702916,0.8723019826042837,0.8457092128908229,0.418166409335802,0.498289624066633,0.43083912563907323,0.47232143929003867,0.6429561969614129,0.5018190954087868,0.37792241676312677,0.5098178233304093,0.566880687933871,0.587896020978264,0.3019152960553413,0.28644748246492097,0.36162890573175904,0.5526668307705921,0.6068543255449494,0.37895775014300564,0.4216965349994713,0.8944194828233922,0.7165663748224455,0.5732783955752648
FNDF,0.6342166368938876,0.5598046370585612,0.5068347527604167,0.5387511301710628,0.637091525541224,0.5328287934906879,0.9751218569052928,0.9489107179307672,0.807139017929136,0.7948979300663973,0.7238467384997029,0.831734580920293,0.8438395330205272,0.5832668442488846,0.5584484202884933,0.19687426232449953,0.21814692022326365,0.15918436588022347,0.7548510913333252,0.5091092882578244,0.7565263549864423,0.6558799925921391,0.7424690928576873,0.7379907416237252,0.7525355902927356,0.21831441843531968,0.6704429765400598,0.5798613969757194,0.7789607561800118,0.8487015078350478,0.8959262347715702,0.9760675527214492,0.49816012541766186,0.6009133031736292,0.8243004676312894,0.7530175058722177,0.9644130671916046,0.7849047577546471,0.7534406153200318,0.8685243576294638,0.8458404590839247,0.8803663976255068,0.5650006467316055,0.8838561549727135,0.7803018107784327,0.5694471269247264,0.8350833984091537,0.8378126014618311,0.8867756527025611,0.7490040913602878,0.712135472233948,0.9009874524769648,0.6481208502635073,0.7040796043645138,0.717064774237628,0.5569077814660418,0.9072396038080466,0.7562500893981484,0.9529023828155258,0.8038891280150222,1.0,0.6503273440536682,0.49818519416540186,0.5270209445276726,0.3340814197009605,0.8126194975620339,0.10120312774238675,0.9585916881705093,0.7461567386935055,0.8703469974554731,0.28222311821636953,0.5286635123168819,0.5660482653795791,0.6345375127082572,0.4988204780198142,0.5395177700132051,0.6067154044107497,0.5447716603520396,0.6767439320769301,0.6845623103292368,0.633417738282113,0.7251591638554932,0.7513861028411134,0.6052689623215992,0.7085821792444258,0.5674548031998012,0.7042292510469199,0.45488454691892555,0.5992986188364462,0.34084254851947376,0.5041437474677428,0.7343599789616125,0.49003607214988304,0.7248649065656212,0.5363058212833339,0.731148705065118,0.5703404790395303,0.5485021092213017,0.6718780069348823,0.8024487086578962,0.7397662597796636,0.5916260808831318,0.7031226127402588,0.656797775928138,0.6337717889633506,0.6211207097861872,0.6418774248783805,0.790094599797907,0.6884406385172315,0.7476512692030632,0.19693006153886755,0.932761766723331,0.8002797485104418,0.6634724805126374,0.41512184743873964,0.511411492342522,0.6209929521355005,0.5186130156148776,0.7561493708214634,0.6958657653185275,0.7446652576082389,0.3169248288851733,0.32462733693152634,0.48920808612609096,0.6974168523973004,0.6192447441638079,0.6516198547166004,0.2762539159938465,0.39341734115195975,0.5631508973589382,0.64286259421269,0.6353334140531443,0.7062542767937119,0.7630137779470437,0.31225817737179573,0.9741908317028559,0.11800691923806748,0.934320602911578,0.07450293467425197,0.745366959042941,0.8884790948510531,0.25908034899790044,0.5894048387188617,0.7999765671191835,0.7686604214013483,0.7745561004749145,0.6913859826361917,0.9120580175418845,0.9333573739352056,0.8742119142112628,0.7644824066981015,0.7803987173181552,0.6517306945814471,0.772434418726736,0.5612462359034411,0.9565729810436935,0.9730572436217524,0.4418416472646384,0.6311523861716436,0.4790708599837552,0.6219118213959927,0.7820651315408498,0.5937947960280471,0.47216984233428144,0.6902924008166547,0.7398332956836092,0.637478271559334,0.4410364050711101,0.3942965520185765,0.5103503433899237,0.6476073452275829,0.6788234361266181,0.45774456301428834,0.5384443991545403,0.7777671676916119,0.7774901055842355,0.6722404785314432
FTCS,0.6444946333924275,0.5101689036024443,0.4681629786350259,0.4795550998241881,0.524134993616216,0.47151537729284493,0.6790597484523793,0.6251358937299939,0.46450912999758015,0.8134312799954277,0.6801624817329136,0.6946804834131618,0.5623252103745431,0.5388278073343008,0.4440607070459281,0.22648815481289514,0.2291970637382543,0.1939638134521164,0.5941836598987356,0.5585999259018376,0.8788764674591926,0.7357674963969796,0.8902581207268767,0.7803531464672406,0.4581939586690499,0.22621646202227877,0.4041026736619885,0.3783928793941713,0.4681753258920991,0.6804941333767479,0.6725886489247505,0.658610567279249,0.36098449215942713,0.513879445787987,0.4854382191940453,0.5022891827590533,0.688488188480499,0.4510051187677528,0.8058733350438348,0.6557648487616315,0.6109111015349226,0.6180768418207997,0.34121932405926364,0.612565879173181,0.6493228152925699,0.4269444154043142,0.5948629054777071,0.5637840906243712,0.6262426672120305,0.5352059634388682,0.427927743969293,0.6500230933582886,0.4471364558966411,0.35560949832643446,0.4400619388315287,0.5785613724952976,0.640611108861959,0.7323531699910315,0.6551263705718211,0.4776818452997139,0.6503273440536682,1.0,0.2661645404165664,0.27507989024579205,0.11416887239017312,0.5582644794616584,0.11827122717145197,0.7068175557753565,0.827981474993157,0.6866251869748875,0.2532414341528132,0.6079057406108804,0.39987126920783317,0.4962974698994362,0.5629597884940216,0.7442859724079929,0.49010788990262893,0.3996162080381106,0.5815509433000986,0.9081442986238611,0.526808673182414,0.7526000190924149,0.8601681871673688,0.6104280389773068,0.7454822572471169,0.7675447183920782,0.6040265171519973,0.3432331101958273,0.38951931651707117,0.36080597276058063,0.27178201865005924,0.7805617497487964,0.4226399474811108,0.8239489454900802,0.3704080446097598,0.73693241928811,0.4052072950843212,0.5334134115107941,0.8389301550428966,0.4875478876334538,0.8386210210736939,0.4431994034562807,0.6819574848813126,0.645485478753109,0.5708498356907417,0.6341891800927513,0.6099895714572084,0.8847884640480495,0.6656715992240878,0.7097071644327222,0.21172063733913057,0.6571975324546531,0.5896055527827149,0.6600548972229565,0.1609264976777247,0.2607972784728809,0.47148460067880843,0.4065597142565823,0.8101651927480833,0.7791477504185598,0.8047320504213586,0.30755995744598813,0.3510671713857419,0.3447916068900244,0.6579999138661008,0.3916260540996979,0.6967537283717755,0.18951032923926242,0.2903609138687951,0.3341153967786003,0.6531087123064996,0.945790794331234,0.688755719278203,0.7697834343576107,0.3421578941693516,0.6809944156808789,0.12538492300682053,0.6752780149210318,0.10595138559424111,0.9260077577479955,0.7270582106553991,0.23183447056639842,0.736930551561489,0.5740057869186265,0.8400040952056024,0.8614823060635712,0.7337787311202533,0.5797938744849269,0.6295823790341887,0.7828120537656803,0.8054007260196593,0.8943012768877027,0.6708898555642515,0.4738116431402509,0.5032672742742205,0.6494226892778769,0.666366004171029,0.4887320207959871,0.620619696489989,0.48620901589461313,0.6788054949346093,0.7818485199979246,0.6494738147108,0.38695626883951134,0.7905791176426131,0.8111231157599574,0.5980851925669304,0.758492852527896,0.5908796701855092,0.7954710187947089,0.6748985588610543,0.480839074466162,0.3606795229400947,0.5761313091095548,0.45425707648576574,0.6775620112747002,0.7254645815632378
GDX,0.3504084528999287,0.26679971213485454,0.28517354294266367,0.2676591783116733,0.3334956267200047,0.26000413481782025,0.5267131682291473,0.564143471226097,0.48550978465637223,0.3322280058394882,0.2767853593389482,0.5552279571920918,0.39756096424577547,0.22864796676944685,0.28543247704340474,0.23638073335949605,0.29267868740245234,0.2740606368872663,0.36191332051026887,0.25147745502055097,0.31030901311806053,0.31427984801667813,0.3382646491999829,0.3187562459789975,0.4614925079414769,0.29593180537584424,0.5229586810314398,0.3766816928189321,0.492925205408249,0.4752056049624932,0.4643314207812978,0.47217487152567805,0.3065468770355149,0.27800368128904157,0.4864109699249096,0.4057446316738506,0.4811097896709656,0.4635614783078134,0.3278825106827164,0.5289624771259727,0.4375702306428407,0.41706663255824317,0.33099642672365254,0.40423206552794366,0.42697418566927914,0.35968310647882845,0.39405510405511124,0.3975638511157141,0.40207018368567127,0.3999806953456968,0.3849019371293406,0.4803782194798896,0.4131948188708321,0.42218749199033645,0.6283047783025681,0.24930315445375217,0.4163155650126685,0.3183481743057688,0.5292517264010219,0.4780707265939989,0.49818519416540186,0.2661645404165664,1.0,0.9791956685445975,0.8086095363889858,0.5830426131520298,0.2494243308086429,0.4892340098202825,0.3185262742777489,0.3163189628815687,0.2208863960807109,0.2851771825556644,0.37297070676708205,0.3456017742000451,0.233755140152487,0.2765319048467536,0.28718577243810944,0.25546108142184104,0.31212994799716737,0.294480636939801,0.22006965830515465,0.33007953385401406,0.32517999034789435,0.13082803345696048,0.26079140028666736,0.13954979072940393,0.3523806982930409,0.26264522629566434,0.37315224555952325,0.3032178822567717,0.30673845654284876,0.3146191898859186,0.22869694020960502,0.32002144302140645,0.2586606016169424,0.32027904133244606,0.3206077620196327,0.2578268493628129,0.2934868592841341,0.5986398913202241,0.2709298566043385,0.31433904070453234,0.3438325341459692,0.2926190326923797,0.29349519461602136,0.28418499146646803,0.29319213939097805,0.3339846103077046,0.2920861783802359,0.32888353105662077,0.32325103577484565,0.4930771182107195,0.43941762534214585,0.33449686052044925,0.7648748835557301,0.9293818220368522,0.2882158663747001,0.2642416358874474,0.3234321426630796,0.29605777571707126,0.3206596516912538,0.31699687209343475,0.300222823099362,0.29599256308609867,0.3251090832106598,0.4555751605478082,0.2739364319807477,0.14946726365193924,0.23412506288937182,0.4820482472999779,0.3330236535975332,0.31539393092749146,0.34649727404465924,0.3045744813161479,0.2649303040875979,0.5140588661092882,0.29150899888403264,0.46184448725561006,0.1915362924052498,0.3185762365760689,0.4774060117735041,0.30664879980532594,0.31637547009261247,0.4709018944454072,0.3484305184595668,0.3332978368102368,0.33052158061405734,0.48655769769280416,0.5042880038392735,0.42084089144636905,0.3315398122168202,0.3326073822276517,0.28185071189252575,0.4577025529099177,0.35357285854952214,0.5194342293151223,0.5128315507809739,0.18762883980710116,0.3577283405224896,0.2653023056185098,0.2555647449520613,0.46475321311556234,0.2430678541624343,0.2087890977366723,0.20157684051725006,0.3136556733743199,0.28799156226332795,0.21067050107334584,0.30499512745450397,0.24359506872137707,0.240787315821015,0.5990795354562463,0.19990478335929582,0.19186585470874562,0.4486113514774029,0.3908942244615191,0.28299808276244753
GDXJ,0.3758320428047142,0.3114449664641108,0.31270887011492443,0.3046627584489421,0.3705564606423913,0.30303478465672384,0.5578181529123767,0.5990006150920448,0.5149418266722765,0.3674886554268236,0.3153041263732446,0.5810272488872522,0.4224249663491781,0.2608414521677066,0.332112459124007,0.23364886403847357,0.2867481990724045,0.2663167818666942,0.4032565523402369,0.2844549622982099,0.3324404803025377,0.3270734052945665,0.3557229486120699,0.3501156462046054,0.48631857836954606,0.29127405938518147,0.5444662193922685,0.40387865646245485,0.5139363435421371,0.48810939335582954,0.49314559384011314,0.4975770098039186,0.3375016275083665,0.3120455463472324,0.5159694560138121,0.4342745880045323,0.5095621623035367,0.49144638701860993,0.35981010840326144,0.5538653283432625,0.46248206198049197,0.4462652963423137,0.34333574771783276,0.43449848532136043,0.4396375567579303,0.3743124231562225,0.42953952706639753,0.4192279802478261,0.4304445919794649,0.42190086894239975,0.413048054375653,0.5005636819179374,0.4400382856176329,0.4406636374644324,0.6362319978125546,0.2890833875791675,0.44712229182672736,0.3549359889061151,0.5607830068212308,0.5046999368557429,0.5270209445276726,0.27507989024579205,0.9791956685445975,1.0,0.7956494988225101,0.6021735733480894,0.2385736251831079,0.5187670866765015,0.348187702787863,0.34731457267986293,0.22293138490827644,0.3006360434228808,0.39741532433739385,0.38408496098465317,0.2727504854162659,0.2878424381879568,0.3161356384543464,0.2842090752581122,0.34642739352267654,0.30713055876896583,0.2602104821807421,0.3644887510957415,0.35221553179581094,0.16229406328163043,0.29512955105643757,0.16094723461004223,0.3949716066434869,0.2789354739675602,0.39850902822831263,0.30779052670650653,0.3263592599199808,0.3460829475752148,0.2551146421944092,0.3423878599290752,0.2914993873515483,0.35073239228856695,0.3618829169395889,0.2812584230587948,0.31053975477755236,0.6233064631252703,0.29861055894068544,0.3495269786872758,0.38027517430079805,0.3269780601693611,0.3299481991647776,0.3181508545232448,0.3174860238266549,0.36021316872941433,0.33159574570858963,0.36815944076790136,0.3248317692780164,0.5254267104122332,0.4700205663182675,0.36445644597123744,0.7754072781783768,0.9549147034097263,0.3233173495571693,0.28974411682848156,0.35448888552004476,0.3077944242214619,0.35177918559525284,0.32035165935343984,0.30428478906004924,0.3232129996369813,0.35317741191737645,0.47198385402936166,0.3081330728217494,0.1768263472480827,0.2504314240362724,0.5184000347202894,0.3627278360814402,0.3218170776482571,0.3858701252143915,0.3392492809756792,0.2700145382297548,0.5429961919979586,0.2792475422805154,0.4900223900339577,0.1819123147672467,0.3365427769698625,0.5035206038856861,0.3013669914238682,0.32268703071435495,0.4852612748605575,0.3788588476756083,0.35575651230547584,0.3653065999131502,0.5118756019858975,0.5352062118149201,0.45401454862769614,0.3651418717154518,0.3491413151280779,0.31791017205871375,0.4885329837224578,0.37405406007401254,0.5502107261006577,0.5394526140792254,0.2287681547671347,0.3881357637064155,0.29398073089961535,0.27250418280770955,0.47845339810633813,0.27558170312458796,0.23631638833570567,0.22753841951639042,0.33981146955260133,0.32162925198900183,0.20058883898748942,0.2841316181589328,0.23858755203946347,0.2755308166275927,0.6296372472218958,0.238113517289251,0.22042264072340165,0.47933415884077746,0.4257498640945218,0.3121688908281489
GLDM,0.2396146648728299,0.12180082280033491,0.1537894028163999,0.12820041713858732,0.19646604795409903,0.12183200738512642,0.35503805613445094,0.4056778466043478,0.34352323932424145,0.14842205963909008,0.11087424476629434,0.36569103996942137,0.2785381453986608,0.10733354236816336,0.15159872402604538,0.2338503030598089,0.2964985731172272,0.2758496514682579,0.22204144596784334,0.11186915576049755,0.13381962081894233,0.1616600809201735,0.15793970786549047,0.1440461958794606,0.33897776457111284,0.2978361085497988,0.43892796302875026,0.26403758233331964,0.3606485184953999,0.3425899578496974,0.3024747266443577,0.3029722687680672,0.20294868791954582,0.16235824614613528,0.3519372684858301,0.2675750165413538,0.31366295478999967,0.32736717209567506,0.14837541338123497,0.35116041703580114,0.2773883605825216,0.2561940581189687,0.24364220852971996,0.24497815368345524,0.288006311614827,0.2423195086063706,0.23539884732777144,0.24202127371977797,0.24516482514705926,0.2500686996961889,0.2662755425572856,0.3082192654897163,0.2934946806714257,0.3189323974568005,0.4839345106177715,0.10085449804976356,0.2529489729860677,0.14096965574772627,0.3677893812396841,0.3438944219014728,0.3340814197009605,0.11416887239017312,0.8086095363889858,0.7956494988225101,1.0,0.41018908435681695,0.2835738534450157,0.31608621701635947,0.141877389844204,0.13550506764028117,0.20341155124960714,0.14494004908565652,0.26003333111831983,0.20214371437559822,0.10181515545442067,0.13826765452251152,0.16708700468916649,0.16301943869882352,0.1701406618979468,0.126857322717523,0.07700822119839254,0.15976872934705852,0.1483439675719433,0.001805910347336695,0.08318114913656255,-0.005587723848257516,0.20007700369611467,0.1714970280466511,0.25597065770681865,0.272456089236322,0.21238293406579686,0.14262164939675126,0.12159903277776365,0.15138863131878577,0.14753313058662332,0.14944630165930062,0.20397924292189934,0.1623758805397875,0.13183768901880913,0.43215259709688625,0.09122979376450312,0.18536628462372767,0.17280811007850974,0.1414590464462001,0.15571322846430102,0.14129677991184444,0.1642019524013824,0.1466945555276692,0.13222276163820365,0.15220858120269448,0.327547199690445,0.3379109312294043,0.28869840065917984,0.21413820020373533,0.7807537370269642,0.7408797509611388,0.1664391490896115,0.13930028882412152,0.14683296771323456,0.13110774618150803,0.14438801919706493,0.3028710049315284,0.27251029756169814,0.20030676485620685,0.16835907175909237,0.36727538112300967,0.11920559510369463,0.0981792591352528,0.13947366739532688,0.35757344271344355,0.21842035898585838,0.14541057055338336,0.17417648426919732,0.12588714800944317,0.2345607915711935,0.34230406410926983,0.3219096420469332,0.2902642461212062,0.21729856459390134,0.14142050368660739,0.3048291135916645,0.294551309497769,0.16816075198304697,0.33927555984913854,0.16500030065071225,0.15272690277921755,0.15775076287678222,0.3467902899777969,0.33923275912014417,0.23551584583324095,0.1515817999821125,0.15179505467833845,0.12738717183696785,0.3182046967906398,0.27338869846698793,0.35003533188294594,0.3446707005531068,0.06066810214272748,0.2229920344746804,0.12882479935035335,0.12773235670997385,0.2697504623068311,0.10339703057181722,0.121423261919088,0.03249370479873177,0.15438994324912936,0.14411057851786355,0.09836109381239422,0.20049429762277982,0.11025597516912618,0.08583922202325081,0.41451256861785873,0.10836853260709373,0.06649329109527052,0.3073649419924253,0.22056176154433083,0.13315007259311326
GNR,0.4975145098870403,0.4243759745907089,0.38640175293460194,0.4084837262918557,0.520330060514656,0.4046098739237837,0.7920910226677803,0.8133521839209693,0.6619632516077195,0.7044037329738849,0.7277017949552753,0.8294678248475535,0.591795866693879,0.48689817893126164,0.4585687344799469,0.06988633113072494,0.08559669499667816,0.036268473626990254,0.569647148001383,0.4050316141183857,0.6434729798456792,0.6762895118672079,0.6900921799273151,0.5889070488189346,0.7172273013759669,0.09120584808888833,0.5141037379023243,0.5580933961649703,0.6118035700539328,0.6129912964452806,0.6417110929875389,0.7901313582687153,0.4256091834257779,0.4715713953118765,0.6481170492847459,0.6098876163802542,0.7315154845598038,0.6289709704130875,0.6190818870319155,0.7831395969139916,0.6525670021432264,0.6226174002345023,0.5135348454332409,0.663030967756223,0.5591736708520898,0.4644151881934273,0.6153270591306783,0.6169415423538651,0.6521136373699402,0.599288052962489,0.5519851935117013,0.7787749051735964,0.5686254051316565,0.5089410163284657,0.6443958748308275,0.42263597665309843,0.6618908359123423,0.6935182516526397,0.7627098210298203,0.727530505508717,0.8126194975620339,0.5582644794616584,0.5830426131520298,0.6021735733480894,0.41018908435681695,1.0,-0.005618316418389101,0.7448330254118111,0.6107136354476391,0.6576171006848935,0.17686998555353187,0.41009416369938806,0.49295604479184846,0.5252970946293624,0.3794375092369167,0.40950336485797295,0.45053238731776646,0.8107473753340269,0.4960815993716888,0.5849435969525117,0.4881905617945148,0.5920865912217924,0.6191190491732693,0.5478681574522685,0.6015116908548603,0.5049268689203802,0.5953745282230535,0.4253937511923322,0.5796311500478537,0.19387028795996195,0.4519226309205171,0.5931580584333876,0.6504728445077763,0.6156748708687458,0.7545874242305183,0.6809825980615778,0.5185068423012231,0.43081145186727293,0.5570902893618945,0.8816313834929479,0.6731268595030694,0.5229765067070223,0.5757119553523999,0.4917702729649198,0.4861476070842215,0.4930206222061988,0.5573035724728085,0.7038865653460906,0.6053494763519083,0.6595067247035189,0.17048647905083628,0.7173597837571803,0.7675860240273389,0.5240029024346176,0.4995895099270935,0.5929784577407478,0.4786619672975427,0.383050245289465,0.6234593472054848,0.6955625454900549,0.5971866429540978,0.18638026018901918,0.18235539709876772,0.44486471335824457,0.5685425803455468,0.5225461956732675,0.4914349987820853,0.23186299496474025,0.30411040807903517,0.580895383345879,0.5025322516558356,0.537211294789841,0.5959774124344371,0.7107864995342795,0.17169393397833424,0.7578897797490176,0.006658480193905457,0.7112901857069737,-0.03386232044193028,0.6259419927241863,0.6735914949017578,0.13045983688445778,0.4976391065445576,0.6297021849599901,0.6742839193095962,0.7274290411709362,0.5666027903852803,0.6805503648871312,0.7064766230635666,0.7125712049987346,0.6362446385997867,0.7256607153189212,0.48915003440640503,0.6504925294073444,0.39521547375529625,0.7599968305834764,0.825522868135591,0.33878325415877536,0.5604733734787896,0.37045908566633556,0.4837790892423903,0.7919089846650319,0.4522356399580027,0.7567997086279474,0.6096934120145073,0.6531331242390647,0.4785654532742825,0.3631859445885718,0.35687973627905983,0.40793819345593835,0.4996706637620518,0.8128050019291712,0.7236692386965108,0.46051858917308025,0.6158429260704151,0.6148588743067103,0.5617154395039589
GOVT,0.45386532940811736,0.09813732810107671,0.16523297597997552,0.11535100262115638,0.07632723115691652,0.08378346795766536,0.1295558714005434,0.11705154081804835,0.1117764484760901,0.0363113183548709,-0.008309987396865268,0.09606661955065184,0.12854944966893134,0.07531542415752854,0.02566638967342842,0.8851819127508919,0.9278765049892446,0.7701471689680718,0.10096285771326498,0.07915892229127558,0.05279352872352552,0.12392572139327074,0.04248759668076168,0.07288270314693883,0.10641025662269007,0.9227130577661083,0.49147220960187565,0.09840711814155836,0.15683433154027981,0.27463738339735266,0.17648424950755956,0.09306359629715495,0.10772927032496926,0.10203855801233537,0.11373645122140319,0.09598439807059794,0.1466352583747162,0.11179869364171441,0.07239312138596696,0.15261294936566816,0.12835956411135532,0.12099991169811963,0.07339945308923583,0.0732962348762297,0.23602554993119587,0.14479188497530807,0.10518409799722848,0.09670059844832093,0.11149439953928576,0.11226630966179706,0.08555482072085673,0.09708536627677536,0.12930532321590885,0.11897564924710587,0.18281028507763888,0.08657512565742957,0.10459069384363685,0.0680408410243343,0.17514736723984953,0.0874690393101383,0.10120312774238675,0.11827122717145197,0.2494243308086429,0.2385736251831079,0.2835738534450157,-0.005618316418389101,1.0,0.1455422531413193,0.07486823846143222,-0.027658655069364196,0.5852653295540692,0.16834365723799347,0.1696673358709857,0.09287170282745053,0.08396427485060731,0.15094636668583844,0.055581997400888365,-0.1363302348698434,0.06015303776170658,0.09304876131698633,0.005279254740903457,0.0684399282785369,0.09616936097327816,-0.05705552180270126,0.03595461090071517,-0.051253973597607305,0.0843459781591432,0.024326374339459448,0.07547319508844072,0.8420195916485602,0.06764832019828643,0.0581977448514819,-0.06261176719623626,0.13378687948639104,-0.1517575459737398,0.036653613576976815,0.07837547248635589,0.33456256066561973,0.16392751453029022,0.04407036688857202,0.03575182748296111,0.09126049263589103,0.10999178200642548,0.07499072112406377,0.07167512880649403,0.036624207981784625,0.22622900294371803,0.08966400574081389,0.009689797304200196,0.07887437376022632,0.7720998032337192,0.17711660358170628,0.15003085462381505,0.36678870033990574,0.15629749229594264,0.1939994196691969,0.023920866856522022,0.05083150927704152,0.06389882359178971,0.0933332518413353,0.07246692346970594,0.7484390676440813,0.8497827642568707,0.13215021743086147,0.056483673454389156,0.1651312115996505,0.07431243437914037,-0.016343053873869223,0.022169218777466176,-0.007391067647578482,0.4028790973646487,0.14582515612372887,0.1146135338502698,0.0519523278943697,0.8176087784142736,0.14687283658780206,0.9205545420405111,0.13736074218283115,0.9028788588828875,0.09216608229186435,0.19675858781607014,0.8628244351606046,0.2726475924573757,0.2582329759647369,0.1030945004920818,0.0761435190471234,0.10908973748289766,0.1505667964409613,0.15433590604605868,0.09834854754512955,0.0692384812459102,0.04198306586803993,0.07437507101410167,0.10019475088930217,0.6114666972896515,0.13733945818754462,0.10939421468779573,0.1144983346396302,0.0505226370677289,0.13478024435944017,0.25020477692635723,0.08681884630376338,0.07307773717782606,-0.14675154511162605,-0.055949558005103754,0.034484180758940004,0.04816526919833058,0.1474733602270452,0.23125649703335618,0.14122459072854043,0.09729530771137704,0.013464101670469774,-0.15164549462262042,0.07431864097732199,0.10897896870034914,0.1331437272704711,0.013840132936529654
GSIE,0.681181903311755,0.6360360101849488,0.5663099390456311,0.6075197681867058,0.6835521843541512,0.6031894931427989,0.9839049394031212,0.935341592552255,0.7870428353233269,0.8220553159608185,0.6992448779261297,0.840852523265798,0.834444570477185,0.616881420863297,0.5948255687164932,0.2508486091118087,0.26617662327953656,0.2113802419571526,0.8041819839240889,0.5828297345083201,0.7872427377700749,0.6402885207465694,0.7657146153275167,0.7939665058906848,0.7181057696015962,0.2657102742186454,0.685347406303521,0.5627533066935881,0.7670631086672541,0.8952923084013441,0.9598956917683731,0.9520403647220228,0.4931875210569637,0.6424184098338916,0.7913350169705158,0.7541514113077844,0.9885400623698807,0.7711135473156501,0.8079615580022685,0.8760315246442725,0.8870127339199143,0.9182339138683738,0.558720107952712,0.8950044292996759,0.8469621253368609,0.5747363670929218,0.8890950148514223,0.8426205206682349,0.9190326349444604,0.7694203261959065,0.6997837188746865,0.8957647538344472,0.6435833471638085,0.6472945181669648,0.7108346716775324,0.6407454387095319,0.9417813933839888,0.7551331196282086,0.9526329591785981,0.7704283785354988,0.9585916881705093,0.7068175557753565,0.4892340098202825,0.5187670866765015,0.31608621701635947,0.7448330254118111,0.1455422531413193,1.0,0.804737361930758,0.8935791496972373,0.3114989072310402,0.5979065176558745,0.5902354915408932,0.6706612218916981,0.5873789010199576,0.621980501029401,0.6248702710376196,0.4502591759740268,0.727674721466584,0.7395140613902139,0.6438508226556302,0.7852615618283572,0.8049607312200311,0.5879035354203302,0.7406216521507573,0.5824092307523445,0.7401208848295799,0.4408749289306382,0.6055512955147335,0.398714209525638,0.5181063122528087,0.7907766023154902,0.4314672326625264,0.7681798927647258,0.4501763792351542,0.7336719451633985,0.5892834780515054,0.5816244524506723,0.7208180122201853,0.7479392363840605,0.7591653916866375,0.6176816669204725,0.7654997647672291,0.7261797996976381,0.6967378059846718,0.6871951438280689,0.6497085278179787,0.8151336226841908,0.7129345591731396,0.7650218738179698,0.22784725749403445,0.9562309433530753,0.7862638856932629,0.7127292921551948,0.3883042513582708,0.4974793668052957,0.6607367960990262,0.5312795059672751,0.8086025740215603,0.66815753601784,0.8019008265889468,0.3629394626704265,0.38239342402896803,0.5111467091082419,0.7322654381879561,0.611365694847515,0.7290249071496822,0.2775169000314237,0.3995424499366779,0.5567354820921838,0.692649987468438,0.6987117694485632,0.7579477486460704,0.7601731704146206,0.3703203473510688,0.9854396049249403,0.15774402266837462,0.9708745204927831,0.12289868651272315,0.7908981428303224,0.9495293588640094,0.29194102620855894,0.6322858390229491,0.8202029675560779,0.8111691432713127,0.774516240966671,0.762573912926771,0.8875790655410499,0.94946887432701,0.9109583520951893,0.8156627571561631,0.7800515510281909,0.7296688271467121,0.7732611814035517,0.6073665089688898,0.9651421074161207,0.9506617471097318,0.5271917637678574,0.6473977135092747,0.5322122365948573,0.6510966559735702,0.7803607256876982,0.6578385032358016,0.3818877033074166,0.698727709850273,0.7544954911172234,0.6949778479734027,0.468495476312776,0.4200025717083868,0.5723080427560796,0.7065606826128296,0.6330805087043727,0.38196083143864384,0.55974236923557,0.769386552786133,0.8326296667725601,0.720685706026791
GSLC,0.7309567210948118,0.7691802073561018,0.6544496739108067,0.7485020975317421,0.8002405249278899,0.758801910969063,0.7810490840569682,0.7315723321156589,0.6797422423560088,0.9720755507182057,0.7574798049892891,0.7768362350423822,0.6966652331106142,0.6491258117468423,0.6809989409993268,0.22136433729244948,0.21216335708780593,0.18341604204538184,0.8502119526190084,0.7707441331609525,0.9140293683742228,0.6413274490022828,0.8684887518404968,0.9816736305236883,0.5573759265111764,0.21016771627629935,0.4741454067837277,0.46170631602156076,0.6353281794475937,0.6446756743721354,0.8191331905497962,0.7040133965608079,0.4275262360863391,0.7008228695601937,0.7069226244630256,0.5894080313853539,0.7931904881686593,0.666230527942981,0.994849260178329,0.7509415711825297,0.7110898694962937,0.7180365493130395,0.43258795900863606,0.6830057814887345,0.64357587278992,0.49748746417753753,0.7865122599163268,0.6185380616963012,0.6989389369903243,0.6508935339972287,0.6739220434607355,0.6618864041219222,0.5288669019754053,0.5698239537712263,0.5489249101722102,0.8474542159069032,0.7550589031719199,0.8278086627379867,0.7626022806686694,0.6273633566317083,0.7461567386935055,0.827981474993157,0.3185262742777489,0.348187702787863,0.141877389844204,0.6107136354476391,0.07486823846143222,0.804737361930758,1.0,0.8128518551490258,0.2645908788176858,0.6672875070893387,0.5612561588602195,0.7641303548254064,0.8079240035024098,0.7248445026371956,0.5697261567242821,0.40201174406361945,0.8991344247330738,0.8776443222928867,0.6527733630008946,0.9590240024595469,0.9778630046349766,0.6432819079799368,0.8493737916557355,0.641002606901924,0.8350417206968374,0.4143047167778275,0.5520066604293392,0.37793608574157395,0.40310416303931307,0.9889455375399546,0.4500131108466445,0.8918855824852295,0.4286894526355322,0.8210695541238303,0.6379191539304618,0.6068627015624721,0.8175778681891944,0.6039291803206935,0.8723240042746366,0.6923609765251066,0.8921324820412632,0.9381176777513506,0.8769113269721869,0.863423088233799,0.6527561476259898,0.9218504546616005,0.812070925716223,0.8612598997816173,0.19451820992945104,0.7649611255830341,0.6600821101107879,0.7637662236145702,0.24993683357786714,0.3515320664517085,0.802770245389901,0.4888768354898861,0.9941428660281595,0.6842412988047104,0.9912448141038099,0.3004852180471348,0.36201753093623884,0.5083237655046995,0.8952170667839477,0.4992055311165104,0.9505172669281827,0.24339667903487833,0.38736240203307726,0.5150292819482952,0.7457483061904195,0.8459033411836503,0.8895879671047608,0.8317669133302208,0.361214085878915,0.804431169670371,0.08221301207905854,0.7569133913155531,0.08153496773506554,0.9381128020968752,0.7984280631779412,0.2130115105900046,0.67729796509544,0.6237971117850384,0.9387442544326257,0.8428271306555352,0.9284546383681116,0.7449833553862946,0.7907593801676795,0.9637878386629093,0.9930777366329717,0.8604530236339535,0.9503811824020638,0.6633096581669747,0.5705004483969743,0.7969926398428853,0.7291007527714982,0.705569781807281,0.7190463463717973,0.6029250290377077,0.7140746218851842,0.7733743622078977,0.8299078578193659,0.38288534228294435,0.7785714943414022,0.8468564491683506,0.9084780596826716,0.5048037732428642,0.4497576371371488,0.6487939310309702,0.8766453378685755,0.6042396405010536,0.41382616841056985,0.6632290062750469,0.674184575799401,0.9067798550004381,0.8694451806151455
HEFA,0.6003778276826752,0.6114115721568266,0.5368103134075397,0.5886073172888012,0.6765055175463714,0.5853544495365747,0.8790208147040633,0.8192933021246599,0.7276581085035249,0.8325908788180363,0.7061635373765912,0.7410920721576477,0.7975289338599526,0.6023337465300768,0.577355252242274,0.11545709947490918,0.09235902143157024,0.09738963570938595,0.7806366463808372,0.5762127711444781,0.7980796167374263,0.5928318910497336,0.7627268431783971,0.8024897659308317,0.6361588150231255,0.09021449805428178,0.44970817740246893,0.4827583993631462,0.6831244885187971,0.7315348655709814,0.8856194465112035,0.855629299714371,0.42601492984930167,0.6177955734487494,0.735546687598614,0.6517582359434763,0.899241334332812,0.7103578203606413,0.8174503440494509,0.7632699969592679,0.7906362277591934,0.8238674723795779,0.5182655466891918,0.8117140890333998,0.7281553658241947,0.4728926786624054,0.8308514244522487,0.744095735712716,0.8258722637557349,0.6943249510625399,0.6701020832436655,0.7976168294212056,0.5795714240442406,0.5914352531357678,0.5867476490951294,0.6414895209892855,0.8644690494137726,0.75173788074263,0.8293784092892222,0.7040317465145329,0.8703469974554731,0.6866251869748875,0.3163189628815687,0.34731457267986293,0.13550506764028117,0.6576171006848935,-0.027658655069364196,0.8935791496972373,0.8128518551490258,1.0,0.2013903615855198,0.57328615803524,0.5221417405142619,0.6581233818781016,0.5821425123156044,0.5814402489479548,0.5935226856984752,0.43040433990973453,0.7429047997782442,0.7460483582784516,0.6589775859925652,0.7932810206955674,0.806423916841571,0.6124137346031834,0.7523620938894098,0.596610790675235,0.7262432542004512,0.4212536138643381,0.5520320942438978,0.2543739729729364,0.4647325746570506,0.8041523651176955,0.42797921982857706,0.7460762638063749,0.44826635453116087,0.74450709847272,0.5646992111302984,0.5332817293452006,0.698749027897175,0.6623063533804737,0.7609118619856675,0.6004277397038628,0.7511909231684331,0.7398079565274666,0.7091245293349147,0.7092408825547548,0.6052230355962288,0.8046637809555158,0.7368871605976499,0.762652821025287,0.06895664107472244,0.835216848793027,0.7008398557889806,0.6444041015518805,0.2588559591208707,0.3498662618115998,0.6889755259991059,0.506424006822554,0.8195889085725026,0.6324009888733377,0.8107661519898083,0.18066512532751866,0.23495247890392204,0.4688689145886637,0.7416621913793034,0.5148382281581311,0.7390633990614998,0.26835400866391085,0.3979890646919042,0.5068221409757621,0.6137009668191581,0.6732707035446831,0.7497524982070567,0.7605726530278167,0.24528655224909404,0.8929152962189517,-0.04170186869383992,0.8694422388419154,-0.010224569680741372,0.7889284436846158,0.8537652451239836,0.11595421050569367,0.5670345050823596,0.6855294056181365,0.7979203800691732,0.7569148949503309,0.755802044046954,0.823123970392821,0.863268991590061,0.8823358385132196,0.8235745435855988,0.7780359887706955,0.7411450592690031,0.7106888993170621,0.4884749711011058,0.877578718169159,0.8472032823204994,0.5097710031124756,0.6478110395664273,0.5119423894392278,0.6197853453445049,0.7379011217786694,0.6563981854748281,0.38360250182830524,0.7191197383454421,0.76617620280541,0.7190292967886325,0.41369854946301016,0.36677401889115924,0.5522727483293307,0.7082102338957477,0.5819771567699045,0.3904409900363971,0.5553377182269608,0.7116230789708379,0.8074744599703645,0.7477671317835388
HYD,0.5569299628462583,0.231229548383091,0.26013232812645354,0.2407637122867394,0.22755677280563874,0.2229619538893623,0.30529500402746756,0.2834555927952094,0.26679563312705873,0.24882221952688016,0.1921023629733075,0.26389995097798274,0.25119246191724226,0.3872972500270406,0.17482675233136918,0.6266868358458381,0.6473883627271364,0.552814125808864,0.2832865536584124,0.2289534275753399,0.23587765224920096,0.25783346730998685,0.21383624494786702,0.26486925599711275,0.24469566454333389,0.6462244263183343,0.465282440050894,0.21789817839391384,0.2818762885947756,0.3626848452871064,0.32654945016813547,0.2714147759329166,0.15295248299257738,0.25907745159626505,0.2527286132554486,0.2415287188415441,0.31364838990247246,0.2655373881011993,0.26586277939152947,0.3013519014980892,0.28704248894542866,0.28433431147292815,0.20213365887079565,0.2662972020054292,0.33037339029897517,0.22928047544478472,0.26862683273248505,0.2685715659228876,0.2797393116525448,0.2664195092942215,0.2350313676932725,0.2724901443619126,0.2414790782736647,0.22119505811303522,0.25409602811772997,0.2357256949935642,0.28244326800510244,0.2517023802548045,0.337728098758097,0.24289116584642462,0.28222311821636953,0.2532414341528132,0.2208863960807109,0.22293138490827644,0.20341155124960714,0.17686998555353187,0.5852653295540692,0.3114989072310402,0.2645908788176858,0.2013903615855198,1.0,0.25028479512136403,0.2800704270904891,0.2626595015654813,0.24051600229807407,0.24035288401880137,0.18870606861810044,0.05426250568379466,0.23209621670814237,0.2553933972463849,0.17963009595649845,0.254768402031871,0.2777612909521077,0.13083831043992616,0.23208378283895847,0.13916776764166935,0.25305107546222305,0.10557214383532047,0.20130850045661888,0.6423171141424538,0.19747160954199325,0.25156605990664255,0.11008658011501006,0.29588494295553436,0.03271002672023801,0.21179896879159157,0.22930168329569667,0.4611123164706769,0.2986656137653818,0.18881905899218665,0.2342109044373524,0.2483508756826726,0.2839450914010348,0.2456287525082981,0.24150187187421568,0.2093199558460782,0.3704004585333865,0.2853105203729817,0.1929904403652492,0.2598755847599899,0.5148121362330501,0.3383552432006066,0.2955755100272825,0.509749321399804,0.12741285302641048,0.19575666153968715,0.19141491378391184,0.142903500325664,0.25826292071252205,0.25729287305839293,0.26057578894401984,0.5588426014125765,0.6372756748775956,0.24182527478223986,0.23846886681488966,0.2411906139750956,0.2461785192655942,0.03311662548176628,0.10005249120802409,0.1313130121132547,0.5402939788057652,0.27460884732711266,0.2771274131660994,0.24686198167451595,0.6212063524135075,0.3156259907343971,0.5917238854995216,0.30847207766666895,0.5883259876155202,0.2609105200446604,0.339954197324894,0.6294996430771842,0.376787516589558,0.37624631112983387,0.29526060003574894,0.2670601507746971,0.2833882992729476,0.28815754362178164,0.31773480442494206,0.29750035766851246,0.2673821898838886,0.23311314607308242,0.25285492795737374,0.26797190130102366,0.5755541609036807,0.3138834370457287,0.2835125590774704,0.23741383885478085,0.20838713493077185,0.23949145933922972,0.3378571996242394,0.24155559690948347,0.22683546735259724,0.026982834893854623,0.1622070752892066,0.21495727681675988,0.22259854135104146,0.20843718481548587,0.28341480940934094,0.2150330472866539,0.26836262411990564,0.14232176682986541,0.03066020879862135,0.22049161766777547,0.2679663173781533,0.31078353207532433,0.1974967709458459
IBB,0.5841618341928128,0.6229932451696657,0.8031628142941212,0.6910402386565212,0.6302161454178458,0.6144681203871862,0.5725860099929987,0.5208111385476706,0.5207552936450557,0.6598383227932341,0.5378941891802824,0.5405436905329755,0.5017388521840069,0.45710517675757795,0.5331409935696219,0.2610622908142931,0.2653659086234308,0.22113038673737992,0.61496075321455,0.5626335642229952,0.6216931865209635,0.48948354665434446,0.5664799127152157,0.6463993258447897,0.4145950352582741,0.26283725288927,0.41383415651366157,0.3601390564766929,0.5011581182092907,0.548047553255652,0.6263003706842715,0.5119667653823313,0.3239471236160153,0.5108777804195203,0.4976088108244911,0.4210251702775406,0.5937866344394631,0.5170036425860509,0.6645167342381545,0.5314142048944808,0.5338068796225742,0.5150967584065621,0.34476884212973813,0.4855423797282418,0.5604766954070223,0.34854582454127836,0.5626434680630044,0.46576558938487167,0.5199107309814687,0.5038619805746759,0.45131651759796604,0.49299621189533344,0.39068685000614567,0.40489670636095,0.43608443921729656,0.608338804199003,0.5412652820007225,0.6151833601975354,0.5606417658915218,0.4594091578034164,0.5286635123168819,0.6079057406108804,0.2851771825556644,0.3006360434228808,0.14494004908565652,0.41009416369938806,0.16834365723799347,0.5979065176558745,0.6672875070893387,0.57328615803524,0.25028479512136403,1.0,0.5324218792467021,0.6374710035241699,0.5690086754857444,0.6428496890670612,0.4305054896293835,0.21246904065032168,0.5579293821054493,0.6163333475342029,0.4741725037320437,0.6735036091614003,0.6763608988806608,0.4358305497146532,0.594298845591937,0.4304342166641426,0.6960294042720822,0.2615560799158148,0.46763090254735906,0.3721585619222015,0.3805782973011856,0.6439186613359571,0.2880981686257673,0.6790206126402795,0.25119275734683083,0.5388002826260543,0.5907563815279794,0.47672762330406754,0.6121499749741246,0.4200592629249561,0.6097908805803662,0.6021775872072607,0.7639643259141919,0.6183544505823683,0.6048874782369281,0.5905467211886157,0.5240841198818567,0.6645218461972738,0.6383595023233662,0.7011791763065851,0.19423618614197982,0.5801556371206269,0.5177931958320375,0.5936583181111141,0.20566717890257666,0.29977847812696945,0.5151127683504412,0.3804511525188198,0.6521991755764117,0.4955228558863346,0.655986721175048,0.3002009095635284,0.36464566102871054,0.5077652791584976,0.5687390568633746,0.3775353552098822,0.6171350335846393,0.15120016356833216,0.27288380559742903,0.36698439761248275,0.5869184041745527,0.6399764445494528,0.7513413609729414,0.614595543910416,0.355845149872312,0.591464672011785,0.1750746109431057,0.5743062008138566,0.15895479374627655,0.6324217442839292,0.6442897455838243,0.2562686049915485,0.5525053068217681,0.5173028182286094,0.69573831549066,0.5999319700121427,0.7050107735871383,0.5332343130119015,0.6018839896849176,0.673915005692713,0.680311882691431,0.6022946854372911,0.6222962345769816,0.5238469368153148,0.4695083737022127,0.5978883451268633,0.5294512795085156,0.5903292151351861,0.5275392608490318,0.8994076717648083,0.5469892481169326,0.5419254044604693,0.5574705750525686,0.19870508827550243,0.49120080930331966,0.5495050245212418,0.5574116689522659,0.353778872331006,0.3272668094499928,0.7163656001037334,0.5947249879760707,0.41752274192678257,0.2521537167364886,0.5245513323796749,0.5243144791443116,0.7198898014282851,0.5681860106576405
ICLN,0.5178338931858256,0.568887647356041,0.5918906620606295,0.6075711697264369,0.6510505406823441,0.5809029516470896,0.5991177079667143,0.5884542915588479,0.6212484777362071,0.5811445556407154,0.4829889402035533,0.5681576752822375,0.47333318639913896,0.4042633778742442,0.5312066626913481,0.2542529813567336,0.2677287327703598,0.23454982017691223,0.6149441521763779,0.49608016769321267,0.47217879333784113,0.4044687451947801,0.4314391117106191,0.5622339796565049,0.4906456184526309,0.27406140282258185,0.458410859410284,0.43872849136565417,0.5811902355073498,0.5036466310516645,0.6088266833064496,0.5219995561911006,0.32440740343697966,0.5256531339932453,0.5944980722521882,0.4651745573325852,0.5879449413244698,0.6085406387523825,0.5718075140774544,0.5453571068963937,0.5607313818776307,0.529214642799597,0.4036484587992027,0.5238144997360026,0.47717069645769616,0.38050615742966837,0.5997689745151632,0.5334517356756492,0.5116853563428697,0.4914922451882458,0.5380205027847155,0.4935249968525366,0.4365843576904233,0.5091218396245929,0.4916977428461177,0.530641318039785,0.5536774077059156,0.5555994588819122,0.6122069026593412,0.5440599942986918,0.5660482653795791,0.39987126920783317,0.37297070676708205,0.39741532433739385,0.26003333111831983,0.49295604479184846,0.1696673358709857,0.5902354915408932,0.5612561588602195,0.5221417405142619,0.2800704270904891,0.5324218792467021,1.0,0.694402160354288,0.47572942390538847,0.40686585150810184,0.4277095462979885,0.2666962060554707,0.5617808153476324,0.4421485213906838,0.419153792767949,0.6115042655063343,0.551495755526002,0.3527613561857966,0.48581716531479774,0.26316841546209824,0.7270985202513783,0.30824483648997103,0.5994005412642397,0.35123058525216494,0.44531163873355994,0.550447049901975,0.30200140034715234,0.5245628117748642,0.2898029317940381,0.5216068379870931,0.831895182277673,0.4716981598512284,0.5140862414919681,0.514652281760353,0.48187418533680304,0.8680375300123216,0.6900637809073632,0.5710741177069957,0.5863981258177337,0.5255660619326008,0.5067553847815344,0.5547187362077641,0.5486182287265998,0.6272229215561299,0.2500653173715842,0.6162933586461774,0.5370421711006736,0.5038651079677214,0.3073283871377521,0.3949289134323688,0.5520038397781594,0.3882305907597406,0.558852111476628,0.40387311776636164,0.5544956748421405,0.29893103775051494,0.3442028943163369,0.9177952909590517,0.5452670164839402,0.4212271132190691,0.532816718756435,0.17741514787963197,0.26353589102076536,0.48476206857602655,0.512066365271254,0.42672307598893106,0.6783904193421944,0.5349263896672777,0.3309705608755291,0.6116059366038633,0.18616730473763016,0.57921357462618,0.16576555101167845,0.4960028904609412,0.5815253295961973,0.2690162039507519,0.4591274777620963,0.5474388759711554,0.618195814581126,0.5130820969227945,0.6389509433420573,0.5630634565934416,0.6345805201260915,0.6285572772658641,0.587195094773923,0.471039959937945,0.5557686274462128,0.6044875114142573,0.4590601137292161,0.638271814883697,0.5627173875249304,0.4959114214155285,0.5113850293445291,0.5307861543569642,0.48286147930700885,0.5143503308539249,0.4333979252307722,0.2260390835590995,0.36187589629834294,0.4966838490049451,0.5410139857042603,0.19229800832149427,0.35859507899676724,0.328357118435064,0.5436335860666962,0.4832598737475837,0.28125502017682663,0.44285926053828345,0.6108868925191533,0.6856144856114199,0.46765599573616523
ICVT,0.6066637484218872,0.8082759262152248,0.7269972194035484,0.8155912132619628,0.8437989561240954,0.8179495652122416,0.6688432089807304,0.6433943705336467,0.720057980228543,0.772793757901179,0.6286946228384446,0.6566264845988071,0.5879492485474905,0.5507221065630199,0.7557017959861891,0.20720143341917363,0.19867434250440613,0.17644664617488764,0.7934261198863171,0.7227335265356409,0.6424160969357042,0.42537756179208863,0.5753463426101321,0.7623485013282744,0.5207783939739551,0.2000259150526955,0.46532283411766556,0.4525257746453906,0.6729694399388105,0.5084732834278205,0.7146563688387069,0.5670204520833547,0.3802051610296649,0.6594415418964297,0.7120059236761208,0.5054267304092749,0.6673841228321339,0.7184371488248564,0.7728406079210128,0.6338588930345772,0.60279045634653,0.5943368153728747,0.43461825269657445,0.5525524213889946,0.5094518084107662,0.4347605439342852,0.713339487281017,0.5111453622689948,0.5763476755617187,0.5892709032670228,0.6438394577216623,0.5336734426031848,0.47661352179349264,0.6116609984376655,0.547961878874442,0.7820984855194242,0.6285230497749698,0.7075412078290982,0.6749760423948431,0.6159219757487518,0.6345375127082572,0.4962974698994362,0.3456017742000451,0.38408496098465317,0.20214371437559822,0.5252970946293624,0.09287170282745053,0.6706612218916981,0.7641303548254064,0.6581233818781016,0.2626595015654813,0.6374710035241699,0.694402160354288,1.0,0.7249404668798923,0.5328067737406962,0.5004381954910855,0.3025051464726272,0.7669917383932389,0.5648649233536843,0.6005317862988512,0.8352530861658172,0.7429427014750034,0.49397694629692207,0.6886030000936186,0.3972175343301803,0.8872517880970511,0.3471834430869721,0.621946696822995,0.33084272373977036,0.5059862090200079,0.7565117449695677,0.3666585868716866,0.6635712531141177,0.3609136495743786,0.6606904176404963,0.7803640248325497,0.5387041418023208,0.597886537895033,0.5779950699297188,0.6501559014855272,0.812689784820251,0.8817462879830369,0.7892936354705161,0.8176212265000261,0.7222900242050025,0.5360330389389737,0.7008014124250509,0.7193393720372188,0.8051198873821712,0.17626419165534718,0.6733065051523842,0.5712845845939686,0.6178164926008939,0.28814495326972334,0.3975937535140285,0.7354663927606895,0.44002053573751015,0.7549765728835864,0.44571018566511816,0.7518939108489758,0.25094987188405504,0.3157152445796347,0.6448936832769694,0.7248008150666695,0.47325670213910814,0.7575921845301957,0.2259044271466721,0.3552052106374408,0.5648493662230791,0.6123633413374425,0.5319103109862525,0.8722734887158433,0.6810827175066776,0.31313004260362737,0.6978230842632799,0.09245971824996131,0.6335210926897743,0.09529164989510594,0.6397946626817294,0.6705138686999975,0.19518017624684586,0.4913896137030172,0.5510593627721206,0.7954076117239357,0.6259266128867707,0.8566274519791673,0.6787735522282718,0.7351660291413352,0.8005245221726428,0.789752183052262,0.5922734962324308,0.7790909839285407,0.7022201352308066,0.5030461988800904,0.729618185122042,0.6084536945253275,0.7173258154519164,0.677556209440677,0.650602992234087,0.5604523038059418,0.5882436265407399,0.633701445877874,0.2745742626200651,0.5273846291475465,0.6441403637448699,0.7568466120769689,0.19086992755243132,0.25829475912278843,0.39031188433455233,0.7229677556129767,0.5917175778717869,0.3546072865269073,0.5555655723308764,0.7314513563391194,0.8268528431116283,0.642988589954516
IGV,0.5978550820119706,0.8316634405864539,0.6576539830871572,0.7888441863975558,0.7479249971961313,0.8245671264441886,0.5540082555577683,0.5150834675665878,0.5326119795528085,0.7425472349258435,0.5169556122569323,0.5843253482971277,0.5090055653268841,0.5365327922835237,0.6545960308975944,0.20502123450632942,0.19260038716694308,0.1582608080287919,0.7641976382091598,0.9049351875150415,0.6551834201595851,0.3577752124300667,0.5795628189866832,0.8168697710900598,0.38492461471859085,0.18700163871480527,0.362693885834281,0.3138542386087442,0.4900512983905434,0.4563360799798952,0.6422268208469805,0.4456620643181958,0.3258857937941818,0.6050225794224764,0.5342638567062502,0.42702065523304183,0.5740040979533978,0.5296298831392656,0.8150304873922264,0.5449024606468097,0.540039250141994,0.5476629410149151,0.3000320797231026,0.46952144187244127,0.4521904829018004,0.3724380399201711,0.6185413124230973,0.4118352540507147,0.49513110523941944,0.5171904427809919,0.5471261371986823,0.4203361335853257,0.3611800682000813,0.4302425505301516,0.4046657638616429,0.9031109497569885,0.5535401978503949,0.6016805127860461,0.5533447457691387,0.457981994070124,0.4988204780198142,0.5629597884940216,0.233755140152487,0.2727504854162659,0.10181515545442067,0.3794375092369167,0.08396427485060731,0.5873789010199576,0.8079240035024098,0.5821425123156044,0.24051600229807407,0.5690086754857444,0.47572942390538847,0.7249404668798923,1.0,0.5989914424853691,0.4353155305132734,0.21685283750786055,0.803302272967634,0.6090936326946442,0.48105299126525775,0.8128478127074125,0.7993366571429324,0.41910327262352537,0.6997960271886443,0.418897650844156,0.7468340413944722,0.30264410306783884,0.4661442510737375,0.32797020609755884,0.3580634186125619,0.8115876233488861,0.2946635982209116,0.7396236254375889,0.24140431583108757,0.5430232500950231,0.579348565589402,0.49461750453408077,0.5993925516725389,0.40232610262925445,0.6252884716162017,0.6013955255951002,0.8139327342375468,0.8393464081388599,0.8606320584703123,0.7432626787992115,0.46979790966858925,0.6736438931945304,0.6445013983923623,0.6812052102956978,0.16944771968991798,0.5758796803576499,0.4596259290203438,0.6265610464492765,0.18993190920095976,0.27326736049697625,0.6790545062651597,0.37103140992289846,0.7961615659557955,0.37799970168794667,0.8012454689627193,0.246094877878937,0.31384998461499325,0.45858230202474687,0.7583290846468207,0.37923652435483723,0.8519437998666013,0.16645270656846375,0.2740398914018619,0.4362649080988572,0.6179011598678362,0.6391122744103498,0.7949487763790273,0.5815467012304119,0.3155697840641188,0.5838512566464438,0.08559721333785922,0.5440303320911469,0.0949749357340014,0.6736746987145176,0.6271357884619033,0.1852140142206216,0.47534216344645874,0.44513840330295323,0.7559693132548758,0.5525650103065343,0.850392667151679,0.5404740825773451,0.6004344024349284,0.7630162225982426,0.8094573009925462,0.534245488608181,0.8676770921482186,0.5350698062472737,0.46552462919554577,0.5925651827081249,0.47811625719357453,0.9131610528380679,0.5579738387038173,0.5556235617995132,0.49487369732584974,0.49879539486888724,0.7257045924963494,0.20352022965096592,0.536020379460776,0.5524444866632502,0.8265743377849655,0.21907114258638347,0.20504135874265628,0.4249215346093297,0.7405102976049767,0.4177594893465833,0.27926158994456074,0.5217746753569172,0.5463291031926089,0.805292410700925,0.6784445313806569
IHI,0.5917378326658702,0.5884634576262205,0.5843035179981922,0.5740699419997327,0.5507288160744933,0.560000768484444,0.5889429855502555,0.5400164100293804,0.4479788459120709,0.6850639936287983,0.514487660354465,0.5811112375723808,0.503341550555869,0.49078161866680053,0.46391377056456945,0.2521917205553217,0.25102913447555986,0.19487717666609988,0.6183426588443003,0.5639615060499203,0.6798635193761691,0.5383569226492259,0.6644928804245466,0.6977177499871557,0.39088938220735453,0.25084775199006515,0.39919162428295507,0.343477357122991,0.4504418907110591,0.5916502845864378,0.6386199746155261,0.5361988498568596,0.3348258870825644,0.5175815101530621,0.4465539052867933,0.4278696231764975,0.6104643083791093,0.4458057636597117,0.7153069411488423,0.5714127569764804,0.5587237361529974,0.5579122348615803,0.32356882471622156,0.5202451003959727,0.5892564007682054,0.3872531813105535,0.5708329164714162,0.48980427540593985,0.5490987964078784,0.5174554995183952,0.4059497150517145,0.5258890462118425,0.36836630210960936,0.3538372187303079,0.4277621958915071,0.6190558763871689,0.5742503260838621,0.6007675271858515,0.579523505927359,0.41279538169565116,0.5395177700132051,0.7442859724079929,0.2765319048467536,0.2878424381879568,0.13826765452251152,0.40950336485797295,0.15094636668583844,0.621980501029401,0.7248445026371956,0.5814402489479548,0.24035288401880137,0.6428496890670612,0.40686585150810184,0.5328067737406962,0.5989914424853691,1.0,0.420802223171006,0.22568768844725723,0.5601981375426575,0.7229376832552715,0.46404670938010095,0.6874042700208833,0.7339983541269478,0.44884040264466923,0.6370495674250538,0.5271987865227866,0.6005790655283864,0.3012482284753299,0.3713093165673813,0.36667356254332734,0.30942133740589456,0.6962036291070258,0.30621837373457067,0.7341567603441096,0.21996770955207248,0.5624754727371083,0.4253278217630299,0.49587522166871056,0.7035635293663741,0.40343471749402077,0.662940621075124,0.4573838629613296,0.6906964287774763,0.6268296921485721,0.5921788748924757,0.6049106727022335,0.5281935368644174,0.7311609494849571,0.5974681287580542,0.6297493542433762,0.21352650884603988,0.5924030829901448,0.5037356180728042,0.6091873131738074,0.17192741891994767,0.28376749869791645,0.48157540195006,0.36586614683764507,0.7101621089317361,0.5603259515501158,0.7144919442782622,0.3048623492693257,0.3575886335662096,0.3761789369038285,0.5776905107116818,0.3655016768067578,0.6615043547938589,0.1403599416522942,0.2698010552865714,0.3211992143938224,0.6032525636642175,0.7462166401233461,0.6835961539202081,0.613448857359369,0.3485107259764178,0.6044221463498188,0.15814887811015557,0.5970419865078266,0.14866145718838572,0.7371985082194383,0.6615319615470334,0.24352180316844466,0.6359058010749292,0.5201043226258921,0.7375464553950045,0.6628896498978065,0.7245219109191985,0.5225033364079306,0.5827558733656686,0.6984646761898144,0.7165636945543068,0.6724466332859291,0.6597441329556999,0.4603785476759906,0.4784957665860361,0.58638373380293,0.5468359114168254,0.5672496870499784,0.510961482587363,0.5385062590317297,0.5595227654637166,0.6013579104536506,0.612466871828455,0.21185651208306341,0.5869293264471461,0.6060935362749824,0.5679927021663258,0.515387856673017,0.4500601861620269,0.776367778011409,0.6109767827713939,0.38012163386843223,0.22792579944737132,0.479181892877526,0.45086509591136664,0.6757036878325184,0.6294007031955008
INDA,0.45339850658903974,0.46994509061358775,0.39886210823679774,0.4359145317079742,0.4731641937740111,0.44414564942381457,0.623288109454657,0.6001871482369201,0.6322151823939444,0.5722305264312173,0.4652578697262262,0.5325746511660095,0.5394143694587321,0.4256959438254808,0.4318661146030019,0.12908120931519707,0.1372406049073741,0.1364935879136591,0.544546687991595,0.4238252659927762,0.5444262340624314,0.38638205719770213,0.5108820720046989,0.5657841569410859,0.5267360962985467,0.13503339208549148,0.4744557851279161,0.3686724083164285,0.6491660803695039,0.5445473373025344,0.6195010795118252,0.5919677643099519,0.43384262019873826,0.45840932026306674,0.6838710317584933,0.5367886290749336,0.6277092325022569,0.6105735127922935,0.5731720299334673,0.5544073564739559,0.578709322646242,0.5818941425478609,0.3170471515797842,0.5585310960311837,0.5243553349057481,0.4510297776885319,0.5895112015817879,0.5264771422441258,0.577579627187148,0.5138190938540321,0.5082705220579097,0.5568874801941351,0.418352076598115,0.466959055906803,0.49724618449785996,0.48647747694648097,0.6011689533762751,0.5100901976126347,0.622715768096224,0.5870201422229071,0.6067154044107497,0.49010788990262893,0.28718577243810944,0.3161356384543464,0.16708700468916649,0.45053238731776646,0.055581997400888365,0.6248702710376196,0.5697261567242821,0.5935226856984752,0.18870606861810044,0.4305054896293835,0.4277095462979885,0.5004381954910855,0.4353155305132734,0.420802223171006,1.0,0.24925045462686748,0.5301149985944996,0.49812674284003633,0.47334084261825304,0.5564968241656606,0.5611636533722957,0.4168898954071789,0.5203653313347462,0.40805828080403,0.5183607097279023,0.38009771607913395,0.3843209081044814,0.23308237789594338,0.3305244653113312,0.5683014631335649,0.28824491760492743,0.520044892994872,0.26890748905415235,0.48048725146471893,0.41282945389764286,0.3710413662000645,0.4801592549764628,0.4765864021485737,0.5181519655697217,0.4403122260231066,0.5425522517062928,0.5301697177003537,0.5012058207973339,0.49600806593594654,0.4312679923685848,0.5481119437116344,0.49566943755782517,0.5249498742267822,0.10940761854428777,0.6265386739336827,0.49492174419216206,0.4666542011896353,0.21799015076533154,0.3009742913188184,0.4730889292983201,0.8675651473750295,0.5717269097666898,0.42600065915163887,0.5673140174320881,0.20782238094010824,0.2224867660134984,0.3629217369246675,0.5243893388187755,0.4808637640257254,0.5368207159344054,0.24937436292102858,0.356627631349507,0.3931879333443596,0.46185237099549364,0.48010959972729556,0.5290106853051734,0.5117726346216409,0.2141370794763969,0.633430438901367,0.06892251299825064,0.6173248174872116,0.03988499382242977,0.5463046599892676,0.6456246273073496,0.14621611828395856,0.41206279861312667,0.5447444811984428,0.5562621996889138,0.511614086502392,0.5377194338363862,0.5843852625767347,0.6585849960895855,0.6358884451052103,0.5772463565697111,0.5187042678171336,0.5366860503300095,0.6388064000302998,0.4174592466392379,0.6618562154646314,0.6131341420973285,0.38222725047072914,0.4213667870565481,0.40533897069354224,0.43967178254580286,0.5059821355530447,0.46580789735083394,0.2180482360219703,0.4959947764034452,0.4941990161128561,0.5043148533507708,0.3046742915540807,0.247180590923981,0.39001730970130205,0.517978863163524,0.3989278839421166,0.22892645925436897,0.3776048316861528,0.6337033578822364,0.5713656729518698,0.5074297049075798
IXC,0.3159275859880069,0.22942405806905253,0.17956531453299446,0.208526257959048,0.30016362234466054,0.2154480637099661,0.49771314129369904,0.5296389817596885,0.35278464795358183,0.5199134322414058,0.620734862619182,0.6165146622579668,0.35336199217557024,0.37894896484417734,0.2690476538276929,-0.06758893063916621,-0.06680468211194962,-0.11668812078638027,0.3146531970533028,0.24667270504756605,0.464400011761879,0.5993935243323819,0.5428025778047015,0.36986530157718783,0.4564648741534863,-0.06042616568785639,0.213459166657557,0.3342139166721999,0.29498614720185334,0.34587518334164485,0.31997034211643166,0.5339255504134822,0.26247361946604053,0.2560562651079444,0.3459168135022457,0.3672511426969521,0.43335944432060897,0.3227882589059369,0.41232086547215385,0.5110002244301404,0.35233773710801414,0.32977020023001946,0.297710156978922,0.4181670171890786,0.27614730579032115,0.25295275155262265,0.32153978494166946,0.37995180185162164,0.3758060351286802,0.3701030313369617,0.2933040006803378,0.5410734809304016,0.34216889727408606,0.23272921378329187,0.32290048413559813,0.2357569085564709,0.37332157803173593,0.5174143725160092,0.4642509919538903,0.449110516591117,0.5447716603520396,0.3996162080381106,0.25546108142184104,0.2842090752581122,0.16301943869882352,0.8107473753340269,-0.1363302348698434,0.4502591759740268,0.40201174406361945,0.43040433990973453,0.05426250568379466,0.21246904065032168,0.2666962060554707,0.3025051464726272,0.21685283750786055,0.22568768844725723,0.24925045462686748,1.0,0.2610060494023359,0.42029575516268936,0.2968236399218085,0.37985564099733243,0.41502364834895084,0.45162866540669033,0.4256079853901696,0.4461679153194193,0.36559418064370314,0.32349372981366054,0.32245283584156836,0.03003750612118933,0.23371454423161717,0.3897931301929972,0.7590876001296366,0.4104629752925796,0.8749357908251373,0.4734662057120088,0.3123098663460003,0.288393696469187,0.33460344106874557,0.5432015796357981,0.5250344811737,0.299531043498459,0.3350167654155777,0.26752284372590135,0.2624476661789945,0.31382721538754055,0.40730981673571043,0.5173856943812385,0.4514638599241739,0.46379420602125165,0.09223621994380901,0.41034118477400017,0.5523115573071512,0.3442884068997355,0.2274260367873011,0.28752659986084883,0.2593484787679966,0.21279588782519676,0.4209325844975159,0.5985701733359496,0.3816217609316905,0.038196540644819275,0.02234902328627751,0.24054468920145555,0.35918532502243533,0.28844452245959945,0.2811482383014902,0.13210790327605396,0.17408030658217064,0.4014662178293908,0.32456791816911346,0.3773401288960938,0.3755970926212785,0.5449442568566141,0.022015738069400687,0.4504636810588476,-0.1265327344004973,0.4133153387251844,-0.14528878401600454,0.43235388973186306,0.3811760746242225,-0.03038600955515694,0.32512930375253857,0.3417321369965451,0.47350046709903254,0.5682709295501174,0.3504163382620576,0.3879789452839251,0.3802166837108807,0.4534693381838361,0.42998043777176637,0.5851765921342093,0.2737633715791569,0.3557620033351113,0.18718808129084824,0.44516379772812115,0.5591059748640328,0.19841933728559535,0.4043073069149891,0.20406838959751417,0.260412171622958,0.5200204536949078,0.2818418084740763,0.9794188588439116,0.49597975495633934,0.46773585112768484,0.26443046143725135,0.25230227495687163,0.2542000667582941,0.2573433649679671,0.28406435443806155,0.5613831163334225,0.9168753258887201,0.30433374752452763,0.31046908815377183,0.3437439085070744,0.40454436203529415
IXN,0.6350441570235732,0.7365320070345958,0.6068037782138828,0.7255618722806638,0.7997803623675721,0.7475793474701934,0.7058855801708462,0.6581276617194848,0.735819518508988,0.850507227808483,0.5852526201436569,0.6461248578577876,0.6709637387361235,0.5703125273445246,0.6718562949221134,0.1940217521653088,0.18182866074567988,0.16146627249903506,0.8655605033097675,0.7613782064935066,0.7329561897595213,0.39503634415796063,0.6618200815157848,0.9221576985969749,0.5194995251285858,0.1797404649594151,0.4508399270466623,0.42309365437663415,0.6739285249057035,0.5342892210705176,0.7964327365532984,0.5969255072263931,0.39303643517014536,0.6798222971233572,0.7776133561437591,0.5370634630496115,0.7304844901095403,0.7260075438189305,0.9116893018661263,0.6673186239590949,0.6549655770545121,0.6655040679984948,0.4128615633049799,0.5999439650095594,0.5416257613948726,0.463689603666827,0.8058450408500656,0.5348214624052499,0.6256072307780051,0.6047028038731536,0.7736444425600589,0.5483136909885347,0.47498889652215676,0.6793740609126061,0.533984813282846,0.8132595876837347,0.709052817236455,0.6685067632470383,0.6957861586033194,0.627107178975324,0.6767439320769301,0.5815509433000986,0.31212994799716737,0.34642739352267654,0.1701406618979468,0.4960815993716888,0.06015303776170658,0.727674721466584,0.8991344247330738,0.7429047997782442,0.23209621670814237,0.5579293821054493,0.5617808153476324,0.7669917383932389,0.803302272967634,0.5601981375426575,0.5301149985944996,0.2610060494023359,1.0,0.6734691617444464,0.5462708860082355,0.9060023165732751,0.8703404656882214,0.449025434115874,0.6952984649056613,0.3796332881832018,0.7899436982046059,0.36266989693200685,0.5637304527950247,0.33000277830952013,0.4198442695352418,0.92309698303709,0.30393771617131543,0.73975497887177,0.3172201081528132,0.682446729758887,0.6357912443466617,0.5104334234559244,0.6373756012458003,0.5598626668243509,0.6624102145773254,0.7034355417858444,0.836326848149074,0.9631832060482414,0.9391161391288511,0.8552635279852573,0.4960582284244307,0.7321885754431446,0.7014111216117528,0.7404579402987055,0.14921136214803044,0.6981270019899402,0.5390502621278711,0.6620131452997453,0.27575339894969125,0.3497799537032089,0.9275060150920771,0.4592400240913574,0.9080301824244523,0.4250626529116119,0.9094376996342353,0.2526550495028171,0.31474425096267855,0.5109136090171034,0.9219662394104845,0.49955394853907115,0.9264321108742306,0.2185699873008568,0.36323584885623356,0.5249180978556198,0.6463953269019751,0.6289598470405926,0.8105009180841738,0.6441051736641747,0.31678736740380387,0.7541540118355785,0.06581589551905058,0.6842417313081327,0.0710451929052667,0.7673114354993434,0.7128791892253856,0.17830698934400513,0.4709545920579941,0.5301825909912282,0.7863925071543144,0.6158829652777903,0.8554127313321274,0.7504765806016794,0.7786357065354137,0.8926779882936468,0.9016713259597497,0.6411525008043012,0.945093444474855,0.6881493148285166,0.5023186881399894,0.7664921833497417,0.6312807550104071,0.6730134622492215,0.6131641179009377,0.5327495300808338,0.5696591155157384,0.6018446077485265,0.7221219961988732,0.2311051704877317,0.5493464298488995,0.6857193214047169,0.9902439853893056,0.25620039617328605,0.25915372032008116,0.42345148720563885,0.7742172538928704,0.5303214937802982,0.28794915465758913,0.5290229768632397,0.7350585050220813,0.8928781205007176,0.779405049458999
JEPI,0.6570830113872672,0.5542102044935587,0.4960285272223194,0.5292482799973068,0.5941339161775848,0.5259963938178546,0.7102033643351061,0.6593304495676341,0.5368429473658786,0.8609490913792903,0.6903627391431278,0.7229963614868342,0.6093798920227608,0.5839899479948265,0.494485900023471,0.21526416150201771,0.21071596835893117,0.18268327011309984,0.6530448114225662,0.5972657092194261,0.897830867552427,0.7259064899926512,0.8967878449097223,0.8372723468804777,0.5083117644992877,0.20702377686211745,0.4086771041934908,0.3982922163753032,0.5170648144671832,0.6532314686032622,0.7141647793200472,0.676820077271994,0.39109007242077565,0.5601273955420162,0.5582914515655008,0.526555285818155,0.7208731466072992,0.5185734121659676,0.8628797205212626,0.6948553696455028,0.6302847702474621,0.6364174581072308,0.38398620515247084,0.6287648787699323,0.6381160301815504,0.45576266227189455,0.6443384617280157,0.5871034059956937,0.6397618938891427,0.5706240574501547,0.5082116498577678,0.6577589103291102,0.4913586979583427,0.42915548548677246,0.4813146451159079,0.6299123605109054,0.6680370675851134,0.749440062914835,0.6791835481407373,0.5364397961395152,0.6845623103292368,0.9081442986238611,0.294480636939801,0.30713055876896583,0.126857322717523,0.5849435969525117,0.09304876131698633,0.7395140613902139,0.8776443222928867,0.7460483582784516,0.2553933972463849,0.6163333475342029,0.4421485213906838,0.5648649233536843,0.6090936326946442,0.7229376832552715,0.49812674284003633,0.42029575516268936,0.6734691617444464,1.0,0.5731020761863581,0.8142681667959999,0.8886677470070093,0.5994534642452855,0.760761367338029,0.7059821841973931,0.6547222533474737,0.38337931894921773,0.4264530447121441,0.34869929824457335,0.3061069519140639,0.8453752716872103,0.45004650772786037,0.8303263078218633,0.41375035710726205,0.773983903042561,0.46167701593216526,0.5608809106811644,0.8153249676364426,0.5277306854395948,0.8437703432551799,0.5110809151560672,0.7253619945043944,0.7240569804528038,0.6498745379440151,0.758010889970666,0.6243048628385606,0.8921231810649446,0.7569353065569341,0.7422657154829956,0.20199295115019475,0.6766181897260236,0.6221698388580911,0.6789179590763914,0.20061751231312577,0.30269295208835545,0.5702198590300112,0.4273722901579283,0.8707343833328649,0.7549186673881526,0.8644924004123951,0.290187202500179,0.3373532789187569,0.3855502982713692,0.7338392176404107,0.44390291615856453,0.759552362249514,0.21423180885765666,0.34793004420393026,0.3974973763027365,0.6598896838724814,0.9100991384137966,0.7331754859679283,0.7806200864109649,0.33313832566552065,0.719357654982552,0.09665969586511151,0.6939459691581877,0.09732549343458619,0.9333341660117471,0.7426842241619668,0.21527520812336315,0.7334808449750818,0.5865399808225495,0.8603188149677743,0.8581532756727731,0.7787291914752865,0.6386064586796681,0.675990414190983,0.8371848816766855,0.8611800065555189,0.9004110590503797,0.7444531116857575,0.5317783162878941,0.5077041663457865,0.694900972494315,0.6915482180658077,0.5096434079403883,0.6539437695294262,0.49622283161212355,0.6637792979674318,0.7776604036292701,0.688310154841047,0.4067723594666152,0.7781855245804165,0.8390731117275065,0.6892371948061946,0.6836921384330561,0.6081033832844265,0.7604690318060551,0.7218488051818174,0.5225461959337627,0.3922776982247712,0.563541839438437,0.5197013818845192,0.7433555782873209,0.8467274972399661
JETS,0.5204935546975579,0.5824543047568218,0.5468885167849935,0.5816278080550831,0.6077721142056025,0.5630124943824539,0.638507371788096,0.6153612250644347,0.5441248273563669,0.7160698705345996,0.7178459735458983,0.5978421562379274,0.5312695107747015,0.5096401019229797,0.5503995634850171,0.12778438052886715,0.10709581208957591,0.10430885229140148,0.6143594377440621,0.47043519259801553,0.6821221127984542,0.5275511446521988,0.6091274501025888,0.6436141963331784,0.47203635986843007,0.10595644963592765,0.4039488829976118,0.3978023365324444,0.5160666813842313,0.45856020741493764,0.618878357517625,0.6180792403291724,0.35593733467441985,0.5165147928224909,0.5658050554904034,0.4999751639497769,0.6361005381454985,0.5371593980696502,0.6550761860647346,0.570285943951534,0.5857017297511249,0.6094741342430022,0.3610278425104508,0.608102230279459,0.5000920231892501,0.3922385248141804,0.6066440169525563,0.5725918624936199,0.6266789777205114,0.5324144637480862,0.511247211694335,0.5517650401803681,0.4606033677885063,0.44616906973257525,0.46978834580829804,0.5618993515566301,0.6406923103549975,0.761626591069032,0.6285085640029925,0.5250787345128965,0.633417738282113,0.526808673182414,0.22006965830515465,0.2602104821807421,0.07700822119839254,0.4881905617945148,0.005279254740903457,0.6438508226556302,0.6527733630008946,0.6589775859925652,0.17963009595649845,0.4741725037320437,0.419153792767949,0.6005317862988512,0.48105299126525775,0.46404670938010095,0.47334084261825304,0.2968236399218085,0.5462708860082355,0.5731020761863581,1.0,0.631817089421617,0.6418123810600695,0.6652895346462161,0.6951515817248369,0.5500149579113806,0.677996741481512,0.3295803705354097,0.44435921243211035,0.23938208125342786,0.3358958052337227,0.6301891488581607,0.35218898891817096,0.6727138446582017,0.37343119843871453,0.681221100521376,0.5493480478385625,0.44841746786291337,0.6041519419581682,0.5119792003486533,0.7105388308368891,0.5486799855628498,0.6776855898195516,0.571498898851563,0.5614825463813176,0.5482522179396764,0.5942973067447817,0.7231579586645032,0.6842345197475552,0.7493641569406584,0.07493490780254032,0.6241001591048788,0.581705509780176,0.563212778233864,0.17208759136781687,0.2698554204134002,0.5187620011650685,0.42069302995244545,0.6570544240517611,0.6004381021033531,0.657229434801843,0.17473132027340274,0.22356456759818574,0.40895831960261103,0.5876158478074341,0.41263592823016426,0.5764034458890245,0.21065264015151816,0.3484724334760027,0.38339561691564955,0.5378636786887331,0.48079076420114464,0.6996610356430132,0.7609952767837637,0.23511437882745576,0.644096765305948,-0.0037741800646226495,0.6299585693821337,0.023340167939759293,0.6244845015104168,0.58438891728917,0.1244016302506046,0.5075133874799393,0.5247036445173646,0.7110845606909554,0.7071987438846967,0.650556926666273,0.5738081622338247,0.6275777594033624,0.6923914707509791,0.6824431633661299,0.6548472459873464,0.5817693398437022,0.5396943923859366,0.41037691486819705,0.6396776070885849,0.6180162469239039,0.4888954839541668,0.6284705018693515,0.4940526579449124,0.6058627360145321,0.6314843310292618,0.5507867605858658,0.28875786747332177,0.6640781209713575,0.6971735489704374,0.5386990025760382,0.2874942608870958,0.234841075298009,0.3736028949731514,0.6651351388034838,0.5341298297646239,0.32938025221670864,0.6228334411491713,0.5407377131249029,0.6407656647343188,0.5986347063699108
JMOM,0.70465386413925,0.7867989993393663,0.6795645499317309,0.7724399739270775,0.8343228157071941,0.781265280537623,0.764562682152173,0.7193501556423013,0.7076181524532976,0.9416508786659736,0.7311069745924579,0.7568468246591729,0.688302550305254,0.6225698701412402,0.7068774857406833,0.21301785394317063,0.1986514273714583,0.17203989887644391,0.8658844181561756,0.7965180586674042,0.8492598022702063,0.5710199537111565,0.8035393616449331,0.9457412204169875,0.5406722968669584,0.19953050610203657,0.46084932270518303,0.46412000082024774,0.656279600513427,0.6109490851403849,0.8175387613290264,0.6676310384427518,0.4044041103938693,0.7052249390826797,0.737260469299197,0.5749986359879028,0.7747182980305111,0.6944563063108217,0.9567827900683061,0.7250422462914604,0.6962524054618134,0.6956058671313026,0.41627761037799454,0.6557008979855615,0.6110353247832274,0.47012853863704773,0.7973485258978178,0.5906460902044686,0.671953882696825,0.6378491136086667,0.7000321206192724,0.6298350032977669,0.5264632685390969,0.6135449169780651,0.5501445327557197,0.8372069522593619,0.735983750384146,0.8043359377458333,0.7469505311796598,0.6205457328817007,0.7251591638554932,0.7526000190924149,0.33007953385401406,0.3644887510957415,0.15976872934705852,0.5920865912217924,0.0684399282785369,0.7852615618283572,0.9590240024595469,0.7932810206955674,0.254768402031871,0.6735036091614003,0.6115042655063343,0.8352530861658172,0.8128478127074125,0.6874042700208833,0.5564968241656606,0.37985564099733243,0.9060023165732751,0.8142681667959999,0.631817089421617,1.0,0.950263519878633,0.5982733810752385,0.818037360062516,0.5861417129753506,0.8667767564658273,0.39049053906347675,0.5795735517075603,0.36226342453793675,0.4161627870415149,0.945820633103957,0.4327118181857058,0.8201664618456587,0.41959560293430354,0.816936292959031,0.683949788886052,0.5944091286832537,0.7815017684558342,0.6019293220453507,0.8289943997589208,0.7448715319575622,0.9214739990006703,0.9282113328844324,0.9097582090462026,0.8630071355261751,0.6112831674510201,0.876711274976663,0.8122566688757178,0.8678174549280863,0.18231889886614602,0.74983920718013,0.6196441201986365,0.7286132517294367,0.25915559940685945,0.3683176114736142,0.8521963750659938,0.4785432914971466,0.9503405722983369,0.5961168799836679,0.9472821685104852,0.2800906547144517,0.3462676136247089,0.5557499796897526,0.8905401481256509,0.4904312784292026,0.9160147707967718,0.22798940937029602,0.37845442335185836,0.5519678434807018,0.713751639630546,0.7819543057444585,0.9198912521515136,0.8019587272073212,0.3462207933656857,0.7937162746900281,0.0711262312027932,0.7359828530095854,0.07866271482242936,0.8813344429479556,0.7784564159782259,0.19322284134581166,0.6254162484535484,0.6029232341589208,0.9290322688734187,0.7919624305472271,0.9531349224182978,0.7520783194774537,0.7927491582870013,0.9403385998345172,0.9601914895006566,0.8051117191281033,0.9258854464977624,0.6776251902298152,0.5496322450740847,0.793826371438371,0.6986218652165757,0.7213061424016745,0.7347395914446876,0.6247534238248051,0.6910372234204538,0.7347764395515712,0.7583037573389237,0.35922327225766054,0.7107684341014106,0.8300589836345746,0.9095665130155938,0.40614381956449247,0.4037838087493239,0.591146228954872,0.835971222961555,0.6094223188821168,0.4055019266932532,0.6341471556965574,0.7042453704018532,0.9099890931220074,0.8327567480599208
JQUA,0.7291610959446355,0.7346460619335093,0.644430302396047,0.7138154228936937,0.7662618715895286,0.7197674038471107,0.7817415945333774,0.7294428025675744,0.6733834878948896,0.9590973536146354,0.762965037269644,0.7740920705043807,0.6909043081439138,0.6381154426761584,0.6449192616494048,0.23714140288094776,0.23000697353345462,0.19219311381220047,0.830872109858343,0.7773113737294092,0.9140880160140058,0.6639333523492927,0.8740908998842356,0.9588088527353267,0.5518394636728056,0.22699650695262405,0.4746256541934322,0.4525614636161617,0.6384278592906198,0.6638854022937745,0.8183447203716697,0.7088291190744019,0.41959287583749294,0.6833121554535443,0.7023618247323815,0.58318580512241,0.7950825201990832,0.6583108512789946,0.9727484604701969,0.7472329568949353,0.7144481654611843,0.7178129200287985,0.4324590960818028,0.6789120253921613,0.6568510085809841,0.4885328357234185,0.7818403159882183,0.616275397705571,0.7009936293047867,0.6459711482819903,0.6654706429730525,0.6725003301964004,0.5277581667308688,0.5729490536948757,0.5483486625110596,0.8187112187019875,0.7544575210708542,0.8352346494903337,0.7628707789378584,0.6217963677212268,0.7513861028411134,0.8601681871673688,0.32517999034789435,0.35221553179581094,0.1483439675719433,0.6191190491732693,0.09616936097327816,0.8049607312200311,0.9778630046349766,0.806423916841571,0.2777612909521077,0.6763608988806608,0.551495755526002,0.7429427014750034,0.7993366571429324,0.7339983541269478,0.5611636533722957,0.41502364834895084,0.8703404656882214,0.8886677470070093,0.6418123810600695,0.950263519878633,1.0,0.6398931884630119,0.8384910166023393,0.6645756476213763,0.817188369025896,0.40726985829645196,0.5414545804618816,0.39038741276639655,0.3941141865786239,0.9589389015538362,0.4552930176735963,0.9069145545783815,0.43592416975622356,0.8239304357240348,0.619042424012071,0.6120758200331279,0.8436660980353653,0.6035259433075685,0.878953647446608,0.6738539032842354,0.8859107417233659,0.9050022910882785,0.8707415277209665,0.8332035223370265,0.6578677189531015,0.937778168147676,0.8002958881313089,0.8636990687974188,0.20774192813513062,0.7639148464389893,0.656907711467662,0.7568473592849928,0.24752844487189643,0.35035363166634675,0.7837235242586809,0.4786387028392397,0.9713092411788032,0.7105699886440362,0.9676528579531246,0.31291545991675307,0.37434798001380193,0.49833150720085245,0.8920114421525875,0.49374431764853366,0.9094503219254636,0.23101885778194264,0.3676723708998712,0.4959859820067005,0.7421374618282174,0.8808438377434943,0.8856660082239483,0.840545545772153,0.37288037559202813,0.8066135613114875,0.10162376931072499,0.760537064022197,0.09964443130953221,0.9503809369837792,0.8020240383657053,0.23388828779573417,0.699167748219826,0.6313209794055666,0.945387820721343,0.8600213619356397,0.9245550532299485,0.7469867742299764,0.7891239678046946,0.9493621045647112,0.9725567846689637,0.8812532390597607,0.9088951246189558,0.6512763564731556,0.5697845435794312,0.7951313384815153,0.7313701993951659,0.7043085430994811,0.7074404222456382,0.5984868290035387,0.731722119651333,0.7918951620909535,0.8019328891712676,0.3979653600456587,0.7786978546218772,0.85622693544864,0.8814711571042194,0.5387194051888881,0.4617642371266129,0.6787591319836281,0.8390355615641549,0.6005061821586324,0.4203267673073483,0.6634258433097999,0.6656128626192752,0.9020780531069803,0.8465035828774422
KBE,0.4873679198301043,0.5017881165860684,0.4663629509500155,0.4944846227036839,0.5409299285885811,0.47370443327902984,0.5990452925239166,0.5871925949366176,0.42540523618901865,0.75248342461118,0.879514071572085,0.6389402245562469,0.49898935406405676,0.4874974605073034,0.48578749321019593,0.049644150083601096,0.041968552518566314,0.019661131013934047,0.5309971064503128,0.43388278344700226,0.7254960553484704,0.7021629209031369,0.6821762172639636,0.6187811203091207,0.41410426918512255,0.044124493260731715,0.30595817964180594,0.3839145379245402,0.3938243680472428,0.44735805706004306,0.5140293842700684,0.6121094370478952,0.2980236298079299,0.46938575565523777,0.45164815726394875,0.464235272629339,0.5756007900753412,0.4167419820571815,0.6400608994753015,0.5616083184615349,0.5217596670800994,0.5236687955927113,0.2928836955830705,0.5541547140693088,0.4417970045111124,0.31221274526573745,0.5016100319950987,0.528598061127129,0.5338491839140389,0.4754183942282585,0.39646243486956606,0.5580350456834214,0.413072100991044,0.3207625424317663,0.384778556974368,0.47392164652708524,0.5468918801920813,0.8502809010809662,0.5805047775259743,0.44136624106677225,0.6052689623215992,0.6104280389773068,0.13082803345696048,0.16229406328163043,0.001805910347336695,0.5478681574522685,-0.05705552180270126,0.5879035354203302,0.6432819079799368,0.6124137346031834,0.13083831043992616,0.4358305497146532,0.3527613561857966,0.49397694629692207,0.41910327262352537,0.44884040264466923,0.4168898954071789,0.45162866540669033,0.449025434115874,0.5994534642452855,0.6652895346462161,0.5982733810752385,0.6398931884630119,1.0,0.8023834444466607,0.7324249831067158,0.6330025183393965,0.32816288531184384,0.3805147832713436,0.17358868085657836,0.2457916316402122,0.6034979323657244,0.4877418578861624,0.6865237803041069,0.5119933899410695,0.7480415378377705,0.4953699364481052,0.5032482286994527,0.6698573191977394,0.49805550229220424,0.8017790604851535,0.4902506928411714,0.587118667161091,0.48401359362782437,0.4746618086587356,0.45526274161691993,0.6763843640250516,0.7763007654254624,0.6810536384201799,0.8025633848758689,0.048296463406674824,0.5766476221988354,0.6012198666652984,0.5429212366823122,0.09880024290844218,0.1794211157373069,0.4212059046720839,0.3566260867238563,0.6416788794750246,0.7877614624685474,0.633944674660138,0.13884317463501236,0.1589708393958029,0.3398151792309002,0.5458716187289641,0.2969417456950697,0.5096679895976266,0.19980302384224122,0.30118294811138846,0.3313282837755443,0.5174160673462728,0.5483568822212428,0.6674322097893763,0.8697099078617735,0.16355240982945995,0.5840009747298744,-0.058791725213420264,0.560471965214854,-0.05303450560384517,0.6825182209504722,0.5353973674084422,0.08484400218189704,0.5687713391760651,0.49903213631929233,0.7308184238906654,0.8035570736315837,0.6007419957268972,0.5102153529528637,0.5435577228357206,0.6568231481503287,0.670784701591084,0.7663269137981857,0.49960863174485953,0.432381549152227,0.3456761401428174,0.5629023359397447,0.606159553716902,0.4379602786300829,0.5961466070118354,0.4328518175657941,0.6286939881840762,0.6685022713166524,0.5074669926526841,0.45887830337196234,0.8469605524604067,0.7161178974069856,0.4550972760844782,0.3374389835505477,0.30720999061391113,0.4116605931270966,0.59014563348637,0.5616554746070489,0.4791983979949386,0.6189933416336805,0.42044735992647275,0.5709270365101269,0.5452593442544059
KCE,0.6542774555126721,0.7459721699144991,0.6335524671877936,0.7147015122464223,0.729642764605217,0.7162035164559071,0.7345531743747816,0.7044940757570963,0.5882231813441994,0.8876336709418364,0.831119785288161,0.7482579423174828,0.6284914960054641,0.6140206517746434,0.6828922444197761,0.16488544634895066,0.15859632651142946,0.12872621084780217,0.7504000678485816,0.6732676525339579,0.8462561206397463,0.6660277471292593,0.7970793151514797,0.8333480694189732,0.5206000618070182,0.1581713304919665,0.42815100196840195,0.4426202904702787,0.5498064593208366,0.5785131659409081,0.7177146109488095,0.6912498661025617,0.39137319635226236,0.6234741214935348,0.6075902088315586,0.5620590811401499,0.7289021958264383,0.5794738020658204,0.8471125579481371,0.6928400166039489,0.6699989778828133,0.674511150426689,0.4051182331145261,0.664908528122984,0.5782274594325345,0.4332409419303521,0.6905013052484793,0.6078397146479565,0.6555185050491384,0.6186664750977747,0.5698758584812721,0.6440978501197411,0.48414927780878025,0.4649547913160953,0.50350991301017,0.7258655168555541,0.6941967564676024,0.8653843132986271,0.7148319027812569,0.571766286370634,0.7085821792444258,0.7454822572471169,0.26079140028666736,0.29512955105643757,0.08318114913656255,0.6015116908548603,0.03595461090071517,0.7406216521507573,0.8493737916557355,0.7523620938894098,0.23208378283895847,0.594298845591937,0.48581716531479774,0.6886030000936186,0.6997960271886443,0.6370495674250538,0.5203653313347462,0.4256079853901696,0.6952984649056613,0.760761367338029,0.6951515817248369,0.818037360062516,0.8384910166023393,0.8023834444466607,1.0,0.7182880070873873,0.7978586064798052,0.3810886729107564,0.49892065819229753,0.3114155985981141,0.3678980338815282,0.818602312208142,0.4804779070639607,0.8388310870606955,0.47017864796096687,0.8142007069302724,0.6178553376774442,0.586871084035109,0.7829668564023706,0.5818280874255134,0.8740840212586373,0.6302679588003289,0.8016051711372643,0.7333560363992767,0.7207774021350964,0.6849076514764821,0.6805935188192057,0.8853607263449355,0.7849461307801783,0.8726796394813929,0.1381081615065661,0.724102879584806,0.6658906829327792,0.7004912986623442,0.20489726772624448,0.30607604980718894,0.630183444538391,0.4462892733819165,0.8416762060820383,0.7346320465275491,0.8378279471048709,0.25134906636797033,0.29460157964517153,0.45506264180235123,0.7419496965512955,0.4340528789959581,0.7623243502701481,0.22019013370738222,0.356958261041963,0.470783478889159,0.6792966543739165,0.7217077206880156,0.8445249435072038,0.8772464381061806,0.29532786668546046,0.7360053664413758,0.03633709093313541,0.705027052597001,0.03939467733014997,0.8325269209306744,0.7189165091083559,0.18224758461852486,0.65511233450008,0.6038555573436353,0.889546422797666,0.8516718510393883,0.835432407066076,0.6581198322301289,0.7123994316723864,0.8481336434331844,0.8636465368626176,0.8286106960533453,0.7605467571362456,0.5911794407916185,0.5053806971686862,0.7242786234502101,0.700043106839728,0.6649249979600328,0.7001271455463526,0.5695227799532029,0.6903949351499794,0.7542886173178464,0.7010107433869088,0.4182401097451701,0.8741781548137431,0.8060281053665354,0.6989701982512134,0.3930253147962647,0.37470290527202155,0.5322780607366142,0.7651596723320914,0.6105959537292477,0.450186292803636,0.6657792676998527,0.5863625025327794,0.7891276844112293,0.7315214416100662
KIE,0.46185860331772005,0.41886905344376274,0.34623049949317136,0.37570020318762437,0.41801132428349086,0.3795648073812042,0.5754918583791587,0.5453194612333176,0.3370615477843171,0.6968659393184872,0.7112316154970604,0.6127920677793177,0.4464802734099489,0.4741178022456363,0.3772984443927028,0.04676187550177665,0.03808367045239434,0.02770416284800132,0.44679719090847386,0.42693598252661075,0.7435858152609005,0.6887044316799246,0.7370498158298053,0.5927297772025417,0.37733147497473973,0.036507823588259096,0.2692990215382263,0.3306930992147908,0.33288154737729053,0.5276990396593606,0.49325169040912004,0.6044435835952304,0.27382984841659713,0.4017655618908086,0.34875709490650847,0.4379713960824557,0.5623807233438844,0.3253405333877785,0.6244484099881724,0.5320160987448275,0.49372621799608907,0.5213097053390423,0.24685240818355103,0.5588365638803672,0.4961621665504754,0.310909964247101,0.45530184215524594,0.5304140581091671,0.5314617374860067,0.4591678382242769,0.29255748310966867,0.5818209255290868,0.39252726840409574,0.20857430834176108,0.3282237029939235,0.4295587228663441,0.5354966648417699,0.7092720425214952,0.5413447219078765,0.3803984811169314,0.5674548031998012,0.7675447183920782,0.13954979072940393,0.16094723461004223,-0.005587723848257516,0.5049268689203802,-0.051253973597607305,0.5824092307523445,0.641002606901924,0.596610790675235,0.13916776764166935,0.4304342166641426,0.26316841546209824,0.3972175343301803,0.418897650844156,0.5271987865227866,0.40805828080403,0.4461679153194193,0.3796332881832018,0.7059821841973931,0.5500149579113806,0.5861417129753506,0.6645756476213763,0.7324249831067158,0.7182880070873873,1.0,0.5064909709401189,0.2958319191084013,0.2741210180036999,0.16282540779495908,0.20380278201449895,0.5924497404648692,0.4869360743648644,0.6482288917892154,0.42976753845294347,0.6630238196767634,0.3288677052028993,0.43036396374187563,0.6715537011995089,0.41232020862716384,0.7848582453211416,0.33345390197053165,0.5303044473030697,0.43909830829542806,0.38944565764667083,0.4657313966793886,0.5829678003131396,0.7612689788650266,0.6228699165504761,0.6608650673855632,0.06096094145308236,0.5413845101694098,0.5284122604468292,0.5014608756908332,0.06277408817074838,0.15760484985327738,0.30309551149974256,0.3471936504165012,0.628887211844145,0.7502888582667132,0.6208305490128477,0.13546766064444285,0.15220149762865923,0.2278526376252037,0.46994061827335293,0.25549336532485784,0.5007999579793009,0.149842064166012,0.2586429987005796,0.2796259510481522,0.48348691234812896,0.7317939417512013,0.572539682452754,0.7585446882256599,0.15640274820143055,0.551981133129976,-0.056079752728877844,0.5608690682123626,-0.05511436707862045,0.7311106746204494,0.5571419408673347,0.0683880735802593,0.5931293529477227,0.4605025643285737,0.712225775077263,0.8028079152028234,0.5659106012592809,0.43742723673978406,0.49291671634729783,0.6227206178559486,0.6432310271646705,0.7856731050986634,0.47389667961564247,0.363578720936055,0.3303710457345365,0.5187610299205627,0.5912230867672295,0.39094416116625835,0.5674762010443578,0.37758990019240324,0.5448590432076265,0.6629549141150923,0.5104346131050679,0.44401510685190176,0.8470286266586547,0.6935181795768013,0.39405781707743903,0.5282714246953125,0.4457934532360752,0.5571588967397273,0.5346080040572319,0.45664952542288456,0.42691311661492787,0.49543714845476156,0.3295351018847627,0.49216745757653824,0.5880065915290809
KOMP,0.6621772532533824,0.8445823618206574,0.8010363110365109,0.8679804808396452,0.9189556341019056,0.8515377226853489,0.7385272292737376,0.7135025062499591,0.7284636215861678,0.8631696447128933,0.7717510592080269,0.7342871038010528,0.650110417896563,0.5724877797618672,0.8204558862252396,0.21044801553549872,0.2069316647074424,0.18624863587135912,0.8561800243789348,0.7443447297938673,0.7437158845536725,0.565366193191676,0.6710372725674524,0.8281403094751972,0.5642881050003188,0.2130995765054867,0.48235251822443276,0.4889419566524876,0.6681597189953198,0.5652972861065524,0.7673806400141826,0.6452723739427182,0.39955895542609776,0.6978118747893829,0.7183465590953131,0.5580331411469702,0.7341032507396811,0.7224440806075595,0.8406348220848755,0.6919253785202516,0.6783032086100976,0.6625786720759711,0.46128739482287556,0.630389547452461,0.5696610650423758,0.4541798681196668,0.7527017278238067,0.5728218292676812,0.6410353987781165,0.6313889464404697,0.6689276180936108,0.595215910817096,0.5164142691597462,0.5973595368566783,0.5688672269930579,0.7994065062817566,0.6951084105108665,0.8425861314907056,0.7406017645599782,0.6481766036100045,0.7042292510469199,0.6040265171519973,0.3523806982930409,0.3949716066434869,0.20007700369611467,0.5953745282230535,0.0843459781591432,0.7401208848295799,0.8350417206968374,0.7262432542004512,0.25305107546222305,0.6960294042720822,0.7270985202513783,0.8872517880970511,0.7468340413944722,0.6005790655283864,0.5183607097279023,0.36559418064370314,0.7899436982046059,0.6547222533474737,0.677996741481512,0.8667767564658273,0.817188369025896,0.6330025183393965,0.7978586064798052,0.5064909709401189,1.0,0.40017485902947564,0.6610147827194724,0.352165223074437,0.505063878325038,0.8180912779780937,0.4302142146303838,0.7802223985018655,0.4457541890999379,0.7748257697602041,0.8725530402092401,0.5761378824523467,0.7183582978092768,0.6265188202550471,0.768383446812477,0.8704185717062431,0.9176871061641738,0.8180849853163419,0.8324473280234022,0.7502486819423476,0.6430613807307687,0.8111014417765624,0.808453546909621,0.9138864618378181,0.1807597764738602,0.7415050633433163,0.6629713742830149,0.6870149281989638,0.2993176918762951,0.4064795634628381,0.7588153566159002,0.45225025987543754,0.8272525971212608,0.5911488083461129,0.8251540954074057,0.2830807966372035,0.3345749755031355,0.6942793979979368,0.7918197162233035,0.48806501637123473,0.795813290574618,0.23287997124467866,0.3718203524364045,0.5878363379109405,0.6744304307092552,0.6149022591949102,0.9450262130584565,0.8153097511128345,0.33289649052648423,0.7586114772748382,0.09245905209067444,0.6999296113811,0.08324306230762855,0.7370737673109465,0.7294456890658815,0.213078488713884,0.584810354734053,0.6159201314007585,0.8732113290449227,0.7486399724589168,0.8922153373220805,0.7180075711850473,0.776914816953734,0.8660127341605208,0.8643486629344159,0.7064394601843482,0.8139591189985109,0.7162738156501596,0.5223003497309843,0.7791653895296087,0.6816687657767456,0.7451556230380932,0.7797200333152954,0.7111189304139074,0.6719124217202918,0.692743913174805,0.6932421138651693,0.34530219880379515,0.6449219934892868,0.7537614309098568,0.781716737672972,0.26908759399017457,0.31337752456218254,0.4646590152119653,0.7966761327887967,0.6671169782210532,0.4253528876115659,0.6980026437288891,0.7298563950038454,0.8913522624412088,0.7069848013909577
KSA,0.33999671472894444,0.3394357263843919,0.2846339669882153,0.3200671777532588,0.3677510455094115,0.3233040822469563,0.4519106217645888,0.45444767649489615,0.4372369145486061,0.43743769547109296,0.3996512097757505,0.4448925535029164,0.36957372612219047,0.34976096303325394,0.3416819238145214,0.06729122132089888,0.08082897459026173,0.05132060043510814,0.38186997246720455,0.2913570272044978,0.4205662341038257,0.382259047306748,0.41023612577698565,0.40050958536161885,0.4236915019839991,0.08387205224942877,0.30045790756662444,0.27640253970141826,0.502386269888057,0.3702158592869443,0.40943250391464914,0.4401390948825611,0.31262690168848395,0.35382979440645773,0.47136223904086694,0.3933814949333949,0.4397926292959035,0.44824889393585926,0.41964339947645746,0.44964295087171163,0.38406706296640963,0.3837247612039731,0.29114158995942696,0.38721905792768224,0.34949006147571304,0.34959683503976063,0.38567639073012633,0.36983919645365415,0.39260084003818807,0.37641198514740326,0.35676528081747955,0.4185919322700868,0.35158795010400895,0.3293859933814145,0.43412997263371056,0.3403320706094009,0.40801697634391715,0.41475269838446327,0.4471689695441509,0.47288801038093303,0.45488454691892555,0.3432331101958273,0.26264522629566434,0.2789354739675602,0.1714970280466511,0.4253937511923322,0.024326374339459448,0.4408749289306382,0.4143047167778275,0.4212536138643381,0.10557214383532047,0.2615560799158148,0.30824483648997103,0.3471834430869721,0.30264410306783884,0.3012482284753299,0.38009771607913395,0.32349372981366054,0.36266989693200685,0.38337931894921773,0.3295803705354097,0.39049053906347675,0.40726985829645196,0.32816288531184384,0.3810886729107564,0.2958319191084013,0.40017485902947564,1.0,0.30509657542397073,0.15675562312615368,0.301802097452591,0.41136888225661106,0.3222899660205847,0.41023543105936877,0.3376691777088347,0.375189777915679,0.32270876478949967,0.27080445776598183,0.34438491866251547,0.417161767195924,0.4027957399029558,0.3278445530724483,0.3804169261034269,0.364081241608825,0.346722239557387,0.34743042097360505,0.36428919918362174,0.42854234877371405,0.39195342680054657,0.41284638573356336,0.12104067355706914,0.42786770713500527,0.43597838652500004,0.3668122327053126,0.24394448723231127,0.28117961589675344,0.31994423237434816,0.32278451544183145,0.4209192677834813,0.3914574664883526,0.4140584359212915,0.161717371697499,0.1450950428737559,0.27736773849193835,0.38902637204592,0.33276549438416503,0.36296824862086713,0.20593567524720158,0.425501131609824,0.3185456581254654,0.3460189412847255,0.34527762311774335,0.39136808754403707,0.414903625334743,0.1407802495622981,0.4504904066986354,0.028951668910639633,0.420407037148865,-0.0010770112416447683,0.4059729800557077,0.4255729553340164,0.09787994781856758,0.3249537664480709,0.39784600628290834,0.4146147726589818,0.4140746406990646,0.376479840600081,0.4189900017853208,0.4575530447225389,0.4639906291010111,0.4244050807554407,0.42250271044347143,0.3656798628204878,0.46900138543863057,0.26740796139009143,0.47282017051056624,0.48319609711989875,0.27634079961795727,0.34916544753917295,0.2559609116507005,0.29853176768925593,0.40681215277607014,0.33907023336348147,0.29506425453275203,0.3690894333848981,0.38568823799779217,0.3548168906252542,0.24330407718848931,0.23002082470680446,0.26930863568949637,0.3610614583098597,0.3679685775341124,0.30135320041101943,0.3084866749941495,0.4339112852305588,0.4061733976952863,0.3846959522454697
LIT,0.4566260252394678,0.5498626278671502,0.5269720499303753,0.5737316210847184,0.6287654294969042,0.5549301267893006,0.6191257377615104,0.6140920873813259,0.6990704234128692,0.5788885429969802,0.5057380218086598,0.5710041480797594,0.5077743790070585,0.39983321505174874,0.5359349555611537,0.1543380677147724,0.15310310353423365,0.10044033580072821,0.623315116356704,0.4538870109734348,0.48036613465342193,0.37556889653650716,0.4452560672816625,0.5644929579735987,0.5864051651895066,0.15484780218942856,0.46145834897949534,0.5458087636945834,0.6484749459795458,0.47268572145322524,0.6149566938658264,0.5495648966362293,0.36916790841767744,0.4882648123411833,0.6190094064734677,0.48021336921216523,0.6037533787805506,0.702165732218482,0.5641095591315656,0.5859427913122307,0.5563188010984875,0.5279379146199087,0.5628140423648821,0.5044560312100362,0.4648606121253994,0.38099696943737094,0.615981882589455,0.4586281791602991,0.5272243981108093,0.5409972695293505,0.5851161734945473,0.5218467287997887,0.45055142246032615,0.543789779319655,0.5560777556134926,0.5101945781641677,0.5600022826960821,0.5462035357971629,0.6243703219173952,0.6659173147867559,0.5992986188364462,0.38951931651707117,0.37315224555952325,0.39850902822831263,0.25597065770681865,0.5796311500478537,0.07547319508844072,0.6055512955147335,0.5520066604293392,0.5520320942438978,0.20130850045661888,0.46763090254735906,0.5994005412642397,0.621946696822995,0.4661442510737375,0.3713093165673813,0.3843209081044814,0.32245283584156836,0.5637304527950247,0.4264530447121441,0.44435921243211035,0.5795735517075603,0.5414545804618816,0.3805147832713436,0.49892065819229753,0.2741210180036999,0.6610147827194724,0.30509657542397073,1.0,0.24661420537127712,0.6225265333639193,0.5501575427058931,0.294552459393194,0.5239144683829403,0.35231913747835436,0.5176582463506776,0.6749241623363594,0.3888397518915053,0.4756241828051954,0.6522522674109117,0.4836625439892517,0.6950692638087497,0.6299892708442215,0.5683936577661405,0.5876813979585466,0.5291494865428864,0.4389380995152886,0.5436413205204186,0.5265606936982737,0.5888530066484726,0.14655941518340193,0.6162528732785522,0.5864440914570405,0.46058480971378685,0.34746114567834313,0.3976444277494941,0.5596518728893467,0.31769240341638594,0.5566166684296321,0.39100586381083585,0.5497319732477324,0.199272415534754,0.2378119613331078,0.608052591156454,0.5418283490937441,0.4765225315204993,0.5363495932447131,0.1718807849709776,0.27820277810927946,0.481246223634342,0.4506271395100361,0.38096593618568164,0.6159680194440864,0.5325753427459913,0.23454675259346314,0.6275339430486042,0.06461154375445105,0.5766704242046679,0.06984982037938456,0.48346519248029185,0.586468098056647,0.16012844250987762,0.37618485948166264,0.5311711445966798,0.5807610831672453,0.49884594650444647,0.5888963133189297,0.607124945456036,0.6729346733557476,0.6395207412954165,0.5760550441701302,0.46512821731853826,0.5493287940248819,0.7127231009856468,0.39574106090069017,0.6781785710769639,0.6006007005671921,0.4638659997098186,0.4569467783873257,0.43922828583043216,0.44571271616356384,0.5674037394755465,0.438677505952985,0.2800557480986849,0.39144263911471683,0.48645333610422914,0.5408665199223355,0.17844265959251668,0.1767978132456128,0.2937899148364829,0.5608757652401714,0.562788184306447,0.3303117543457737,0.4199891932814266,0.7080342151661907,0.6805352777956879,0.4820655006761708
LQD,0.7084694936069149,0.3390869467034419,0.3765408654324779,0.35417226554204845,0.3278252566850334,0.32602993661464774,0.3767965720097736,0.3469955980422756,0.3124598174165317,0.3420434361731812,0.24829209453468828,0.3252733949611151,0.33983824521265865,0.32776350605965976,0.24239750312726685,0.9534039766560942,0.9429571211065623,0.7620430940085934,0.36612859394731073,0.31502647302006426,0.3298463815262514,0.3292172263337418,0.3025968594366838,0.3735306826412509,0.28258019796566763,0.9328254263679611,0.6109856532483988,0.24636508737397142,0.33204570947571416,0.4584907187337416,0.4222769979080093,0.3268047531031522,0.22898840716190388,0.3084859788714075,0.32063390364717076,0.3017739247127815,0.3960055731543697,0.31006065433424473,0.37724257074245793,0.3743926715838711,0.3479877514095025,0.36192068427221397,0.19949667364545093,0.3143686928259713,0.4274296289361088,0.27327693018222843,0.35203116804983264,0.3200702193819777,0.34873285015303207,0.3286269581126106,0.28689900503159615,0.3090705898236621,0.30869436387251176,0.274589531596446,0.33717166866810866,0.34896228060817486,0.35784831244281234,0.3310923234360185,0.40842070988886575,0.279772442562654,0.34084254851947376,0.36080597276058063,0.3032178822567717,0.30779052670650653,0.272456089236322,0.19387028795996195,0.8420195916485602,0.398714209525638,0.37793608574157395,0.2543739729729364,0.6423171141424538,0.3721585619222015,0.35123058525216494,0.33084272373977036,0.32797020609755884,0.36667356254332734,0.23308237789594338,0.03003750612118933,0.33000277830952013,0.34869929824457335,0.23938208125342786,0.36226342453793675,0.39038741276639655,0.17358868085657836,0.3114155985981141,0.16282540779495908,0.352165223074437,0.15675562312615368,0.24661420537127712,1.0,0.18879133794875994,0.35922506798378934,0.0973989559614993,0.4111590622275225,0.019996442284179617,0.2882558782378537,0.30600980956883883,0.5649083800872625,0.4091425514565661,0.2234763102219574,0.31680869835288056,0.3267298812247377,0.38942264139393107,0.3599556320660315,0.3428424389051557,0.29937653072301823,0.43251110274843313,0.3794868464616179,0.27390644072084946,0.3549610866509671,0.7650218461415338,0.41547264464320866,0.3648907695767896,0.6493764453906399,0.2061234511341711,0.269488892655161,0.2776765807170914,0.1935871948376104,0.36864663983554335,0.3160422198854365,0.37302525073502546,0.8012449781221801,0.9908615749514419,0.3094972915887222,0.3326851456647955,0.3054976297582531,0.35728187594561883,0.06708212703722226,0.1369968486385954,0.16153868909938493,0.675352999183614,0.38259408173322323,0.3956564198773997,0.3214015811695172,0.9834345513821284,0.3955740761954088,0.8368866934398655,0.3824996330632615,0.8812704001569678,0.37084109926517744,0.43055317383350783,0.8538397498922995,0.46876789040523825,0.44716315860751593,0.3956877699398115,0.3432078452152835,0.3957013618106222,0.3680439618070808,0.39353052585257203,0.39458814308403267,0.37505887015437483,0.3088238327183561,0.3631712093871653,0.3001770925428065,0.8006671781800656,0.38464087798041713,0.3428923133182688,0.3338198350380355,0.27666619370179224,0.3301134941946993,0.45688326706047055,0.3230773466152348,0.33541792964243494,0.009577132465228105,0.21043474841191157,0.2943587971118793,0.3227867609346223,0.2781881284004601,0.35491141000122195,0.31557394381845727,0.36796906530420814,0.20071079471400757,0.027642370177854328,0.2892262492428605,0.3086514636338175,0.4121835116182643,0.28155350605869456
MCHI,0.35915531281641755,0.4755394794575756,0.4179537103084202,0.4613129194040735,0.4833881324360645,0.45702177621212775,0.5242368143000901,0.5028385847614183,0.7673188279525831,0.41315850766497597,0.3385814676001944,0.45468306577030515,0.39937001273702877,0.36564924849745833,0.39166720382334946,0.10674637195443135,0.11295406082404562,0.07711828251052853,0.47935329346602606,0.3373741508406906,0.34056477805565866,0.26802060738332806,0.32616084513453275,0.41024285715316844,0.6424909552645063,0.11923125938091703,0.4549570827014139,0.38340816684151213,0.7123755255936154,0.4340858239955771,0.5307121630518219,0.4814421920099093,0.3002505380468577,0.37000549909268493,0.5270407975196931,0.4339459261960184,0.5239887041858455,0.8031946153000719,0.41563565163876265,0.5014330481487801,0.474343398160456,0.46176978431623134,0.7716988672605135,0.43483913177126265,0.3984561043702538,0.3906019712024889,0.5472358032802809,0.39302940121515895,0.47589236535580326,0.536528378502942,0.48190440844840055,0.4586815389066311,0.3965126763243987,0.4567380084773307,0.5865592836086084,0.4295953977777858,0.5010331529103599,0.3805743667368437,0.5353790343142284,0.7704650138615037,0.5041437474677428,0.27178201865005924,0.30673845654284876,0.3263592599199808,0.21238293406579686,0.4519226309205171,0.06764832019828643,0.5181063122528087,0.40310416303931307,0.4647325746570506,0.19747160954199325,0.3805782973011856,0.44531163873355994,0.5059862090200079,0.3580634186125619,0.30942133740589456,0.3305244653113312,0.23371454423161717,0.4198442695352418,0.3061069519140639,0.3358958052337227,0.4161627870415149,0.3941141865786239,0.2457916316402122,0.3678980338815282,0.20380278201449895,0.505063878325038,0.301802097452591,0.6225265333639193,0.18879133794875994,1.0,0.4062648603917099,0.21280894910651302,0.3881308158969391,0.21862852717970668,0.3227027387786617,0.4742960360358018,0.2851655777781236,0.31350033703932556,0.5307567909151052,0.33736196510713756,0.47589811259975134,0.5182672784448269,0.42834114127888673,0.45724716322722786,0.40849682713380797,0.33063902184660676,0.38828147957480685,0.3957859131295093,0.4163256726070859,0.05779869647203092,0.5152234514096707,0.5916447139973051,0.37437555474724654,0.2711328543358337,0.3237509098886696,0.41358440744040426,0.2627401681203569,0.405772878127261,0.2690858501180545,0.402555238419724,0.1526884602949012,0.17984975764086528,0.47443573889376384,0.39961951229345977,0.4519049480110985,0.4049139579605116,0.1380295155590661,0.2450364186100406,0.3517130772931463,0.3662815007462661,0.28137086735363154,0.45255866415313045,0.3675890620362091,0.17485847902491908,0.5342809671469914,0.04796245381439335,0.5035207315672502,0.04299904510723293,0.3412770961755705,0.539581322729399,0.12161794807602298,0.2804240939851828,0.5458302863498364,0.4244356225338131,0.3426072785392593,0.4469073569969404,0.5125509080096847,0.6453323181282208,0.5276168160299768,0.4233055148744961,0.32150366349707293,0.41752798311070227,0.8529043894132807,0.3344196112567217,0.6463965058414799,0.556295761131442,0.3824838737195149,0.30207796205016096,0.3666392113588619,0.3040620543279425,0.39453831585586235,0.38588740431327756,0.1853345858077945,0.2804947196419802,0.3117235862450332,0.3914899390347902,0.14400734862004874,0.11662401542887982,0.21698266669529928,0.4001411903853648,0.37053138982790873,0.2193946294097715,0.3035682167628251,0.796037910200441,0.5550419153857183,0.37046604681154083
MGC,0.7133355769061236,0.7696587940769993,0.6396326224610374,0.7505450143253708,0.8052360855224142,0.7666046835937401,0.7676161717476557,0.7182671942023224,0.6859511616351633,0.9551287534516234,0.7139856363580315,0.7559835547078869,0.6914981245353028,0.6393990898335266,0.6841517913810945,0.20334328327867116,0.1954677332194278,0.16877859549054167,0.8520652919773353,0.7651448098879342,0.891536287926278,0.587703283958903,0.841902880317273,0.9844634847667516,0.5521760175675446,0.1926226663796426,0.46430052768538044,0.45023969313961615,0.6386474128388345,0.6217046656086745,0.8127772607980032,0.6880741778155185,0.4244350479425455,0.6994681856058025,0.7151000830459806,0.5829297755346813,0.7823657974909619,0.6730586974786773,0.9940514487747709,0.7392675027507026,0.6976483436574311,0.7101167314064363,0.4274382528574471,0.673387003278293,0.6233952408913567,0.49204170955441723,0.7867775136775541,0.6091771819100813,0.6867686005529898,0.6466285284283544,0.6863848397276809,0.6463481360772958,0.5161894559298505,0.5810808963246433,0.545613315810368,0.8564188432835896,0.7480995199586757,0.784089866772468,0.748076244720967,0.6282662052439743,0.7343599789616125,0.7805617497487964,0.3146191898859186,0.3460829475752148,0.14262164939675126,0.5931580584333876,0.0581977448514819,0.7907766023154902,0.9889455375399546,0.8041523651176955,0.25156605990664255,0.6439186613359571,0.550447049901975,0.7565117449695677,0.8115876233488861,0.6962036291070258,0.5683014631335649,0.3897931301929972,0.92309698303709,0.8453752716872103,0.6301891488581607,0.945820633103957,0.9589389015538362,0.6034979323657244,0.818602312208142,0.5924497404648692,0.8180912779780937,0.41136888225661106,0.5501575427058931,0.35922506798378934,0.4062648603917099,1.0,0.4318176987894705,0.8666487039136576,0.4145151356789832,0.7796043443870684,0.6276124422802727,0.5861181111325333,0.7655355974501848,0.5960329141564484,0.824837311084574,0.6854614186210882,0.8696311341340833,0.9597818235257283,0.886946914936405,0.8746636778849138,0.6207102468504319,0.8808187707366031,0.7860806518697726,0.8244077587490508,0.1829787127065741,0.7510566144863227,0.6363409677140982,0.7488876990416644,0.2551068648636747,0.34904807873833155,0.8209891232809996,0.49061463875872285,0.9951615387139949,0.6321395321821113,0.9930409656431731,0.2858052676109707,0.34335359395992854,0.49522653168835795,0.8984471259003175,0.5019256804379225,0.9705642026217922,0.24504692116123675,0.38999887870054306,0.519710458070459,0.7297350403861942,0.8067517228279292,0.8613364116767682,0.7832000497016576,0.3427695613397567,0.7947869145995257,0.06733267423126117,0.7443840118043111,0.06347821396918392,0.9115946061661013,0.7815826482606556,0.198167613011404,0.6270791450700525,0.600968035287587,0.8991919239903868,0.7892948077591228,0.9053554210624338,0.7418829466951394,0.7858642858829842,0.9586045233141769,0.9885234463012204,0.8225464440131616,0.9703443292616063,0.6670377091276748,0.5549207769799194,0.7905425260460315,0.7139088568451339,0.6952389196107464,0.6991329403342018,0.5875586677219007,0.6572109913570067,0.7321280215994551,0.8374860320355795,0.36710576628799324,0.748281776349955,0.8106525021823869,0.9314438269450693,0.4620053560603046,0.4111605207950999,0.6156955441283123,0.87764230388097,0.5857478589809623,0.3978530350690316,0.6222009065098253,0.6817613036034222,0.9043566572983103,0.8688131140749132
MLPA,0.3656259296036779,0.3123815421269939,0.26934380240323047,0.2982918118889523,0.3567844790088538,0.3045469610795553,0.468553037829025,0.4890892271645873,0.3388254471272005,0.5436445692782669,0.6189886380320743,0.58563820425782,0.3426988091546988,0.41422940453737367,0.3354651598040022,-0.00430050354352374,0.014488860508244817,-0.017744827598818878,0.3621834966414701,0.32297313896161556,0.4863397281438791,0.633914799096323,0.5221437822541575,0.4259539555422528,0.3966655188173155,0.019575522217870425,0.24352275165467246,0.32481784680857956,0.29757218080150316,0.3414198688814851,0.33660285354144603,0.48249202610680963,0.2571562302210022,0.31532326356816054,0.34046256064247926,0.36215785830300046,0.4179930142502448,0.313051305727163,0.4570613187501408,0.4755805740931356,0.34927448413664425,0.34036856596091236,0.25339812511407206,0.3868257653465578,0.29693945519606224,0.256853491635191,0.3335071558744706,0.3681069584828749,0.3629052497169141,0.36260725705510066,0.2929768027259909,0.48392178181272294,0.3388159729279948,0.22182151380931706,0.30666763275097564,0.31429400319040474,0.36856820548171354,0.558063466772472,0.4519152505619677,0.3974285116909771,0.49003607214988304,0.4226399474811108,0.22869694020960502,0.2551146421944092,0.12159903277776365,0.6504728445077763,-0.06261176719623626,0.4314672326625264,0.4500131108466445,0.42797921982857706,0.11008658011501006,0.2880981686257673,0.30200140034715234,0.3666585868716866,0.2946635982209116,0.30621837373457067,0.28824491760492743,0.7590876001296366,0.30393771617131543,0.45004650772786037,0.35218898891817096,0.4327118181857058,0.4552930176735963,0.4877418578861624,0.4804779070639607,0.4869360743648644,0.4302142146303838,0.3222899660205847,0.294552459393194,0.0973989559614993,0.21280894910651302,0.4318176987894705,1.0,0.45312718122851015,0.6999113424994956,0.5027916032133343,0.35589592657373925,0.3299192468905116,0.3870490196352834,0.462222031657226,0.5431410449093853,0.3479488450792225,0.40186302638229027,0.3247363378658362,0.313520702063433,0.3522567915256691,0.4856800210117952,0.5470150960418529,0.50041343121516,0.5210605917176254,0.12729541504913264,0.413680528197074,0.5270794415293815,0.3923964373761276,0.1719443345034417,0.2624153104776618,0.2898052640850138,0.25857148222817966,0.45807643716189106,0.6058262322484709,0.4354426417386918,0.11049364524905558,0.08870183848027531,0.26968058384464483,0.3897327912898332,0.2791535164140473,0.3473534025935739,0.13095121893615969,0.1935589228292616,0.3900525384537922,0.37715058232682974,0.4262397583727268,0.44619583147165576,0.5801731343258552,0.08311089541987635,0.43277118868575865,-0.04187012026230833,0.4009779972654211,-0.08160732786725874,0.46373820033141433,0.3925217206202412,0.05729989855160539,0.4028885929693728,0.3543128897699972,0.5224361613333326,0.59082801921136,0.4205042203397112,0.36959052917367724,0.38572047533905085,0.4761991814284,0.47536798524346346,0.5801437237872094,0.3401379798515137,0.34824727963886654,0.23179885892061453,0.4269239199932889,0.5050273613134652,0.2851932223838852,0.4543973119003573,0.2898900080337006,0.3161330842134796,0.49785013559186314,0.3385928184459907,0.7556681734865122,0.5215214532981244,0.48848806544966067,0.31133230192703903,0.28511852671430793,0.3034627979498706,0.30067084562516516,0.3571611949212648,0.5300850345470659,0.750177480198221,0.3661444236823792,0.3109886797083926,0.3969750490753913,0.43233236350969373
MOAT,0.7356713061368935,0.7211057970703866,0.6747733135558578,0.7086456922890724,0.7170718267165285,0.6993286936248563,0.7497212680083669,0.7066988681015046,0.606217640762188,0.8977122869171098,0.7821020361127353,0.7476411650698929,0.6385437746815664,0.6303089103677837,0.609490720643555,0.25930876203126757,0.2657468722276676,0.21554673208741013,0.770817288821328,0.7087749356072645,0.8724691330726843,0.7097328120925583,0.8148014375838317,0.8775273553460854,0.5335941498717331,0.26380118961596205,0.484224259674603,0.455118622850327,0.5833750547020874,0.6533116103518167,0.7618310337268734,0.6991388186021527,0.4250767715403282,0.6360275744137635,0.619362959968671,0.563838143052761,0.7592073429535768,0.5972513117960411,0.8921970514400317,0.7159242191165308,0.697033595901255,0.6977771439137398,0.43681941109537115,0.6614071005263822,0.6613483170429127,0.47066798029693574,0.726292705609357,0.6054344065942039,0.6907361455423188,0.6284744455367782,0.5823446694857831,0.659103461540574,0.4931401343934148,0.4897674146461971,0.534675664434046,0.7851668004236043,0.7259452967886317,0.8488644684561694,0.7416458028970803,0.5924521504025044,0.7248649065656212,0.8239489454900802,0.32002144302140645,0.3423878599290752,0.15138863131878577,0.6156748708687458,0.13378687948639104,0.7681798927647258,0.8918855824852295,0.7460762638063749,0.29588494295553436,0.6790206126402795,0.5245628117748642,0.6635712531141177,0.7396236254375889,0.7341567603441096,0.520044892994872,0.4104629752925796,0.73975497887177,0.8303263078218633,0.6727138446582017,0.8201664618456587,0.9069145545783815,0.6865237803041069,0.8388310870606955,0.6482288917892154,0.7802223985018655,0.41023543105936877,0.5239144683829403,0.4111590622275225,0.3881308158969391,0.8666487039136576,0.45312718122851015,1.0,0.43677632036725206,0.7894742288971918,0.6158536387020934,0.6085997200132682,0.8490822541651748,0.5842345296605217,0.8679378748051247,0.6420018686606157,0.8436499112176075,0.7948994126440283,0.7772321080870941,0.7206398708738752,0.703370003440357,0.9324347993911828,0.7551361685433411,0.8507478582668161,0.23447071964009927,0.745007024099765,0.683019960327082,0.7670844006175322,0.23993779328851494,0.34163325589103083,0.6608964638210604,0.4389318737579244,0.8890457839848346,0.7811803792189416,0.8863863946152936,0.3484705791662194,0.39713407754433344,0.49393021657875835,0.7997880758704978,0.4729015035503328,0.8142709120161069,0.22763240321565834,0.35071447076600354,0.4314099068965467,0.7527115734723725,0.8218449291164519,0.8493636260456209,0.8576686003119803,0.38946535122408893,0.76327077611313,0.1455979659576073,0.7375304951132606,0.12558719352155384,0.8904096507019944,0.7698318775839804,0.2780662814824492,0.727793026443092,0.6396521974814161,0.9116065743775201,0.8690065834322086,0.8570861938326587,0.6793999380882964,0.7377899493307899,0.8823738267465474,0.899591594889682,0.8547604641553848,0.8116336887870164,0.6070194485268746,0.5724879204223885,0.7486368831447701,0.7148749893859695,0.7122608914966181,0.687219000250347,0.6082424431733162,0.7559303402622862,0.7997739527594946,0.7784676620481588,0.398891825011003,0.7789081861841348,0.8175959501825629,0.7490960503939605,0.5498680834474049,0.4456390094902976,0.675462263885567,0.809651430174826,0.5877793614757022,0.4226919070829813,0.7003863112010695,0.5997054835502548,0.8533277326571707,0.7626893146059004
OIH,0.3192175011349992,0.2674039891838894,0.25537581742709,0.2700238698258356,0.3752231792052427,0.26136188937907917,0.494758419126836,0.5295847586230419,0.3830521661217347,0.5594731544270057,0.6928491297662323,0.5882792613428302,0.38136615815031905,0.37395983209548517,0.32387423866778475,-0.07862756191011364,-0.07890354335594314,-0.10300710566902353,0.37699323698510534,0.2821174692379202,0.48580245858954124,0.5671132627677398,0.5218571709316673,0.4062444637170993,0.4444130597891929,-0.07195653114840377,0.21390251588184145,0.35570048701753343,0.3229349205429122,0.2991079285647448,0.3485808732827704,0.5091169149781481,0.2769392753982445,0.2934917869072945,0.3969953577411407,0.3704265862681852,0.43775309639421256,0.3578839874427383,0.43874599127724584,0.5026132939970231,0.36112138026083945,0.3409090184786172,0.28075618650371276,0.41603078212401284,0.27299587253372304,0.2730692912205338,0.358454580365174,0.36875307725478285,0.36851668851189834,0.36385454937060735,0.3327179310395303,0.49528631754668123,0.3434566713954934,0.28975523804442577,0.34481665231983155,0.26608846176826456,0.3815371166416802,0.5982443909501427,0.4698479120831887,0.43937823770170287,0.5363058212833339,0.3704080446097598,0.2586606016169424,0.2914993873515483,0.14753313058662332,0.7545874242305183,-0.1517575459737398,0.4501763792351542,0.4286894526355322,0.44826635453116087,0.03271002672023801,0.25119275734683083,0.2898029317940381,0.3609136495743786,0.24140431583108757,0.21996770955207248,0.26890748905415235,0.8749357908251373,0.3172201081528132,0.41375035710726205,0.37343119843871453,0.41959560293430354,0.43592416975622356,0.5119933899410695,0.47017864796096687,0.42976753845294347,0.4457541890999379,0.3376691777088347,0.35231913747835436,0.019996442284179617,0.21862852717970668,0.4145151356789832,0.6999113424994956,0.43677632036725206,1.0,0.553569356546218,0.38239693542100306,0.300585417152552,0.3732746803865202,0.5567045062554827,0.5460788688025913,0.36443742571933563,0.38694069149648963,0.3103940209409045,0.3199894156207579,0.344404380242023,0.41763488090954504,0.5374024737552693,0.5133483439871259,0.5504955336801071,0.06053221465681944,0.4180800637380438,0.5343082053021968,0.3511454920766286,0.23165865192863963,0.30014600085327975,0.33081006349287173,0.24777662893879204,0.4459145728193505,0.5722645059849351,0.4122659813897397,0.019891728697569125,0.011475239095440608,0.2635131592155515,0.40226781191493277,0.31187480773893217,0.3066261311639691,0.14186359995195552,0.22532853817637422,0.42595560448530306,0.3240287578601469,0.3343863789644609,0.44999487479823486,0.6047818293717491,0.015626309027521833,0.46041033990114016,-0.1385128104814099,0.4107310721411908,-0.15470103247181918,0.43946510028923863,0.3781695066836584,-0.0425015862343134,0.30592428543370637,0.3330979516803938,0.5014790833896382,0.5796148352556114,0.3929311314485139,0.4217443952773297,0.40249393404532047,0.4789619300251899,0.46371920873067185,0.5817196291747889,0.3092218953314661,0.372937153187561,0.16968738818981527,0.457196791570492,0.5336043388360203,0.22955791726310087,0.47366596487476254,0.26676780400756445,0.32085904239224405,0.5388119420878924,0.28144711552812546,0.8790087376633157,0.5044688474515701,0.5247551035477729,0.3176987712634677,0.1767029081951127,0.18075602272984595,0.23052440417792947,0.32616062443792,0.613858877193559,0.855683165082106,0.3789454165260324,0.34744695479600834,0.3907826233015012,0.42117722757055354
PAVE,0.6187870203458674,0.5812938198228857,0.5486906670892834,0.5805118919966911,0.6952862049119638,0.5640876586833543,0.7430603638159001,0.7218269794925959,0.6031433271747239,0.8927214986334634,0.8770686133131856,0.7490898874118657,0.6419648931986339,0.5477260512014943,0.5810673884944458,0.151679717397149,0.14886095108957492,0.1461197901625332,0.7296200399202559,0.5640791537649508,0.8367746766829137,0.686668890798316,0.7980503198865209,0.8034658969820047,0.5209796582975637,0.1537761347864939,0.41627796299206266,0.48201744756405646,0.5578948663285204,0.5587010471745025,0.7133177941714213,0.6913768842087051,0.36974972383687466,0.5806098927561668,0.6448223758347329,0.5408885327196452,0.7249617866134641,0.5829427265629616,0.8147289792127784,0.7002411000801657,0.6642949527602537,0.6406381047728475,0.4091909293152875,0.6410688012421373,0.5619114599595405,0.4288691947542826,0.690776137519791,0.5733177092768679,0.6534597467093005,0.5635377639929777,0.5898851211257901,0.643367475864439,0.5391065661949043,0.5141160839596108,0.5126833694990702,0.5977660675283974,0.6880840625288699,0.9006757195963481,0.726653633993033,0.57577596324581,0.731148705065118,0.73693241928811,0.32027904133244606,0.35073239228856695,0.14944630165930062,0.6809825980615778,0.036653613576976815,0.7336719451633985,0.8210695541238303,0.74450709847272,0.21179896879159157,0.5388002826260543,0.5216068379870931,0.6606904176404963,0.5430232500950231,0.5624754727371083,0.48048725146471893,0.4734662057120088,0.682446729758887,0.773983903042561,0.681221100521376,0.816936292959031,0.8239304357240348,0.7480415378377705,0.8142007069302724,0.6630238196767634,0.7748257697602041,0.375189777915679,0.5176582463506776,0.2882558782378537,0.3227027387786617,0.7796043443870684,0.5027916032133343,0.7894742288971918,0.553569356546218,1.0,0.6221417890385508,0.5422066358989573,0.8633278067039712,0.6705729712136873,0.8710296048800422,0.6538122957667054,0.7642545874083574,0.6888905987462614,0.6770710002496252,0.6461054019135737,0.6533901725915278,0.8923895190423647,0.7782020382005459,0.8860509504831154,0.148503920218555,0.7121871797979042,0.6398268719463652,0.6498627175945247,0.24073488289196032,0.3591236565842499,0.6640618777063271,0.41358869207780186,0.8159279843311484,0.7465536500756405,0.8062028356229698,0.23770536148662383,0.2745080627062311,0.4779245831079178,0.7439868423226379,0.43294960207559846,0.6871570519474602,0.21884941118018514,0.34849809476206695,0.506078005370075,0.62925069958512,0.6879612713715454,0.8255464181772897,0.9125536572161841,0.27166953374624864,0.744849351241876,0.04069580082079399,0.6946027613292759,0.03377726366850668,0.8392500372750481,0.693994106434174,0.1718578760301276,0.6353134224900597,0.5792573405894086,0.8829436538675564,0.8853588749293754,0.797813147895796,0.6912808345167719,0.7102658869088194,0.8319468718774281,0.835628315571889,0.8631040228094858,0.69282001472039,0.5763623382919864,0.47484591850252555,0.7280979456978586,0.7052365224878224,0.4898627288919186,0.7555151252140548,0.4989372623497034,0.7979012405221093,0.8626653264398286,0.5963384976786232,0.467696895363348,0.778540510023058,0.9414047665027792,0.6785689559229484,0.4093097678988049,0.4310338242778739,0.5188136310960435,0.7148139217289624,0.7470308584539994,0.48982704136246635,0.6579284004675877,0.5857040812035287,0.761712911153043,0.7022809976392477
PBW,0.546233147677443,0.7172853733182163,0.732265571120552,0.7695205947975559,0.8187812434447441,0.7349990922428786,0.5985365535189953,0.5921728054501565,0.6361953764962571,0.6812854047160073,0.6340475963328268,0.6032073008501572,0.5107087579599616,0.4520293258302303,0.67800052796369,0.19396189294183147,0.1936076080098108,0.15473792971800618,0.7138478971972805,0.5879301022027171,0.5405967940392793,0.4495708718781451,0.47362611620830986,0.6424131492287468,0.48146566905407734,0.20225033813647622,0.41523510473342207,0.4450639539911656,0.5663221370696537,0.4307851186583668,0.6151507590177535,0.509136946321531,0.3191412693044806,0.5761429815005634,0.6048132273910686,0.46218105693046757,0.5848646786490381,0.6303850162305376,0.6520084196275067,0.5550609674822385,0.5594103429470191,0.5249550611804289,0.4134317594513598,0.49993030950507494,0.43898608411186185,0.3598762774954385,0.6238142302144131,0.4641136609154744,0.5034635728257187,0.5247411044579662,0.5763210705061929,0.4624970838454819,0.4367003205850182,0.5102896951149423,0.49332388417854983,0.6423370547868417,0.5517736634141669,0.6935798270742528,0.6122047537604052,0.557840736019631,0.5703404790395303,0.4052072950843212,0.3206077620196327,0.3618829169395889,0.20397924292189934,0.5185068423012231,0.07837547248635589,0.5892834780515054,0.6379191539304618,0.5646992111302984,0.22930168329569667,0.5907563815279794,0.831895182277673,0.7803640248325497,0.579348565589402,0.4253278217630299,0.41282945389764286,0.3123098663460003,0.6357912443466617,0.46167701593216526,0.5493480478385625,0.683949788886052,0.619042424012071,0.4953699364481052,0.6178553376774442,0.3288677052028993,0.8725530402092401,0.32270876478949967,0.6749241623363594,0.30600980956883883,0.4742960360358018,0.6276124422802727,0.35589592657373925,0.6158536387020934,0.38239693542100306,0.6221417890385508,1.0,0.49943308082057825,0.5624848293276443,0.5502291784100171,0.5774462748930644,0.939854793937089,0.7843959366142802,0.6546286248847796,0.6857521884346028,0.5954871753902506,0.5593758809872993,0.6359315168458238,0.670036767120633,0.7729115040475744,0.16979738021215482,0.6148995873729094,0.5740665524587313,0.5575259405501458,0.2874672539194968,0.3800522425059426,0.6374346198864472,0.36774750114776056,0.6370794321405014,0.4604387586895802,0.6340360254722768,0.24752414112125334,0.2922973532699697,0.8379178664667863,0.6347697032590865,0.41674627663620434,0.61631548824484,0.19371016332522253,0.2938809122056977,0.5505511737052726,0.54886875457847,0.4157318631185721,0.8069750356450585,0.6614789697852808,0.29087043514369965,0.6126647261359391,0.09340061289500362,0.5585369528343945,0.09150343408478492,0.5390067593955049,0.5761461599896324,0.20020869874414346,0.4699571969158479,0.5221948166197403,0.7023068962476219,0.5832595545248009,0.7320915140492491,0.5825688830355008,0.6412938759784804,0.6884542403706334,0.6776924619164444,0.5253475467527026,0.6424511716468306,0.6270970093516521,0.4375328525285513,0.6433467631685398,0.5495381450326757,0.622565623345417,0.6196229995500361,0.6250175627254985,0.5504510402604527,0.5586086016587568,0.5188924750890307,0.29187491865592297,0.45599428975833656,0.5741523368669851,0.6223662305174261,0.1396970398291778,0.2511925406492545,0.3073138419023784,0.6584406012008178,0.5975597024895605,0.3854182386564832,0.6025576027819985,0.6369890309640713,0.7633320568795302,0.5313662206654531
PFFD,0.6951789110232609,0.522131862583907,0.49328982099716734,0.5183652511776236,0.532595660905949,0.5109888364763797,0.5761058428274488,0.5519791430540678,0.4676020251207581,0.6187333852561652,0.5511758289708867,0.5637646020508275,0.48391826249986536,0.5494770703218829,0.4275393791730332,0.4774141572625384,0.4613770977288746,0.3585912232040103,0.5627110603154477,0.4846328497676333,0.563970411708194,0.5428280263930729,0.5409250174605281,0.5943917695112927,0.4121913547445656,0.4632731842045602,0.5036104818889423,0.3786168662515697,0.43822349597632626,0.5233274321099078,0.5734135620216501,0.5301064641984651,0.32056280516432806,0.47678883889394147,0.4798932324623499,0.4364655441957033,0.5753395380395773,0.4618534456038956,0.6068265336055788,0.5548793170575901,0.5257677455322418,0.5220878192675572,0.3116892035238823,0.5024917373597515,0.5084253648421612,0.3739316054119403,0.5347085905706842,0.4810429648671955,0.5104824394429458,0.4837370651049539,0.43857653401205987,0.49311595582057305,0.42293808788642245,0.3918953685972271,0.4304023483045241,0.5274611536170858,0.5333472186397965,0.5989743801327777,0.580001244539637,0.4253343571995604,0.5485021092213017,0.5334134115107941,0.2578268493628129,0.2812584230587948,0.1623758805397875,0.43081145186727293,0.33456256066561973,0.5816244524506723,0.6068627015624721,0.5332817293452006,0.4611123164706769,0.47672762330406754,0.4716981598512284,0.5387041418023208,0.49461750453408077,0.49587522166871056,0.3710413662000645,0.288393696469187,0.5104334234559244,0.5608809106811644,0.44841746786291337,0.5944091286832537,0.6120758200331279,0.5032482286994527,0.586871084035109,0.43036396374187563,0.5761378824523467,0.27080445776598183,0.3888397518915053,0.5649083800872625,0.2851655777781236,0.5861181111325333,0.3299192468905116,0.6085997200132682,0.300585417152552,0.5422066358989573,0.49943308082057825,1.0,0.5732138791101983,0.4104696554661078,0.5862844923240552,0.5158164211869042,0.5978423550326598,0.5444838212700256,0.5315168900737426,0.4832933090029373,0.5857530338774594,0.6298413518366646,0.5581552463308073,0.6142312518995571,0.37090402648360876,0.5842145161448242,0.5334066806538021,0.6970268365240437,0.19025591264183847,0.2747072066279217,0.4572354142682279,0.31791714915213987,0.6011100131194176,0.5420967093863563,0.598419230727616,0.43984744693872607,0.551733511246441,0.4300978228392135,0.5268320432080865,0.3549070203517568,0.5516117398187576,0.15035934712144353,0.2520274670360061,0.35171692879707306,0.7049445937486147,0.5361795995176829,0.6178861642967844,0.6014349390745394,0.552880051473186,0.5813411030349078,0.3319799039651336,0.5565648015436573,0.3893031379776468,0.5848748279263305,0.5807868975979583,0.4490688691916105,0.5738983385886373,0.5358049771686619,0.6408776350215086,0.5997319822239396,0.60985619083713,0.5254969770373153,0.5676175993741149,0.6260203799886846,0.6172808363321984,0.5688037470797517,0.5584346347970058,0.4553586174420563,0.6193748068370531,0.5694425842502019,0.5378330669698929,0.4840373548898725,0.5001667313714894,0.43240233814754675,0.5640389652380633,0.5275588882217176,0.517419083726519,0.2677270043721854,0.5099069557610442,0.5446233271473682,0.5050373290811163,0.34551605016038717,0.3928629584836917,0.4231015849621025,0.5613242731865646,0.4115249474159492,0.28322928056167995,0.473458986620147,0.46488141455576526,0.6094039362177122,0.5082643826371893
PHO,0.6767202406744808,0.5938230432936921,0.5848062922810592,0.5836953468400671,0.6270815221142594,0.563506713554566,0.7043840098992624,0.6566224963832118,0.5350388572503342,0.8354667430808161,0.7688788537351234,0.6959035822778024,0.594789315907016,0.5488968206596273,0.5145014267256532,0.2750266202613902,0.28091143085458586,0.23706424581879632,0.6891503455242997,0.5965368656668197,0.8242242562512961,0.6955250990863643,0.7883529718645185,0.789042562768523,0.4750100336816562,0.2786742318016339,0.45265377341641916,0.42513517004630924,0.5171719583597613,0.6373287551129063,0.7155606806326015,0.653919221367755,0.3715155836095406,0.5612311007092867,0.5590382415870282,0.5161484439832195,0.7100575663317444,0.523048023396258,0.8046210884804712,0.6665026705000601,0.6649344424183686,0.6461818675400092,0.3749801137427428,0.6237748736926352,0.6323777771148258,0.41330669342146875,0.6655714438360815,0.5740057356228404,0.6556202138141014,0.5593573493388415,0.5119689174389955,0.6202551351741433,0.47293726766129457,0.4374778248225242,0.47668111903371563,0.6294979275990907,0.6796491042636105,0.8349871599757208,0.6943361705465124,0.5127815153199016,0.6718780069348823,0.8389301550428966,0.2934868592841341,0.31053975477755236,0.13183768901880913,0.5570902893618945,0.16392751453029022,0.7208180122201853,0.8175778681891944,0.698749027897175,0.2986656137653818,0.6121499749741246,0.5140862414919681,0.597886537895033,0.5993925516725389,0.7035635293663741,0.4801592549764628,0.33460344106874557,0.6373756012458003,0.8153249676364426,0.6041519419581682,0.7815017684558342,0.8436660980353653,0.6698573191977394,0.7829668564023706,0.6715537011995089,0.7183582978092768,0.34438491866251547,0.4756241828051954,0.4091425514565661,0.31350033703932556,0.7655355974501848,0.3870490196352834,0.8490822541651748,0.3732746803865202,0.8633278067039712,0.5624848293276443,0.5732138791101983,1.0,0.5335523781968978,0.8333785627203927,0.597639354348922,0.7612976212527983,0.6728885025901714,0.6534377556911227,0.6286318779005419,0.6724410362042492,0.8919446242772217,0.7195132839230012,0.8251053890761301,0.2397266829270647,0.6985179345381666,0.6178603914901994,0.6922942325180711,0.18757948060513532,0.30650577458103634,0.5722011182956936,0.40263079495556886,0.7999487809129806,0.7436237698488835,0.7965089098269429,0.3483749348589749,0.39531138838469393,0.4681344692540978,0.6961125710702273,0.3969366309861232,0.6948422654959175,0.2010782800351147,0.3036995075017075,0.36777277531179803,0.6846865114364019,0.8046399600205054,0.8014280164734474,0.8495048834698175,0.3863150625126302,0.7136544883727305,0.17209686848550793,0.6953811854509097,0.15572621925130045,0.865339606032542,0.7256569493641033,0.2869794732481988,0.7351146413207083,0.6020533756556301,0.87768578826696,0.8609362949799589,0.8020567323681358,0.6306625952936135,0.6812367666821698,0.8040997556352227,0.8151100042573727,0.8342526207539499,0.6939610101243163,0.5284660400070224,0.5514755472132705,0.6906736277406466,0.6636987500846896,0.5683824363821867,0.6601088094995555,0.5305183767058009,0.8259709408442253,0.8190419609206836,0.6273926232609924,0.32221672072390267,0.7379492857324353,0.8547273780267544,0.642116012757832,0.548033705378299,0.5230006419159178,0.658074013517118,0.7166298018853869,0.5598069105448658,0.3431884824614365,0.6408111488223709,0.5268365612314785,0.7514325135327646,0.6824318891120938
PICK,0.48917956514071576,0.4596676029429175,0.4211504382289872,0.45293247371112894,0.5700008364353023,0.44615941171781615,0.7899868764976135,0.8049807085219273,0.7554251988685456,0.6715936317709735,0.6455504064007519,0.7599052889134378,0.6305443499978547,0.4459852502882197,0.5050095744456848,0.11086309550475286,0.12604794119791046,0.0973912762645789,0.6243364827916433,0.4220153889007896,0.6049230066550392,0.5367177371327135,0.6130984209343028,0.6000669782109523,0.7445712138181619,0.13274156948446103,0.5542467100282322,0.5837890708093578,0.7055670254257065,0.5900828068586146,0.6913385476287991,0.7654671177810486,0.447189460109365,0.5034484407636263,0.7338362206694684,0.6177652633211683,0.7457906565990832,0.7230667472233111,0.6140865390021215,0.7860663772481298,0.6722575706149726,0.6397667558027001,0.5679033254029313,0.6500782019693645,0.5603818188187235,0.501113551784658,0.6601109020509562,0.6039458234419455,0.6547254552880772,0.6055823250550769,0.6321794346641513,0.7440265680895527,0.5916604187337888,0.6144380526935211,0.7120727675095047,0.4498430448727096,0.6783901939019836,0.6528475930191241,0.7692204496645637,0.7757347839579056,0.8024487086578962,0.4875478876334538,0.5986398913202241,0.6233064631252703,0.43215259709688625,0.8816313834929479,0.04407036688857202,0.7479392363840605,0.6039291803206935,0.6623063533804737,0.18881905899218665,0.4200592629249561,0.514652281760353,0.5779950699297188,0.40232610262925445,0.40343471749402077,0.4765864021485737,0.5432015796357981,0.5598626668243509,0.5277306854395948,0.5119792003486533,0.6019293220453507,0.6035259433075685,0.49805550229220424,0.5818280874255134,0.41232020862716384,0.6265188202550471,0.417161767195924,0.6522522674109117,0.2234763102219574,0.5307567909151052,0.5960329141564484,0.462222031657226,0.5842345296605217,0.5567045062554827,0.6705729712136873,0.5502291784100171,0.4104696554661078,0.5335523781968978,1.0,0.6061469269167981,0.55938820612327,0.6003558455733199,0.5358961992566763,0.5406509972230609,0.5014140905140728,0.5024265452233334,0.6462508580863279,0.5757478650703463,0.6422834362305636,0.15651162937448876,0.7345086421543358,0.7274933720430566,0.5092666276520529,0.5540273740899267,0.622008728334349,0.5442267604264014,0.4224914867455089,0.6147338692602293,0.568624002324782,0.6017358720887113,0.20636652255238572,0.21251991912391813,0.4678043289015747,0.5845526729908221,0.557398200737145,0.5199408239335463,0.24629969819449518,0.3484071164852923,0.6122325794830954,0.4872310891766255,0.4674960640513447,0.6060364387011137,0.6528439919320577,0.2009683697724298,0.7784783607090898,0.05025607872875073,0.714463679416078,0.014951060754963323,0.5834888830546895,0.6796283926472743,0.16668407609952188,0.43861811238486365,0.644482587388999,0.6369930394905648,0.6411191072221956,0.5755796042087413,0.7431700623517673,0.7629067254953973,0.7224225389888551,0.627748575044803,0.6363276119998346,0.5265555896855544,0.7316954745763234,0.40864831522424655,0.7968821855226652,0.8071612825695557,0.34972211947933923,0.5506567450966855,0.38258136685308636,0.48367237193750245,0.7513750016245898,0.454700861348343,0.4876381228235344,0.5468902355763837,0.6220788952193643,0.5293240981113633,0.27813706571036123,0.2777473722200107,0.3597475641670441,0.5207772226376539,0.8341598317669194,0.4775961479371991,0.4380268173425832,0.7126211774599726,0.6493529247655432,0.5349413841853837
PKW,0.6694262817311176,0.6418549951883743,0.5762718436376277,0.6224849565415753,0.673901510033708,0.6131034014274277,0.7530327318636564,0.7231099371518599,0.5712664631375154,0.9223940639420446,0.8850474806300263,0.7745926535547866,0.6325649210290616,0.6185321293817246,0.5944759745740831,0.16463421833892358,0.16154163689206097,0.13074818721870382,0.7090722527981929,0.6245458874186932,0.9023543126295528,0.7775050263515966,0.8705977428913757,0.831163709909465,0.5315086332752909,0.16155245926380193,0.42654134588526826,0.46107246619909065,0.5394019961622727,0.6139044479123131,0.7105473601952581,0.7265685677333038,0.39195744290711954,0.5935037414153724,0.5953410621932306,0.5656925225232546,0.7418997435015612,0.5558172092741029,0.8583706133940581,0.7108582894229701,0.6708770099856812,0.6742154635234564,0.39579150317671336,0.6775619655542013,0.6098075823517404,0.4498407818605119,0.6769868323350411,0.6225590837356042,0.6761882128921265,0.6015831410739053,0.5385179750700971,0.6795864444418935,0.521924235022702,0.4506896788417718,0.5013239081116897,0.6718275940534054,0.7031739828667024,0.9055258763091045,0.7306686947428249,0.574049000978631,0.7397662597796636,0.8386210210736939,0.2709298566043385,0.29861055894068544,0.09122979376450312,0.6731268595030694,0.03575182748296111,0.7591653916866375,0.8723240042746366,0.7609118619856675,0.2342109044373524,0.6097908805803662,0.48187418533680304,0.6501559014855272,0.6252884716162017,0.662940621075124,0.5181519655697217,0.5250344811737,0.6624102145773254,0.8437703432551799,0.7105388308368891,0.8289943997589208,0.878953647446608,0.8017790604851535,0.8740840212586373,0.7848582453211416,0.768383446812477,0.4027957399029558,0.4836625439892517,0.31680869835288056,0.33736196510713756,0.824837311084574,0.5431410449093853,0.8679378748051247,0.5460788688025913,0.8710296048800422,0.5774462748930644,0.5862844923240552,0.8333785627203927,0.6061469269167981,1.0,0.6059423471863261,0.7955154552674412,0.7103869085938674,0.6785379251381977,0.6870082018456208,0.7093412584442172,0.9486303479385395,0.801801289347159,0.8853273646930151,0.16009485353452707,0.72495169139522,0.6912430698981242,0.7064794368321848,0.19003669886187521,0.304621879296926,0.6013223746998164,0.44511018855174556,0.8591961666391389,0.8354024723598166,0.8498177380731842,0.2561037662360832,0.3022450613435647,0.445970398227986,0.7508077699509116,0.43377704417272983,0.7323226180799429,0.210628436314277,0.3521858954073963,0.4568801553753559,0.6895914698451067,0.806153030152285,0.8295799095292845,0.9316831676447962,0.30038188401517213,0.7483580038639736,0.044074258429904534,0.7204501401225268,0.035842240034661195,0.8944269877589899,0.7281125769433722,0.18044026769707575,0.6985480363321233,0.6084470912905009,0.9204131733515012,0.9348587539028235,0.819798077181095,0.6620969681767424,0.7054897619537189,0.8572746271935637,0.8759486120507052,0.9211403695775138,0.726439682906414,0.5693128466616463,0.5031881882118949,0.7275883470454868,0.7360835994892189,0.5844345253066531,0.726158861343127,0.5487730917525291,0.7706140658877424,0.8311437311426361,0.6980338170378039,0.5211464698719952,0.8788787840113096,0.879022605386568,0.6717890389830294,0.53200570792523,0.45714767610996726,0.6328540217565345,0.7694437588748391,0.6526864070785254,0.5340597891360224,0.7242475682188987,0.5589035787126205,0.7654497795031439,0.7632071036818067
QCLN,0.5776148068447344,0.7169354141953342,0.7140782119742303,0.7782776162254389,0.8299364130964508,0.7454524975771972,0.6230169771699013,0.6079107335172842,0.6699221034979388,0.7239064618080606,0.6310102959268359,0.6100789139904551,0.5377632754679609,0.4832822221329797,0.6771486027371081,0.21030419522640204,0.20592766946563454,0.16586411803561044,0.7405729132664098,0.6120291383562892,0.571395906512187,0.44241834071442293,0.505824368976736,0.7021723154717684,0.4982589062563948,0.21315350677258443,0.42331368683160575,0.474582308847586,0.6016252494588359,0.4505195224690406,0.6549250582509782,0.5244927897842527,0.34220655123197136,0.6062552553979785,0.649412098700443,0.4774249383618395,0.6149174457287538,0.6621669841778256,0.7061557253418005,0.5787253337822262,0.5824892160025091,0.5499052636055359,0.42059002900000536,0.5229919681300597,0.458680445742394,0.38588101633527083,0.6725842404558705,0.4825549011154186,0.5269079460390698,0.5374565592939582,0.6181737899593267,0.4805974528649838,0.4526619884054115,0.5539291993373776,0.5067483771654786,0.6690241219206956,0.5836858205414164,0.6988191245735157,0.6322333643311223,0.5756810074432245,0.5916260808831318,0.4431994034562807,0.31433904070453234,0.3495269786872758,0.18536628462372767,0.5229765067070223,0.09126049263589103,0.6176816669204725,0.6923609765251066,0.6004277397038628,0.2483508756826726,0.6021775872072607,0.8680375300123216,0.812689784820251,0.6013955255951002,0.4573838629613296,0.4403122260231066,0.299531043498459,0.7034355417858444,0.5110809151560672,0.5486799855628498,0.7448715319575622,0.6738539032842354,0.4902506928411714,0.6302679588003289,0.33345390197053165,0.8704185717062431,0.3278445530724483,0.6950692638087497,0.3267298812247377,0.47589811259975134,0.6854614186210882,0.3479488450792225,0.6420018686606157,0.36443742571933563,0.6538122957667054,0.939854793937089,0.5158164211869042,0.597639354348922,0.55938820612327,0.6059423471863261,1.0,0.8167611510938966,0.7271153587686852,0.7537253279966922,0.6572458527468246,0.5577286107642285,0.6688933884991025,0.6820538694441222,0.7805447707126221,0.1739922917572127,0.6354695014027085,0.5715917742978212,0.5831020401438992,0.26931430486963126,0.3640322669356219,0.7169158356781783,0.38791914365906266,0.6933469092454599,0.46052368242681646,0.6888132572280551,0.259716444647644,0.31437011371383006,0.8580572344930493,0.6959178936415535,0.43686700528815087,0.6757916935492475,0.1985528004490206,0.3129487936010758,0.5211512154284901,0.5767646870673402,0.4588598859960361,0.8264084419858626,0.6706171858344917,0.3109704468805121,0.6435553698733492,0.10141368287577375,0.5866436351241655,0.10206170612559802,0.5874978935377121,0.6036658558572381,0.2081805307684054,0.48286870967147905,0.5302220424196455,0.738113862377699,0.6056171218529415,0.7740423407294252,0.6192954208007053,0.6754738048896184,0.7340997983566372,0.7269084595159222,0.5571237649648406,0.7017921939686677,0.6505431630104563,0.460504712052634,0.6745618405411314,0.5668750360575705,0.6231602908999981,0.6135527529761812,0.6134951216832929,0.5803359497045264,0.5899753439662371,0.5456225282829977,0.276931626619866,0.46889090464490674,0.6099329643012799,0.691297561677314,0.1686645613774421,0.274637103717765,0.33302819927518856,0.7241089190911557,0.5821399678276213,0.36213179145809216,0.591100945333559,0.6689440335168088,0.8091145959760779,0.5790591930400186
QQQJ,0.7116520625564757,0.8533524470382097,0.8019115036502155,0.8606447656450729,0.8661620509449619,0.8484480064320867,0.7487822303969485,0.7075363967442291,0.7282634137328516,0.8895781157093853,0.7296148313095653,0.7357922576330065,0.650730806900151,0.6226057691165218,0.7351333601211422,0.24186214455322547,0.23487311090586765,0.20197433902228037,0.8602887510197278,0.8022149388745985,0.7792428749913068,0.5554293224763175,0.7123206303020467,0.8809584641031991,0.5601407302795166,0.23653795743219014,0.49895670105793194,0.47695863068056243,0.6769072954968738,0.6064862081426958,0.8019363682088738,0.6504401806315075,0.40342496046609444,0.714813203782561,0.7144429409867825,0.5730014272333374,0.7566436173514992,0.7243165929820554,0.8934804702670179,0.7007724392163295,0.7012563013702816,0.6896402360807876,0.4723867538749369,0.6388935860893137,0.6154560101271216,0.4769590084043342,0.7887277335389624,0.5820016973475309,0.6689064348988165,0.6569400985131972,0.6794444628030629,0.6091542115722036,0.5193139402612622,0.5942127006819247,0.5663170831511108,0.864338273582717,0.7242233313959361,0.8179288853989523,0.7427674781679782,0.6472080582123589,0.7031226127402588,0.6819574848813126,0.3438325341459692,0.38027517430079805,0.17280811007850974,0.5757119553523999,0.10999178200642548,0.7654997647672291,0.8921324820412632,0.7511909231684331,0.2839450914010348,0.7639643259141919,0.6900637809073632,0.8817462879830369,0.8139327342375468,0.6906964287774763,0.5425522517062928,0.3350167654155777,0.836326848149074,0.7253619945043944,0.6776855898195516,0.9214739990006703,0.8859107417233659,0.587118667161091,0.8016051711372643,0.5303044473030697,0.9176871061641738,0.3804169261034269,0.6299892708442215,0.38942264139393107,0.5182672784448269,0.8696311341340833,0.40186302638229027,0.8436499112176075,0.38694069149648963,0.7642545874083574,0.7843959366142802,0.5978423550326598,0.7612976212527983,0.6003558455733199,0.7955154552674412,0.8167611510938966,1.0,0.8701302214039102,0.8886062876916843,0.7991432716718362,0.6355174353523488,0.8547802759566526,0.8061913609777119,0.8912434114988668,0.19420022136990794,0.7535188507795177,0.655314302911096,0.7352541670376269,0.2670737778355669,0.3863989576771394,0.793551349825823,0.4690087579878916,0.8784929363252718,0.5877839739196123,0.8785562907165706,0.3045520335484125,0.3743609974633152,0.6536167544445377,0.8309344221146646,0.49846647148200735,0.8549367011099545,0.21990854650317046,0.3551675582092668,0.536164335224779,0.7227158800159437,0.7085767950008521,0.95945984969224,0.8039648193229544,0.37029277117685594,0.773634524366658,0.1122980115405898,0.7278743662273649,0.11248573525119752,0.7988698234645584,0.7727243509355611,0.23251438776640895,0.625850251342305,0.6296178149073002,0.9195416864139575,0.770033265954076,0.9539955101507904,0.718946802399647,0.7932023092198839,0.9019700111729833,0.9076908595737248,0.7340635527228173,0.8749838290845531,0.7204312622546775,0.5690304119197425,0.7912666276101261,0.6848417400924561,0.8053570608323418,0.7220151190027978,0.7328135191939854,0.7061617195495646,0.71768632007161,0.7526587242055183,0.31310359152671313,0.654697614833889,0.7622400779455962,0.834318495656423,0.3374985943596906,0.33744628679741556,0.5652155360266692,0.8262410480428699,0.6109897008273786,0.3855517535784562,0.6912468856632211,0.7337907721901463,0.927268041551898,0.7569506456946932
QQQM,0.678701839407385,0.8016578434992662,0.6596798383983319,0.7932770104309367,0.8323688713404604,0.8136772228599704,0.6989087977818936,0.6502140221888097,0.6943300405005791,0.8834465840250346,0.6107330411164144,0.6644061648735697,0.6543748132487246,0.5931956883884986,0.6983644410893658,0.21614150552597572,0.20469470613572643,0.17808121988637882,0.8648764842529112,0.7901780280218291,0.7671605038657705,0.43904607061384526,0.7016620416790301,0.9486419163926603,0.5064784942970461,0.20256272387790675,0.4443669826718928,0.4175837815845052,0.6379148132241941,0.5498813091125139,0.7883218981291076,0.590082989285968,0.3897446220405801,0.6991543270774498,0.716952291099583,0.5332010425237522,0.7225808931991071,0.6885034830207842,0.9485557490612487,0.669482002844433,0.6535318692739299,0.6610329886336848,0.40578011406607095,0.5971753966960784,0.5592905150005848,0.4550906685248419,0.7865273841341331,0.5314879531173321,0.6227388186688655,0.6080332368226369,0.7057797224513518,0.5454552293778624,0.4752468197931381,0.6048137806711906,0.5191317794161835,0.8927038732243537,0.698110064183875,0.6968157354947885,0.6902260697879691,0.5991845072428875,0.656797775928138,0.645485478753109,0.2926190326923797,0.3269780601693611,0.1414590464462001,0.4917702729649198,0.07499072112406377,0.7261797996976381,0.9381176777513506,0.7398079565274666,0.2456287525082981,0.6183544505823683,0.5710741177069957,0.7892936354705161,0.8393464081388599,0.6268296921485721,0.5301697177003537,0.26752284372590135,0.9631832060482414,0.7240569804528038,0.571498898851563,0.9282113328844324,0.9050022910882785,0.48401359362782437,0.7333560363992767,0.43909830829542806,0.8180849853163419,0.364081241608825,0.5683936577661405,0.3599556320660315,0.42834114127888673,0.9597818235257283,0.3247363378658362,0.7948994126440283,0.3103940209409045,0.6888905987462614,0.6546286248847796,0.5444838212700256,0.6728885025901714,0.5358961992566763,0.7103869085938674,0.7271153587686852,0.8701302214039102,1.0,0.9487037892508672,0.8864710641895277,0.5375889372196424,0.776639439902148,0.729780733409864,0.7702658896045523,0.17641769047835285,0.701159982095991,0.5576428179320247,0.7071475649875761,0.24634443703712952,0.3298968004616066,0.8885228737983902,0.45588864312131183,0.9438886175135399,0.4709983082657436,0.9460773095501225,0.28168061335383354,0.3449276915157579,0.5272983471725821,0.899887857197932,0.4785677247610237,0.9761457853031171,0.22442583455816523,0.36209469299196206,0.5037152021803085,0.6942975153347293,0.6919550543831715,0.8471352434590423,0.677379571851785,0.3448254923238049,0.7399373372581758,0.08297377156404728,0.68114358488244,0.0844197817671761,0.8025008031121198,0.7259543426642926,0.19573432780952654,0.5268989372601721,0.5436333470985478,0.8319452979399701,0.657350546571418,0.8964156137096474,0.7143651396998221,0.7571504920382016,0.9106338825797989,0.9398271195676738,0.6745104676061374,0.9844754113670316,0.6685484112930892,0.535373595746932,0.7496742309215563,0.6239350635872196,0.7338059291933531,0.6313262420389788,0.5855942701006541,0.6000228297616007,0.6233217357868311,0.8278085997030082,0.24182322955447752,0.5954367900032557,0.7014868983160552,0.968335624674428,0.3311218693742559,0.2988177835705033,0.4866838265105288,0.8689442433017824,0.5166193444990645,0.30254303300310575,0.5809070313094754,0.7001729884676989,0.9127795727533723,0.8103554683658721
QTEC,0.6510107876766545,0.8090696224699202,0.6876231890765515,0.8018789906981996,0.8306260372020836,0.8183019920380832,0.6746112789067201,0.6295987186766456,0.7081114059545476,0.8409236026993413,0.610642080541003,0.6383292245239978,0.6358617033195876,0.5753671610808645,0.6956042863890733,0.20498527990357202,0.19054094823456963,0.1626749448602446,0.8647000227879421,0.8346294513034829,0.7032713385928975,0.38905282818741527,0.625400438275228,0.8923355957033339,0.49597225728062083,0.1886414819385129,0.43404925815548073,0.4166308474857466,0.6465132633990753,0.5102266177804897,0.7709974353911937,0.5564974485623331,0.3612437746007364,0.684989129537524,0.7204637287194339,0.5179994205300313,0.6966073750047546,0.7024579644302652,0.8886000794764157,0.6390609249311193,0.6352940666537163,0.6338802032441442,0.4172321425182146,0.5608575775930073,0.5221661259155609,0.42823954706746725,0.7926241732631709,0.4939093031038874,0.592731889645708,0.5981725074954722,0.7187014538377519,0.5117624135821647,0.4585145056365543,0.6211600280448345,0.5110313926639193,0.8781650637275574,0.6756636784379935,0.6943965749469814,0.670437873653535,0.602339763557282,0.6337717889633506,0.5708498356907417,0.29349519461602136,0.3299481991647776,0.15571322846430102,0.4861476070842215,0.07167512880649403,0.6967378059846718,0.8769113269721869,0.7091245293349147,0.24150187187421568,0.6048874782369281,0.5863981258177337,0.8176212265000261,0.8606320584703123,0.5921788748924757,0.5012058207973339,0.2624476661789945,0.9391161391288511,0.6498745379440151,0.5614825463813176,0.9097582090462026,0.8707415277209665,0.4746618086587356,0.7207774021350964,0.38944565764667083,0.8324473280234022,0.346722239557387,0.5876813979585466,0.3428424389051557,0.45724716322722786,0.886946914936405,0.313520702063433,0.7772321080870941,0.3199894156207579,0.6770710002496252,0.6857521884346028,0.5315168900737426,0.6534377556911227,0.5406509972230609,0.6785379251381977,0.7537253279966922,0.8886062876916843,0.9487037892508672,1.0,0.8374837753713751,0.5086809872074595,0.748282178087987,0.7122546897401527,0.7777115030645168,0.1591954022190046,0.6792543126459913,0.5394596812852341,0.675727345888251,0.2568946749009153,0.33650437232442965,0.9236409221202507,0.4255908290619314,0.8770322212442246,0.42531866360147413,0.8782478274038393,0.26160919345710865,0.3280408910800439,0.556200112343205,0.8987385692520714,0.4684443130034062,0.9010824991715987,0.20701404695359443,0.3401951965434933,0.5077502071717225,0.6641800603906465,0.620780206904222,0.8645312595579597,0.6675498907564107,0.32816525039878414,0.7176808429401639,0.07481470947563738,0.6536529936283659,0.08110627787712084,0.7407226370700116,0.6968911089174511,0.18215693293971663,0.48300122112447075,0.5280433929829431,0.8199565675474613,0.6227249816178456,0.9045101763336703,0.7049652775595241,0.7467103955759783,0.8695677855730524,0.886629125527184,0.6248886759369539,0.9240607887136583,0.678546526941129,0.5093146372112259,0.7357938243741551,0.5948542407752602,0.7899869843329106,0.613724148957952,0.5885138773160116,0.5946233822891057,0.6040316604797781,0.7451054618761486,0.2395907375546536,0.5537476093355959,0.6688462610995622,0.9418464440329202,0.22518122699494963,0.21174637233883573,0.42840264152452484,0.796270007619382,0.5276333525806731,0.3150142970824751,0.5698207669753366,0.7140919581297549,0.9230265643052403,0.7427784098944454
QYLD,0.6048962060457781,0.7101710907288508,0.5890546859992636,0.6974661580351471,0.7409146265681996,0.7138546625007213,0.6581346569915658,0.6174391430679309,0.6374568572165108,0.8235024810726917,0.5842700180029418,0.6335395774728958,0.608631042188195,0.5837642837412674,0.6279052585393096,0.17321259920113666,0.14987045688806055,0.13136557844827773,0.7747759089342319,0.710467268125452,0.7330950997034174,0.4494140352677295,0.6934625361633684,0.8604014578551258,0.490512491930788,0.15184964510903856,0.3926808675980729,0.38388217131211,0.5842644057632863,0.5282154033149371,0.725010252720257,0.569476732948987,0.38257037411943595,0.628660636451468,0.6507813404854168,0.5078027105701187,0.6752509055467831,0.6305237651184382,0.8690061136737064,0.6303533544421794,0.5954565255035994,0.608969803358883,0.3810800222195321,0.567087112649036,0.5226152356776588,0.43098755450438797,0.7150767899673873,0.5184135326503758,0.5798003009247098,0.570072510692466,0.6375944764624668,0.5419139318866472,0.45480894543156547,0.5271440793447641,0.48902968893921817,0.7844148128595392,0.6420925139384013,0.6555237080865375,0.6435357661653113,0.5668260243388544,0.6211207097861872,0.6341891800927513,0.28418499146646803,0.3181508545232448,0.14129677991184444,0.4930206222061988,0.036624207981784625,0.6871951438280689,0.863423088233799,0.7092408825547548,0.2093199558460782,0.5905467211886157,0.5255660619326008,0.7222900242050025,0.7432626787992115,0.6049106727022335,0.49600806593594654,0.31382721538754055,0.8552635279852573,0.758010889970666,0.5482522179396764,0.8630071355261751,0.8332035223370265,0.45526274161691993,0.6849076514764821,0.4657313966793886,0.7502486819423476,0.34743042097360505,0.5291494865428864,0.29937653072301823,0.40849682713380797,0.8746636778849138,0.3522567915256691,0.7206398708738752,0.344404380242023,0.6461054019135737,0.5954871753902506,0.4832933090029373,0.6286318779005419,0.5014140905140728,0.6870082018456208,0.6572458527468246,0.7991432716718362,0.8864710641895277,0.8374837753713751,1.0,0.4979322016152218,0.7361228245377026,0.7974683483491319,0.7192502525811897,0.14064714279388948,0.6479528047798137,0.5445241533653127,0.6348447424417295,0.2324676763717902,0.3239404480887459,0.7886809828609818,0.4379614577620479,0.8688878723761635,0.4712895006308594,0.8677039796948645,0.21598487877909353,0.28880055765046314,0.48454973523859374,0.8024378346380179,0.4789047632654625,0.8705431564609858,0.21878452186745392,0.34625026480504817,0.4578002053535117,0.6174350591252457,0.6736296683910011,0.7800325788277828,0.6478238130113373,0.29174720370096635,0.6884214272815523,0.032727098589696614,0.6390132689004926,0.05058885878081427,0.7587297018790806,0.6881380570980667,0.13929894418895475,0.5086228883291916,0.5027767510380131,0.7827300368313528,0.6435254623454786,0.8238011593624253,0.6556799902367316,0.6962646192527852,0.8399743281703997,0.8658634205960184,0.6620002972347643,0.8802106332499665,0.6251103377264933,0.4657424439441502,0.6984061517625283,0.6041781906899719,0.6529385220625057,0.5996192501580766,0.5548734044715613,0.5463396772857226,0.6048948427790094,0.7318173598059647,0.29212428901176185,0.5864046762935287,0.6674895766759879,0.8597926617267656,0.3526489184837142,0.30962559446768556,0.4974182413707488,0.7799488704694609,0.4913108521779145,0.34687863613668607,0.5360576836078936,0.6396096682057145,0.818660063563848,0.9149379639506411
REM,0.6464864599407902,0.5236796871058382,0.5328484714257317,0.5285300921614668,0.5611232618176519,0.5038072712271733,0.6522875026217606,0.6364016118386274,0.5082182626945034,0.7074261995627016,0.7207136374021637,0.6673113494255308,0.516859561161211,0.5303575827069776,0.4681631711333799,0.3283060272662289,0.34382885946719893,0.26594030931548585,0.577874740924091,0.4701852879654208,0.663411335570404,0.7472006621565374,0.6229340032432918,0.6337761450716692,0.490422800967195,0.34395040518216397,0.4821271678700829,0.4326916656714252,0.48732770423522526,0.5744291829676521,0.6001589674320378,0.6353430918337974,0.3505566166820287,0.5027013851428113,0.5122572637373248,0.5050759661940845,0.6353356435660081,0.4986674585256688,0.6531289069592918,0.6116213223660405,0.5877011716822478,0.5764029478411917,0.37199507874603716,0.5915034128709045,0.5708873548344489,0.383869559114492,0.5714798580620245,0.5683479274545636,0.5925907455124604,0.5253278202635837,0.4587948073440142,0.5904692758696013,0.46258533864052964,0.39401327261359115,0.4902866553927023,0.5247294939842527,0.6013877426564714,0.7678162762240913,0.6605615149566443,0.514663326034357,0.6418774248783805,0.6099895714572084,0.29319213939097805,0.3174860238266549,0.1642019524013824,0.5573035724728085,0.22622900294371803,0.6497085278179787,0.6527561476259898,0.6052230355962288,0.3704004585333865,0.5240841198818567,0.5067553847815344,0.5360330389389737,0.46979790966858925,0.5281935368644174,0.4312679923685848,0.40730981673571043,0.4960582284244307,0.6243048628385606,0.5942973067447817,0.6112831674510201,0.6578677189531015,0.6763843640250516,0.6805935188192057,0.5829678003131396,0.6430613807307687,0.36428919918362174,0.4389380995152886,0.43251110274843313,0.33063902184660676,0.6207102468504319,0.4856800210117952,0.703370003440357,0.41763488090954504,0.6533901725915278,0.5593758809872993,0.5857530338774594,0.6724410362042492,0.5024265452233334,0.7093412584442172,0.5577286107642285,0.6355174353523488,0.5375889372196424,0.5086809872074595,0.4979322016152218,1.0,0.7506770839462298,0.6563433353472599,0.7455632981108204,0.3366802391926702,0.6545967372922158,0.7416263399311706,0.6637504505746633,0.22418918829116144,0.31020129977612615,0.4372244532479924,0.36886246360920866,0.6511197208819942,0.7479297383694801,0.6460226527713722,0.37417474494180253,0.4238698590730304,0.4720958495626428,0.5642374209076741,0.37283009174509407,0.5578108223477142,0.18354829617690227,0.28780088254844166,0.3744023832109175,0.6591403911073312,0.6047522044459824,0.6824414855775295,0.7771883044066967,0.4130210011785845,0.6477979909400979,0.23950607479523944,0.6318340640483542,0.22798310253442944,0.6639665303782513,0.6286543507873422,0.3776150972240427,0.7240052978409428,0.6334783004930543,0.7329241192765684,0.7610779201292173,0.6368416809912043,0.5611445503499741,0.6210963321039746,0.6871401529977536,0.6759305328774282,0.6994711919044042,0.5548407356009325,0.511580823457645,0.5663296669097022,0.6345139059566215,0.6501324241836242,0.481748261106258,0.5655328814899324,0.5058124106017402,0.6649218949779933,0.6451088096727197,0.5479565615893308,0.3880651539612086,0.6425101193386566,0.646946254840871,0.4928470017945298,0.421818888036483,0.4483582770839428,0.46984510445615396,0.6192304740496931,0.5121545564392572,0.4040230478535776,0.5907507138697538,0.49556776006224706,0.6369421540152568,0.5643293187155864
RSP,0.7327348916136028,0.6858689184289342,0.6376305641162346,0.6726058674734138,0.7255575833444433,0.6610439565534045,0.8072040953895836,0.7696624954639995,0.6381138825979532,0.9577345728960089,0.87762269996597,0.819036627566641,0.6770575505832757,0.6454005202058767,0.6167283832203366,0.22252293246720273,0.22324951010978883,0.18288750405471318,0.7697671501284474,0.6726537055918929,0.9328662805299655,0.802069935173852,0.899293949956266,0.8934932995215726,0.5799079854436114,0.2229852739835249,0.4871101842534827,0.4917141338607807,0.6084327058991488,0.6851445915405405,0.7846668071084493,0.7674126288642746,0.4290759599229361,0.6459991054630259,0.6584454807112075,0.6020427477830247,0.802491570572571,0.6223017145440571,0.915518393534704,0.7694519629769818,0.7291045228899704,0.7241420986376758,0.448684151177785,0.7155465214702561,0.6790192140608404,0.48623407773373895,0.7442027741641527,0.6606082467908067,0.7283175141142593,0.6541980291838232,0.6020532980018812,0.726930395016094,0.5496980237539301,0.5173888821379576,0.557518268944915,0.7208132165902654,0.7590174113377193,0.9259808760934767,0.7906273161399108,0.628806405151214,0.790094599797907,0.8847884640480495,0.3339846103077046,0.36021316872941433,0.1466945555276692,0.7038865653460906,0.08966400574081389,0.8151336226841908,0.9218504546616005,0.8046637809555158,0.2853105203729817,0.6645218461972738,0.5547187362077641,0.7008014124250509,0.6736438931945304,0.7311609494849571,0.5481119437116344,0.5173856943812385,0.7321885754431446,0.8921231810649446,0.7231579586645032,0.876711274976663,0.937778168147676,0.7763007654254624,0.8853607263449355,0.7612689788650266,0.8111014417765624,0.42854234877371405,0.5436413205204186,0.3794868464616179,0.38828147957480685,0.8808187707366031,0.5470150960418529,0.9324347993911828,0.5374024737552693,0.8923895190423647,0.6359315168458238,0.6298413518366646,0.8919446242772217,0.6462508580863279,0.9486303479385395,0.6688933884991025,0.8547802759566526,0.776639439902148,0.748282178087987,0.7361228245377026,0.7506770839462298,1.0,0.8242386821592579,0.9152696327351915,0.2095505546739476,0.7839932980019546,0.7360032860179163,0.7643315651443338,0.24196637113568276,0.361065130911977,0.6652768143618984,0.46941700070451226,0.9155218641582351,0.8723625575058296,0.9070227516074332,0.31681809068192707,0.36402101996822755,0.5072353137028061,0.8108257803858708,0.4836863715968812,0.7932125321717369,0.23612742891642916,0.3650868358869943,0.48201016795145685,0.748106453717481,0.8696622057981375,0.879369355291842,0.9468691416027658,0.35892285004907065,0.811625665188081,0.0980154720977189,0.7788944116424988,0.08555716444297277,0.9481565669852008,0.7966229976448398,0.24086474707532257,0.7867984830536556,0.6772003062776113,0.9728273308553999,0.9710803451693476,0.880000598050307,0.7246442975613316,0.7739202049319369,0.9184316894051945,0.9287907174984127,0.9557309776414484,0.7893504366572907,0.6311153118702055,0.5687381325967267,0.7931411231033485,0.7817790260735524,0.6307865020898008,0.7479707914419788,0.5973252779055613,0.7991267111762422,0.8774391060647793,0.7408833028643161,0.5055222097638101,0.8671381945532387,0.9138759087163435,0.7399296354892541,0.592727023271394,0.539744309685825,0.6928399041379161,0.8097289815121071,0.666008363428578,0.5200471358433624,0.7270852644246633,0.6247819585770519,0.8467998009573035,0.8019095071138371
RYLD,0.6014754251148791,0.6837956418492359,0.6439855610140014,0.685884338379179,0.7409389235611281,0.6737810844627083,0.7047520614666921,0.6803101195588791,0.6166561950895995,0.8543861755824169,0.8021259292641261,0.7227804889355298,0.6180875457208388,0.5767945340755741,0.6292631663978893,0.14327259018596816,0.12569487318288156,0.10065284890484556,0.7348246679573354,0.6470348288036654,0.7697826183700363,0.6484020652385779,0.7266890874851202,0.7909358664169296,0.5310825937924906,0.12821956569802498,0.39178664791385687,0.43370550039795336,0.5617094571294162,0.5497186175646522,0.6958808048024991,0.6541356864312937,0.3909926348464597,0.59761421074999,0.6264347306766869,0.5392321795360685,0.6978295357053486,0.6051720862589358,0.8107946180561795,0.6723290541239472,0.6158506792033406,0.6212734698009119,0.40645396605647116,0.6176030808835818,0.5397852043677176,0.4235337639712978,0.6707528589275352,0.5695518611970555,0.6154554864589051,0.6066973568881867,0.5829230931558166,0.6084857712743359,0.5069569989099695,0.4962243134769184,0.5093207416659399,0.6798722530553261,0.6567185550110534,0.8403091522522014,0.69028851703988,0.5790052047591409,0.6884406385172315,0.6656715992240878,0.2920861783802359,0.33159574570858963,0.13222276163820365,0.6053494763519083,0.009689797304200196,0.7129345591731396,0.812070925716223,0.7368871605976499,0.1929904403652492,0.6383595023233662,0.5486182287265998,0.7193393720372188,0.6445013983923623,0.5974681287580542,0.49566943755782517,0.4514638599241739,0.7014111216117528,0.7569353065569341,0.6842345197475552,0.8122566688757178,0.8002958881313089,0.6810536384201799,0.7849461307801783,0.6228699165504761,0.808453546909621,0.39195342680054657,0.5265606936982737,0.27390644072084946,0.3957859131295093,0.7860806518697726,0.50041343121516,0.7551361685433411,0.5133483439871259,0.7782020382005459,0.670036767120633,0.5581552463308073,0.7195132839230012,0.5757478650703463,0.801801289347159,0.6820538694441222,0.8061913609777119,0.729780733409864,0.7122546897401527,0.7974683483491319,0.6563433353472599,0.8242386821592579,1.0,0.8656106583956442,0.13255477469829277,0.6803489715978814,0.6569225375468646,0.6409828710458403,0.22794208057944934,0.3487797819626916,0.6538055567090142,0.4356143662501778,0.8083697327801218,0.664032072471411,0.8032998953253638,0.20745198152679892,0.26020366663922545,0.5186783870915039,0.7307144749341833,0.45103837734109226,0.7283586084055182,0.20781541434676368,0.35957925984799516,0.49685586033397316,0.6190770906874794,0.6667960817923159,0.8457732913015824,0.8376219861258838,0.26522318352441215,0.7128164006037053,0.004335014101146964,0.6647704484909096,0.023456764998113777,0.7678222343284629,0.695414868484455,0.14326290448916723,0.6162126382174299,0.5618645673350401,0.8433349277729094,0.792785570728299,0.8055081971510006,0.6603476177987034,0.6958051238331769,0.8202911592836263,0.8331114409993945,0.7638211895025764,0.7390114991904666,0.6115655380157574,0.44525448205189955,0.7136381989219394,0.6785825526895681,0.6175643775013152,0.7080725980637474,0.6310647039669839,0.6570796958531208,0.7082397215828304,0.6501022223715764,0.43774068038857117,0.704507599913598,0.7649538568862251,0.7016222095762699,0.3729719898185967,0.3545194921302632,0.5157885310634162,0.7392289772488072,0.6290047397001446,0.4917345747610891,0.6612596879447885,0.609574466719898,0.7793024600291332,0.8471940149926112
SCHA,0.6913638248304571,0.755878970690502,0.7573268660769299,0.7773621309382488,0.8234230449855672,0.7474316828812497,0.7654545015624091,0.742514584316413,0.6734152184058617,0.9290041078355241,0.9274511495305384,0.7789714478497693,0.6650615855339642,0.606860486092782,0.7049262564470303,0.2079098429552519,0.20493403054307843,0.17124759214045163,0.8098070275253216,0.6973834864389002,0.8340635748538302,0.722533193518148,0.7679195185128853,0.8428638476772841,0.5575954622823809,0.20761077892397647,0.47171175297625334,0.4932401909626922,0.6253335129836374,0.5952239672418291,0.7561922832289074,0.7043786560284688,0.40395220797725245,0.6658578753212396,0.6893686988366862,0.5698847741476508,0.7553126916337917,0.6601272282312864,0.8600728993810305,0.7248974942292554,0.6924531422839041,0.6755249915293003,0.4348849216782724,0.6632045974063014,0.596424694458265,0.4484130985941187,0.7322036390095717,0.611781767142395,0.6736199782800044,0.6298949374309999,0.6345772296541677,0.6473358405033063,0.5345441153228391,0.5590936669312286,0.5560123556178326,0.7414291763641981,0.713512156663646,0.9720549565363018,0.7644598462709541,0.620460910292959,0.7476512692030632,0.7097071644327222,0.32888353105662077,0.36815944076790136,0.15220858120269448,0.6595067247035189,0.07887437376022632,0.7650218738179698,0.8612598997816173,0.762652821025287,0.2598755847599899,0.7011791763065851,0.6272229215561299,0.8051198873821712,0.6812052102956978,0.6297493542433762,0.5249498742267822,0.46379420602125165,0.7404579402987055,0.7422657154829956,0.7493641569406584,0.8678174549280863,0.8636990687974188,0.8025633848758689,0.8726796394813929,0.6608650673855632,0.9138864618378181,0.41284638573356336,0.5888530066484726,0.3549610866509671,0.4163256726070859,0.8244077587490508,0.5210605917176254,0.8507478582668161,0.5504955336801071,0.8860509504831154,0.7729115040475744,0.6142312518995571,0.8251053890761301,0.6422834362305636,0.8853273646930151,0.7805447707126221,0.8912434114988668,0.7702658896045523,0.7777115030645168,0.7192502525811897,0.7455632981108204,0.9152696327351915,0.8656106583956442,1.0,0.1881197200271516,0.7559489384528032,0.7157307293403619,0.7237299164559777,0.25385723069620536,0.37948338106389995,0.7062529194292766,0.46185958704737884,0.8525008254560899,0.7620735878002673,0.8451613328680166,0.28675133958976984,0.3382197475408807,0.5971834605950808,0.7892757935049892,0.47378105094716755,0.7590246915897118,0.2294674164004758,0.3760065967900621,0.5324178085521185,0.7057833063241287,0.6979222017972296,0.9556977027107552,0.9572935935577379,0.3366014717432654,0.7772425311657697,0.0839568909873865,0.7238550098006855,0.0769011083184977,0.8237640803738822,0.740384554220645,0.222555587694253,0.6951161017818384,0.647209600482176,0.9327529027106969,0.8830500101971113,0.8842141030576521,0.7241105914742929,0.7640102529361812,0.8819851822126713,0.8906787398608014,0.8368515217399387,0.7720009507507816,0.6553049120400859,0.5358574949595245,0.7751878613742854,0.7254948547174959,0.6914897669343378,0.7817493723388889,0.7102979213355901,0.7915073520686463,0.7940783940472087,0.6862193226263221,0.4563166488233765,0.7692148275095865,0.8479719162432201,0.7387582072367233,0.38047854901988404,0.38695177208258824,0.5383542509567041,0.800668923568768,0.713687210381276,0.5241373118940447,0.7811289015160087,0.6656975772438054,0.8581340012266039,0.7294556136487359
SCHP,0.49242690462209626,0.16720174806016475,0.1979841822935912,0.17502342742874782,0.1726424743053365,0.15965697015298613,0.22572164664680958,0.22894524287342694,0.15383629052259784,0.17454407557329712,0.13237159574268897,0.2424758880157429,0.17605378012104198,0.16290096450004454,0.1085912716062466,0.7625712321777318,0.8160831823462665,0.6697630059096686,0.1831674105389386,0.17405459346534688,0.17483426146436742,0.25634017852148455,0.17890856850724363,0.1877284609424827,0.16909207697989923,0.8100495443637216,0.4720815204103559,0.1676217960312177,0.18839528085618612,0.30745891169437906,0.2282444011789244,0.1833598519137559,0.15292575837816047,0.183518297253928,0.17653394216720053,0.15265045981034508,0.21980906594477337,0.14747106445059563,0.19655093794655346,0.2491349831405782,0.1959368078782194,0.1848242436898699,0.09014758927728242,0.15741575133360186,0.27613655568795387,0.1712766180054045,0.16196812094733426,0.172229583654148,0.17743592276881004,0.15311210651964138,0.13653626289774842,0.19702066999195067,0.21241239203053836,0.1461853642933116,0.24739000491627935,0.1810353394983935,0.17239930738479264,0.1817860160502414,0.25796697260505036,0.1496402795758462,0.19693006153886755,0.21172063733913057,0.32325103577484565,0.3248317692780164,0.327547199690445,0.17048647905083628,0.7720998032337192,0.22784725749403445,0.19451820992945104,0.06895664107472244,0.5148121362330501,0.19423618614197982,0.2500653173715842,0.17626419165534718,0.16944771968991798,0.21352650884603988,0.10940761854428777,0.09223621994380901,0.14921136214803044,0.20199295115019475,0.07493490780254032,0.18231889886614602,0.20774192813513062,0.048296463406674824,0.1381081615065661,0.06096094145308236,0.1807597764738602,0.12104067355706914,0.14655941518340193,0.7650218461415338,0.05779869647203092,0.1829787127065741,0.12729541504913264,0.23447071964009927,0.06053221465681944,0.148503920218555,0.16979738021215482,0.37090402648360876,0.2397266829270647,0.15651162937448876,0.16009485353452707,0.1739922917572127,0.19420022136990794,0.17641769047835285,0.1591954022190046,0.14064714279388948,0.3366802391926702,0.2095505546739476,0.13255477469829277,0.1881197200271516,1.0,0.25693069162103577,0.25468569027003496,0.43248189635539663,0.2284509733098979,0.2825381755600355,0.10745333194969961,0.08344892671442618,0.189582096457565,0.2182748897030133,0.19112831178277132,0.694556861416793,0.7688885724213329,0.20391524547389683,0.15623481146142493,0.18722458957699983,0.17890460833659383,0.009095869274938311,0.06834261108463566,0.13704468084324783,0.45862838157103125,0.24505008922236635,0.2085083794676845,0.17200124040545656,0.7351940498726512,0.228584243599016,0.8010261957714648,0.2141649365702239,0.7514820828503775,0.19774410949846402,0.25671311022484206,0.7716428198284659,0.33383510630918556,0.2950850667507979,0.21931372857640236,0.19971409419138533,0.20789559022890827,0.20388275340520043,0.21098699156701606,0.20925407807545904,0.19409845658232966,0.17667011984361822,0.17881494208934395,0.1410869486921623,0.613641968129576,0.21247308070978005,0.20569039183832227,0.18311802030195573,0.1666299677229394,0.16380820319764264,0.27446528145208743,0.19143678092667898,0.17471393873490487,0.07586890623736048,0.07367053355894411,0.14662459869587863,0.1475564969883062,0.18389576747234243,0.2866755674582905,0.18771809528606698,0.19131298958402626,0.15996411638112723,0.07151028168414991,0.14080978960182278,0.1409009424726841,0.2207432746408684,0.13209342962962078
SCZ,0.6808034995695877,0.6424249655045763,0.58293917836763,0.6158677321360897,0.6841033418911812,0.6128317001276605,0.9680296124870038,0.9614210330792963,0.777830717528334,0.7872726093937634,0.6834710678533562,0.8078744450722333,0.83657925125033,0.5918111421902247,0.5974809296386798,0.2715596731113783,0.2979615925252858,0.2539280846248674,0.8055167956482799,0.5756758115635274,0.7361819027374046,0.6152677509992243,0.7074506464915895,0.7597471576759184,0.6993393210257763,0.29762119400031906,0.6988690892140218,0.5628554729287295,0.761314571707753,0.8710170978099896,0.9305008321109434,0.9186180142390319,0.4937569681741254,0.6659619348311502,0.7816964401444175,0.7380141653226636,0.9573949166191782,0.7624521735297266,0.7707594102944498,0.8479232370921564,0.8842345578691835,0.8853016460706713,0.549535710057424,0.8544853152994969,0.8066956141348767,0.5714606625683786,0.8620535713916474,0.8012756388654837,0.8752975645794396,0.7412917540241728,0.6942905467185249,0.8504798247885127,0.6268019145294009,0.6369225011695114,0.7087651955878458,0.638746818805609,0.8968844950685918,0.744000324205192,0.9753392143526484,0.758393768829711,0.932761766723331,0.6571975324546531,0.4930771182107195,0.5254267104122332,0.3379109312294043,0.7173597837571803,0.17711660358170628,0.9562309433530753,0.7649611255830341,0.835216848793027,0.3383552432006066,0.5801556371206269,0.6162933586461774,0.6733065051523842,0.5758796803576499,0.5924030829901448,0.6265386739336827,0.41034118477400017,0.6981270019899402,0.6766181897260236,0.6241001591048788,0.74983920718013,0.7639148464389893,0.5766476221988354,0.724102879584806,0.5413845101694098,0.7415050633433163,0.42786770713500527,0.6162528732785522,0.41547264464320866,0.5152234514096707,0.7510566144863227,0.413680528197074,0.745007024099765,0.4180800637380438,0.7121871797979042,0.6148995873729094,0.5842145161448242,0.6985179345381666,0.7345086421543358,0.72495169139522,0.6354695014027085,0.7535188507795177,0.701159982095991,0.6792543126459913,0.6479528047798137,0.6545967372922158,0.7839932980019546,0.6803489715978814,0.7559489384528032,0.25693069162103577,1.0,0.7763146408938592,0.701645120123754,0.39284682480725985,0.5036412186833575,0.6385337078789728,0.5382001164129051,0.7659331807749734,0.6481628689799352,0.7639918261313683,0.39059181500295853,0.40123461323568177,0.542714208644588,0.7018201925198434,0.6049031229055649,0.7025097809108354,0.2762211289331077,0.3815471784381567,0.5514088895154475,0.6912774608680126,0.6499030713474064,0.7505065621496497,0.74280767900681,0.38098320351668913,0.9620326154458878,0.20019470531936207,0.9352743024335042,0.1482675391396743,0.7416039154930815,0.9190074318198334,0.3260702711374004,0.6345260954251591,0.854899732529642,0.7905805471236591,0.749124248063411,0.7460640396171633,0.8852358088655777,0.9359217344690994,0.8800280200682049,0.7803223313154615,0.7316894916870045,0.7044769700798637,0.7676006298036716,0.6197762326598101,0.9455254967555169,0.9167494424817495,0.5374686339932753,0.6394605325247387,0.5370038403702436,0.6467041585439574,0.7515706794638665,0.6466957039940427,0.34674557454777644,0.6636024556576379,0.7195672955530872,0.6625119747825438,0.41496317678939343,0.396502012489791,0.5152150277783282,0.6970161504926197,0.6239203764405855,0.3583393320068832,0.5576277144521755,0.7640998408674853,0.8231330331257295,0.6642228123292019
SDIV,0.6169211860711312,0.5482539688826646,0.5147629681590459,0.5317923952873302,0.5906655441955053,0.5183301160376236,0.8012301370105916,0.797678524884048,0.7457485258355623,0.7166769793676937,0.7105978506295194,0.7672043741982316,0.6083822743770405,0.5461099514838059,0.5055776323748831,0.23701633520528193,0.2538789895214308,0.18282604887546625,0.6249302152076319,0.4603191597944474,0.6674054871260718,0.7267438873895529,0.6664344053722285,0.6420863552295462,0.8313616245916181,0.2577408224834588,0.6387407879986751,0.5526161434968907,0.7024905264673096,0.6946607628477406,0.7138617295540983,0.7964071474626182,0.4511319228682733,0.5468168244499857,0.6807089906802759,0.6384863050558384,0.776647156980278,0.7238728983585869,0.6640701471198888,0.764789616799897,0.6965006059560305,0.693073540885147,0.6252144891315384,0.708228229646994,0.6486693872036616,0.514770196175999,0.6840136682243068,0.6721286842073704,0.7132161313638155,0.6691124063575735,0.5893788770509115,0.7599335909666758,0.5916188733223143,0.5317219451556824,0.6726257280578546,0.5244880340255863,0.7224789121485998,0.7333667565571867,0.7954326175265553,0.8071656910581926,0.8002797485104418,0.5896055527827149,0.43941762534214585,0.4700205663182675,0.28869840065917984,0.7675860240273389,0.15003085462381505,0.7862638856932629,0.6600821101107879,0.7008398557889806,0.2955755100272825,0.5177931958320375,0.5370421711006736,0.5712845845939686,0.4596259290203438,0.5037356180728042,0.49492174419216206,0.5523115573071512,0.5390502621278711,0.6221698388580911,0.581705509780176,0.6196441201986365,0.656907711467662,0.6012198666652984,0.6658906829327792,0.5284122604468292,0.6629713742830149,0.43597838652500004,0.5864440914570405,0.3648907695767896,0.5916447139973051,0.6363409677140982,0.5270794415293815,0.683019960327082,0.5343082053021968,0.6398268719463652,0.5740665524587313,0.5334066806538021,0.6178603914901994,0.7274933720430566,0.6912430698981242,0.5715917742978212,0.655314302911096,0.5576428179320247,0.5394596812852341,0.5445241533653127,0.7416263399311706,0.7360032860179163,0.6569225375468646,0.7157307293403619,0.25468569027003496,0.7763146408938592,1.0,0.6417468901057471,0.3690049202728975,0.46269385287223,0.4904356757116928,0.42691146510056205,0.6618127598285459,0.7167999456106426,0.6525421219474519,0.32392610273189437,0.3532967825333214,0.4958540064563953,0.5982974657852164,0.5411948605248084,0.5660841797928199,0.23904496178261891,0.3401686923706028,0.48941690990496495,0.6268018929465965,0.5871795188694623,0.6670840172804923,0.7390639764765482,0.33790145556173273,0.7878209419285332,0.15153189910512818,0.7651042035609785,0.1256944201888026,0.6528358491776093,0.7455142559309079,0.28488607784637804,0.6407646234035491,0.7726310650709721,0.7197772316350342,0.7399619575943391,0.6338950232335098,0.7005304909934071,0.783213384195879,0.7600626025368887,0.6816546259794284,0.7063293842359416,0.5633057577510183,0.7551060950449726,0.5538584416189766,0.8099153019547105,0.8395551477959996,0.46264568494284003,0.5560259611503999,0.4948282238816647,0.5754451927300734,0.7060177532109665,0.5571684727001915,0.4966109767183222,0.6290288627031703,0.6365812621292823,0.5177776135403572,0.410284741545472,0.40752557987435634,0.454931954952908,0.5968525118866935,0.6366439168666614,0.49739507590667886,0.5451274805141387,0.7104307869982559,0.6942738745604312,0.5996180689093265
SHYG,0.9483737726781952,0.6568334336685936,0.6028290967016496,0.6504576396395333,0.6536901897239801,0.6426925868915939,0.6947872301095231,0.6579496372068098,0.5785920695614057,0.7602196644568118,0.6384913816434874,0.649793647568942,0.5960853118048953,0.7056337575968247,0.5381289125300565,0.4933111293305179,0.5169128040174562,0.41906487530725467,0.6938343544372984,0.5953300518612548,0.7062825168593335,0.5973887669531154,0.6589131825254047,0.7528501688843834,0.511688460444784,0.515648956330072,0.6065476640294094,0.4252811838721076,0.5591584254855684,0.6268565898263548,0.7041076030664126,0.6448031388577846,0.38423546562877237,0.5717279780152362,0.5827876732562944,0.5436441569178125,0.7029446095741324,0.5668787258580565,0.7662308809860735,0.672202381257284,0.6316072239656026,0.6510613985108044,0.37857649701949764,0.6353964738729411,0.6043931471119517,0.42262548197070565,0.6659742732032397,0.5862534124197936,0.6424635583009385,0.6003562738078838,0.5357730079172159,0.5994989554302861,0.4744737622386817,0.4692203630789041,0.5287518687488362,0.6800209936746417,0.6738021061594082,0.7011852485247828,0.696081051360326,0.540685114414097,0.6634724805126374,0.6600548972229565,0.33449686052044925,0.36445644597123744,0.21413820020373533,0.5240029024346176,0.36678870033990574,0.7127292921551948,0.7637662236145702,0.6444041015518805,0.509749321399804,0.5936583181111141,0.5038651079677214,0.6178164926008939,0.6265610464492765,0.6091873131738074,0.4666542011896353,0.3442884068997355,0.6620131452997453,0.6789179590763914,0.563212778233864,0.7286132517294367,0.7568473592849928,0.5429212366823122,0.7004912986623442,0.5014608756908332,0.6870149281989638,0.3668122327053126,0.46058480971378685,0.6493764453906399,0.37437555474724654,0.7488876990416644,0.3923964373761276,0.7670844006175322,0.3511454920766286,0.6498627175945247,0.5575259405501458,0.6970268365240437,0.6922942325180711,0.5092666276520529,0.7064794368321848,0.5831020401438992,0.7352541670376269,0.7071475649875761,0.675727345888251,0.6348447424417295,0.6637504505746633,0.7643315651443338,0.6409828710458403,0.7237299164559777,0.43248189635539663,0.701645120123754,0.6417468901057471,1.0,0.24926500583395797,0.34185301990022754,0.5898330573277477,0.3991410965665134,0.7641915028258272,0.6181155199778741,0.7598838310939402,0.5764695081063408,0.6378494923763341,0.45505420233356036,0.6747372190463273,0.46795701904452575,0.71779652542488,0.19279439085532613,0.3192014849663261,0.4097633219849932,0.979407312765964,0.6634823507247318,0.742852875740872,0.7010227105060604,0.6115692074819257,0.7072267577451861,0.3939614333324931,0.683476802365869,0.3576004611173743,0.7284501956175534,0.6989667641476942,0.5126204593921394,0.656353953528986,0.6225727868284971,0.7715664095044531,0.7079102807104452,0.7500273875635947,0.6394644389017481,0.6901534789011776,0.7779677936530114,0.7728698612389533,0.6855571282353944,0.7233026347282131,0.5726426056531295,0.7723975451196315,0.6973378358892981,0.6603076726699127,0.5994966437021085,0.5920702010073658,0.5644247667457221,0.6493669423233475,0.6346029715064126,0.6670253614211992,0.317448623228903,0.6190703426669999,0.6696104616212237,0.6615738795887467,0.4159684497712888,0.42416784072504776,0.5183283476246884,0.7137696641130605,0.4947276848583848,0.34704108672937783,0.5800782110281579,0.5719110470694475,0.7532070309884482,0.6524716969973767
SLV,0.25490809670823267,0.22496032342527197,0.21437641785498732,0.2208649620976169,0.28368966082049707,0.22250036272108087,0.43062340841606767,0.4689694631212535,0.42356418573322047,0.2643913673722354,0.2138407895814241,0.43652949063235086,0.3265981766912857,0.15232020989152237,0.2571336306191317,0.15104579396380685,0.19398968068991662,0.19404560512889596,0.30471194601091556,0.1838596992690267,0.23503920811745554,0.20865436850934033,0.24176716727140377,0.25439588922955564,0.4205096606980049,0.19336536196765677,0.4226878126314473,0.3317162582268823,0.41302362390700664,0.3376261592036997,0.3692208783760569,0.38428424761719937,0.2706215808767294,0.22774236016295846,0.42406165379155947,0.33789229278553917,0.3878808734261311,0.4001610751172329,0.26009959203209737,0.41668622090704543,0.3468576399034014,0.32924494217123584,0.3109706986287638,0.33035242662598463,0.3056094479842869,0.29427797553692653,0.333900571853812,0.3102834721525352,0.32385084538323633,0.30833183772010536,0.33675037527264373,0.38531444511093665,0.3572763665099544,0.3751286256666297,0.5446605859679313,0.20239369918533737,0.34428053827471305,0.24390391584116658,0.4193588020414132,0.4311778607492589,0.41512184743873964,0.1609264976777247,0.7648748835557301,0.7754072781783768,0.7807537370269642,0.4995895099270935,0.15629749229594264,0.3883042513582708,0.24993683357786714,0.2588559591208707,0.12741285302641048,0.20566717890257666,0.3073283871377521,0.28814495326972334,0.18993190920095976,0.17192741891994767,0.21799015076533154,0.2274260367873011,0.27575339894969125,0.20061751231312577,0.17208759136781687,0.25915559940685945,0.24752844487189643,0.09880024290844218,0.20489726772624448,0.06277408817074838,0.2993176918762951,0.24394448723231127,0.34746114567834313,0.2061234511341711,0.2711328543358337,0.2551068648636747,0.1719443345034417,0.23993779328851494,0.23165865192863963,0.24073488289196032,0.2874672539194968,0.19025591264183847,0.18757948060513532,0.5540273740899267,0.19003669886187521,0.26931430486963126,0.2670737778355669,0.24634443703712952,0.2568946749009153,0.2324676763717902,0.22418918829116144,0.24196637113568276,0.22794208057944934,0.25385723069620536,0.2284509733098979,0.39284682480725985,0.3690049202728975,0.24926500583395797,1.0,0.7928443762378934,0.26286359623686933,0.1926561256439374,0.2578859916882208,0.20124999827334802,0.255467598600457,0.22336611101212328,0.20538466871190755,0.24665728563483125,0.2697556160073007,0.37439126222639213,0.2236567266860793,0.15714902799553976,0.20180957885754033,0.41115359394551343,0.24460005093995763,0.19343234936866685,0.2699385931990741,0.22646350393533948,0.17648391876009747,0.4152362632967342,0.19402625401843723,0.36762793463927385,0.11660867086228642,0.2297038941543666,0.3571255198808322,0.2062124212404901,0.2038896491035197,0.36402574971622464,0.2592464682489629,0.24122822540371996,0.25027375715431655,0.40501096326324476,0.41848957896178113,0.33967359473182535,0.26276667963432787,0.24054932878546276,0.23600426850891726,0.39534145615373883,0.2511984223485755,0.4286325910477083,0.4221080233753965,0.1346458645620153,0.2734186182400549,0.18751710686015605,0.17219752893365828,0.3571140015884932,0.1879119757932979,0.18090269545538432,0.14125173835963473,0.2316814109885121,0.2545603345601147,0.10494073385708173,0.1921562699544536,0.15149935416639662,0.1878370002324818,0.5118026885603835,0.17117297955672828,0.14551029779363123,0.38562152803495775,0.3148356963344303,0.22191084227000973
SLVP,0.35134013518751867,0.319659310891998,0.3217529817179503,0.3169339172728071,0.3810270347405097,0.3151410990703171,0.5396343332549234,0.5808126421105103,0.5032716909440356,0.37432953165000404,0.3287533139063943,0.5632120571860281,0.41267629411514556,0.25490670512065866,0.34502415627272914,0.19812161732092287,0.2427081697349033,0.22787997595896686,0.40283658517720333,0.2808472334976277,0.3341122539655673,0.3253032302056944,0.3514864043015133,0.35369503645983397,0.47445374746106916,0.24349298009806905,0.5051029303660819,0.4056936840765327,0.48823006906739147,0.4474695411247919,0.474220314366921,0.48110011924282425,0.3219364728231352,0.30835681153015104,0.5007205419696328,0.42148607376025937,0.49127903391611566,0.4790244380422953,0.36302530569710184,0.5238352572992222,0.4460857244248655,0.42926127163556943,0.3426385331354053,0.41203322891571803,0.4057771796169594,0.3610409492060836,0.42465917309264545,0.39857425295305665,0.4123113577868598,0.4058642548828233,0.39939284912396644,0.4812139250197615,0.4558472757377482,0.4263251147807547,0.6110424852161627,0.29376462368639467,0.4326652467949573,0.36505932333514707,0.536007158630307,0.4934723249554556,0.511411492342522,0.2607972784728809,0.9293818220368522,0.9549147034097263,0.7408797509611388,0.5929784577407478,0.1939994196691969,0.4974793668052957,0.3515320664517085,0.3498662618115998,0.19575666153968715,0.29977847812696945,0.3949289134323688,0.3975937535140285,0.27326736049697625,0.28376749869791645,0.3009742913188184,0.28752659986084883,0.3497799537032089,0.30269295208835545,0.2698554204134002,0.3683176114736142,0.35035363166634675,0.1794211157373069,0.30607604980718894,0.15760484985327738,0.4064795634628381,0.28117961589675344,0.3976444277494941,0.269488892655161,0.3237509098886696,0.34904807873833155,0.2624153104776618,0.34163325589103083,0.30014600085327975,0.3591236565842499,0.3800522425059426,0.2747072066279217,0.30650577458103634,0.622008728334349,0.304621879296926,0.3640322669356219,0.3863989576771394,0.3298968004616066,0.33650437232442965,0.3239404480887459,0.31020129977612615,0.361065130911977,0.3487797819626916,0.37948338106389995,0.2825381755600355,0.5036412186833575,0.46269385287223,0.34185301990022754,0.7928443762378934,1.0,0.3337307050907303,0.28014850689821846,0.3574810020007186,0.30521334665047933,0.3550129650706707,0.27711372080019403,0.2635354232998022,0.3250593690284893,0.35585241466893325,0.45160356955126213,0.3105631751667515,0.1777330594851602,0.24885225316409496,0.518207128010042,0.33843078635386115,0.30631974098612835,0.39398929081182066,0.3479025481537608,0.2351584281750225,0.5230027489284328,0.23280718634443098,0.47070859326067716,0.1487272325050794,0.33372034385292887,0.47957410850950044,0.25724258095768276,0.3123840877191675,0.4615428697947873,0.380774481486716,0.35599725892563144,0.3682296874949426,0.49401477972846497,0.5168893447845734,0.44942683025885316,0.36946313168595224,0.35082822040854256,0.32095802482114094,0.4764408229346894,0.34156784311380434,0.5319123916223694,0.520271109777106,0.2333122563133187,0.382567238749475,0.29905508475682413,0.2732011508827474,0.47308927566683034,0.2695798657166915,0.242465539713198,0.23282776836601324,0.3396769341526474,0.3280864216452815,0.18159798770577487,0.2652447961229813,0.23282706886485532,0.2809229248939372,0.6426978396520324,0.24813457328481567,0.2276798554560138,0.4663098294008939,0.4248764282949265,0.31718494358639543
SMH,0.5679719945577062,0.6648016035768958,0.5742895818819005,0.670618899466687,0.7700998447591001,0.682072450149296,0.6503057117662376,0.6085575202484528,0.7098163036406715,0.7819465371110986,0.5691330296137508,0.5807092527363796,0.6224551642584896,0.5023048304991284,0.6368014308938894,0.15174503629533465,0.13443424768719972,0.1179633418371016,0.8253832469472469,0.6633076255369708,0.624258104580907,0.3313382908316766,0.5523529860509554,0.835213425206375,0.48499904756370693,0.13551412544012112,0.40375335005433516,0.41311274682572297,0.6295328592799977,0.4529074699007615,0.7369570791494101,0.53906269556147,0.3463076341617875,0.6328360261105331,0.7432441444280803,0.49479048806108294,0.6677079546499325,0.6981533592023037,0.8162941161895582,0.6041045849964448,0.5947324867372412,0.5970630715166444,0.4068179100589032,0.5365046791284163,0.4688742021514537,0.3992726289864012,0.7901050051244908,0.46731331542775756,0.5652741735470858,0.5470683433899419,0.7620093283847958,0.48962135478878593,0.4512819378538816,0.6429813267160741,0.4999647779016261,0.7149315983747291,0.6563643431658098,0.6353646299671588,0.6394942643181475,0.600342234185849,0.6209929521355005,0.47148460067880843,0.2882158663747001,0.3233173495571693,0.1664391490896115,0.4786619672975427,0.023920866856522022,0.6607367960990262,0.802770245389901,0.6889755259991059,0.19141491378391184,0.5151127683504412,0.5520038397781594,0.7354663927606895,0.6790545062651597,0.48157540195006,0.4730889292983201,0.2593484787679966,0.9275060150920771,0.5702198590300112,0.5187620011650685,0.8521963750659938,0.7837235242586809,0.4212059046720839,0.630183444538391,0.30309551149974256,0.7588153566159002,0.31994423237434816,0.5596518728893467,0.2776765807170914,0.41358440744040426,0.8209891232809996,0.2898052640850138,0.6608964638210604,0.33081006349287173,0.6640618777063271,0.6374346198864472,0.4572354142682279,0.5722011182956936,0.5442267604264014,0.6013223746998164,0.7169158356781783,0.793551349825823,0.8885228737983902,0.9236409221202507,0.7886809828609818,0.4372244532479924,0.6652768143618984,0.6538055567090142,0.7062529194292766,0.10745333194969961,0.6385337078789728,0.4904356757116928,0.5898330573277477,0.26286359623686933,0.3337307050907303,1.0,0.4028605868907516,0.8115283335191025,0.364238201744362,0.8110286310408564,0.20559625284045158,0.26233861172773676,0.5163301786089406,0.890634005315058,0.45755693697895555,0.8173887668434574,0.20676287219756506,0.32550543437843227,0.5067639551583518,0.5743267497143488,0.4991915992275962,0.7693505374008187,0.60907181876147,0.26638658162860146,0.6909889386339924,0.02797566177706011,0.6232513236729694,0.037042541276786696,0.6698027727151797,0.6356712824222879,0.128129277225685,0.38444986388249686,0.47579188178291076,0.7222915523705947,0.5559723151180328,0.793525715717333,0.6976545344649275,0.723916546263398,0.8126110356219741,0.813285539855031,0.5741683464995726,0.8440563470696161,0.6624412397172302,0.4396482070086287,0.7121900794133217,0.5762849629473571,0.5753900757030739,0.5717664848154392,0.49939841460983997,0.5418269054520126,0.5600491614125234,0.620049710124638,0.23295515906169975,0.47439039032503794,0.638751763787177,0.9142172713007666,0.1539443843378118,0.17801131753965518,0.3452503589595757,0.6949392356396478,0.5253283954921917,0.298241435439282,0.4879700731089698,0.7061370991384979,0.8498084298505875,0.6902666337813614
SMIN,0.3959178231846799,0.407041597122421,0.34836605524268455,0.3810578825314726,0.4133073699057175,0.3815111814151295,0.5334094913894111,0.5225991396469726,0.5534199809967782,0.4946176813953714,0.40243611782120015,0.4570918405281478,0.4616134186147107,0.3522983994672194,0.3715589003760079,0.10475548882699903,0.11632616163969833,0.11720127553240009,0.4667017867223425,0.3556292262815811,0.4699781715400224,0.33564545374713173,0.4434564429214762,0.4880419488380589,0.46388430768578487,0.11496886604133492,0.40846868748673526,0.31404367189001847,0.5437179294440793,0.4508814879141351,0.5245744464132568,0.5064474225403222,0.3594741769752547,0.4012564663876811,0.5862488817467861,0.4651940612540168,0.5340687219135131,0.5116460417480113,0.4946695112628643,0.46875502515789913,0.4921909317849952,0.4982558409621107,0.24729254018141367,0.48254472170431423,0.4431449803389308,0.39423012207850133,0.4993726982227137,0.4652586979712835,0.4880961474234044,0.4523452285851986,0.4280336485608538,0.4740188065663016,0.34924819105894933,0.3925078168710243,0.42449049511881926,0.41670242735737273,0.5087969899222802,0.4460466784398252,0.5321229582284467,0.4946910848405889,0.5186130156148776,0.4065597142565823,0.2642416358874474,0.28974411682848156,0.13930028882412152,0.383050245289465,0.05083150927704152,0.5312795059672751,0.4888768354898861,0.506424006822554,0.142903500325664,0.3804511525188198,0.3882305907597406,0.44002053573751015,0.37103140992289846,0.36586614683764507,0.8675651473750295,0.21279588782519676,0.4592400240913574,0.4273722901579283,0.42069302995244545,0.4785432914971466,0.4786387028392397,0.3566260867238563,0.4462892733819165,0.3471936504165012,0.45225025987543754,0.32278451544183145,0.31769240341638594,0.1935871948376104,0.2627401681203569,0.49061463875872285,0.25857148222817966,0.4389318737579244,0.24777662893879204,0.41358869207780186,0.36774750114776056,0.31791714915213987,0.40263079495556886,0.4224914867455089,0.44511018855174556,0.38791914365906266,0.4690087579878916,0.45588864312131183,0.4255908290619314,0.4379614577620479,0.36886246360920866,0.46941700070451226,0.4356143662501778,0.46185958704737884,0.08344892671442618,0.5382001164129051,0.42691146510056205,0.3991410965665134,0.1926561256439374,0.28014850689821846,0.4028605868907516,1.0,0.4926174934270724,0.36159674883395254,0.4927263897714407,0.17709752619519462,0.18838587091538506,0.32366354086687693,0.45369704802865984,0.41893527899083194,0.4594108675040074,0.19009159688688884,0.3323181339701925,0.3600402078077302,0.3971684506447883,0.40537493427737376,0.4634417065399108,0.44240970270340185,0.17932561359777668,0.5407397800525634,0.05785451971364248,0.5264248180467029,0.030644095735703022,0.46568431559027046,0.5365731895711372,0.12916588674455956,0.3560340141851228,0.4689708384577144,0.479613731489766,0.4391042227481909,0.4652605250494902,0.4992065492864404,0.5610737292554075,0.5460181890355602,0.49914498363251547,0.4462916270591793,0.46453453675649387,0.549406349292143,0.35191923170845135,0.5646694655531491,0.5201467332313183,0.32468982567334614,0.3810578534448101,0.36584383466628784,0.37205795565200106,0.427883833482382,0.4010995180995388,0.18923577215837656,0.41952859453238345,0.4293313175593882,0.43976690514418126,0.23775184876749825,0.21886590601456296,0.3348192390731239,0.4384303445747813,0.3553583848426929,0.20005151236274324,0.33356866384078243,0.5365771659840396,0.49099977051435706,0.45529144975372776
SPY,0.7276099066964012,0.7600936611067335,0.6429053128074256,0.7422976053584379,0.8025427045222553,0.7527938677838509,0.7859601402710521,0.7385034335202096,0.688181252817224,0.9720495071705879,0.7536594918258614,0.7784676656721636,0.702435534327885,0.6525015481216475,0.679360893109992,0.21039613300105964,0.20243855297120034,0.17087969743432768,0.851356665076985,0.7576352888275178,0.9131443930990674,0.6345283721582132,0.8661995728547845,0.9854397612205578,0.5659978144807613,0.20036882193438235,0.4731338423386253,0.4635351592072578,0.6419293462672855,0.6382028378113044,0.8199286886644286,0.7123438977248111,0.43413362042976184,0.698579002237053,0.7182042481559494,0.5954157585077164,0.7975545410654215,0.674461044231623,0.9973460862099902,0.7560876946884344,0.7116002864891434,0.7223668975099196,0.4372954913683581,0.6904771770140482,0.6384883741481825,0.4982883660158139,0.7919033592396014,0.6262304219676792,0.7029808565275134,0.6570958901240879,0.6853306666322914,0.6689244961376565,0.5319616544971776,0.581456982628992,0.5553084559205063,0.8407020947019177,0.7605993991374669,0.8206371111963736,0.7662734298194174,0.6376956185830185,0.7561493708214634,0.8101651927480833,0.3234321426630796,0.35448888552004476,0.14683296771323456,0.6234593472054848,0.06389882359178971,0.8086025740215603,0.9941428660281595,0.8195889085725026,0.25826292071252205,0.6521991755764117,0.558852111476628,0.7549765728835864,0.7961615659557955,0.7101621089317361,0.5717269097666898,0.4209325844975159,0.9080301824244523,0.8707343833328649,0.6570544240517611,0.9503405722983369,0.9713092411788032,0.6416788794750246,0.8416762060820383,0.628887211844145,0.8272525971212608,0.4209192677834813,0.5566166684296321,0.36864663983554335,0.405772878127261,0.9951615387139949,0.45807643716189106,0.8890457839848346,0.4459145728193505,0.8159279843311484,0.6370794321405014,0.6011100131194176,0.7999487809129806,0.6147338692602293,0.8591961666391389,0.6933469092454599,0.8784929363252718,0.9438886175135399,0.8770322212442246,0.8688878723761635,0.6511197208819942,0.9155218641582351,0.8083697327801218,0.8525008254560899,0.189582096457565,0.7659331807749734,0.6618127598285459,0.7641915028258272,0.2578859916882208,0.3574810020007186,0.8115283335191025,0.4926174934270724,1.0,0.6828987535613089,0.9948448347233141,0.29397032286169694,0.3525583482510896,0.5038431479294148,0.900879674674933,0.5103060453211716,0.9539191513490926,0.24731287466240046,0.3915296639977581,0.5221882216418553,0.7434432929232916,0.8289550141821533,0.8766276704148263,0.8238331134838414,0.35238137249971196,0.8101414534683312,0.0714496809841799,0.7601749717739752,0.06894627939115791,0.9333104852288744,0.7942262799605477,0.2074869427580471,0.6647350503954572,0.6209431933582031,0.9258723994080685,0.8342192847203416,0.9148446507209516,0.7528332457036666,0.7947861989612157,0.967038284757036,0.9949154523705491,0.8598225510602524,0.9541984288845022,0.6697583479382738,0.5657526360590072,0.8029941094339429,0.7368004135352059,0.687206673094094,0.7187458234113792,0.5924524793856137,0.6912792802774953,0.771096832638368,0.8299025384879803,0.4001942803133333,0.7791318239685225,0.8454349615957035,0.9165868041978127,0.48955032280748323,0.4437031861417045,0.6346151298726682,0.8766759549369862,0.6106518552304524,0.42818310827231265,0.6459112384782217,0.6813206361598276,0.9072941962700193,0.8766745845811311
SPYD,0.5912392357961709,0.426746974654986,0.42797274840990374,0.41853180794576833,0.4704038322386044,0.3988498703592448,0.6821807773363583,0.668398689509603,0.4544991503993483,0.768157815318636,0.8273447705289187,0.732229033061052,0.5237252849774665,0.5162319506715766,0.41513999952013625,0.18863731721025948,0.20261678341808315,0.15573594632273174,0.5069312132486382,0.39987914243416706,0.7861775226581891,0.9024099816031358,0.7902986869791813,0.644184101478051,0.5162728023268006,0.20345132742198252,0.41676794916805154,0.42340787738971497,0.4429054739893614,0.6092964691146955,0.5703034652945999,0.7080206974379607,0.3703658956334254,0.46337381078057127,0.46797708006741295,0.5076601017038724,0.6536241825244399,0.43391517960671727,0.6776660668609941,0.6619607999720203,0.5892078308764865,0.5819160389147393,0.371553241669589,0.6137446910256366,0.5768666708097465,0.4010242495470764,0.5222712907662856,0.5938831366005558,0.606033509636655,0.5211114427953863,0.39385545813197576,0.6764755920039238,0.4702683355893307,0.33431769532784156,0.4633192716173468,0.4320242899487099,0.6035329361967416,0.8346460580335394,0.6703955256470403,0.5176645388279368,0.6958657653185275,0.7791477504185598,0.29605777571707126,0.3077944242214619,0.13110774618150803,0.6955625454900549,0.0933332518413353,0.66815753601784,0.6842412988047104,0.6324009888733377,0.25729287305839293,0.4955228558863346,0.40387311776636164,0.44571018566511816,0.37799970168794667,0.5603259515501158,0.42600065915163887,0.5985701733359496,0.4250626529116119,0.7549186673881526,0.6004381021033531,0.5961168799836679,0.7105699886440362,0.7877614624685474,0.7346320465275491,0.7502888582667132,0.5911488083461129,0.3914574664883526,0.39100586381083585,0.3160422198854365,0.2690858501180545,0.6321395321821113,0.6058262322484709,0.7811803792189416,0.5722645059849351,0.7465536500756405,0.4604387586895802,0.5420967093863563,0.7436237698488835,0.568624002324782,0.8354024723598166,0.46052368242681646,0.5877839739196123,0.4709983082657436,0.42531866360147413,0.4712895006308594,0.7479297383694801,0.8723625575058296,0.664032072471411,0.7620735878002673,0.2182748897030133,0.6481628689799352,0.7167999456106426,0.6181155199778741,0.20124999827334802,0.30521334665047933,0.364238201744362,0.36159674883395254,0.6828987535613089,1.0,0.6688696261617126,0.28245895966333856,0.3024879290305636,0.36125978343329535,0.5710559589511162,0.3786289978372574,0.5056788003511101,0.202711520059102,0.2763507639680925,0.33933867470695145,0.6060564500449722,0.7494953422334318,0.6413514384539286,0.8717347584655781,0.2957645065520103,0.6590825116499072,0.10683388517465717,0.6461211109967159,0.07853433206805067,0.7857006702473683,0.6327318562485819,0.23714712120150483,0.8051766978354237,0.6286020899811129,0.7907761221762503,0.9276442568435834,0.6000399248098119,0.5557310209581169,0.5937235123457424,0.7013735601830179,0.697717465389055,0.8936755693797074,0.4852699149583271,0.4603424662215399,0.46326299004133364,0.6289294964752077,0.7088336398131131,0.37919610553111277,0.5899313737753044,0.43788311471396474,0.6692608560657536,0.7920006446570204,0.5448123609773781,0.5925221318611702,0.8080962313770057,0.762721200136989,0.43125657758031255,0.6415632390213519,0.617080975946591,0.608942900303205,0.5775470716526628,0.5948802890443836,0.5663535657563462,0.6316620694389958,0.4281672209524626,0.5901257972774394,0.6042877978621659
SPYX,0.7248850935648644,0.7665813849272868,0.6480272002736633,0.7480298179836354,0.8017146716728907,0.7591064053364984,0.7783920274542993,0.7292969734356114,0.6814910836476424,0.9637778022066048,0.7387550307773914,0.7661058225733697,0.6978483814208035,0.6418759266391009,0.6804804238868949,0.216482557448535,0.2102155899054136,0.18125293231679906,0.8510692719221175,0.7593595790699238,0.9064727826479593,0.6203503781103308,0.8558957958000233,0.9842835801184633,0.5571247079043986,0.20734066043237856,0.4752973017595535,0.4586551549440099,0.6370899479371442,0.6376865017542327,0.8200155337811338,0.7019204444893076,0.42817590618137913,0.7003771541944711,0.7115471571550949,0.5897160664088843,0.7923223429868594,0.6688647347936126,0.9938833001181131,0.7472781342221638,0.7106231370446275,0.7215591504923279,0.43182293073903716,0.6841953588759643,0.6397368066864322,0.49972812314322557,0.7902433538436718,0.6212741808529695,0.7000145821209448,0.6518143049863299,0.6800807040720566,0.6579128667999615,0.5286402561634911,0.5777110784056435,0.5508722268286967,0.8458181842060313,0.757808106140751,0.8116978576062377,0.7599254104824231,0.6286127953060644,0.7446652576082389,0.8047320504213586,0.3206596516912538,0.35177918559525284,0.14438801919706493,0.5971866429540978,0.07246692346970594,0.8019008265889468,0.9912448141038099,0.8107661519898083,0.26057578894401984,0.655986721175048,0.5544956748421405,0.7518939108489758,0.8012454689627193,0.7144919442782622,0.5673140174320881,0.3816217609316905,0.9094376996342353,0.8644924004123951,0.657229434801843,0.9472821685104852,0.9676528579531246,0.633944674660138,0.8378279471048709,0.6208305490128477,0.8251540954074057,0.4140584359212915,0.5497319732477324,0.37302525073502546,0.402555238419724,0.9930409656431731,0.4354426417386918,0.8863863946152936,0.4122659813897397,0.8062028356229698,0.6340360254722768,0.598419230727616,0.7965089098269429,0.6017358720887113,0.8498177380731842,0.6888132572280551,0.8785562907165706,0.9460773095501225,0.8782478274038393,0.8677039796948645,0.6460226527713722,0.9070227516074332,0.8032998953253638,0.8451613328680166,0.19112831178277132,0.7639918261313683,0.6525421219474519,0.7598838310939402,0.255467598600457,0.3550129650706707,0.8110286310408564,0.4927263897714407,0.9948448347233141,0.6688696261617126,1.0,0.30164819003170473,0.35715676596189794,0.49962576025476596,0.8986165862357068,0.501354168096012,0.9575875073206821,0.24240523441350628,0.3897249812305528,0.5149054369923672,0.7409245055838822,0.8261285185934879,0.8737188877483951,0.8137716601230477,0.3554400211281976,0.8038947671926132,0.08179880537962565,0.756011901343256,0.07670528449853173,0.9287912648352046,0.7921548515990469,0.2149285352758633,0.662946355874091,0.6203716351472304,0.92011885016767,0.8235268472754343,0.9138143478056253,0.7467482825534242,0.7918268659827715,0.9618545860721889,0.9907419302051991,0.8467344946830205,0.957067953797379,0.6638042323583374,0.5653770497360795,0.796173464801612,0.7256795182266017,0.6919542332795394,0.713697929606849,0.595885014455547,0.6900251387310683,0.7595550051653551,0.8349601119299096,0.35994498012738707,0.7710820727488952,0.8369871319268687,0.9181368103057301,0.48725120571806985,0.43862765880981397,0.6367629230126343,0.8774758074957053,0.595795475447901,0.39311160967655995,0.644045966971317,0.6763559267941744,0.9078890490069681,0.8712271221443043
SUSB,0.6145921590643748,0.27884370746071374,0.30341171006501777,0.28450182370635313,0.26847643480058436,0.26431998071080526,0.35094973731615053,0.328337584280219,0.2702301981311819,0.2742482367670288,0.2057638431304272,0.2955888352908998,0.3033015581476591,0.2561953583624812,0.19966572908541544,0.7084891597875146,0.8320990926231634,0.6871742102373655,0.29363090770179945,0.23406657085018295,0.27595702608610606,0.2914681131212268,0.2534715708698389,0.2940676776665342,0.257391802308625,0.8228014790888858,0.5788024508373378,0.22465849943365138,0.30548730060262225,0.45270703244976207,0.3771160622819854,0.30997908968238774,0.21701800616283914,0.24628446056379094,0.28279227112348726,0.2686135279332843,0.3610372790641775,0.2654660278080876,0.30039606365681604,0.3501987729526406,0.33052373403028773,0.3325200277161519,0.16873449901183263,0.2910606075419309,0.41156713815866747,0.2654331844362231,0.30332757446275627,0.29630403962606205,0.322287929305574,0.31278462326878453,0.23540888374709035,0.2989257697603527,0.2682249985465795,0.23652670735787631,0.3217098917163569,0.2756793849001713,0.3204709460493794,0.2722680965606189,0.38229401688162923,0.2500641245229296,0.3169248288851733,0.30755995744598813,0.31699687209343475,0.32035165935343984,0.3028710049315284,0.18638026018901918,0.7484390676440813,0.3629394626704265,0.3004852180471348,0.18066512532751866,0.5588426014125765,0.3002009095635284,0.29893103775051494,0.25094987188405504,0.246094877878937,0.3048623492693257,0.20782238094010824,0.038196540644819275,0.2526550495028171,0.290187202500179,0.17473132027340274,0.2800906547144517,0.31291545991675307,0.13884317463501236,0.25134906636797033,0.13546766064444285,0.2830807966372035,0.161717371697499,0.199272415534754,0.8012449781221801,0.1526884602949012,0.2858052676109707,0.11049364524905558,0.3484705791662194,0.019891728697569125,0.23770536148662383,0.24752414112125334,0.43984744693872607,0.3483749348589749,0.20636652255238572,0.2561037662360832,0.259716444647644,0.3045520335484125,0.28168061335383354,0.26160919345710865,0.21598487877909353,0.37417474494180253,0.31681809068192707,0.20745198152679892,0.28675133958976984,0.694556861416793,0.39059181500295853,0.32392610273189437,0.5764695081063408,0.22336611101212328,0.27711372080019403,0.20559625284045158,0.17709752619519462,0.29397032286169694,0.28245895966333856,0.30164819003170473,1.0,0.8094704470180641,0.25020221892771016,0.26298037866750656,0.2776051341780951,0.2810908520981369,0.0583962822220438,0.12815001927509534,0.16405960431016942,0.5972847356407851,0.3294714682147032,0.31038488073757853,0.2654271286749428,0.7267925925034282,0.36088526481967764,0.8417887970157256,0.3522678930678695,0.6496384560838069,0.3099233060832472,0.3891119784228233,0.8168344162826324,0.395743475350472,0.41405744231438707,0.32340360019270853,0.29330568665969237,0.31263298514935195,0.33459288931542697,0.35447945524294694,0.3305413171957785,0.2972551638656509,0.26724333207774875,0.2825477703962068,0.26046292329455306,0.676016104987607,0.3462181360935191,0.32117102024903343,0.2529269642074838,0.2465463902676846,0.2722340486143212,0.3807633639082482,0.271541234120011,0.28026992546475327,0.013256352147539273,0.1740685095724589,0.2508304224140311,0.24406308553443706,0.26755862811167946,0.31984256451048493,0.2692506034371471,0.30031018579045893,0.18186921842295453,0.017424338702323162,0.2413145009613124,0.26483659312741026,0.34000042869934277,0.20800425990325447
SUSC,0.6995193647552557,0.32405240119923834,0.36540450086685117,0.3399214210988539,0.3107041773317706,0.31129670812731036,0.3608468921490607,0.33251026408884093,0.30016184089117287,0.32540410954778315,0.23240124441302865,0.3083415316037842,0.32616295552752483,0.3137816204410429,0.22363640613746233,0.9491894645058215,0.9462184996859553,0.7686075622994325,0.3499737576923282,0.30497498828254455,0.3152437023449845,0.3187646903300823,0.28833879478468766,0.3565937906856514,0.2731091715858218,0.9373547792479768,0.6077411749279946,0.2478625234904393,0.3202663262479237,0.44964258784881117,0.4067328164384107,0.3118810910961996,0.22473200043070643,0.29325926456632523,0.3082486917436959,0.28898322273436894,0.38044285854656884,0.2973392046540189,0.3610575459982918,0.35889073192204696,0.33382221386017163,0.3446974573894899,0.19251484660609372,0.30052132547699817,0.42037503153476186,0.2683666609271256,0.3361234570115496,0.30515487401266206,0.333823625388576,0.31659978755353313,0.27391497020924155,0.2950333886734454,0.3037443234601921,0.2642359280241692,0.3291632200504685,0.3359505415537329,0.34070131692497385,0.3142896862528504,0.3934403082615337,0.2678785011644957,0.32462733693152634,0.3510671713857419,0.300222823099362,0.30428478906004924,0.27251029756169814,0.18235539709876772,0.8497827642568707,0.38239342402896803,0.36201753093623884,0.23495247890392204,0.6372756748775956,0.36464566102871054,0.3442028943163369,0.3157152445796347,0.31384998461499325,0.3575886335662096,0.2224867660134984,0.02234902328627751,0.31474425096267855,0.3373532789187569,0.22356456759818574,0.3462676136247089,0.37434798001380193,0.1589708393958029,0.29460157964517153,0.15220149762865923,0.3345749755031355,0.1450950428737559,0.2378119613331078,0.9908615749514419,0.17984975764086528,0.34335359395992854,0.08870183848027531,0.39713407754433344,0.011475239095440608,0.2745080627062311,0.2922973532699697,0.551733511246441,0.39531138838469393,0.21251991912391813,0.3022450613435647,0.31437011371383006,0.3743609974633152,0.3449276915157579,0.3280408910800439,0.28880055765046314,0.4238698590730304,0.36402101996822755,0.26020366663922545,0.3382197475408807,0.7688885724213329,0.40123461323568177,0.3532967825333214,0.6378494923763341,0.20538466871190755,0.2635354232998022,0.26233861172773676,0.18838587091538506,0.3525583482510896,0.3024879290305636,0.35715676596189794,0.8094704470180641,1.0,0.30232196608502543,0.3175194593864048,0.2976390898123476,0.3423552580684121,0.05143691581890021,0.13275262711653243,0.1532841492996447,0.6643363959886591,0.37231808817380097,0.37935956779696167,0.30517637905627,0.9746810628510473,0.3796466587363119,0.84846749230623,0.3673674081577163,0.8823097396370847,0.3571287903437682,0.4169207888989455,0.8580577560899023,0.4589346872028995,0.4365387127425568,0.38040125774707784,0.32906208927577024,0.3808501543648712,0.3534030235344596,0.377244403738391,0.3777718079351457,0.3586911051012905,0.2958158403400682,0.3478591516294005,0.2875501917169316,0.7900416910064281,0.36883832220466695,0.3278875045836273,0.32190003162901465,0.2633151390041405,0.3239861450526929,0.4437646252286511,0.31160100023778803,0.32379501358139096,0.0032643974380414994,0.1963899315136278,0.28045311575253673,0.3077480555235615,0.2711925929703787,0.3506153691879907,0.3093991730932736,0.3516685493410571,0.18842772342728065,0.02004022969317927,0.273415883813447,0.29590142924012114,0.39652703172844916,0.2697892072529095
TAN,0.4692524785483986,0.5505968071272755,0.5864958951396418,0.5919286981896352,0.616921210713986,0.558039434082935,0.5182027256406784,0.5156511374791299,0.5830020159230203,0.5327942406163539,0.4649602766217978,0.4992261101581782,0.41185351888400823,0.35383288262634577,0.502824443524352,0.2238773788306556,0.22827700691993422,0.18854308604577935,0.5713125955063095,0.46973167895858337,0.41192365432571604,0.3623065780282741,0.37187481306052267,0.5063907717450625,0.44229829268397136,0.23320418010121857,0.3979886183278472,0.4041643666200832,0.528158311454676,0.41433123040491604,0.5323387562517916,0.44408728569954925,0.2828955710544271,0.49300802010102,0.5229991552298943,0.40325819370903604,0.5088169533286016,0.5729100116780975,0.5175069561214406,0.4806095726924449,0.4923750378753428,0.45492988424756386,0.4072964128874111,0.4435606996316687,0.4027837292487375,0.32242711725052026,0.5368505658767655,0.43598714234134295,0.4388943059015284,0.4495580521467519,0.49454640931924093,0.4165471078475027,0.39009483537676215,0.44757706005999326,0.44778771582227656,0.5086542768713882,0.4795516593754108,0.5285297576733832,0.5410967141967545,0.5082564318731395,0.48920808612609096,0.3447916068900244,0.29599256308609867,0.3232129996369813,0.20030676485620685,0.44486471335824457,0.13215021743086147,0.5111467091082419,0.5083237655046995,0.4688689145886637,0.24182527478223986,0.5077652791584976,0.9177952909590517,0.6448936832769694,0.45858230202474687,0.3761789369038285,0.3629217369246675,0.24054468920145555,0.5109136090171034,0.3855502982713692,0.40895831960261103,0.5557499796897526,0.49833150720085245,0.3398151792309002,0.45506264180235123,0.2278526376252037,0.6942793979979368,0.27736773849193835,0.608052591156454,0.3094972915887222,0.47443573889376384,0.49522653168835795,0.26968058384464483,0.49393021657875835,0.2635131592155515,0.4779245831079178,0.8379178664667863,0.4300978228392135,0.4681344692540978,0.4678043289015747,0.445970398227986,0.8580572344930493,0.6536167544445377,0.5272983471725821,0.556200112343205,0.48454973523859374,0.4720958495626428,0.5072353137028061,0.5186783870915039,0.5971834605950808,0.20391524547389683,0.542714208644588,0.4958540064563953,0.45505420233356036,0.24665728563483125,0.3250593690284893,0.5163301786089406,0.32366354086687693,0.5038431479294148,0.36125978343329535,0.49962576025476596,0.25020221892771016,0.30232196608502543,1.0,0.5034661309080568,0.37746324888518634,0.4856025302793928,0.1613503842911346,0.24094371231188755,0.41592988195996367,0.4601073891588371,0.3577845555789717,0.6435917489177687,0.5060327642680679,0.295119770234775,0.5315299698526363,0.1433201120605723,0.497152982212645,0.1431209433203852,0.43319555769570467,0.5131161604196326,0.2279965681927395,0.4072557719807968,0.48794106880135196,0.5684558748533668,0.4603658208334659,0.5958443673202783,0.49478676330056603,0.5682064333523855,0.5666716530134197,0.5356648516347915,0.41008082742986135,0.5111843660919247,0.5792267479869287,0.40805296862711465,0.5692034982700241,0.4886014732402476,0.5014516756899203,0.45369236220866394,0.5088668536779449,0.462174121556797,0.4643759248418924,0.4065877574803192,0.21014103169533624,0.31221929263981635,0.44210290131777946,0.4934290160427859,0.14372718487453234,0.2728984966998335,0.2863402014225084,0.516233476203412,0.4377902432114851,0.27755410469825664,0.43823953938160976,0.5789435954532879,0.6491040204019556,0.4168740190639186
TDIV,0.6489262465833733,0.6826907295733353,0.5980653687958745,0.6820412876983377,0.7732525285751691,0.6899157940428984,0.7184177182177091,0.6771548200430562,0.7003409996583223,0.8774474900481597,0.6843498554913469,0.6945505555469647,0.6549844046233746,0.5716456266619978,0.6461181422641181,0.1891279976076564,0.18187142074741947,0.15743534934072703,0.8164414469399982,0.7438629450570163,0.7850333725133137,0.5336526092674396,0.7280211089165891,0.9020109601637951,0.5340358583566558,0.18145082401580093,0.44652559618839843,0.42756231817203394,0.6397442604448812,0.5484764123655647,0.7691270681584332,0.6296380689404166,0.3995388795221508,0.6509972036464908,0.736605461442405,0.54381159313358,0.7302501959021077,0.6849776057711013,0.9024628488661802,0.6918713392839095,0.6578392443014092,0.6594907252739528,0.4331450327014732,0.6037235547738871,0.5538854466170383,0.4611984364687051,0.778946284188399,0.5401542299345128,0.6323643335380911,0.6035248139108785,0.7336864375613994,0.581355738042382,0.4944613806060388,0.6168696001452811,0.5364331317279489,0.7587121103508684,0.7028347369299965,0.7499654646055796,0.7065000624525886,0.6328177092254416,0.6974168523973004,0.6579999138661008,0.3251090832106598,0.35317741191737645,0.16835907175909237,0.5685425803455468,0.056483673454389156,0.7322654381879561,0.8952170667839477,0.7416621913793034,0.23846886681488966,0.5687390568633746,0.5452670164839402,0.7248008150666695,0.7583290846468207,0.5776905107116818,0.5243893388187755,0.35918532502243533,0.9219662394104845,0.7338392176404107,0.5876158478074341,0.8905401481256509,0.8920114421525875,0.5458716187289641,0.7419496965512955,0.46994061827335293,0.7918197162233035,0.38902637204592,0.5418283490937441,0.3326851456647955,0.39961951229345977,0.8984471259003175,0.3897327912898332,0.7997880758704978,0.40226781191493277,0.7439868423226379,0.6347697032590865,0.5268320432080865,0.6961125710702273,0.5845526729908221,0.7508077699509116,0.6959178936415535,0.8309344221146646,0.899887857197932,0.8987385692520714,0.8024378346380179,0.5642374209076741,0.8108257803858708,0.7307144749341833,0.7892757935049892,0.15623481146142493,0.7018201925198434,0.5982974657852164,0.6747372190463273,0.2697556160073007,0.35585241466893325,0.890634005315058,0.45369704802865984,0.900879674674933,0.5710559589511162,0.8986165862357068,0.26298037866750656,0.3175194593864048,0.5034661309080568,1.0,0.4857675070225069,0.8602802718348335,0.2200742002392567,0.3604779524215316,0.5161967665969249,0.6594716791181477,0.6947679728654104,0.8189327707149434,0.7367405133567579,0.31653057895502107,0.7505889050285439,0.06843384851943503,0.6887463138752572,0.061023759828105664,0.8328328737644417,0.7146030517435238,0.18436954645189238,0.5480370177211066,0.5561938844170741,0.8293333466125109,0.7228293050358817,0.8414870396932884,0.7260894164071577,0.7578761476630186,0.8866852077117262,0.8995465652223527,0.747167526876317,0.8735299701639941,0.6646273332355334,0.49796235997483945,0.7569625870031849,0.6646329513211741,0.6369067549126888,0.6456923619951205,0.5322051471878011,0.6214082211371383,0.6745638367016902,0.712855753100916,0.33562624572070054,0.6315007438678012,0.7493291138366902,0.9265559046634031,0.33560506086011854,0.33427877075402923,0.48141550364211283,0.7550591935026412,0.5866525051300822,0.3827633634508389,0.5841837798054603,0.6907050139313506,0.8804482473047539,0.7697788199529955
THD,0.45680402239885065,0.40281648477346294,0.38546128042745625,0.40245100464388955,0.4659394474688792,0.39331697990435216,0.6181307446907478,0.6120392245066124,0.6627417579196229,0.5070491175983995,0.4111723122305749,0.5356029269958011,0.5223403690621835,0.39799557621770565,0.37931475031124307,0.2165675607244352,0.23276369825661547,0.18555783904857587,0.5346267181658556,0.3738851851018384,0.4699679541902756,0.3643986471280924,0.45783203344325013,0.5026616944944771,0.5904842916633505,0.23326930125605555,0.5620012015195145,0.43275558283149,0.6777951729707993,0.5355762323262983,0.5963807777866592,0.5845444989919951,0.48749280245147264,0.4105958826168564,0.6597906470905189,0.5167143203736194,0.6108795967375156,0.6552022104113902,0.5079721201456551,0.6006864101229114,0.5341750847623319,0.5509881155222351,0.487124967921999,0.5308113987317963,0.4978006394729168,0.5466378526187662,0.5607091649556868,0.4915639514042077,0.5501621774162284,0.5572032863632579,0.5791465145497285,0.5444386538527787,0.47226363241433184,0.5571902142983454,0.5963637334149131,0.41401503811063306,0.5698101630475282,0.45798064093265384,0.6403265420335292,0.6458501906164669,0.6192447441638079,0.3916260540996979,0.4555751605478082,0.47198385402936166,0.36727538112300967,0.5225461956732675,0.1651312115996505,0.611365694847515,0.4992055311165104,0.5148382281581311,0.2411906139750956,0.3775353552098822,0.4212271132190691,0.47325670213910814,0.37923652435483723,0.3655016768067578,0.4808637640257254,0.28844452245959945,0.49955394853907115,0.44390291615856453,0.41263592823016426,0.4904312784292026,0.49374431764853366,0.2969417456950697,0.4340528789959581,0.25549336532485784,0.48806501637123473,0.33276549438416503,0.4765225315204993,0.3054976297582531,0.4519049480110985,0.5019256804379225,0.2791535164140473,0.4729015035503328,0.31187480773893217,0.43294960207559846,0.41674627663620434,0.3549070203517568,0.3969366309861232,0.557398200737145,0.43377704417272983,0.43686700528815087,0.49846647148200735,0.4785677247610237,0.4684443130034062,0.4789047632654625,0.37283009174509407,0.4836863715968812,0.45103837734109226,0.47378105094716755,0.18722458957699983,0.6049031229055649,0.5411948605248084,0.46795701904452575,0.37439126222639213,0.45160356955126213,0.45755693697895555,0.41893527899083194,0.5103060453211716,0.3786289978372574,0.501354168096012,0.2776051341780951,0.2976390898123476,0.37746324888518634,0.4857675070225069,1.0,0.4640295343159076,0.20150723832650888,0.352584829053123,0.41601369162033286,0.4460074502912976,0.39233012351797375,0.4844542594550039,0.44799564931864316,0.2859503505441686,0.6312211464646996,0.16682182795381442,0.5824503621877444,0.1373528636697141,0.46636640875996843,0.5886271077699784,0.24960548980378738,0.37601475371151866,0.5547433902770018,0.48953723255876114,0.4445829807104239,0.481985213011385,0.6219007164320405,0.6566793596267269,0.5928730882719181,0.5135886683684884,0.45073570230390486,0.47683285127898833,0.6544393655648668,0.4360768340307904,0.6629949548236119,0.6256312332996303,0.335146569258651,0.40604475095140347,0.3535752965387562,0.3747076610202937,0.48875251001948955,0.4034548419841719,0.24764948971245562,0.3649082831017775,0.43906058129601505,0.4687801056150428,0.26155606978947216,0.25210838958749643,0.31539705247323163,0.44207890257101384,0.45321618146306586,0.2535060881738752,0.3319732563374716,0.6504842253051042,0.5539935370946991,0.46853144258241153
TMFC,0.6852053077594217,0.8026738264222011,0.6457345308605481,0.7807898691054882,0.8062404733602814,0.8068276309010717,0.6996042921961658,0.6495602897696817,0.6474108029027758,0.8901020467629941,0.6160827303888863,0.6823257483255771,0.6444135955888812,0.6075032857588423,0.6864354834836104,0.2124515501408962,0.2018489107126503,0.1770436952369566,0.8465070985398213,0.7885645744770977,0.8030335096267943,0.47104495468880153,0.7452922477507162,0.9534118793451869,0.4940116090835071,0.19770277096374647,0.4367329562180767,0.4058683213617053,0.5969074508260719,0.5716417641214334,0.7765083453690198,0.6018797861483092,0.3909914886250318,0.6900559087937892,0.6661080844683221,0.5324223300769224,0.7212620818770232,0.6414641770357442,0.9581435445759051,0.6739595589871575,0.6551515749225046,0.6647424169669459,0.39128609994336416,0.6062013089227132,0.5757994798325321,0.4598104418575979,0.7577436788312553,0.539381095180862,0.629510754294532,0.6072112797395802,0.6587018720105795,0.561277660450322,0.46032729268679173,0.5414237739919515,0.5004582521466376,0.9026528553153769,0.6950275784842319,0.6991092842173563,0.6860314572750543,0.5743161752285946,0.6516198547166004,0.6967537283717755,0.2739364319807477,0.3081330728217494,0.11920559510369463,0.4914349987820853,0.07431243437914037,0.7290249071496822,0.9505172669281827,0.7390633990614998,0.2461785192655942,0.6171350335846393,0.532816718756435,0.7575921845301957,0.8519437998666013,0.6615043547938589,0.5368207159344054,0.2811482383014902,0.9264321108742306,0.759552362249514,0.5764034458890245,0.9160147707967718,0.9094503219254636,0.5096679895976266,0.7623243502701481,0.5007999579793009,0.795813290574618,0.36296824862086713,0.5363495932447131,0.35728187594561883,0.4049139579605116,0.9705642026217922,0.3473534025935739,0.8142709120161069,0.3066261311639691,0.6871570519474602,0.61631548824484,0.5516117398187576,0.6948422654959175,0.5199408239335463,0.7323226180799429,0.6757916935492475,0.8549367011099545,0.9761457853031171,0.9010824991715987,0.8705431564609858,0.5578108223477142,0.7932125321717369,0.7283586084055182,0.7590246915897118,0.17890460833659383,0.7025097809108354,0.5660841797928199,0.71779652542488,0.2236567266860793,0.3105631751667515,0.8173887668434574,0.4594108675040074,0.9539191513490926,0.5056788003511101,0.9575875073206821,0.2810908520981369,0.3423552580684121,0.4856025302793928,0.8602802718348335,0.4640295343159076,1.0,0.2293512984986483,0.3569239887024763,0.48470732449756554,0.7033135330641128,0.7341571282839218,0.8330547881975322,0.6884521867349157,0.3413607072001574,0.73140375819485,0.0800601905945022,0.6846894739885906,0.0805798479427149,0.8280476689005799,0.7374122042399895,0.19659484148174888,0.5621327345851955,0.5509794801181993,0.8410609659614333,0.680386147718721,0.8919325635821199,0.6851571646605032,0.7379579731848369,0.9103993215237115,0.9484450142163897,0.6976471000138051,0.9881460145056576,0.6372670660131233,0.5396549093017178,0.733913060588343,0.6297012953035277,0.7457074758551017,0.6319893160941717,0.5760590522764331,0.603738812488841,0.6342385018795182,0.8525892397595967,0.25764304696132606,0.6515591053881434,0.7113572969640738,0.9362787740459934,0.3750792209868804,0.3278933311796203,0.5345930424827909,0.88131635551545,0.501892350074803,0.31056752042549746,0.5814949031706096,0.6547277949696673,0.8877069948062053,0.821851107166649
TUR,0.19292073575345292,0.1989076015308891,0.13894968124064172,0.17032294201887557,0.21644343957370765,0.19198022868085943,0.2843448495875059,0.2768245207499759,0.2604849794514326,0.2517488006694943,0.2224066173289705,0.24780351272955906,0.22681928465810908,0.20504745698683705,0.21055149224493763,0.017220014790177113,0.02200905887240036,0.027819728834987876,0.24115181413252232,0.15235471185077312,0.23387023960415257,0.19844641810556557,0.22461964103999438,0.2430057340735893,0.2539694550191532,0.01347529373562604,0.23599225805410856,0.15053954052192597,0.2557802956410803,0.2215566393230126,0.26497201619579447,0.2715628935799324,0.21853954727912525,0.21483282462041556,0.28098564775335755,0.2687699636605957,0.2802213441884362,0.24691715227489194,0.24663279622239892,0.2414481958871161,0.24639025540969398,0.26307635552938435,0.18124722136358748,0.251006115360714,0.21162573374785604,0.19704005010022277,0.2604066161844269,0.24150732477908454,0.2685081685102133,0.2022516806639718,0.20861782088367306,0.25951505526735763,0.19000715137878826,0.20510998776438238,0.22493592206241972,0.197318052468135,0.2741493894993797,0.23049129963474502,0.2840693980612153,0.2794200287011561,0.2762539159938465,0.18951032923926242,0.14946726365193924,0.1768263472480827,0.0981792591352528,0.23186299496474025,-0.016343053873869223,0.2775169000314237,0.24339667903487833,0.26835400866391085,0.03311662548176628,0.15120016356833216,0.17741514787963197,0.2259044271466721,0.16645270656846375,0.1403599416522942,0.24937436292102858,0.13210790327605396,0.2185699873008568,0.21423180885765666,0.21065264015151816,0.22798940937029602,0.23101885778194264,0.19980302384224122,0.22019013370738222,0.149842064166012,0.23287997124467866,0.20593567524720158,0.1718807849709776,0.06708212703722226,0.1380295155590661,0.24504692116123675,0.13095121893615969,0.22763240321565834,0.14186359995195552,0.21884941118018514,0.19371016332522253,0.15035934712144353,0.2010782800351147,0.24629969819449518,0.210628436314277,0.1985528004490206,0.21990854650317046,0.22442583455816523,0.20701404695359443,0.21878452186745392,0.18354829617690227,0.23612742891642916,0.20781541434676368,0.2294674164004758,0.009095869274938311,0.2762211289331077,0.23904496178261891,0.19279439085532613,0.15714902799553976,0.1777330594851602,0.20676287219756506,0.19009159688688884,0.24731287466240046,0.202711520059102,0.24240523441350628,0.0583962822220438,0.05143691581890021,0.1613503842911346,0.2200742002392567,0.20150723832650888,0.2293512984986483,1.0,0.18508604468909506,0.19834725933785446,0.18113459076052155,0.18266568919261433,0.21773708543182546,0.227317069240512,0.05352518754303248,0.28293495732825585,-0.0033386073093395587,0.2799287875310199,-0.029239266105052078,0.23142313789355481,0.2584147722667091,0.03672834968916405,0.1655263688118503,0.23091768935569765,0.22651743004294558,0.22371470456704115,0.2104626464725322,0.2516737621071484,0.2853569494107318,0.2770893181362307,0.2470111462066343,0.23469446874416636,0.22194758407708426,0.26122222794325745,0.1856498452311391,0.2896454458316699,0.28329472364737496,0.14187533469675848,0.18070049597636864,0.1334224391510645,0.17387940724718812,0.22352922043002196,0.20249586088742935,0.11955879141596734,0.21835873661054175,0.2191916021785481,0.2084545298832949,0.1458911198445556,0.13266939826049312,0.13961133311360469,0.2190839092749161,0.23265402939634788,0.11957100184294132,0.14822321654320864,0.2499580718419723,0.23781459498142363,0.2251547815213495
UAE,0.2999755818166312,0.32162240189709124,0.2907527886706251,0.31622749096890745,0.36627637261008394,0.30803962290838266,0.39426603424825774,0.38842890953942527,0.41900025004281866,0.39709869807307324,0.3382561989383569,0.3630712141692327,0.34607316499831553,0.3046711935232749,0.307385134981314,0.059778209572053126,0.06944986597332252,0.0837026030576739,0.36669129942923173,0.25996737802457887,0.3778756862611017,0.2610323679637012,0.356153291166704,0.37879029252645424,0.3324933722196016,0.06469550821303478,0.2679912525618582,0.3029263624999924,0.4627600040762339,0.31240756166771405,0.3894931338811121,0.374400493479227,0.2968246399966235,0.35638668365474163,0.4502004566918573,0.3375465615287314,0.3993596992784704,0.4181102702403707,0.39130693470343053,0.3732354510458831,0.33353509838549034,0.3597316593938961,0.24982795438347855,0.3662922496028028,0.3266052123011999,0.3245107876379116,0.36164167764223437,0.33350375339866456,0.3503277033568863,0.33568164659024363,0.35385691647880185,0.3529265096996889,0.29035589940486745,0.3679254016114504,0.3628200592192344,0.3150224223302529,0.37325346411459165,0.36591687741319456,0.3977413771358179,0.372507193047332,0.39341734115195975,0.2903609138687951,0.23412506288937182,0.2504314240362724,0.13947366739532688,0.30411040807903517,0.022169218777466176,0.3995424499366779,0.38736240203307726,0.3979890646919042,0.10005249120802409,0.27288380559742903,0.26353589102076536,0.3552052106374408,0.2740398914018619,0.2698010552865714,0.356627631349507,0.17408030658217064,0.36323584885623356,0.34793004420393026,0.3484724334760027,0.37845442335185836,0.3676723708998712,0.30118294811138846,0.356958261041963,0.2586429987005796,0.3718203524364045,0.425501131609824,0.27820277810927946,0.1369968486385954,0.2450364186100406,0.38999887870054306,0.1935589228292616,0.35071447076600354,0.22532853817637422,0.34849809476206695,0.2938809122056977,0.2520274670360061,0.3036995075017075,0.3484071164852923,0.3521858954073963,0.3129487936010758,0.3551675582092668,0.36209469299196206,0.3401951965434933,0.34625026480504817,0.28780088254844166,0.3650868358869943,0.35957925984799516,0.3760065967900621,0.06834261108463566,0.3815471784381567,0.3401686923706028,0.3192014849663261,0.20180957885754033,0.24885225316409496,0.32550543437843227,0.3323181339701925,0.3915296639977581,0.2763507639680925,0.3897249812305528,0.12815001927509534,0.13275262711653243,0.24094371231188755,0.3604779524215316,0.352584829053123,0.3569239887024763,0.18508604468909506,1.0,0.3008616553170753,0.2946837779179524,0.28446876051525666,0.36496939722487504,0.36232368367198975,0.12427448762348432,0.4111483305115703,0.020189207456750548,0.3782205852239286,0.0076634395796760435,0.3542169641778036,0.3805932208023058,0.07003681770988972,0.24755308429309436,0.3667822752923885,0.3667603717677954,0.34169640897598186,0.35844354696226727,0.4008690976620526,0.4301490006485779,0.4269518367295187,0.39638241021442144,0.34903943336851767,0.36418690497864076,0.41340975318615336,0.22873410801527636,0.4295718776052035,0.40353091272676195,0.2359749059449183,0.3428808451652215,0.2624421442380465,0.2846194625320095,0.3386053414745491,0.3108408903862671,0.16996977744407166,0.3325198013571314,0.35229625584986013,0.34920218687469334,0.17920952288541706,0.14596633724213348,0.23204601057106958,0.35280274317117033,0.3050060507238754,0.16613288663533324,0.2468086299308395,0.40293529149302554,0.37850631249048555,0.36945521426943356
URA,0.3988919517501213,0.5016192921577938,0.429276340134781,0.48502755716575213,0.5962515493749017,0.4878853131011932,0.5823962130273612,0.5927995977495224,0.5659337806429967,0.5449788252762839,0.47488282318315495,0.613978854586262,0.5005308331869126,0.3641758476291084,0.5136487480416261,0.053627165419069374,0.07833485280403901,0.04998814499697116,0.5782324364795841,0.4347266078035813,0.46849983369140324,0.3515835063146467,0.4486516055158293,0.5228004423778451,0.47207306968963886,0.08150242369674389,0.374289065129043,0.41305131890243874,0.5218246839375913,0.42524893933497926,0.5486058455196516,0.5136970012783485,0.317056184111868,0.44096922950684414,0.5723379626119504,0.42069522272398363,0.5519662740580468,0.5437853548995254,0.5272700051773047,0.5621813147623834,0.4929386914859251,0.4700829189877189,0.33969042816281947,0.45727028397348923,0.3887503646033325,0.3557763495194974,0.523532303878146,0.41912769879691064,0.46220786606880504,0.4575226489764228,0.5019259047985215,0.505034982271693,0.44804654941208943,0.48887457235626725,0.5088057267419694,0.4551352801087069,0.49237662462519627,0.4881410541623541,0.581113577622041,0.5298252580648891,0.5631508973589382,0.3341153967786003,0.4820482472999779,0.5184000347202894,0.35757344271344355,0.580895383345879,-0.007391067647578482,0.5567354820921838,0.5150292819482952,0.5068221409757621,0.1313130121132547,0.36698439761248275,0.48476206857602655,0.5648493662230791,0.4362649080988572,0.3211992143938224,0.3931879333443596,0.4014662178293908,0.5249180978556198,0.3974973763027365,0.38339561691564955,0.5519678434807018,0.4959859820067005,0.3313282837755443,0.470783478889159,0.2796259510481522,0.5878363379109405,0.3185456581254654,0.481246223634342,0.16153868909938493,0.3517130772931463,0.519710458070459,0.3900525384537922,0.4314099068965467,0.42595560448530306,0.506078005370075,0.5505511737052726,0.35171692879707306,0.36777277531179803,0.6122325794830954,0.4568801553753559,0.5211512154284901,0.536164335224779,0.5037152021803085,0.5077502071717225,0.4578002053535117,0.3744023832109175,0.48201016795145685,0.49685586033397316,0.5324178085521185,0.13704468084324783,0.5514088895154475,0.48941690990496495,0.4097633219849932,0.41115359394551343,0.518207128010042,0.5067639551583518,0.3600402078077302,0.5221882216418553,0.33933867470695145,0.5149054369923672,0.16405960431016942,0.1532841492996447,0.41592988195996367,0.5161967665969249,0.41601369162033286,0.48470732449756554,0.19834725933785446,0.3008616553170753,1.0,0.4004184101070398,0.36210332295331954,0.5560753014543097,0.4798527620548759,0.14285211784875448,0.5819852190132041,0.02687709800464785,0.5155587363208746,-0.02976154665970679,0.44799524113269895,0.5253182670357573,0.10547845589737385,0.30532139944752085,0.4522439239595329,0.5240761327116675,0.45131081329562556,0.5395056971298571,0.5676078946376779,0.5805896216483802,0.5848918971515075,0.5388928876778619,0.4563825054901487,0.5020821929433766,0.5356279201535984,0.30427799597791516,0.593852980612404,0.5492263857226423,0.3771518637438319,0.550455678152176,0.38993204880533955,0.32979236401382156,0.4859826098929688,0.4015510235364567,0.3585247891765698,0.3916969041947273,0.4828582873039328,0.5068654023730171,0.1390939212277518,0.22489055284021792,0.232314842981923,0.4390196547108261,0.666652996830492,0.39632484139601676,0.33987678497953466,0.5400634719443205,0.5629235588510483,0.43548454304685563
USHY,0.9580541274898515,0.6500401831794288,0.6013305618002438,0.6419913144093937,0.638362668192718,0.6345149799092074,0.6771750070915908,0.6422188670741465,0.5626693698759501,0.7385720113933288,0.614946301329695,0.6338277907459948,0.5765698993150404,0.6916773621801091,0.5288606868508298,0.5235513737318104,0.5505560596552335,0.4536894979838348,0.6786110810363649,0.585044987844516,0.6844670731838914,0.5900721657043201,0.6402069629767799,0.7369720171866186,0.4924438059665609,0.5492151505796083,0.6157959911645611,0.4172632502322223,0.5447954347919555,0.6244837337962895,0.6912760307883179,0.622809876256734,0.3777944194585702,0.5642816348276634,0.5671148483449788,0.5288106993107071,0.6855379946705987,0.5523630274901831,0.7478953871991867,0.6528265481412585,0.6233056435766786,0.6352856989452146,0.3643989442458578,0.6132569929286911,0.5975478172356153,0.4066627552916937,0.6555377508870464,0.5693680427437581,0.6276678551931127,0.5778136160255173,0.5159414063241773,0.580431812074444,0.4670597920661693,0.45874502371407055,0.5202579022323988,0.6709681514160497,0.6579438102993068,0.6819629325607818,0.6829764667305654,0.5218266428422881,0.64286259421269,0.6531087123064996,0.3330236535975332,0.3627278360814402,0.21842035898585838,0.5025322516558356,0.4028790973646487,0.692649987468438,0.7457483061904195,0.6137009668191581,0.5402939788057652,0.5869184041745527,0.512066365271254,0.6123633413374425,0.6179011598678362,0.6032525636642175,0.46185237099549364,0.32456791816911346,0.6463953269019751,0.6598896838724814,0.5378636786887331,0.713751639630546,0.7421374618282174,0.5174160673462728,0.6792966543739165,0.48348691234812896,0.6744304307092552,0.3460189412847255,0.4506271395100361,0.675352999183614,0.3662815007462661,0.7297350403861942,0.37715058232682974,0.7527115734723725,0.3240287578601469,0.62925069958512,0.54886875457847,0.7049445937486147,0.6846865114364019,0.4872310891766255,0.6895914698451067,0.5767646870673402,0.7227158800159437,0.6942975153347293,0.6641800603906465,0.6174350591252457,0.6591403911073312,0.748106453717481,0.6190770906874794,0.7057833063241287,0.45862838157103125,0.6912774608680126,0.6268018929465965,0.979407312765964,0.24460005093995763,0.33843078635386115,0.5743267497143488,0.3971684506447883,0.7434432929232916,0.6060564500449722,0.7409245055838822,0.5972847356407851,0.6643363959886591,0.4601073891588371,0.6594716791181477,0.4460074502912976,0.7033135330641128,0.18113459076052155,0.2946837779179524,0.4004184101070398,1.0,0.66051607892369,0.729720348415184,0.6809782834547369,0.63444097902491,0.6898994915032927,0.43358136429988703,0.6688601414388469,0.38874637279855817,0.7128109618290781,0.6877379744770956,0.542376137959387,0.6604114816091048,0.6172751268049609,0.7596847630241039,0.6932568719706123,0.7387465939825701,0.6206686158406403,0.6745900724348626,0.759143834996042,0.753465224536318,0.6661567911603556,0.7084422189223964,0.5571304750132623,0.7868547098499202,0.6797248746429388,0.6379067550791301,0.5958458691673985,0.5769742365853623,0.5581634582409847,0.6470016725054065,0.6176879908505256,0.6576461932490916,0.2974281380064139,0.5919831450879409,0.6479173196800396,0.6460320685315313,0.4180884471966838,0.4330723859013506,0.5129426131977735,0.6990538883200694,0.4756731814151072,0.32820058051247336,0.5719299607210254,0.5597319228439721,0.7406746304987742,0.6303950244088542
USMV,0.6517994533828756,0.548793302014766,0.49676066756146636,0.5170242390359706,0.5455800295323143,0.5186754560458761,0.6677157022486152,0.6142921907383347,0.4826060029142606,0.8081999798008593,0.6298476610725172,0.697820910258144,0.5590124127383072,0.5427217266509972,0.4607175275064775,0.25266928819912,0.26060979310342114,0.22926055323380776,0.6064735293586747,0.6335960655422446,0.8640111215181779,0.7273290318451938,0.8694824415989902,0.8027978968756064,0.45936385386513134,0.25412287522375027,0.4108058931143335,0.3593427920254949,0.4862084831969819,0.6848910185689979,0.6777496387571683,0.6325179184462829,0.35475092928486085,0.5304562083958574,0.4999296997419242,0.4954514027674712,0.68076820075346,0.46630384281627973,0.8281762974050904,0.6558550455374691,0.6012612251167117,0.6085368879809434,0.3352087941578244,0.5872415247162255,0.641335464040986,0.42677795132872026,0.5960687842166493,0.5483161559452121,0.6034011543514534,0.5420842696663499,0.444582561661222,0.6315646026706229,0.45090936525779163,0.37829550431225106,0.44525728456199687,0.6310835780413261,0.6257821338431296,0.698585620060005,0.6449686100854988,0.48016317349682275,0.6353334140531443,0.945790794331234,0.31539393092749146,0.3218170776482571,0.14541057055338336,0.537211294789841,0.14582515612372887,0.6987117694485632,0.8459033411836503,0.6732707035446831,0.27460884732711266,0.6399764445494528,0.42672307598893106,0.5319103109862525,0.6391122744103498,0.7462166401233461,0.48010959972729556,0.3773401288960938,0.6289598470405926,0.9100991384137966,0.48079076420114464,0.7819543057444585,0.8808438377434943,0.5483568822212428,0.7217077206880156,0.7317939417512013,0.6149022591949102,0.34527762311774335,0.38096593618568164,0.38259408173322323,0.28137086735363154,0.8067517228279292,0.4262397583727268,0.8218449291164519,0.3343863789644609,0.6879612713715454,0.4157318631185721,0.5361795995176829,0.8046399600205054,0.4674960640513447,0.806153030152285,0.4588598859960361,0.7085767950008521,0.6919550543831715,0.620780206904222,0.6736296683910011,0.6047522044459824,0.8696622057981375,0.6667960817923159,0.6979222017972296,0.24505008922236635,0.6499030713474064,0.5871795188694623,0.6634823507247318,0.19343234936866685,0.30631974098612835,0.4991915992275962,0.40537493427737376,0.8289550141821533,0.7494953422334318,0.8261285185934879,0.3294714682147032,0.37231808817380097,0.3577845555789717,0.6947679728654104,0.39233012351797375,0.7341571282839218,0.18266568919261433,0.28446876051525666,0.36210332295331954,0.66051607892369,1.0,0.7044324198217983,0.7292498625826992,0.3610751152096218,0.6780744220171857,0.15975604642020882,0.6615460633510092,0.13645127228283266,0.9210980885574409,0.7306522472503275,0.26000178265162405,0.752982837440409,0.575277280034108,0.843473410893271,0.8347804307960243,0.7636953487970789,0.5879928319219284,0.6346937099092054,0.7946400754436693,0.8224177522741238,0.8728659178885596,0.7130669971941227,0.4827296057258522,0.5152152693307114,0.6497841071493449,0.6474651764515281,0.5521705080385281,0.6020752661674912,0.5196782154482955,0.6223190035781202,0.7334484448953638,0.6840122011009654,0.36115942340227225,0.7428414459013917,0.7635244776266095,0.6514861777296057,0.7467267301001125,0.6488494564005284,0.8044827275261528,0.6754378970906696,0.4713596306349802,0.3398357144903634,0.5462119420531834,0.4709029572120858,0.7082794574900603,0.7465438465440775
VBK,0.7189133109338027,0.8529684194425942,0.823960675278555,0.8701670280064362,0.8857966356114877,0.8481573648231703,0.7469981697693093,0.7149068756333549,0.6954591088298877,0.912305097035265,0.8113417256285792,0.7520476799755311,0.6592863242515249,0.6136720767676616,0.7521119708766663,0.2509052113655375,0.24258590093093305,0.2008564765187707,0.8626160007104523,0.7899411893837642,0.7987674958854579,0.6145973206366504,0.7276450168950824,0.8763538280383498,0.5411584435965094,0.24444189314281456,0.4850853285122621,0.4757030968557522,0.6443090379655753,0.5938471662065968,0.7844596483081936,0.6536222967436081,0.40419944039299704,0.7012394311415007,0.7010540618014858,0.5598394205862286,0.7487023109149122,0.6867149113633835,0.89067861426063,0.7114298298982129,0.6936633576024993,0.6737511661380793,0.4349870998799543,0.6365482040351457,0.597722422169162,0.45355103712162576,0.7610364403591265,0.5821796633982058,0.6573939951322314,0.6467865782100035,0.662478303447501,0.6049076312558543,0.5180077888485082,0.5786402778657558,0.5564923792374419,0.8429193120988083,0.7086940661702694,0.8890884522575336,0.7465434211945079,0.616038215710926,0.7062542767937119,0.688755719278203,0.34649727404465924,0.3858701252143915,0.17417648426919732,0.5959774124344371,0.1146135338502698,0.7579477486460704,0.8895879671047608,0.7497524982070567,0.2771274131660994,0.7513413609729414,0.6783904193421944,0.8722734887158433,0.7949487763790273,0.6835961539202081,0.5290106853051734,0.3755970926212785,0.8105009180841738,0.7331754859679283,0.6996610356430132,0.9198912521515136,0.8856660082239483,0.6674322097893763,0.8445249435072038,0.572539682452754,0.9450262130584565,0.39136808754403707,0.6159680194440864,0.3956564198773997,0.45255866415313045,0.8613364116767682,0.44619583147165576,0.8493636260456209,0.44999487479823486,0.8255464181772897,0.8069750356450585,0.6178861642967844,0.8014280164734474,0.6060364387011137,0.8295799095292845,0.8264084419858626,0.95945984969224,0.8471352434590423,0.8645312595579597,0.7800325788277828,0.6824414855775295,0.879369355291842,0.8457732913015824,0.9556977027107552,0.2085083794676845,0.7505065621496497,0.6670840172804923,0.742852875740872,0.2699385931990741,0.39398929081182066,0.7693505374008187,0.4634417065399108,0.8766276704148263,0.6413514384539286,0.8737188877483951,0.31038488073757853,0.37935956779696167,0.6435917489177687,0.8189327707149434,0.4844542594550039,0.8330547881975322,0.21773708543182546,0.36496939722487504,0.5560753014543097,0.729720348415184,0.7044324198217983,1.0,0.8692401423446489,0.3782129678414947,0.7684493103009469,0.11715109689584025,0.7144980997141366,0.1204915939138421,0.8086557015130339,0.7576803841340412,0.24386878848295662,0.6699560888697581,0.6323400243053228,0.9373198861741587,0.8088481823666952,0.9529857284821803,0.7206774648059738,0.7732390924355803,0.8980167613825482,0.9130092586276899,0.7652637006785213,0.8533782228323966,0.6801877735127951,0.5661314200828976,0.775966107117712,0.6842286711468266,0.7997104151853475,0.7736851365654361,0.7526995400015244,0.7553225983450637,0.7402774412265924,0.731167480074349,0.3621023951791219,0.6898728072049805,0.8025931600105486,0.8103013977128316,0.3390464687307727,0.3634831657967697,0.5468814844546704,0.833860614639141,0.6554902611502375,0.43966469129122243,0.7332283283967416,0.6959527796415104,0.9147102929610105,0.7492874996947714
VBR,0.6646420733321076,0.6431227034630006,0.627110732855,0.6436783963613314,0.7102376473065992,0.6208391040718325,0.7673577487226272,0.7489559001682644,0.6074079407496926,0.9200155704935389,0.9677672171393068,0.7923535465800583,0.6417540881321284,0.602684943965305,0.6065504569780182,0.17530642886103448,0.17363978828203813,0.14191715543750638,0.7242307494512183,0.6009454676706443,0.8633901878608906,0.8119490339572993,0.818792102756635,0.8032370188300231,0.5580927402760061,0.17624448800455927,0.4486246455324808,0.4938601631837539,0.5650839258741462,0.6073073233243627,0.7116534926899101,0.7406344313087414,0.3996964513385834,0.6039742565639576,0.6262248546061288,0.5742448239504071,0.7469580403887168,0.5909333922885872,0.8253987170036535,0.7252125315655802,0.6783555213284742,0.6692089780975384,0.42691289789568326,0.6801842731824074,0.6004108081739903,0.44643324605141316,0.6846331903379984,0.627748195451375,0.6838431992154532,0.6099912170704179,0.5678087277828245,0.6887409321818129,0.5349797462832319,0.4824399150508629,0.5359637148292516,0.6419028648922299,0.7078180450050896,0.9862553720840642,0.7586940516916744,0.6031330684237809,0.7630137779470437,0.7697834343576107,0.3045744813161479,0.3392492809756792,0.12588714800944317,0.7107864995342795,0.0519523278943697,0.7601731704146206,0.8317669133302208,0.7605726530278167,0.24686198167451595,0.614595543910416,0.5349263896672777,0.6810827175066776,0.5815467012304119,0.613448857359369,0.5117726346216409,0.5449442568566141,0.6441051736641747,0.7806200864109649,0.7609952767837637,0.8019587272073212,0.840545545772153,0.8697099078617735,0.8772464381061806,0.7585446882256599,0.8153097511128345,0.414903625334743,0.5325753427459913,0.3214015811695172,0.3675890620362091,0.7832000497016576,0.5801731343258552,0.8576686003119803,0.6047818293717491,0.9125536572161841,0.6614789697852808,0.6014349390745394,0.8495048834698175,0.6528439919320577,0.9316831676447962,0.6706171858344917,0.8039648193229544,0.677379571851785,0.6675498907564107,0.6478238130113373,0.7771883044066967,0.9468691416027658,0.8376219861258838,0.9572935935577379,0.17200124040545656,0.74280767900681,0.7390639764765482,0.7010227105060604,0.22646350393533948,0.3479025481537608,0.60907181876147,0.44240970270340185,0.8238331134838414,0.8717347584655781,0.8137716601230477,0.2654271286749428,0.30517637905627,0.5060327642680679,0.7367405133567579,0.44799564931864316,0.6884521867349157,0.227317069240512,0.36232368367198975,0.4798527620548759,0.6809782834547369,0.7292498625826992,0.8692401423446489,1.0,0.30389597213097186,0.7617614157417507,0.055307749600187764,0.7244615839071497,0.0485045576640986,0.8496569932001092,0.7225305523088141,0.20156865062785542,0.7354622163972688,0.6458523130673229,0.9195864763823787,0.9499698101550194,0.8066778586334732,0.6841318483158887,0.724912010407062,0.8492583577291662,0.8552990102491278,0.9005781378679416,0.6887970248157779,0.6015731369084484,0.5109763527458573,0.7475850106967069,0.7519879691635186,0.5792666098155278,0.7548371805583136,0.5917343721515964,0.8126230563923332,0.8514731753764012,0.6519130587358002,0.5410959715524817,0.8441526276982007,0.8822632768731872,0.6452135893635623,0.4722521990050106,0.4432161794276301,0.5663581904838864,0.7578324438621337,0.7187527666706415,0.5814511864225861,0.7746723213784041,0.5922420558525995,0.7778723781956485,0.715997011261792
VCLT,0.6718599551188291,0.3203790674357629,0.3613992136475084,0.33893354503444323,0.31027900570923145,0.30888120867098606,0.344953754184473,0.3148700304777785,0.29062204596441965,0.3248631030072653,0.23155778274574482,0.29697077633585256,0.3155613424724285,0.31030476464389944,0.22677843752480936,0.9658100268130212,0.9136271903805832,0.7314082176056028,0.3462497687740461,0.3042077967370909,0.3133209952027144,0.309746052312178,0.28855692136984756,0.35653822641573013,0.26223143994732045,0.9046475642242655,0.5718477697052028,0.2283394970295123,0.30377377212138257,0.4191466243498066,0.3942421165181108,0.29798753789684934,0.2125953294869117,0.2907083325828487,0.2984562119740092,0.2806679793007174,0.36699777960862645,0.2888722385342245,0.3600644421623099,0.34343629783524204,0.3178607740208866,0.3341030763713952,0.18541516154959967,0.2881147241044067,0.3978625329228536,0.253206465207934,0.3287587084024257,0.2976708741958824,0.32431160423813393,0.30446261753949705,0.2732269098033537,0.2812255030751347,0.29188561736875523,0.25577185540839276,0.3081286343018736,0.33137169734399025,0.3329473671017474,0.3124063026369855,0.37526587151764085,0.25927637728633574,0.31225817737179573,0.3421578941693516,0.2649303040875979,0.2700145382297548,0.2345607915711935,0.17169393397833424,0.8176087784142736,0.3703203473510688,0.361214085878915,0.24528655224909404,0.6212063524135075,0.355845149872312,0.3309705608755291,0.31313004260362737,0.3155697840641188,0.3485107259764178,0.2141370794763969,0.022015738069400687,0.31678736740380387,0.33313832566552065,0.23511437882745576,0.3462207933656857,0.37288037559202813,0.16355240982945995,0.29532786668546046,0.15640274820143055,0.33289649052648423,0.1407802495622981,0.23454675259346314,0.9834345513821284,0.17485847902491908,0.3427695613397567,0.08311089541987635,0.38946535122408893,0.015626309027521833,0.27166953374624864,0.29087043514369965,0.552880051473186,0.3863150625126302,0.2009683697724298,0.30038188401517213,0.3109704468805121,0.37029277117685594,0.3448254923238049,0.32816525039878414,0.29174720370096635,0.4130210011785845,0.35892285004907065,0.26522318352441215,0.3366014717432654,0.7351940498726512,0.38098320351668913,0.33790145556173273,0.6115692074819257,0.17648391876009747,0.2351584281750225,0.26638658162860146,0.17932561359777668,0.35238137249971196,0.2957645065520103,0.3554400211281976,0.7267925925034282,0.9746810628510473,0.295119770234775,0.31653057895502107,0.2859503505441686,0.3413607072001574,0.05352518754303248,0.12427448762348432,0.14285211784875448,0.63444097902491,0.3610751152096218,0.3782129678414947,0.30389597213097186,1.0,0.3655858784567655,0.7800465720971049,0.3536553049465899,0.8979800564520585,0.3523876453929533,0.40143835301634073,0.8101520775651682,0.44674405305015585,0.41427636032720966,0.37546957937559106,0.32301290377132524,0.37709471879165596,0.339684209309539,0.3640407312599258,0.3717503504702724,0.3582302464702176,0.2901369861912319,0.34765931960704116,0.27934754887133917,0.7685573166322951,0.35576396650536846,0.3139303370893298,0.3220375094521761,0.255864445783226,0.3128981682846567,0.4337323574329689,0.30374757301215505,0.312872136403705,0.005032998665123385,0.19775767233840738,0.27472830891672817,0.3108374998669606,0.2609561759175851,0.33819221310775577,0.29798970700996114,0.3519102718313677,0.17792077522110789,0.023926519935079386,0.27147887282673483,0.288294406191461,0.38870429766766257,0.27501274164256256
VEA,0.6797649653394813,0.6412351267465612,0.5782424966973069,0.6175010342617723,0.702792054376785,0.6133356438391154,0.986317051370435,0.9451726687343814,0.8359513488929882,0.8269258052843708,0.7034530140268127,0.8422417540705244,0.8516466418960914,0.607397282082941,0.6084805643708381,0.24896494025135696,0.26836894202794026,0.22045715712179179,0.8231284513660624,0.5843677019009179,0.7796674363661334,0.6255402452163007,0.7514325102800022,0.7990701205759413,0.7350632334389394,0.2672804465075282,0.6941334261771118,0.5768247454412482,0.811955860935931,0.8765399697411866,0.9642755641383217,0.949523684418366,0.5024005696699697,0.6595569079684283,0.8499181938419834,0.7530599819732839,0.99043411450161,0.8189156786993923,0.8112112604158659,0.8844880231361159,0.8864528323788263,0.9088619067632189,0.5780190699597163,0.8855780842295823,0.8311563391428257,0.5829166697915522,0.8978080880156274,0.8335068746328952,0.9084597463121331,0.7708423204768584,0.7466212684327819,0.8886897144277501,0.6536076517191862,0.7278873134454433,0.7335390124302607,0.6426196462221196,0.9381189987585606,0.7620780607306588,0.9661521830865102,0.8009222533075968,0.9741908317028559,0.6809944156808789,0.5140588661092882,0.5429961919979586,0.34230406410926983,0.7578897797490176,0.14687283658780206,0.9854396049249403,0.804431169670371,0.8929152962189517,0.3156259907343971,0.591464672011785,0.6116059366038633,0.6978230842632799,0.5838512566464438,0.6044221463498188,0.633430438901367,0.4504636810588476,0.7541540118355785,0.719357654982552,0.644096765305948,0.7937162746900281,0.8066135613114875,0.5840009747298744,0.7360053664413758,0.551981133129976,0.7586114772748382,0.4504904066986354,0.6275339430486042,0.3955740761954088,0.5342809671469914,0.7947869145995257,0.43277118868575865,0.76327077611313,0.46041033990114016,0.744849351241876,0.6126647261359391,0.5813411030349078,0.7136544883727305,0.7784783607090898,0.7483580038639736,0.6435553698733492,0.773634524366658,0.7399373372581758,0.7176808429401639,0.6884214272815523,0.6477979909400979,0.811625665188081,0.7128164006037053,0.7772425311657697,0.228584243599016,0.9620326154458878,0.7878209419285332,0.7072267577451861,0.4152362632967342,0.5230027489284328,0.6909889386339924,0.5407397800525634,0.8101414534683312,0.6590825116499072,0.8038947671926132,0.36088526481967764,0.3796466587363119,0.5315299698526363,0.7505889050285439,0.6312211464646996,0.73140375819485,0.28293495732825585,0.4111483305115703,0.5819852190132041,0.6898994915032927,0.6780744220171857,0.7684493103009469,0.7617614157417507,0.3655858784567655,1.0,0.16265793886057286,0.963421846368141,0.12284671653380555,0.7819421211341581,0.9411677567963914,0.29763580579112575,0.6204177287522191,0.8280964370295784,0.8117017866953697,0.7693701358401457,0.7687777251924018,0.9284766005578378,0.972485554171164,0.9211830158475087,0.8187374608613973,0.776287636876483,0.7355024603719064,0.8043342895643939,0.6067549048604697,0.9842763041098793,0.9536331209971917,0.5219731210485653,0.6604548361627693,0.5353672521696662,0.6528087456656827,0.7819493390976808,0.6517567779412304,0.3828973185611891,0.6841932693371297,0.7592350421289925,0.7150835163665046,0.43980091560465134,0.4079942827354331,0.54698057974627,0.7060536333290408,0.6602989981331422,0.38477951223184537,0.5578871115302305,0.8167820611170833,0.84918126122239,0.7104642427522893
VGIT,0.476519488430325,0.10339111238080999,0.17687020773149953,0.12013581373232482,0.08070649824380192,0.09130051338823844,0.14803244133607044,0.13653266436899422,0.1095407515082459,0.04323913912455788,-0.002404443803523313,0.11317814200429492,0.14381629016309058,0.05788125881061127,0.035569987610641465,0.8419651493901745,0.953869130906149,0.8092017153536415,0.10733390592190008,0.08111667441353929,0.06203324924468725,0.13479562463432063,0.04341090457208415,0.08175971394808525,0.10571836169799756,0.9415753974201075,0.5242361074590469,0.11024226020602076,0.16315084070144686,0.30493632187012515,0.18868971466713916,0.10832802878783496,0.12035007016192525,0.1063731176666432,0.12167323366402123,0.11119561977067507,0.16093248111896705,0.10994375180041228,0.08088134797069298,0.17712035082820363,0.1502642973503116,0.13478569516134783,0.06129347259620534,0.0864066935249107,0.26347934747035673,0.15630895175238937,0.10760114171435307,0.10900462879714955,0.12328765752810729,0.11882918623916579,0.08306967150998058,0.11463891213260023,0.14413119300161378,0.1267825054177065,0.20854756347072403,0.09568998447996717,0.11393022187111414,0.07208234500485028,0.19405286341909614,0.08691772806325733,0.11800691923806748,0.12538492300682053,0.29150899888403264,0.2792475422805154,0.3219096420469332,0.006658480193905457,0.9205545420405111,0.15774402266837462,0.08221301207905854,-0.04170186869383992,0.5917238854995216,0.1750746109431057,0.18616730473763016,0.09245971824996131,0.08559721333785922,0.15814887811015557,0.06892251299825064,-0.1265327344004973,0.06581589551905058,0.09665969586511151,-0.0037741800646226495,0.0711262312027932,0.10162376931072499,-0.058791725213420264,0.03633709093313541,-0.056079752728877844,0.09245905209067444,0.028951668910639633,0.06461154375445105,0.8368866934398655,0.04796245381439335,0.06733267423126117,-0.04187012026230833,0.1455979659576073,-0.1385128104814099,0.04069580082079399,0.09340061289500362,0.3319799039651336,0.17209686848550793,0.05025607872875073,0.044074258429904534,0.10141368287577375,0.1122980115405898,0.08297377156404728,0.07481470947563738,0.032727098589696614,0.23950607479523944,0.0980154720977189,0.004335014101146964,0.0839568909873865,0.8010261957714648,0.20019470531936207,0.15153189910512818,0.3939614333324931,0.19402625401843723,0.23280718634443098,0.02797566177706011,0.05785451971364248,0.0714496809841799,0.10683388517465717,0.08179880537962565,0.8417887970157256,0.84846749230623,0.1433201120605723,0.06843384851943503,0.16682182795381442,0.0800601905945022,-0.0033386073093395587,0.020189207456750548,0.02687709800464785,0.43358136429988703,0.15975604642020882,0.11715109689584025,0.055307749600187764,0.7800465720971049,0.16265793886057286,1.0,0.1514032963302174,0.8524898523302932,0.09926756867074424,0.21341224657953628,0.9193286614926249,0.2821872804459975,0.27418890631132603,0.10857948515457241,0.08531489025956776,0.11316927031328979,0.1676059561801773,0.16432658684732157,0.10860979081785786,0.07641002099680917,0.05327392023580968,0.0818242279803895,0.09589452972534632,0.623997187165575,0.1497796929762022,0.1232522700163024,0.1113648777686664,0.0693103522897296,0.1495774515157931,0.25893725712811283,0.08819103478043154,0.09150012019248481,-0.14041806398597795,-0.050902541355222895,0.044280119409125296,0.05508806557921735,0.15691858902060768,0.250007611929291,0.14902326609295652,0.10289538268377253,0.032894207072038203,-0.14300698617395477,0.08265492322795795,0.10695763235457524,0.14334742402674663,0.0076534466907104215
VGK,0.6540108109909594,0.6017908511875916,0.5392216730582452,0.5696195616102948,0.6388238400512886,0.5684464869714932,0.9632033763786503,0.9016751861527319,0.75729903358796,0.7752962091805071,0.6598374051882518,0.7901057318032357,0.7296178483511111,0.5930334274194493,0.5613538687043885,0.23831970835378138,0.25503491165999326,0.2033005276035791,0.7552526206034933,0.5390685725234499,0.7477815880787712,0.6112931594458996,0.7243134141805336,0.751150239634034,0.6949903616425422,0.2528283688318753,0.6828651826377441,0.5418720909029195,0.7420451810954742,0.8801265974891662,0.9436742137006429,0.9423529798680162,0.472940580512644,0.6235461079019257,0.7608604895587034,0.7688971654255534,0.9742807856985802,0.743540465280106,0.7615427424466398,0.827585879692591,0.9121646991908785,0.951382611028568,0.5361413320333104,0.9247315242993137,0.8768607923233646,0.5469222801380352,0.9005866261503304,0.8740063101291404,0.9569241790936713,0.7335928739942055,0.6662553679282311,0.9128211902063643,0.6261799991122499,0.6181456896005383,0.6966288069286035,0.6017903325351939,0.9725783795446916,0.7181530552465702,0.9206674341100828,0.7469714759079759,0.934320602911578,0.6752780149210318,0.46184448725561006,0.4900223900339577,0.2902642461212062,0.7112901857069737,0.13736074218283115,0.9708745204927831,0.7569133913155531,0.8694422388419154,0.30847207766666895,0.5743062008138566,0.57921357462618,0.6335210926897743,0.5440303320911469,0.5970419865078266,0.6173248174872116,0.4133153387251844,0.6842417313081327,0.6939459691581877,0.6299585693821337,0.7359828530095854,0.760537064022197,0.560471965214854,0.705027052597001,0.5608690682123626,0.6999296113811,0.420407037148865,0.5766704242046679,0.3824996330632615,0.5035207315672502,0.7443840118043111,0.4009779972654211,0.7375304951132606,0.4107310721411908,0.6946027613292759,0.5585369528343945,0.5565648015436573,0.6953811854509097,0.714463679416078,0.7204501401225268,0.5866436351241655,0.7278743662273649,0.68114358488244,0.6536529936283659,0.6390132689004926,0.6318340640483542,0.7788944116424988,0.6647704484909096,0.7238550098006855,0.2141649365702239,0.9352743024335042,0.7651042035609785,0.683476802365869,0.36762793463927385,0.47070859326067716,0.6232513236729694,0.5264248180467029,0.7601749717739752,0.6461211109967159,0.756011901343256,0.3522678930678695,0.3673674081577163,0.497152982212645,0.6887463138752572,0.5824503621877444,0.6846894739885906,0.2799287875310199,0.3782205852239286,0.5155587363208746,0.6688601414388469,0.6615460633510092,0.7144980997141366,0.7244615839071497,0.3536553049465899,0.963421846368141,0.1514032963302174,1.0,0.11397501260286459,0.7505713617284905,0.9219951824032818,0.2830806971524507,0.6107510862631261,0.8022204009137724,0.7713896949032715,0.7414041025312192,0.7189883960870859,0.8064860443598451,0.9252743294162038,0.8715166675602662,0.7682597142617251,0.7418252566067433,0.6862603918342071,0.7478980503166496,0.5963610009433806,0.9408613964141697,0.9306969796223726,0.49313831473968545,0.6040316753675857,0.5098628548575251,0.6298778577513229,0.7532676454391676,0.6228931898003249,0.33945113075551014,0.6733837700677808,0.7157631440221678,0.6496583696565783,0.4552515688549603,0.39463008040692193,0.5541107270935234,0.6698303197673882,0.590066077854963,0.3360197407335634,0.5396357667249921,0.7439435907056027,0.7980336408394682,0.6702800151548449
VGLT,0.44301846560526914,0.09903020132842406,0.16924634556965387,0.11787314287476755,0.07502435091545179,0.08639873326124595,0.1015752160401945,0.08429203263842223,0.08627294817750258,0.038196986669549335,-0.013717822580933386,0.06989930145944656,0.11152164145607,0.08642012039213974,0.018121251644376245,0.9712341277554959,0.9284915924962865,0.7648774437104761,0.10305165132468003,0.09794575817642219,0.04777794282639106,0.11492769887554893,0.03828982015673991,0.08040908413836988,0.0842506461237091,0.915209213939577,0.4541870615669411,0.08545568761315933,0.11645043184582923,0.22880760261849492,0.15864524435740743,0.06414038937792463,0.09048413506918328,0.09849561719995906,0.09131719535355642,0.0878746666706561,0.12324564821249273,0.08910282285448919,0.0782106963225521,0.12858259224064367,0.10387263285647418,0.10150436151011238,0.05334437600577449,0.05170332386351935,0.21439626876667242,0.10943346560563617,0.08833283620048055,0.07931302891083802,0.08945886254285505,0.08997047749955987,0.07285192912626615,0.06517177474178755,0.13178705435209984,0.09970360342024488,0.1511393014323365,0.09299422868371297,0.0872603520522182,0.06074210744659315,0.1412406379075242,0.05909096508754988,0.07450293467425197,0.10595138559424111,0.1915362924052498,0.1819123147672467,0.21729856459390134,-0.03386232044193028,0.9028788588828875,0.12289868651272315,0.08153496773506554,-0.010224569680741372,0.5883259876155202,0.15895479374627655,0.16576555101167845,0.09529164989510594,0.0949749357340014,0.14866145718838572,0.03988499382242977,-0.14528878401600454,0.0710451929052667,0.09732549343458619,0.023340167939759293,0.07866271482242936,0.09964443130953221,-0.05303450560384517,0.03939467733014997,-0.05511436707862045,0.08324306230762855,-0.0010770112416447683,0.06984982037938456,0.8812704001569678,0.04299904510723293,0.06347821396918392,-0.08160732786725874,0.12558719352155384,-0.15470103247181918,0.03377726366850668,0.09150343408478492,0.3893031379776468,0.15572621925130045,0.014951060754963323,0.035842240034661195,0.10206170612559802,0.11248573525119752,0.0844197817671761,0.08110627787712084,0.05058885878081427,0.22798310253442944,0.08555716444297277,0.023456764998113777,0.0769011083184977,0.7514820828503775,0.1482675391396743,0.1256944201888026,0.3576004611173743,0.11660867086228642,0.1487272325050794,0.037042541276786696,0.030644095735703022,0.06894627939115791,0.07853433206805067,0.07670528449853173,0.6496384560838069,0.8823097396370847,0.1431209433203852,0.061023759828105664,0.1373528636697141,0.0805798479427149,-0.029239266105052078,0.0076634395796760435,-0.02976154665970679,0.38874637279855817,0.13645127228283266,0.1204915939138421,0.0485045576640986,0.8979800564520585,0.12284671653380555,0.8524898523302932,0.11397501260286459,1.0,0.08725110531450181,0.17302058955972827,0.8247608008703707,0.2666497130190865,0.22711010408766047,0.10411493777893109,0.06903484751120924,0.11708474577660008,0.12743103469657927,0.12931105578619867,0.09117870187566963,0.07421928979121875,0.03312367382334908,0.08412309127744218,0.07473722995529429,0.6202289797109334,0.11300829118813996,0.07709685972969632,0.12617957546451386,0.037220024870771584,0.1258525012745171,0.2422639954904145,0.07278678650384816,0.07135311873686481,-0.15083450435598228,-0.05546801092360375,0.026905101813419315,0.0614198401947662,0.12526596695685718,0.22985683627933773,0.12778698248791334,0.10032536576640844,-0.008783015474086067,-0.15058029035038373,0.06766463873192871,0.08696807210251055,0.13196135701112807,0.02772367672491333
VIG,0.7030640863904288,0.6270951162496897,0.5564891845351224,0.6035062877191433,0.6755852787512111,0.602664271487457,0.7695518961508115,0.7179692614028151,0.6005243163988014,0.9314694397480626,0.7696714921324237,0.7693406594925861,0.6644611707270327,0.6128032209996678,0.5708445422803374,0.2206999229223208,0.2192946588018291,0.1886568930493698,0.735703276349433,0.6642069566311976,0.9524554132751998,0.7311708387965012,0.9332347352270052,0.9073259159630401,0.5338785394154446,0.2164312061533431,0.45466372851951864,0.4359517090881663,0.5802757138649814,0.6837718130948325,0.774382807037071,0.7261233716712095,0.408416044228232,0.618234069191351,0.6323665542767065,0.5802391085944606,0.7786104278572644,0.5846887303768838,0.9286622967295013,0.7384200633619266,0.693975143229852,0.6988551172506057,0.41333774285509084,0.6828806981795524,0.6681077407799765,0.4802677843615651,0.7238398053207771,0.6300708381631178,0.6967526378344692,0.6184660192208695,0.5851185243133011,0.695998891327961,0.5161391909022103,0.49601710491591433,0.5235016140203489,0.6949352648105684,0.7350635234112377,0.8264467591877259,0.7435632757014516,0.5859179564610134,0.745366959042941,0.9260077577479955,0.3185762365760689,0.3365427769698625,0.14142050368660739,0.6259419927241863,0.09216608229186435,0.7908981428303224,0.9381128020968752,0.7889284436846158,0.2609105200446604,0.6324217442839292,0.4960028904609412,0.6397946626817294,0.6736746987145176,0.7371985082194383,0.5463046599892676,0.43235388973186306,0.7673114354993434,0.9333341660117471,0.6244845015104168,0.8813344429479556,0.9503809369837792,0.6825182209504722,0.8325269209306744,0.7311106746204494,0.7370737673109465,0.4059729800557077,0.48346519248029185,0.37084109926517744,0.3412770961755705,0.9115946061661013,0.46373820033141433,0.8904096507019944,0.43946510028923863,0.8392500372750481,0.5390067593955049,0.5848748279263305,0.865339606032542,0.5834888830546895,0.8944269877589899,0.5874978935377121,0.7988698234645584,0.8025008031121198,0.7407226370700116,0.7587297018790806,0.6639665303782513,0.9481565669852008,0.7678222343284629,0.8237640803738822,0.19774410949846402,0.7416039154930815,0.6528358491776093,0.7284501956175534,0.2297038941543666,0.33372034385292887,0.6698027727151797,0.46568431559027046,0.9333104852288744,0.7857006702473683,0.9287912648352046,0.3099233060832472,0.3571287903437682,0.43319555769570467,0.8328328737644417,0.46636640875996843,0.8280476689005799,0.23142313789355481,0.3542169641778036,0.44799524113269895,0.7128109618290781,0.9210980885574409,0.8086557015130339,0.8496569932001092,0.3523876453929533,0.7819421211341581,0.09926756867074424,0.7505713617284905,0.08725110531450181,1.0,0.7858476132548236,0.22548426994089865,0.7313851382220502,0.6233617427759015,0.9197888588253023,0.9030887050914491,0.8436935155863816,0.702230180346233,0.7440553132332524,0.9067339856684371,0.9285072320086865,0.9434919399202581,0.815729092645837,0.5904773079464334,0.5499840134296262,0.7586709689716272,0.7394794570407466,0.5731682101455723,0.7017026341743737,0.53737811856598,0.7305861098163614,0.8272596373445481,0.7283462338129963,0.4154937016054695,0.8382728029290504,0.8877011120233389,0.7799628808622349,0.6619061395561185,0.5599636828150935,0.7493994893134064,0.7828619863874757,0.593614902387777,0.4103782262067836,0.635679669453913,0.5884978275611531,0.8155029379215787,0.8244840355662406
VIGI,0.6788865673058463,0.656492664544552,0.6021005572435154,0.6266390316409056,0.6785740458502937,0.6201367063659436,0.9296451165108055,0.8706883497793386,0.7665764519258975,0.7937098616151567,0.649507415213208,0.8145409299218914,0.8133500539045879,0.5865864817658831,0.5882073425277522,0.2929313320887498,0.3126448970202897,0.2648051266522867,0.7950197928404963,0.6141770545012463,0.768115280804021,0.6095523932360656,0.74443751652401,0.787267532770737,0.6719456799380006,0.3105055582171331,0.6629867575543046,0.524598453204684,0.7572404912666857,0.9018681926457273,0.9504354577815571,0.8769507334997231,0.4985978126270035,0.6266854750872285,0.7576392407268292,0.6908303543777989,0.9485467398964856,0.7594781993667785,0.7993340164007358,0.8391738629386876,0.8485195052456849,0.8585355217122577,0.5580244301823589,0.8115769063396558,0.867596700807107,0.5630646659919469,0.8482388801859445,0.7564147320071015,0.8569998822920244,0.7413034666338549,0.6742067034700614,0.8382982283786604,0.6112513208111253,0.6075727454640453,0.6901749170309996,0.6658047447242773,0.8801130672119509,0.7204145400305195,0.9070376602433826,0.7400112749174101,0.8884790948510531,0.7270582106553991,0.4774060117735041,0.5035206038856861,0.3048291135916645,0.6735914949017578,0.19675858781607014,0.9495293588640094,0.7984280631779412,0.8537652451239836,0.339954197324894,0.6442897455838243,0.5815253295961973,0.6705138686999975,0.6271357884619033,0.6615319615470334,0.6456246273073496,0.3811760746242225,0.7128791892253856,0.7426842241619668,0.58438891728917,0.7784564159782259,0.8020240383657053,0.5353973674084422,0.7189165091083559,0.5571419408673347,0.7294456890658815,0.4255729553340164,0.586468098056647,0.43055317383350783,0.539581322729399,0.7815826482606556,0.3925217206202412,0.7698318775839804,0.3781695066836584,0.693994106434174,0.5761461599896324,0.5807868975979583,0.7256569493641033,0.6796283926472743,0.7281125769433722,0.6036658558572381,0.7727243509355611,0.7259543426642926,0.6968911089174511,0.6881380570980667,0.6286543507873422,0.7966229976448398,0.695414868484455,0.740384554220645,0.25671311022484206,0.9190074318198334,0.7455142559309079,0.6989667641476942,0.3571255198808322,0.47957410850950044,0.6356712824222879,0.5365731895711372,0.7942262799605477,0.6327318562485819,0.7921548515990469,0.3891119784228233,0.4169207888989455,0.5131161604196326,0.7146030517435238,0.5886271077699784,0.7374122042399895,0.2584147722667091,0.3805932208023058,0.5253182670357573,0.6877379744770956,0.7306522472503275,0.7576803841340412,0.7225305523088141,0.40143835301634073,0.9411677567963914,0.21341224657953628,0.9219951824032818,0.17302058955972827,0.7858476132548236,1.0,0.3260809141323039,0.6485556137863884,0.8012703505163334,0.8041721384314854,0.7445198889880978,0.7718366537312453,0.8530241849896284,0.9255509791721238,0.8911014151000168,0.8033524338342233,0.7486014287694395,0.7355199527182317,0.7724656279150702,0.6115642600845914,0.9316257747924755,0.8891509251804925,0.5727179179252566,0.6233462258137965,0.5678865993093852,0.6487194432759035,0.743603899184795,0.6701589278036327,0.3218264250900363,0.6578324665307019,0.7194477039776193,0.684291816066719,0.4917282312704388,0.4312222090432193,0.6246792049780016,0.7032722061523154,0.5770437209405771,0.3295137290653103,0.5367516051713878,0.7633142547673226,0.833754661190717,0.7022801777760115
VMBS,0.5745148907741393,0.20759281572990437,0.26192964170682465,0.22079575813395969,0.19416035690822997,0.19340133705223578,0.28162642022072526,0.26503542283079906,0.22183538043453685,0.1886260580958296,0.13922787727555122,0.23918849840587192,0.25468817019564033,0.18322355575087873,0.13386290846697377,0.8402670733072275,0.9447934487951581,0.773083431736599,0.22542902413383417,0.17171021959158936,0.19511585811186796,0.2498620267659054,0.1684218037581228,0.21490444903811978,0.21723077373044095,0.9349303144042459,0.5896906650098314,0.2000775650944566,0.26047701954521124,0.3956713330238799,0.3089012971569284,0.24743792547196733,0.1728991267055779,0.19741476762222526,0.2328919490939101,0.22224430012785296,0.29517810525369104,0.2192717693926782,0.21505879786633272,0.2975868224831949,0.26616528696089503,0.26199475515694,0.1417131707193146,0.21744536961682537,0.3503485926368394,0.21999658401024888,0.23278686713849717,0.23056883933135403,0.2529407859635833,0.23720020310241285,0.1965490016864053,0.2470381957492992,0.23524882560635052,0.21745740673653133,0.2939527947711408,0.2008264000618904,0.2473808581692521,0.21367805336999646,0.32373755940030363,0.2013547137482414,0.25908034899790044,0.23183447056639842,0.30664879980532594,0.3013669914238682,0.294551309497769,0.13045983688445778,0.8628244351606046,0.29194102620855894,0.2130115105900046,0.11595421050569367,0.6294996430771842,0.2562686049915485,0.2690162039507519,0.19518017624684586,0.1852140142206216,0.24352180316844466,0.14621611828395856,-0.03038600955515694,0.17830698934400513,0.21527520812336315,0.1244016302506046,0.19322284134581166,0.23388828779573417,0.08484400218189704,0.18224758461852486,0.0683880735802593,0.213078488713884,0.09787994781856758,0.16012844250987762,0.8538397498922995,0.12161794807602298,0.198167613011404,0.05729989855160539,0.2780662814824492,-0.0425015862343134,0.1718578760301276,0.20020869874414346,0.4490688691916105,0.2869794732481988,0.16668407609952188,0.18044026769707575,0.2081805307684054,0.23251438776640895,0.19573432780952654,0.18215693293971663,0.13929894418895475,0.3776150972240427,0.24086474707532257,0.14326290448916723,0.222555587694253,0.7716428198284659,0.3260702711374004,0.28488607784637804,0.5126204593921394,0.2062124212404901,0.25724258095768276,0.128129277225685,0.12916588674455956,0.2074869427580471,0.23714712120150483,0.2149285352758633,0.8168344162826324,0.8580577560899023,0.2279965681927395,0.18436954645189238,0.24960548980378738,0.19659484148174888,0.03672834968916405,0.07003681770988972,0.10547845589737385,0.542376137959387,0.26000178265162405,0.24386878848295662,0.20156865062785542,0.8101520775651682,0.29763580579112575,0.9193286614926249,0.2830806971524507,0.8247608008703707,0.22548426994089865,0.3260809141323039,1.0,0.3780993399281869,0.37453985308812476,0.2450357709903875,0.22678933530843448,0.23352383149624417,0.28673379202805543,0.29203848845675945,0.2499921071168157,0.21443401452004143,0.19077375058291365,0.19981572743398715,0.20702089756601752,0.6991038341832854,0.2824130095886438,0.2599599738328192,0.20348496963022125,0.1699364186111375,0.23310201233683336,0.3581881526700723,0.21994393317797545,0.1980335543676105,-0.051340212448196546,0.10054016961943407,0.17063622610945864,0.1663506167665455,0.21259930080351638,0.3101772249275221,0.22040641923368942,0.2253319014351796,0.13344495015739724,-0.04742269638004181,0.18721872206727075,0.21570867264392973,0.271569096079394,0.13226659059637821
VNQ,0.6590285297770543,0.505250265692588,0.5080423537930527,0.4966598358323694,0.4995689188180875,0.4808877283171612,0.6211783872496625,0.5960161555838515,0.44445034985918297,0.6825568571424954,0.6287370084619991,0.643401783755054,0.490113461748784,0.49410203247570417,0.42110179060589703,0.3660776705218831,0.37772230730241046,0.3180301050487824,0.5350972395136012,0.4739941595310477,0.6868867089152236,0.7688598492705818,0.6800825211424474,0.6475658910550406,0.45170860062951734,0.3757744813395362,0.47082411082141007,0.36037711444321685,0.44574991076380105,0.6232113979326308,0.5969204978790761,0.5964466045735756,0.36254566924176934,0.4792689385597146,0.4458425775262457,0.44767500656314974,0.6177275428527238,0.43175013679577884,0.6687528001751664,0.6213575336222802,0.5749008965235218,0.5496341239335037,0.3481161999847753,0.5454558423773213,0.5966702677266149,0.3970924825603498,0.5271605953396651,0.5315569113673764,0.5648678415993805,0.503480787785903,0.3978977638794883,0.5774609820795583,0.41532019488329547,0.3430503170428955,0.44132506326222076,0.5110298767948016,0.5650406258245567,0.7165737012514369,0.6280457527714319,0.4578462158241213,0.5894048387188617,0.736930551561489,0.31637547009261247,0.32268703071435495,0.16816075198304697,0.4976391065445576,0.2726475924573757,0.6322858390229491,0.67729796509544,0.5670345050823596,0.376787516589558,0.5525053068217681,0.4591274777620963,0.4913896137030172,0.47534216344645874,0.6359058010749292,0.41206279861312667,0.32512930375253857,0.4709545920579941,0.7334808449750818,0.5075133874799393,0.6254162484535484,0.699167748219826,0.5687713391760651,0.65511233450008,0.5931293529477227,0.584810354734053,0.3249537664480709,0.37618485948166264,0.46876789040523825,0.2804240939851828,0.6270791450700525,0.4028885929693728,0.727793026443092,0.30592428543370637,0.6353134224900597,0.4699571969158479,0.5738983385886373,0.7351146413207083,0.43861811238486365,0.6985480363321233,0.48286870967147905,0.625850251342305,0.5268989372601721,0.48300122112447075,0.5086228883291916,0.7240052978409428,0.7867984830536556,0.6162126382174299,0.6951161017818384,0.33383510630918556,0.6345260954251591,0.6407646234035491,0.656353953528986,0.2038896491035197,0.3123840877191675,0.38444986388249686,0.3560340141851228,0.6647350503954572,0.8051766978354237,0.662946355874091,0.395743475350472,0.4589346872028995,0.4072557719807968,0.5480370177211066,0.37601475371151866,0.5621327345851955,0.1655263688118503,0.24755308429309436,0.30532139944752085,0.6604114816091048,0.752982837440409,0.6699560888697581,0.7354622163972688,0.44674405305015585,0.6204177287522191,0.2821872804459975,0.6107510862631261,0.2666497130190865,0.7313851382220502,0.6485556137863884,0.3780993399281869,1.0,0.6893365680582958,0.7688930363447548,0.7997624166245941,0.6647077075219011,0.5296989877489707,0.5815358425313377,0.6782173915830412,0.6792531720873597,0.7417651635184596,0.5541754352725035,0.45105414400453026,0.568004534250889,0.5972246401589141,0.60941431024469,0.48021515764465533,0.5395793150608273,0.49943142836750176,0.6602854473675235,0.6667372654249963,0.5524622941248248,0.30626750111982487,0.6202445725315914,0.6635402867380447,0.47769376424074506,0.5942979636460967,0.647953678630559,0.6113001681780679,0.5982616978017309,0.4370912851297068,0.3169944915515067,0.546089446299438,0.4316557069875404,0.6256830501486298,0.5823847820082863
VNQI,0.6173079698962448,0.5453767751013684,0.5171315391102083,0.523405819883275,0.5543475982668349,0.5093572757149707,0.8288259457977606,0.812689259414409,0.7185432743586078,0.6447172902977484,0.5816542437975566,0.7218099745490895,0.6825759575800173,0.49624938651381745,0.4851063762413553,0.3335482931111178,0.35765510453856814,0.3191926076060297,0.637506831693696,0.44815189322620225,0.6170018207272421,0.6073837653367103,0.6017507732504797,0.6139515011790401,0.6874363245393392,0.359929796379333,0.676629964618787,0.5027083369634799,0.7143708292378067,0.8001688723097827,0.7835344447657104,0.8063948775402345,0.4665029092984694,0.5608490850976565,0.6787283228466927,0.6197834950466683,0.8219519504928823,0.7054613264102119,0.6263552284749156,0.7745068961528694,0.7516527101747953,0.7398930896595707,0.6110787347502638,0.7268146401853889,0.723897847800788,0.550455507712334,0.7041835008744239,0.7051859723686202,0.7509439638568496,0.6766542543096316,0.5821549043087306,0.7569012225844819,0.5677293895904872,0.5561969185057238,0.6710466538551076,0.5145523242255221,0.7497958655303836,0.6475939557965293,0.8493463062904217,0.7281409880890986,0.7999765671191835,0.5740057869186265,0.4709018944454072,0.4852612748605575,0.33927555984913854,0.6297021849599901,0.2582329759647369,0.8202029675560779,0.6237971117850384,0.6855294056181365,0.37624631112983387,0.5173028182286094,0.5474388759711554,0.5510593627721206,0.44513840330295323,0.5201043226258921,0.5447444811984428,0.3417321369965451,0.5301825909912282,0.5865399808225495,0.5247036445173646,0.6029232341589208,0.6313209794055666,0.49903213631929233,0.6038555573436353,0.4605025643285737,0.6159201314007585,0.39784600628290834,0.5311711445966798,0.44716315860751593,0.5458302863498364,0.600968035287587,0.3543128897699972,0.6396521974814161,0.3330979516803938,0.5792573405894086,0.5221948166197403,0.5358049771686619,0.6020533756556301,0.644482587388999,0.6084470912905009,0.5302220424196455,0.6296178149073002,0.5436333470985478,0.5280433929829431,0.5027767510380131,0.6334783004930543,0.6772003062776113,0.5618645673350401,0.647209600482176,0.2950850667507979,0.854899732529642,0.7726310650709721,0.6225727868284971,0.36402574971622464,0.4615428697947873,0.47579188178291076,0.4689708384577144,0.6209431933582031,0.6286020899811129,0.6203716351472304,0.41405744231438707,0.4365387127425568,0.48794106880135196,0.5561938844170741,0.5547433902770018,0.5509794801181993,0.23091768935569765,0.3667822752923885,0.4522439239595329,0.6172751268049609,0.575277280034108,0.6323400243053228,0.6458523130673229,0.41427636032720966,0.8280964370295784,0.27418890631132603,0.8022204009137724,0.22711010408766047,0.6233617427759015,0.8012703505163334,0.37453985308812476,0.6893365680582958,1.0,0.680142315665975,0.6666607682684061,0.6219280139192975,0.761064965212206,0.8215709058914372,0.7409006692125589,0.6373006536386725,0.6345717404323165,0.5514762974308323,0.7216927236535884,0.5980674417439389,0.8307067018908796,0.8230916082396398,0.4441008375517761,0.5167445423348784,0.4757627018134971,0.5832985745541047,0.6525829138369387,0.537848851325953,0.28179182162224675,0.5535477568485964,0.5898292635044867,0.49692901584200644,0.42152522391325153,0.4402844818369911,0.465989944427197,0.5725876677557512,0.5252342481108752,0.2908427870805666,0.4932532512705161,0.6977628426983759,0.6909271430407935,0.5294900670735558
VO,0.7457280604566995,0.7786777829113168,0.7051282744781298,0.7641790864741235,0.797895398217208,0.7596517155999499,0.8016696253664035,0.7647773946120264,0.6721441079414314,0.9603275519818865,0.8460655072384046,0.819829644067773,0.6791058225020342,0.6521028552570605,0.6828379809110188,0.24072842008100034,0.23652148911534618,0.1984004334729876,0.8256452376713203,0.7508997420599868,0.8965159574307575,0.7378137168880835,0.8564969562888455,0.9130840734334644,0.5765364382497996,0.2372077421826129,0.49844965075113506,0.4935491920548532,0.6336117669068455,0.6722721258883152,0.8038392437245384,0.734499346452628,0.4278833242336522,0.6817542666063402,0.6856921256386547,0.5966093357592369,0.7978915139051688,0.6594804704638134,0.9334049528811103,0.7631840620494202,0.7330077783166902,0.7189982489028033,0.4510548382726663,0.6997765871157527,0.6649500507294798,0.48639828720837025,0.7688071160103966,0.6438612321597381,0.7154562259462501,0.6626037528575637,0.6329618605995471,0.6956504829995503,0.5514377546132848,0.5447877398089098,0.5653592593347222,0.8037347143184308,0.7541062470356551,0.9096820625571358,0.7888766831347712,0.6343962153688152,0.7686604214013483,0.8400040952056024,0.3484305184595668,0.3788588476756083,0.16500030065071225,0.6742839193095962,0.1030945004920818,0.8111691432713127,0.9387442544326257,0.7979203800691732,0.29526060003574894,0.69573831549066,0.618195814581126,0.7954076117239357,0.7559693132548758,0.7375464553950045,0.5562621996889138,0.47350046709903254,0.7863925071543144,0.8603188149677743,0.7110845606909554,0.9290322688734187,0.945387820721343,0.7308184238906654,0.889546422797666,0.712225775077263,0.8732113290449227,0.4146147726589818,0.5807610831672453,0.3956877699398115,0.4244356225338131,0.8991919239903868,0.5224361613333326,0.9116065743775201,0.5014790833896382,0.8829436538675564,0.7023068962476219,0.6408776350215086,0.87768578826696,0.6369930394905648,0.9204131733515012,0.738113862377699,0.9195416864139575,0.8319452979399701,0.8199565675474613,0.7827300368313528,0.7329241192765684,0.9728273308553999,0.8433349277729094,0.9327529027106969,0.21931372857640236,0.7905805471236591,0.7197772316350342,0.7715664095044531,0.2592464682489629,0.380774481486716,0.7222915523705947,0.479613731489766,0.9258723994080685,0.7907761221762503,0.92011885016767,0.32340360019270853,0.38040125774707784,0.5684558748533668,0.8293333466125109,0.48953723255876114,0.8410609659614333,0.22651743004294558,0.3667603717677954,0.5240761327116675,0.7596847630241039,0.843473410893271,0.9373198861741587,0.9195864763823787,0.37546957937559106,0.8117017866953697,0.10857948515457241,0.7713896949032715,0.10411493777893109,0.9197888588253023,0.8041721384314854,0.2450357709903875,0.7688930363447548,0.680142315665975,1.0,0.9327885410810295,0.9539402374896532,0.7337482139184834,0.7907736242994702,0.9346008612789843,0.9478290761431234,0.899914298704331,0.8462965594855053,0.6645295674198837,0.5866275666856866,0.8032531093821172,0.7574413952192673,0.7259125487175327,0.7654015324395875,0.6482687030636399,0.7862918702933058,0.8428967717683998,0.7596918953389921,0.4585190466247082,0.8177590210555187,0.8916660225115468,0.7918360683444534,0.5129145243227503,0.5133647658709749,0.6468890236486249,0.8373025927109773,0.6622116383969718,0.4944839702776032,0.7236672153253422,0.6658239934514217,0.893274186492277,0.8085165990239137
VOE,0.6781635486083027,0.5883354772823772,0.556867309498374,0.5749655676532146,0.6411197765507783,0.5607599127336063,0.7790889318671472,0.7543894871617173,0.5800472680368488,0.906487343760252,0.8900422003626666,0.8080076525092512,0.6337520140200417,0.6038380732646677,0.5519902653277151,0.19630685500934442,0.20083923319751298,0.16357250180220959,0.6780191799147701,0.5645330154631273,0.8936617922061064,0.8524086125772635,0.8769435726715701,0.8048642911870383,0.5699421515730628,0.20205899570755087,0.46466913552923755,0.4894090298559357,0.5535702222168146,0.6643906128141295,0.7122284855000556,0.7642551919472657,0.409530759782163,0.582548546151948,0.6020437078334526,0.581909398507778,0.7599424270362661,0.5613944374431493,0.8325963685563696,0.7424865806847609,0.6879819767536314,0.6797903162397231,0.4204660622332402,0.6937590331409736,0.6464626149205319,0.46270809105621147,0.6690024998231089,0.6490816643078322,0.6940452716403688,0.6091129901161583,0.5315784987344246,0.7249348420194881,0.5439951008035293,0.45818389160948647,0.5306589561143701,0.6030516760209214,0.7116919501675811,0.9190256811181633,0.7615467758383972,0.5988483304610027,0.7745561004749145,0.8614823060635712,0.3332978368102368,0.35575651230547584,0.15272690277921755,0.7274290411709362,0.0761435190471234,0.774516240966671,0.8428271306555352,0.7569148949503309,0.2670601507746971,0.5999319700121427,0.5130820969227945,0.6259266128867707,0.5525650103065343,0.6628896498978065,0.511614086502392,0.5682709295501174,0.6158829652777903,0.8581532756727731,0.7071987438846967,0.7919624305472271,0.8600213619356397,0.8035570736315837,0.8516718510393883,0.8028079152028234,0.7486399724589168,0.4140746406990646,0.49884594650444647,0.3432078452152835,0.3426072785392593,0.7892948077591228,0.59082801921136,0.8690065834322086,0.5796148352556114,0.8853588749293754,0.5832595545248009,0.5997319822239396,0.8609362949799589,0.6411191072221956,0.9348587539028235,0.6056171218529415,0.770033265954076,0.657350546571418,0.6227249816178456,0.6435254623454786,0.7610779201292173,0.9710803451693476,0.792785570728299,0.8830500101971113,0.19971409419138533,0.749124248063411,0.7399619575943391,0.7079102807104452,0.24122822540371996,0.35599725892563144,0.5559723151180328,0.4391042227481909,0.8342192847203416,0.9276442568435834,0.8235268472754343,0.29330568665969237,0.32906208927577024,0.4603658208334659,0.7228293050358817,0.4445829807104239,0.680386147718721,0.22371470456704115,0.34169640897598186,0.45131081329562556,0.6932568719706123,0.8347804307960243,0.8088481823666952,0.9499698101550194,0.32301290377132524,0.7693701358401457,0.08531489025956776,0.7414041025312192,0.06903484751120924,0.9030887050914491,0.7445198889880978,0.22678933530843448,0.7997624166245941,0.6666607682684061,0.9327885410810295,1.0,0.787626683258787,0.6757322844942066,0.7194208185807748,0.8485065084563884,0.8517060061729743,0.9587171673224975,0.6706930868766032,0.5760890455108129,0.5266897565802581,0.746214396189012,0.7729843510913303,0.5234860269242174,0.7241329691163395,0.541126160636144,0.7763278358644186,0.8803204560349945,0.655543810222508,0.5581980642830069,0.8737384666798315,0.8970142736847464,0.6219272344272422,0.6102810190467634,0.5895152169267377,0.6548293693503552,0.7249343830297941,0.6771858730205719,0.5576358906931647,0.7016471024629221,0.5596771809639451,0.750140659600599,0.7421712826658489
VOT,0.7272400440865584,0.8595682963434065,0.758041914721859,0.8463175819313723,0.8528811328853265,0.8499874164350956,0.7423365419396112,0.700432868307074,0.6849280919043199,0.9144096455293831,0.7301996684134643,0.7492276450864345,0.6558984546023475,0.6296297433602421,0.7261241037693527,0.24819502874002713,0.23803006129335913,0.2051851183143367,0.8689941865136283,0.8309734139869833,0.8135857573399582,0.5698599361042787,0.7556838177315515,0.915746976453109,0.5263385474716509,0.23927084805763268,0.47691982002823763,0.45196429067991234,0.639816844640681,0.6069280495074619,0.8007882761636899,0.6397227485649771,0.40206751608523406,0.6974198374716539,0.692970362101942,0.5499309452713846,0.7519201021862587,0.6782791185738937,0.9282451437020557,0.7082929633490138,0.6965824844405956,0.6803868330437916,0.43164444371098565,0.6351769261876535,0.6106538650474987,0.46021052643200966,0.7766287333760985,0.5767821819551785,0.6604556744342758,0.6445041923155805,0.6617196853619182,0.6041713935884067,0.5061627087419507,0.5694019589433714,0.5412194370221671,0.8900454959180643,0.715009984967705,0.8156313461113608,0.7346808448614267,0.6034593137365081,0.6913859826361917,0.7337787311202533,0.33052158061405734,0.3653065999131502,0.15775076287678222,0.5666027903852803,0.10908973748289766,0.762573912926771,0.9284546383681116,0.755802044046954,0.2833882992729476,0.7050107735871383,0.6389509433420573,0.8566274519791673,0.850392667151679,0.7245219109191985,0.5377194338363862,0.3504163382620576,0.8554127313321274,0.7787291914752865,0.650556926666273,0.9531349224182978,0.9245550532299485,0.6007419957268972,0.835432407066076,0.5659106012592809,0.8922153373220805,0.376479840600081,0.5888963133189297,0.3957013618106222,0.4469073569969404,0.9053554210624338,0.4205042203397112,0.8570861938326587,0.3929311314485139,0.797813147895796,0.7320915140492491,0.60985619083713,0.8020567323681358,0.5755796042087413,0.819798077181095,0.7740423407294252,0.9539955101507904,0.8964156137096474,0.9045101763336703,0.8238011593624253,0.6368416809912043,0.880000598050307,0.8055081971510006,0.8842141030576521,0.20789559022890827,0.7460640396171633,0.6338950232335098,0.7500273875635947,0.25027375715431655,0.3682296874949426,0.793525715717333,0.4652605250494902,0.9148446507209516,0.6000399248098119,0.9138143478056253,0.31263298514935195,0.3808501543648712,0.5958443673202783,0.8414870396932884,0.481985213011385,0.8919325635821199,0.2104626464725322,0.35844354696226727,0.5395056971298571,0.7387465939825701,0.7636953487970789,0.9529857284821803,0.8066778586334732,0.37709471879165596,0.7687777251924018,0.11316927031328979,0.7189883960870859,0.11708474577660008,0.8436935155863816,0.7718366537312453,0.23352383149624417,0.6647077075219011,0.6219280139192975,0.9539402374896532,0.787626683258787,1.0,0.7155003817897001,0.7731683568275136,0.9164112500437938,0.9372484236697265,0.7652156383762024,0.9100396974082287,0.6724149351998658,0.5742793447750246,0.7727919505686143,0.6719126307514338,0.8174918373870946,0.7340905364041296,0.6727161430077351,0.7143006633638375,0.7284708443716031,0.7711075847258587,0.33373675304501316,0.6950535773869921,0.8051101222543645,0.859909836066886,0.37519966285042733,0.395180826704926,0.5734174286055596,0.8467788187282653,0.5915290377143492,0.3983033481921637,0.671025893903869,0.6899768584912993,0.925220895562101,0.7877033517671059
VPL,0.6202762694878217,0.5894569277985497,0.5434345981040639,0.5840426933493446,0.679084987229588,0.5737442046835024,0.8957719411097247,0.8797623303315446,0.8465352903071571,0.7642137014690351,0.6377783343223564,0.7411968020761618,0.9357377626630623,0.5379616929982157,0.5752787981885015,0.2388955669016827,0.26033441121073236,0.22279258027832038,0.8088868886873456,0.5471404119045797,0.699765774341518,0.527056351856611,0.661000178582452,0.7448451372742833,0.6928718990467098,0.259570173741962,0.6329798861739858,0.5402029332127752,0.8185934619551417,0.7776914149707685,0.8883962353197207,0.8482575114702464,0.47673723199135404,0.6090988253108446,0.8748539212640131,0.6423015925045914,0.9012791452275053,0.8282096084150155,0.7530692882211815,0.8332175650927157,0.747314814077892,0.7549202705642584,0.5653230544283354,0.7327774891761915,0.6793957548636802,0.5612931823796828,0.7925285429318657,0.6860690692198012,0.7482574606271195,0.7210108911649663,0.7711015325526054,0.7417465903410748,0.600048866475163,0.8068366384239561,0.6868417428917508,0.5957596149199037,0.7908989346871886,0.6958685270683467,0.9093683852457767,0.7738074976861039,0.9120580175418845,0.5797938744849269,0.48655769769280416,0.5118756019858975,0.3467902899777969,0.6805503648871312,0.1505667964409613,0.8875790655410499,0.7449833553862946,0.823123970392821,0.28815754362178164,0.5332343130119015,0.5630634565934416,0.6787735522282718,0.5404740825773451,0.5225033364079306,0.5843852625767347,0.3879789452839251,0.7504765806016794,0.6386064586796681,0.5738081622338247,0.7520783194774537,0.7469867742299764,0.5102153529528637,0.6581198322301289,0.43742723673978406,0.7180075711850473,0.4189900017853208,0.607124945456036,0.3680439618070808,0.5125509080096847,0.7418829466951394,0.36959052917367724,0.6793999380882964,0.4217443952773297,0.6912808345167719,0.5825688830355008,0.5254969770373153,0.6306625952936135,0.7431700623517673,0.6620969681767424,0.6192954208007053,0.718946802399647,0.7143651396998221,0.7049652775595241,0.6556799902367316,0.5611445503499741,0.7246442975613316,0.6603476177987034,0.7241105914742929,0.20388275340520043,0.8852358088655777,0.7005304909934071,0.6394644389017481,0.40501096326324476,0.49401477972846497,0.6976545344649275,0.4992065492864404,0.7528332457036666,0.5557310209581169,0.7467482825534242,0.33459288931542697,0.3534030235344596,0.49478676330056603,0.7260894164071577,0.6219007164320405,0.6851571646605032,0.2516737621071484,0.4008690976620526,0.5676078946376779,0.6206686158406403,0.5879928319219284,0.7206774648059738,0.6841318483158887,0.339684209309539,0.9284766005578378,0.1676059561801773,0.8064860443598451,0.12743103469657927,0.702230180346233,0.8530241849896284,0.28673379202805543,0.5296989877489707,0.761064965212206,0.7337482139184834,0.6757322844942066,0.7155003817897001,1.0,0.9259735627424024,0.8592328158630204,0.7595304185577292,0.6937349601549521,0.6944295104491857,0.7840081870595184,0.5435852028174327,0.9257902393719357,0.8641442885570174,0.4700803359266138,0.6236282752074002,0.4925391251392165,0.598795428930029,0.6927901813946175,0.5909102131928056,0.3354089514087192,0.5778506493184278,0.696606096757092,0.7046609632870642,0.35272057183306055,0.3468856020773044,0.45863176438718306,0.6495700762411674,0.6256932768791805,0.3425869196246175,0.4952131209397738,0.8241430386278861,0.8017167000426348,0.652553461794305
VSGX,0.6659516354367551,0.671261884717671,0.6062850063351718,0.6500020471669439,0.7291620644541352,0.6475171704275632,0.9502165354351271,0.9092337206321888,0.9120780444587513,0.8039562196512808,0.6627184503625828,0.8024882496765173,0.8274063287150123,0.6000984940589004,0.6275556206440316,0.250542211984406,0.26840855569649236,0.23013979857389266,0.8327145916270072,0.5943689579097049,0.7407748967229848,0.5626373195855565,0.6992904058183179,0.7928410242035956,0.7659613738470368,0.26758237045675426,0.703743216805041,0.5812882198772723,0.8857282289927544,0.8320029933490553,0.9511576326333656,0.8972761313550013,0.5071780147664253,0.664447421914824,0.8978230778215566,0.7307832080978901,0.9585435389699457,0.9044821128834959,0.7993607296872054,0.8577257591607446,0.8566390924508922,0.8728818737953639,0.6343820462322667,0.8358261221549422,0.7936876875768107,0.597584521639718,0.8986652950695472,0.7845247323286036,0.8662435659348078,0.770634641811813,0.8072627235863404,0.835398990827217,0.6479616811705627,0.7678215451684396,0.7627257641832903,0.663828544807578,0.9050759855944813,0.7332204142524976,0.9428792501631726,0.859787121159635,0.9333573739352056,0.6295823790341887,0.5042880038392735,0.5352062118149201,0.33923275912014417,0.7064766230635666,0.15433590604605868,0.94946887432701,0.7907593801676795,0.863268991590061,0.31773480442494206,0.6018839896849176,0.6345805201260915,0.7351660291413352,0.6004344024349284,0.5827558733656686,0.6585849960895855,0.3802166837108807,0.7786357065354137,0.675990414190983,0.6275777594033624,0.7927491582870013,0.7891239678046946,0.5435577228357206,0.7123994316723864,0.49291671634729783,0.776914816953734,0.4575530447225389,0.6729346733557476,0.39353052585257203,0.6453323181282208,0.7858642858829842,0.38572047533905085,0.7377899493307899,0.40249393404532047,0.7102658869088194,0.6412938759784804,0.5676175993741149,0.6812367666821698,0.7629067254953973,0.7054897619537189,0.6754738048896184,0.7932023092198839,0.7571504920382016,0.7467103955759783,0.6962646192527852,0.6210963321039746,0.7739202049319369,0.6958051238331769,0.7640102529361812,0.21098699156701606,0.9359217344690994,0.783213384195879,0.6901534789011776,0.41848957896178113,0.5168893447845734,0.723916546263398,0.5610737292554075,0.7947861989612157,0.5937235123457424,0.7918268659827715,0.35447945524294694,0.377244403738391,0.5682064333523855,0.7578761476630186,0.6566793596267269,0.7379579731848369,0.2853569494107318,0.4301490006485779,0.5805896216483802,0.6745900724348626,0.6346937099092054,0.7732390924355803,0.724912010407062,0.3640407312599258,0.972485554171164,0.16432658684732157,0.9252743294162038,0.12931105578619867,0.7440553132332524,0.9255509791721238,0.29203848845675945,0.5815358425313377,0.8215709058914372,0.7907736242994702,0.7194208185807748,0.7731683568275136,0.9259735627424024,1.0,0.9148651895138921,0.8061098452782803,0.722388519370057,0.7469239946467641,0.8924065807932,0.6015902532461359,0.989888887095368,0.9227602476763873,0.5442295672422347,0.636199716814601,0.5532302436959882,0.6363337744437485,0.7373629263078029,0.6472713263114526,0.3174250848362319,0.6317111594160545,0.7180214718316361,0.7341305643328401,0.3821835652216916,0.35990109991667196,0.5088354404869965,0.70508762387758,0.6335029334241004,0.332258586843133,0.5396579307491151,0.9033473797800174,0.8680353536078372,0.6919175344072219
VT,0.744991132016516,0.776788983959054,0.6756988511641181,0.7571183111505587,0.8253434091949986,0.761522021685461,0.9000109254448159,0.8548681789768046,0.8128269737995518,0.9632104595250599,0.7821608341402899,0.8447274388035957,0.7874274112743644,0.669071921356886,0.7033544791309542,0.23293396963575244,0.2353965211912627,0.19831996399677665,0.8916364157936926,0.7393886403743279,0.8948231773244352,0.6580625826941338,0.8492945215004093,0.9568684005870037,0.6820740372050296,0.2342090487668538,0.5928195962257684,0.5427865969713478,0.7702417563057258,0.7523374414761218,0.914796633422374,0.8323735065791702,0.4884496480206819,0.7257490252938413,0.8234837791968422,0.6873496954555932,0.9071018140249508,0.799816241392793,0.9689031776561826,0.8443582575806834,0.8140944639242218,0.823009597781069,0.5445978574928512,0.7919207172268238,0.7357876898823149,0.5658088420525095,0.8753845891808327,0.7292748130459337,0.8110673175546346,0.7433355478418162,0.7614656749652686,0.7815455158705735,0.6129594404020424,0.6790979823035245,0.67255620947909,0.8189672867400447,0.8619132927823796,0.8504188375136689,0.8833740191914902,0.7636617100062025,0.8742119142112628,0.7828120537656803,0.42084089144636905,0.45401454862769614,0.23551584583324095,0.7125712049987346,0.09834854754512955,0.9109583520951893,0.9637878386629093,0.8823358385132196,0.29750035766851246,0.673915005692713,0.6285572772658641,0.8005245221726428,0.7630162225982426,0.6984646761898144,0.6358884451052103,0.4534693381838361,0.8926779882936468,0.8371848816766855,0.6923914707509791,0.9403385998345172,0.9493621045647112,0.6568231481503287,0.8481336434331844,0.6227206178559486,0.8660127341605208,0.4639906291010111,0.6395207412954165,0.39458814308403267,0.5276168160299768,0.9586045233141769,0.4761991814284,0.8823738267465474,0.4789619300251899,0.8319468718774281,0.6884542403706334,0.6260203799886846,0.8040997556352227,0.7224225389888551,0.8572746271935637,0.7340997983566372,0.9019700111729833,0.9106338825797989,0.8695677855730524,0.8399743281703997,0.6871401529977536,0.9184316894051945,0.8202911592836263,0.8819851822126713,0.20925407807545904,0.8800280200682049,0.7600626025368887,0.7779677936530114,0.33967359473182535,0.44942683025885316,0.8126110356219741,0.5460181890355602,0.967038284757036,0.7013735601830179,0.9618545860721889,0.3305413171957785,0.3777718079351457,0.5666716530134197,0.8866852077117262,0.5928730882719181,0.9103993215237115,0.2770893181362307,0.4269518367295187,0.5848918971515075,0.759143834996042,0.7946400754436693,0.8980167613825482,0.8492583577291662,0.3717503504702724,0.9211830158475087,0.10860979081785786,0.8715166675602662,0.09117870187566963,0.9067339856684371,0.8911014151000168,0.2499921071168157,0.6782173915830412,0.7409006692125589,0.9346008612789843,0.8485065084563884,0.9164112500437938,0.8592328158630204,0.9148651895138921,1.0,0.972974656986049,0.8583981594224275,0.9150582421957557,0.7959082098229582,0.611620450612497,0.9231217560099549,0.8582077226723468,0.6804144658320476,0.7392452252788524,0.6206972306849728,0.717455056352486,0.8130422804948432,0.7980896414100214,0.41395599518698467,0.7724705658587085,0.8485813526851586,0.8810110618773305,0.4701353780358868,0.4348275950553507,0.6142793960206169,0.8573366387683361,0.6735356073134188,0.44114080252151305,0.6561257217075877,0.8046177944305928,0.9420350442060604,0.8452052032440444
VTI,0.7375929335162303,0.7918307212976223,0.6841891253450852,0.7782967317797856,0.8305583524327135,0.7848056632765885,0.7963633768863563,0.7520723457421299,0.7009596804398717,0.9820813662246696,0.7880686092789093,0.7937604538281505,0.7073667835086578,0.6607246586881343,0.7063014481710566,0.216245131438774,0.2082116343838061,0.17586899077435528,0.8675500220328423,0.7765612383518706,0.911919820227694,0.6514805232647966,0.8609878779369552,0.982714315124716,0.5749728450644234,0.20701126430808967,0.4848763429851216,0.4787633085684994,0.6526960280901163,0.6442573767498155,0.8269423549084979,0.7196560009776762,0.4362600551707942,0.7121683675814637,0.7259850297412339,0.6021590707994691,0.8045127416857182,0.6879195467022016,0.995829203329507,0.7642989732394455,0.7232142452773982,0.7285535132201677,0.4452730816902955,0.6964885851049836,0.6441389697316626,0.5006941636032779,0.7994044115306628,0.6332966956356844,0.7100551904105871,0.667969610112568,0.6899000288411339,0.6743648410177735,0.541750169375909,0.5867293415992106,0.5660203817430007,0.8572836073068029,0.7666609669490404,0.8553467661374456,0.7800867354421926,0.6469548203990826,0.7644824066981015,0.8054007260196593,0.3315398122168202,0.3651418717154518,0.1515817999821125,0.6362446385997867,0.0692384812459102,0.8156627571561631,0.9930777366329717,0.8235745435855988,0.2673821898838886,0.680311882691431,0.587195094773923,0.789752183052262,0.8094573009925462,0.7165636945543068,0.5772463565697111,0.42998043777176637,0.9016713259597497,0.8611800065555189,0.6824431633661299,0.9601914895006566,0.9725567846689637,0.670784701591084,0.8636465368626176,0.6432310271646705,0.8643486629344159,0.4244050807554407,0.5760550441701302,0.37505887015437483,0.4233055148744961,0.9885234463012204,0.47536798524346346,0.899591594889682,0.46371920873067185,0.835628315571889,0.6776924619164444,0.6172808363321984,0.8151100042573727,0.627748575044803,0.8759486120507052,0.7269084595159222,0.9076908595737248,0.9398271195676738,0.886629125527184,0.8658634205960184,0.6759305328774282,0.9287907174984127,0.8331114409993945,0.8906787398608014,0.19409845658232966,0.7803223313154615,0.6816546259794284,0.7728698612389533,0.26276667963432787,0.36946313168595224,0.813285539855031,0.49914498363251547,0.9949154523705491,0.697717465389055,0.9907419302051991,0.2972551638656509,0.3586911051012905,0.5356648516347915,0.8995465652223527,0.5135886683684884,0.9484450142163897,0.2470111462066343,0.39638241021442144,0.5388928876778619,0.753465224536318,0.8224177522741238,0.9130092586276899,0.8552990102491278,0.3582302464702176,0.8187374608613973,0.07641002099680917,0.7682597142617251,0.07421928979121875,0.9285072320086865,0.8033524338342233,0.21443401452004143,0.6792531720873597,0.6373006536386725,0.9478290761431234,0.8517060061729743,0.9372484236697265,0.7595304185577292,0.8061098452782803,0.972974656986049,1.0,0.8631938861464837,0.9510567554515789,0.6848704635256229,0.5741007842838236,0.8139973966658768,0.745422237101281,0.7208883209761401,0.7430316800906247,0.631310332546708,0.7163416887738926,0.7834210873691715,0.8289668630425497,0.4107159638942402,0.7875164659996567,0.8545828225822867,0.9085885142462315,0.4724244857203977,0.4352131159624745,0.6304809065778036,0.88664513310865,0.6350466472363339,0.44829709944311924,0.6803775308288498,0.6955936823694947,0.9228523764775072,0.8693909601783744
VTV,0.6539028535872058,0.5428665032920676,0.5131303920261163,0.5302740581166296,0.617210548185528,0.5157147509450322,0.7794619336365556,0.7441089260910047,0.5830821005815707,0.9096522015444815,0.8442006091936647,0.8011815577083228,0.6508416082022271,0.5910898917135171,0.5283275367490997,0.16016138083104398,0.16520140379748727,0.1411626919472604,0.6625794395680855,0.5520989750245016,0.9383943668524783,0.8260537290656775,0.9328066714605658,0.8207332833759492,0.5646641424628569,0.16427901407496895,0.436074673293433,0.4642330830496582,0.5626873372469793,0.6680505144206087,0.7205545847470535,0.7700058164556551,0.39731056213601745,0.5675804828287799,0.6163383599091568,0.5773669836250197,0.7682730979286466,0.5612877399658092,0.8521089859277335,0.7448641358543787,0.6699461498509861,0.6747840504292907,0.4172558502323548,0.6918341807130833,0.6480861596494496,0.45849386772881595,0.6690672961500167,0.6491262525109583,0.6892847310940132,0.6009722417962037,0.540570980960692,0.7389599392560807,0.535760386324533,0.4779320506813021,0.5251371373962294,0.5748552746001913,0.7120264055519602,0.8659161845977685,0.7491248680155682,0.5987980665164961,0.7803987173181552,0.8943012768877027,0.3326073822276517,0.3491413151280779,0.15179505467833845,0.7256607153189212,0.04198306586803993,0.7800515510281909,0.8604530236339535,0.7780359887706955,0.23311314607308242,0.6022946854372911,0.471039959937945,0.5922734962324308,0.534245488608181,0.6724466332859291,0.5187042678171336,0.5851765921342093,0.6411525008043012,0.9004110590503797,0.6548472459873464,0.8051117191281033,0.8812532390597607,0.7663269137981857,0.8286106960533453,0.7856731050986634,0.7064394601843482,0.42250271044347143,0.46512821731853826,0.3088238327183561,0.32150366349707293,0.8225464440131616,0.5801437237872094,0.8547604641553848,0.5817196291747889,0.8631040228094858,0.5253475467527026,0.5688037470797517,0.8342526207539499,0.6363276119998346,0.9211403695775138,0.5571237649648406,0.7340635527228173,0.6745104676061374,0.6248886759369539,0.6620002972347643,0.6994711919044042,0.9557309776414484,0.7638211895025764,0.8368515217399387,0.17667011984361822,0.7316894916870045,0.7063293842359416,0.6855571282353944,0.24054932878546276,0.35082822040854256,0.5741683464995726,0.4462916270591793,0.8598225510602524,0.8936755693797074,0.8467344946830205,0.26724333207774875,0.2958158403400682,0.41008082742986135,0.747167526876317,0.45073570230390486,0.6976471000138051,0.23469446874416636,0.34903943336851767,0.4563825054901487,0.6661567911603556,0.8728659178885596,0.7652637006785213,0.9005781378679416,0.2901369861912319,0.776287636876483,0.05327392023580968,0.7418252566067433,0.03312367382334908,0.9434919399202581,0.7486014287694395,0.19077375058291365,0.7417651635184596,0.6345717404323165,0.899914298704331,0.9587171673224975,0.7652156383762024,0.6937349601549521,0.722388519370057,0.8583981594224275,0.8631938861464837,1.0,0.6790723003089963,0.5683797207429352,0.4949705625394575,0.7488847477272967,0.778350841408366,0.4666951448873658,0.71350961387286,0.5131038449838597,0.7127338797190365,0.8612623771292899,0.6483750262127288,0.5751404205479901,0.8893668408143671,0.9043489582295307,0.6491183966185522,0.6525996406059169,0.5874215339407515,0.7318396957869636,0.7012392704012386,0.6589225864628919,0.5441539520840258,0.6333855723892446,0.5584741226870291,0.7418058894673201,0.7708945112669497
VUG,0.6910967451600747,0.8221177643335462,0.6652954864863876,0.8016211279802364,0.8257908313801562,0.8269713454492585,0.7001893141162918,0.651122687221676,0.6674838675447531,0.8914313639195508,0.6173478051352222,0.6789274695850152,0.6451984875494755,0.613292723744759,0.6997819558043986,0.2168268927716057,0.20594420320193582,0.17917915249272295,0.8643984620723902,0.8030571072249936,0.7876249856271439,0.4528048841638314,0.7236065752570683,0.9586864439404699,0.49750597998536056,0.2033741364429156,0.44362722166819624,0.40894264317760043,0.6136089485348126,0.5589514850463607,0.7840792907956619,0.5954547110667467,0.3996006198227812,0.6969533692057064,0.6868550581150498,0.5356134269953178,0.7225240806764098,0.6612285144312552,0.9592418853407542,0.6737529162427455,0.6588822644898684,0.6671460974939363,0.39832243101700177,0.6091361440618591,0.5691339790540925,0.4624951101867041,0.771485974940427,0.5414893489729762,0.6309016624416991,0.6139295469562113,0.6797868238763239,0.553950274388052,0.4657804203789748,0.5659076723156552,0.5084221341078675,0.9130116859384158,0.700161141677625,0.704506719162405,0.6900856969035469,0.5834197519840841,0.6517306945814471,0.6708898555642515,0.28185071189252575,0.31791017205871375,0.12738717183696785,0.48915003440640503,0.07437507101410167,0.7296688271467121,0.9503811824020638,0.7411450592690031,0.25285492795737374,0.6222962345769816,0.5557686274462128,0.7790909839285407,0.8676770921482186,0.6597441329556999,0.5366860503300095,0.2737633715791569,0.945093444474855,0.7444531116857575,0.5817693398437022,0.9258854464977624,0.9088951246189558,0.49960863174485953,0.7605467571362456,0.47389667961564247,0.8139591189985109,0.3656798628204878,0.5493287940248819,0.3631712093871653,0.41752798311070227,0.9703443292616063,0.3401379798515137,0.8116336887870164,0.3092218953314661,0.69282001472039,0.6424511716468306,0.5584346347970058,0.6939610101243163,0.5265555896855544,0.726439682906414,0.7017921939686677,0.8749838290845531,0.9844754113670316,0.9240607887136583,0.8802106332499665,0.5548407356009325,0.7893504366572907,0.7390114991904666,0.7720009507507816,0.17881494208934395,0.7044769700798637,0.5633057577510183,0.7233026347282131,0.23600426850891726,0.32095802482114094,0.8440563470696161,0.46453453675649387,0.9541984288845022,0.4852699149583271,0.957067953797379,0.2825477703962068,0.3478591516294005,0.5111843660919247,0.8735299701639941,0.47683285127898833,0.9881460145056576,0.22194758407708426,0.36418690497864076,0.5020821929433766,0.7084422189223964,0.7130669971941227,0.8533782228323966,0.6887970248157779,0.34765931960704116,0.7355024603719064,0.0818242279803895,0.6862603918342071,0.08412309127744218,0.815729092645837,0.7355199527182317,0.19981572743398715,0.5541754352725035,0.5514762974308323,0.8462965594855053,0.6706930868766032,0.9100396974082287,0.6944295104491857,0.7469239946467641,0.9150582421957557,0.9510567554515789,0.6790723003089963,1.0,0.652865994877524,0.5459795848472727,0.741653909998363,0.6262948356827165,0.7640196432114289,0.6445099823091759,0.5919112336726953,0.6086098336820386,0.6302735835424789,0.8431367563518709,0.24887450008399947,0.6286349824163086,0.7104842213250586,0.952710471582771,0.34276353189269776,0.3090567255102786,0.5122824418547589,0.8801035789458044,0.5119091567655918,0.31067615277538907,0.5926653343433803,0.6748401643903748,0.9034844685970668,0.8218514575936754
VWO,0.5541697659564573,0.6283256384427258,0.5531485869016727,0.608764635233128,0.6801918425905602,0.6095594685125395,0.7829250295241558,0.7614360666392911,0.9672304882169042,0.6790866831552642,0.5582742865596835,0.6838983749692206,0.6525436581193065,0.5258737917668738,0.5781730265194048,0.17662055672076407,0.1886733139339384,0.1529083882988261,0.7223779307374981,0.5169673838625565,0.5933900017383782,0.44575025488512254,0.5581546360041205,0.6712598918729052,0.8183346230622278,0.19215677537564488,0.6497434593672834,0.550933719066649,0.9202351833631724,0.6367018999670456,0.7802105134122683,0.7277701303437097,0.49218018681803916,0.5754394482869695,0.8660658914409644,0.6446837766697519,0.781419399598911,0.9739136275188287,0.6765376353592775,0.7354595959859194,0.6967397597823077,0.6974394868039067,0.735800533278416,0.6654750018724482,0.6024949377044341,0.5782757443407583,0.7727235109186604,0.6190028384303085,0.6967239334934243,0.7124899483691387,0.7912165149704409,0.6824421412123323,0.5984008385508468,0.708720548602131,0.7659173124143037,0.6038170588724098,0.7389630227977787,0.6164562426842275,0.7917815339179738,0.9355399075582457,0.772434418726736,0.4738116431402509,0.4577025529099177,0.4885329837224578,0.3182046967906398,0.6504925294073444,0.10019475088930217,0.7732611814035517,0.6633096581669747,0.7106888993170621,0.26797190130102366,0.5238469368153148,0.6044875114142573,0.7022201352308066,0.5350698062472737,0.4603785476759906,0.6388064000302998,0.3557620033351113,0.6881493148285166,0.5317783162878941,0.5396943923859366,0.6776251902298152,0.6512763564731556,0.432381549152227,0.5911794407916185,0.363578720936055,0.7162738156501596,0.46900138543863057,0.7127231009856468,0.3001770925428065,0.8529043894132807,0.6670377091276748,0.34824727963886654,0.6070194485268746,0.372937153187561,0.5763623382919864,0.6270970093516521,0.4553586174420563,0.5284660400070224,0.7316954745763234,0.5693128466616463,0.6505431630104563,0.7204312622546775,0.6685484112930892,0.678546526941129,0.6251103377264933,0.511580823457645,0.6311153118702055,0.6115655380157574,0.6553049120400859,0.1410869486921623,0.7676006298036716,0.7551060950449726,0.5726426056531295,0.39534145615373883,0.4764408229346894,0.6624412397172302,0.549406349292143,0.6697583479382738,0.4603424662215399,0.6638042323583374,0.26046292329455306,0.2875501917169316,0.5792267479869287,0.6646273332355334,0.6544393655648668,0.6372670660131233,0.26122222794325745,0.41340975318615336,0.5356279201535984,0.5571304750132623,0.4827296057258522,0.6801877735127951,0.6015731369084484,0.27934754887133917,0.8043342895643939,0.09589452972534632,0.7478980503166496,0.07473722995529429,0.5904773079464334,0.7724656279150702,0.20702089756601752,0.45105414400453026,0.7216927236535884,0.6645295674198837,0.5760890455108129,0.6724149351998658,0.7840081870595184,0.8924065807932,0.7959082098229582,0.6848704635256229,0.5683797207429352,0.652865994877524,1.0,0.5069513820977055,0.8923196106304845,0.8011442894378904,0.5033996220753221,0.5247715731783803,0.4996094999899457,0.5009653367032796,0.6186943598236971,0.5523492044680868,0.2969129548047489,0.49171827446133043,0.5672362251951774,0.6457416515945423,0.25862929537402796,0.24724201553145278,0.36527855357981825,0.6092763384828914,0.5769423431769023,0.32576063856625853,0.45496045409716007,0.9719290553513519,0.7788308515598813,0.5968515478477692
VWOB,0.7910308700080202,0.5088085861467222,0.47860944420520035,0.4926713008430143,0.4885248303498791,0.48350540097853517,0.5955261216537645,0.5624986875845636,0.5110576610739552,0.5512581101930175,0.4342284404547034,0.5206068388233341,0.49629468730127246,0.49335532991921666,0.39499916913204247,0.7147240838987625,0.7305139212235467,0.5977807416721801,0.5506620215834328,0.442261299159468,0.5165603224585834,0.45880734911212756,0.48666923091387315,0.565424039469441,0.47658022448957155,0.7240661936713211,0.7152128204319746,0.3854450767246176,0.5136689594822227,0.5935893892152411,0.6096093478566325,0.5475861119942125,0.345009240300774,0.47536442223575043,0.51293409372604,0.4947634527340729,0.6057580487893176,0.5061935437723812,0.5731412866167215,0.5570258876889025,0.5594887518365107,0.5767507950087671,0.34606920007561565,0.5424040875849204,0.5490468605690161,0.3756036435876783,0.5632788689399347,0.50755392326901,0.5616079838385015,0.5067664711598028,0.4423185025686377,0.5087317765116686,0.44615471835966225,0.41104012525873745,0.4940693812079964,0.5177513176454783,0.5807056395135566,0.5126559243401303,0.6140257768210999,0.4894132261702916,0.5612462359034411,0.5032672742742205,0.35357285854952214,0.37405406007401254,0.27338869846698793,0.39521547375529625,0.6114666972896515,0.6073665089688898,0.5705004483969743,0.4884749711011058,0.5755541609036807,0.4695083737022127,0.4590601137292161,0.5030461988800904,0.46552462919554577,0.4784957665860361,0.4174592466392379,0.18718808129084824,0.5023186881399894,0.5077041663457865,0.41037691486819705,0.5496322450740847,0.5697845435794312,0.3456761401428174,0.5053806971686862,0.3303710457345365,0.5223003497309843,0.26740796139009143,0.39574106090069017,0.8006671781800656,0.3344196112567217,0.5549207769799194,0.23179885892061453,0.5724879204223885,0.16968738818981527,0.47484591850252555,0.4375328525285513,0.6193748068370531,0.5514755472132705,0.40864831522424655,0.5031881882118949,0.460504712052634,0.5690304119197425,0.535373595746932,0.5093146372112259,0.4657424439441502,0.5663296669097022,0.5687381325967267,0.44525448205189955,0.5358574949595245,0.613641968129576,0.6197762326598101,0.5538584416189766,0.7723975451196315,0.2511984223485755,0.34156784311380434,0.4396482070086287,0.35191923170845135,0.5657526360590072,0.46326299004133364,0.5653770497360795,0.676016104987607,0.7900416910064281,0.40805296862711465,0.49796235997483945,0.4360768340307904,0.5396549093017178,0.1856498452311391,0.22873410801527636,0.30427799597791516,0.7868547098499202,0.5152152693307114,0.5661314200828976,0.5109763527458573,0.7685573166322951,0.6067549048604697,0.623997187165575,0.5963610009433806,0.6202289797109334,0.5499840134296262,0.6115642600845914,0.6991038341832854,0.568004534250889,0.5980674417439389,0.5866275666856866,0.5266897565802581,0.5742793447750246,0.5435852028174327,0.6015902532461359,0.611620450612497,0.5741007842838236,0.4949705625394575,0.5459795848472727,0.5069513820977055,1.0,0.6018111821110851,0.5636916142679875,0.46210391635309545,0.41743025291428937,0.43507317352712654,0.5649855529263901,0.4998910803570471,0.5021229529956033,0.14718796431268996,0.41549259167825087,0.4844351670139075,0.4916694191779912,0.3447585533254561,0.4076502819580789,0.40627430656318037,0.5435097380752466,0.35120387302740447,0.16451545477342508,0.42083925537100714,0.5076942197597217,0.5961618079858575,0.4581271310887988
VXUS,0.6718626293757644,0.6626660007089683,0.5957398590385712,0.6402107818140805,0.7259582978535949,0.6368761321065185,0.9684757707719908,0.930812514641899,0.9079569586829804,0.8190243924662622,0.691722060488366,0.8311696253347437,0.8298188604700956,0.6079623815290259,0.6257395120890609,0.23782354972952735,0.2558189953428508,0.20937302638133995,0.8276645535534038,0.5887280424649101,0.7578860055266045,0.598884471442339,0.7263945363884344,0.7951868935001274,0.7884013728353869,0.2566012572339065,0.7072193422780518,0.5949125932004858,0.8769404937989362,0.8439706226271787,0.9514366160291893,0.9246268660580924,0.5199849366077731,0.6620649323021244,0.890240480585768,0.7522767605760591,0.9711805338200274,0.8970157637179983,0.8057657046583973,0.8782292788599002,0.8676438340059038,0.8847245069974099,0.6478962680154559,0.8587714246039886,0.7991995372385297,0.603577019045085,0.8989475316148867,0.8062169060659108,0.8841731802620081,0.7844235846461882,0.7904939973597059,0.8660449617059067,0.6646930570597643,0.7532673308097084,0.7708537723409883,0.6570284256390844,0.9188104601421765,0.7522558162506916,0.9555689237226037,0.8723019826042837,0.9565729810436935,0.6494226892778769,0.5194342293151223,0.5502107261006577,0.35003533188294594,0.7599968305834764,0.13733945818754462,0.9651421074161207,0.7969926398428853,0.877578718169159,0.3138834370457287,0.5978883451268633,0.638271814883697,0.729618185122042,0.5925651827081249,0.58638373380293,0.6618562154646314,0.44516379772812115,0.7664921833497417,0.694900972494315,0.6396776070885849,0.793826371438371,0.7951313384815153,0.5629023359397447,0.7242786234502101,0.5187610299205627,0.7791653895296087,0.47282017051056624,0.6781785710769639,0.38464087798041713,0.6463965058414799,0.7905425260460315,0.4269239199932889,0.7486368831447701,0.457196791570492,0.7280979456978586,0.6433467631685398,0.5694425842502019,0.6906736277406466,0.7968821855226652,0.7275883470454868,0.6745618405411314,0.7912666276101261,0.7496742309215563,0.7357938243741551,0.6984061517625283,0.6345139059566215,0.7931411231033485,0.7136381989219394,0.7751878613742854,0.21247308070978005,0.9455254967555169,0.8099153019547105,0.6973378358892981,0.4286325910477083,0.5319123916223694,0.7121900794133217,0.5646694655531491,0.8029941094339429,0.6289294964752077,0.796173464801612,0.3462181360935191,0.36883832220466695,0.5692034982700241,0.7569625870031849,0.6629949548236119,0.733913060588343,0.2896454458316699,0.4295718776052035,0.593852980612404,0.6797248746429388,0.6497841071493449,0.775966107117712,0.7475850106967069,0.35576396650536846,0.9842763041098793,0.1497796929762022,0.9408613964141697,0.11300829118813996,0.7586709689716272,0.9316257747924755,0.2824130095886438,0.5972246401589141,0.8307067018908796,0.8032531093821172,0.746214396189012,0.7727919505686143,0.9257902393719357,0.989888887095368,0.9231217560099549,0.8139973966658768,0.7488847477272967,0.741653909998363,0.8923196106304845,0.6018111821110851,1.0,0.9493963223658646,0.5363752165537824,0.6504700438808177,0.5488099316159156,0.6376293413642536,0.7678754717120068,0.6495946126279225,0.37738342159968746,0.6555664695012459,0.7360792448371936,0.724830283966168,0.4049297299747949,0.378895662392772,0.516872682517472,0.7061218897226513,0.664371911818251,0.38754169119428766,0.5509431513962022,0.894576231153457,0.8641727808318859,0.7064662492624622
VYMI,0.6305502413823023,0.5483684850539818,0.49000683904691467,0.5206693419623134,0.6120555610128258,0.5161257540400308,0.9656539150080206,0.9362728042084758,0.8092715384167215,0.7764161611799227,0.7121060587084792,0.8470982775548169,0.7907792983944459,0.581410570198442,0.5374210263112655,0.19839133431324862,0.2213334364278116,0.16090722549473616,0.7128715837580448,0.4873226891000542,0.7528800243816441,0.6784793137249335,0.7506740184759836,0.7144043276555371,0.8045323340533843,0.22199422128665838,0.6938733922195173,0.5926858786457111,0.788683340298927,0.8607423361325807,0.8698408162540265,0.9783191202075607,0.5168760565083614,0.5855008286440729,0.7976602032594108,0.7623717186325172,0.9506916331648297,0.7869291815039442,0.7345850648648526,0.8864489002918,0.8348000344338543,0.8667777918719715,0.6105603354959152,0.8803342387243794,0.7914650389018506,0.583321265938953,0.8116146503651768,0.846579893344539,0.8775427447738926,0.7608771096954644,0.6916461994408789,0.9173905980921234,0.6680235176512265,0.6394149590117248,0.7440587113774353,0.540537286648664,0.8942351601886778,0.7404015219037416,0.9363108603706725,0.8457092128908229,0.9730572436217524,0.666366004171029,0.5128315507809739,0.5394526140792254,0.3446707005531068,0.825522868135591,0.10939421468779573,0.9506617471097318,0.7291007527714982,0.8472032823204994,0.2835125590774704,0.5294512795085156,0.5627173875249304,0.6084536945253275,0.47811625719357453,0.5468359114168254,0.6131341420973285,0.5591059748640328,0.6312807550104071,0.6915482180658077,0.6180162469239039,0.6986218652165757,0.7313701993951659,0.606159553716902,0.700043106839728,0.5912230867672295,0.6816687657767456,0.48319609711989875,0.6006007005671921,0.3428923133182688,0.556295761131442,0.7139088568451339,0.5050273613134652,0.7148749893859695,0.5336043388360203,0.7052365224878224,0.5495381450326757,0.5378330669698929,0.6636987500846896,0.8071612825695557,0.7360835994892189,0.5668750360575705,0.6848417400924561,0.6239350635872196,0.5948542407752602,0.6041781906899719,0.6501324241836242,0.7817790260735524,0.6785825526895681,0.7254948547174959,0.20569039183832227,0.9167494424817495,0.8395551477959996,0.6603076726699127,0.4221080233753965,0.520271109777106,0.5762849629473571,0.5201467332313183,0.7368004135352059,0.7088336398131131,0.7256795182266017,0.32117102024903343,0.3278875045836273,0.4886014732402476,0.6646329513211741,0.6256312332996303,0.6297012953035277,0.28329472364737496,0.40353091272676195,0.5492263857226423,0.6379067550791301,0.6474651764515281,0.6842286711468266,0.7519879691635186,0.3139303370893298,0.9536331209971917,0.1232522700163024,0.9306969796223726,0.07709685972969632,0.7394794570407466,0.8891509251804925,0.2599599738328192,0.60941431024469,0.8230916082396398,0.7574413952192673,0.7729843510913303,0.6719126307514338,0.8641442885570174,0.9227602476763873,0.8582077226723468,0.745422237101281,0.778350841408366,0.6262948356827165,0.8011442894378904,0.5636916142679875,0.9493963223658646,1.0,0.4311288077925264,0.6140392918706731,0.4767884614885918,0.5972880925489141,0.7785465293215035,0.5834440512086698,0.4824769064179785,0.6986294497394437,0.7195833679624248,0.5967281721645158,0.4683676608258739,0.4196684784426649,0.5282047630935277,0.6268757071453368,0.6679143526128921,0.46069836393115554,0.5211357099950726,0.775523779101135,0.7546059484724651,0.6643554263500213
WCLD,0.5786825490191388,0.8567031694126451,0.7257771227517273,0.8281637169698186,0.7248874481410325,0.84969735495162,0.49731343751768453,0.46787455480169104,0.48418729104959174,0.668118364577121,0.5223694429896694,0.5373666150767945,0.4426641620061519,0.506141958064668,0.6267678711233783,0.22485949017816248,0.21309187909426325,0.164314637739257,0.7128023941576216,0.8778463472839638,0.5677803030283187,0.36187180871739705,0.4890087923523635,0.7037705746576846,0.35123659532966645,0.21165031922527472,0.3529366811230288,0.2939448251575135,0.4453031293680326,0.42300855031166856,0.5735506261219919,0.40090816624677056,0.2865895636897425,0.5813639647961718,0.45812318471493463,0.3923075898171227,0.5137733762261821,0.4902309041157845,0.7131055631888544,0.4859397613137652,0.5010112082684909,0.4936901489202636,0.2917153769070805,0.42137212481956593,0.4204538136688698,0.31965384268721303,0.5564403504772288,0.3748141139167502,0.44710990006483187,0.49870361548564857,0.46660099221565265,0.3713641925084606,0.3216961384297335,0.3620008226456163,0.36720234336298646,0.8863780786432504,0.49318670765158595,0.6063654243098208,0.5099112612773712,0.418166409335802,0.4418416472646384,0.4887320207959871,0.18762883980710116,0.2287681547671347,0.06066810214272748,0.33878325415877536,0.1144983346396302,0.5271917637678574,0.705569781807281,0.5097710031124756,0.23741383885478085,0.5903292151351861,0.4959114214155285,0.7173258154519164,0.9131610528380679,0.5672496870499784,0.38222725047072914,0.19841933728559535,0.6730134622492215,0.5096434079403883,0.4888954839541668,0.7213061424016745,0.7043085430994811,0.4379602786300829,0.6649249979600328,0.39094416116625835,0.7451556230380932,0.27634079961795727,0.4638659997098186,0.3338198350380355,0.3824838737195149,0.6952389196107464,0.2851932223838852,0.7122608914966181,0.22955791726310087,0.4898627288919186,0.622565623345417,0.4840373548898725,0.5683824363821867,0.34972211947933923,0.5844345253066531,0.6231602908999981,0.8053570608323418,0.7338059291933531,0.7899869843329106,0.6529385220625057,0.481748261106258,0.6307865020898008,0.6175643775013152,0.6914897669343378,0.18311802030195573,0.5374686339932753,0.46264568494284003,0.5994966437021085,0.1346458645620153,0.2333122563133187,0.5753900757030739,0.32468982567334614,0.687206673094094,0.37919610553111277,0.6919542332795394,0.2529269642074838,0.32190003162901465,0.5014516756899203,0.6369067549126888,0.335146569258651,0.7457074758551017,0.14187533469675848,0.2359749059449183,0.3771518637438319,0.5958458691673985,0.5521705080385281,0.7997104151853475,0.5792666098155278,0.3220375094521761,0.5219731210485653,0.1113648777686664,0.49313831473968545,0.12617957546451386,0.5731682101455723,0.5727179179252566,0.20348496963022125,0.48021515764465533,0.4441008375517761,0.7259125487175327,0.5234860269242174,0.8174918373870946,0.4700803359266138,0.5442295672422347,0.6804144658320476,0.7208883209761401,0.4666951448873658,0.7640196432114289,0.5033996220753221,0.46210391635309545,0.5363752165537824,0.4311288077925264,1.0,0.5088612959236183,0.610500395354877,0.5035430640641959,0.45634694782748997,0.6624266310829157,0.19024898685884728,0.4869581428106074,0.48283557926365367,0.6894811632430764,0.17186119110969209,0.16706470101777587,0.37481773096528387,0.7070367548482707,0.37763221368543076,0.2811363389898364,0.5730628416683929,0.5055028632090071,0.7643068909599326,0.5808779711625492
XAR,0.5724333945218903,0.6147308019084434,0.5868849249032443,0.6303774006388052,0.7759869247422022,0.6083051199650444,0.6559806127282937,0.6478677630406057,0.5471352853542222,0.7626755409020538,0.7109707739900244,0.6748509030887473,0.5819686098372625,0.5096289629659093,0.5922472333353012,0.14465634792799015,0.15713196494522264,0.17669993190343095,0.6910893015281058,0.5787430683847108,0.7210823572670755,0.5689335960848441,0.6824254376871902,0.7032891645239272,0.45201251961332073,0.16115934788348144,0.3638155187445178,0.41936078874046845,0.519699561550307,0.5109408943461898,0.6413147729998953,0.5954003970521474,0.34549534910367213,0.5566973681610468,0.5801798267750538,0.4773674079785441,0.6383417602749757,0.5309743175011784,0.7202918039651038,0.6246797346228021,0.5665872251343098,0.5621353061988545,0.34283150705856025,0.5690575607574363,0.5044789345517583,0.4003543904105518,0.5946394588848386,0.5136457917875474,0.5537019819743163,0.526859978287637,0.5193969415636838,0.5627514092797538,0.4698972702521751,0.4741659431411623,0.490075906230837,0.5881345460239223,0.5906059179898815,0.7565587092065953,0.6459054655944465,0.498289624066633,0.6311523861716436,0.620619696489989,0.3577283405224896,0.3881357637064155,0.2229920344746804,0.5604733734787896,0.0505226370677289,0.6473977135092747,0.7190463463717973,0.6478110395664273,0.20838713493077185,0.5275392608490318,0.5113850293445291,0.677556209440677,0.5579738387038173,0.510961482587363,0.4213667870565481,0.4043073069149891,0.6131641179009377,0.6539437695294262,0.6284705018693515,0.7347395914446876,0.7074404222456382,0.5961466070118354,0.7001271455463526,0.5674762010443578,0.7797200333152954,0.34916544753917295,0.4569467783873257,0.27666619370179224,0.30207796205016096,0.6991329403342018,0.4543973119003573,0.687219000250347,0.47366596487476254,0.7555151252140548,0.6196229995500361,0.5001667313714894,0.6601088094995555,0.5506567450966855,0.726158861343127,0.6135527529761812,0.7220151190027978,0.6313262420389788,0.613724148957952,0.5996192501580766,0.5655328814899324,0.7479707914419788,0.7080725980637474,0.7817493723388889,0.1666299677229394,0.6394605325247387,0.5560259611503999,0.5920702010073658,0.2734186182400549,0.382567238749475,0.5717664848154392,0.3810578534448101,0.7187458234113792,0.5899313737753044,0.713697929606849,0.2465463902676846,0.2633151390041405,0.45369236220866394,0.6456923619951205,0.40604475095140347,0.6319893160941717,0.18070049597636864,0.3428808451652215,0.550455678152176,0.5769742365853623,0.6020752661674912,0.7736851365654361,0.7548371805583136,0.255864445783226,0.6604548361627693,0.0693103522897296,0.6040316753675857,0.037220024870771584,0.7017026341743737,0.6233462258137965,0.1699364186111375,0.5395793150608273,0.5167445423348784,0.7654015324395875,0.7241329691163395,0.7340905364041296,0.6236282752074002,0.636199716814601,0.7392452252788524,0.7430316800906247,0.71350961387286,0.6445099823091759,0.5247715731783803,0.41743025291428937,0.6504700438808177,0.6140392918706731,0.5088612959236183,1.0,0.5433170308490584,0.5728779688740401,0.6537738177635045,0.559360711965707,0.3954338026117239,0.6474955172408033,0.8114196891840568,0.610422622395248,0.3314447252259218,0.38786536739905303,0.4422214373639134,0.6399402801322976,0.6519594727605464,0.4302519442082505,0.5575285800898768,0.5330688910003255,0.6918814684998,0.6356660226297196
XBI,0.5534243582624088,0.6551496999795262,0.8405917642238376,0.7342827093835527,0.653536763595283,0.6550575775580151,0.5163892303255899,0.4845864355545045,0.4938432369426342,0.6137973684588598,0.5368713928931832,0.5006782077024672,0.4611253176391306,0.4315883214579915,0.5641348494703808,0.22642456357144533,0.23338172162508086,0.19983416695754275,0.6026944019751288,0.5566233763133964,0.5392695822713998,0.42588946227691027,0.471025313562901,0.592904186884518,0.3871583293638414,0.22937074994130066,0.38770022670251203,0.3356874615772046,0.46928008393025616,0.473752029993521,0.5627950391552187,0.45675482819900287,0.3066487392966792,0.4960590754464237,0.4715629800315723,0.3896844049045766,0.5314118928676033,0.49357584784496594,0.6073263448796892,0.48687416832729946,0.4864770513093141,0.4651447566981995,0.3090149460572323,0.43959995545406844,0.47458097060798293,0.30279454158066627,0.5134944694352689,0.4250946547607417,0.46582654497952874,0.4696754708660799,0.4271785105514554,0.4231917454548433,0.3538860438296841,0.3747898563563122,0.4035706468380438,0.6108058317625269,0.488117331648407,0.6061583944015544,0.5215885188082231,0.43083912563907323,0.4790708599837552,0.48620901589461313,0.2653023056185098,0.29398073089961535,0.12882479935035335,0.37045908566633556,0.13478024435944017,0.5322122365948573,0.6029250290377077,0.5119423894392278,0.23949145933922972,0.8994076717648083,0.5307861543569642,0.650602992234087,0.5556235617995132,0.5385062590317297,0.40533897069354224,0.20406838959751417,0.5327495300808338,0.49622283161212355,0.4940526579449124,0.6247534238248051,0.5984868290035387,0.4328518175657941,0.5695227799532029,0.37758990019240324,0.7111189304139074,0.2559609116507005,0.43922828583043216,0.3301134941946993,0.3666392113588619,0.5875586677219007,0.2898900080337006,0.6082424431733162,0.26676780400756445,0.4989372623497034,0.6250175627254985,0.43240233814754675,0.5305183767058009,0.38258136685308636,0.5487730917525291,0.6134951216832929,0.7328135191939854,0.5855942701006541,0.5885138773160116,0.5548734044715613,0.5058124106017402,0.5973252779055613,0.6310647039669839,0.7102979213355901,0.16380820319764264,0.5370038403702436,0.4948282238816647,0.5644247667457221,0.18751710686015605,0.29905508475682413,0.49939841460983997,0.36584383466628784,0.5924524793856137,0.43788311471396474,0.595885014455547,0.2722340486143212,0.3239861450526929,0.5088668536779449,0.5322051471878011,0.3535752965387562,0.5760590522764331,0.1334224391510645,0.2624421442380465,0.38993204880533955,0.5581634582409847,0.5196782154482955,0.7526995400015244,0.5917343721515964,0.3128981682846567,0.5353672521696662,0.1495774515157931,0.5098628548575251,0.1258525012745171,0.53737811856598,0.5678865993093852,0.23310201233683336,0.49943142836750176,0.4757627018134971,0.6482687030636399,0.541126160636144,0.6727161430077351,0.4925391251392165,0.5532302436959882,0.6206972306849728,0.631310332546708,0.5131038449838597,0.5919112336726953,0.4996094999899457,0.43507317352712654,0.5488099316159156,0.4767884614885918,0.610500395354877,0.5433170308490584,1.0,0.5055572176981007,0.4618936510027387,0.5303503390583457,0.19168790981991526,0.4420090572726688,0.4929695909177911,0.5313561417511621,0.2461082489614464,0.25276229542019507,0.5308926952811253,0.5758428114738345,0.4141438861257789,0.2692874137271262,0.5342081158631995,0.5020789889825066,0.6829382823278007,0.5097237866638546
XHB,0.6441675012705851,0.5536580265915411,0.5670794666167415,0.5523992062631687,0.5776416847217141,0.5268232656879193,0.640943446711153,0.604270683218879,0.5138664551189281,0.7530110928561811,0.7523820446297274,0.604797175063591,0.5613210627981187,0.48478600136480793,0.478298005947037,0.3447267168153559,0.3541315549597618,0.30128215214919735,0.6344325651680467,0.4930119139982794,0.7130295462629119,0.6127390619421906,0.655952925347008,0.6889810997886199,0.4183500202135186,0.3540349949069345,0.4526131127527634,0.3962835921053408,0.49560638147248,0.5695334017098933,0.6530548321726765,0.5937051074657722,0.3209196720145451,0.5203150910835481,0.5340923784385215,0.4589314817873117,0.6467197983918496,0.5074717679342023,0.6977405476759332,0.5876931837663864,0.6106802562131814,0.5915979302933118,0.35797424658620725,0.5661298423546175,0.5703248268043872,0.3829760683131132,0.6203064975755583,0.5189165673513053,0.6054948132721543,0.5010882902643549,0.49872649269946745,0.527938544085807,0.4364657238485326,0.4360501736963244,0.447270094475289,0.5639395540023593,0.6250298072569899,0.8073150642860357,0.6511387890240783,0.47232143929003867,0.6219118213959927,0.6788054949346093,0.2555647449520613,0.27250418280770955,0.12773235670997385,0.4837790892423903,0.25020477692635723,0.6510966559735702,0.7140746218851842,0.6197853453445049,0.3378571996242394,0.5469892481169326,0.48286147930700885,0.5604523038059418,0.49487369732584974,0.5595227654637166,0.43967178254580286,0.260412171622958,0.5696591155157384,0.6637792979674318,0.6058627360145321,0.6910372234204538,0.731722119651333,0.6286939881840762,0.6903949351499794,0.5448590432076265,0.6719124217202918,0.29853176768925593,0.44571271616356384,0.45688326706047055,0.3040620543279425,0.6572109913570067,0.3161330842134796,0.7559303402622862,0.32085904239224405,0.7979012405221093,0.5504510402604527,0.5640389652380633,0.8259709408442253,0.48367237193750245,0.7706140658877424,0.5803359497045264,0.7061617195495646,0.6000228297616007,0.5946233822891057,0.5463396772857226,0.6649218949779933,0.7991267111762422,0.6570796958531208,0.7915073520686463,0.27446528145208743,0.6467041585439574,0.5754451927300734,0.6493669423233475,0.17219752893365828,0.2732011508827474,0.5418269054520126,0.37205795565200106,0.6912792802774953,0.6692608560657536,0.6900251387310683,0.3807633639082482,0.4437646252286511,0.462174121556797,0.6214082211371383,0.3747076610202937,0.603738812488841,0.17387940724718812,0.2846194625320095,0.32979236401382156,0.6470016725054065,0.6223190035781202,0.7553225983450637,0.8126230563923332,0.4337323574329689,0.6528087456656827,0.25893725712811283,0.6298778577513229,0.2422639954904145,0.7305861098163614,0.6487194432759035,0.3581881526700723,0.6602854473675235,0.5832985745541047,0.7862918702933058,0.7763278358644186,0.7143006633638375,0.598795428930029,0.6363337744437485,0.717455056352486,0.7163416887738926,0.7127338797190365,0.6086098336820386,0.5009653367032796,0.5649855529263901,0.6376293413642536,0.5972880925489141,0.5035430640641959,0.5728779688740401,0.5055572176981007,1.0,0.7352053627393832,0.5689660296585327,0.2567168428324027,0.6085607224265762,0.7561777767854164,0.5619263834540077,0.43946087273194784,0.3689901563928566,0.506784880064753,0.7030306313178492,0.5091198901360555,0.2902484695238455,0.714623786479038,0.5093441100695467,0.6814315542074691,0.566453300321224
XLB,0.616430573126759,0.5288709523592442,0.5006823185324362,0.5134445802248574,0.5958061616871512,0.500642660233439,0.7906931892572554,0.7735644985092305,0.6253063584669941,0.8314791181090744,0.7950298262736117,0.79106226646775,0.6304839828108366,0.5488163377759243,0.5101674756338811,0.18989607964250987,0.19407029239802392,0.15578409055808914,0.6682730254103264,0.5103075581383683,0.8119009004073868,0.7223738241988303,0.8018797557099085,0.7488734991864866,0.6092930718429441,0.1947345743245713,0.50684867156227,0.5280733813676307,0.5997312984672879,0.6620914992070267,0.7301380798615065,0.7623239418904328,0.42393614285511333,0.5507002623811365,0.636123112316922,0.6044871113490925,0.7668473798470817,0.6062621890971842,0.7673664490802463,0.7467657608154267,0.7060341545623372,0.6934784375867156,0.4659603876283287,0.6973510946591351,0.6506641151077761,0.48482550439793076,0.6861034674682982,0.6347754661469136,0.711015969367302,0.6064832570305952,0.5562394236217918,0.728671376131411,0.5658307351870397,0.4996248990258053,0.592195092541326,0.5497583559593608,0.7276400182208664,0.824957674580867,0.7690281164612287,0.6429561969614129,0.7820651315408498,0.7818485199979246,0.46475321311556234,0.47845339810633813,0.2697504623068311,0.7919089846650319,0.08681884630376338,0.7803607256876982,0.7733743622078977,0.7379011217786694,0.24155559690948347,0.5419254044604693,0.5143503308539249,0.5882436265407399,0.49879539486888724,0.6013579104536506,0.5059821355530447,0.5200204536949078,0.6018446077485265,0.7776604036292701,0.6314843310292618,0.7347764395515712,0.7918951620909535,0.6685022713166524,0.7542886173178464,0.6629549141150923,0.692743913174805,0.40681215277607014,0.5674037394755465,0.3230773466152348,0.39453831585586235,0.7321280215994551,0.49785013559186314,0.7997739527594946,0.5388119420878924,0.8626653264398286,0.5586086016587568,0.5275588882217176,0.8190419609206836,0.7513750016245898,0.8311437311426361,0.5899753439662371,0.71768632007161,0.6233217357868311,0.6040316604797781,0.6048948427790094,0.6451088096727197,0.8774391060647793,0.7082397215828304,0.7940783940472087,0.19143678092667898,0.7515706794638665,0.7060177532109665,0.6346029715064126,0.3571140015884932,0.47308927566683034,0.5600491614125234,0.427883833482382,0.771096832638368,0.7920006446570204,0.7595550051653551,0.271541234120011,0.31160100023778803,0.4643759248418924,0.6745638367016902,0.48875251001948955,0.6342385018795182,0.22352922043002196,0.3386053414745491,0.4859826098929688,0.6176879908505256,0.7334484448953638,0.7402774412265924,0.8514731753764012,0.30374757301215505,0.7819493390976808,0.08819103478043154,0.7532676454391676,0.07278678650384816,0.8272596373445481,0.743603899184795,0.21994393317797545,0.6667372654249963,0.6525829138369387,0.8428967717683998,0.8803204560349945,0.7284708443716031,0.6927901813946175,0.7373629263078029,0.8130422804948432,0.7834210873691715,0.8612623771292899,0.6302735835424789,0.6186943598236971,0.4998910803570471,0.7678754717120068,0.7785465293215035,0.45634694782748997,0.6537738177635045,0.4618936510027387,0.7352053627393832,1.0,0.5896354763700289,0.49301988427468474,0.7551712751566445,0.8384123258263606,0.5942660561557821,0.530462268142412,0.47168059593433515,0.5920504131607918,0.6619868000478816,0.7536716221958915,0.4915035041794546,0.6116240175695647,0.6015152194418815,0.728527205189491,0.6800195038200781
XLC,0.6324067675975275,0.736373281174637,0.589086877779175,0.7020547400384859,0.6740451895160882,0.7244128229275839,0.6320870716513772,0.5965738943524712,0.5421808204490479,0.7900849411647124,0.5857239891746567,0.6258865641528322,0.5683074873175041,0.5492909625919262,0.5865000103299522,0.19218125562700641,0.19765929314278,0.1747597851031656,0.7100041307946819,0.6537768091082167,0.7199290942604161,0.5015052309108878,0.673645032411421,0.814806554238944,0.4478619268165315,0.19612880082014564,0.4009788517525842,0.3594244802899933,0.5099231843735663,0.5466427863939717,0.6770697059805895,0.5656845531406356,0.3547117299121487,0.5962723597462233,0.5394206471463102,0.4802860467508642,0.6480960426527239,0.5426200288690004,0.8320798287701267,0.6085148481749061,0.5955120212065157,0.6047829528589236,0.36680033007862917,0.562480092227958,0.5463725244520927,0.39988446235258984,0.6476788201568748,0.5194299748733165,0.5804233843466415,0.5536729370348746,0.5110661134059228,0.5200860516117635,0.42375866256168915,0.433909141339264,0.4380970621224433,0.8575956689135968,0.6223562147595371,0.6542715065253527,0.631607072012663,0.5018190954087868,0.5937947960280471,0.6494738147108,0.2430678541624343,0.27558170312458796,0.10339703057181722,0.4522356399580027,0.07307773717782606,0.6578385032358016,0.8299078578193659,0.6563981854748281,0.22683546735259724,0.5574705750525686,0.4333979252307722,0.633701445877874,0.7257045924963494,0.612466871828455,0.46580789735083394,0.2818418084740763,0.7221219961988732,0.688310154841047,0.5507867605858658,0.7583037573389237,0.8019328891712676,0.5074669926526841,0.7010107433869088,0.5104346131050679,0.6932421138651693,0.33907023336348147,0.438677505952985,0.33541792964243494,0.38588740431327756,0.8374860320355795,0.3385928184459907,0.7784676620481588,0.28144711552812546,0.5963384976786232,0.5188924750890307,0.517419083726519,0.6273926232609924,0.454700861348343,0.6980338170378039,0.5456225282829977,0.7526587242055183,0.8278085997030082,0.7451054618761486,0.7318173598059647,0.5479565615893308,0.7408833028643161,0.6501022223715764,0.6862193226263221,0.17471393873490487,0.6466957039940427,0.5571684727001915,0.6670253614211992,0.1879119757932979,0.2695798657166915,0.620049710124638,0.4010995180995388,0.8299025384879803,0.5448123609773781,0.8349601119299096,0.28026992546475327,0.32379501358139096,0.4065877574803192,0.712855753100916,0.4034548419841719,0.8525892397595967,0.20249586088742935,0.3108408903862671,0.4015510235364567,0.6576461932490916,0.6840122011009654,0.731167480074349,0.6519130587358002,0.312872136403705,0.6517567779412304,0.09150012019248481,0.6228931898003249,0.07135311873686481,0.7283462338129963,0.6701589278036327,0.1980335543676105,0.5524622941248248,0.537848851325953,0.7596918953389921,0.655543810222508,0.7711075847258587,0.5909102131928056,0.6472713263114526,0.7980896414100214,0.8289668630425497,0.6483750262127288,0.8431367563518709,0.5523492044680868,0.5021229529956033,0.6495946126279225,0.5834440512086698,0.6624266310829157,0.559360711965707,0.5303503390583457,0.5689660296585327,0.5896354763700289,1.0,0.2618854551660954,0.6243859014200649,0.6273063829357778,0.7321301807030174,0.39405749458198736,0.31612202460665517,0.4932016078300342,0.7673458325487582,0.43127083793327553,0.3028834970087294,0.5634550440720565,0.554241486249757,0.7695154910181992,0.7118372008576396
XLE,0.29055464973352546,0.20937642776217757,0.17118045729689413,0.19480942843164356,0.27772571651509576,0.197475721761664,0.42755543119698924,0.46348959040513477,0.29360886774242034,0.5058657459908624,0.6230131245624424,0.5628303133646938,0.31066264513432346,0.35678997737042795,0.2505216584645085,-0.08037763617862596,-0.08308214732575804,-0.12193239247135199,0.2825353537371698,0.23330552261507956,0.451588384163801,0.5866818022819131,0.5263967202345444,0.3473445337764389,0.38285962784027233,-0.07781184622235476,0.14724553981065214,0.2926713562355088,0.23773010179700152,0.2719146126785782,0.2610563229689532,0.4584721898954107,0.233990559885225,0.22709385967151455,0.292010721426752,0.29798701257112054,0.3649133681574751,0.2659802794646382,0.3914899861483946,0.4499399522008087,0.2913424631754262,0.263938158289238,0.25122183408786875,0.34578347715342855,0.21955560813979738,0.2107024746701337,0.26376942232422484,0.3111407636068855,0.3036176057899381,0.31600085500410907,0.24981308218277112,0.46053560927658266,0.2900882727034033,0.18965982611640048,0.26312347110990136,0.21762869964236375,0.30413494527318297,0.5133720231491831,0.4004555711420321,0.37792241676312677,0.47216984233428144,0.38695626883951134,0.2087890977366723,0.23631638833570567,0.121423261919088,0.7567997086279474,-0.14675154511162605,0.3818877033074166,0.38288534228294435,0.38360250182830524,0.026982834893854623,0.19870508827550243,0.2260390835590995,0.2745742626200651,0.20352022965096592,0.21185651208306341,0.2180482360219703,0.9794188588439116,0.2311051704877317,0.4067723594666152,0.28875786747332177,0.35922327225766054,0.3979653600456587,0.45887830337196234,0.4182401097451701,0.44401510685190176,0.34530219880379515,0.29506425453275203,0.2800557480986849,0.009577132465228105,0.1853345858077945,0.36710576628799324,0.7556681734865122,0.398891825011003,0.8790087376633157,0.467696895363348,0.29187491865592297,0.2677270043721854,0.32221672072390267,0.4876381228235344,0.5211464698719952,0.276931626619866,0.31310359152671313,0.24182322955447752,0.2395907375546536,0.29212428901176185,0.3880651539612086,0.5055222097638101,0.43774068038857117,0.4563166488233765,0.07586890623736048,0.34674557454777644,0.4966109767183222,0.317448623228903,0.18090269545538432,0.242465539713198,0.23295515906169975,0.18923577215837656,0.4001942803133333,0.5925221318611702,0.35994498012738707,0.013256352147539273,0.0032643974380414994,0.21014103169533624,0.33562624572070054,0.24764948971245562,0.25764304696132606,0.11955879141596734,0.16996977744407166,0.3585247891765698,0.2974281380064139,0.36115942340227225,0.3621023951791219,0.5410959715524817,0.005032998665123385,0.3828973185611891,-0.14041806398597795,0.33945113075551014,-0.15083450435598228,0.4154937016054695,0.3218264250900363,-0.051340212448196546,0.30626750111982487,0.28179182162224675,0.4585190466247082,0.5581980642830069,0.33373675304501316,0.3354089514087192,0.3174250848362319,0.41395599518698467,0.4107159638942402,0.5751404205479901,0.24887450008399947,0.2969129548047489,0.14718796431268996,0.37738342159968746,0.4824769064179785,0.19024898685884728,0.3954338026117239,0.19168790981991526,0.2567168428324027,0.49301988427468474,0.2618854551660954,1.0,0.4912626131641292,0.4596209756844794,0.239791357812884,0.23503820970294723,0.2305286534329659,0.244830580349873,0.2677090006015343,0.5383332917677599,0.932799350122607,0.3073815483717868,0.2557862154696953,0.3079580310271714,0.38631758495526675
XLF,0.5627373833057984,0.5598757865948308,0.45789938718782014,0.5158341297909673,0.565620724126201,0.5192865788065436,0.697784966963746,0.664554367106924,0.47868511014605525,0.8363024996458568,0.8045412392273295,0.7288943999058005,0.568167526972684,0.5731801828135801,0.5212442985493478,0.06509823422984244,0.060545952245164035,0.04535655606090736,0.6015946874608014,0.5213647899718796,0.8706504922117116,0.6995679435546213,0.848688526399066,0.7449906375038956,0.482174322256855,0.05773311381922767,0.3581011051014574,0.4187805853366607,0.45988262785935835,0.5652679581600587,0.6282820385386598,0.7064696466554897,0.34546564929034496,0.5242120894090732,0.5057973186715191,0.5368157912324402,0.6864480552278928,0.46675923037819933,0.7740396053222338,0.6514231442739868,0.6167765807702037,0.63418935673084,0.34419921283955435,0.6610566271820011,0.5607943564777969,0.38538977720267426,0.59703088637449,0.6169767579217456,0.6358466578552802,0.5521669465533213,0.4403718562843713,0.6673222800337975,0.46357809574189845,0.3517054281214409,0.4375073803385834,0.571117189842953,0.6552843489703684,0.8037331500867798,0.6615775234795251,0.5098178233304093,0.6902924008166547,0.7905791176426131,0.20157684051725006,0.22753841951639042,0.03249370479873177,0.6096934120145073,-0.055949558005103754,0.698727709850273,0.7785714943414022,0.7191197383454421,0.1622070752892066,0.49120080930331966,0.36187589629834294,0.5273846291475465,0.536020379460776,0.5869293264471461,0.4959947764034452,0.49597975495633934,0.5493464298488995,0.7781855245804165,0.6640781209713575,0.7107684341014106,0.7786978546218772,0.8469605524604067,0.8741781548137431,0.8470286266586547,0.6449219934892868,0.3690894333848981,0.39144263911471683,0.21043474841191157,0.2804947196419802,0.748281776349955,0.5215214532981244,0.7789081861841348,0.5044688474515701,0.778540510023058,0.45599428975833656,0.5099069557610442,0.7379492857324353,0.5468902355763837,0.8788787840113096,0.46889090464490674,0.654697614833889,0.5954367900032557,0.5537476093355959,0.5864046762935287,0.6425101193386566,0.8671381945532387,0.704507599913598,0.7692148275095865,0.07367053355894411,0.6636024556576379,0.6290288627031703,0.6190703426669999,0.14125173835963473,0.23282776836601324,0.47439039032503794,0.41952859453238345,0.7791318239685225,0.8080962313770057,0.7710820727488952,0.1740685095724589,0.1963899315136278,0.31221929263981635,0.6315007438678012,0.3649082831017775,0.6515591053881434,0.21835873661054175,0.3325198013571314,0.3916969041947273,0.5919831450879409,0.7428414459013917,0.6898728072049805,0.8441526276982007,0.19775767233840738,0.6841932693371297,-0.050902541355222895,0.6733837700677808,-0.05546801092360375,0.8382728029290504,0.6578324665307019,0.10054016961943407,0.6202445725315914,0.5535477568485964,0.8177590210555187,0.8737384666798315,0.6950535773869921,0.5778506493184278,0.6317111594160545,0.7724705658587085,0.7875164659996567,0.8893668408143671,0.6286349824163086,0.49171827446133043,0.41549259167825087,0.6555664695012459,0.6986294497394437,0.4869581428106074,0.6474955172408033,0.4420090572726688,0.6085607224265762,0.7551712751566445,0.6243859014200649,0.4912626131641292,1.0,0.8075303267931015,0.5599863110705037,0.4861113973895758,0.41071059904748725,0.5696652382681774,0.6648682638426284,0.572262804907583,0.48243706219193766,0.5770124178639903,0.47029809224873675,0.6439072012599768,0.7003100212717427
XLI,0.640831691536234,0.5783255167081113,0.5307507289453919,0.5714319342656322,0.6879549720673074,0.5566544774000385,0.7558328837019053,0.7232506573816021,0.5922000922642193,0.8968769574763134,0.8244277305554648,0.7577545193941714,0.6512338014688234,0.570420885485346,0.561656377575296,0.14825693361558645,0.15174477411882045,0.15268641404640226,0.7219246184689068,0.5702881109018647,0.8881547191127549,0.6995859190138026,0.8561619569281619,0.8219491483842474,0.5133854001874963,0.1563506209361193,0.4070340709982653,0.46380820932275374,0.5608344070214643,0.5963374590102409,0.7311048539750773,0.7100535447220306,0.38174441432458683,0.5860612947368894,0.6377574483600206,0.5510832136420812,0.7447296955104556,0.5733579794352448,0.840752597319134,0.7055556588577901,0.675255626451175,0.6618545373525145,0.400371862808392,0.6654149523334273,0.604585257008325,0.4382546833818904,0.6918576093369478,0.5985447580483647,0.6727823851150818,0.5801507989257491,0.5776586058138125,0.6653038226891784,0.5278408494672799,0.5093109432605947,0.5105825508590636,0.6038295508270801,0.7046792910312318,0.8613724065979699,0.7312446236521976,0.566880687933871,0.7398332956836092,0.8111231157599574,0.3136556733743199,0.33981146955260133,0.15438994324912936,0.6531331242390647,0.034484180758940004,0.7544954911172234,0.8468564491683506,0.76617620280541,0.21495727681675988,0.5495050245212418,0.4966838490049451,0.6441403637448699,0.5524444866632502,0.6060935362749824,0.4941990161128561,0.46773585112768484,0.6857193214047169,0.8390731117275065,0.6971735489704374,0.8300589836345746,0.85622693544864,0.7161178974069856,0.8060281053665354,0.6935181795768013,0.7537614309098568,0.38568823799779217,0.48645333610422914,0.2943587971118793,0.3117235862450332,0.8106525021823869,0.48848806544966067,0.8175959501825629,0.5247551035477729,0.9414047665027792,0.5741523368669851,0.5446233271473682,0.8547273780267544,0.6220788952193643,0.879022605386568,0.6099329643012799,0.7622400779455962,0.7014868983160552,0.6688462610995622,0.6674895766759879,0.646946254840871,0.9138759087163435,0.7649538568862251,0.8479719162432201,0.14662459869587863,0.7195672955530872,0.6365812621292823,0.6696104616212237,0.2316814109885121,0.3396769341526474,0.638751763787177,0.4293313175593882,0.8454349615957035,0.762721200136989,0.8369871319268687,0.2508304224140311,0.28045311575253673,0.44210290131777946,0.7493291138366902,0.43906058129601505,0.7113572969640738,0.2191916021785481,0.35229625584986013,0.4828582873039328,0.6479173196800396,0.7635244776266095,0.8025931600105486,0.8822632768731872,0.27472830891672817,0.7592350421289925,0.044280119409125296,0.7157631440221678,0.026905101813419315,0.8877011120233389,0.7194477039776193,0.17063622610945864,0.6635402867380447,0.5898292635044867,0.8916660225115468,0.8970142736847464,0.8051101222543645,0.696606096757092,0.7180214718316361,0.8485813526851586,0.8545828225822867,0.9043489582295307,0.7104842213250586,0.5672362251951774,0.4844351670139075,0.7360792448371936,0.7195833679624248,0.48283557926365367,0.8114196891840568,0.4929695909177911,0.7561777767854164,0.8384123258263606,0.6273063829357778,0.4596209756844794,0.8075303267931015,1.0,0.6861114744087565,0.49541777704510004,0.48209209379994583,0.5843096780120823,0.7178972871145625,0.6684847820578176,0.45972225849282766,0.6358047958853885,0.576419963967992,0.7614894408394879,0.7453985448173055
XLK,0.6329936445267721,0.7346088541842032,0.6033490241169034,0.7243515058464449,0.7931061683885644,0.7476119698857051,0.6715896402563261,0.623548371427159,0.6859118653002411,0.8548995007293287,0.5863449246662945,0.6340767975359372,0.6371597950425526,0.5658865018146458,0.6624122396053789,0.18590066654524715,0.17152699976939076,0.15085331756571713,0.8447659955783627,0.7794279722988677,0.743005853029618,0.4006935401665575,0.674223095955993,0.9291645865069588,0.48669780653840794,0.16867163427694565,0.4137470160766266,0.39744253172083915,0.6255588241545172,0.5031330218991059,0.761501315351836,0.5623778073396736,0.3764499417020883,0.6706151115145474,0.7230554181379557,0.5124334985928576,0.6946632466980746,0.6749572513195832,0.9200744521290575,0.6427150800403284,0.6244080610001602,0.6328000370922906,0.3862112809541263,0.5683057531389434,0.514233200036001,0.44278445887328993,0.7711959597766859,0.50230817532786,0.5935438975997185,0.5754292774246262,0.725089340012097,0.517523225814029,0.45362221951959164,0.6192384913753904,0.4997606928314558,0.8246652020239131,0.6745729204729513,0.6681189167617999,0.6579110575753865,0.587896020978264,0.637478271559334,0.5980851925669304,0.28799156226332795,0.32162925198900183,0.14411057851786355,0.4785654532742825,0.04816526919833058,0.6949778479734027,0.9084780596826716,0.7190292967886325,0.22259854135104146,0.5574116689522659,0.5410139857042603,0.7568466120769689,0.8265743377849655,0.5679927021663258,0.5043148533507708,0.26443046143725135,0.9902439853893056,0.6892371948061946,0.5386990025760382,0.9095665130155938,0.8814711571042194,0.4550972760844782,0.6989701982512134,0.39405781707743903,0.781716737672972,0.3548168906252542,0.5408665199223355,0.3227867609346223,0.3914899390347902,0.9314438269450693,0.31133230192703903,0.7490960503939605,0.3176987712634677,0.6785689559229484,0.6223662305174261,0.5050373290811163,0.642116012757832,0.5293240981113633,0.6717890389830294,0.691297561677314,0.834318495656423,0.968335624674428,0.9418464440329202,0.8597926617267656,0.4928470017945298,0.7399296354892541,0.7016222095762699,0.7387582072367233,0.1475564969883062,0.6625119747825438,0.5177776135403572,0.6615738795887467,0.2545603345601147,0.3280864216452815,0.9142172713007666,0.43976690514418126,0.9165868041978127,0.43125657758031255,0.9181368103057301,0.24406308553443706,0.3077480555235615,0.4934290160427859,0.9265559046634031,0.4687801056150428,0.9362787740459934,0.2084545298832949,0.34920218687469334,0.5068654023730171,0.6460320685315313,0.6514861777296057,0.8103013977128316,0.6452135893635623,0.3108374998669606,0.7150835163665046,0.05508806557921735,0.6496583696565783,0.0614198401947662,0.7799628808622349,0.684291816066719,0.1663506167665455,0.47769376424074506,0.49692901584200644,0.7918360683444534,0.6219272344272422,0.859909836066886,0.7046609632870642,0.7341305643328401,0.8810110618773305,0.9085885142462315,0.6491183966185522,0.952710471582771,0.6457416515945423,0.4916694191779912,0.724830283966168,0.5967281721645158,0.6894811632430764,0.610422622395248,0.5313561417511621,0.5619263834540077,0.5942660561557821,0.7321301807030174,0.239791357812884,0.5599863110705037,0.6861114744087565,1.0,0.26663399632855767,0.2664093283934899,0.4362599174483078,0.7792527688656691,0.5176107699758573,0.2987269496019884,0.530757336363484,0.6852054691549759,0.8818774528358433,0.7862760021195485
XLP,0.4139166918812377,0.20772125958917706,0.18429948978766775,0.18034585554013474,0.2048363673590718,0.17702545574077602,0.4413971502162213,0.39581821112846555,0.24600341112265128,0.4776172786749206,0.387537450406382,0.44246170226220954,0.3426405170004058,0.3300362577980866,0.18434314500162158,0.19825147166026674,0.21565645445928422,0.17870195750749743,0.261444365880169,0.22378167774602203,0.5927726598117076,0.6291252953129249,0.6429477560008127,0.4548154929708429,0.3174064576281545,0.21106219326024253,0.30469156019471055,0.22406970949810526,0.2768677592201565,0.5582309145454173,0.4141098883450111,0.47135463053627746,0.2546316646601966,0.26921931158198015,0.2540865262884461,0.3386894826860553,0.45426187647303723,0.23801169216037338,0.47825773226877394,0.44335788383022184,0.3762227585156506,0.4076058187185358,0.21851506134250123,0.4077166768397068,0.49597876963862675,0.32122053066060097,0.33274355442140285,0.38988681380646445,0.4346813896988434,0.3436482070273431,0.18230716057026033,0.4838039945342367,0.31216681206770824,0.18147425271758258,0.2949870941473867,0.25352843428954847,0.41957797011784104,0.4302956789968501,0.43133843695014107,0.3019152960553413,0.4410364050711101,0.758492852527896,0.21067050107334584,0.20058883898748942,0.09836109381239422,0.3631859445885718,0.1474733602270452,0.468495476312776,0.5048037732428642,0.41369854946301016,0.20843718481548587,0.353778872331006,0.19229800832149427,0.19086992755243132,0.21907114258638347,0.515387856673017,0.3046742915540807,0.25230227495687163,0.25620039617328605,0.6836921384330561,0.2874942608870958,0.40614381956449247,0.5387194051888881,0.3374389835505477,0.3930253147962647,0.5282714246953125,0.26908759399017457,0.24330407718848931,0.17844265959251668,0.2781881284004601,0.14400734862004874,0.4620053560603046,0.28511852671430793,0.5498680834474049,0.1767029081951127,0.4093097678988049,0.1396970398291778,0.34551605016038717,0.548033705378299,0.27813706571036123,0.53200570792523,0.1686645613774421,0.3374985943596906,0.3311218693742559,0.22518122699494963,0.3526489184837142,0.421818888036483,0.592727023271394,0.3729719898185967,0.38047854901988404,0.18389576747234243,0.41496317678939343,0.410284741545472,0.4159684497712888,0.10494073385708173,0.18159798770577487,0.1539443843378118,0.23775184876749825,0.48955032280748323,0.6415632390213519,0.48725120571806985,0.26755862811167946,0.2711925929703787,0.14372718487453234,0.33560506086011854,0.26155606978947216,0.3750792209868804,0.1458911198445556,0.17920952288541706,0.1390939212277518,0.4180884471966838,0.7467267301001125,0.3390464687307727,0.4722521990050106,0.2609561759175851,0.43980091560465134,0.15691858902060768,0.4552515688549603,0.12526596695685718,0.6619061395561185,0.4917282312704388,0.21259930080351638,0.5942979636460967,0.42152522391325153,0.5129145243227503,0.6102810190467634,0.37519966285042733,0.35272057183306055,0.3821835652216916,0.4701353780358868,0.4724244857203977,0.6525996406059169,0.34276353189269776,0.25862929537402796,0.3447585533254561,0.4049297299747949,0.4683676608258739,0.17186119110969209,0.3314447252259218,0.2461082489614464,0.43946087273194784,0.530462268142412,0.39405749458198736,0.23503820970294723,0.4861113973895758,0.49541777704510004,0.26663399632855767,1.0,0.5947513589346092,0.622081179924831,0.4071580847492243,0.2514739476230388,0.17181596672978974,0.38932948290408764,0.231369261098169,0.3451536367545426,0.4577952850516414
XLU,0.43790560562667435,0.21730405443034978,0.23930368578780445,0.21578201673230263,0.2626832782166844,0.20028831902830216,0.4103723308148943,0.3877898774262162,0.2580987836629384,0.4394478356179178,0.34762563428732346,0.4612911505430428,0.31338620988795834,0.2921791961303801,0.19919362261113222,0.29338124798616394,0.30965210755710537,0.2899843454080728,0.27319126355419415,0.2249302949676071,0.48864687280723607,0.6240559215438393,0.5312086239019317,0.41090219667145883,0.3044691420770697,0.30823439675430375,0.32501329861109224,0.24013484380803085,0.2706477052434385,0.4742565474006739,0.37461485631292374,0.4082141368767783,0.22718541382382076,0.26120134283552054,0.27447130286326704,0.2932475107495318,0.4045648644249207,0.23579370342779088,0.4394673144372768,0.4350330036158529,0.350315286430737,0.33727970092536697,0.21100395284864185,0.3594935509188781,0.41874834864280086,0.2743771754512823,0.28967966213994173,0.3754897149504868,0.3538324685981909,0.31344357072098894,0.21293924511841755,0.424570765862135,0.30608417823569023,0.2117670065048383,0.30190390943871637,0.23130061727892184,0.3484203611031402,0.40741527647987696,0.40685602650123565,0.28644748246492097,0.3942965520185765,0.5908796701855092,0.30499512745450397,0.2841316181589328,0.20049429762277982,0.35687973627905983,0.23125649703335618,0.4200025717083868,0.4497576371371488,0.36677401889115924,0.28341480940934094,0.3272668094499928,0.35859507899676724,0.25829475912278843,0.20504135874265628,0.4500601861620269,0.247180590923981,0.2542000667582941,0.25915372032008116,0.6081033832844265,0.234841075298009,0.4037838087493239,0.4617642371266129,0.30720999061391113,0.37470290527202155,0.4457934532360752,0.31337752456218254,0.23002082470680446,0.1767978132456128,0.35491141000122195,0.11662401542887982,0.4111605207950999,0.3034627979498706,0.4456390094902976,0.18075602272984595,0.4310338242778739,0.2511925406492545,0.3928629584836917,0.5230006419159178,0.2777473722200107,0.45714767610996726,0.274637103717765,0.33744628679741556,0.2988177835705033,0.21174637233883573,0.30962559446768556,0.4483582770839428,0.539744309685825,0.3545194921302632,0.38695177208258824,0.2866755674582905,0.396502012489791,0.40752557987435634,0.42416784072504776,0.1921562699544536,0.2652447961229813,0.17801131753965518,0.21886590601456296,0.4437031861417045,0.617080975946591,0.43862765880981397,0.31984256451048493,0.3506153691879907,0.2728984966998335,0.33427877075402923,0.25210838958749643,0.3278933311796203,0.13266939826049312,0.14596633724213348,0.22489055284021792,0.4330723859013506,0.6488494564005284,0.3634831657967697,0.4432161794276301,0.33819221310775577,0.4079942827354331,0.250007611929291,0.39463008040692193,0.22985683627933773,0.5599636828150935,0.4312222090432193,0.3101772249275221,0.647953678630559,0.4402844818369911,0.5133647658709749,0.5895152169267377,0.395180826704926,0.3468856020773044,0.35990109991667196,0.4348275950553507,0.4352131159624745,0.5874215339407515,0.3090567255102786,0.24724201553145278,0.4076502819580789,0.378895662392772,0.4196684784426649,0.16706470101777587,0.38786536739905303,0.25276229542019507,0.3689901563928566,0.47168059593433515,0.31612202460665517,0.2305286534329659,0.41071059904748725,0.48209209379994583,0.2664093283934899,0.5947513589346092,1.0,0.49891328806197976,0.32115702887112435,0.2828325004642801,0.18880005682399706,0.25303853884012517,0.22833032741836046,0.3477423359558269,0.40314180765206176
XLV,0.5112817532152224,0.38263563136252293,0.48333018656202015,0.3921396294188989,0.3870558665591843,0.3529532720279531,0.5391052820817285,0.47745656499772227,0.35700526517049663,0.616415458979971,0.4683154267855146,0.5229724812828493,0.4533387737662867,0.40034807910795434,0.3220900126792721,0.2168910317142994,0.2244751207831121,0.18449316849968245,0.4557427591003724,0.42165593143045177,0.7134649532421695,0.579295736280432,0.709304105126674,0.6045387592597914,0.3534449600760992,0.21779611776760097,0.3393002969580171,0.2794359796029001,0.38144879308436214,0.5968928904284627,0.5613619781207936,0.526985300906328,0.28517334899400315,0.40728072931383646,0.3629061481062419,0.38881063182639297,0.5643479644676535,0.3461039388363659,0.6322488146365042,0.5174464206542431,0.4729799830643188,0.4860761616415391,0.2676959377132641,0.47174146233657216,0.5885979710716538,0.34250894467023596,0.46484030993604863,0.4626943942678724,0.49993916747640454,0.426227598864599,0.3088105864611401,0.5425450943955902,0.33068772623956655,0.2774617757273941,0.36090969864114164,0.4276493442142475,0.508135746171752,0.5327180854147024,0.5087647829056475,0.36162890573175904,0.5103503433899237,0.7954710187947089,0.24359506872137707,0.23858755203946347,0.11025597516912618,0.40793819345593835,0.14122459072854043,0.5723080427560796,0.6487939310309702,0.5522727483293307,0.2150330472866539,0.7163656001037334,0.328357118435064,0.39031188433455233,0.4249215346093297,0.776367778011409,0.39001730970130205,0.2573433649679671,0.42345148720563885,0.7604690318060551,0.3736028949731514,0.591146228954872,0.6787591319836281,0.4116605931270966,0.5322780607366142,0.5571588967397273,0.4646590152119653,0.26930863568949637,0.2937899148364829,0.31557394381845727,0.21698266669529928,0.6156955441283123,0.30067084562516516,0.675462263885567,0.23052440417792947,0.5188136310960435,0.3073138419023784,0.4231015849621025,0.658074013517118,0.3597475641670441,0.6328540217565345,0.33302819927518856,0.5652155360266692,0.4866838265105288,0.42840264152452484,0.4974182413707488,0.46984510445615396,0.6928399041379161,0.5157885310634162,0.5383542509567041,0.18771809528606698,0.5152150277783282,0.454931954952908,0.5183283476246884,0.15149935416639662,0.23282706886485532,0.3452503589595757,0.3348192390731239,0.6346151298726682,0.608942900303205,0.6367629230126343,0.2692506034371471,0.3093991730932736,0.2863402014225084,0.48141550364211283,0.31539705247323163,0.5345930424827909,0.13961133311360469,0.23204601057106958,0.232314842981923,0.5129426131977735,0.8044827275261528,0.5468814844546704,0.5663581904838864,0.29798970700996114,0.54698057974627,0.14902326609295652,0.5541107270935234,0.12778698248791334,0.7493994893134064,0.6246792049780016,0.22040641923368942,0.6113001681780679,0.465989944427197,0.6468890236486249,0.6548293693503552,0.5734174286055596,0.45863176438718306,0.5088354404869965,0.6142793960206169,0.6304809065778036,0.7318396957869636,0.5122824418547589,0.36527855357981825,0.40627430656318037,0.516872682517472,0.5282047630935277,0.37481773096528387,0.4422214373639134,0.5308926952811253,0.506784880064753,0.5920504131607918,0.4932016078300342,0.244830580349873,0.5696652382681774,0.5843096780120823,0.4362599174483078,0.622081179924831,0.49891328806197976,1.0,0.4904257820466359,0.3401689041919522,0.21802618122634956,0.40617892066809885,0.34568948270063077,0.5636902637774659,0.5783231687278878
XLY,0.679805078439749,0.7896022642745523,0.6598175284832405,0.7988913508626233,0.8129929969116108,0.8015375424139886,0.684456483105935,0.6442331242741602,0.6087186509876108,0.8602609379306129,0.6929569146812254,0.6689911279262839,0.613172947799689,0.5936248811592061,0.6745451232278409,0.23196796372398085,0.22338452081378118,0.1900591322571915,0.7755056106503972,0.693171377020404,0.7805365583811993,0.5272310141552559,0.7160960374319805,0.8726481612492556,0.4860562089162721,0.22217490781207572,0.43809654583290514,0.42000253334501086,0.5638043143802313,0.549683346782215,0.7299792387543281,0.6065491895491669,0.3813163612920588,0.6484956995925185,0.6172523510390725,0.5249013396747203,0.6960451474351868,0.6058179835592523,0.8815186788055965,0.6520772241170709,0.6486875850973937,0.6500359495248633,0.3979505408808568,0.610349270484123,0.5609632544551665,0.4362673200222217,0.7075441142251417,0.5418191428613229,0.6276899016677767,0.5887765155705862,0.5907921953822445,0.5567027215002793,0.46867565701406294,0.49258066082295715,0.4924706947017014,0.8346761624949665,0.6748524557411859,0.7664111530315515,0.6823328940149743,0.5526668307705921,0.6476073452275829,0.6748985588610543,0.240787315821015,0.2755308166275927,0.08583922202325081,0.4996706637620518,0.09729530771137704,0.7065606826128296,0.8766453378685755,0.7082102338957477,0.26836262411990564,0.5947249879760707,0.5436335860666962,0.7229677556129767,0.7405102976049767,0.6109767827713939,0.517978863163524,0.28406435443806155,0.7742172538928704,0.7218488051818174,0.6651351388034838,0.835971222961555,0.8390355615641549,0.59014563348637,0.7651596723320914,0.5346080040572319,0.7966761327887967,0.3610614583098597,0.5608757652401714,0.36796906530420814,0.4001411903853648,0.87764230388097,0.3571611949212648,0.809651430174826,0.32616062443792,0.7148139217289624,0.6584406012008178,0.5613242731865646,0.7166298018853869,0.5207772226376539,0.7694437588748391,0.7241089190911557,0.8262410480428699,0.8689442433017824,0.796270007619382,0.7799488704694609,0.6192304740496931,0.8097289815121071,0.7392289772488072,0.800668923568768,0.19131298958402626,0.6970161504926197,0.5968525118866935,0.7137696641130605,0.1878370002324818,0.2809229248939372,0.6949392356396478,0.4384303445747813,0.8766759549369862,0.5775470716526628,0.8774758074957053,0.30031018579045893,0.3516685493410571,0.516233476203412,0.7550591935026412,0.44207890257101384,0.88131635551545,0.2190839092749161,0.35280274317117033,0.4390196547108261,0.6990538883200694,0.6754378970906696,0.833860614639141,0.7578324438621337,0.3519102718313677,0.7060536333290408,0.10289538268377253,0.6698303197673882,0.10032536576640844,0.7828619863874757,0.7032722061523154,0.2253319014351796,0.5982616978017309,0.5725876677557512,0.8373025927109773,0.7249343830297941,0.8467788187282653,0.6495700762411674,0.70508762387758,0.8573366387683361,0.88664513310865,0.7012392704012386,0.8801035789458044,0.6092763384828914,0.5435097380752466,0.7061218897226513,0.6268757071453368,0.7070367548482707,0.6399402801322976,0.5758428114738345,0.7030306313178492,0.6619868000478816,0.7673458325487582,0.2677090006015343,0.6648682638426284,0.7178972871145625,0.7792527688656691,0.4071580847492243,0.32115702887112435,0.4904257820466359,1.0,0.5162063990073149,0.31793363540923086,0.6999262219528346,0.6171372044498941,0.83508734094408,0.7544616862981602
XME,0.4683423308661182,0.4760017127533738,0.4604372073521001,0.48084862803315326,0.6060253329688625,0.4707922832743263,0.6776703490186299,0.7027401062286319,0.6038082017906566,0.6962838012895142,0.7415444974420531,0.7316829177550277,0.5461995925796488,0.44072299516694524,0.5311014223191582,0.08384923447807753,0.1010321466939958,0.09405793467542663,0.5922230181376708,0.4469685517743903,0.6159908409073237,0.5727119173082134,0.6126778725009933,0.5932321181940647,0.5793077306953814,0.10419182585230298,0.43180188669958475,0.5152870905123458,0.5561702736704598,0.47375710920621494,0.5839839414237539,0.6341918482319712,0.35887352307955683,0.4851078768298349,0.6128929506025339,0.5051803495673014,0.6241882069554356,0.5757941448615251,0.6112294708592201,0.6803557547643208,0.5585016163702772,0.5255755877426723,0.41439152476525065,0.5375591561357335,0.44479398962537314,0.4085263495330838,0.564840188213751,0.48882769282893673,0.5330773998272167,0.5062664750102759,0.5319341805491697,0.6155453798320772,0.51347620093001,0.4948583493555574,0.5979782532063073,0.4538112887648762,0.5590724691313571,0.7252947027023874,0.6620352720596899,0.6068543255449494,0.6788234361266181,0.480839074466162,0.5990795354562463,0.6296372472218958,0.41451256861785873,0.8128050019291712,0.013464101670469774,0.6330805087043727,0.6042396405010536,0.5819771567699045,0.14232176682986541,0.41752274192678257,0.4832598737475837,0.5917175778717869,0.4177594893465833,0.38012163386843223,0.3989278839421166,0.5613831163334225,0.5303214937802982,0.5225461959337627,0.5341298297646239,0.6094223188821168,0.6005061821586324,0.5616554746070489,0.6105959537292477,0.45664952542288456,0.6671169782210532,0.3679685775341124,0.562788184306447,0.20071079471400757,0.37053138982790873,0.5857478589809623,0.5300850345470659,0.5877793614757022,0.613858877193559,0.7470308584539994,0.5975597024895605,0.4115249474159492,0.5598069105448658,0.8341598317669194,0.6526864070785254,0.5821399678276213,0.6109897008273786,0.5166193444990645,0.5276333525806731,0.4913108521779145,0.5121545564392572,0.666008363428578,0.6290047397001446,0.713687210381276,0.15996411638112723,0.6239203764405855,0.6366439168666614,0.4947276848583848,0.5118026885603835,0.6426978396520324,0.5253283954921917,0.3553583848426929,0.6106518552304524,0.5948802890443836,0.595795475447901,0.18186921842295453,0.18842772342728065,0.4377902432114851,0.5866525051300822,0.45321618146306586,0.501892350074803,0.23265402939634788,0.3050060507238754,0.666652996830492,0.4756731814151072,0.4713596306349802,0.6554902611502375,0.7187527666706415,0.17792077522110789,0.6602989981331422,0.032894207072038203,0.590066077854963,-0.008783015474086067,0.593614902387777,0.5770437209405771,0.13344495015739724,0.4370912851297068,0.5252342481108752,0.6622116383969718,0.6771858730205719,0.5915290377143492,0.6256932768791805,0.6335029334241004,0.6735356073134188,0.6350466472363339,0.6589225864628919,0.5119091567655918,0.5769423431769023,0.35120387302740447,0.664371911818251,0.6679143526128921,0.37763221368543076,0.6519594727605464,0.4141438861257789,0.5091198901360555,0.7536716221958915,0.43127083793327553,0.5383332917677599,0.572262804907583,0.6684847820578176,0.5176107699758573,0.2514739476230388,0.2828325004642801,0.3401689041919522,0.5162063990073149,1.0,0.5694249788517676,0.5079412078291613,0.5670819534995167,0.6157354047186399,0.5273963567636532
XOP,0.3192855044018659,0.29502470668356034,0.25525724567233465,0.28593947512674994,0.3545148689647008,0.2888936870289345,0.4236483083564717,0.4651867230058014,0.3205904671271075,0.5376614484956364,0.6732589413095106,0.565484616162478,0.31849290959262255,0.3761240470438027,0.31671729753560096,-0.07072952835391681,-0.07856881560554178,-0.12585166889589403,0.3444045834656739,0.30522846183663876,0.4407744881432835,0.5697332619557336,0.48986310851470727,0.3865842762084766,0.3723025782981373,-0.07257286099406235,0.14968391931038552,0.2901263124426863,0.25392816092844767,0.2553926508048761,0.282676284173096,0.43109125724667746,0.2375354094242972,0.26891952226283383,0.31054565696664693,0.28649555192274195,0.362016796372208,0.2965829766399407,0.42381078589034854,0.4444096885227642,0.295030532957098,0.2609986377743323,0.25448247701294086,0.33273717675120507,0.21276724729805097,0.2176503808972581,0.29130566605991437,0.2954420401843054,0.3017105660050963,0.32814856420687594,0.2834387118091733,0.43049713541575696,0.28555612360058946,0.20717385069838012,0.2706358450712855,0.2968139667659983,0.3032586122744304,0.5655204850599646,0.40848556078907705,0.37895775014300564,0.45774456301428834,0.3606795229400947,0.19990478335929582,0.238113517289251,0.10836853260709373,0.7236692386965108,-0.15164549462262042,0.38196083143864384,0.41382616841056985,0.3904409900363971,0.03066020879862135,0.2521537167364886,0.28125502017682663,0.3546072865269073,0.27926158994456074,0.22792579944737132,0.22892645925436897,0.9168753258887201,0.28794915465758913,0.3922776982247712,0.32938025221670864,0.4055019266932532,0.4203267673073483,0.4791983979949386,0.450186292803636,0.42691311661492787,0.4253528876115659,0.30135320041101943,0.3303117543457737,0.027642370177854328,0.2193946294097715,0.3978530350690316,0.750177480198221,0.4226919070829813,0.855683165082106,0.48982704136246635,0.3854182386564832,0.28322928056167995,0.3431884824614365,0.4775961479371991,0.5340597891360224,0.36213179145809216,0.3855517535784562,0.30254303300310575,0.3150142970824751,0.34687863613668607,0.4040230478535776,0.5200471358433624,0.4917345747610891,0.5241373118940447,0.07151028168414991,0.3583393320068832,0.49739507590667886,0.34704108672937783,0.17117297955672828,0.24813457328481567,0.298241435439282,0.20005151236274324,0.42818310827231265,0.5663535657563462,0.39311160967655995,0.017424338702323162,0.02004022969317927,0.27755410469825664,0.3827633634508389,0.2535060881738752,0.31056752042549746,0.11957100184294132,0.16613288663533324,0.39632484139601676,0.32820058051247336,0.3398357144903634,0.43966469129122243,0.5814511864225861,0.023926519935079386,0.38477951223184537,-0.14300698617395477,0.3360197407335634,-0.15058029035038373,0.4103782262067836,0.3295137290653103,-0.04742269638004181,0.3169944915515067,0.2908427870805666,0.4944839702776032,0.5576358906931647,0.3983033481921637,0.3425869196246175,0.332258586843133,0.44114080252151305,0.44829709944311924,0.5441539520840258,0.31067615277538907,0.32576063856625853,0.16451545477342508,0.38754169119428766,0.46069836393115554,0.2811363389898364,0.4302519442082505,0.2692874137271262,0.2902484695238455,0.4915035041794546,0.3028834970087294,0.932799350122607,0.48243706219193766,0.45972225849282766,0.2987269496019884,0.17181596672978974,0.18880005682399706,0.21802618122634956,0.31793363540923086,0.5694249788517676,1.0,0.37601926596173324,0.2912509493933071,0.3669273130720425,0.40466797901269097
XRT,0.5533251828586514,0.61405857018063,0.5786918231701389,0.6231483496770758,0.6178439313490502,0.6090238208622903,0.5519623085010218,0.5301065018400373,0.45109515891206226,0.7148166876139165,0.7611847765601836,0.5623574295458059,0.4677084565851342,0.46906863882508876,0.5339493789663771,0.16877096621517151,0.17519324705810313,0.13757038711312006,0.5979243413439564,0.5361094925157492,0.6506674569602331,0.6035691663721233,0.5847625237041005,0.6374906549481241,0.379363637168761,0.17976423419086318,0.35303132057029735,0.3648954286931688,0.41224413073989125,0.4481590965471675,0.5497367365842863,0.513840744545541,0.260819273693653,0.49757361209799433,0.45206388002235753,0.4235902784022121,0.5490975557855788,0.4473378520771201,0.6537926472386674,0.5153551970325729,0.5333991842006336,0.5234252738389333,0.3002658564979275,0.49542268038271114,0.44724954550105295,0.3287053277997539,0.5330809946057601,0.4490502452245441,0.5140772541583047,0.46973933188937356,0.4216856715745661,0.46211880606945716,0.363486572263246,0.35087721931545607,0.3977858538392365,0.6064342929071279,0.5409776704140076,0.7944468622127123,0.5562152173917636,0.4216965349994713,0.5384443991545403,0.5761313091095548,0.19186585470874562,0.22042264072340165,0.06649329109527052,0.46051858917308025,0.07431864097732199,0.55974236923557,0.6632290062750469,0.5553377182269608,0.22049161766777547,0.5245513323796749,0.44285926053828345,0.5555655723308764,0.5217746753569172,0.479181892877526,0.3776048316861528,0.30433374752452763,0.5290229768632397,0.563541839438437,0.6228334411491713,0.6341471556965574,0.6634258433097999,0.6189933416336805,0.6657792676998527,0.49543714845476156,0.6980026437288891,0.3084866749941495,0.4199891932814266,0.2892262492428605,0.3035682167628251,0.6222009065098253,0.3661444236823792,0.7003863112010695,0.3789454165260324,0.6579284004675877,0.6025576027819985,0.473458986620147,0.6408111488223709,0.4380268173425832,0.7242475682188987,0.591100945333559,0.6912468856632211,0.5809070313094754,0.5698207669753366,0.5360576836078936,0.5907507138697538,0.7270852644246633,0.6612596879447885,0.7811289015160087,0.14080978960182278,0.5576277144521755,0.5451274805141387,0.5800782110281579,0.14551029779363123,0.2276798554560138,0.4879700731089698,0.33356866384078243,0.6459112384782217,0.6316620694389958,0.644045966971317,0.2413145009613124,0.273415883813447,0.43823953938160976,0.5841837798054603,0.3319732563374716,0.5814949031706096,0.14822321654320864,0.2468086299308395,0.33987678497953466,0.5719299607210254,0.5462119420531834,0.7332283283967416,0.7746723213784041,0.27147887282673483,0.5578871115302305,0.08265492322795795,0.5396357667249921,0.06766463873192871,0.635679669453913,0.5367516051713878,0.18721872206727075,0.546089446299438,0.4932532512705161,0.7236672153253422,0.7016471024629221,0.671025893903869,0.4952131209397738,0.5396579307491151,0.6561257217075877,0.6803775308288498,0.6333855723892446,0.5926653343433803,0.45496045409716007,0.42083925537100714,0.5509431513962022,0.5211357099950726,0.5730628416683929,0.5575285800898768,0.5342081158631995,0.714623786479038,0.6116240175695647,0.5634550440720565,0.3073815483717868,0.5770124178639903,0.6358047958853885,0.530757336363484,0.38932948290408764,0.25303853884012517,0.40617892066809885,0.6999262219528346,0.5079412078291613,0.37601926596173324,1.0,0.454085236390907,0.6420985290225482,0.5399568739178714
XSOE,0.5570439343759445,0.6381140554812585,0.566260854781917,0.6245770382786785,0.6991730422960271,0.6244453790179937,0.7758978793826032,0.7492425603787208,0.9789349751670886,0.685905081435359,0.5460947294233528,0.6622236655544503,0.6674501275580271,0.5206370197833281,0.5916454127700383,0.1885143010988836,0.1996530882599048,0.16685940626374884,0.7462891481939036,0.5311632062132222,0.5880097886701614,0.4075317806926817,0.5397976189488325,0.6874756011167401,0.7712684005251459,0.20202784430555765,0.6441527433691154,0.5420467343663216,0.9316060215038885,0.6221110346065586,0.7953091411109514,0.7095810070675235,0.48331139600516826,0.5931658756436028,0.917456553308874,0.6325557496503044,0.7815671813729067,0.9888958037237452,0.6886759617917495,0.7234648422986254,0.696281959522526,0.7007229613560163,0.6892655773136117,0.6603292868607981,0.5979925539273792,0.564818705687598,0.7905834425262807,0.6095270659813529,0.694111757697028,0.7017260439509816,0.8242214981974197,0.6583398439909169,0.586552893181956,0.8162247199224595,0.7482999044107711,0.6153313745352137,0.7418364758912649,0.6139957089064799,0.7917090066929404,0.8944194828233922,0.7777671676916119,0.45425707648576574,0.4486113514774029,0.47933415884077746,0.3073649419924253,0.6158429260704151,0.10897896870034914,0.769386552786133,0.674184575799401,0.7116230789708379,0.2679663173781533,0.5243144791443116,0.6108868925191533,0.7314513563391194,0.5463291031926089,0.45086509591136664,0.6337033578822364,0.31046908815377183,0.7350585050220813,0.5197013818845192,0.5407377131249029,0.7042453704018532,0.6656128626192752,0.42044735992647275,0.5863625025327794,0.3295351018847627,0.7298563950038454,0.4339112852305588,0.7080342151661907,0.3086514636338175,0.796037910200441,0.6817613036034222,0.3109886797083926,0.5997054835502548,0.34744695479600834,0.5857040812035287,0.6369890309640713,0.46488141455576526,0.5268365612314785,0.7126211774599726,0.5589035787126205,0.6689440335168088,0.7337907721901463,0.7001729884676989,0.7140919581297549,0.6396096682057145,0.49556776006224706,0.6247819585770519,0.609574466719898,0.6656975772438054,0.1409009424726841,0.7640998408674853,0.7104307869982559,0.5719110470694475,0.38562152803495775,0.4663098294008939,0.7061370991384979,0.5365771659840396,0.6813206361598276,0.4281672209524626,0.6763559267941744,0.26483659312741026,0.29590142924012114,0.5789435954532879,0.6907050139313506,0.6504842253051042,0.6547277949696673,0.2499580718419723,0.40293529149302554,0.5400634719443205,0.5597319228439721,0.4709029572120858,0.6959527796415104,0.5922420558525995,0.288294406191461,0.8167820611170833,0.10695763235457524,0.7439435907056027,0.08696807210251055,0.5884978275611531,0.7633142547673226,0.21570867264392973,0.4316557069875404,0.6977628426983759,0.6658239934514217,0.5596771809639451,0.6899768584912993,0.8241430386278861,0.9033473797800174,0.8046177944305928,0.6955936823694947,0.5584741226870291,0.6748401643903748,0.9719290553513519,0.5076942197597217,0.894576231153457,0.775523779101135,0.5055028632090071,0.5330688910003255,0.5020789889825066,0.5093441100695467,0.6015152194418815,0.554241486249757,0.2557862154696953,0.47029809224873675,0.576419963967992,0.6852054691549759,0.231369261098169,0.22833032741836046,0.34568948270063077,0.6171372044498941,0.5670819534995167,0.2912509493933071,0.454085236390907,1.0,0.7948868576962098,0.593496907007239
XT,0.7279622309889603,0.8298039927543457,0.7620514087792032,0.8300823277615298,0.86174994742418,0.8243691051030859,0.8194394737508938,0.7748457873432589,0.7937103837633063,0.8962714524169847,0.7080751081077287,0.7604603220769645,0.7279466077101845,0.6256232854916403,0.7232144913763403,0.2633344392792043,0.2646964561216651,0.22063027944210292,0.9085458804226239,0.7972121333290877,0.787501829792632,0.5597782441144793,0.7195916080956299,0.9127328471364364,0.6182490652116975,0.26314979198850036,0.5614322978742041,0.5180891986115549,0.741169909063353,0.6788508736728228,0.8770765290029897,0.7219624019821094,0.4339900473877662,0.7305228164244046,0.7823290894488749,0.620100436233947,0.8343847009376028,0.7868195488245844,0.9178596884676653,0.7637300795400277,0.7646961270912145,0.7608497292814499,0.5329234460061655,0.699673680880868,0.6753104556517555,0.5104855715010947,0.8586286327294456,0.6423692648977085,0.7301782333768556,0.7021080180234797,0.7539816289954497,0.6756079354072978,0.5572868057687693,0.6630689729772842,0.6309439212852097,0.8563765947375029,0.7941682977178964,0.7956879165842465,0.8145170100344898,0.7165663748224455,0.7774901055842355,0.6775620112747002,0.3908942244615191,0.4257498640945218,0.22056176154433083,0.6148588743067103,0.1331437272704711,0.8326296667725601,0.9067798550004381,0.8074744599703645,0.31078353207532433,0.7198898014282851,0.6856144856114199,0.8268528431116283,0.805292410700925,0.6757036878325184,0.5713656729518698,0.3437439085070744,0.8928781205007176,0.7433555782873209,0.6407656647343188,0.9099890931220074,0.9020780531069803,0.5709270365101269,0.7891276844112293,0.49216745757653824,0.8913522624412088,0.4061733976952863,0.6805352777956879,0.4121835116182643,0.5550419153857183,0.9043566572983103,0.3969750490753913,0.8533277326571707,0.3907826233015012,0.761712911153043,0.7633320568795302,0.6094039362177122,0.7514325135327646,0.6493529247655432,0.7654497795031439,0.8091145959760779,0.927268041551898,0.9127795727533723,0.9230265643052403,0.818660063563848,0.6369421540152568,0.8467998009573035,0.7793024600291332,0.8581340012266039,0.2207432746408684,0.8231330331257295,0.6942738745604312,0.7532070309884482,0.3148356963344303,0.4248764282949265,0.8498084298505875,0.49099977051435706,0.9072941962700193,0.5901257972774394,0.9078890490069681,0.34000042869934277,0.39652703172844916,0.6491040204019556,0.8804482473047539,0.5539935370946991,0.8877069948062053,0.23781459498142363,0.37850631249048555,0.5629235588510483,0.7406746304987742,0.7082794574900603,0.9147102929610105,0.7778723781956485,0.38870429766766257,0.84918126122239,0.14334742402674663,0.7980336408394682,0.13196135701112807,0.8155029379215787,0.833754661190717,0.271569096079394,0.6256830501486298,0.6909271430407935,0.893274186492277,0.750140659600599,0.925220895562101,0.8017167000426348,0.8680353536078372,0.9420350442060604,0.9228523764775072,0.7418058894673201,0.9034844685970668,0.7788308515598813,0.5961618079858575,0.8641727808318859,0.7546059484724651,0.7643068909599326,0.6918814684998,0.6829382823278007,0.6814315542074691,0.728527205189491,0.7695154910181992,0.3079580310271714,0.6439072012599768,0.7614894408394879,0.8818774528358433,0.3451536367545426,0.3477423359558269,0.5636902637774659,0.83508734094408,0.6157354047186399,0.3669273130720425,0.6420985290225482,0.7948868576962098,1.0,0.7759632098116984
XYLD,0.6168574853948728,0.6425114235764156,0.5266396705113887,0.6192699076959073,0.6803404665220724,0.6339224694613144,0.6958959522418016,0.6580273756549447,0.6029842537873102,0.8489551090108872,0.6489199260927816,0.6929721295146269,0.6136854309373225,0.6053263353171291,0.5774012685350461,0.14988422257285186,0.128881219148886,0.10944791235358754,0.7294763634141533,0.6510193454620791,0.8112422118238161,0.5800023919482414,0.7862723529387067,0.8537521932935191,0.5245894421022208,0.1264398036743154,0.3887040110708381,0.3932441576245976,0.5573317957428943,0.5619737329315148,0.7124513781853699,0.6413160066424363,0.3901994063102273,0.5926014088720429,0.6224604784363266,0.5374107268167715,0.7014307673807164,0.5903302725792395,0.8697956061985214,0.6705051524686331,0.6145454386911878,0.6363858935726568,0.381245481233866,0.6171438115464724,0.5616939297993964,0.43839106993562377,0.6846173765239437,0.5732537535869238,0.6150590724874356,0.5946204843579946,0.5876385564014914,0.6080608683901053,0.4851388924695484,0.4812919700883618,0.486523995829617,0.7074700928161655,0.6636072507363677,0.7032100339553686,0.6656846746770573,0.5732783955752648,0.6722404785314432,0.7254645815632378,0.28299808276244753,0.3121688908281489,0.13315007259311326,0.5617154395039589,0.013840132936529654,0.720685706026791,0.8694451806151455,0.7477671317835388,0.1974967709458459,0.5681860106576405,0.46765599573616523,0.642988589954516,0.6784445313806569,0.6294007031955008,0.5074297049075798,0.40454436203529415,0.779405049458999,0.8467274972399661,0.5986347063699108,0.8327567480599208,0.8465035828774422,0.5452593442544059,0.7315214416100662,0.5880065915290809,0.7069848013909577,0.3846959522454697,0.4820655006761708,0.28155350605869456,0.37046604681154083,0.8688131140749132,0.43233236350969373,0.7626893146059004,0.42117722757055354,0.7022809976392477,0.5313662206654531,0.5082643826371893,0.6824318891120938,0.5349413841853837,0.7632071036818067,0.5790591930400186,0.7569506456946932,0.8103554683658721,0.7427784098944454,0.9149379639506411,0.5643293187155864,0.8019095071138371,0.8471940149926112,0.7294556136487359,0.13209342962962078,0.6642228123292019,0.5996180689093265,0.6524716969973767,0.22191084227000973,0.31718494358639543,0.6902666337813614,0.45529144975372776,0.8766745845811311,0.6042877978621659,0.8712271221443043,0.20800425990325447,0.2697892072529095,0.4168740190639186,0.7697788199529955,0.46853144258241153,0.821851107166649,0.2251547815213495,0.36945521426943356,0.43548454304685563,0.6303950244088542,0.7465438465440775,0.7492874996947714,0.715997011261792,0.27501274164256256,0.7104642427522893,0.0076534466907104215,0.6702800151548449,0.02772367672491333,0.8244840355662406,0.7022801777760115,0.13226659059637821,0.5823847820082863,0.5294900670735558,0.8085165990239137,0.7421712826658489,0.7877033517671059,0.652553461794305,0.6919175344072219,0.8452052032440444,0.8693909601783744,0.7708945112669497,0.8218514575936754,0.5968515478477692,0.4581271310887988,0.7064662492624622,0.6643554263500213,0.5808779711625492,0.6356660226297196,0.5097237866638546,0.566453300321224,0.6800195038200781,0.7118372008576396,0.38631758495526675,0.7003100212717427,0.7453985448173055,0.7862760021195485,0.4577952850516414,0.40314180765206176,0.5783231687278878,0.7544616862981602,0.5273963567636532,0.40466797901269097,0.5399568739178714,0.593496907007239,0.7759632098116984,1.0
