Ticker,ANGL,ARKF,ARKG,ARKK,ARKQ,ARKW,AVDE,AVDV,AVEM,AVUS,AVUV,BBCA,BBJP,BKLN,BLOK,BLV,BND,BNDX,BOTZ,CIBR,DIA,DIV,DIVO,DSI,DVYE,EAGG,EBND,ECH,EEMV,EFAV,EFG,EFV,EIDO,EIS,EMXC,EPOL,ESGD,ESGE,ESGU,EWA,EWD,EWG,EWH,EWI,EWL,EWM,EWN,EWP,EWQ,EWS,EWT,EWU,EWW,EWY,EZA,FDN,FEZ,FNDA,FNDC,FNDE,FNDF,FTCS,GDX,GDXJ,GLDM,GNR,GOVT,GSIE,GSLC,HEFA,HYD,IBB,ICLN,ICVT,IGV,IHI,INDA,IXC,IXN,JEPI,JEPQ,JETS,JMOM,JQUA,KBE,KCE,KIE,KOMP,KSA,LIT,LQD,MCHI,MGC,MLPA,MOAT,OIH,PAVE,PBW,PFFD,PHO,PICK,PKW,QCLN,QQQJ,QQQM,QTEC,QYLD,REM,RSP,RYLD,SCHA,SCHP,SCZ,SDIV,SHYG,SLV,SLVP,SMH,SMIN,SPY,SPYD,SPYX,SUSB,SUSC,TAN,TDIV,THD,TMFC,TUR,UAE,URA,USHY,USMV,VBK,VBR,VCLT,VEA,VGIT,VGK,VGLT,VIG,VIGI,VMBS,VNQ,VNQI,VO,VOE,VOT,VPL,VSGX,VT,VTI,VTV,VUG,VWO,VWOB,VXUS,VYMI,WCLD,XAR,XBI,XHB,XLB,XLC,XLE,XLF,XLI,XLK,XLP,XLU,XLV,XLY,XME,XOP,XRT,XSOE,XT,XYLD
ANGL,1.0,0.5896495046577003,0.5502302087252071,0.6112319755153771,0.6057514210313267,0.5739883273891992,0.6825099499981425,0.6425914352143581,0.5594447183889248,0.722736876373803,0.6286096230446582,0.6452380589749621,0.563469414977041,0.5967426830360704,0.4973410619271102,0.6133711481649208,0.5993301012281027,0.4505376015446597,0.638149821164851,0.4871705181830337,0.6758963676699866,0.5940867327654853,0.6332620869150101,0.681927698744021,0.551224396246996,0.5967505414548607,0.6527625086657036,0.46438158239700916,0.5189212519666272,0.5702723498704121,0.6737982460673053,0.647012297854584,0.37274042901635607,0.4743709482190345,0.549833784310405,0.5256802332978648,0.6854468473800354,0.5496450482398854,0.7098303350816784,0.6765199864611473,0.6146767326935734,0.6330780390017342,0.37563847730105554,0.6218620631325272,0.5761494648553133,0.4286522919402109,0.6167972150672489,0.5759609554917265,0.6128354468371282,0.5799107977970557,0.5074697908959204,0.6032010908717974,0.4644343154686191,0.43055221035517766,0.530635898864353,0.5816292574662001,0.6420135345614806,0.6920053585552253,0.6809551283052159,0.5370389461633325,0.6656269682126644,0.5900184504439653,0.3240675661567885,0.34334336775337493,0.22198396748585938,0.5245104097883831,0.476511487441826,0.6965966020044512,0.7104651081153044,0.6140021118273622,0.5053539691793087,0.5468732180800677,0.5261939320527015,0.5570097720566005,0.49299276170939993,0.5198786359702253,0.42581414047838767,0.28614640522591817,0.5627397701250701,0.6725378400384907,0.6028899566110886,0.5510821942201359,0.6636708813940394,0.7099328767360313,0.5245795173285074,0.6360104938864308,0.4062625159178593,0.6742105014196699,0.3770527766851002,0.45081448125767204,0.7273528016787412,0.3320416126992808,0.6813646911981622,0.3494749329841415,0.7102966886827223,0.38039319169503993,0.6203126075016898,0.5521965753832071,0.6920954003713091,0.6403397038024287,0.5297946557946638,0.6723103755959458,0.5769179459832909,0.6960608652957194,0.6191243497381281,0.5800483845046769,0.5652288209238174,0.676392355357658,0.735522898930736,0.6451423474578281,0.6946785889277627,0.5217254993605506,0.6814882697427973,0.6782593202130809,0.9452773900217742,0.23533051629803914,0.33549372102072744,0.49692773393020956,0.3658394839498866,0.7092615320732681,0.6234769624436396,0.7040166443928204,0.6093854469147203,0.7181746222021201,0.4828385388016741,0.6089156420250288,0.4572438147159267,0.6339895456778456,0.1627649546962023,0.35620060983619684,0.37836693347058165,0.9486315854704434,0.596284755775275,0.7067160139835124,0.6929101511703464,0.7090271785703586,0.6888448715491735,0.46186114074345636,0.6700707168736865,0.5213913538400864,0.7023800314277959,0.674829973054859,0.5783534328478286,0.6336330483028031,0.6338880440140843,0.7339069102280515,0.6937406888829553,0.6960254738609646,0.6087787798847041,0.6594123542046139,0.7408327530460158,0.7222390624767882,0.6766301215221281,0.6321564926207229,0.566951184403599,0.8061310031113352,0.6788150594724391,0.658693569210892,0.48496024194495463,0.5415491017604499,0.5154968939598501,0.6055393046775338,0.6146004991376263,0.5795999820754575,0.27211215846885584,0.5798170705829396,0.6438334865753194,0.5562629623820062,0.3178876091886051,0.40115933341816146,0.4412460545909599,0.6526844753882517,0.48430379021730796,0.28648347139560326,0.5925643597193424,0.5540605362904031,0.7111873952763189,0.6177126906801875
ARKF,0.5896495046577003,1.0,0.685391364893843,0.930976049751901,0.7923978440278935,0.961958714164314,0.5810964755997103,0.5507353649429532,0.5368039802342696,0.754349488424642,0.6071899420554908,0.6438985277844479,0.5054144981690298,0.509996169890594,0.8199944867841881,0.1918342178669076,0.16204449842571406,0.15538009500270766,0.7242634557190303,0.6979430167129013,0.6451169924394821,0.39958929238123053,0.5640985709476757,0.7644865142824935,0.43947615015524794,0.16595322132971949,0.40077090081038774,0.3930462073968064,0.48238670093971747,0.3748112854287977,0.6243971239028031,0.49518631517743683,0.32361257148614586,0.5520350412231474,0.5332144148890118,0.4335748018088343,0.5855447330956367,0.5366765513204608,0.778580231357642,0.5784144537642965,0.5585750770165405,0.5632060562804103,0.35690998328788925,0.5103348877761952,0.3967104827128173,0.3816841448076965,0.5934398601553802,0.45415184044769197,0.4942724584520391,0.5312353227001574,0.517709154236837,0.44838251305149895,0.38489851066141684,0.43611429358934123,0.45100705665812546,0.8389186374289722,0.5625312299751075,0.6794892358911255,0.5849368133610202,0.49231261226237194,0.5432756551589105,0.44099658200850733,0.28129961627343847,0.313125321072181,0.14863850756404728,0.42545118717193103,0.06370682957403973,0.5929452380561375,0.7687352638731435,0.5871376514970452,0.164133190829935,0.4775920977863167,0.45321373673532717,0.7084694387376615,0.769878648207895,0.46978174931964944,0.38510700054306995,0.18428632799098052,0.6856167367709571,0.5782942418148322,0.7238894717271895,0.5900308999710272,0.7362314375912565,0.7319050480718801,0.5202714763233303,0.7510591887071819,0.34320853197692136,0.8223104638543685,0.3743343790989162,0.4768566675127758,0.28980532881597537,0.3373870534722375,0.7641595492156703,0.28008863738061984,0.6837626069662214,0.325897522126331,0.5992473370299546,0.6441767910828802,0.48322714704199454,0.5441120014668531,0.4858354088834625,0.6410594872005726,0.6298583473422845,0.7737351855749611,0.7585852588503724,0.7393165714650666,0.6513862014417543,0.5105137203684432,0.6752191038508353,0.6740230312033458,0.7274063856066068,0.11668680437415227,0.5870052901882953,0.533160410985373,0.6362656568898011,0.2519022869732339,0.32528877100940395,0.5912471740480557,0.3297724898235772,0.7635213781542836,0.4438366385390133,0.768471481673261,0.18516017936662482,0.2700237719118903,0.44281393782488204,0.6773925668336608,0.35259805719076004,0.7726720576307836,0.18950504387906278,0.3559473157909158,0.4904890274146707,0.6213047773279333,0.487292380938942,0.8082744312465563,0.6474789464914996,0.28766136660075514,0.6018958220647589,0.05075216740623073,0.5517197328393901,0.10659493108756908,0.6342752485427726,0.580400115104207,0.16830206983053142,0.4518178734361425,0.5063469183338707,0.7422538524785045,0.5805299709540196,0.8161748676366984,0.5472415783889643,0.6045628186793798,0.7576936892124334,0.7854777547982149,0.5621357585840315,0.7857992006483302,0.5466969338432804,0.44804604675905024,0.606302682951765,0.5175052523871967,0.7514929411417582,0.5995474169658264,0.5235123659612945,0.4707577571897909,0.5054217782529359,0.6793524420260245,0.186768596641229,0.5908966131357293,0.5968798729504683,0.6942242116887141,0.10734732154856273,0.19753636813038025,0.27120628778924727,0.7423592720994202,0.5419486956061642,0.2636587407060891,0.6014172677432232,0.5478209181210855,0.7852444126386592,0.6314307560982861
ARKG,0.5502302087252071,0.685391364893843,1.0,0.8219607758988375,0.681956312623981,0.677439809472642,0.5443962931942274,0.5162619007089633,0.499659658662322,0.6410650467601591,0.607095283162416,0.5508607403644389,0.47385798012563807,0.38663884502271306,0.6067866195619183,0.27505993566616926,0.25356374160983486,0.21628353516118065,0.6272337287302109,0.5126304250970819,0.5686046090161708,0.42965850042068854,0.48584976437168875,0.6045428869036207,0.418083168174609,0.25166806052593105,0.41898510608423506,0.41239440277734657,0.46628774718836585,0.3865380705972559,0.5820662281643767,0.4757364972512076,0.31519528360598276,0.4549009968029388,0.498643521617,0.387555312135524,0.5505404798591382,0.5048294707610728,0.6206248653776955,0.5226456475133147,0.5145517194030202,0.4876783586011001,0.3524508311962704,0.44447223356627635,0.457385196240735,0.34105390272440733,0.5228734750723016,0.4021344515481287,0.47522526932456033,0.4412191990748362,0.4659044762739381,0.43604376686804014,0.3383906356940691,0.4162476347140689,0.44967503831831146,0.6071275368418363,0.5017004196922252,0.6814809349499377,0.5600117751392938,0.45681710159335914,0.5209923158101298,0.40887154787268704,0.31984490125502213,0.33694180387469114,0.19797156983570022,0.4284878276480248,0.16691965435851475,0.5455795596091129,0.6134558127746238,0.5099115045354236,0.21676860367821393,0.7522339584660572,0.5114043055238832,0.6234631901015649,0.5188775307871475,0.4792753551169998,0.3418696983091044,0.14724483401827632,0.521242432848313,0.4956085529767557,0.536824436949778,0.5526129483478602,0.5974640165421619,0.6103580218931334,0.47908187981270406,0.5938082152847943,0.24337943731782613,0.7611694847249746,0.32052733638385067,0.4868918341265642,0.3508649966320187,0.31492839726477884,0.5884997793278921,0.22073014467009733,0.656332857329494,0.30361023481153104,0.5695272095127873,0.6820594216221026,0.4486151719796521,0.5684163193475332,0.4683840420713109,0.5533536897778425,0.6451923140409375,0.7406820271997965,0.5710963561086523,0.5852182449409167,0.49178589099214515,0.5366224991236661,0.635237375070809,0.6075053404443738,0.7412657266554483,0.18731447435832452,0.5584704130768907,0.5316349689068594,0.5691872342283416,0.2442127274974933,0.34935339331716786,0.4805327210889863,0.2791428135413384,0.6064046616668287,0.4636319169011606,0.6087633864439235,0.25056136919738103,0.3389029778695657,0.519424859409698,0.557842974506372,0.36751285321944904,0.5538956738601418,0.14497742189739304,0.31458731319804306,0.39689239120032543,0.5653088894166325,0.43019752036544606,0.7720632482245776,0.6489162205689158,0.34868030485254786,0.5649104694292731,0.15739982708098552,0.5229753916030606,0.20499564463548758,0.5569018176572891,0.5570516005215151,0.24100272160459996,0.4695720278596194,0.5080943822904161,0.6610979322961946,0.561235593282711,0.686019238223691,0.5197568610267328,0.5688636309762277,0.6433462216963481,0.6419989095978479,0.5410610787311667,0.5722348045553123,0.4989112143571511,0.4346336517146074,0.5670768335889079,0.4848318706516704,0.5705376923288898,0.5577018592937362,0.7893245819078725,0.5390412060362435,0.510658281534112,0.48911012309596347,0.15087783345744585,0.4540046379361289,0.5489417104800756,0.520773607056135,0.1043565587170368,0.22920076926476596,0.45159618681208386,0.5895605298915925,0.5430419266531658,0.22789327749077157,0.6097494424697566,0.50800949449989,0.7115621869709758,0.47177063224570764
ARKK,0.6112319755153771,0.930976049751901,0.8219607758988375,1.0,0.8648109701771745,0.9511852908949332,0.59898988714571,0.5677712288592867,0.5775704346176143,0.7721267889256762,0.6438448972691286,0.6309270933973604,0.5342263084736797,0.4903127360850938,0.8037311123611424,0.21908692979351735,0.18768122112123284,0.17235550644416878,0.7456361301897354,0.6571391536900466,0.6508254017216724,0.41957283020440217,0.563345377467435,0.7722100064098307,0.4609751033678624,0.19019763820392116,0.4093519446933548,0.4232039393961818,0.5219745368716308,0.3704213463462502,0.6442245542648479,0.508208578103734,0.33399162389908243,0.5471795993857551,0.579748497417431,0.4364434659973178,0.6016953947843594,0.5788917298871598,0.7812576014777264,0.5872120588942119,0.5603120783893804,0.5567048134753088,0.3764226090854523,0.5096889368130879,0.41569770786452076,0.3831027296846026,0.6121405433354773,0.4520326872060182,0.506500297302755,0.5232914681542864,0.554861026903095,0.45835742552070646,0.3984613223508553,0.4883124430394783,0.47552634487535783,0.792545005758166,0.568048576426205,0.7189670914978971,0.6025034196322169,0.5169314936152806,0.5702086638591118,0.42603710561872726,0.3027684863103353,0.33072274775203875,0.1681424537920384,0.4571431153301465,0.09258285222340418,0.6032119110442327,0.767393520200651,0.5974912430097955,0.18373640587010454,0.5825980719337381,0.5195622862379944,0.7513651072380587,0.7026002915047885,0.45588840503989425,0.38671326455628174,0.19048252869902224,0.6995394338524851,0.5706727718243516,0.7302642410254746,0.6137282656209345,0.7462696322179765,0.7297698901866441,0.531451191494792,0.7257422993055246,0.2943949769893523,0.8686844109584088,0.3792283062294866,0.5402053965732955,0.31811615288250833,0.3513568065600794,0.7670507390028132,0.2819847904965296,0.6905419746229424,0.3564491896677753,0.6353292011115975,0.7286160073089025,0.4891411773085936,0.5600779310862111,0.522012847910052,0.6330850501251258,0.7296686831359966,0.8127231458978424,0.7711663846203584,0.7511667198280719,0.6597041771411059,0.5376171658952548,0.6914812605665243,0.6923631397451742,0.7824544986265752,0.13779475315435066,0.5991502747618562,0.5567756336806298,0.6464813721826396,0.2633200804760407,0.34720895702491256,0.6252211406620749,0.32876417651332557,0.769401302187465,0.4582175945256626,0.7724146303448487,0.20264243963362458,0.29851958602558304,0.5068718562110595,0.6964127396532392,0.391413525751976,0.7603626050757956,0.19354503613410567,0.35967237586387635,0.5050054010942181,0.6327052907057075,0.46681531238294205,0.8489666871002737,0.6801144892592176,0.3173273515265781,0.6239495203929475,0.07481393287735455,0.5613231008358619,0.1314579107213265,0.6414759007047652,0.5847298793772874,0.18912831547498007,0.45769514719984133,0.5134547816947725,0.7531805133130716,0.5969668957889082,0.8216840622183597,0.586947020665415,0.6308128840601285,0.7727932639950005,0.7954138393349627,0.5861131674684165,0.7783684586589156,0.5730007938994501,0.45541491576102233,0.6311411445576608,0.5291569689474692,0.6919337849587321,0.6441650979076893,0.6329847793036791,0.5014314443128127,0.5274010628894864,0.6419109040601865,0.1936352308521213,0.5534443483583126,0.6277206120221148,0.7062242743570647,0.09535776258127665,0.2151626924708787,0.31075339805741414,0.779059726602284,0.5896101613875688,0.27841494568745623,0.6304166171220869,0.5876811416544774,0.8158248026174731,0.628648705564528
ARKQ,0.6057514210313267,0.7923978440278935,0.681956312623981,0.8648109701771745,1.0,0.8327391825916045,0.6640536200699706,0.632544990694709,0.6635862468155752,0.8122096203096199,0.6594862948911419,0.65095120648175,0.6072577802815241,0.5084602075880774,0.7414552917989093,0.18671346442950973,0.1538613498961705,0.1482103240439611,0.8228630082089187,0.6437798243516584,0.6839734227928643,0.4089143449102161,0.610391189423156,0.8214228620893909,0.5136473781519844,0.15825965624791105,0.41615481376751823,0.46187956196958324,0.5994361036755184,0.3834898271550444,0.7070406688791585,0.5628414901602097,0.3386714703617779,0.5764676928418832,0.6730955989224419,0.48458976316334595,0.6618066190689408,0.6578463433534936,0.8172786123729959,0.6246343201748862,0.6029281436136409,0.6019009956656056,0.4085232616006741,0.5584704801374661,0.4294158816653258,0.42148098228203285,0.6916601069576692,0.4738878388607197,0.5489005503195216,0.5464006468278062,0.6572833024553913,0.5062800637715419,0.45706324318843783,0.5662599354105748,0.5236807713429305,0.7232201409381785,0.6242414399716216,0.7270107544780369,0.6529227225868405,0.5862489771951301,0.6375958290030915,0.4248292551048538,0.3390769813322064,0.3670210390074193,0.21289801516549317,0.5156148075985736,0.061582479722334924,0.6558174046341891,0.8009852366766397,0.6679762294909067,0.1775771953342301,0.507559039257203,0.573581483627459,0.8101498820845364,0.6552973905206455,0.40367963996652995,0.3999204892819877,0.23407443902502878,0.7837130844177267,0.6046392731552691,0.7861049882099377,0.6018528156798976,0.8250963845292115,0.7630531359582441,0.5185011555445073,0.6889359508610268,0.28273369957975253,0.905368024657188,0.398705373044202,0.5823591816281478,0.2917383197663881,0.382562997194577,0.8076852541682851,0.30121125240564506,0.6580474740485662,0.426045974937568,0.7230423885932823,0.7794773984376787,0.4958381691622913,0.5637312386796238,0.6048711040542986,0.6397465808771614,0.7865135847136188,0.8355982110500639,0.8193654230255806,0.7999136839404102,0.7081086594655451,0.5134209550094245,0.701564640202559,0.7223505187954371,0.8005086784741728,0.10893278187767995,0.646669942291603,0.5656177770992318,0.6383865036043677,0.29610497317780665,0.38628704204418585,0.7447192513636374,0.35328442322664916,0.8094536730436896,0.42994116455406495,0.8088752179398363,0.18264558193587896,0.27076305096496317,0.5315232090381246,0.7742254142672085,0.43864389824270467,0.7816690255287171,0.2277345336587541,0.3951784057814492,0.6231569248523142,0.6188468154670466,0.4679551709603906,0.8642503467336411,0.6924849074599068,0.28759009754354636,0.6893909726440057,0.04161054689182226,0.6120015839103604,0.09647083718735683,0.6847698230086091,0.6123789397479433,0.1557792389998291,0.41249708498799187,0.5113177626894535,0.7673224097002126,0.6141238386473163,0.8347252365002568,0.6685040714196012,0.7000150669657528,0.8246567031075493,0.8296950474130603,0.6304549353095362,0.8034834327687381,0.6443763643963456,0.4489896777302623,0.7020713925112148,0.5858250102154495,0.5810025822425355,0.8025233437534957,0.5423340806894956,0.5079837450220752,0.5659582421578656,0.5853756972987711,0.2255339716235532,0.5435072322245064,0.7218808729226495,0.7859441713407495,0.08231639216930625,0.2422321784282121,0.26304478300306555,0.762076206512051,0.6832672493286522,0.2885351999000994,0.5874272722403644,0.6690407529698235,0.8369949423074372,0.6730237989078812
ARKW,0.5739883273891992,0.961958714164314,0.677439809472642,0.9511852908949332,0.8327391825916045,1.0,0.5712757047015883,0.5420014158481209,0.5654675360971773,0.7575761504734527,0.594566335317866,0.6117708269822932,0.5040042378100268,0.4997236852384583,0.8447337422362707,0.16543932556189997,0.1369079148026889,0.13444053296293051,0.7438750021553174,0.7056414219100403,0.6228962350322532,0.3691703727565984,0.5371198989088178,0.7839272206839675,0.4400030048954427,0.1396149492247856,0.3760883019112811,0.3927984251532164,0.5064168674785957,0.3386834502492515,0.6202674855235014,0.4752719340695137,0.327597865334681,0.5463849916984581,0.5657762490448109,0.4260743335895207,0.5732558267543116,0.5636735185282392,0.7871485782959137,0.5661450173246241,0.5436102052927796,0.5457917493248534,0.35028194707954735,0.49440837709396074,0.36213552130330207,0.38173346812023284,0.6038621537737876,0.43621293514174936,0.4814890042173295,0.5139028927153828,0.5591507288887764,0.4267884916634786,0.3868182921856407,0.47163620164163533,0.4382480040845687,0.8319625771348529,0.5550023157522095,0.6670321693156118,0.5734168950338412,0.5039689620070067,0.5377416544717067,0.391522059332229,0.2780883963216244,0.3108982449354854,0.14875949785881173,0.4215101354620536,0.03872315888818409,0.5738280517892795,0.7717241665439843,0.5793318106182536,0.14586974555937812,0.4586471761796121,0.47617903734594014,0.7424681849865222,0.7576834990636513,0.4197772126259334,0.37867598920297274,0.17944694882886225,0.727993887879657,0.5515761331089682,0.7527340525618763,0.5724774556934299,0.7507420245052341,0.7277143133833285,0.4946068151107434,0.7197295087248256,0.294586901582629,0.8385054335725914,0.3709096272210563,0.5060486173067068,0.2670577942330432,0.34289841392201054,0.7808889236576132,0.27931670912842443,0.6552241000289886,0.32892107310050633,0.5970137608138765,0.6710760066715591,0.47035860108566285,0.5097853950084765,0.4942592336015442,0.6075378865071714,0.6760939391966987,0.777817691919687,0.7960253972144512,0.7708100653222949,0.6745245094030702,0.48237195883401,0.6517084101133467,0.6674104447248871,0.7273504207382073,0.09429088713917941,0.5711785583541582,0.5156533974311479,0.6214797001072414,0.25727691634306427,0.32824514729116716,0.641649920591867,0.31977613773480135,0.7728808682383908,0.4078192152700041,0.7780252695493672,0.16745360055526626,0.2454824643041329,0.45419882375065723,0.7054113509473966,0.3646648909973368,0.7939936656051944,0.2048625775641077,0.34698654543711677,0.49448992639716416,0.6050827923552935,0.45207025015319097,0.8084845936176032,0.626694325545047,0.26390038995825876,0.5955381041134686,0.02798565742654749,0.5352639585913458,0.07685088927001046,0.6199587977351739,0.5521692995758648,0.14428053648640735,0.41719054065698663,0.4742241299070324,0.7287363326160361,0.5540650193008714,0.8156083853057674,0.5581946250127998,0.6090752876626465,0.7633635131496188,0.7933668065249605,0.540983260091939,0.8107728093552639,0.5643809348773023,0.4281001549405089,0.6065242710445152,0.5012145473874957,0.7262220720651499,0.6021361042570343,0.515017182496856,0.4421457641049336,0.483218445990349,0.6639973680457869,0.17823088442288018,0.5451595712931135,0.5889173094273016,0.7379126692800783,0.07369046011271702,0.18297903204358043,0.22754106516981132,0.764616473167835,0.5524439360882046,0.26415599416852825,0.5781926140060342,0.577068737229861,0.7983431294021756,0.6386460724778956
AVDE,0.6825099499981425,0.5810964755997103,0.5443962931942274,0.59898988714571,0.6640536200699706,0.5712757047015883,1.0,0.9597890885652669,0.7979030656934795,0.7735105870640332,0.6635017814461599,0.8305228465947802,0.8374162995823349,0.571953083800846,0.5589722571606094,0.29127650128323457,0.2779139283196333,0.2290674420359772,0.7656468253295863,0.48854043892554255,0.7219647432956643,0.586353171000509,0.710090235885335,0.7246403724939531,0.7532051840688636,0.2775172435744232,0.6898630083041662,0.640406380593532,0.7645307384142619,0.8385293139174895,0.9421434073527242,0.9661353812493412,0.4705855075315823,0.5631772620403669,0.7670284253110611,0.7213678091315778,0.983567686313719,0.7821316865652477,0.7453973660659092,0.8774275965703464,0.8696063036016376,0.8948337138916221,0.5845310511226612,0.8855328263255594,0.7924660574763066,0.5722034129034865,0.8373692174406127,0.8368608856532169,0.8837400942203416,0.7542830767756986,0.694560812144032,0.8900765907368714,0.6440080787442208,0.6222277277085951,0.7396944589208646,0.549812932872629,0.9163450756834951,0.7207541977167059,0.9623110718859992,0.783499786808491,0.9750072949715691,0.5857695601379775,0.5444609192103496,0.564918535556968,0.39535130137179386,0.7749988065976654,0.18074468999180315,0.9820273443746899,0.7436367158285329,0.8606423457144806,0.29253192337611006,0.5598489373054205,0.643147981020969,0.6509471953096166,0.4543289849738846,0.47792902695929057,0.5457308189126513,0.3821776774917548,0.6555824307104272,0.694021841011964,0.6646441759116173,0.6040140545826479,0.7402802926772639,0.7451643494922187,0.5193230835260375,0.6472400906983329,0.41799130100388354,0.7408484043111425,0.4680172485095824,0.6303589629268285,0.4034262078728564,0.5323637445019864,0.7199294298657689,0.3482558164809764,0.6792096389920653,0.4851677349193037,0.7029921774024313,0.615775946696329,0.5791668152710168,0.6360329521249504,0.8077789328292045,0.6885651816961396,0.6368412866744607,0.7474124028743803,0.6634731978672741,0.6345730223783314,0.6328103472035272,0.6102710350463827,0.7541768961288203,0.6946386382273404,0.7327539065735961,0.22796575601771268,0.9639190760947175,0.7960749043805714,0.7008111632611934,0.4497961918808869,0.5626044842219878,0.6030059435452683,0.45599219625340537,0.74317816834947,0.5941830555396813,0.7387488393532973,0.3280728579493354,0.39084004144409346,0.5526741803674988,0.6646898702030326,0.5849621925000219,0.6494030152040347,0.21488753259296972,0.4315174136733591,0.553849148573203,0.685056465054948,0.6005152609816485,0.7385952996880861,0.7144302652313628,0.3845130348248448,0.9818366754643304,0.1666608508023038,0.9581078558866479,0.20155089211747562,0.7338793515712596,0.929695385161535,0.27953231686268676,0.5572107367915026,0.827124736460455,0.7659850516068651,0.7198380686557846,0.7291326647240214,0.8845961619397085,0.9431624676331575,0.8814199984951381,0.7582454760909864,0.7357664372882209,0.6523038143323536,0.802627871379164,0.5799763233533197,0.9669755701567141,0.9657270262527637,0.4014468429954442,0.6197045494269832,0.5155355413819761,0.5966423725108253,0.740160747655126,0.5429433588026364,0.3154890828688392,0.6013681641216498,0.7198113612900238,0.6199412636769746,0.3133611855273477,0.3694372979284617,0.44457491437287056,0.6321619580451655,0.6780143215282319,0.3051475147038551,0.5652575683662847,0.7800976579623943,0.8065381704282085,0.6698553944314731
AVDV,0.6425914352143581,0.5507353649429532,0.5162619007089633,0.5677712288592867,0.632544990694709,0.5420014158481209,0.9597890885652669,1.0,0.7729166608403744,0.7284655118515382,0.6449978973977446,0.8063065278752737,0.8260676626330016,0.5373884885568401,0.5404192784340746,0.2521745548663085,0.24536212741362787,0.20281920269695097,0.7317395770858365,0.4617610595215683,0.6652592185733631,0.5738937706942789,0.6638519171772462,0.6715983028167891,0.7398444634682481,0.24752183565113364,0.6629472508434355,0.6294296051328844,0.7398879708091024,0.7678110920699095,0.8670592401714304,0.9160689630904764,0.46302460082541724,0.5503425331675212,0.7418382420416855,0.6836335934438237,0.9184866270033275,0.7529559324374403,0.6924996479193922,0.8310756633311955,0.8185283561001163,0.8179694868703322,0.5500483931551371,0.814300824754637,0.7067732864830583,0.5564456846576724,0.7669348144969088,0.772951494478493,0.7956659308673507,0.7135873883252638,0.6684412842752652,0.8248621671442282,0.6172143781166447,0.5989765357083561,0.7379087885272149,0.5126908806836828,0.827133156691025,0.690541974651767,0.9562045275784767,0.7622689183383153,0.9367640240840245,0.5243408634802591,0.5860390492722234,0.6091038642443389,0.45303593495773126,0.7892122389506879,0.15522751894169118,0.9217742211593815,0.6891829954588495,0.7917407635058578,0.25363770104210265,0.5070142135896493,0.6256722777160162,0.6247254014659412,0.4210234424437971,0.4260572841693772,0.5188204526047779,0.40367710599097684,0.6109792006980082,0.6360886250879257,0.6202579670546515,0.5662135216274513,0.6917239809385038,0.6844758013236509,0.5005576489169862,0.6178103702038915,0.37714339341501985,0.710829729142902,0.4614328475250535,0.6243837189365113,0.3589815106535642,0.5106224786670119,0.6669808239765099,0.3494444757787536,0.6260799637093589,0.507573092307326,0.6702671777921171,0.604372382088625,0.5507640041747636,0.581414352526244,0.8116494045755467,0.6498739643961052,0.6154671879545383,0.6992322777068346,0.615024967514826,0.5884828569936451,0.5958183897392272,0.5809538986167647,0.7049236328104004,0.6572905752018983,0.7023510180453298,0.20656812989627624,0.9595467794023425,0.7830261660289778,0.6525548554018862,0.48979487719030207,0.6048272277760084,0.5605489168368929,0.44554245424443367,0.6907058700662982,0.5663021349106468,0.6846533928350164,0.300611787720376,0.34727678817462576,0.5474888829258302,0.6203333308202245,0.5725283448913754,0.5969398911445689,0.21000643491219695,0.41253232630155573,0.5625327892421839,0.6391907407855666,0.5459059039693991,0.7018931198322753,0.6822326680746196,0.3399635432531415,0.9312332123573238,0.14403846953665203,0.8792971664421665,0.16942129393529323,0.6744547989378173,0.8574967149685577,0.2490820537745661,0.5252191988595575,0.8034164357100471,0.7206822225079171,0.6816229112615013,0.682164775366357,0.8668186052336267,0.8961736094393871,0.8289743262212637,0.708058032099513,0.6883693280596457,0.6031807111262044,0.7782479544858522,0.5386723400551965,0.9209573889485507,0.9205733872005699,0.3776499759755498,0.6026037439212586,0.4855986145414125,0.5520973643711397,0.7141410174749062,0.5050300012088536,0.33894493320991487,0.5586941134047356,0.6752562922765871,0.5758288657713814,0.2686535176911166,0.3505220349851046,0.3802544762043906,0.5828952904510278,0.6971950151602614,0.33835749919153585,0.5294333471390219,0.7524377575240686,0.758004483038725,0.6287876454134611
AVEM,0.5594447183889248,0.5368039802342696,0.499659658662322,0.5775704346176143,0.6635862468155752,0.5654675360971773,0.7979030656934795,0.7729166608403744,1.0,0.687347163616677,0.5189899237688375,0.6512813767797193,0.690170468478876,0.47436272084901315,0.5658606124579221,0.2303249785073204,0.2247539144236144,0.20459240809018056,0.74259379090035,0.46091189321058346,0.5781427537419024,0.37930055525787204,0.5232004383640162,0.6911643806390353,0.8088746025810015,0.22442678568038965,0.6451510888902614,0.6086059644941589,0.9348166934824245,0.5598424470542689,0.8080669352059784,0.7284431430219727,0.43109020404171783,0.5315841103536846,0.9432351583608748,0.6160585276877372,0.7976208172693597,0.9852764875353278,0.6878966016127881,0.7324511936552722,0.6916290611526703,0.6964323440467333,0.6704200891021326,0.6679111978595004,0.5599286508101599,0.5713445457636612,0.789355009174909,0.6229111631714546,0.6798862883052902,0.6592713513154165,0.861827746380013,0.6592098387187997,0.5954687225957754,0.8466700165463436,0.7427525078156976,0.5244583772112168,0.7500439662959244,0.595946276189661,0.8081820407018071,0.9147966753544715,0.8238662233363753,0.3465489399330689,0.5127757740404261,0.5345261848345431,0.3837468086480243,0.6557327092746913,0.14180269550512964,0.771431241439741,0.6681016618455448,0.7052613780710966,0.23259141225026558,0.4623723896967763,0.6648114833917157,0.7314002435835695,0.43444944420945214,0.3065317811791105,0.566062483707416,0.2506945614885706,0.7582871865908198,0.5211121928160876,0.6805687868788505,0.514760703014522,0.7164077750331243,0.6702941363369971,0.3458448288171035,0.5051098538614742,0.1580371113735881,0.7228832690797387,0.4464072187262949,0.6914567699407727,0.3289102095508818,0.697468968851117,0.680723505771985,0.22593182746117763,0.5456622584479839,0.40239350485844794,0.6045262423444174,0.6430030282132608,0.4601014067181905,0.4697059455210339,0.7893232031797931,0.5072238773077808,0.6782438748633316,0.7242322648408783,0.7045004205587537,0.7169200530512837,0.6280113377988391,0.45941053164773477,0.5944394257874698,0.584567279084861,0.6563245833483285,0.17130065588897342,0.7648471727279692,0.6887307099688141,0.5706914319103776,0.45502955071603396,0.5372920872623643,0.7209378114962415,0.4929304579655301,0.6837756130237731,0.37457934338710147,0.6772700583675573,0.25955146323191386,0.31317955165866723,0.5860861001045787,0.7006517663024088,0.6196400087652061,0.6219827352203369,0.23226761058459833,0.42786423067327417,0.5765569152009266,0.5538513156800714,0.4062100079123465,0.683955192679009,0.5585605043327323,0.31395923806851916,0.8497729019856649,0.1309503220968719,0.7489320768739015,0.15322975600381927,0.5852449585087238,0.7082857335816403,0.23052543822202462,0.36140900677128035,0.6870556036140909,0.6352094440755056,0.5205253535944063,0.6771752751201165,0.8667334199031089,0.916509196878435,0.8175119688151673,0.6924400898405694,0.5650372229014762,0.6547402928237412,0.9564017201915509,0.49296674662331835,0.9111660862862156,0.7927215322621414,0.3490028719128833,0.5282493150788743,0.4478338653778134,0.4775801187118051,0.5839371196292521,0.4337834534798806,0.19675846510570805,0.3849423924318058,0.5969124148787993,0.7055174868820134,0.11201969167076523,0.23612597935544816,0.24834245007563754,0.5440919683564496,0.6411590928706745,0.21362489438901683,0.44684146464332225,0.9825107327589772,0.7930091121999934,0.583771381800138
AVUS,0.722736876373803,0.754349488424642,0.6410650467601591,0.7721267889256762,0.8122096203096199,0.7575761504734527,0.7735105870640332,0.7284655118515382,0.687347163616677,1.0,0.8594502540187321,0.7794670592243766,0.6794545874278964,0.6652079110227044,0.6828081292472115,0.20364024229084712,0.1426831181485001,0.10689650487236661,0.8224021777161561,0.6730698626394457,0.9072875104632344,0.6529825166962184,0.8560058991430265,0.9423398786574178,0.5912134946308185,0.14436190028151152,0.4365502985600555,0.5144015422355726,0.6147536564556219,0.5078211083670425,0.7844493808051403,0.7071802609302594,0.3877044632008594,0.6153483488982134,0.6879575199163303,0.5693655147418129,0.772953123761644,0.672596600369198,0.9712639033957036,0.742293540847608,0.6858111119002388,0.6875518898502495,0.4561572909008883,0.6725842569574049,0.5507506210842342,0.48532348108598505,0.749410960558961,0.587912108591917,0.6608998581394129,0.6378082817474499,0.6717060582108133,0.6487774198067383,0.5165035530963543,0.5448940884213856,0.5435489610751237,0.7887457406254518,0.7275415559286156,0.9000557582242077,0.7458484576586711,0.6393146001843248,0.7560580521499392,0.717328118897708,0.29794605891092124,0.32528626933999344,0.1391573692624529,0.6636377612607344,0.029247720929245033,0.7847093358458423,0.9753931309997992,0.8185810892767024,0.17526906301002068,0.6149598519802382,0.5571641435392498,0.7570500049822935,0.672039935581835,0.570524101332549,0.4964908783394913,0.4336928977615763,0.8174876604328293,0.8562019142413672,0.868245914059306,0.712775509205436,0.9417059668009561,0.9509374754755442,0.7220733772349796,0.8497369739299838,0.547152756078169,0.8810050033103834,0.49016354769662807,0.5589325705423079,0.32454392828257417,0.3948036716792078,0.9491951017128556,0.4678700339456095,0.8474381718831205,0.5949646475264414,0.877683803829535,0.6860010014215848,0.6106131435454916,0.7770146044959745,0.6635681931124896,0.8901127620370927,0.7261934358751986,0.9037663271089527,0.8795125253125071,0.8270209441672708,0.8122352487034777,0.6635908222295249,0.9283322965925502,0.8611547955362377,0.9173913991425309,0.1084702811385528,0.734807170994774,0.714746849935339,0.7699512724188569,0.2522689803465695,0.351216682322086,0.7526295724000057,0.42659976640462116,0.970322378334049,0.6909175393701394,0.9627118857963773,0.1825652117941794,0.30737780057456093,0.5263637186226964,0.8515809790336067,0.4713785426972667,0.8854433829343672,0.22253963111548675,0.45269404146614534,0.5050500027123244,0.7339293463065524,0.7306465355592833,0.922452176052034,0.8982134157292666,0.3317309898931362,0.7882114801486869,-0.009528776313688137,0.7315047251615797,0.09337604406026595,0.9213166859821434,0.7428977159686672,0.1378200242285429,0.5998715957303377,0.607282796876678,0.9457272670654063,0.8619411771987429,0.9298418807925022,0.7256509033567058,0.7675168684311688,0.95838900443143,0.9823185111663161,0.8891849115939459,0.8831549643550833,0.68460853519144,0.5180901712550535,0.7867615986220746,0.7294742798892617,0.6123887960388997,0.7132852137269567,0.577669619338109,0.6873595076422585,0.7757052430612016,0.7391281398289594,0.44054782254320546,0.7978000148743792,0.8788872097665874,0.8260679629670982,0.30815119618154124,0.36682343332962025,0.48949249369742565,0.8370752541631157,0.6828649358364467,0.47556132006175206,0.7443846288508897,0.6824958756291534,0.8866392803791354,0.844057054692558
AVUV,0.6286096230446582,0.6071899420554908,0.607095283162416,0.6438448972691286,0.6594862948911419,0.594566335317866,0.6635017814461599,0.6449978973977446,0.5189899237688375,0.8594502540187321,1.0,0.7146802056121784,0.5523954548346408,0.5729941182224108,0.5675966026778008,0.1728386018331081,0.11625490470619083,0.07203032832057071,0.6269979933134187,0.5101138324515054,0.7839903348509885,0.7725618238368424,0.7464647973744697,0.7009208153349233,0.5154020835928274,0.12196839817192598,0.3618070990280538,0.45777083247623124,0.45045167713837647,0.4558164278010053,0.6085621401553912,0.637068817372185,0.3071720164544015,0.4866407026199931,0.5059163024014655,0.48820680621799706,0.6400538344844109,0.5047077235544337,0.7379051613768672,0.6419900556504421,0.5805986404796468,0.5586388273573822,0.3837185165356347,0.576224502675418,0.4678792210526522,0.38257261132783127,0.5726107130977809,0.49825160213062264,0.5666089900367133,0.5225771859324357,0.48520228232556234,0.5830303446598937,0.44150824479792505,0.37445256232402774,0.45004012256694215,0.5711023795496561,0.5898284760868429,0.9654030434908202,0.6459049715906562,0.52167683837234,0.6560450568928936,0.6608776489254424,0.20874528349364105,0.23730893351003818,0.07410691630215661,0.6646955697846142,0.019624707578144274,0.6615405057075703,0.7547594716102064,0.676968765231668,0.13121344183458028,0.5442421307968448,0.46653095084946294,0.607935818881111,0.4702467189230382,0.48108325417246356,0.3921446134013365,0.5232807678403902,0.5279711152511644,0.7056989085776201,0.5793077783112995,0.6980243950223792,0.7264012016318759,0.7596673791011389,0.8792461586453696,0.8163681019563895,0.5968163268936084,0.7861116653135746,0.41694197579971326,0.49113829149634464,0.2800005151803787,0.3184446389802606,0.6849859435953886,0.5089530085227929,0.7669418438553051,0.6856906704846624,0.8504670499299071,0.644743375320533,0.5940946372747615,0.7850961598313243,0.5878122316040473,0.8800805495284775,0.637657767402903,0.7603946517804834,0.588041427435541,0.588026481699844,0.5507853186719893,0.7033045486221853,0.8746524784398868,0.8057258917100752,0.9285968836113748,0.0982967797808701,0.6375981428122883,0.7245099367958403,0.6703376841119848,0.16379985785537685,0.26639914655766767,0.5084681805044012,0.3340059446119322,0.7328338646636148,0.7794014920275322,0.7207566659159788,0.16102039455490533,0.26410977614383224,0.4808506400005982,0.6410613703832807,0.3601568359481853,0.5967989268028708,0.19092767243098563,0.3494182352515056,0.3741188315057215,0.6469994704967423,0.6098413603812761,0.8426309601088501,0.9639501690798119,0.28536009733396045,0.6493950301973062,-0.017924960472464915,0.614256703413073,0.07569751011945526,0.7787430122706919,0.6203204519833846,0.1123695062228349,0.6173028181710373,0.5584257678784262,0.8621175453750803,0.8715312158463805,0.7620766899363038,0.5716636390533134,0.6104445946996021,0.7588272997371217,0.7738294631298087,0.8349690839928696,0.5863853694335684,0.5332894487135564,0.43310047251964107,0.6394512952418524,0.6491501066319959,0.5296450162795998,0.6317722400872464,0.528246602457429,0.741492511592517,0.7546930797927976,0.5498123910769308,0.541105528145967,0.7678420477295121,0.7943233746116102,0.5374225802661465,0.2942843186534334,0.3319433210633827,0.4212588668240977,0.6792877158927197,0.6686394820222038,0.5874309718682938,0.8203870306898288,0.5101916564522373,0.6956424088387189,0.6231295698356173
BBCA,0.6452380589749621,0.6438985277844479,0.5508607403644389,0.6309270933973604,0.65095120648175,0.6117708269822932,0.8305228465947802,0.8063065278752737,0.6512813767797193,0.7794670592243766,0.7146802056121784,1.0,0.6396291854273741,0.5508895951026608,0.5666314803425031,0.2555288388339026,0.23299452692009798,0.1999910819175204,0.6601957551829273,0.5210461258884703,0.7380974738808225,0.6577901456506311,0.7497734266813546,0.7088784572090594,0.6576256028627533,0.23613356817791398,0.5729660043686322,0.5509607779087803,0.5981394158917267,0.6727413137881315,0.7533156053942854,0.7793083433252089,0.4070710643783776,0.48404137821624466,0.6193754021241078,0.5949943569205928,0.7900254639566691,0.6384394315684859,0.7388040637888785,0.8214919237382107,0.7184441023412936,0.6947818842014389,0.5001873085319563,0.6988770327344573,0.6318947916539192,0.5073329442587725,0.6615140851837045,0.6507134912998221,0.6793125406432475,0.6946722601150267,0.563892898389517,0.7597044488412181,0.5785578984535013,0.4730291033385497,0.655228721865795,0.5820144671732083,0.7105733134579215,0.7485193149364799,0.7980957260044758,0.6701639176007159,0.796349630292892,0.6325884622055058,0.560315952396785,0.574158374211181,0.39253142553684883,0.7878239657228198,0.14152213189752236,0.8208618190135953,0.7437967653452016,0.7107009619705955,0.2511903670375095,0.5311862599463635,0.571428134955879,0.6102695226609454,0.5123514100430042,0.48734637621353116,0.4702545086702971,0.4888522829885036,0.5794491812909711,0.7031957801467316,0.6173374149560414,0.5756456488939596,0.7217732414967509,0.7405482915262535,0.5936828365022999,0.7003365988950397,0.47982597364591745,0.7330634364820872,0.4311457243784456,0.5596732796832651,0.354654553740404,0.4468293993816918,0.7041848266214562,0.4578616230149417,0.6889398121718739,0.5397931835699875,0.6946071957853422,0.6104170293358483,0.5724385153621184,0.6472927432764505,0.7285011718754276,0.7342325032654323,0.6045418895062542,0.7337678149686702,0.6136937601052432,0.5814435778789241,0.5878426370241082,0.6397685720219384,0.7805315277151832,0.7133819485124363,0.7467425288086542,0.2078564315104466,0.781811875288281,0.7702164494403119,0.6647548095296192,0.44524966107354924,0.5669650239443768,0.5104112266491875,0.3929288782403493,0.7340363046346775,0.6658383255172123,0.7300606978049691,0.2688297311182001,0.3400827614212527,0.5124442782180283,0.6420118850894397,0.4979947726120901,0.629240163164286,0.17164786346429425,0.3612092680417125,0.5757267911247296,0.6521213548863677,0.6585435418841308,0.7492469260221358,0.7535216741008963,0.3429193772061021,0.8111935218985209,0.12565591952391522,0.7641651011456002,0.1699232207155425,0.7514012909383952,0.8073282657614046,0.2350282259188561,0.6113796052163176,0.7245673422714544,0.7973557666710549,0.7654234484212922,0.7426447124451687,0.697170733771027,0.7689232732747087,0.8141882043919553,0.7546737392278324,0.7633079861611192,0.6274110943298636,0.6762289010931711,0.513466796440631,0.8017050207842515,0.819059132560912,0.4870017713626633,0.6171175715093623,0.49781534946066275,0.5666046617833119,0.7418934945910041,0.5593520683017905,0.4364917439962755,0.6725521935389703,0.7082029285254503,0.569569864664518,0.3476887442439571,0.43087231100948004,0.44074671830368406,0.6204810467206513,0.7015554512279003,0.438686500267462,0.6048251569147046,0.6350249922825726,0.7313227648100749,0.649985523201279
BBJP,0.563469414977041,0.5054144981690298,0.47385798012563807,0.5342263084736797,0.6072577802815241,0.5040042378100268,0.8374162995823349,0.8260676626330016,0.690170468478876,0.6794545874278964,0.5523954548346408,0.6396291854273741,1.0,0.4657315917472357,0.48939252154809887,0.22195440544257927,0.21165303813872707,0.19350837652520336,0.7578945036507232,0.4522624381388788,0.6142567967606284,0.40987370947439206,0.5701602217653019,0.6586869285325377,0.5748103422218072,0.21294502853553102,0.5130528686003254,0.49350065174355134,0.6580247989714338,0.6698875452875875,0.8331048253230277,0.8001330001708526,0.39012583357641895,0.4844544305917783,0.7032446371511457,0.5409860185785504,0.8481428782252551,0.6752093157523246,0.6707374778088899,0.6876724308313434,0.6602484900923883,0.6809645299110064,0.41234981660708,0.6562472500376407,0.5625942652878569,0.4519595325402294,0.6920584660541856,0.6053342125024,0.6405105126340329,0.6041512415914282,0.6460059257965193,0.6375270546023832,0.4926841174996176,0.5941454214533923,0.5589621346106857,0.5061325408407029,0.6990144386351919,0.603149646762035,0.8313451306933741,0.6227959529400345,0.8525295798987608,0.4437169451133596,0.40221225295273527,0.42221737237504864,0.3045021648153372,0.5752223899706521,0.1310306554667465,0.8277748714024085,0.6655427655642654,0.7970611100977484,0.2056994690046026,0.4601627190409422,0.5023909416153493,0.5969850266654841,0.4201878875111347,0.3753893126995094,0.48594689286078113,0.2703605515663533,0.6501602087105722,0.5798536112355996,0.6521149105205247,0.5055461923269823,0.6818138250619621,0.6530361437906987,0.42384062856851384,0.5464444038127013,0.29448116084414966,0.6439460826423828,0.38324431203061077,0.5100403653113792,0.315476542759617,0.37441243952656406,0.6596604919947213,0.2598174715168366,0.5494087140079411,0.40407705262226834,0.6132531181588214,0.5165921551205624,0.4527921814650402,0.4994467452884914,0.6518277041837107,0.5669639392953113,0.5474364538186308,0.6390763487466222,0.6431451567394033,0.6169744298951932,0.6156522056472038,0.4536584250436882,0.6133158585188828,0.6063552680523241,0.6363694148877712,0.1608119045629533,0.8355122694436201,0.5767038382471305,0.5888998072182139,0.3350665859716217,0.4245030411711501,0.6000145300869969,0.41673253683036016,0.6718226788617871,0.4165897847693518,0.6662207941010647,0.24582258784146868,0.3042614139885753,0.4219880165532277,0.6115140404088677,0.4804007059984634,0.6110474608881061,0.186104358132876,0.3949146992009138,0.5086554317227674,0.5639138103744862,0.47132093561410043,0.644451476388295,0.5834134133076928,0.3039997032331888,0.8528430350349534,0.117445733235013,0.7164465982832587,0.14738620997635965,0.6169779779742353,0.8079636298184982,0.21772462022348696,0.396424326069066,0.6566720613303685,0.6344702389947819,0.5615100387536255,0.6422460274231581,0.9245783322274782,0.8225885270599536,0.7752023504656583,0.6782438373772531,0.6020804285130077,0.6174302941670493,0.660935770314918,0.46960848186536724,0.8298913194565464,0.7810182886126524,0.34577090131678345,0.5513014469527386,0.44419626858049926,0.4891235611608258,0.5678027192146604,0.48122152207211083,0.23548091949793262,0.48342358738902136,0.6182352947610041,0.6151529101110439,0.18813401971922655,0.24457562656361295,0.3327686925516964,0.562560411459588,0.5617145965344553,0.23812317179159212,0.44989164058045866,0.6793449219619078,0.7074294987880625,0.6050185437901214
BKLN,0.5967426830360704,0.509996169890594,0.38663884502271306,0.4903127360850938,0.5084602075880774,0.4997236852384583,0.571953083800846,0.5373884885568401,0.47436272084901315,0.6652079110227044,0.5729941182224108,0.5508895951026608,0.4657315917472357,1.0,0.45170718446824726,0.1625028862223718,0.08421228080533218,0.0011529705087848327,0.5489873366644802,0.45726099051407654,0.6117270244176681,0.46929994846976786,0.5841628534726176,0.6176543076776045,0.46057959132540954,0.08688593266970067,0.33225567692014457,0.3882666654069878,0.43144883038597065,0.3997642425527881,0.5524985540439021,0.5475324294704247,0.300495854384413,0.39439236040287035,0.46073684835614176,0.4548452662939964,0.563249345867095,0.4741690294789606,0.6457466842498556,0.5472040913393428,0.4982913266688368,0.5325009937656191,0.29805894381150244,0.5513391580201334,0.4083933244176809,0.3701486686567093,0.5200176215286462,0.4870715271667463,0.5109336982948831,0.5216253432109397,0.4453033040933193,0.5075551449013694,0.3956764643942047,0.3236474695749118,0.3752477707129836,0.5220213131192153,0.5491544078423332,0.5895513455787326,0.5405124431489883,0.4631869709046829,0.5547126154059012,0.49387336497122397,0.1684916151458735,0.19242897576174636,0.061281704745837245,0.4774224639254066,-0.007092793497385169,0.5967772856499257,0.6477012735951976,0.61193270799964,0.21146495265143597,0.3958557470681472,0.36363021425355274,0.4902991905538012,0.463258075345313,0.4125650658187513,0.40322206657421267,0.35004244624621306,0.5174525979171377,0.6142115298714846,0.5765879362164429,0.5215769910508232,0.604594440536953,0.6287445797124822,0.5158883210115721,0.6066726436406776,0.437696880542673,0.5655461509832734,0.40581658982846275,0.39238578915755573,0.2617064937431825,0.32134057024291124,0.6272536709246828,0.38303481743757334,0.5855140833914648,0.4240106904885973,0.5450040393999958,0.427991569104174,0.534760816064993,0.5061378980156138,0.4433666931335031,0.6270367510530818,0.4555865625401031,0.5987723788016267,0.5520161355047862,0.5268464374066492,0.584409440533462,0.4974248163151307,0.6330902343709937,0.6307621417230039,0.5911037559065772,0.07442788531957835,0.5427096284629205,0.5387186403580481,0.6644020206451959,0.11131969777458033,0.2033560587920989,0.4565868710239051,0.33127673358707765,0.6495810693035035,0.4960830553294152,0.6402547327736527,0.14341958300951246,0.2503820730758991,0.3265782415786738,0.5421596948472297,0.36283644398445963,0.5815457200695224,0.16152528451936332,0.30389834897715584,0.30962640496936245,0.6295807080341952,0.49198710820024893,0.5921254659966175,0.6047603634165609,0.27246373554789605,0.5682018089619133,-0.06251194782182803,0.5585095663208591,0.07103693876682746,0.6160315458293605,0.5422601934407602,0.08230021990803647,0.42739615167086403,0.4370494164385605,0.631787323153844,0.5946065515716547,0.6025333539780667,0.48713008621882165,0.5507904351134939,0.6521870778865231,0.6561523029299666,0.5970667767926305,0.5817627561027352,0.5098681292221902,0.41359322769758533,0.5700785612930699,0.5605688395876381,0.4273290435104324,0.4579568726491159,0.367211796062996,0.41476962229159325,0.5264238967847696,0.4998424989845168,0.340775447215229,0.612383756759725,0.5647223119418106,0.5165270091824157,0.2065770263179145,0.21482416899088816,0.32675305274713673,0.5664760018557835,0.420506374955654,0.3530946565564407,0.48216612160205913,0.4804056561253305,0.5863457861591894,0.6541300907249238
BLOK,0.4973410619271102,0.8199944867841881,0.6067866195619183,0.8037311123611424,0.7414552917989093,0.8447337422362707,0.5589722571606094,0.5404192784340746,0.5658606124579221,0.6828081292472115,0.5675966026778008,0.5666314803425031,0.48939252154809887,0.45170718446824726,1.0,0.14538924741801024,0.11797085230958736,0.143903423200793,0.6785266126281126,0.5396493839800336,0.5794615388714643,0.34635230043449855,0.5106048740474396,0.6836728711652195,0.4386901287429963,0.12108871883444523,0.3756228473913588,0.38032627880554576,0.5068741258752341,0.33577483140146225,0.5967830232871867,0.4691773716753003,0.30166233911066737,0.5045364521138997,0.5768741922550156,0.4116283415439519,0.5565114474365814,0.564290548073179,0.6854766513624823,0.543647985755515,0.5079427519063149,0.5142957024046755,0.3468059847862811,0.47871440207722094,0.36218028422554277,0.3610105707651558,0.5758395116901769,0.4210280459798725,0.46571620853406176,0.45601973165245874,0.5512789610389826,0.42401428283942894,0.3808698952251078,0.5000734999674523,0.4196210089381569,0.6484408990211052,0.5313926129744986,0.6219715677519451,0.5539802961080983,0.4987374163831515,0.535797506340689,0.34086267615323557,0.3051387123108138,0.33980710149124277,0.19411893431462973,0.4298074110388198,0.03188453984491875,0.5561509912126833,0.6742870713784641,0.5450199122107895,0.12855840423087758,0.43537323258641447,0.4678879393223795,0.737169842299211,0.5759973033162459,0.3379759419058233,0.3524137936488402,0.18003540170994803,0.656538493440444,0.502186366121531,0.6602386034580086,0.5419368374104552,0.6858988913742452,0.627921668197963,0.45896244871285824,0.6705341472662005,0.24792644019414728,0.8138625679034011,0.34379700861535256,0.47634597464398676,0.23370437251205148,0.32844348958824304,0.6777247188289237,0.2666821651526912,0.5486289056500069,0.33105116517962524,0.5923026115296498,0.6476076681679516,0.41320273005116753,0.4552059559056254,0.51020452645823,0.5530204321031604,0.6331858240900254,0.6972783818529492,0.681585903033967,0.660629436202907,0.5907058953866494,0.4156681757725085,0.5816271928853127,0.6131843029635259,0.6921324857252569,0.08124485684351278,0.551402604866641,0.48448952297891656,0.542182111929726,0.27693876072273516,0.3582998288306118,0.6025382962066528,0.3036070096153949,0.6757598300236386,0.3673664290606611,0.6787153395704446,0.14529335521565936,0.2121860196440701,0.43416468720735696,0.6396161418071472,0.3381846935283565,0.664829918161049,0.18060055347550122,0.3453160476911516,0.5084818577586505,0.5248017587359518,0.3827709497419588,0.7420746867830289,0.5836673988628569,0.23112605370351175,0.583811696505441,0.024699085013054674,0.5210156062127662,0.065971538474706,0.5644648881233746,0.5213731477255692,0.12045784338565028,0.3619837494197523,0.4619474155624646,0.6550504131645875,0.5127676621341161,0.7202765605997941,0.5605559669961435,0.5959522288266662,0.6946340817326798,0.6990054023982674,0.5186712838179779,0.6819718474128165,0.5507612337389824,0.37635559644022276,0.5965204184020375,0.49564010314790624,0.5154200627061162,0.5875203089362503,0.4896657480124038,0.4237820047142671,0.45763979883335215,0.5223833328702577,0.17290313150357517,0.49072543847845534,0.5681439282463007,0.6504602407943499,0.06424834689823425,0.20189151260297758,0.20607425754575243,0.6172933145502999,0.5739681873160634,0.23950520726527788,0.5116246051915347,0.5730947347197591,0.7019633943217487,0.560669362555024
BLV,0.6133711481649208,0.1918342178669076,0.27505993566616926,0.21908692979351735,0.18671346442950973,0.16543932556189997,0.29127650128323457,0.2521745548663085,0.2303249785073204,0.20364024229084712,0.1728386018331081,0.2555288388339026,0.22195440544257927,0.1625028862223718,0.14538924741801024,1.0,0.9516898806932529,0.7759162071983203,0.21384499352687275,0.12350447051467937,0.22980917465359324,0.25835858942812234,0.19272486556551593,0.21286427658228058,0.26374480681967105,0.9465347801166959,0.590553550247957,0.2126800202436607,0.24927529472202414,0.3681874248582405,0.3096926576197817,0.2807729943131491,0.18784405620864414,0.18596591885444114,0.23659104327892672,0.2414723183078299,0.3085280411582075,0.23064397454571656,0.22006129983500736,0.32357465736193913,0.2674635481861264,0.30516889041614614,0.14905859806230878,0.2454244563384815,0.3638986933547718,0.2164038572990697,0.2314402530777973,0.28279225893707166,0.2883385997926009,0.25305454345291367,0.20432798820207246,0.28307597919178223,0.2201540804226686,0.20944048020602776,0.2927796542903628,0.16333282202645463,0.2774195975875542,0.2499392612061818,0.3329142041701779,0.22363212840540786,0.2861430690658945,0.23040888816047125,0.22813965473266376,0.22460827504863276,0.19848975747275047,0.14253812212856007,0.8806292349923179,0.30771603101811157,0.2171457852430444,0.15965571882184518,0.7185226009037482,0.2813035628732296,0.29571492763047547,0.19268592406756502,0.14082995516575883,0.22137360956477056,0.16960802180664716,-0.05593853111148472,0.15802388592309402,0.22300647362712112,0.15691796350312734,0.2063273583609248,0.18703781181360613,0.245439237513571,0.11907011350128288,0.18928279555836305,0.07724724117176564,0.23776309273028584,0.1040760119888655,0.18264058678469525,0.9648128077002652,0.10740908906576284,0.1985938943268952,0.02958099318476448,0.28623228384682786,-0.03575347560590364,0.17974543799739068,0.22287723329957113,0.46015793949762623,0.283328667817137,0.18490533994154884,0.19836259223937827,0.23086437366629178,0.23656362882606122,0.18190259787893648,0.15297874163548936,0.1344475291186844,0.4020393022923282,0.2703635491185423,0.16622354340170067,0.24175547088347646,0.8424153491482597,0.3262032369159358,0.3259548260344107,0.5426599738084712,0.12762488836892139,0.19289029959002582,0.11695771324822787,0.12325481176528602,0.21608197712540417,0.29281568749776055,0.2186967710901705,0.7712474617434457,0.956498666229879,0.256230094069389,0.18891067652267565,0.26783100562876,0.18207993172603645,0.039820910280134125,0.10481688884707434,0.09610651429440518,0.5784454416537265,0.25545508727362126,0.25041378559671174,0.24413545682673662,0.9738109695208604,0.30936110454446863,0.8465257757094387,0.3149631034600341,0.9827915092471808,0.2448663308889899,0.3304988605465264,0.8879392234404118,0.4071453819405253,0.40275619849075656,0.25365480715513633,0.25763827201734274,0.2191245844965371,0.2673338853990756,0.3011298937994421,0.261311308504033,0.22295579381238906,0.22174540461365225,0.180242090355534,0.22418624864359507,0.8062943882587066,0.29721826113512956,0.2859856843882156,0.15754587311338797,0.16439190687182648,0.25151740367805236,0.38680693431756114,0.23985416520080327,0.19113516176603476,-0.07266294881010979,0.12245630808124763,0.17739183778647205,0.14090433938308544,0.21157369976038895,0.2931115694877182,0.2270668843728293,0.25445180964923686,0.13196786489116324,-0.08838515272531573,0.24121770033274972,0.2334016534121104,0.26847201844789703,0.13411996768502868
BND,0.5993301012281027,0.16204449842571406,0.25356374160983486,0.18768122112123284,0.1538613498961705,0.1369079148026889,0.2779139283196333,0.24536212741362787,0.2247539144236144,0.1426831181485001,0.11625490470619083,0.23299452692009798,0.21165303813872707,0.08421228080533218,0.11797085230958736,0.9516898806932529,1.0,0.8224059794943952,0.18030487022390895,0.09334695012394574,0.17333872461001482,0.22186833223130212,0.13346412416988615,0.16185856770330284,0.25433802769563935,0.9884705780563012,0.6304799349517962,0.20410110221175876,0.2571789748203093,0.38631359352919287,0.29276512506150226,0.2633468707816791,0.19365620008536613,0.161155109406437,0.22811436460196435,0.2217944327159327,0.2907819233096863,0.22483023491123272,0.16499113494425904,0.3156148735347406,0.26162104179652323,0.2841627737349315,0.14696880705243914,0.22021201472565194,0.3613006085879718,0.2247788796462042,0.2072215174681171,0.2573982147561972,0.2668677903999776,0.24456100226749788,0.18712850100523018,0.27053877947993277,0.19214061905189098,0.20957328181188958,0.3037598124327241,0.13031200378890728,0.2516452551118945,0.20016609008452182,0.3286139881393306,0.21429276785364565,0.26911105064156204,0.1869914250949002,0.2791942491647818,0.27276166983355365,0.2609945688637166,0.11465519546613552,0.9317114215846921,0.28617092153909046,0.1615296691584974,0.09618268679949857,0.717152781125394,0.25884189262661506,0.28845904248473986,0.16438874782454393,0.10804167388509049,0.20204893312750932,0.15709887699572697,-0.09891953591059459,0.12187080063781495,0.16959538221615097,0.11179889383246817,0.1403980299429932,0.13465891592918522,0.19176378825014073,0.06234374398493838,0.13466101314986917,0.019820365113316925,0.198320289553756,0.07941355428901152,0.16560653479112608,0.9477111415531153,0.10914931023207172,0.1461598925870928,-0.007752585857356262,0.2368114724406419,-0.08508408524133472,0.12277557612149098,0.19300801499528633,0.3972185282866016,0.24411416454486162,0.16761962475275974,0.13475534329416392,0.19888847756988873,0.192405895908559,0.1401466799462649,0.11519636289176574,0.082044110565067,0.37305624713353963,0.2123857708247882,0.10516901410940653,0.19524458967600836,0.8895668035883443,0.3216835455445043,0.3009123566937149,0.5172503621928015,0.1656245406620113,0.23050855641080206,0.07810045673906245,0.12401346310094258,0.15973045317878928,0.24512810511776648,0.16646905693773575,0.8835726781155689,0.9517135825431176,0.23926141578373275,0.14381171646564142,0.2640174480853758,0.13699864856266217,0.03128008834396723,0.0962423613942124,0.09724908584187238,0.5628176857717975,0.22281319053775941,0.20560912182275454,0.18461766799233714,0.9168514784016311,0.29496377130998225,0.9554756802787727,0.29453495983419675,0.9500027320683418,0.18842770438599699,0.31869790869389714,0.965496764106663,0.3854554783910331,0.4089835292736609,0.20082363365043487,0.20217567716647122,0.17351773370921264,0.26470743678185604,0.2880909174348836,0.22030476846597827,0.16699933010733714,0.1651137553150684,0.13684078233687708,0.21555577996549657,0.8016668592527104,0.2832154104206488,0.2710640162601236,0.13029561676556867,0.13278274117739872,0.23619457973255886,0.352255369485175,0.19350986231919828,0.15970793351443768,-0.12270811695971001,0.05198064649287116,0.1260672305507759,0.10191749999032142,0.19414729650863577,0.2811518713162432,0.20360914855048828,0.20193278782444382,0.10841539840941904,-0.1393345674738252,0.19902396440585549,0.22544891962323127,0.23684034685285257,0.0712710245753344
BNDX,0.4505376015446597,0.15538009500270766,0.21628353516118065,0.17235550644416878,0.1482103240439611,0.13444053296293051,0.2290674420359772,0.20281920269695097,0.20459240809018056,0.10689650487236661,0.07203032832057071,0.1999910819175204,0.19350837652520336,0.0011529705087848327,0.143903423200793,0.7759162071983203,0.8224059794943952,1.0,0.15723640591333654,0.06838340998552125,0.15349670919751576,0.1340715119704991,0.10530238769893016,0.13302003563556478,0.18512174340021442,0.8152745362305629,0.5096241209547706,0.1730004636244929,0.24205191049404395,0.3035950014635507,0.26496143655579973,0.19316171494854248,0.12509393039345565,0.16066633979954717,0.22120959285119718,0.16342572095676672,0.24246551611090048,0.20619677017914853,0.13182633149512726,0.25133851751942826,0.22477269961978272,0.22448961990754238,0.11546997081318493,0.15057621451562178,0.31724504624409655,0.17116964060176654,0.17201753469621223,0.1906327185001189,0.19622460917270843,0.14846039840522277,0.17114214300534691,0.22400230978973895,0.157339437352115,0.19952675829838978,0.28762991096784984,0.11574739656775243,0.19214401457698568,0.1589984697056709,0.27766162194718796,0.16894850793330007,0.20233066231494137,0.13419045861732776,0.2878182136163347,0.2814057394535062,0.27007116136120307,0.03276581503098926,0.7874762817215412,0.22790767090196853,0.1318102233922481,0.10112710986010455,0.6097106791762603,0.20860000579842944,0.23272689948255879,0.1592187246137106,0.07331603555813504,0.13722186197303013,0.19047693955729852,-0.20743390014047888,0.11547177388966032,0.11304780838749436,0.08719527318609309,0.14027740351541496,0.12021585819440378,0.1468541488174415,0.03163710802764987,0.1130421195214759,-0.0037913555961777293,0.17915873366624233,0.046612685523996944,0.09715137658360579,0.7558299454246122,0.07424349957201441,0.12090729480019462,-0.08068218282574358,0.16945848394215213,-0.13912527653236312,0.12091150101206986,0.14484424308475827,0.27468453213113525,0.19196473255918745,0.1379531893619495,0.08910847228037062,0.1500321432460605,0.1629456838316911,0.12388579900838394,0.1039743303393116,0.055388589862168214,0.273901408718665,0.15615221200581966,0.053054794878295314,0.16026561709723705,0.7125652364408264,0.28381606519675884,0.20213099371237542,0.3805675522561285,0.18613124133932718,0.24189931217653685,0.08233304969314312,0.14440145917963562,0.12405301087686875,0.16358755055408297,0.1374808812169213,0.7085693834638186,0.7635128580431998,0.1749963627164987,0.12196902058355304,0.20934768846070045,0.12180737382283352,0.016744306005671963,0.11128387173809533,0.10136985317804471,0.42187217311001773,0.1666632678885401,0.16896067946859028,0.13676350669724932,0.7273834931166023,0.2511734338020246,0.814453416836843,0.23904154254624954,0.7902633676923376,0.146139708087594,0.2763119959770238,0.7920119545132293,0.30481162000344453,0.38038151934924086,0.15725503812228311,0.14049154147872378,0.15196905846830094,0.24382620478371306,0.26319931378957256,0.1847280984772984,0.13177816939656328,0.12167594750464222,0.12071580851554393,0.19006870752530866,0.6590928983977847,0.24234268809463097,0.1998377531616403,0.08176749328114749,0.15070617286107968,0.20550096105422636,0.3072188048776272,0.14422191751178387,0.1377818668560196,-0.21523922305093496,0.03676030139872006,0.1297347566938458,0.09239803152029626,0.1376964546577274,0.22884467430677355,0.14242642122633087,0.1767232217560442,0.10378705167788435,-0.2372874004072483,0.15565698505111963,0.2084758760680572,0.19261052430704026,0.02873808854618724
BOTZ,0.638149821164851,0.7242634557190303,0.6272337287302109,0.7456361301897354,0.8228630082089187,0.7438750021553174,0.7656468253295863,0.7317395770858365,0.74259379090035,0.8224021777161561,0.6269979933134187,0.6601957551829273,0.7578945036507232,0.5489873366644802,0.6785266126281126,0.21384499352687275,0.18030487022390895,0.15723640591333654,1.0,0.670302665802925,0.6869389826329794,0.3929329795024281,0.6017183538709633,0.85606465070625,0.5614706437436645,0.1821737209062002,0.4881835483682596,0.4878891429633082,0.6758807627522483,0.4865975620211746,0.8262216528138611,0.6648285106079355,0.38267469347253197,0.5970722038882161,0.7486928567551672,0.5337054228372442,0.7777199117473007,0.7352431941082558,0.8461332681987161,0.6762056579802033,0.6833232117202234,0.6953601840542255,0.4616578479803117,0.6382169911538804,0.5219243994660737,0.46371411361808007,0.780475318394936,0.5600009630757065,0.6455234381827187,0.6050139831475508,0.7447993240379549,0.5794928392941618,0.4981279459389413,0.6292515550482063,0.5643328270135297,0.7395945403331243,0.7246786963381574,0.7084517016228695,0.7602168057083195,0.654673946240913,0.7464183344138199,0.45018270528480203,0.35330768166172954,0.3851355526301592,0.23466006914542675,0.5362845714332573,0.07552435770540826,0.7623314524958266,0.8333528615544623,0.7617704560072325,0.22619368008261811,0.5024653806756321,0.5775521046921115,0.760248863207036,0.6731370154392006,0.46418853971389806,0.4721736795803681,0.21000862518665664,0.8514496352595105,0.6283594495561124,0.8183260144388456,0.5914179725094375,0.8461977095130351,0.8047574240589819,0.4757964745463047,0.6762304974473919,0.2744176886626859,0.8391244859975223,0.4059951152129661,0.5863281370512086,0.320546350251142,0.4369704989259799,0.8379830352063337,0.27807218538545353,0.6936556499607153,0.4072878326991967,0.7212358006563806,0.6835794591247427,0.5148053548440438,0.5958230537761909,0.6456575383470177,0.6422703192825026,0.7063103526163675,0.8250290866827196,0.8520672348816197,0.8386766026754289,0.7519155844631649,0.5154911817293752,0.7092147338382274,0.7046114682947767,0.7698848222846293,0.11968925993569571,0.7577832028447563,0.5884727923913178,0.6763216143172189,0.3130532477668821,0.40064082372988347,0.8064933552649539,0.4013000722954754,0.8391439636438377,0.41205719896943754,0.8370542465588675,0.20750343990347994,0.3021722026858022,0.5311730568692262,0.8003437397612899,0.509742035020104,0.8231344726345898,0.2160020794524898,0.3980968472979946,0.5714249057008082,0.6499216417884417,0.4885975751321394,0.8282935367955082,0.6748532767104288,0.3161376702232175,0.7975766829944565,0.05980560178360535,0.7110133730859168,0.1224306005290377,0.69851857846385,0.7262562845558627,0.18152740931891934,0.41586271527987645,0.5796131865310927,0.7660598718833602,0.6035008891569399,0.8411539779873468,0.7935330877481871,0.8085675691547002,0.8788576084545757,0.8492797934210764,0.6252329792540469,0.844457662085404,0.7242893530361338,0.49968306971551113,0.8052663737981891,0.6777738488131269,0.5894454648665824,0.6645882457960663,0.5129274381616714,0.5504542258225713,0.6004090254623101,0.6119612536851914,0.19560986247393053,0.5315818030974223,0.7101694745801601,0.8349994712208572,0.08487093734651541,0.20164483942452244,0.3058164297414805,0.7077420952772927,0.625417798064664,0.2513960237027205,0.5537743014130653,0.7512462221103989,0.8870807163174611,0.7117765587004489
CIBR,0.4871705181830337,0.6979430167129013,0.5126304250970819,0.6571391536900466,0.6437798243516584,0.7056414219100403,0.48854043892554255,0.4617610595215683,0.46091189321058346,0.6730698626394457,0.5101138324515054,0.5210461258884703,0.4522624381388788,0.45726099051407654,0.5396493839800336,0.12350447051467937,0.09334695012394574,0.06838340998552125,0.670302665802925,1.0,0.5930876340994129,0.3174034719115272,0.5084639897714559,0.720210003339613,0.3453922145255928,0.09169688000368675,0.28930178472931256,0.2945904121984981,0.4159484799204789,0.3065544354727931,0.5506681968986278,0.40230618918985805,0.25162437083528166,0.4796665578196724,0.46339914303571533,0.3645716390955639,0.5036676807431069,0.45171304048451283,0.723408403796533,0.4735849830753529,0.4703292198199801,0.49237147697291533,0.2680152925972362,0.4080820768057638,0.3109101687232073,0.3232538941965901,0.5267925123366096,0.3453609901240853,0.4013932975720688,0.4409548618486776,0.5001532535032551,0.36894449726476797,0.3041299458835485,0.361030511149589,0.33960121176359076,0.7907769378329039,0.48009097261908695,0.5706459106369117,0.48416328680313514,0.41143845614564745,0.4643783391999953,0.42669155135149683,0.1996680819013638,0.23213956612705583,0.0846282106293423,0.35739585621511977,0.010959193627366881,0.5039475969265842,0.7144391697359002,0.5207727976004967,0.14242902326915555,0.3738813577783137,0.3605443132516858,0.5876097032649907,0.8836743873828695,0.3688780214997723,0.34059174700874884,0.2046013961785152,0.6956237721777204,0.5265651002684996,0.6790384093116504,0.4242147704933067,0.7181841760238362,0.7416732474746988,0.4134857442355107,0.6177185637564329,0.32995434428102155,0.6734258561693156,0.29779589568198733,0.3796452744612928,0.2144700661546038,0.2566221661383408,0.71175668474876,0.29649194435303494,0.6326571091659087,0.3275590694341994,0.5090426390226301,0.49060004309063865,0.3890292661301494,0.48360688935399715,0.3908266364365881,0.5613985450846057,0.49688450741564094,0.7058382242963698,0.7223850866177189,0.7723319416336067,0.6225796238439535,0.3899972790594341,0.6002933294304621,0.5830798000843174,0.6130254332612399,0.06612427847089912,0.4851569547792093,0.41450624156777455,0.525576452328874,0.16841093799849083,0.2372577996069474,0.5856489626013581,0.2866942138899364,0.7073847040813999,0.33573162826271047,0.709424815579196,0.12960000779790026,0.2034381314328227,0.3544355532499666,0.7261602457159964,0.3248408830603664,0.7250493272514645,0.1272597048195883,0.28586219627229964,0.3729742586830038,0.49923029732974855,0.5429669640185257,0.6943275179958779,0.5449090334642779,0.21295416536649078,0.510035558077303,-0.0018476826703806074,0.46286563754401366,0.04696383982962696,0.6139822154161104,0.5111980766212348,0.09589713195009904,0.3284118466144365,0.35123821462796695,0.6546957390579776,0.48981693768672807,0.7418778362042135,0.47690092705667736,0.5119027403784375,0.6768329879521452,0.7168075972484051,0.5032044980934751,0.7324124313323439,0.4607822189716219,0.34284490142986357,0.5130610501241313,0.42011538836676693,0.8446425180166656,0.5036216227888841,0.3890418839597589,0.35374799303378274,0.41592954192269527,0.5444004577818073,0.210190762573605,0.5016667127220575,0.5170660104631318,0.7289286943122515,0.05391714877378843,0.10544230592855501,0.2482697704949411,0.5811290865947493,0.43091827269058103,0.2809563697267953,0.46530640603398266,0.46748569183605915,0.7309613327353274,0.5962022209993014
DIA,0.6758963676699866,0.6451169924394821,0.5686046090161708,0.6508254017216724,0.6839734227928643,0.6228962350322532,0.7219647432956643,0.6652592185733631,0.5781427537419024,0.9072875104632344,0.7839903348509885,0.7380974738808225,0.6142567967606284,0.6117270244176681,0.5794615388714643,0.22980917465359324,0.17333872461001482,0.15349670919751576,0.6869389826329794,0.5930876340994129,1.0,0.6575183825634867,0.9314065605898304,0.8412392328121978,0.5367028437488878,0.1731219465762465,0.4091630774088762,0.44998420025103963,0.545668511377296,0.539811332297181,0.7219536241021036,0.6876269648089436,0.3622570627587241,0.5450723125159047,0.57296210500221,0.5136987437852429,0.7278463627317703,0.5659014100815197,0.882401276504948,0.6904234720907397,0.6399985220832316,0.6532532438404255,0.42254239982440545,0.643966381349647,0.5955070328995471,0.46521633543725505,0.6401481057275465,0.5717916783341138,0.6376597915862373,0.5810666270995977,0.5483843500352094,0.6564030078580408,0.4666898147278381,0.43438799933516214,0.5048906937814254,0.6774141573500231,0.6768221048665491,0.828091130232678,0.6851186730623523,0.5645947120788424,0.6998012014747743,0.8143295235565277,0.2873700483950916,0.30476366486735446,0.1371066461258455,0.5973558294901725,0.07776068772770735,0.74539609125457,0.8958628485782137,0.771871376620909,0.19266871417820663,0.6304590762759404,0.46020058688356213,0.6325342510031274,0.6053499300229171,0.594204779537316,0.47592225885944084,0.36877925790197225,0.6553199267887365,0.8828135832962221,0.7386110588201714,0.6875854821085545,0.8324431545886544,0.8903407035308712,0.6906077848296187,0.8139739159651087,0.632222439651863,0.7680397790007538,0.47576430745312354,0.4693078321368186,0.3343658552215721,0.34641380428186935,0.8557458322679492,0.41815627800142424,0.8340521152393273,0.5034566422603777,0.8002257112988406,0.5533616270116104,0.5544660167877054,0.7761213903344806,0.5923576863269798,0.8782754796263136,0.5734127627330554,0.8025258022995125,0.7269910332656805,0.6666454484682238,0.705143440872631,0.6247615820179754,0.9061007781444951,0.7752505061063354,0.8209342738137183,0.13571371294452636,0.6817362778844441,0.6636174158126642,0.7068209481975101,0.2256454699980283,0.3219929142601494,0.5568842001254766,0.40680084050716536,0.8832977222406602,0.7170944835706218,0.8784912349971619,0.20440734328327723,0.3219167985278596,0.4208243090701135,0.7231052662819001,0.43403229394574255,0.7729745480444117,0.19684050921172958,0.4409434570976197,0.43336732812221945,0.6701270471121995,0.8157077756114381,0.8107961271094685,0.845287319312111,0.3435922456184012,0.7270624003260742,0.03527045503128487,0.7030068958315641,0.13120628588734048,0.9375363531166162,0.7353635574682436,0.16249395043217477,0.6142046998455922,0.5944955846038263,0.8859525891199476,0.8536238829683717,0.8281785465176132,0.6375136413343963,0.6932183235287973,0.8704740477916564,0.8919512589698383,0.9159151477734677,0.7498547553097706,0.5994395116810648,0.48901315694707337,0.7157874179909703,0.7027033336265311,0.5553454385813179,0.6770844934958994,0.5463256391857011,0.6619290577960669,0.764768133615,0.6665931765540294,0.3817500488391103,0.8494325554285982,0.85186327650246,0.6679708873488559,0.4417618974097767,0.40079100316702015,0.6296287454127112,0.7606388975625873,0.5997971024234973,0.3714315077474398,0.6960685314394695,0.5714409775928316,0.762627558455003,0.7849635912169464
DIV,0.5940867327654853,0.39958929238123053,0.42965850042068854,0.41957283020440217,0.4089143449102161,0.3691703727565984,0.586353171000509,0.5738937706942789,0.37930055525787204,0.6529825166962184,0.7725618238368424,0.6577901456506311,0.40987370947439206,0.46929994846976786,0.34635230043449855,0.25835858942812234,0.22186833223130212,0.1340715119704991,0.3929329795024281,0.3174034719115272,0.6575183825634867,1.0,0.6927544479444245,0.502811417906377,0.4966383702730974,0.22699774404761186,0.37529582499957337,0.3971831827855855,0.3400268006963221,0.5555968318045484,0.4733653622995913,0.6168655651842126,0.31099204558286814,0.3503184887748703,0.33441373545750347,0.41061603696671184,0.5557815210781456,0.36710724401185735,0.5523762848141891,0.5943995332788509,0.5004003827023629,0.4823627364426249,0.3623853253967632,0.5255843062223146,0.530115048203101,0.3646461160329594,0.39601980645565676,0.4844763372233079,0.5120915175673424,0.49592487981181177,0.2970556613445213,0.6055642179086949,0.39778657312804305,0.21946763755052778,0.39498854130358824,0.3566229015118854,0.4878619391905223,0.7635731375428613,0.5760657063214275,0.4513975951737946,0.5835074825591633,0.7187485903612385,0.2241837413133621,0.23205956635051786,0.09597351655921853,0.6341341839155258,0.135046883110762,0.5883390195010271,0.5734867645935122,0.5367296243187826,0.20857887837389932,0.5069334735352351,0.3919634767077626,0.3593951887171417,0.27594621621244,0.5089544860312897,0.3123242580289129,0.5594330711999673,0.2630716343523621,0.6841658480189848,0.34910922757225493,0.4889378224904119,0.5012302926905019,0.603544134902227,0.6996630604997482,0.6276787204852082,0.6297765154787449,0.5423872043522454,0.3889075295712322,0.3672987316141467,0.33810578555819976,0.29918164485657134,0.49196518857459237,0.6003151548801074,0.6776816994392216,0.5605449982821585,0.6097785361097681,0.44399310304099204,0.548186757287707,0.6766306094434825,0.46925046588557884,0.7568486080497421,0.4273043084627177,0.5549292018848735,0.3422598139921749,0.30256026274254577,0.3622626119047488,0.7379887445816598,0.7883406545466828,0.6321504067199024,0.6895924426827852,0.21397264529362187,0.5723426766454107,0.754927128929808,0.5997420040761152,0.132846575005817,0.24393544992920602,0.22259535293212823,0.26642654635175683,0.5520272513612707,0.8996347134727629,0.5409228706385394,0.24778815989018196,0.33077145977018874,0.39027074213542773,0.428879361874084,0.30563874359631243,0.38184627526985804,0.13534672354830288,0.25347666441172795,0.22099740383673327,0.590942324913407,0.7086172374439635,0.6015147070728399,0.7984100359225552,0.33791928077751904,0.5503538831902455,0.10545052066635588,0.5611107717703467,0.18326549135877507,0.6983989936965744,0.5840863627630022,0.20998518361933569,0.7776874415135576,0.6082677170166672,0.7331680309100576,0.8437327596683001,0.5502080489082882,0.42797775939837573,0.4884867727185501,0.5895010325108158,0.5823027909378208,0.795151433526883,0.3540186017940737,0.4266648688877551,0.4407779424229576,0.5333341480160396,0.6271671352079095,0.35570242120776735,0.4544091327711739,0.43510941713044465,0.580228629259397,0.6870168552073322,0.4632451902438904,0.5596387851455086,0.6669267156537225,0.6226403925995465,0.27036581101473744,0.5670732375732817,0.584731344928159,0.535688096466678,0.4872035924130289,0.46635806069191044,0.5356662981493883,0.6354238193539173,0.3559626667864598,0.5052441797533901,0.5117998333883972
DIVO,0.6332620869150101,0.5640985709476757,0.48584976437168875,0.563345377467435,0.610391189423156,0.5371198989088178,0.710090235885335,0.6638519171772462,0.5232004383640162,0.8560058991430265,0.7464647973744697,0.7497734266813546,0.5701602217653019,0.5841628534726176,0.5106048740474396,0.19272486556551593,0.13346412416988615,0.10530238769893016,0.6017183538709633,0.5084639897714559,0.9314065605898304,0.6927544479444245,1.0,0.7669481252234894,0.5372041854817565,0.1328353792000866,0.3861684951747202,0.431012418942726,0.4905051266159733,0.5642818846417406,0.6766557642027516,0.6916717312181997,0.3567428448266714,0.47731655775932064,0.5033840870755365,0.5115167601929527,0.7022815105453353,0.507390761121219,0.8185545970446556,0.6977740469091733,0.6194664262858612,0.6245508437085981,0.41333665470955017,0.6337502744609445,0.5963340125744566,0.4553226753604615,0.579800967298566,0.5663357306242178,0.6184961429708077,0.5821696515144018,0.47780487168378194,0.6843101514079306,0.4658149465743466,0.3653227040133671,0.47654882505260393,0.584307834737225,0.6437498252865546,0.7704508972033156,0.6640152067229295,0.544196151352217,0.6856726914191933,0.8464282695625114,0.3080991458620906,0.3216479516965668,0.15681094103256543,0.6504749637069996,0.04325930959337723,0.7285104121891451,0.8379988518730941,0.7337025587690793,0.15905693862842712,0.5874953156116935,0.4208852182516712,0.5459829393186758,0.5127587341018335,0.5912277721418072,0.4362511154260452,0.4716750653978831,0.5636064114092181,0.8797519346541569,0.6713074711830808,0.6175244476668649,0.7749881743464353,0.8395574972012838,0.6536679444870602,0.7653348377783813,0.6405839347320734,0.6922557841783314,0.45284505938152825,0.43057065769005404,0.2907807743557987,0.34015801980980426,0.7907027472537697,0.4666043030589485,0.7747567889912926,0.5412434105131093,0.7502217083299142,0.49094756692262326,0.5204391527891299,0.7367259171695026,0.5888081305186715,0.856370485283776,0.5043095259116215,0.7304857146013946,0.6424465757350822,0.5657204162539746,0.6526514820252307,0.5893420324091901,0.8758734620852595,0.7365834087968636,0.7513681360833994,0.11911555077590189,0.6608896580651351,0.6735731925887393,0.6611876956231265,0.22899988416138073,0.33618110242659865,0.46974236023890464,0.3762700850571647,0.8226379106940408,0.7365227913832757,0.8163037539717088,0.17234564769078298,0.2793623196365007,0.38602005006856416,0.6552021777542512,0.41671550256426115,0.6991101454596402,0.17720961261103393,0.3986407852796541,0.40429166668540484,0.6263449576748696,0.8351374883847903,0.734323061966862,0.8027447119194935,0.3017720849590228,0.6964570883454738,0.00014241680997941926,0.6872388125807808,0.09909722798528085,0.9193265314147905,0.7171339318027743,0.12086890070376427,0.6210013412331613,0.5856169204435346,0.8476919910410898,0.8508717995897436,0.7584711753070899,0.5887448487524498,0.6458216666198878,0.8155190987896902,0.8300593100195963,0.9158166816029729,0.6676938652850561,0.5565810348147009,0.44136085922994217,0.6808067325666611,0.7092475881191439,0.4656201208028856,0.6436933590855132,0.48845076507788265,0.6019235576718684,0.7556325863606987,0.6267668420284712,0.47692543549408756,0.8370491639850243,0.8158981015622853,0.5784499697276397,0.520081348443936,0.4506355701089211,0.6338017593863714,0.6866684658943519,0.5856258072191357,0.4419577060831827,0.6453383974088712,0.507791604116007,0.6792634785447135,0.754406825351664
DSI,0.681927698744021,0.7644865142824935,0.6045428869036207,0.7722100064098307,0.8214228620893909,0.7839272206839675,0.7246403724939531,0.6715983028167891,0.6911643806390353,0.9423398786574178,0.7009208153349233,0.7088784572090594,0.6586869285325377,0.6176543076776045,0.6836728711652195,0.21286427658228058,0.16185856770330284,0.13302003563556478,0.85606465070625,0.720210003339613,0.8412392328121978,0.502811417906377,0.7669481252234894,1.0,0.5574116128326275,0.16146785836857833,0.43810788650577764,0.476854538443367,0.6182075106317729,0.46899166725397273,0.7790983531626698,0.6382119795071304,0.38684140005429374,0.6112483836659914,0.6972625595328239,0.5329234674428948,0.7380785899384308,0.6778992881772338,0.981241340026357,0.6948123926761236,0.6475495050755209,0.6718552941785848,0.4304762387281639,0.6252422028729542,0.5148073280151392,0.47961678861695123,0.7538910507630111,0.544725654382192,0.6229333668164925,0.6046871329094929,0.706032766145619,0.5865941138753271,0.4803745011792609,0.5604765247082922,0.5298989840576342,0.8301787616411779,0.7050775645898049,0.7743324467338465,0.7070021489135048,0.6243960266360951,0.7017069793519827,0.6277139103372343,0.30001107844190156,0.3265508290515916,0.14594584653113152,0.5508724978340815,0.05120425917503989,0.7425350708865273,0.9720932568534467,0.7730751642121122,0.19761187473953404,0.5651238358178676,0.5244189393057075,0.7409338454579818,0.7573071062457677,0.541162668331384,0.4836651602362725,0.2853678950522187,0.8978166943662387,0.7984425700558989,0.9218063238788363,0.6315084975673364,0.9262466041568649,0.931088071181338,0.5675725411806001,0.7758434485074733,0.42058924183266,0.8345996739477001,0.4514378170302314,0.5357727396603379,0.32759389590639554,0.3895766903395237,0.9789333486974043,0.3719333061876606,0.8078546707699311,0.45411917204994395,0.773115151434061,0.6343384263990283,0.5492171265712884,0.6819659271126095,0.609596483984859,0.765605858938424,0.689377713947539,0.8707529715860898,0.9467067126121774,0.8793888912255994,0.8513340287065152,0.5705413987517731,0.8319859333922638,0.7820034989153472,0.8095261019953593,0.11773338680980781,0.6968853001079858,0.6260361569175877,0.7305501624513416,0.2557092167425238,0.3479902473516018,0.8216796090509675,0.4209271256065109,0.9782432192984202,0.5470549654593825,0.9782532647458771,0.18889286988585202,0.30876078621494824,0.47979279984949424,0.8796903330205862,0.47623651381902116,0.9525535429895791,0.22377558279976892,0.43640662729163643,0.5160105707078189,0.6973829592681575,0.6813124417477109,0.8576274096336337,0.7594850898326052,0.33217125109252693,0.7541486139456958,0.020259036571553826,0.694386851841492,0.10908324214301493,0.858177385757748,0.7173372968609483,0.15808072527254047,0.520182730520608,0.5595247851182922,0.8622899723344762,0.7279184485514038,0.9027586649683007,0.7077497855752164,0.7541458364632576,0.9457744362331072,0.9751800960960089,0.7681235588786894,0.95729767931815,0.6843486346525214,0.5089148451642337,0.7607094506206918,0.6643896406047944,0.6392974146423791,0.653812681299934,0.5298297436380325,0.5856710917153752,0.6720350669371489,0.7519818071967971,0.282990846946712,0.6852004847717894,0.782936204077179,0.9073163032861956,0.24519535298780834,0.29762522575516986,0.43207684928471823,0.8351222523351293,0.6028295619956103,0.33127061574004096,0.6300490034831502,0.6904560672224254,0.897440261996258,0.8410786003885429
DVYE,0.551224396246996,0.43947615015524794,0.418083168174609,0.4609751033678624,0.5136473781519844,0.4400030048954427,0.7532051840688636,0.7398444634682481,0.8088746025810015,0.5912134946308185,0.5154020835928274,0.6576256028627533,0.5748103422218072,0.46057959132540954,0.4386901287429963,0.26374480681967105,0.25433802769563935,0.18512174340021442,0.5614706437436645,0.3453922145255928,0.5367028437488878,0.4966383702730974,0.5372041854817565,0.5574116128326275,1.0,0.25823781866309664,0.66720488927738,0.6372523287867424,0.7578587606801896,0.6258218276267993,0.6878446818164661,0.7398353360571144,0.4733023110262967,0.426692931005651,0.7019936184457991,0.6415456623088829,0.7351073632399427,0.789268550505489,0.5693222763514426,0.7472306127218284,0.6457569785012061,0.6447785561418886,0.6841207378926665,0.6560900774354738,0.568648361885844,0.5622507069255609,0.6386514461429618,0.6209678472797179,0.6532191126607119,0.6529409038077135,0.6238940103601437,0.6914965402823148,0.6042173178948093,0.5544903024468519,0.7114012405719763,0.41732875424298993,0.6840014462518902,0.5530628365678315,0.741660961367333,0.9024861093455953,0.7642213436688562,0.41509796019071243,0.4857405696442506,0.501438699054367,0.3881422125629698,0.7392029070709139,0.17481060623958977,0.7333681369679694,0.5604539401012074,0.6185091660053088,0.26159374645014455,0.4321239724524001,0.5734308227032987,0.513585870856091,0.3329547323795292,0.3382624261339498,0.46694293001614906,0.39673507803308433,0.514259010869046,0.518434988982237,0.5084192139470427,0.4394778684845665,0.5419818215994621,0.5589201482212276,0.36497679451726583,0.47389785427437414,0.25612492955896304,0.5809770872576191,0.43865439477023804,0.6311459464478375,0.3552680263986533,0.6870224371193473,0.5513329481197039,0.3173136888290155,0.5330157884676305,0.44583441707150545,0.5031896606184295,0.5230017125964375,0.45608741665877794,0.46261761097742377,0.7774626839033355,0.5146938624792284,0.5378007542033657,0.5903063371071973,0.5116726022838624,0.49934017938342085,0.49041208691791877,0.492975215672043,0.5738928396851756,0.535935880243184,0.5558322679588642,0.234561555117668,0.7124020576288128,0.809847466667296,0.5562141518391576,0.45252959570419343,0.5026121685117291,0.47420136789844136,0.3932771415919714,0.5684916603157397,0.4792941217166734,0.5597603248357945,0.292040727712075,0.34325174627924954,0.5020911101813129,0.5267961674398017,0.5772547843559012,0.4880232817255217,0.19118371094286116,0.33529347025280615,0.47205897931873875,0.5440296436718546,0.4389503024052175,0.5593884413497484,0.5444055674787008,0.3437558789013617,0.7479598429262474,0.1583266237083398,0.7119639490093526,0.19435456018878453,0.5428317379984264,0.6742988760880274,0.2585944019073418,0.4331495515423679,0.7039734582236572,0.5747507127691411,0.5486766437929025,0.534898319429891,0.6891705181851653,0.7732156032438269,0.6951091357944786,0.5797345700777825,0.5543579178440734,0.49722770075166023,0.8404108420172433,0.48870821405959053,0.8011867391595947,0.8156163660250513,0.3065093214148799,0.4315596028137497,0.3946499589084963,0.42063131786051994,0.6014665684166799,0.4108584423984124,0.32067885941489227,0.4144852230119911,0.500063026750884,0.48102204741618537,0.25329910736125844,0.3000420356444824,0.3129722739211172,0.4776623695405013,0.5951833345077735,0.3141981541563805,0.4322704100852151,0.7687699059779901,0.6431959222748218,0.5211811943092853
EAGG,0.5967505414548607,0.16595322132971949,0.25166806052593105,0.19019763820392116,0.15825965624791105,0.1396149492247856,0.2775172435744232,0.24752183565113364,0.22442678568038965,0.14436190028151152,0.12196839817192598,0.23613356817791398,0.21294502853553102,0.08688593266970067,0.12108871883444523,0.9465347801166959,0.9884705780563012,0.8152745362305629,0.1821737209062002,0.09169688000368675,0.1731219465762465,0.22699774404761186,0.1328353792000866,0.16146785836857833,0.25823781866309664,1.0,0.6272226002381174,0.2115566957821549,0.2547284548551361,0.3791773311099375,0.2929520576760801,0.262947359438981,0.19173378891716153,0.1600997549424806,0.2266798754098825,0.2176401993531784,0.29041454599063105,0.22557245661083952,0.16423394232079605,0.31563317476719216,0.2655730112163356,0.28298671768693007,0.1503338124240706,0.2211014930888331,0.35299157717251317,0.22196240358685354,0.21293173779997238,0.2580895982406767,0.26376986495573385,0.2447445417878269,0.1897292961070151,0.2708458777522983,0.1965856632829337,0.2026841844906568,0.3052419068486086,0.12883618525478352,0.25141286488404024,0.20639699381595594,0.32737456643777574,0.21533882401793325,0.26830662582534714,0.18256382600166132,0.2761223883106012,0.2706867878063124,0.2571066415583708,0.11411166420927811,0.9246563204630986,0.2857569769935924,0.1606096691590775,0.09815711322975014,0.7156428757048019,0.2514230381959701,0.28438080199559546,0.16387739939437942,0.10077927155218863,0.20473687906447502,0.15335494474753852,-0.10256748575430272,0.12228187630947256,0.16849214807808852,0.11293538406152304,0.14629721481147104,0.13583193299238572,0.18956665569563333,0.06905720430904332,0.13843327925694496,0.020947552359390432,0.20250329699759637,0.0807979489367687,0.16274626799498304,0.9411463277066211,0.11332423342456824,0.1447867347613669,-0.008541571987796844,0.23587214026027428,-0.08217545621207971,0.13058628783285808,0.1983428102385038,0.40144450495049444,0.24529120882537953,0.16742462792791374,0.13825278952232695,0.2034778165147614,0.19424316362487826,0.13867740816059104,0.11407169020310177,0.08600280476133514,0.3747627084963444,0.21361463540448802,0.11148291569582415,0.19937341447129814,0.8783550269460926,0.32334140121188676,0.3023484044708233,0.5159813042643703,0.16098640311098175,0.22758027138422066,0.08321220960376086,0.1217610711140881,0.15963618320563985,0.24735483100098937,0.165773712664293,0.8727073845259993,0.9456188677345296,0.23572417800121037,0.147361450375803,0.2629241543444132,0.1344685668031836,0.023814824368220418,0.0903038955744898,0.09286541997079537,0.5616408490697278,0.21633033301037635,0.20757525160967408,0.19033802663266963,0.9113205454803648,0.29388111076610246,0.9460814081822921,0.29305188160950807,0.9448536528173682,0.18817905212199804,0.3154975918433005,0.9562531787303832,0.38679310428105695,0.4115886442044468,0.20206601077200942,0.2048297617284918,0.1745476476723255,0.262917799367981,0.28696865993732834,0.21999760267104648,0.16760886806067984,0.1658312103571074,0.13561368443281077,0.21729114967440444,0.7968925667248966,0.28337368667450763,0.2707009527307734,0.12572449417396708,0.13911379996972312,0.22888555948734596,0.35298593788761,0.1950842240033057,0.15995854800093925,-0.12686108845337674,0.053999866641943686,0.13319281385189846,0.1011078385568255,0.18903106247471532,0.27776162064600646,0.1950071017272075,0.20286373657126883,0.10795608631069384,-0.14043232075984874,0.20515565216257098,0.22457174208092012,0.2367384403775241,0.07564934597072057
EBND,0.6527625086657036,0.40077090081038774,0.41898510608423506,0.4093519446933548,0.41615481376751823,0.3760883019112811,0.6898630083041662,0.6629472508434355,0.6451510888902614,0.4365502985600555,0.3618070990280538,0.5729660043686322,0.5130528686003254,0.33225567692014457,0.3756228473913588,0.590553550247957,0.6304799349517962,0.5096241209547706,0.4881835483682596,0.28930178472931256,0.4091630774088762,0.37529582499957337,0.3861684951747202,0.43810788650577764,0.66720488927738,0.6272226002381174,1.0,0.5839733849920203,0.6455924286265963,0.6661597525710659,0.6549873045425891,0.665407655739849,0.4450402714071174,0.39805308101060854,0.6186458980640874,0.58923995254439,0.6848468021494479,0.6467506335147144,0.4400765496697994,0.6822648219761241,0.619672669013163,0.6652099354484429,0.4691906340601249,0.6173362790215555,0.6064661949879592,0.528016510583881,0.577129139159646,0.6272065583433744,0.6468982540458367,0.5849267547861412,0.5274153580970476,0.6164942847150331,0.5693175960084599,0.522697192524847,0.7049788979726327,0.36029494053429634,0.6529044357201093,0.4381416858393073,0.717620407430937,0.6436352354789641,0.6791049558752642,0.33022326778651645,0.53397774041467,0.5493406365696137,0.44302719799523016,0.5040606887717081,0.5433327157120008,0.6825084062863795,0.43296385717687613,0.4013580673556974,0.5008331860031641,0.4062419700565876,0.5257802871515083,0.4209277260103641,0.2886652522876824,0.33096713981245324,0.4219953058155898,0.10741007853350501,0.4103661880200291,0.3793119638974821,0.3773629647073569,0.38119296648041034,0.41435522608170533,0.4405308761083798,0.26382455985161585,0.36255036042205235,0.15781363596493203,0.47880491807669495,0.31310147853690073,0.4662768210560089,0.6571215411108953,0.44890122059377624,0.4230477711850032,0.14773122998890229,0.4520726556374891,0.18547292104369953,0.37777512100710325,0.43234429198522184,0.4855286801170242,0.4041450176948376,0.5908423018842057,0.37166621754404644,0.4352387961706859,0.47945807866962736,0.4063487801672911,0.3885706903880481,0.3346888861003454,0.4869936249143334,0.4484125081332629,0.3686172571397872,0.4428845721638054,0.5584522507300256,0.7022461880078028,0.619260013046881,0.6169465488022376,0.4155681153594424,0.5198761667025003,0.3530548371302446,0.35899709637990923,0.4360422503404625,0.3797214240087876,0.4399154247902559,0.6314277029236558,0.6556181903718361,0.4431690472333115,0.4123836294376292,0.5550389204482062,0.38996051365170475,0.13472733025179356,0.31285353942800304,0.39556034472724283,0.6417609291777058,0.36087380711767586,0.46045000619726856,0.4177005974908117,0.6203666096537795,0.6948984365408261,0.5710219258140558,0.6849188571267691,0.5428169502482008,0.419251377154495,0.6485193552451167,0.6259575166583133,0.43441167343490705,0.7026437112901102,0.45281012970807855,0.4175003646264048,0.4353005881271155,0.6207984099540956,0.699074135234085,0.5731595973197405,0.44919697775542794,0.3977188872462724,0.3998990683638996,0.6563535939611725,0.72905535477357,0.7076248673536558,0.701494522481698,0.27902343023279175,0.3481120242478214,0.38747792635553324,0.44246742759381463,0.46996285120046405,0.3466697913126973,0.04144202630333819,0.27719042808176736,0.3742894435701877,0.36756176569959453,0.2362255596697548,0.2950848383447853,0.2805727934582406,0.40900255248250306,0.4318450839867057,0.03582581246259912,0.3773371946555576,0.6349610949116636,0.5553903962826344,0.34463799571171766
ECH,0.46438158239700916,0.3930462073968064,0.41239440277734657,0.4232039393961818,0.46187956196958324,0.3927984251532164,0.640406380593532,0.6294296051328844,0.6086059644941589,0.5144015422355726,0.45777083247623124,0.5509607779087803,0.49350065174355134,0.3882666654069878,0.38032627880554576,0.2126800202436607,0.20410110221175876,0.1730004636244929,0.4878891429633082,0.2945904121984981,0.44998420025103963,0.3971831827855855,0.431012418942726,0.476854538443367,0.6372523287867424,0.2115566957821549,0.5839733849920203,1.0,0.5839190161377142,0.49457262065653773,0.5899286824615027,0.6161707836920194,0.3582974943021852,0.38074313420393285,0.5807730630306829,0.5219410429691838,0.6213212220511697,0.6059760636762453,0.48581158578910283,0.6052080879115151,0.5749395364205258,0.5765734543110168,0.44266047445255957,0.5739877358516072,0.48723696703884545,0.4680819052249864,0.561138893981896,0.5607611332074267,0.5630890281778598,0.5290282168954659,0.4952559215188975,0.556367985428814,0.5412747097183941,0.47505790372535395,0.5851378256774434,0.37604999470665834,0.5923499010592623,0.49920367143717703,0.6335405557294311,0.6094835297657202,0.6282630011730356,0.3472383822743219,0.4226850075464789,0.448042604551146,0.3162202057461847,0.5577861064356905,0.14060124590635487,0.6214142724061917,0.48176796939857147,0.5215721465317276,0.22564780992381217,0.3898883746349151,0.5209689264921142,0.473461343603394,0.26660204172972474,0.30320177192383096,0.37991622020233107,0.21512460503312816,0.4404248407877692,0.4142639590056471,0.4307888873102104,0.42544466689497307,0.4748926384845442,0.4653039962618418,0.3569392989076612,0.41650311595770345,0.2324832700935682,0.5242465321685993,0.34018612681294413,0.596333986366621,0.27612135045045894,0.4374907151409068,0.468216514013022,0.21655729201431625,0.4522006194640099,0.33048032131374383,0.47075972143043127,0.49363569938311974,0.4106143406986906,0.4198462749571498,0.6323584911266869,0.44391513204621696,0.5241830491021356,0.5298157035970301,0.44646653634746636,0.42679496137186745,0.39940878475779545,0.4466934148766841,0.4984930586883715,0.4448425003543226,0.5098214570922137,0.17993015040843122,0.6216168207583632,0.5978363822077524,0.4707596944145099,0.370081664730204,0.4658830351829264,0.4058975287384473,0.32738763853187447,0.4832781816810105,0.39479128409122893,0.48163945241888234,0.2286956841633814,0.28050850545843253,0.46253054789437437,0.43451974190310716,0.41688964014185614,0.4271839424652584,0.149652158319371,0.3255605600643948,0.4124554678817396,0.4649206849788896,0.3423759953646612,0.5107955486165111,0.49067936180944927,0.2631400683147383,0.6333908476687404,0.12940264633623774,0.6100671009355705,0.15722954000713912,0.4500611569241737,0.5515824823620383,0.21661748472801903,0.36170160753244524,0.5592305060950984,0.505293014238609,0.4790982888816509,0.47636838590926434,0.5739445431217615,0.6393547531348213,0.5841672872219716,0.500217771327503,0.45946277495882343,0.43250167038036164,0.6191604953866853,0.4264509741173124,0.6529655487885363,0.6434150124675837,0.2526730712555595,0.40810974625254165,0.3822980359194352,0.4201198178200495,0.5229794044945938,0.36224078909331997,0.17109720923207064,0.37788031094511376,0.4576822429861595,0.4131294743161205,0.17796933649474675,0.23508894056350982,0.2336305160474967,0.4440116495113309,0.5248861098668441,0.16967501954214537,0.42083632597889925,0.5951198372515831,0.5643845406736101,0.41338681546623074
EEMV,0.5189212519666272,0.48238670093971747,0.46628774718836585,0.5219745368716308,0.5994361036755184,0.5064168674785957,0.7645307384142619,0.7398879708091024,0.9348166934824245,0.6147536564556219,0.45045167713837647,0.5981394158917267,0.6580247989714338,0.43144883038597065,0.5068741258752341,0.24927529472202414,0.2571789748203093,0.24205191049404395,0.6758807627522483,0.4159484799204789,0.545668511377296,0.3400268006963221,0.4905051266159733,0.6182075106317729,0.7578587606801896,0.2547284548551361,0.6455924286265963,0.5839190161377142,1.0,0.5822155862378842,0.7741262356524794,0.7063097919064367,0.4404352124298814,0.502966040363332,0.910213106098068,0.5783710894497042,0.7655804203737284,0.9342473557049892,0.617823251677992,0.6966883805845967,0.6690308098893141,0.6715313539122747,0.6150626582563368,0.6435035155333718,0.5808153562660726,0.5783528260646115,0.7199475071353024,0.6171253776246804,0.657549398951998,0.6373449812033408,0.807015460423401,0.6422596373512032,0.5531798764730066,0.8172917600241002,0.708176172661399,0.4590949084689339,0.7124032400121286,0.5381734064790983,0.781231984739109,0.8530088041052619,0.7866681137626311,0.3376833026242618,0.5187550315720914,0.5345969342506937,0.39914151870470826,0.586635194511045,0.1852059255430742,0.7411556535411099,0.6022035754998314,0.6503379984792313,0.2577111954552299,0.45107777989052955,0.6259691728022199,0.6908760720084011,0.38141372089590586,0.2986333120877844,0.5843370662196343,0.16863853178632082,0.6790665859554303,0.48169617504141277,0.6061569893111861,0.4830421811590553,0.6527045017038678,0.6163549507154265,0.30606005489313237,0.45605504441943256,0.1563449833234618,0.6616926313670605,0.49594536161003705,0.6350210287148538,0.3407148205247887,0.6210108469451441,0.6113912025567942,0.15014764453831872,0.5045697691011474,0.3312629739206997,0.5404799827420049,0.5691444593984456,0.41318572093571615,0.43149519072821163,0.7321724587851673,0.46118524811716816,0.6032928133923298,0.6612465727432513,0.6297475765384002,0.6386626234145077,0.5618881928802151,0.4315439529374162,0.5469135257338306,0.517083134382264,0.6032187488944952,0.20160764173956808,0.7423206049344694,0.6347791385635354,0.5282560138847735,0.44617376381653745,0.5216361492276589,0.6243381866524305,0.4858302781008281,0.6146382483909348,0.34979152413685183,0.6112117614852185,0.29320213966308895,0.32731606371832783,0.5306601121087938,0.6183002832541297,0.618208115409383,0.5491364368410376,0.22782539434311555,0.48737105614092446,0.5273643467169151,0.5111185281849061,0.4018953733851851,0.6237046485923543,0.501865710893569,0.3202315262920513,0.8181553586588045,0.18014734542243196,0.7230593354952617,0.1810527276983284,0.5448680288905354,0.6875438518073257,0.2628308190100984,0.34569721312927276,0.6839268435056435,0.5796444696146426,0.4791669749912998,0.614883337657775,0.8362450084712147,0.8827149701867947,0.756292487741305,0.6235374648781878,0.5306892578950769,0.5777563004690232,0.8966289442886584,0.479396835335336,0.8713257631903907,0.7653481048540621,0.300471223776388,0.5056102457523431,0.4369606954704735,0.4505036683599735,0.542274652174479,0.3852264390911125,0.11739684967447998,0.35829463054606564,0.5502199007771414,0.6269092162052684,0.14423218206920532,0.23200056748062195,0.26513266057944956,0.4855619937166728,0.5836068625527212,0.11680811311448583,0.39630301725831235,0.9299029548541542,0.7200452413761123,0.5240044511701721
EFAV,0.5702723498704121,0.3748112854287977,0.3865380705972559,0.3704213463462502,0.3834898271550444,0.3386834502492515,0.8385293139174895,0.7678110920699095,0.5598424470542689,0.5078211083670425,0.4558164278010053,0.6727413137881315,0.6698875452875875,0.3997642425527881,0.33577483140146225,0.3681874248582405,0.38631359352919287,0.3035950014635507,0.4865975620211746,0.3065544354727931,0.539811332297181,0.5555968318045484,0.5642818846417406,0.46899166725397273,0.6258218276267993,0.3791773311099375,0.6661597525710659,0.49457262065653773,0.5822155862378842,1.0,0.7746110820889477,0.8767292756826468,0.4121638433613912,0.3986342994964027,0.5186140740478725,0.6042014961612059,0.8466234442542606,0.5500043014679199,0.48957245624929074,0.7576629185190482,0.724617215648736,0.7715757340692105,0.47838086600921403,0.7694883882244339,0.8341041286362474,0.5064367947375717,0.6106625649001444,0.7598263548459574,0.7834485847735837,0.6879864484784283,0.4368018897104544,0.8479811779076022,0.5276633112898247,0.4048579488302678,0.6084246725856061,0.3266843309138081,0.7656527514851632,0.5125105625176141,0.8189902409672101,0.6034645547110917,0.8272957011813173,0.5884984235201052,0.4577993000397157,0.4609769658862549,0.3599302672035275,0.5973442628480312,0.31425405017374447,0.8506072609315763,0.5003510313737934,0.6528877186624363,0.35534999388435096,0.4982668828542058,0.47525540535453503,0.35544216104074966,0.27556164599123356,0.4613280890725797,0.44969228444091963,0.2965350227882228,0.348372216179293,0.5757565527677633,0.3855876255610279,0.3877348444840961,0.45831858080789384,0.5367678735386093,0.35887066859736627,0.42783140930352354,0.4325403293098841,0.4711674052697712,0.36847816944869105,0.4079357640572552,0.45371773870098053,0.4116282096375859,0.4614144850285838,0.2731149352228732,0.5373165922471267,0.2898025566232378,0.4380554263587848,0.3597478194584978,0.4568302743626748,0.5257871012546725,0.5619082314303874,0.5058601085298179,0.3609771327205907,0.49552227426317513,0.3773512727878638,0.33175256034229156,0.38156629655409735,0.5290353322876177,0.5852123071513952,0.48081714066744013,0.4857191863784092,0.3323101484157222,0.8217230870139056,0.6822538251734054,0.5739757619887254,0.3232991391491709,0.42786167331159086,0.2838141806302411,0.35291157280955876,0.48791735035896694,0.5620566228791742,0.4911291563989342,0.4325345961645511,0.44928287672124045,0.38535524476937877,0.39835791130983206,0.48440943319479607,0.4010515113996482,0.13677539943795566,0.31771069778677596,0.3442028125712697,0.5729946672087225,0.6050076242392415,0.48172235627869747,0.5224056172598212,0.4235103992043352,0.8151190163448394,0.3154838626675889,0.8486797974478063,0.3027361433037523,0.5772613843495069,0.8689318121264229,0.38575365021000335,0.562223622243875,0.7988882786622279,0.5617579540093507,0.5912234392105654,0.4691592840016019,0.6849789254769115,0.7521113466973358,0.6380709064814826,0.5018355946784889,0.5869041243074619,0.3818114206935766,0.5886719623229004,0.5417011159671853,0.7812218423610918,0.860841093201183,0.2721749212729255,0.4113761119729956,0.43492290951060064,0.4791181718046645,0.5789367321352249,0.41039842731088916,0.21779532454620248,0.44999512571242384,0.48522793405468234,0.31312089768193846,0.4917868093127526,0.42509569026304184,0.5091843243690521,0.4280654816941281,0.4096541335953931,0.17315686220060209,0.42218857008032035,0.5376170646721795,0.5608444445643007,0.454552222989008
EFG,0.6737982460673053,0.6243971239028031,0.5820662281643767,0.6442245542648479,0.7070406688791585,0.6202674855235014,0.9421434073527242,0.8670592401714304,0.8080669352059784,0.7844493808051403,0.6085621401553912,0.7533156053942854,0.8331048253230277,0.5524985540439021,0.5967830232871867,0.3096926576197817,0.29276512506150226,0.26496143655579973,0.8262216528138611,0.5506681968986278,0.7219536241021036,0.4733653622995913,0.6766557642027516,0.7790983531626698,0.6878446818164661,0.2929520576760801,0.6549873045425891,0.5899286824615027,0.7741262356524794,0.7746110820889477,1.0,0.8748110003435086,0.4342611570837523,0.595670498425914,0.7974622715094962,0.6672379115027975,0.9703265309240069,0.7995870517215781,0.7888657379937907,0.8296581674375663,0.8540428792866349,0.8882371309462258,0.5544435603485256,0.8314460324309823,0.7877208469121149,0.5535936940535942,0.8984596730687143,0.768518421696466,0.8741751132611059,0.7262733187864124,0.7406334868921708,0.8197003622717426,0.5959402758523594,0.6692895140465456,0.690500817708222,0.6181094559906941,0.9266060016223768,0.696258854622892,0.9098021435271972,0.7470939107533937,0.9166947782234265,0.5562974382543764,0.48465159772641214,0.5052088095996221,0.33794896470181385,0.6436943451039722,0.19755513129765312,0.952345425647825,0.7841882946592162,0.8786148715807806,0.30254824801302316,0.5785794402452147,0.6227092782893859,0.6940713574193506,0.5275383889671703,0.49954399264230037,0.5434383085111374,0.23068914784522848,0.7537358936270576,0.690636863875303,0.7436973559873926,0.6089393222823571,0.7953105754292804,0.7876074468960603,0.4505627330762843,0.6301583341739585,0.34197688213346744,0.7680061942916911,0.4406241284970218,0.6059438830021918,0.4166324462110482,0.5046256406665589,0.7737155801142908,0.2513039755646895,0.6927295037647727,0.382809869355899,0.6999069102033354,0.616280477913946,0.540521301118308,0.6337392772899147,0.7399320194797072,0.6538541233509373,0.6525720816149524,0.7891059541224548,0.7536179108252953,0.7343996604544709,0.6937494410834768,0.5565260310556288,0.7359299759011935,0.6813944359230781,0.731801826962121,0.21554153519714703,0.9104949941690327,0.7028987258897529,0.697610802527838,0.3952075421467768,0.5007299524870353,0.7035347605545441,0.449853344316519,0.7859302456992504,0.4988809404643543,0.7864761363929712,0.32811707432244563,0.4027671164067916,0.5346697859924693,0.7333538331922157,0.5673180486383592,0.7226483885627503,0.21830745140238655,0.44752109191510187,0.5398850475311655,0.6800724748500899,0.585090412160372,0.765706502505322,0.6757915629809815,0.40185899384620066,0.9665809973541613,0.18063362734241376,0.9398858268523942,0.2224883879891984,0.7374898418902243,0.92752346300872,0.2939256087820866,0.5027217277242476,0.7659261815985662,0.7587406596920117,0.6592652101368668,0.7737052555084215,0.887180827592765,0.9457199392392165,0.9021427277324076,0.7953564573589444,0.6951034812786396,0.7334495572904255,0.7939118650792796,0.5782054308517858,0.9529534140005249,0.8754903533706613,0.44676990588222953,0.6237581208966827,0.5303851268814491,0.6010236956985155,0.685849881230942,0.574704809616209,0.18123226095578607,0.5520282791684687,0.7195121654283618,0.71659881799231,0.2666056728998933,0.3096979331099934,0.4482237740264775,0.6708887114249485,0.6273542300713232,0.1933197503798785,0.5553291280523848,0.8017831893836674,0.8553741849981141,0.6875055183786286
EFV,0.647012297854584,0.49518631517743683,0.4757364972512076,0.508208578103734,0.5628414901602097,0.4752719340695137,0.9661353812493412,0.9160689630904764,0.7284431430219727,0.7071802609302594,0.637068817372185,0.7793083433252089,0.8001330001708526,0.5475324294704247,0.4691773716753003,0.2807729943131491,0.2633468707816791,0.19316171494854248,0.6648285106079355,0.40230618918985805,0.6876269648089436,0.6168655651842126,0.6916717312181997,0.6382119795071304,0.7398353360571144,0.262947359438981,0.665407655739849,0.6161707836920194,0.7063097919064367,0.8767292756826468,0.8748110003435086,1.0,0.45892864744127454,0.49618339524467386,0.6877900747901659,0.7090540774275507,0.9590519045331155,0.7128494477046615,0.6666346375534293,0.85404270092498,0.8357141884553334,0.8778950808066185,0.5684850841487484,0.898515405602336,0.8070579390619799,0.5540271013296509,0.7656908906924456,0.8657829156051562,0.8802055485500907,0.7384834130247936,0.6130466324214342,0.9082104286915285,0.6167106957582082,0.5460531011999125,0.6995093968855453,0.45932935418934157,0.8950411344423301,0.6782170786085663,0.9200688123096955,0.7469963517129381,0.9650633486192872,0.5999377824227985,0.4759278234790715,0.4908731273088115,0.3358985935,0.7629254781961212,0.1727821986338843,0.9612522562729905,0.6690757743342063,0.8357431721163295,0.2722487591637298,0.5334934558118962,0.585077645559915,0.5475558097834673,0.36410228413883045,0.4702967385007376,0.5189677502888358,0.4204738405380884,0.5389485414425133,0.6733005990363418,0.566453736720049,0.5694903205503766,0.644327177798037,0.6764896616598823,0.5200746276742069,0.6064963306297724,0.4626133951643512,0.6477163803263344,0.4559402728886592,0.5732759700736665,0.3869625648840669,0.5115468132652574,0.6382219164400853,0.36351909612055655,0.6439441886619627,0.47982799268207454,0.6340049878861003,0.5364582320500451,0.5634384856648701,0.606004721648568,0.7641278461561721,0.6674657020535014,0.5466824960509755,0.6607543936826822,0.554319122879116,0.5172275387982243,0.5522008616415771,0.6102109300113233,0.720596075935854,0.6558537395704839,0.6679238887301655,0.22010510701641092,0.9241086458968951,0.7939197865443155,0.667628371061354,0.3902357821633008,0.4876418312486853,0.4832061448019631,0.4324623980213828,0.6673302571746204,0.6221207064843262,0.6605577522230103,0.3151952177735595,0.3770299284223002,0.5015719598516931,0.5659016282631479,0.5529804949862351,0.5591723741468894,0.18797362186928843,0.4090640657704882,0.470729344627841,0.6498253417278752,0.5926908285023125,0.652231519140073,0.6846352914491858,0.37129059542147996,0.9432277723554011,0.15189522108490597,0.9453854195177442,0.19430008601933949,0.6955968152204719,0.9045007873565422,0.26401460614932076,0.561659051182032,0.8200311470702429,0.7098412658544019,0.7086879397371623,0.6371945848731176,0.8282553606526344,0.889529896498451,0.8117457848546938,0.6812879639731038,0.7198290978156048,0.5521854982687944,0.7470856746384266,0.5484897346929516,0.9220961343942863,0.9803286382423758,0.33920669313488266,0.5467699208758547,0.4772422978209162,0.5650476066075316,0.712240679000264,0.498870071171796,0.34682568368324795,0.6023371406397782,0.6596567313128103,0.5021600436816939,0.3748704165866995,0.3817596480132409,0.4632639515693569,0.5704776345439572,0.6006104070023623,0.3143232089981188,0.5368108432324274,0.7060457298004046,0.7158412719462321,0.6218867204841669
EIDO,0.37274042901635607,0.32361257148614586,0.31519528360598276,0.33399162389908243,0.3386714703617779,0.327597865334681,0.4705855075315823,0.46302460082541724,0.43109020404171783,0.3877044632008594,0.3071720164544015,0.4070710643783776,0.39012583357641895,0.300495854384413,0.30166233911066737,0.18784405620864414,0.19365620008536613,0.12509393039345565,0.38267469347253197,0.25162437083528166,0.3622570627587241,0.31099204558286814,0.3567428448266714,0.38684140005429374,0.4733023110262967,0.19173378891716153,0.4450402714071174,0.3582974943021852,0.4404352124298814,0.4121638433613912,0.4342611570837523,0.45892864744127454,1.0,0.2634274620696183,0.43606556652010153,0.36926768479018524,0.4627003331908954,0.4263710738814741,0.3939793739491096,0.46957155535982137,0.41631873720983115,0.41191626626934585,0.3146826149821114,0.42202107408202016,0.3828426520977914,0.42886701616936035,0.3956075073535896,0.39061141069796734,0.39849847550797995,0.44249463068518136,0.37851683550614074,0.40824008054150507,0.33859560507178216,0.33255472261374486,0.4280418964482911,0.31117978706087895,0.41990592181978614,0.35415054747456015,0.47243606403020333,0.44272561449444275,0.4667093035164129,0.2940852835671672,0.28701872455740823,0.3057873635305228,0.19024207182971578,0.38053518106684214,0.1322060749018295,0.4665260175968254,0.3885461456321633,0.37756363253511693,0.15045174737263056,0.30679533538941844,0.3141002333155516,0.32645533972017515,0.2650762735430736,0.2806420233423475,0.3393194052003653,0.16357565998810072,0.33458541867640995,0.37816794784277674,0.35383645770985833,0.30699087266107117,0.35783603567562466,0.37815878578503487,0.23681361915629248,0.32308038775846437,0.17267209442960976,0.3622632955451555,0.30398820184288095,0.3337281917511593,0.25177859048865825,0.26309282295086944,0.38233823467404376,0.16238446027431697,0.3908211789893997,0.23068163292287008,0.3186558390538531,0.29647495435378013,0.3191513016094223,0.3310699657100737,0.4254408289441204,0.34167800447955327,0.31325711375365417,0.375394262294518,0.3475735519525837,0.3033829935125588,0.3398924611883987,0.2996300975683666,0.37836878240593974,0.3516962015994932,0.3583264679110641,0.1574441259663757,0.46357792315395574,0.4361809676729902,0.36944554569221283,0.2456076089091864,0.29615379955468624,0.2814799892306968,0.2631148247555007,0.3935424743596515,0.3187351394538994,0.39195712331194216,0.23629315933748546,0.24903935580291905,0.2639742127211695,0.3451019961215802,0.4506308705845995,0.35181514647135254,0.19390960159231782,0.3013502932857617,0.25776589302737746,0.36130963576934677,0.3072668284068339,0.37287324023334145,0.34725479149786526,0.23787954611601894,0.4682070766203715,0.14271207194482408,0.4432665643336346,0.13709853959304538,0.3715577519738126,0.458188860786566,0.1888225674420243,0.335966176573639,0.458065800695416,0.37855807339494674,0.34954448525614035,0.3685364184211447,0.43312404031431856,0.4622771606782697,0.4484931119778544,0.3962104228825701,0.3472644501424821,0.3606452935822882,0.45040302613017996,0.3384983758580091,0.4783003088857228,0.48489951417737515,0.22942139185898633,0.28437068064850146,0.2990896830290022,0.28427049177766667,0.375638290264334,0.3183088339334602,0.1314714537951219,0.279721822843048,0.32973133583830816,0.3212800686920856,0.19393689406122272,0.19898259664540457,0.23220236911517647,0.3423225076344882,0.3196231381382315,0.13703848321894396,0.27540347689400935,0.4286701702316362,0.39758794052678587,0.3605979175585528
EIS,0.4743709482190345,0.5520350412231474,0.4549009968029388,0.5471795993857551,0.5764676928418832,0.5463849916984581,0.5631772620403669,0.5503425331675212,0.5315841103536846,0.6153483488982134,0.4866407026199931,0.48404137821624466,0.4844544305917783,0.39439236040287035,0.5045364521138997,0.18596591885444114,0.161155109406437,0.16066633979954717,0.5970722038882161,0.4796665578196724,0.5450723125159047,0.3503184887748703,0.47731655775932064,0.6112483836659914,0.426692931005651,0.1600997549424806,0.39805308101060854,0.38074313420393285,0.502966040363332,0.3986342994964027,0.595670498425914,0.49618339524467386,0.2634274620696183,1.0,0.5402241254345747,0.4067796557047336,0.5678648311774136,0.5184817755362454,0.6234594091557089,0.5034621661901858,0.5172691191115765,0.5412804210054698,0.3484236401815458,0.48659691767681573,0.40450799664784626,0.362351993325163,0.5668775724713245,0.4506348493341257,0.48617946272683077,0.43290158403792084,0.5139662284335168,0.43461138719637443,0.3747340755479085,0.4582427044467278,0.4191125991413092,0.533585058540651,0.5500659720540024,0.5554934331165698,0.5683870404493125,0.46313221693593637,0.5335844758690094,0.3663158744839779,0.23705729692874491,0.2609850796461183,0.14259681720334222,0.38422843075675245,0.10274693230840644,0.5526329140366658,0.6170258491911794,0.5439503590503483,0.1933113306064618,0.40505818325415266,0.46227821627485555,0.5682960892339579,0.46251301659705796,0.35432450921971514,0.35302294617967644,0.11681917730030686,0.5861751845107984,0.4824317253239517,0.5957861559937664,0.4679789096423722,0.6163674737012831,0.597582590931148,0.41062419951097495,0.5250253965169076,0.2558612737659979,0.6351259182486676,0.3747799864287739,0.3987205210876381,0.2605318465896783,0.2828942296372762,0.6151026262501047,0.196273503149638,0.5149762967562312,0.2470715909878316,0.5275534283073592,0.5016631953142092,0.38925603127224934,0.4466661563275458,0.4658174309496132,0.4955863139937653,0.5242722392690883,0.6314090020899119,0.6110862420444343,0.5847107748341421,0.530564181540289,0.4110088632627003,0.5481994111455712,0.5275588791406078,0.5897520790737978,0.12015620960003007,0.5800272220006396,0.4807566490530655,0.4913607281383964,0.207335574169966,0.2679004091929308,0.5423861263659687,0.30678445804543486,0.6166003079272713,0.3722720689947561,0.6224326821175684,0.17530603268777908,0.24385583886438153,0.44030260947010397,0.5657986796765373,0.3289380273453357,0.5939504619178202,0.19713946249763037,0.37006214556759504,0.3742798811709271,0.47821423236376476,0.3982391936125504,0.6162374333737025,0.5268320093117553,0.2554401808690056,0.581507332416082,0.08009168224634183,0.5431557133425076,0.12145123575938639,0.5401834820043998,0.5159865141259324,0.1593775796255459,0.3520510656306196,0.49038555411332607,0.573995598851033,0.4839091778203832,0.6002917216335186,0.5399443103071414,0.5809715718973568,0.6452045554290177,0.6272704738006627,0.49240721936348186,0.60167557997154,0.5066473083052662,0.40019979710642983,0.5809741328975345,0.5076212542569878,0.43178068993274515,0.48502207006034637,0.40142539041760694,0.4287878646545839,0.4568683060969342,0.47845877120213687,0.10306725306945952,0.444488553010699,0.526765053087679,0.5806295073909162,0.12130255062571606,0.17823502404971547,0.2710053482452914,0.534547347974668,0.4618188835983865,0.14409872404617013,0.45116457610588734,0.5260294463122067,0.6436257704043064,0.5057223573562687
EMXC,0.549833784310405,0.5332144148890118,0.498643521617,0.579748497417431,0.6730955989224419,0.5657762490448109,0.7670284253110611,0.7418382420416855,0.9432351583608748,0.6879575199163303,0.5059163024014655,0.6193754021241078,0.7032446371511457,0.46073684835614176,0.5768741922550156,0.23659104327892672,0.22811436460196435,0.22120959285119718,0.7486928567551672,0.46339914303571533,0.57296210500221,0.33441373545750347,0.5033840870755365,0.6972625595328239,0.7019936184457991,0.2266798754098825,0.6186458980640874,0.5807730630306829,0.910213106098068,0.5186140740478725,0.7974622715094962,0.6877900747901659,0.43606556652010153,0.5402241254345747,1.0,0.5867054895459508,0.7722216928436997,0.936331519509172,0.6906132373936921,0.6978716140078758,0.6608432368122602,0.674586050016262,0.48960564293661374,0.6388744866816666,0.5337480723375695,0.5463784029585699,0.7687972199459749,0.6026630695000577,0.6428411555336795,0.6150619195239333,0.9000465656019769,0.6116070838323746,0.5609926940579634,0.904157017443965,0.6897024894109157,0.5160335597081878,0.7204100020968389,0.5870717612398985,0.777167994288759,0.7890853641779912,0.804515477092475,0.31803665050225494,0.4952225988994682,0.5176063889720778,0.37542327724710284,0.5901951444050635,0.14733801805725455,0.7435863639218318,0.6697917140046543,0.6868628209587356,0.22421384087445068,0.44572848415987326,0.6428500059721619,0.748441978726344,0.43189110364368544,0.2835952173281497,0.5947105489722184,0.19767975058563167,0.79280845034957,0.5057037181625629,0.6981250904400401,0.5133626533586938,0.7405902811096569,0.6695445487620321,0.3449014371476693,0.5051345174466934,0.13514060433572544,0.7162559051976115,0.4542399709168595,0.5966433777433267,0.32723625469022605,0.4588780634471819,0.6864169353683182,0.18594417387435352,0.5187067185108294,0.3824451978186012,0.617799609973086,0.6205398342351028,0.4592769252353419,0.4554789939178169,0.7349853910005832,0.490021610406394,0.6717035454510143,0.707009954637194,0.7212814037463979,0.7294883429343972,0.6410931620436162,0.4360632842321139,0.5754336556451293,0.5828577346205175,0.6633712891654071,0.1744224171336107,0.7373055768060012,0.5995893733248614,0.5558760929356589,0.43295070201362473,0.5137161493063387,0.7508632627358636,0.5077436713318129,0.6870919013341117,0.3332210763239797,0.681667046677713,0.2569942796224954,0.3125761511417555,0.5345404807084823,0.7119700253507871,0.5950593663600022,0.6271709100217064,0.23599950154675867,0.46654059269223314,0.5804804239511059,0.5384105327427975,0.3860353064721669,0.6886993446007704,0.5453319768078868,0.3140650484991554,0.8375114735718299,0.13813735480059605,0.7160128573746042,0.16369264645978565,0.5741227460160522,0.6775475079020066,0.2318534040248488,0.3285015317416457,0.6232589223623567,0.6258180689893668,0.49751062945953445,0.683785715977241,0.8828418361388941,0.8897385822469255,0.8047328415892064,0.69448026352148,0.553538916679957,0.6639047295604517,0.8569238750564103,0.4770293074735315,0.8747240576454706,0.7340508580745246,0.3254732783329633,0.5527450063575435,0.4441719335808927,0.4762876030069573,0.544980427945127,0.41558904092971316,0.1552540210542482,0.37338612358018347,0.6094592516310318,0.7326586153697854,0.07306161414250198,0.2201468943563098,0.2208669642520403,0.5356788698867406,0.6288112589532691,0.17106256269422682,0.43062032511712856,0.9400241613453878,0.7658984635140925,0.581542155280958
EPOL,0.5256802332978648,0.4335748018088343,0.387555312135524,0.4364434659973178,0.48458976316334595,0.4260743335895207,0.7213678091315778,0.6836335934438237,0.6160585276877372,0.5693655147418129,0.48820680621799706,0.5949943569205928,0.5409860185785504,0.4548452662939964,0.4116283415439519,0.2414723183078299,0.2217944327159327,0.16342572095676672,0.5337054228372442,0.3645716390955639,0.5136987437852429,0.41061603696671184,0.5115167601929527,0.5329234674428948,0.6415456623088829,0.2176401993531784,0.58923995254439,0.5219410429691838,0.5783710894497042,0.6042014961612059,0.6672379115027975,0.7090540774275507,0.36926768479018524,0.4067796557047336,0.5867054895459508,1.0,0.709429442991088,0.6046242027860939,0.5527419189940033,0.6555917442789063,0.6538553007303747,0.702364480602119,0.4466815510689922,0.7032318700724441,0.5551511826449389,0.4593393490569757,0.633850718411228,0.6676103957779108,0.6771564595884871,0.5823941232822597,0.49722032299650976,0.6537782887834979,0.5137946120457217,0.45747652485309576,0.5997853038555427,0.42590343546747006,0.7097179626638176,0.5297874203028762,0.704140641316275,0.6278360007899784,0.7108361464646454,0.4237787720455927,0.41059565268743364,0.4290576712174345,0.2956292448332793,0.5915184725822012,0.14420392484405384,0.7139569332777693,0.5504614944043903,0.5977979992479883,0.21279992928951527,0.3986911021961737,0.4814700026310338,0.45978852588713337,0.3487376394112434,0.3514768645748244,0.4417801791937057,0.29272584933199153,0.4808872579974448,0.5010557218332409,0.48449225752345065,0.4335585050004652,0.5364017994301805,0.5462193800320646,0.3935234161733659,0.48398519523851224,0.3076743322532151,0.5433091788295804,0.40848656774396114,0.46352883072962486,0.32668664855450424,0.4404736868129418,0.5357076701699311,0.2930053536559727,0.5099850861938622,0.3613547674021967,0.4992710124912433,0.460856183204814,0.4381378840587548,0.46427571822995917,0.616034620023478,0.5027048943386513,0.46772093358394506,0.5586968886064748,0.49460315088567586,0.47913774790521546,0.4680333874617894,0.4565535821097805,0.5525678750751595,0.519147138330708,0.5334086337200228,0.17383023831973063,0.6908677822466849,0.6094806377689165,0.5412435086624466,0.3383509671603156,0.42413455001706546,0.43682843908001723,0.3596514060404917,0.5526425154546835,0.43781529145609765,0.5484571640778094,0.2618658939242085,0.31220290323033134,0.41329548915541153,0.4880283575551111,0.47952358135584766,0.48945299935599845,0.2023263971250454,0.35522450975202835,0.38021086382802777,0.5206949153954593,0.435713664592357,0.5400862560973677,0.5299520196448966,0.31404947513526127,0.7096383970218092,0.13374337758993432,0.72146356457744,0.17081899205469034,0.540671671669146,0.6516976913272751,0.2235763843536841,0.3863613017462922,0.5902079806677292,0.5553782883180391,0.5262045348431118,0.5252462377510501,0.6024738636303065,0.6846381554501549,0.6496525509925843,0.5631907730919753,0.5257462946373657,0.4927663075807886,0.6316544521516081,0.4488556213227725,0.7135048691965384,0.7275715076652522,0.31682123981515153,0.4427743470719608,0.3786046652387275,0.41222448032773884,0.5490389571843469,0.41770752140396167,0.23547344065498035,0.44830781633542616,0.5076378723287328,0.46023835617756703,0.23703759515737874,0.2501046205925502,0.31005362802058956,0.47834295008178146,0.4942994097024181,0.22266300885370083,0.4505889134044052,0.6033438050785984,0.5900085474322959,0.4953948780688249
ESGD,0.6854468473800354,0.5855447330956367,0.5505404798591382,0.6016953947843594,0.6618066190689408,0.5732558267543116,0.983567686313719,0.9184866270033275,0.7976208172693597,0.772953123761644,0.6400538344844109,0.7900254639566691,0.8481428782252551,0.563249345867095,0.5565114474365814,0.3085280411582075,0.2907819233096863,0.24246551611090048,0.7777199117473007,0.5036676807431069,0.7278463627317703,0.5557815210781456,0.7022815105453353,0.7380785899384308,0.7351073632399427,0.29041454599063105,0.6848468021494479,0.6213212220511697,0.7655804203737284,0.8466234442542606,0.9703265309240069,0.9590519045331155,0.4627003331908954,0.5678648311774136,0.7722216928436997,0.709429442991088,1.0,0.7855592147656524,0.7570728419834285,0.8661491446849391,0.8706435890824885,0.911798604964714,0.5797163383351848,0.8866582339137672,0.8171633660103915,0.5665723833162497,0.866591463580623,0.8371662950029115,0.9021509875229862,0.7543332865643854,0.7024157137906699,0.8835324324575616,0.6286994461312322,0.6330863928741925,0.7189158606260744,0.5660789486023114,0.940285042124023,0.7082908842105398,0.944302412157848,0.772300215748123,0.9689658852237548,0.5928249471744362,0.4942406992630211,0.5128670364432727,0.34812362751882964,0.7196070772779709,0.1948395362204176,0.9861376219912107,0.7556159475688929,0.8841058857688079,0.2974856641920762,0.574056369132462,0.6268692761253007,0.6467003794829246,0.47162536580148745,0.49656315294099795,0.550901521490325,0.3306675494374957,0.6784763664286554,0.7041360680551143,0.6845152088394361,0.6078588034823141,0.750537187671255,0.7611562803412443,0.4955027639138872,0.6378794564561376,0.4112575251285563,0.7358992320871673,0.4619246072933246,0.6085318810046474,0.4184828252114735,0.5248467506935377,0.735108455210321,0.316257952600382,0.6915692574529729,0.44395208896975474,0.6909752899989638,0.5996386926913825,0.569401420541309,0.6396325249669769,0.7722550806864762,0.681040426863669,0.6257117952997474,0.7543606721229638,0.6854478639794478,0.6573532754008418,0.6478729468462603,0.5969096212191419,0.7515723455019385,0.6910971449094593,0.7238439098145277,0.2266948697414203,0.947055484714073,0.769014596280072,0.7072534619263638,0.4051909240722934,0.5091079238052667,0.6226485105374561,0.4583399295085803,0.7556210254950462,0.5711355500753401,0.7523085756107806,0.33296474365369594,0.4064998140550585,0.538843727656353,0.6796980767282977,0.5802200565891125,0.6695023502294959,0.21507829948024698,0.4469523330526619,0.5268142058143043,0.6890917307669143,0.6081852430566843,0.7373928004056469,0.6995816624139543,0.4032169134897213,0.9865988000003225,0.1746090802056502,0.9703103215016163,0.21899004684798906,0.7412214413730162,0.9476775727149258,0.291734915916786,0.5470921517765163,0.8169500523830334,0.7608013561152914,0.7037654278413452,0.7354886264083913,0.8900098871916269,0.9500889894951872,0.8886833794825134,0.7672450219854453,0.7283750671093058,0.6724587506520208,0.7982969206300511,0.5848102951629277,0.9692918426586922,0.9531974693600261,0.4145613531681515,0.6053927345896675,0.5218781285189368,0.6016227560735646,0.7173756351448756,0.5575334251849988,0.26922606244061353,0.5920557049647808,0.7133252577681294,0.6402374710715458,0.32314653056385023,0.35418713762191734,0.46657472522077614,0.6451141108561934,0.6330690854521341,0.2596964980071874,0.5608894339368548,0.7836398708900479,0.8182741194189778,0.6772533065500248
ESGE,0.5496450482398854,0.5366765513204608,0.5048294707610728,0.5788917298871598,0.6578463433534936,0.5636735185282392,0.7821316865652477,0.7529559324374403,0.9852764875353278,0.672596600369198,0.5047077235544337,0.6384394315684859,0.6752093157523246,0.4741690294789606,0.564290548073179,0.23064397454571656,0.22483023491123272,0.20619677017914853,0.7352431941082558,0.45171304048451283,0.5659014100815197,0.36710724401185735,0.507390761121219,0.6778992881772338,0.789268550505489,0.22557245661083952,0.6467506335147144,0.6059760636762453,0.9342473557049892,0.5500043014679199,0.7995870517215781,0.7128494477046615,0.4263710738814741,0.5184817755362454,0.936331519509172,0.6046242027860939,0.7855592147656524,1.0,0.6738870794393703,0.7189618158106779,0.6855807490177597,0.6873382753249027,0.6842204772587138,0.6559579256925337,0.5526781899222399,0.5661824992520881,0.7818715075840142,0.6112200262689311,0.6734400270420888,0.6555205142979253,0.8502712470747164,0.6461405243467614,0.5957616647815711,0.8414728000854336,0.7418145747261763,0.523211914744569,0.7421151364257521,0.5855349102507017,0.7939010386146951,0.9111846457353199,0.8086258483630121,0.33443405779269675,0.49802019555982346,0.5178866304780098,0.37266072310640647,0.6331971949076817,0.14187045336222162,0.7589430073666216,0.6545545795322658,0.6892936906302856,0.2346394719006195,0.4567234289514675,0.6470558658424753,0.7251683050825938,0.42505906780169894,0.30343029425898577,0.5381551883916045,0.22951872663571485,0.7460271646622268,0.5081471881657877,0.6684249700432686,0.5121359230134191,0.7004838267953639,0.6560690841056279,0.34364419777592414,0.4989489125113479,0.14768666482733542,0.7168052559415168,0.45736253310534986,0.6913806955811076,0.3260488682175037,0.7276827865158106,0.6669047332998502,0.20569836279805223,0.5416186831259165,0.3862008318557237,0.5925294204921354,0.6362382178873413,0.4540153548623506,0.4638885392666954,0.7695729994502866,0.49705645726600556,0.6669639820865967,0.7173590677873131,0.6933424201901728,0.7061509481668897,0.6174610639042704,0.4595653313451207,0.5830752810182126,0.5721773379817388,0.6451737421320642,0.17077629667802843,0.7526971276955092,0.676314205614895,0.5619857125548643,0.43863860318022946,0.5185236718058293,0.708116847124207,0.4441827861784332,0.6705905618092356,0.36518130664809595,0.6648879599809225,0.25575117600691116,0.310557051220302,0.5718305998371127,0.6851566744620142,0.6177823476799974,0.6113816918374894,0.22115797190945388,0.4250491492681135,0.5624699991049205,0.545124288338,0.39108939665131276,0.6738758663167417,0.547935137923309,0.31109843930025993,0.8375333019575883,0.13327239206859384,0.7379095950418143,0.15670636935894924,0.5700821779328004,0.6976452323988367,0.23116659774292198,0.3551261971811779,0.6840119112308604,0.6238263644393374,0.5083441570762655,0.66829148906593,0.8541361529662822,0.9104536539261056,0.8052110430562643,0.6794705830514763,0.5494946755919989,0.6437585816659848,0.9594900108963734,0.4847383223011716,0.902913389188405,0.7775574999708602,0.34712151511402994,0.5200470111494017,0.4446525603242107,0.4715296506437301,0.5708378692587756,0.43346046266720095,0.17917265269770707,0.3771405601965427,0.585264478155044,0.6908804319430906,0.107958580626484,0.21898717288740677,0.2401685672340454,0.5395648106217411,0.6229341703159725,0.1976051560626677,0.4391565659963677,0.9880584277704401,0.7848210770673356,0.5725208721404664
ESGU,0.7098303350816784,0.778580231357642,0.6206248653776955,0.7812576014777264,0.8172786123729959,0.7871485782959137,0.7453973660659092,0.6924996479193922,0.6878966016127881,0.9712639033957036,0.7379051613768672,0.7388040637888785,0.6707374778088899,0.6457466842498556,0.6854766513624823,0.22006129983500736,0.16499113494425904,0.13182633149512726,0.8461332681987161,0.723408403796533,0.882401276504948,0.5523762848141891,0.8185545970446556,0.981241340026357,0.5693222763514426,0.16423394232079605,0.4400765496697994,0.48581158578910283,0.617823251677992,0.48957245624929074,0.7888657379937907,0.6666346375534293,0.3939793739491096,0.6234594091557089,0.6906132373936921,0.5527419189940033,0.7570728419834285,0.6738870794393703,1.0,0.7186448420582612,0.6677731956375645,0.6854617952198601,0.44047482163544655,0.6467381022673175,0.5363378548578895,0.48708059106441887,0.7536379851288318,0.5664895185244442,0.6386943666455323,0.6328622278104039,0.6929999203322018,0.6121977586914129,0.48901110153410454,0.55026141021332,0.5344098948209086,0.8464155673336254,0.7184628612187225,0.8064509855966457,0.7220772679658413,0.63112679139606,0.7224671233033308,0.6805394389929136,0.30298187501799734,0.32920215184767354,0.14318868409225424,0.5856567370142152,0.05198022148627855,0.764287646515649,0.9941322034910677,0.8006786283892964,0.1961909105591147,0.5970564232974599,0.5345606405419133,0.7438955637043368,0.7505650249227768,0.5741851342444187,0.49614791645343903,0.33503295522246673,0.8802456630732719,0.8424518015105954,0.923153744756181,0.6560210926957192,0.9457184497418334,0.9572319063274815,0.6047182781998232,0.8021365831779212,0.47621690632472935,0.851539333875249,0.47640619457137806,0.5377661154907204,0.3378561832010978,0.39298561330439585,0.9918263477857154,0.4070798087438483,0.8318494060881445,0.48815270326366866,0.7976529216354558,0.6451079977220295,0.5686467871142832,0.716518459940677,0.6217802873562162,0.816351219835664,0.6949558184891671,0.8908939493107958,0.9426771900466252,0.8719680953262584,0.856741253079289,0.6049043910631058,0.8730738304386506,0.8142968690991618,0.8372135149354182,0.12367206981265623,0.7123574058739699,0.6551424028417482,0.758373121685273,0.25887162390750124,0.35140071334380624,0.7939978090168848,0.4296440118993673,0.9967758881641282,0.5978746496534534,0.994452964976265,0.19711471104774994,0.32088215209160015,0.49328183384233243,0.8829824496671017,0.4806593004062362,0.9555551970105921,0.22135526844823575,0.45418816392089495,0.5086407590837234,0.7213314972335564,0.7271270138268913,0.8824845577491303,0.798436050654953,0.3438544502596964,0.7704873026929138,0.017681311837706982,0.7131303557221628,0.11264545394251295,0.9052841622779132,0.7371829641610301,0.15911189615627383,0.5562560405149614,0.5791364543081767,0.8989109303703039,0.7772295907467034,0.9244519074257117,0.7150553145309129,0.7610355598344397,0.9630148993423441,0.9956440780625706,0.8208629450046826,0.9548143491217365,0.6864824953308283,0.5236984684880835,0.7733249487982078,0.6917487490189475,0.6482513562367783,0.6785670555093265,0.5535196010832526,0.6092608154461124,0.7056201153098748,0.7757522207189206,0.335740356582686,0.7378115217448654,0.8191816064406219,0.8920524268967086,0.28649659024821245,0.3369850214182108,0.4811734181737104,0.8516629640297697,0.6203929210771874,0.3753552023353791,0.6663922274711889,0.6862328708011385,0.9044362182442138,0.865783594274543
EWA,0.6765199864611473,0.5784144537642965,0.5226456475133147,0.5872120588942119,0.6246343201748862,0.5661450173246241,0.8774275965703464,0.8310756633311955,0.7324511936552722,0.742293540847608,0.6419900556504421,0.8214919237382107,0.6876724308313434,0.5472040913393428,0.543647985755515,0.32357465736193913,0.3156148735347406,0.25133851751942826,0.6762056579802033,0.4735849830753529,0.6904234720907397,0.5943995332788509,0.6977740469091733,0.6948123926761236,0.7472306127218284,0.31563317476719216,0.6822648219761241,0.6052080879115151,0.6966883805845967,0.7576629185190482,0.8296581674375663,0.85404270092498,0.46957155535982137,0.5034621661901858,0.6978716140078758,0.6555917442789063,0.8661491446849391,0.7189618158106779,0.7186448420582612,1.0,0.7596869366106251,0.7640080754411362,0.5604477908727654,0.7602104750826545,0.7032030964608409,0.5796937004941862,0.7222231660741851,0.7154768277640506,0.7620584431972444,0.736725207287167,0.628618754629851,0.8120855834475311,0.5988534858747816,0.5644810749885866,0.695716756221352,0.5453888980942991,0.7878467101060855,0.6916068146096076,0.8478153769249932,0.7472709127341878,0.8599772758510563,0.5834320428660312,0.5185406803925054,0.5382098359382214,0.36207099169589285,0.7582954672414746,0.2164535333724922,0.8747902225360941,0.7187632707075112,0.7388115751371291,0.2868097472275593,0.540947484780224,0.582984851078365,0.6016471376463347,0.4627456901447035,0.47358546589995515,0.500042452659928,0.40437358329124834,0.6074454156717299,0.6799220857607933,0.6297573524529994,0.5569856190536462,0.6972190439428474,0.715237791857022,0.5084843845012078,0.6302247778831007,0.40964809844460454,0.6986655640744904,0.4583722962003819,0.5944715828322408,0.4281059710591272,0.5045695325348984,0.6952464084941511,0.3703066370150269,0.6575541987037413,0.47893177968265316,0.6510282773413248,0.5753915677580759,0.5631640515323012,0.6188357541075253,0.7757692683304754,0.6681599405309758,0.5916147190437622,0.7067953131501499,0.6274522152176949,0.5903678511483297,0.6010835418235752,0.5999266729861895,0.7306869495258579,0.6729254208709357,0.6960794598753798,0.26675629970101206,0.8395382304708167,0.7855496164946029,0.6940090169352418,0.4107047292057709,0.5177471284713872,0.5452200049209105,0.41640239113379857,0.717163535697768,0.5991792312911522,0.7148041470227919,0.3514190268095374,0.41618335895519326,0.512172009264944,0.6386419438385885,0.5768386506991428,0.6283930697279578,0.19132263804377345,0.4101517660806506,0.5254171858830862,0.6798881075033015,0.6002419820931856,0.7071720645378247,0.6893477269389056,0.4100374033900231,0.8719472963075502,0.20780291585139957,0.8332168235650576,0.24081022811469632,0.714067367476157,0.8317962660518086,0.31900555543623293,0.5797769141774856,0.7841156041310321,0.7380341108694988,0.70253420987369,0.695544196000986,0.7902889653576763,0.8399109972949019,0.8240160811252751,0.732054974265191,0.7091769060070434,0.6285829049824223,0.7436795199136632,0.5786786238760713,0.8678788046271999,0.8856877023328296,0.4206991592017216,0.5731589561777765,0.49771838053022815,0.5574823800244827,0.7096037165166117,0.5427715705771478,0.3459294793236953,0.5877258060026057,0.6635011972189322,0.5821007930122712,0.3426436224753944,0.3926551325983271,0.4353410965402444,0.6072356299378563,0.6558526050655246,0.33373442310952417,0.5535584947307334,0.7123456203497651,0.7453752775441905,0.6465934936301462
EWD,0.6146767326935734,0.5585750770165405,0.5145517194030202,0.5603120783893804,0.6029281436136409,0.5436102052927796,0.8696063036016376,0.8185283561001163,0.6916290611526703,0.6858111119002388,0.5805986404796468,0.7184441023412936,0.6602484900923883,0.4982913266688368,0.5079427519063149,0.2674635481861264,0.26162104179652323,0.22477269961978272,0.6833232117202234,0.4703292198199801,0.6399985220832316,0.5004003827023629,0.6194664262858612,0.6475495050755209,0.6457569785012061,0.2655730112163356,0.619672669013163,0.5749395364205258,0.6690308098893141,0.724617215648736,0.8540428792866349,0.8357141884553334,0.41631873720983115,0.5172691191115765,0.6608432368122602,0.6538553007303747,0.8706435890824885,0.6855807490177597,0.6677731956375645,0.7596869366106251,1.0,0.851789497778912,0.5236869170741391,0.7998058867061492,0.7340824147226818,0.5159528150236076,0.7837299728425545,0.749826357750075,0.8250071021837271,0.6615841153511454,0.6080200866648006,0.7745854136134307,0.5690765097623641,0.5227353054353043,0.6620264447518108,0.5494894517007162,0.859616425003257,0.6507044997796183,0.8415605132156978,0.6832810705750201,0.8365310410705756,0.5253748899339251,0.4458328583780961,0.46109051464126577,0.30298026277515233,0.645636118271669,0.17126759552229742,0.8626855533727337,0.6676855977195923,0.7537698746830419,0.2899571714764202,0.5038269939176983,0.5777637835578531,0.5698874466658266,0.4565328004983193,0.45865046067105103,0.5032716747324847,0.25969306439786677,0.5829235515438195,0.6158712423199912,0.5832110621568071,0.554620870534107,0.654969820811329,0.6822073545609746,0.45604553539309983,0.5880656034160062,0.36181535973110246,0.6756273608863809,0.42503554755706763,0.552138863122102,0.36840197990650897,0.4817036507129737,0.6416025208619163,0.26113039134494237,0.6469694632084182,0.36284304873060885,0.6290166929191346,0.5672659019497117,0.5210998781603797,0.6072231702601378,0.6980552115120867,0.6206662898572747,0.5799392220732911,0.6912567789023295,0.6018170672323295,0.5878978977505941,0.5436058762161806,0.5607639033728117,0.6845423251274732,0.5950047035565461,0.6577839163816263,0.20101998807628527,0.8580901026378015,0.6954163352757555,0.6334960543195401,0.3635630774059935,0.4626229142562414,0.5339565302256342,0.4091363306481066,0.661128771487374,0.5329492233368452,0.6637432099188544,0.30271585833171094,0.3557457722017327,0.5139518369177075,0.609969839155039,0.5053498310421508,0.5975783117899055,0.1797860390798866,0.3817626728449024,0.46060268821285083,0.6266485328108305,0.5297535769536981,0.6763892994735522,0.6408522893370441,0.3477318101814106,0.8614633516303466,0.1695162399817189,0.8900265318108318,0.19088771751465267,0.6554826181205139,0.8251001988207626,0.2660307313035204,0.5185106480558148,0.7494675636794903,0.6955162416726712,0.6392142294674188,0.6727218455550693,0.7201609912249197,0.8308122571162937,0.7836269352672376,0.6778850854156472,0.6335309012116983,0.5968898519561382,0.7104177742785353,0.5289140016194258,0.8480438491233984,0.8306085541306836,0.42745402808172733,0.5318607285382598,0.47037910188486737,0.5750418761266469,0.6604832232398604,0.5336158623608372,0.2028494411131707,0.5317909107769638,0.6418228161451509,0.5533727811630947,0.2723162998129365,0.2991095358995602,0.3862205451620169,0.5968913778613608,0.5766639053484329,0.2006652381030829,0.5437366730813399,0.6858171929357987,0.7479662192771417,0.5719497055386925
EWG,0.6330780390017342,0.5632060562804103,0.4876783586011001,0.5567048134753088,0.6019009956656056,0.5457917493248534,0.8948337138916221,0.8179694868703322,0.6964323440467333,0.6875518898502495,0.5586388273573822,0.6947818842014389,0.6809645299110064,0.5325009937656191,0.5142957024046755,0.30516889041614614,0.2841627737349315,0.22448961990754238,0.6953601840542255,0.49237147697291533,0.6532532438404255,0.4823627364426249,0.6245508437085981,0.6718552941785848,0.6447785561418886,0.28298671768693007,0.6652099354484429,0.5765734543110168,0.6715313539122747,0.7715757340692105,0.8882371309462258,0.8778950808066185,0.41191626626934585,0.5412804210054698,0.674586050016262,0.702364480602119,0.911798604964714,0.6873382753249027,0.6854617952198601,0.7640080754411362,0.851789497778912,1.0,0.5009280048727783,0.8876630587391489,0.759235137307596,0.5017815703768669,0.8114558830628852,0.8339169546258058,0.8920126367544209,0.6816067534209446,0.6198268018606009,0.8010803393247742,0.5755606227073389,0.5445654553726691,0.6632423801095868,0.5536142163059105,0.9457721423359656,0.6321357001457958,0.851246076768997,0.6721357073329267,0.8688282303505742,0.5391232180678666,0.43657011493611736,0.45882216906742407,0.2916618668032042,0.6074739418964624,0.19465233881067262,0.9081321376977339,0.6833649072093118,0.7971786195996364,0.29421216002361594,0.47945727162971963,0.5555783421284586,0.5731566943877555,0.487179090367584,0.4783822500188124,0.4993822696361845,0.22216574370041708,0.6077973172630683,0.6294116389430255,0.6104547346347828,0.5801390345546373,0.6632809326386129,0.692178678644662,0.44457462213405985,0.5942226081849896,0.3935532439966447,0.665346178711033,0.41799488413052793,0.5312841339639607,0.40484629995295157,0.46010725003612735,0.6645914794788554,0.26113656359399756,0.6508550925514943,0.33141695885903766,0.6031725430469218,0.5324749859229784,0.5272203870386177,0.5897677692185219,0.6692923838916031,0.6101108984875757,0.5496882269494046,0.6829040296302036,0.6218015203227942,0.5992220737432393,0.5778283674720256,0.5462836511170999,0.6789623143280668,0.6195247342006949,0.639543126225384,0.2211914981932934,0.8601815962035533,0.6790837250898697,0.6560119369035352,0.35352137938014777,0.4573684640926695,0.541868752246339,0.41567681354331887,0.6817633822990423,0.5130526509338489,0.6829581151624013,0.32630895298158974,0.39238892962651234,0.48257091889170656,0.6114984749223424,0.5255644614010202,0.621077142463839,0.19495814974083767,0.40986504828874176,0.4454163143268186,0.6396370623962689,0.5526985647435052,0.6635765857375076,0.6247599848680214,0.3913799317052607,0.8930941261135221,0.17678007533835477,0.9385111976165444,0.22212495769312804,0.6587046217293174,0.8562761977133962,0.28374721380739465,0.49118129776478225,0.7276800820829766,0.6840893899127332,0.6238725873443522,0.6698677221095238,0.738670745105987,0.8533741299936859,0.7994173369144747,0.6929174565296816,0.6268200038116188,0.6230656558951191,0.7058201025825167,0.5493697567529651,0.8712321933230549,0.8612054883793093,0.44262839859305525,0.5385891881650802,0.4378307142066128,0.5482752952817113,0.6454047326437636,0.5298515862674221,0.16454296602031274,0.5393065872865487,0.6260745145240137,0.5751393424314046,0.29888539206565695,0.3011757615515002,0.39709831947175794,0.6076757060441526,0.5427187545023152,0.1541477072878936,0.5291525161097629,0.6885752330730186,0.7524280323541401,0.6099022500045028
EWH,0.37563847730105554,0.35690998328788925,0.3524508311962704,0.3764226090854523,0.4085232616006741,0.35028194707954735,0.5845310511226612,0.5500483931551371,0.6704200891021326,0.4561572909008883,0.3837185165356347,0.5001873085319563,0.41234981660708,0.29805894381150244,0.3468059847862811,0.14905859806230878,0.14696880705243914,0.11546997081318493,0.4616578479803117,0.2680152925972362,0.42254239982440545,0.3623853253967632,0.41333665470955017,0.4304762387281639,0.6841207378926665,0.1503338124240706,0.4691906340601249,0.44266047445255957,0.6150626582563368,0.47838086600921403,0.5544435603485256,0.5684850841487484,0.3146826149821114,0.3484236401815458,0.48960564293661374,0.4466815510689922,0.5797163383351848,0.6842204772587138,0.44047482163544655,0.5604477908727654,0.5236869170741391,0.5009280048727783,1.0,0.49764378921834906,0.4434188737893476,0.4330404110039282,0.5384194990152851,0.45581012413485683,0.5239742925245351,0.5268019375908365,0.4375611356419098,0.5406344481966106,0.4830681957762074,0.4185775235874023,0.5797430061195655,0.3498302908409394,0.5468833082320995,0.43369651588463387,0.5793849912873836,0.7762296532239852,0.577864723907986,0.32770470639735505,0.3551811417889963,0.36646077221008416,0.26580389782552183,0.5558527500195023,0.10007544018860504,0.5649132280229954,0.4358238902771783,0.5024491894892394,0.16912163237384645,0.3657926900265186,0.4557892919501338,0.43458680083270423,0.2546344468722924,0.28240698046588164,0.2730578337930867,0.2686495082942872,0.3860337779056406,0.40111210544539966,0.39418476812803677,0.3553715085694653,0.4070025160032677,0.43588569406446936,0.26040027918170966,0.36672847225307886,0.16490184273422692,0.4829393899888636,0.2998994893292547,0.5939008124678705,0.22145323084348542,0.8215875830781946,0.4254012841443088,0.20956722673598802,0.4460811864414446,0.29877449791800115,0.4017071007769673,0.4490822965262712,0.32375970260845416,0.37461357575048587,0.6054267288683305,0.39891392987389246,0.4446658696639511,0.5050935915653926,0.3977231587234195,0.39991511476350666,0.3733524203562802,0.3853929019638345,0.45288889391808895,0.40259797979591433,0.43127868995833246,0.11235396763531269,0.5572005689777498,0.6289798728379014,0.38738670734214303,0.33961569932312136,0.38545947317267265,0.3724471707470893,0.2089529866250261,0.43771654428235013,0.36805830004118517,0.43250503383582534,0.18466314370421982,0.2124060375606587,0.4549411905157141,0.4131772208548957,0.4659635932105667,0.38045902171506607,0.14465249935393792,0.24191174486213238,0.3469895318245213,0.38103740210731796,0.3225692340272133,0.44439269676790516,0.4248400855995247,0.20515561382493333,0.5815703243401859,0.0843397962310165,0.5586735949931643,0.09485287986145474,0.42545069357475496,0.5418204852186193,0.1585679443520641,0.3349639467482235,0.6223227314630456,0.45296927776757695,0.4202211708632116,0.43573419788003714,0.5282433570240389,0.627370153916523,0.5511389586271136,0.4475453905700163,0.4276935226298392,0.38590901100374336,0.7388095033695224,0.3471807080406908,0.6466062727234062,0.626853235584244,0.25662976520603803,0.3214508584834006,0.31917833753269226,0.3476472618911484,0.4849567859037065,0.3320959864647687,0.21574516532189178,0.31036673841351015,0.39784496391352486,0.36345342884028775,0.19097681225179572,0.2020284703316211,0.25818180898341536,0.39234590201948827,0.4432091590455497,0.2200588640876275,0.34768671145570945,0.6633649690865292,0.5481436805629112,0.38441775095042946
EWI,0.6218620631325272,0.5103348877761952,0.44447223356627635,0.5096889368130879,0.5584704801374661,0.49440837709396074,0.8855328263255594,0.814300824754637,0.6679111978595004,0.6725842569574049,0.576224502675418,0.6988770327344573,0.6562472500376407,0.5513391580201334,0.47871440207722094,0.2454244563384815,0.22021201472565194,0.15057621451562178,0.6382169911538804,0.4080820768057638,0.643966381349647,0.5255843062223146,0.6337502744609445,0.6252422028729542,0.6560900774354738,0.2211014930888331,0.6173362790215555,0.5739877358516072,0.6435035155333718,0.7694883882244339,0.8314460324309823,0.898515405602336,0.42202107408202016,0.48659691767681573,0.6388744866816666,0.7032318700724441,0.8866582339137672,0.6559579256925337,0.6467381022673175,0.7602104750826545,0.7998058867061492,0.8876630587391489,0.49764378921834906,1.0,0.7362751189144902,0.49370743674133044,0.7642070348971348,0.8816379499536082,0.8917980166082092,0.6776877132726863,0.5686307854984992,0.8100202444389134,0.558842601574897,0.5147386915734575,0.6411234688347337,0.471803248456148,0.913093377985077,0.6266917591872203,0.8266273830304905,0.6628719239729928,0.8680341916150296,0.5434303415839056,0.4182413285844224,0.43998415643738353,0.2772973534007541,0.6451779304653436,0.134612225194518,0.8932559234968037,0.64738191798094,0.7827197874005846,0.2698131988620457,0.462395725982553,0.55181973961707,0.5242404571045243,0.38342557919455045,0.4465837289449259,0.4714015181124728,0.32295661733445397,0.5404151163788814,0.6220852492970109,0.5602003714254055,0.5680632664735279,0.6239547895660764,0.6443189997596164,0.47523528170010054,0.5835088159778741,0.42968530025365725,0.6260214755106737,0.41793352201692596,0.5120863073255383,0.34745153720339367,0.455443862971827,0.6260051375338144,0.2929542686286781,0.6075352431698195,0.4073187921074045,0.5949338837533529,0.5041277118719889,0.5178126728095386,0.563905928935094,0.6637287510280578,0.6143129011607664,0.5214146226942917,0.6316937321887794,0.5566891071277307,0.5153295620034315,0.5416400436864877,0.5637549519245608,0.6673268042408239,0.6233527315108277,0.6243387258893467,0.17323746298377687,0.8334780397862855,0.7087855232172654,0.6436107092804539,0.34216611895170973,0.43051015951831506,0.4797429725678673,0.40119130725632624,0.6480555038921747,0.5419211055018255,0.6428909640934034,0.2738273779547769,0.33705066316232196,0.469085208537628,0.5455361887301934,0.5097626044813082,0.5632462916707153,0.17846486838285208,0.40906910740452473,0.42627123554565083,0.6218892409853409,0.5315068828676283,0.6230468621131087,0.629508807460955,0.3349457361891722,0.8711319423894129,0.10881450566564027,0.917274284429457,0.1616358530050091,0.6436901157359148,0.8127286132015361,0.21912581335356282,0.49808686344878117,0.7194053991807156,0.666488861724259,0.6380283617063737,0.623051815255241,0.7138920623147692,0.8187849295875013,0.7679215907313766,0.6584561700615217,0.6450283898673208,0.563680653379251,0.6800736213748058,0.5136037049202499,0.8477423350467296,0.8804863549271325,0.3470067242219887,0.5375262713010198,0.42827979899459756,0.5286268451939854,0.6424939263449515,0.49136548515655254,0.25851727723210227,0.5736680713896235,0.6266535271570226,0.5065955320150131,0.3032492768067317,0.3232485506976331,0.38781169636634316,0.571891056185069,0.5255408688688917,0.23750646119928023,0.5123382315108124,0.655027352621781,0.6828295925863914,0.5992003877896783
EWL,0.5761494648553133,0.3967104827128173,0.457385196240735,0.41569770786452076,0.4294158816653258,0.36213552130330207,0.7924660574763066,0.7067732864830583,0.5599286508101599,0.5507506210842342,0.4678792210526522,0.6318947916539192,0.5625942652878569,0.4083933244176809,0.36218028422554277,0.3638986933547718,0.3613006085879718,0.31724504624409655,0.5219243994660737,0.3109101687232073,0.5955070328995471,0.530115048203101,0.5963340125744566,0.5148073280151392,0.568648361885844,0.35299157717251317,0.6064661949879592,0.48723696703884545,0.5808153562660726,0.8341041286362474,0.7877208469121149,0.8070579390619799,0.3828426520977914,0.40450799664784626,0.5337480723375695,0.5551511826449389,0.8171633660103915,0.5526781899222399,0.5363378548578895,0.7032030964608409,0.7340824147226818,0.759235137307596,0.4434188737893476,0.7362751189144902,1.0,0.4759344320353828,0.6482228394339565,0.7084835296404717,0.7960803275321565,0.6095620978157525,0.46883162813430074,0.7980271270049335,0.499938011374532,0.43038892732567824,0.5758618262173529,0.360738465247879,0.7770741395191261,0.5393016807268262,0.7586344019896775,0.5712467180880241,0.7657953005105643,0.5875592761836131,0.42687500784044,0.42766528798360365,0.31004638245144184,0.5457253811507754,0.28263910707603995,0.8138120658610559,0.5449842207809547,0.6751437518289223,0.3328036678124087,0.5637372675516646,0.4693369444976946,0.4000742065463076,0.2928497601225827,0.49568069354551764,0.44529670802236954,0.19534576606915252,0.39629982720618867,0.5974611253114196,0.427977916373376,0.4639652585035955,0.505262328372563,0.5722828544681596,0.3712926531514976,0.46684695430598344,0.4028914667326377,0.5112519739286847,0.3513584197661364,0.41584966176756427,0.4406499651282486,0.3858650492371542,0.5106341864496302,0.21856181908155375,0.591529129273803,0.25800224230643526,0.49038575635565507,0.3956415454920206,0.46748622006926704,0.5629985909358459,0.5626290230101451,0.5396848972836858,0.40065708512452425,0.5474928721297041,0.42796699568558716,0.38526417614636255,0.40927984160030517,0.533127032431865,0.6199332092732265,0.490506263368319,0.5267038329728851,0.2805942457608792,0.7620015267325598,0.6402864265135537,0.5760898027447571,0.30537746105407954,0.4070675438897406,0.34048630320691664,0.3523414221202925,0.5360636629975193,0.5504831750776784,0.5388250161831888,0.3891716156917497,0.4356721431014384,0.40387404357906487,0.4429224504179766,0.4578492059683025,0.44470300107987826,0.15304828514780894,0.3575216300795285,0.312039982675585,0.5695497350263791,0.5842396017035247,0.5220509432084087,0.5487474637853808,0.42266289333101714,0.7892035819127642,0.27625887865306675,0.8595901432123173,0.30023487157468126,0.6113444721980258,0.8418624326236214,0.34908311136454495,0.5437298057052037,0.7224792068366477,0.5892446682534926,0.5994044767053094,0.5144588625243973,0.6186904354381372,0.7418961487496746,0.660876973131213,0.5471336375574233,0.6126024956070075,0.43254283188689274,0.5809722178224589,0.5247843238782727,0.7578843408977305,0.7886728134981172,0.27451511340098844,0.44199776807026875,0.46907389069254374,0.5254470553776094,0.6020936414231085,0.4241945020306242,0.1459588480576698,0.48199171214766434,0.5451099781856095,0.36528291872145646,0.44094818372229844,0.39127982282889473,0.5532551581567781,0.46935376424683783,0.4229172176832741,0.11608419445891568,0.4510118380776453,0.5493203888826694,0.5937346880371143,0.4798105403104119
EWM,0.4286522919402109,0.3816841448076965,0.34105390272440733,0.3831027296846026,0.42148098228203285,0.38173346812023284,0.5722034129034865,0.5564456846576724,0.5713445457636612,0.48532348108598505,0.38257261132783127,0.5073329442587725,0.4519595325402294,0.3701486686567093,0.3610105707651558,0.2164038572990697,0.2247788796462042,0.17116964060176654,0.46371411361808007,0.3232538941965901,0.46521633543725505,0.3646461160329594,0.4553226753604615,0.47961678861695123,0.5622507069255609,0.22196240358685354,0.528016510583881,0.4680819052249864,0.5783528260646115,0.5064367947375717,0.5535936940535942,0.5540271013296509,0.42886701616936035,0.362351993325163,0.5463784029585699,0.4593393490569757,0.5665723833162497,0.5661824992520881,0.48708059106441887,0.5796937004941862,0.5159528150236076,0.5017815703768669,0.4330404110039282,0.49370743674133044,0.4759344320353828,1.0,0.47914827198301296,0.4961270753454198,0.5102613099720927,0.5400268633991268,0.4788250584769645,0.5287191432740354,0.42262025634036476,0.45722594030116626,0.514575307912378,0.3618935080320779,0.5247848500424641,0.4405568026148406,0.5845214246989712,0.5676171991946984,0.5693874989253934,0.39706334305116986,0.3776485022903097,0.38440168571941746,0.26419028515625587,0.4761636328661859,0.1737329670615264,0.5733206171814592,0.4886971382525008,0.44582187000332163,0.2160384529031966,0.3778062126650621,0.42320135690352245,0.41755341617659464,0.31371370407129473,0.33674889830517735,0.40293947498331134,0.19488048891098908,0.4309438774455251,0.4675625110651368,0.43687380537981074,0.37403798044058384,0.4556054229358121,0.4813202358050057,0.27780331306633343,0.38820155845056226,0.23124334835068502,0.4670696596879797,0.3417945973830077,0.41100117570380035,0.2903382233556536,0.3934922988817659,0.47766814643521727,0.21910839989917957,0.4577956097579028,0.2710572236436789,0.4108279926286283,0.38223606173742203,0.3474920399564902,0.39340415618415414,0.5285882574327155,0.4268597029706581,0.39968513738646283,0.48922735453410815,0.4341449355689007,0.39887345402355867,0.42080209348141034,0.37399460045363675,0.4756109809751225,0.43154099794452166,0.437890569005774,0.16378298779958916,0.556741428950821,0.51738510365137,0.4316204704160965,0.3106249740422489,0.37943093987489795,0.36959486335348213,0.3678352525834686,0.4865269927241723,0.3756876058618383,0.490500755887271,0.2570154518055141,0.28594225043270177,0.3556263917590252,0.43451674453391237,0.5155566957955648,0.43473096988259097,0.16892056729846378,0.3732186546509565,0.35245719156288985,0.41275062308567523,0.4167696292488279,0.4586932256984678,0.4317483732880285,0.27524638276371755,0.579554989729323,0.16586234985652729,0.5521487378448324,0.15531281508880682,0.48195950897344625,0.5493357943242683,0.2220421401914771,0.3595602562129655,0.5373297568487195,0.4743657059738752,0.44354544861467193,0.45607510261366574,0.5360040454556697,0.5857935542682765,0.5636016836604929,0.49193258773491877,0.4546415710917387,0.44106976107009016,0.585204151040138,0.37088718076072585,0.5988605376451411,0.585881289030765,0.26868269630662367,0.37355836485038185,0.33494969458690904,0.37425332989619026,0.47275496038238823,0.3616670112352192,0.1540584385163223,0.34781938627777675,0.4251978030783865,0.40860379240678724,0.29190667396744785,0.26719421656891806,0.30860751056525915,0.4178193065790203,0.41520548735214,0.15334858770879856,0.3751124495596846,0.5609845011490644,0.5058860654936131,0.44085519383351296
EWN,0.6167972150672489,0.5934398601553802,0.5228734750723016,0.6121405433354773,0.6916601069576692,0.6038621537737876,0.8373692174406127,0.7669348144969088,0.789355009174909,0.749410960558961,0.5726107130977809,0.6615140851837045,0.6920584660541856,0.5200176215286462,0.5758395116901769,0.2314402530777973,0.2072215174681171,0.17201753469621223,0.780475318394936,0.5267925123366096,0.6401481057275465,0.39601980645565676,0.579800967298566,0.7538910507630111,0.6386514461429618,0.21293173779997238,0.577129139159646,0.561138893981896,0.7199475071353024,0.6106625649001444,0.8984596730687143,0.7656908906924456,0.3956075073535896,0.5668775724713245,0.7687972199459749,0.633850718411228,0.866591463580623,0.7818715075840142,0.7536379851288318,0.7222231660741851,0.7837299728425545,0.8114558830628852,0.5384194990152851,0.7642070348971348,0.6482228394339565,0.47914827198301296,1.0,0.6988206144586128,0.7925205240191968,0.6413647782067207,0.7366390466664812,0.6960222938143796,0.5592402571291467,0.6466282926012269,0.6398216830954867,0.596191862935338,0.8902699763196326,0.6505790738667114,0.8050386331590974,0.7147986648069786,0.8156336589022772,0.43897856454034817,0.39132387778728434,0.41479518642688884,0.25393562545578896,0.5857090619403074,0.11650162016070596,0.8449716384648711,0.7413195102108779,0.7955799771625002,0.2215363376859472,0.47371130160092983,0.6197277063413915,0.698681819968208,0.48837929602115815,0.4093718140826903,0.4788254120654986,0.21882972232369474,0.779944430212504,0.60184817561489,0.7381925863527119,0.57467215682668,0.7708705672437562,0.7377421364819354,0.4189864381942017,0.5828233619172632,0.2644678959463736,0.7423538676514466,0.41137440709480727,0.6079321654831851,0.33629211100093964,0.5139074518332437,0.7426972148228455,0.2339456749866897,0.6336025132897745,0.3792795200433371,0.6711677284955396,0.6325151867437031,0.5009127261930193,0.5629721438212901,0.6863456425969593,0.5895348242656787,0.6802629438052562,0.7647422398227921,0.7621939927022594,0.7738382541060155,0.6768770272592001,0.502436924596701,0.6694969587374222,0.6393384841554061,0.6953558945112245,0.13244305149412525,0.7994198204977037,0.6442838534643824,0.6405508511273194,0.3475696698301005,0.42796871470089126,0.7800083447566486,0.4013930760927305,0.7510725409985534,0.41667978074553413,0.7478312512043374,0.23723830555139866,0.32215567011979773,0.5454532900552252,0.7492478626275224,0.5164464999601835,0.7028103403823142,0.21185274669898083,0.3969087079858524,0.5025680089756606,0.6271145708787478,0.4653729081950152,0.7332712438994272,0.6232604052675674,0.3277007612262712,0.8683937850775993,0.09685824194824341,0.8586963432282207,0.1462586147664764,0.666054309561523,0.7759298186645894,0.21300137176263442,0.41443239847163976,0.6572596141011341,0.7045211557640373,0.5858080652441746,0.7445830715334912,0.7775346805950315,0.8679196447004166,0.8449510138840023,0.7580917731709288,0.613964798238591,0.7250431586925812,0.7696206243701841,0.5003617516709379,0.8726719158756017,0.7742142329874112,0.4081970417594928,0.5608172798886634,0.4513761643500759,0.5581856604364103,0.6083589284852665,0.534227708746049,0.17206200705733354,0.4831471024901723,0.6685578073112282,0.7444852798061159,0.15709266874027034,0.2223837623752511,0.31102118606825047,0.6298659859444774,0.591427815098676,0.19830062778990268,0.5136517269602267,0.7877390582143079,0.8351506004386844,0.643998558128917
EWP,0.5759609554917265,0.45415184044769197,0.4021344515481287,0.4520326872060182,0.4738878388607197,0.43621293514174936,0.8368608856532169,0.772951494478493,0.6229111631714546,0.587912108591917,0.49825160213062264,0.6507134912998221,0.6053342125024,0.4870715271667463,0.4210280459798725,0.28279225893707166,0.2573982147561972,0.1906327185001189,0.5600009630757065,0.3453609901240853,0.5717916783341138,0.4844763372233079,0.5663357306242178,0.544725654382192,0.6209678472797179,0.2580895982406767,0.6272065583433744,0.5607611332074267,0.6171253776246804,0.7598263548459574,0.768518421696466,0.8657829156051562,0.39061141069796734,0.4506348493341257,0.6026630695000577,0.6676103957779108,0.8371662950029115,0.6112200262689311,0.5664895185244442,0.7154768277640506,0.749826357750075,0.8339169546258058,0.45581012413485683,0.8816379499536082,0.7084835296404717,0.4961270753454198,0.6988206144586128,1.0,0.8261037800279482,0.6332663578633988,0.5206258218653055,0.7899144573263621,0.5491982060937274,0.4801393912316849,0.6229221406236577,0.4021543272632917,0.8545658594085142,0.5514315195383229,0.7820424131332308,0.6150767525334754,0.8197863020802516,0.4780100112618066,0.4261144726014219,0.43903711942696866,0.2810193336134281,0.5891624744706803,0.17283430711996775,0.8409015171167455,0.5655434418082643,0.70393246217196,0.28201211475154964,0.4397365205936117,0.5647606908325248,0.4732531464892606,0.3145047312260413,0.405707528823418,0.4701502513853921,0.26275576808741,0.4742465415676215,0.556076484445691,0.49101870822289684,0.514996586570007,0.5408524076142698,0.563377668267815,0.42709565040471487,0.516740978650277,0.3899772062890775,0.5548794672412447,0.39457496220927274,0.4698937692116493,0.37284685518732125,0.4065076221258162,0.5452034499580375,0.2598123361038628,0.5393940258733823,0.3219464893227885,0.5103471468309795,0.46716352649030757,0.5061343940817061,0.5040236971869292,0.6157626663039723,0.5431769827507879,0.48076342140819905,0.5612200549360659,0.4815935948263311,0.4401328801414575,0.4802787502933829,0.5345066363753902,0.5925963488582476,0.5503708778579444,0.5524223311148595,0.2024765765344224,0.7894257873910374,0.6667753646248705,0.5902407046697091,0.3276995300222485,0.42820979441818213,0.41012556121223354,0.4090039365808625,0.5657541202877205,0.5106208956754394,0.5631359517911456,0.2927894874496363,0.36266567353286366,0.4631062379293408,0.47636998164052974,0.46744587765029066,0.4834540673678388,0.15168766265070907,0.37210197245479243,0.3880210195978981,0.577247191568824,0.4788425251210157,0.5465766865603494,0.5548418221814547,0.3604877200443879,0.8196012243663213,0.1530705732916493,0.8716642118148042,0.2041525658031526,0.5764181965087465,0.7563601513276276,0.24755717818170592,0.4770258351342849,0.7068894108547605,0.592571947873223,0.5772024446278181,0.5467030718067774,0.6637139965690321,0.7702548012809071,0.6933576788490525,0.5765511868673667,0.5811900431585894,0.48418714221401765,0.6339528896644209,0.5061009540265402,0.7962192395253236,0.8450833690192057,0.2885704248560348,0.46037354681290943,0.40165157113950883,0.47865352230881714,0.5763802854263846,0.43702853668763936,0.19896166237273438,0.5090210468813969,0.5406798859580095,0.4356382433344459,0.293274087579806,0.32817643520447637,0.37220815673793045,0.4909960881077805,0.47711402177342843,0.16993511951045506,0.4477175810727169,0.6065247912305252,0.615487729627933,0.5371900628610712
EWQ,0.6128354468371282,0.4942724584520391,0.47522526932456033,0.506500297302755,0.5489005503195216,0.4814890042173295,0.8837400942203416,0.7956659308673507,0.6798862883052902,0.6608998581394129,0.5666089900367133,0.6793125406432475,0.6405105126340329,0.5109336982948831,0.46571620853406176,0.2883385997926009,0.2668677903999776,0.19622460917270843,0.6455234381827187,0.4013932975720688,0.6376597915862373,0.5120915175673424,0.6184961429708077,0.6229333668164925,0.6532191126607119,0.26376986495573385,0.6468982540458367,0.5630890281778598,0.657549398951998,0.7834485847735837,0.8741751132611059,0.8802055485500907,0.39849847550797995,0.48617946272683077,0.6428411555336795,0.6771564595884871,0.9021509875229862,0.6734400270420888,0.6386943666455323,0.7620584431972444,0.8250071021837271,0.8920126367544209,0.5239742925245351,0.8917980166082092,0.7960803275321565,0.5102613099720927,0.7925205240191968,0.8261037800279482,1.0,0.6650073994523361,0.5820121577562805,0.8140863743266225,0.5772966472866911,0.5222541930645891,0.6435060991076228,0.4785899939896092,0.954652708903815,0.6283439899946881,0.8352828803618161,0.6801449881577432,0.8654947814010554,0.5442478541731209,0.4068370229202214,0.423434880692753,0.2757353987109415,0.6331683833549062,0.18297574065992372,0.9000234439033927,0.6413649596955527,0.7821766160841401,0.2829513632079016,0.4959584661016589,0.5343453343194232,0.5157390565420147,0.385608502930373,0.46337678693953427,0.4700163597617093,0.27433944002303845,0.5422331582605572,0.6198127256701408,0.5473532541940069,0.5824081524453636,0.6151808324540137,0.6497098944923273,0.4407433824151635,0.5478149041338602,0.38774299531541584,0.6207142897292062,0.40363468140851005,0.5222299990227149,0.38646662237917834,0.4881335170372949,0.6159359799808081,0.25813469711017545,0.6356370354546786,0.3529122835273858,0.6070453674697277,0.5012733008741119,0.5119720609261824,0.6008177210343862,0.6696491340181048,0.6069221789310264,0.5171872650311425,0.6465777985512448,0.5565405478716173,0.5287147067358147,0.5250200367652607,0.5499007857842189,0.6705355753778133,0.5885161488631314,0.6217069659149991,0.20049595730592515,0.8377981652039511,0.7026617361149754,0.6353075476245683,0.3329243135851451,0.41981190918142586,0.4931041470333142,0.37963798479362887,0.6387501988120928,0.5321305947983446,0.6362726599294553,0.3104993184094451,0.3767205042388951,0.46393557115047396,0.5632182394474339,0.5114940896775202,0.5581313470357324,0.19610934888561685,0.38490228672018106,0.40519823766522145,0.6202305156215471,0.5267242877679092,0.6265101993484069,0.6302206048127691,0.3751356289062653,0.8796123971892433,0.15811287102211113,0.9431642364891933,0.205406382579119,0.6437561958734463,0.841285736578019,0.261588805236667,0.5025118486416333,0.7362468795314965,0.6647131078405991,0.6298774019135439,0.6247997260306628,0.708467785564813,0.8333603973962175,0.7677351166035012,0.6511154538963185,0.6334116120362584,0.5582820365514962,0.6965159590847665,0.5359136467330569,0.8585785164330235,0.8673460798829293,0.3508509756074108,0.5080798454244189,0.4405641141798843,0.5770189047414438,0.6602447725054482,0.4953597753566324,0.20934520885696742,0.5221650680347388,0.6275927465452731,0.5078416596376758,0.32923266802071954,0.31031148842444106,0.4201176974895075,0.5746585338439851,0.5192711437272292,0.1986194636269573,0.5319883211124429,0.6692488702045486,0.6976400727089497,0.5684363269663776
EWS,0.5799107977970557,0.5312353227001574,0.4412191990748362,0.5232914681542864,0.5464006468278062,0.5139028927153828,0.7542830767756986,0.7135873883252638,0.6592713513154165,0.6378082817474499,0.5225771859324357,0.6946722601150267,0.6041512415914282,0.5216253432109397,0.45601973165245874,0.25305454345291367,0.24456100226749788,0.14846039840522277,0.6050139831475508,0.4409548618486776,0.5810666270995977,0.49592487981181177,0.5821696515144018,0.6046871329094929,0.6529409038077135,0.2447445417878269,0.5849267547861412,0.5290282168954659,0.6373449812033408,0.6879864484784283,0.7262733187864124,0.7384834130247936,0.44249463068518136,0.43290158403792084,0.6150619195239333,0.5823941232822597,0.7543332865643854,0.6555205142979253,0.6328622278104039,0.736725207287167,0.6615841153511454,0.6816067534209446,0.5268019375908365,0.6776877132726863,0.6095620978157525,0.5400268633991268,0.6413647782067207,0.6332663578633988,0.6650073994523361,1.0,0.5786370966449704,0.6989812738987505,0.5177665842336441,0.4920148332805457,0.5960549667367345,0.5082592869420736,0.6957522777425951,0.5776103358139439,0.7350772570865184,0.6776450303313403,0.7440453824789841,0.49905191622254613,0.4186573070334118,0.4372570468531327,0.283863087947338,0.612872365459486,0.15724217033469692,0.7688972579623413,0.6301408124941054,0.6699073069290874,0.2425934708950791,0.4650074564863304,0.48372667664796004,0.5185769541299148,0.4231300286313018,0.4526357448469629,0.44750158553872776,0.3383594589453127,0.5379172324280533,0.5999868997346881,0.5703477304322041,0.4964474249622988,0.6037745934784383,0.6272345533199639,0.4173441642076038,0.5459060470450312,0.3622645211422623,0.5977388764950112,0.39835301323221484,0.5145885446210335,0.36132854996878966,0.4989180380287369,0.6130687034277239,0.3093306237676911,0.5808811971905536,0.3952092879786727,0.5251791481282473,0.4906402845540284,0.4736242075443083,0.5142036876223626,0.6114829868480656,0.5728804254451628,0.492637702184625,0.6336296659523071,0.5598113821002249,0.533307356178497,0.5474564426913917,0.5113601495931108,0.6260634293047552,0.6153597074029808,0.5810098362335014,0.19026588391421284,0.7198294079950394,0.6623690828321942,0.610399692680634,0.3251686635531454,0.4301933039384761,0.47409167743286834,0.3848843014112432,0.6322202485512151,0.4961490100880626,0.6274461674708534,0.31512483625988735,0.3516226356697474,0.43521349294250133,0.5637580645875554,0.5369033297109578,0.5619559465112077,0.16061934167867345,0.3576182278596887,0.45252758225341627,0.5864145957745269,0.5237423182339291,0.6116464327158543,0.5751437993787369,0.3437591777783897,0.7554373183677391,0.14647153772489746,0.7271377323287169,0.16906552520566515,0.6102896166859111,0.727272465310552,0.2504473623746232,0.4667906653839953,0.6600717911895431,0.6347915169578017,0.5875166450844478,0.6141630462498686,0.6767359685284966,0.7337096318184553,0.722339480248025,0.6413374830585693,0.5914358506606955,0.5652482860780687,0.6900909249692507,0.4991652584601224,0.7626718565136129,0.7648969873315347,0.40171902188671027,0.49313854731103296,0.42205999084176377,0.44347558609615384,0.5913310090406352,0.5062838839273467,0.2900518088919338,0.5019002153265743,0.5559191469603796,0.510914192189855,0.2852325970698944,0.3282338359695133,0.36900979149081964,0.5350430344078928,0.5126497922682375,0.2892337804432244,0.46164983431342715,0.6512767863649079,0.6674268917663333,0.6003696016651514
EWT,0.5074697908959204,0.517709154236837,0.4659044762739381,0.554861026903095,0.6572833024553913,0.5591507288887764,0.694560812144032,0.6684412842752652,0.861827746380013,0.6717060582108133,0.48520228232556234,0.563892898389517,0.6460059257965193,0.4453033040933193,0.5512789610389826,0.20432798820207246,0.18712850100523018,0.17114214300534691,0.7447993240379549,0.5001532535032551,0.5483843500352094,0.2970556613445213,0.47780487168378194,0.706032766145619,0.6238940103601437,0.1897292961070151,0.5274153580970476,0.4952559215188975,0.807015460423401,0.4368018897104544,0.7406334868921708,0.6130466324214342,0.37851683550614074,0.5139662284335168,0.9000465656019769,0.49722032299650976,0.7024157137906699,0.8502712470747164,0.6929999203322018,0.628618754629851,0.6080200866648006,0.6198268018606009,0.4375611356419098,0.5686307854984992,0.46883162813430074,0.4788250584769645,0.7366390466664812,0.5206258218653055,0.5820121577562805,0.5786370966449704,1.0,0.5486619562666184,0.47736441377866357,0.7607084062770149,0.5821737375793244,0.5393438491180093,0.6665532377067795,0.5568490881579249,0.7004294637466845,0.7501000343184123,0.7125486359416717,0.29238690287277125,0.3960730219838988,0.4214880011296991,0.2786815156641796,0.5248100146324619,0.1121304665670181,0.6775646725249209,0.6700228244158217,0.6526386356409595,0.20687644248606127,0.400168888030464,0.5771129360381926,0.6843941783286475,0.48357302166622973,0.26059628979058685,0.44719482120960374,0.19820268738565108,0.8026902296227122,0.48658808612317533,0.710575471702321,0.48473325696784814,0.7229943489646508,0.6567201425792599,0.3203206312554074,0.5027087483412139,0.11877863508432622,0.6823735522337168,0.38288226577073403,0.5701047845185949,0.2925413511051717,0.4327000487504906,0.6922320609032957,0.20443124389801373,0.5100355579094146,0.3662718435553059,0.591040496096693,0.5942599912984282,0.4181740325326871,0.43307640605857683,0.6440027174126021,0.4691614688717062,0.6401904391032234,0.6875306142861672,0.7330491913027859,0.74260417583029,0.6519075096110456,0.39850538776559896,0.5487968332110239,0.5617525659474281,0.6218270786708293,0.131639984107541,0.6709558133435164,0.5373401965735535,0.5226353460854869,0.35420628645276636,0.4230792160222557,0.7789046885079824,0.3814847000141284,0.6879980370330139,0.29236204445614844,0.6826701105006413,0.2085342344302083,0.27690230904404567,0.5045788109337896,0.7359634509246723,0.5295689811572621,0.6541841626369722,0.19211531011095986,0.3738992151321288,0.5221281121341861,0.5010399864025259,0.3562651988323554,0.6601241379769218,0.5176287496103534,0.2878006553022494,0.748972619945355,0.09286479328420186,0.6516449305986158,0.133664395175946,0.5589210938879835,0.626141250074463,0.19250652833134105,0.2927886752858264,0.526813673867724,0.5989104289827737,0.4605830248530141,0.6685252431572166,0.7755285166913015,0.8168808437204332,0.7711922353902837,0.690509098802613,0.5067584471359622,0.688187863233697,0.8131815198612298,0.44187612115770747,0.7951191224187028,0.6602304944984753,0.3708571737768265,0.5075269983584765,0.3935544883203782,0.4461792083187699,0.5007120303484028,0.41924138844906633,0.1615914266436307,0.34902874474319506,0.5747761791824354,0.754537895536402,0.029760813109022434,0.17745734255794662,0.18129208955527532,0.5339349813550098,0.5682153805831988,0.19544789425065107,0.40610025696861624,0.8579264446418094,0.7609818541977641,0.5832344357596438
EWU,0.6032010908717974,0.44838251305149895,0.43604376686804014,0.45835742552070646,0.5062800637715419,0.4267884916634786,0.8900765907368714,0.8248621671442282,0.6592098387187997,0.6487774198067383,0.5830303446598937,0.7597044488412181,0.6375270546023832,0.5075551449013694,0.42401428283942894,0.28307597919178223,0.27053877947993277,0.22400230978973895,0.5794928392941618,0.36894449726476797,0.6564030078580408,0.6055642179086949,0.6843101514079306,0.5865941138753271,0.6914965402823148,0.2708458777522983,0.6164942847150331,0.556367985428814,0.6422596373512032,0.8479811779076022,0.8197003622717426,0.9082104286915285,0.40824008054150507,0.43461138719637443,0.6116070838323746,0.6537782887834979,0.8835324324575616,0.6461405243467614,0.6121977586914129,0.8120855834475311,0.7745854136134307,0.8010803393247742,0.5406344481966106,0.8100202444389134,0.7980271270049335,0.5287191432740354,0.6960222938143796,0.7899144573263621,0.8140863743266225,0.6989812738987505,0.5486619562666184,1.0,0.5625834380835381,0.47397969763619546,0.6732219706214803,0.4008693583256126,0.8156065903000995,0.6225594423237024,0.8342315592728258,0.6954900246022102,0.8701227385397843,0.6159033539914822,0.483279704294673,0.4889903114149567,0.34453476736456534,0.7341764560210706,0.1884897053660984,0.8909804986963571,0.6185162933184198,0.7627716552650184,0.2918516940586061,0.5312022499387117,0.5355062817027337,0.4868854811205557,0.33443434852513304,0.4790976218332986,0.47900353556850295,0.42000163287212006,0.46796614785482354,0.6549575909786834,0.5012881447953793,0.49910394786443796,0.5941130931626928,0.6347946987678359,0.47408208118246375,0.5604982781502736,0.4612777376371284,0.5893869048936435,0.4191873188537367,0.5266831224533487,0.37882939340838345,0.48640241194106415,0.5836538313587116,0.35819319585153686,0.6089646970845424,0.4547850998134272,0.5781866871521726,0.475855857381617,0.5197385087090615,0.5896960230289664,0.7184320768314127,0.6282919740141183,0.48506314646732407,0.6147135922412239,0.48581448298557445,0.4516795989044119,0.5033542114144737,0.575982243763307,0.6875929092644428,0.60396454452232,0.6024156317326568,0.23663917209339608,0.8370683993134482,0.7602309955811357,0.6150684774445315,0.3950572158643042,0.47827013072143965,0.41614217588010277,0.38968557076841476,0.6128778851769762,0.6056138325936307,0.6093085517340131,0.3143073491126511,0.37072400127148425,0.45371704322579276,0.5097190726113953,0.5099491307781007,0.5029395603613263,0.17465205713104384,0.37186923778069614,0.433769153164707,0.6015930357349155,0.6128578096208358,0.5943599003012283,0.6385116562706645,0.3613894827085892,0.863898773417082,0.17113693230332244,0.9090993711735207,0.2048831465282643,0.6740730748402005,0.8560629365777644,0.2711837535568615,0.5579623876476477,0.7679419849566962,0.6719935392000647,0.6819497990648342,0.5913351635583045,0.6994829138399166,0.8122931780165049,0.7471778885351694,0.6257193304804803,0.69863906234143,0.4915665509901795,0.6901536203838234,0.5113942264910655,0.8468409405824672,0.905416552569796,0.30631529400564034,0.5110540242755208,0.4418480909525868,0.5095396244750314,0.6883640200305141,0.4445742142963434,0.3450324227629048,0.5744043539912422,0.6165640951191363,0.43484402046327336,0.41512403184634367,0.4189081119170905,0.512438680099276,0.5140653119632571,0.559883261669772,0.3069278251331442,0.492193058884425,0.6368072957942827,0.6553374626865679,0.5832647042111319
EWW,0.4644343154686191,0.38489851066141684,0.3383906356940691,0.3984613223508553,0.45706324318843783,0.3868182921856407,0.6440080787442208,0.6172143781166447,0.5954687225957754,0.5165035530963543,0.44150824479792505,0.5785578984535013,0.4926841174996176,0.3956764643942047,0.3808698952251078,0.2201540804226686,0.19214061905189098,0.157339437352115,0.4981279459389413,0.3041299458835485,0.4666898147278381,0.39778657312804305,0.4658149465743466,0.4803745011792609,0.6042173178948093,0.1965856632829337,0.5693175960084599,0.5412747097183941,0.5531798764730066,0.5276633112898247,0.5959402758523594,0.6167106957582082,0.33859560507178216,0.3747340755479085,0.5609926940579634,0.5137946120457217,0.6286994461312322,0.5957616647815711,0.48901110153410454,0.5988534858747816,0.5690765097623641,0.5755606227073389,0.4830681957762074,0.558842601574897,0.499938011374532,0.42262025634036476,0.5592402571291467,0.5491982060937274,0.5772966472866911,0.5177665842336441,0.47736441377866357,0.5625834380835381,1.0,0.42488570693479416,0.57763258197553,0.3641220249789348,0.597445663033831,0.48105199038942265,0.6136728258827447,0.6217521128670471,0.62937349720189,0.3636605410327369,0.4179323668124532,0.4420337065281796,0.3175306760389155,0.5679089264549635,0.11495299099222664,0.6289651345531048,0.4869077687435203,0.5541752762875434,0.23930039313373763,0.34581206997572256,0.4723931055231726,0.4585133328959364,0.2895421310424285,0.2994572197137326,0.32610199121372624,0.2729226467789541,0.4309456099916054,0.4580871064108945,0.4465610204665174,0.41264841038400824,0.4998057494967994,0.4836520379486686,0.3356861830894181,0.41270638205088717,0.2679495002907589,0.5088476131567296,0.357308824225615,0.4491697111644269,0.28435505904685293,0.44528257312840186,0.4700936680435712,0.2734808067991503,0.4283087128588782,0.3359402065794643,0.49292219320634156,0.4488201220213089,0.41370193439581376,0.41701713792157163,0.5927240918469286,0.4544606452114713,0.4574269948336431,0.5137112509265849,0.44310462622015884,0.42712131503464507,0.4349324087647601,0.42747245673774564,0.49818427230765183,0.4853272466302107,0.4885310481810931,0.18284606433454567,0.6056791681716105,0.5866035526760183,0.4647662700154942,0.3489106260082678,0.4670206800967127,0.41745344093173303,0.2737252508534535,0.48920329343718577,0.39472560768305087,0.4866416354608293,0.21004870999707714,0.27914486975008845,0.4235701959482147,0.445717681699521,0.4397800371069212,0.42120518775084925,0.15288019146742654,0.2962074696382614,0.43672572362244,0.45843377676339037,0.38900584673166294,0.4973019770989987,0.4784574729289898,0.28419195471090924,0.6329922661808467,0.10403455111710941,0.6163410947740938,0.15713802370741559,0.47303761653795817,0.5831847739209407,0.19823847548075715,0.3548588030931961,0.5710132367794915,0.5114044740583578,0.4820648158314562,0.4870910578010586,0.5592976416838361,0.6306453576428986,0.5858262498331969,0.5019686557136922,0.4885736905831019,0.42375796835200696,0.6165611144566173,0.4217969445697848,0.6516796938422724,0.657337814956816,0.25223700787578696,0.4135584633323545,0.316261069625813,0.38867057592630133,0.5235531660681584,0.36623155371601984,0.22316338374203099,0.3881103548078955,0.48306255896162864,0.4105322126191442,0.2340543924640427,0.26146503205494204,0.23956779699903533,0.42044627684837477,0.49341745094876166,0.21835378762870725,0.3704955348008654,0.5838236531048315,0.5329371033373527,0.45775803985116603
EWY,0.43055221035517766,0.43611429358934123,0.4162476347140689,0.4883124430394783,0.5662599354105748,0.47163620164163533,0.6222277277085951,0.5989765357083561,0.8466700165463436,0.5448940884213856,0.37445256232402774,0.4730291033385497,0.5941454214533923,0.3236474695749118,0.5000734999674523,0.20944048020602776,0.20957328181188958,0.19952675829838978,0.6292515550482063,0.361030511149589,0.43438799933516214,0.21946763755052778,0.3653227040133671,0.5604765247082922,0.5544903024468519,0.2026841844906568,0.522697192524847,0.47505790372535395,0.8172917600241002,0.4048579488302678,0.6692895140465456,0.5460531011999125,0.33255472261374486,0.4582427044467278,0.904157017443965,0.45747652485309576,0.6330863928741925,0.8414728000854336,0.55026141021332,0.5644810749885866,0.5227353054353043,0.5445654553726691,0.4185775235874023,0.5147386915734575,0.43038892732567824,0.45722594030116626,0.6466282926012269,0.4801393912316849,0.5222541930645891,0.4920148332805457,0.7607084062770149,0.47397969763619546,0.42488570693479416,1.0,0.563704212308577,0.39798154585939466,0.5894652482202384,0.45346864962975925,0.657850551537344,0.6403160455044109,0.6969352094908947,0.19397256254850387,0.42896506507358173,0.44490416690883444,0.3388916344827226,0.47419200030613523,0.14209421395798064,0.5996655585784185,0.5278112229333852,0.5447699782935922,0.17873404126192816,0.34718538360391,0.555638228360262,0.6783008571913484,0.33113274002924814,0.19141786981059902,0.39389326961896237,0.12784670799041908,0.6995058276996031,0.3680448392091042,0.5839850723293507,0.3983252678174706,0.6207415470858323,0.5388269295150582,0.22373038373813686,0.36578380966053037,0.019347022020880483,0.6000119366463792,0.31919745321245496,0.5322884480414274,0.2771295176400041,0.386362169425998,0.5512470023140488,0.09960033793393584,0.3874719750778325,0.29353646717445536,0.4901732164890329,0.526857210985664,0.36134912110447104,0.32615799947077445,0.6222638250992742,0.346401616129049,0.5756483642047646,0.5832861624796581,0.6113436067534607,0.6357866688819667,0.5249132514116903,0.30755210127277693,0.43622034569557105,0.4566304998166872,0.5426490251881498,0.15242994135171553,0.5930298102372483,0.4613333236882097,0.42969464726345374,0.3820714523067751,0.43900724120266293,0.6557637302794855,0.3276965672370323,0.5479345814328548,0.21297535900724376,0.5425531092253799,0.2121475278592549,0.2647847250061044,0.4583014263149853,0.5879053676086138,0.4895981750658873,0.49708379313693135,0.1714861957828,0.37604156782605513,0.5084888682044328,0.41876890120130184,0.2648369986626437,0.565023141416347,0.4059041010997863,0.2652716178298369,0.722537768985682,0.1399069840637294,0.5768967038403814,0.15464029126396758,0.43233074538364674,0.5274165448732601,0.21368414322969254,0.23144096088041907,0.49956057476474214,0.4857413877009806,0.36102753862093667,0.5561769885478657,0.8195349875255987,0.7599557576128372,0.6603196017027938,0.5532545763583264,0.42349508580550566,0.538876399400056,0.6927472923099811,0.3800133922130044,0.7413874340507196,0.5824596351784934,0.2317227522901182,0.45483590355432757,0.34690078347509,0.37906893297782224,0.4209737945567592,0.30162108794476955,0.09215238870281228,0.230267274909596,0.4809167787781965,0.6353908938650175,0.011228089424998504,0.1597321487900353,0.14469069949821534,0.4045223299136708,0.5278450786614235,0.1060527240904908,0.3199977424131016,0.8428163002196304,0.640761906626498,0.4439507953714306
EZA,0.530635898864353,0.45100705665812546,0.44967503831831146,0.47552634487535783,0.5236807713429305,0.4382480040845687,0.7396944589208646,0.7379087885272149,0.7427525078156976,0.5435489610751237,0.45004012256694215,0.655228721865795,0.5589621346106857,0.3752477707129836,0.4196210089381569,0.2927796542903628,0.3037598124327241,0.28762991096784984,0.5643328270135297,0.33960121176359076,0.5048906937814254,0.39498854130358824,0.47654882505260393,0.5298989840576342,0.7114012405719763,0.3052419068486086,0.7049788979726327,0.5851378256774434,0.708176172661399,0.6084246725856061,0.690500817708222,0.6995093968855453,0.4280418964482911,0.4191125991413092,0.6897024894109157,0.5997853038555427,0.7189158606260744,0.7418145747261763,0.5344098948209086,0.695716756221352,0.6620264447518108,0.6632423801095868,0.5797430061195655,0.6411234688347337,0.5758618262173529,0.514575307912378,0.6398216830954867,0.6229221406236577,0.6435060991076228,0.5960549667367345,0.5821737375793244,0.6732219706214803,0.57763258197553,0.563704212308577,1.0,0.41683099083569386,0.6778091873126914,0.5155894468441187,0.7356619931565362,0.7523336217623205,0.722961861856723,0.3714822857790939,0.6911339625094847,0.6923317252931672,0.5605977339221646,0.6526973596223494,0.22990804948024607,0.7124406460451945,0.5260770314453873,0.5588023961436998,0.2622297237479678,0.4449020345256794,0.5430297687104523,0.5285001867204273,0.34304540707839504,0.37059843165231504,0.44967161263752103,0.20834667010526892,0.5061812783834501,0.4612907364518556,0.4861020233822878,0.4580564541750333,0.5261593553104011,0.5288945875286494,0.3243206558992575,0.444029126680337,0.18492584323406466,0.5710217824729983,0.431594414177283,0.572289207230347,0.3717871751202773,0.5659931138861257,0.5183499482244903,0.18992912643045365,0.507310521894477,0.3187899858342221,0.4781571804055544,0.5131094924913746,0.42778537656056365,0.44962638068228905,0.7406663551555326,0.4512399815525417,0.516943754770127,0.5774200815442831,0.49582164637841336,0.48644220294720736,0.4556694962872706,0.47298699222271345,0.5289519071718698,0.48501655485189693,0.5301353617201624,0.27167093850293017,0.7138320860879318,0.6611076630053903,0.526055727963123,0.6045807276777193,0.6780740441705883,0.4696533187074204,0.37167989782513017,0.5310830282625433,0.41450770816655846,0.5290559310708458,0.3299468516975296,0.36301238417714354,0.4731581624384473,0.5146436725276241,0.5753200031098524,0.46711832905542083,0.17460591783031876,0.3809300330067538,0.5263514778558688,0.5257459779737115,0.40034433990212165,0.5529212378346875,0.5011064997883569,0.34996094077202583,0.735974890102202,0.23977291486178737,0.7075217710452811,0.23564841623100347,0.5065908409661505,0.6638348494710189,0.31239046866681225,0.39188335395024537,0.6832549383587473,0.5406484588563409,0.49033289373688316,0.5328002524818726,0.6682161689189791,0.7584358471931681,0.6632834088002526,0.5445017389408786,0.4984069309809103,0.47933923093598435,0.7611181206600954,0.4930366383270969,0.7692094082068887,0.7449616379113215,0.29629460510859706,0.4606985736435191,0.4119522513179147,0.43221622549301186,0.5846404550221899,0.3853521765726234,0.15185664735207338,0.36216452939998517,0.48058669808456866,0.47095542301715776,0.21516057762401866,0.2839209986197168,0.31070806658064104,0.4580342070638079,0.6227466389481732,0.15624151814659834,0.42099100992067945,0.726119196654892,0.6277793687187451,0.45991528349696215
FDN,0.5816292574662001,0.8389186374289722,0.6071275368418363,0.792545005758166,0.7232201409381785,0.8319625771348529,0.549812932872629,0.5126908806836828,0.5244583772112168,0.7887457406254518,0.5711023795496561,0.5820144671732083,0.5061325408407029,0.5220213131192153,0.6484408990211052,0.16333282202645463,0.13031200378890728,0.11574739656775243,0.7395945403331243,0.7907769378329039,0.6774141573500231,0.3566229015118854,0.584307834737225,0.8301787616411779,0.41732875424298993,0.12883618525478352,0.36029494053429634,0.37604999470665834,0.4590949084689339,0.3266843309138081,0.6181094559906941,0.45932935418934157,0.31117978706087895,0.533585058540651,0.5160335597081878,0.42590343546747006,0.5660789486023114,0.523211914744569,0.8464155673336254,0.5453888980942991,0.5494894517007162,0.5536142163059105,0.3498302908409394,0.471803248456148,0.360738465247879,0.3618935080320779,0.596191862935338,0.4021543272632917,0.4785899939896092,0.5082592869420736,0.5393438491180093,0.4008693583256126,0.3641220249789348,0.39798154585939466,0.41683099083569386,1.0,0.5543952737027407,0.6450917291243511,0.5506070115719596,0.4864354890380471,0.5140195382257667,0.4789791012116648,0.21377180549275737,0.24514041188716632,0.08469901607175002,0.38221833458623217,0.026766669697236924,0.5703047843918801,0.8369175379617206,0.604208430539683,0.15033820422197555,0.45203356894469177,0.3946069510042336,0.6510622143094403,0.8529203010950301,0.48465173806769607,0.4067589029693256,0.16874543496352143,0.7472339548478988,0.6313923955398407,0.80382858984797,0.5526519056536747,0.7719666378754133,0.8028592063244366,0.47065455555920577,0.6962535038805581,0.3324856860342414,0.7470230613198992,0.3756152540906157,0.4338643896376172,0.2697457849428217,0.34157130288159965,0.8454150128207836,0.28138613602087736,0.7359297324806027,0.3061622449286409,0.5800309558173564,0.5483548435406506,0.46251640430979357,0.5523260723425746,0.4453452212655381,0.6499524528865516,0.5642143909278838,0.7781041445908226,0.8482314626817086,0.8101392600817545,0.7253049775233616,0.48381386087014705,0.6805498611451646,0.6517944813962472,0.6804105392338967,0.09356218502759302,0.5536115776378844,0.49577185044048955,0.6365399814050732,0.2015354231864955,0.26327905369127585,0.6318293135678695,0.3452476751350097,0.8337034131916612,0.40308754578286193,0.8375931417569319,0.17174710519604197,0.25367064461088984,0.3878800996450379,0.7466037376642425,0.37276368884176564,0.8822785171876434,0.1829775771280958,0.34864656056252535,0.41177048060547705,0.6147719436612014,0.5436269148138477,0.7711816856232178,0.617235103044628,0.26663093554454587,0.5726672117431554,0.015190060246380421,0.5267768185441597,0.07264018840449417,0.6725418474168642,0.5639892461388402,0.13314622591323405,0.40600016779466547,0.4426077169496986,0.736405987771038,0.5560354580010227,0.8294177368783608,0.5265197825863456,0.5817056151639762,0.785003761739424,0.8389498974270041,0.5526036275865396,0.8828144058401364,0.5463908885061364,0.43945136064181173,0.5838802331739107,0.4832991571299631,0.818648470321893,0.5258560281715124,0.46073114773279117,0.44785876604694863,0.48532701279669854,0.8188333608612709,0.17470466185207428,0.577046360682325,0.5892154425823148,0.7706615435860712,0.11383770356262404,0.14512886721931975,0.28813706604270534,0.7979496985813815,0.4706102948905638,0.2539191888104558,0.5882384675397905,0.5411645985384809,0.8095352888631636,0.6937288483097517
FEZ,0.6420135345614806,0.5625312299751075,0.5017004196922252,0.568048576426205,0.6242414399716216,0.5550023157522095,0.9163450756834951,0.827133156691025,0.7500439662959244,0.7275415559286156,0.5898284760868429,0.7105733134579215,0.6990144386351919,0.5491544078423332,0.5313926129744986,0.2774195975875542,0.2516452551118945,0.19214401457698568,0.7246786963381574,0.48009097261908695,0.6768221048665491,0.4878619391905223,0.6437498252865546,0.7050775645898049,0.6840014462518902,0.25141286488404024,0.6529044357201093,0.5923499010592623,0.7124032400121286,0.7656527514851632,0.9266060016223768,0.8950411344423301,0.41990592181978614,0.5500659720540024,0.7204100020968389,0.7097179626638176,0.940285042124023,0.7421151364257521,0.7184628612187225,0.7878467101060855,0.859616425003257,0.9457721423359656,0.5468833082320995,0.913093377985077,0.7770741395191261,0.5247848500424641,0.8902699763196326,0.8545658594085142,0.954652708903815,0.6957522777425951,0.6665532377067795,0.8156065903000995,0.597445663033831,0.5894652482202384,0.6778091873126914,0.5543952737027407,1.0,0.6601816342266356,0.8634610009687101,0.7253814187908353,0.8948950457585323,0.5391497360961551,0.4290023801392975,0.44942581711114604,0.2859863580139835,0.6435151128202277,0.16104752447176168,0.9297361627046051,0.7159562125670147,0.8374369607729801,0.2699793720955877,0.5057088240287131,0.5854993477672206,0.6007244239907364,0.4598848268979287,0.47467922886143704,0.5067467357549691,0.26708253297390355,0.6583934635123835,0.6506840328523523,0.6493430776871304,0.606386512945015,0.7047366713211052,0.7183329722672331,0.4531049292218219,0.5941582722315303,0.3736976478864598,0.6918744959658583,0.43508632595353597,0.5653160141029463,0.3836140753467732,0.5122575550420354,0.7005849036340356,0.268472224038963,0.665029203449699,0.37652948888783455,0.6510012245616462,0.562259385659152,0.5314230498222815,0.6121850316244148,0.7067546588936034,0.631213258289582,0.589000692398175,0.7174812619439669,0.6631271627454236,0.6438833512004284,0.6105115890430756,0.5535018297233236,0.7005153039186905,0.6442537356555423,0.6710662094584312,0.1842448516789793,0.8632048293128636,0.7106660642084834,0.6699959788224104,0.3658329996397309,0.4518146639934943,0.616615386950338,0.41597941933770627,0.7167625938108131,0.5125978823241834,0.715191331775864,0.2959289580841962,0.36997240994678926,0.5089858865261389,0.6545409271836464,0.5401443695203473,0.6486588754961347,0.20888429794263125,0.4205189753416443,0.46179238173001047,0.6519824973415232,0.541367578096637,0.6915688594379445,0.6524584057362616,0.3726560976482806,0.923009877508034,0.13593110568091102,0.9649328779280569,0.18919213028176582,0.6880103764181615,0.8657145191260192,0.25011471194953294,0.48793460439405134,0.7294770927183674,0.7086148227107987,0.6415610117727988,0.696856367676512,0.7700277791820782,0.8889828891987166,0.8378779028145347,0.7266289579457613,0.6570796464419352,0.6546617267961944,0.7562964075007701,0.5457862849245522,0.9085371231063241,0.8870912794892003,0.40354121039546714,0.5560066826850668,0.4575545607005794,0.5858347203952922,0.6692604639475004,0.5366240841742715,0.20583824888633379,0.5425769145969964,0.6680742531895901,0.6214156691061877,0.2881052399688215,0.2946619507434993,0.408450810460638,0.6280298532165094,0.5649161812583606,0.19866607630711386,0.5462283282102368,0.7404943439488938,0.7822714590323956,0.6317270433451787
FNDA,0.6920053585552253,0.6794892358911255,0.6814809349499377,0.7189670914978971,0.7270107544780369,0.6670321693156118,0.7207541977167059,0.690541974651767,0.595946276189661,0.9000557582242077,0.9654030434908202,0.7485193149364799,0.603149646762035,0.5895513455787326,0.6219715677519451,0.2499392612061818,0.20016609008452182,0.1589984697056709,0.7084517016228695,0.5706459106369117,0.828091130232678,0.7635731375428613,0.7704508972033156,0.7743324467338465,0.5530628365678315,0.20639699381595594,0.4381416858393073,0.49920367143717703,0.5381734064790983,0.5125105625176141,0.696258854622892,0.6782170786085663,0.35415054747456015,0.5554934331165698,0.5870717612398985,0.5297874203028762,0.7082908842105398,0.5855349102507017,0.8064509855966457,0.6916068146096076,0.6507044997796183,0.6321357001457958,0.43369651588463387,0.6266917591872203,0.5393016807268262,0.4405568026148406,0.6505790738667114,0.5514315195383229,0.6283439899946881,0.5776103358139439,0.5568490881579249,0.6225594423237024,0.48105199038942265,0.45346864962975925,0.5155894468441187,0.6450917291243511,0.6601816342266356,1.0,0.7157132557338196,0.576260741082432,0.7064774381344181,0.6949966361323856,0.27523032365787553,0.3018051965482316,0.1212122401469384,0.6446425041024026,0.10122483058458231,0.7239402896178138,0.8213522035087659,0.7241134307705815,0.20441511695253056,0.6113200914880024,0.5416382873174116,0.686930907169992,0.5382104555727157,0.5480284859595905,0.4429147854742021,0.4074877137919442,0.6093355470025413,0.7590686182169829,0.6537283872533148,0.7445559599514067,0.7950413741076607,0.831232793236024,0.8389732782542128,0.8433572810632024,0.5827437729905548,0.8560259136503666,0.444686369194525,0.5396701870243088,0.35909993037056503,0.36248267430107395,0.7530998528088739,0.44681610553092216,0.834420911482922,0.5900367936157656,0.8817645345654965,0.7009677028226938,0.6208264889789733,0.8384706048299169,0.6250557734886689,0.8910559198968809,0.7034546151517596,0.8471091295376031,0.6693363405216088,0.667122217762051,0.6135836588347161,0.7494579942198508,0.922717443259974,0.8338863366400843,0.9699225354108006,0.15430041806024306,0.7071688688175675,0.7529738223954341,0.7264715528098368,0.2097571969763043,0.3250726313998989,0.5769803205936053,0.379235149676231,0.7987833195556279,0.7950321617686206,0.7917965639811709,0.23317055608880974,0.3416088026506844,0.5414768461595829,0.7090792734048645,0.4153382823031666,0.6712849786909206,0.2044179681848343,0.39909943324900027,0.40944962443991273,0.7053596929087756,0.6651463262785854,0.9139461563872284,0.9824197283313043,0.36104711802246137,0.721173174146989,0.0626418521328314,0.6826354027710966,0.15133664534608288,0.8299929621525758,0.6925049891373234,0.19537773114057536,0.6974044455470428,0.6376951262609571,0.9185452201125818,0.898865995577308,0.8411120093978894,0.64261622167276,0.6938976137083724,0.8317795974153999,0.8386928162310958,0.8600782387806152,0.6669687241482313,0.6049372539998888,0.5105467858312962,0.7137094998099927,0.6923646398063814,0.5895394764483314,0.6813999790528408,0.5902683726977341,0.7962747250660243,0.7943703111649917,0.6058671506060783,0.42094345483137924,0.7658492235487363,0.839742627406758,0.6152189184361065,0.32884695094274763,0.373772912650237,0.4744150337201543,0.748165372016575,0.6816621813212902,0.4672323359479719,0.8481822507418546,0.5925763358516952,0.784288821328886,0.6696820638153664
FNDC,0.6809551283052159,0.5849368133610202,0.5600117751392938,0.6025034196322169,0.6529227225868405,0.5734168950338412,0.9623110718859992,0.9562045275784767,0.8081820407018071,0.7458484576586711,0.6459049715906562,0.7980957260044758,0.8313451306933741,0.5405124431489883,0.5539802961080983,0.3329142041701779,0.3286139881393306,0.27766162194718796,0.7602168057083195,0.48416328680313514,0.6851186730623523,0.5760657063214275,0.6640152067229295,0.7070021489135048,0.741660961367333,0.32737456643777574,0.717620407430937,0.6335405557294311,0.781231984739109,0.8189902409672101,0.9098021435271972,0.9200688123096955,0.47243606403020333,0.5683870404493125,0.777167994288759,0.704140641316275,0.944302412157848,0.7939010386146951,0.7220772679658413,0.8478153769249932,0.8415605132156978,0.851246076768997,0.5793849912873836,0.8266273830304905,0.7586344019896775,0.5845214246989712,0.8050386331590974,0.7820424131332308,0.8352828803618161,0.7350772570865184,0.7004294637466845,0.8342315592728258,0.6136728258827447,0.657850551537344,0.7356619931565362,0.5506070115719596,0.8634610009687101,0.7157132557338196,1.0,0.7795675455269174,0.9469596583066043,0.5599501714642762,0.5402387479517753,0.5602475153039511,0.4003351046208424,0.7319978095316828,0.23574206723113209,0.9425813688992597,0.7196945406416182,0.7971976801416509,0.31996844270659325,0.5444820157137953,0.6514362533543812,0.6464521699180401,0.4532150487824806,0.47213798301211074,0.5459784732101849,0.3249462259906644,0.6432602681518563,0.6567884997583475,0.6431010518175853,0.5888569602323932,0.7130408856822011,0.7232858511506166,0.5005268076089933,0.6243312649341104,0.37703855461251495,0.7342209901183134,0.45845020981445844,0.6348215745397605,0.4400232558599708,0.535525308231642,0.695627297809529,0.31169225541567663,0.6742274808762125,0.4422076895522942,0.6805987275099811,0.6234214684086139,0.5742435794981028,0.6298313154692735,0.775203701070157,0.6585867953773602,0.6374283836091073,0.7345425747070528,0.6507056711692858,0.6242269241869842,0.6063569160409555,0.6148403143901877,0.7345859336930463,0.6669825791614347,0.7263123049882861,0.2632181791764464,0.9756947054236372,0.7863930800899751,0.6948158955950363,0.4300459082743803,0.5500199652820319,0.5844534238368685,0.4603368642067213,0.7182866641840752,0.5834006010609146,0.7156410801815892,0.3727250020468633,0.42852361729719646,0.571252870309197,0.6503429192718195,0.6044151894408182,0.6310768418524909,0.227424607125073,0.4327807670807383,0.54959529530558,0.6840563479716829,0.5773845290992723,0.7304618017424135,0.700671383668977,0.4189254659316431,0.9576147068917782,0.22190064235864357,0.9097164682905264,0.24751050075207323,0.7020870053226608,0.8979902080094267,0.3297371211605946,0.5685449835693858,0.8536687295108206,0.7458455604720651,0.6958295285041469,0.7136641386045434,0.8921474275343947,0.933421098266425,0.8585752644664006,0.7359634940105075,0.6993121622082037,0.63712870025537,0.8049986863181221,0.6010568226399768,0.948297165529878,0.9265487100380596,0.417013677039233,0.5924128163618835,0.514953083561009,0.6100003406692442,0.7147699088001676,0.5416663944409184,0.2658401713948269,0.5559531254216961,0.6875932546475271,0.6037306747496584,0.3116265843220296,0.36580904462512165,0.4177608685296718,0.6259157870738721,0.649095980280121,0.2642356504285959,0.5683536153893238,0.7935076324483824,0.7994254237447251,0.6291539092610516
FNDE,0.5370389461633325,0.49231261226237194,0.45681710159335914,0.5169314936152806,0.5862489771951301,0.5039689620070067,0.783499786808491,0.7622689183383153,0.9147966753544715,0.6393146001843248,0.52167683837234,0.6701639176007159,0.6227959529400345,0.4631869709046829,0.4987374163831515,0.22363212840540786,0.21429276785364565,0.16894850793330007,0.654673946240913,0.41143845614564745,0.5645947120788424,0.4513975951737946,0.544196151352217,0.6243960266360951,0.9024861093455953,0.21533882401793325,0.6436352354789641,0.6094835297657202,0.8530088041052619,0.6034645547110917,0.7470939107533937,0.7469963517129381,0.44272561449444275,0.46313221693593637,0.7890853641779912,0.6278360007899784,0.772300215748123,0.9111846457353199,0.63112679139606,0.7472709127341878,0.6832810705750201,0.6721357073329267,0.7762296532239852,0.6628719239729928,0.5712467180880241,0.5676171991946984,0.7147986648069786,0.6150767525334754,0.6801449881577432,0.6776450303313403,0.7501000343184123,0.6954900246022102,0.6217521128670471,0.6403160455044109,0.7523336217623205,0.4864354890380471,0.7253814187908353,0.576260741082432,0.7795675455269174,1.0,0.7923228928664492,0.3979531726429173,0.5003852773273146,0.5197216682954514,0.38140530636343534,0.7256247547885485,0.13509642211803866,0.756894608010929,0.6177327366434806,0.6707561261517834,0.2326019714995048,0.44870429358002734,0.6128613554833747,0.6109957851005176,0.3971566852850689,0.3291436422587208,0.49246305026659726,0.35977507019988747,0.6204211883751368,0.5303607689957061,0.5895175358999784,0.47296635988641894,0.6154108398249577,0.6162757082763938,0.35718284347679463,0.4940458548855783,0.2184896012507763,0.6549075741349243,0.4736059811475438,0.7012892426303143,0.3211868523843844,0.8279748066215338,0.6168863115559752,0.29489370563604833,0.559481521591185,0.4367536114699168,0.5482689900727707,0.5943478827256367,0.43359799825752254,0.4775303619475809,0.7979421192393158,0.5236184863178168,0.6049319349012209,0.668634633539704,0.6006925686442339,0.6053237116929859,0.5582771949680245,0.48444001487099053,0.5947267565460934,0.5601569964238315,0.5949934162182741,0.17895969606200957,0.7467128560657252,0.7759107198742795,0.5497848248568062,0.465794075416678,0.5278320719219471,0.5885166667471861,0.40498940124601945,0.6276387394193392,0.4421631598494144,0.6198428800120831,0.25343883876462026,0.30663748489948967,0.5594596478454362,0.6205336656556397,0.6112456932414365,0.5603473280109823,0.2267677372241292,0.3712086416764068,0.5197626264418103,0.5337085314842083,0.4320039430110521,0.6158401837587537,0.5581969562562202,0.30888710573742195,0.7922562220438036,0.12032537745400422,0.738243321356045,0.14710795304307486,0.5746518443588875,0.7082985208486684,0.2175633939950091,0.4075096059248494,0.7157494820512078,0.6112630024506126,0.5471296901267526,0.6053615777383038,0.7515727749178883,0.8548851646129687,0.7624928510396857,0.63720369847088,0.5664486114062944,0.5753584506380043,0.9590652218230938,0.4800625126646257,0.8687958028060345,0.8281694757291177,0.3504511430324532,0.46175051325615873,0.4150015987572802,0.446144823401679,0.6079909564299699,0.43509393462821777,0.29056636141955855,0.41063323910218813,0.5429083660004717,0.583049206283511,0.20305018480332304,0.26700677627076647,0.29072873300902824,0.5176155110413219,0.6149830022583601,0.2941170430148161,0.4448316911491493,0.8923856788500771,0.731617593346865,0.5599249232168082
FNDF,0.6656269682126644,0.5432756551589105,0.5209923158101298,0.5702086638591118,0.6375958290030915,0.5377416544717067,0.9750072949715691,0.9367640240840245,0.8238662233363753,0.7560580521499392,0.6560450568928936,0.796349630292892,0.8525295798987608,0.5547126154059012,0.535797506340689,0.2861430690658945,0.26911105064156204,0.20233066231494137,0.7464183344138199,0.4643783391999953,0.6998012014747743,0.5835074825591633,0.6856726914191933,0.7017069793519827,0.7642213436688562,0.26830662582534714,0.6791049558752642,0.6282630011730356,0.7866681137626311,0.8272957011813173,0.9166947782234265,0.9650633486192872,0.4667093035164129,0.5335844758690094,0.804515477092475,0.7108361464646454,0.9689658852237548,0.8086258483630121,0.7224671233033308,0.8599772758510563,0.8365310410705756,0.8688282303505742,0.577864723907986,0.8680341916150296,0.7657953005105643,0.5693874989253934,0.8156336589022772,0.8197863020802516,0.8654947814010554,0.7440453824789841,0.7125486359416717,0.8701227385397843,0.62937349720189,0.6969352094908947,0.722961861856723,0.5140195382257667,0.8948950457585323,0.7064774381344181,0.9469596583066043,0.7923228928664492,1.0,0.5622426691340208,0.511145892518524,0.52970888914349,0.37518881394277415,0.7893776572002137,0.17338326922010497,0.9631128099951372,0.7194869104193976,0.8550766193650843,0.27266210260062235,0.5399582660853061,0.6363093352290968,0.6456618429328911,0.4233190435477932,0.4474966355666172,0.5300189575164116,0.4220206522806555,0.6540397333449041,0.6734709653558756,0.647188623826141,0.5827219585064496,0.7219046005316054,0.7303645895536616,0.5019006432713674,0.6165077443655144,0.3877009782619326,0.7190635972527678,0.46575524955234804,0.6297464264534741,0.39399600776158883,0.5246172173231067,0.6982430223758893,0.3577143607214629,0.6618552194897243,0.5113519614658747,0.6831339972044139,0.6078301035926634,0.5706297449439763,0.6121797407837924,0.8143013650310131,0.6679382176493689,0.6292907162114468,0.7243949411934516,0.6469448246049866,0.6250444621451908,0.6184600873017779,0.5965627672916991,0.7373735008164609,0.6841573008465662,0.7197719166099781,0.22236225683102465,0.9341703439483422,0.7900229974448936,0.6829224363826716,0.433422210401718,0.528326996857796,0.5964277271234945,0.44210666728827536,0.7229240189193289,0.586170027010305,0.714263505323884,0.3133244993066966,0.38123260534997655,0.5486299154463098,0.6556367674577953,0.5908855006768827,0.6199398972806542,0.2051524299826996,0.422979278302674,0.5387390741468688,0.664191318828472,0.5799810978836493,0.7149464939323416,0.7001568660676037,0.37888807463925184,0.9796137611642386,0.15405781890105286,0.9317561664661363,0.1983756753680931,0.7124408988830475,0.9019338392935841,0.2709005868042165,0.5294201848597488,0.8028445671074371,0.7430098892946743,0.705442667756102,0.7010031159328918,0.9172450878813261,0.9396932867405924,0.8657584050173708,0.7364134465280278,0.7280908568456441,0.624535620657794,0.8014961494498662,0.5623751798118518,0.965188871917679,0.9634534104348051,0.37417502236485733,0.5852229091938866,0.4930237700836702,0.5851769144865545,0.7280723139904146,0.5149597397030234,0.35183337402264003,0.56614453165112,0.6952695807063355,0.6105821656457943,0.31325338584772455,0.3556140170093089,0.42723872877336355,0.6047410453329464,0.663469306128263,0.3365150407377161,0.5539079463002491,0.8038444545536965,0.7843682582536782,0.654905185191131
FTCS,0.5900184504439653,0.44099658200850733,0.40887154787268704,0.42603710561872726,0.4248292551048538,0.391522059332229,0.5857695601379775,0.5243408634802591,0.3465489399330689,0.717328118897708,0.6608776489254424,0.6325884622055058,0.4437169451133596,0.49387336497122397,0.34086267615323557,0.23040888816047125,0.1869914250949002,0.13419045861732776,0.45018270528480203,0.42669155135149683,0.8143295235565277,0.7187485903612385,0.8464282695625114,0.6277139103372343,0.41509796019071243,0.18256382600166132,0.33022326778651645,0.3472383822743219,0.3376833026242618,0.5884984235201052,0.5562974382543764,0.5999377824227985,0.2940852835671672,0.3663158744839779,0.31803665050225494,0.4237787720455927,0.5928249471744362,0.33443405779269675,0.6805394389929136,0.5834320428660312,0.5253748899339251,0.5391232180678666,0.32770470639735505,0.5434303415839056,0.5875592761836131,0.39706334305116986,0.43897856454034817,0.4780100112618066,0.5442478541731209,0.49905191622254613,0.29238690287277125,0.6159033539914822,0.3636605410327369,0.19397256254850387,0.3714822857790939,0.4789791012116648,0.5391497360961551,0.6949966361323856,0.5599501714642762,0.3979531726429173,0.5622426691340208,1.0,0.18965133686959437,0.19374928548234224,0.07626410976456788,0.5132682657803005,0.11251374466127054,0.6219478663844256,0.7165483495729019,0.6114109173175377,0.20088791611266402,0.5874656417651681,0.29690943582955187,0.330924188012517,0.42784860205181413,0.6737554528668329,0.39073717807043784,0.38296760952777886,0.35634993037209567,0.8594693965726714,0.4775885953894468,0.5260027770413519,0.6098913281565692,0.7668159199231147,0.5915087039612539,0.671078114458101,0.7454259399884918,0.5287623920796642,0.3824444936897331,0.3152323027502086,0.3131818970297543,0.2545134695245223,0.6368619204699878,0.4187427474784355,0.7806115582818711,0.4097851423708449,0.6360948166586293,0.32890596137218275,0.4659939492933095,0.7799910570598843,0.4168485428639398,0.8067117643788716,0.33991639572021665,0.6139747041087787,0.46911340956381425,0.3970064199133405,0.4802646108159297,0.5922605554200396,0.8479874966761957,0.6219604356753069,0.6315145350389954,0.15747952267307136,0.5616397071785327,0.5865470384993628,0.6099883385164282,0.10031693407915067,0.18898762369577526,0.2700754583456489,0.3180199542287753,0.6830039805755571,0.7834891440390068,0.6805122134519742,0.21711367299890633,0.30838878070993436,0.28349822703447314,0.49901674426665765,0.3236148907090665,0.5541342024496493,0.12547215277858143,0.32516791368038644,0.21025948328947688,0.5845181532255194,0.9166010001991678,0.6078600997407171,0.7483148214900183,0.3193725986185309,0.5666252211194202,0.07153631094000168,0.5992760577903051,0.15071445155027885,0.8658055659086856,0.6608933433818734,0.17224552804948068,0.6855041427641296,0.539832805314724,0.7847514650219173,0.8484960063373624,0.6404970407290714,0.43172828915376493,0.5030240052755303,0.6675317679190959,0.691989838541122,0.8654904140715352,0.5040908508053207,0.4038288401249724,0.41555948805675413,0.5397907604108454,0.6043485916043196,0.4304121677163691,0.5270235690559496,0.4504705139633502,0.5968737972104438,0.735351731333222,0.5710793655291512,0.39831443085178164,0.7866856899365213,0.7290206476671276,0.37616034662343045,0.7097376951089773,0.4967689055171465,0.7324183726336739,0.6002198685014747,0.38318417163487123,0.3545434144434248,0.6289080608797245,0.33401431735637344,0.5522878975565472,0.62756798045289
GDX,0.3240675661567885,0.28129961627343847,0.31984490125502213,0.3027684863103353,0.3390769813322064,0.2780883963216244,0.5444609192103496,0.5860390492722234,0.5127757740404261,0.29794605891092124,0.20874528349364105,0.560315952396785,0.40221225295273527,0.1684916151458735,0.3051387123108138,0.22813965473266376,0.2791942491647818,0.2878182136163347,0.35330768166172954,0.1996680819013638,0.2873700483950916,0.2241837413133621,0.3080991458620906,0.30001107844190156,0.4857405696442506,0.2761223883106012,0.53397774041467,0.4226850075464789,0.5187550315720914,0.4577993000397157,0.48465159772641214,0.4759278234790715,0.28701872455740823,0.23705729692874491,0.4952225988994682,0.41059565268743364,0.4942406992630211,0.49802019555982346,0.30298187501799734,0.5185406803925054,0.4458328583780961,0.43657011493611736,0.3551811417889963,0.4182413285844224,0.42687500784044,0.3776485022903097,0.39132387778728434,0.4261144726014219,0.4068370229202214,0.4186573070334118,0.3960730219838988,0.483279704294673,0.4179323668124532,0.42896506507358173,0.6911339625094847,0.21377180549275737,0.4290023801392975,0.27523032365787553,0.5402387479517753,0.5003852773273146,0.511145892518524,0.18965133686959437,1.0,0.9839978390066788,0.8242859054122567,0.5792229440942346,0.2335594846538645,0.493594024655562,0.2933225538868318,0.31652381150721015,0.21705146781496762,0.3128972610757189,0.42050513104909043,0.38293593398286796,0.19335581888760725,0.21679705609726135,0.28316581205750574,0.11803867645488794,0.3163909233026053,0.2606973053366041,0.29635281927599183,0.21224412079436697,0.3288476542744275,0.2940069332506877,0.06769985651566757,0.2189008371723877,0.03159714433521008,0.3780676147838573,0.2212588622458215,0.4016482962231325,0.27994928867172514,0.32565431953673235,0.29166169788919527,0.07814956656263858,0.2587714537882274,0.18530050536877585,0.27614577728751905,0.3489565618202004,0.22053635491212864,0.23709586197200425,0.6203629450586738,0.2049684091264435,0.3402985249405983,0.36219226831635637,0.2885852450388087,0.28273441639346486,0.29078371311470125,0.2452790149401518,0.2898161383803097,0.2768692712031737,0.30889106022341334,0.2767385092679806,0.50805076237351,0.41973913914050676,0.2934879416866051,0.7678506457738548,0.9346356396711105,0.2846435032202521,0.2502708577743894,0.2997095031877848,0.21105469007052977,0.30276454742290987,0.3047228711853817,0.27789297440126814,0.32002702260485305,0.31068373865035365,0.44486718197872377,0.2478995512326263,0.09794603186891564,0.22915311068361957,0.5110006464576557,0.30164185358703166,0.2684713919637562,0.35018651546698704,0.25520458232805676,0.24658776837396584,0.5305863850335257,0.2753141660967134,0.4730802217458645,0.19971685721182628,0.29286114454277257,0.4737423990525253,0.28530685360649016,0.2566989404481661,0.47865161384146415,0.32146347946874776,0.2830683978255439,0.3237896437761752,0.49537295451749275,0.5254643647418082,0.4191038256431554,0.30934009913881666,0.29481551886690344,0.26421441130408835,0.49635733747565186,0.33070221510389575,0.5406928780497691,0.5121947355111534,0.12460299115768521,0.34118839021420994,0.29553852750374077,0.23078993364208714,0.45142982243706586,0.1862596649846079,0.059202113547284906,0.1421150847772417,0.2816348290029851,0.287158202110503,0.12189007824436462,0.2832101764348557,0.20099699294990067,0.21248059100118935,0.6173337086796539,0.05731867567662113,0.18841031292436572,0.48718888995347787,0.3886981035149075,0.2635951531390333
GDXJ,0.34334336775337493,0.313125321072181,0.33694180387469114,0.33072274775203875,0.3670210390074193,0.3108982449354854,0.564918535556968,0.6091038642443389,0.5345261848345431,0.32528626933999344,0.23730893351003818,0.574158374211181,0.42221737237504864,0.19242897576174636,0.33980710149124277,0.22460827504863276,0.27276166983355365,0.2814057394535062,0.3851355526301592,0.23213956612705583,0.30476366486735446,0.23205956635051786,0.3216479516965668,0.3265508290515916,0.501438699054367,0.2706867878063124,0.5493406365696137,0.448042604551146,0.5345969342506937,0.4609769658862549,0.5052088095996221,0.4908731273088115,0.3057873635305228,0.2609850796461183,0.5176063889720778,0.4290576712174345,0.5128670364432727,0.5178866304780098,0.32920215184767354,0.5382098359382214,0.46109051464126577,0.45882216906742407,0.36646077221008416,0.43998415643738353,0.42766528798360365,0.38440168571941746,0.41479518642688884,0.43903711942696866,0.423434880692753,0.4372570468531327,0.4214880011296991,0.4889903114149567,0.4420337065281796,0.44490416690883444,0.6923317252931672,0.24514041188716632,0.44942581711114604,0.3018051965482316,0.5602475153039511,0.5197216682954514,0.52970888914349,0.19374928548234224,0.9839978390066788,1.0,0.8182702013585702,0.5843168772588059,0.22538411392967653,0.5138568023422161,0.31823639100202744,0.3374010106048067,0.21682226296942972,0.31683878509705127,0.43300172923679053,0.4038241867011699,0.2256952528398852,0.21748195436747889,0.2981806181438883,0.12538011625987677,0.34584998396207217,0.27393421479247954,0.3271250192529468,0.2366243284756837,0.3555622532299463,0.3168370788126929,0.0906922866657311,0.24561126424600183,0.04355098092527223,0.4090108762287255,0.2331195922024593,0.41989356671438127,0.28031574697139605,0.3364950798849193,0.31805869382000446,0.08385576584261965,0.2726884381741322,0.20354132522408527,0.3027370440808706,0.37537330927087553,0.24082732582291286,0.2527813959122789,0.6395359331761944,0.22494089015317226,0.3597648361922244,0.3849113703676568,0.3169497188843868,0.3114534382860776,0.3181743089585961,0.26089176507279105,0.3072151621277671,0.3046105210759874,0.3386648898797654,0.27008357133566535,0.5289403637563171,0.43851713396336744,0.31705871981548917,0.7769536751971867,0.9546001701436745,0.3117558623141601,0.26321482033339993,0.32548168173333,0.21644441937602008,0.3285500829362266,0.3049734629874797,0.2779405223727141,0.33636874129997396,0.33637389782656674,0.45723271999973397,0.2750091435378905,0.12091291725130751,0.24493076582508022,0.534914128787885,0.3224056639568228,0.2719408666387337,0.3793995862944864,0.27946628468864126,0.2478867010593671,0.5505004584767997,0.26482979941480184,0.4896707334282374,0.1921495931148685,0.3074616369612631,0.49044757859184296,0.280738887031621,0.2527467093218536,0.4859467493834384,0.3411575386260245,0.2954269181578782,0.34868423881331395,0.5165799191218817,0.5473582814067904,0.4446073040982821,0.3363789063196746,0.30603415736220296,0.2941330035966183,0.51791000649597,0.3441748713611826,0.5619424213292198,0.5280237634887722,0.1558319042144338,0.36425462557491695,0.31092348863207486,0.2445155179737659,0.45532955113480583,0.21325339082077,0.06728018824552251,0.15995184805623386,0.3025380607069876,0.3171658448651725,0.10992164837365932,0.26809571406061955,0.1902468789515159,0.23540939369605268,0.6399777683023465,0.07147347549999129,0.21242319936485607,0.5100296248847946,0.4158710084231635,0.28627117838931254
GLDM,0.22198396748585938,0.14863850756404728,0.19797156983570022,0.1681424537920384,0.21289801516549317,0.14875949785881173,0.39535130137179386,0.45303593495773126,0.3837468086480243,0.1391573692624529,0.07410691630215661,0.39253142553684883,0.3045021648153372,0.061281704745837245,0.19411893431462973,0.19848975747275047,0.2609945688637166,0.27007116136120307,0.23466006914542675,0.0846282106293423,0.1371066461258455,0.09597351655921853,0.15681094103256543,0.14594584653113152,0.3881422125629698,0.2571066415583708,0.44302719799523016,0.3162202057461847,0.39914151870470826,0.3599302672035275,0.33794896470181385,0.3358985935,0.19024207182971578,0.14259681720334222,0.37542327724710284,0.2956292448332793,0.34812362751882964,0.37266072310640647,0.14318868409225424,0.36207099169589285,0.30298026277515233,0.2916618668032042,0.26580389782552183,0.2772973534007541,0.31004638245144184,0.26419028515625587,0.25393562545578896,0.2810193336134281,0.2757353987109415,0.283863087947338,0.2786815156641796,0.34453476736456534,0.3175306760389155,0.3388916344827226,0.5605977339221646,0.08469901607175002,0.2859863580139835,0.1212122401469384,0.4003351046208424,0.38140530636343534,0.37518881394277415,0.07626410976456788,0.8242859054122567,0.8182702013585702,1.0,0.44822192032422126,0.23672880610928243,0.3435649449210716,0.13598600465494773,0.16410878281285096,0.2015338813962845,0.187173872373179,0.29693227535226463,0.2514282314560849,0.08129941372076772,0.11545718342148367,0.17811959634051255,0.08535212760072573,0.18530068496176313,0.1140376720064969,0.16390726882657541,0.08820875454016647,0.173474798851784,0.1376858240607236,-0.023358531413333723,0.07081717796296373,-0.06234620702697945,0.22821656790387884,0.1280893997895321,0.29437282449903923,0.2375325444272811,0.2442334572698548,0.14138785832333925,0.023188055420212014,0.12047012334249114,0.10572889703962735,0.1263858240432459,0.2316282660848286,0.12256651960772356,0.0962382871961646,0.4897255911281096,0.05251083479502556,0.21527741140777013,0.19841257685116123,0.1518674196203032,0.1606263981047544,0.16382801003604083,0.1375969603718934,0.12855735943711094,0.13289388818207204,0.1518112873919986,0.26398160528298104,0.37233868683757027,0.2882640477530932,0.18667328368821703,0.7817367773704619,0.7651607726459778,0.17149729409470152,0.1440473504277976,0.1438057754651255,0.07535006474922862,0.14549642149355407,0.3005674244737847,0.2377207189119016,0.2182710927926095,0.15995233973288106,0.36882259407873785,0.1116700205268593,0.07599226436203244,0.14080145689241028,0.40584106498680245,0.1937872840270441,0.12762929894116215,0.18857872701142697,0.10394893068698836,0.1997368915290193,0.38132012449428315,0.27929567929876187,0.32305583524183834,0.1854689470919489,0.13655824171315084,0.3210585432750942,0.261547297635791,0.12801641152753646,0.35693619676717586,0.15821458721184542,0.12943911011690426,0.1624686849257977,0.37678426700064477,0.38099778124058803,0.2534933997528201,0.14958129478429025,0.14003094348760917,0.12929174478222447,0.36502377074468334,0.2507340636605637,0.39155053718044297,0.37065990985416214,0.014365071123416347,0.23399600711416862,0.17485735440147201,0.11962508442203823,0.2864537101217659,0.0791682190912775,0.030131720908146198,0.00784571225677864,0.13893078282363583,0.1542821794420876,0.06185601121036236,0.17018982106659755,0.10480874580861231,0.08485593466751272,0.46372804173229487,0.026248614100356116,0.07034592444122804,0.3562320277039557,0.23381382097585046,0.12975138904177438
GNR,0.5245104097883831,0.42545118717193103,0.4284878276480248,0.4571431153301465,0.5156148075985736,0.4215101354620536,0.7749988065976654,0.7892122389506879,0.6557327092746913,0.6636377612607344,0.6646955697846142,0.7878239657228198,0.5752223899706521,0.4774224639254066,0.4298074110388198,0.14253812212856007,0.11465519546613552,0.03276581503098926,0.5362845714332573,0.35739585621511977,0.5973558294901725,0.6341341839155258,0.6504749637069996,0.5508724978340815,0.7392029070709139,0.11411166420927811,0.5040606887717081,0.5577861064356905,0.586635194511045,0.5973442628480312,0.6436943451039722,0.7629254781961212,0.38053518106684214,0.38422843075675245,0.5901951444050635,0.5915184725822012,0.7196070772779709,0.6331971949076817,0.5856567370142152,0.7582954672414746,0.645636118271669,0.6074739418964624,0.5558527500195023,0.6451779304653436,0.5457253811507754,0.4761636328661859,0.5857090619403074,0.5891624744706803,0.6331683833549062,0.612872365459486,0.5248100146324619,0.7341764560210706,0.5679089264549635,0.47419200030613523,0.6526973596223494,0.38221833458623217,0.6435151128202277,0.6446425041024026,0.7319978095316828,0.7256247547885485,0.7893776572002137,0.5132682657803005,0.5792229440942346,0.5843168772588059,0.44822192032422126,1.0,0.035081059239072676,0.7353467255707692,0.5861820593740494,0.6356955950133749,0.14241099141594085,0.45675471840205567,0.5507457326732524,0.509676736249838,0.32176090988996686,0.3465567088234988,0.36381560644764105,0.7290071297357864,0.46365858959021883,0.5826583938967618,0.4847632729908194,0.42821682450187454,0.5777223346923727,0.5984215545038729,0.4714338546236873,0.5395284680298901,0.34647280480916526,0.6115613761300404,0.40945717398418496,0.621657610555499,0.23440020170208398,0.5125207349974731,0.5513431115592533,0.5080566048085393,0.5720439481336246,0.7147701795568052,0.6124241162091447,0.5655383827957552,0.4667924128848923,0.5302173416705572,0.8546402132414334,0.6377158243925319,0.5638270719323293,0.6101863767801544,0.47033136772606965,0.46691240376246956,0.48697818020783085,0.5236651010529001,0.6734642647295339,0.6070119988745198,0.6338842543691514,0.14269653401648236,0.7005708878579023,0.7800968342770114,0.5341796806000785,0.5217975704917714,0.5940655169089505,0.4401806739892254,0.3009341616936898,0.5887613883493857,0.6105507311170724,0.5673473327213453,0.16362294825265683,0.22238863565952477,0.5076934148657273,0.5325872798388509,0.4903843633237353,0.45167116993066586,0.14339719267313858,0.26598883799992107,0.5024788685215577,0.5205341178091233,0.5125590185463239,0.6145780380278651,0.6630979235191283,0.2293667576321518,0.7376847009831253,0.010972727429422091,0.6969909069570953,0.06554021205305041,0.6197890990096232,0.6676272663666587,0.11649261023906742,0.4686684974623528,0.6207721967598877,0.6666187661695596,0.689396836272128,0.572920763520956,0.6519414224519294,0.689959275335998,0.6931322855677299,0.6066986359970938,0.6878938922003534,0.4541946590077033,0.6716801578362043,0.3862730765522799,0.7476310092099874,0.797997699072997,0.30412812492604413,0.48647492046375973,0.3968357968368193,0.47319124115216854,0.7750214702307029,0.3864142741453316,0.6673184377114177,0.5046553269771994,0.5955210512690611,0.4474988898355673,0.28441100032491806,0.34956669562194637,0.3638998735345015,0.4598531027836539,0.7593319050066226,0.6433183901370192,0.4958196991442112,0.620805482146658,0.6147090411730182,0.5479890566161534
GOVT,0.476511487441826,0.06370682957403973,0.16691965435851475,0.09258285222340418,0.061582479722334924,0.03872315888818409,0.18074468999180315,0.15522751894169118,0.14180269550512964,0.029247720929245033,0.019624707578144274,0.14152213189752236,0.1310306554667465,-0.007092793497385169,0.03188453984491875,0.8806292349923179,0.9317114215846921,0.7874762817215412,0.07552435770540826,0.010959193627366881,0.07776068772770735,0.135046883110762,0.04325930959337723,0.05120425917503989,0.17481060623958977,0.9246563204630986,0.5433327157120008,0.14060124590635487,0.1852059255430742,0.31425405017374447,0.19755513129765312,0.1727821986338843,0.1322060749018295,0.10274693230840644,0.14733801805725455,0.14420392484405384,0.1948395362204176,0.14187045336222162,0.05198022148627855,0.2164535333724922,0.17126759552229742,0.19465233881067262,0.10007544018860504,0.134612225194518,0.28263910707603995,0.1737329670615264,0.11650162016070596,0.17283430711996775,0.18297574065992372,0.15724217033469692,0.1121304665670181,0.1884897053660984,0.11495299099222664,0.14209421395798064,0.22990804948024607,0.026766669697236924,0.16104752447176168,0.10122483058458231,0.23574206723113209,0.13509642211803866,0.17338326922010497,0.11251374466127054,0.2335594846538645,0.22538411392967653,0.23672880610928243,0.035081059239072676,1.0,0.18802881537305594,0.04904529986367755,-0.003409961669444759,0.6715860299715201,0.18445655057832477,0.20254677131088247,0.0754164261147667,0.02300979352141434,0.1336419296314202,0.09433896361150487,-0.1530260703568271,0.02842263407668769,0.07339678714912651,0.009980473157234078,0.06411826496222789,0.028249667214497735,0.08398937521977388,-0.020149630057377226,0.033922221718649476,-0.03587281319143848,0.09327939424695376,0.034682559459058196,0.08980496720021643,0.8510853734895925,0.059985096323284415,0.03595012737047292,-0.07576744854395472,0.13828626280109343,-0.15181120342147444,0.03097450957690199,0.09118644541837911,0.270270294044083,0.15541453691643162,0.08876939052640688,0.031248877763791972,0.10194685563838234,0.08842615030617718,0.03522235575650874,0.0176050054727852,-0.008736162855356881,0.2799249375212632,0.10765729923207082,0.0020109291510961706,0.09058517031761544,0.8477347008876945,0.22512383967578647,0.20080659753671087,0.38130993142778097,0.12867365907980538,0.1802431989205893,-0.007323132431628366,0.07886205094607103,0.048045606603155745,0.16350913858844401,0.05609972212602731,0.8169232375840836,0.8602550316760608,0.14833175783410993,0.04749473535399776,0.21141056617383563,0.03732296285673061,-0.00500789298060563,0.04903609221765137,0.02233031908176687,0.42961596565536375,0.14307240988953954,0.09799846987424861,0.0849105827146996,0.820214081907256,0.19661766941149228,0.9275526505498608,0.2009512218936743,0.9009692202312429,0.09107619380876589,0.22630100108287854,0.8977513493535986,0.31526224683882925,0.3318359019117333,0.09177978686763096,0.10545110751192506,0.06133443920834244,0.17568973437331906,0.19431188730671697,0.10732022529653702,0.05375624204798444,0.06953612739512466,0.03042278522183632,0.13222204278103517,0.6890772077569834,0.18433430328119,0.17975859321545365,0.05127549441013715,0.05652899018687465,0.1630239516200569,0.27154356999501567,0.1146230097996661,0.05910913346228069,-0.17480232784748692,-0.03624292024391521,0.035512639967890204,0.007670929121505477,0.16389101918553717,0.22661617677154305,0.15143426848739455,0.10291292346571312,0.031952898427797964,-0.19787121118180218,0.11437143695434787,0.14147530171112702,0.12647498626621873,-0.022475157828405347
GSIE,0.6965966020044512,0.5929452380561375,0.5455795596091129,0.6032119110442327,0.6558174046341891,0.5738280517892795,0.9820273443746899,0.9217742211593815,0.771431241439741,0.7847093358458423,0.6615405057075703,0.8208618190135953,0.8277748714024085,0.5967772856499257,0.5561509912126833,0.30771603101811157,0.28617092153909046,0.22790767090196853,0.7623314524958266,0.5039475969265842,0.74539609125457,0.5883390195010271,0.7285104121891451,0.7425350708865273,0.7333681369679694,0.2857569769935924,0.6825084062863795,0.6214142724061917,0.7411556535411099,0.8506072609315763,0.952345425647825,0.9612522562729905,0.4665260175968254,0.5526329140366658,0.7435863639218318,0.7139569332777693,0.9861376219912107,0.7589430073666216,0.764287646515649,0.8747902225360941,0.8626855533727337,0.9081321376977339,0.5649132280229954,0.8932559234968037,0.8138120658610559,0.5733206171814592,0.8449716384648711,0.8409015171167455,0.9000234439033927,0.7688972579623413,0.6775646725249209,0.8909804986963571,0.6289651345531048,0.5996655585784185,0.7124406460451945,0.5703047843918801,0.9297361627046051,0.7239402896178138,0.9425813688992597,0.756894608010929,0.9631128099951372,0.6219478663844256,0.493594024655562,0.5138568023422161,0.3435649449210716,0.7353467255707692,0.18802881537305594,1.0,0.765227397671362,0.8786695560438117,0.29771379926337244,0.575396837073223,0.612046725496946,0.630617647593857,0.48040847779570556,0.5119803504542434,0.5513175246269613,0.36206014136436543,0.6603928130538002,0.7279995518890393,0.683420955748587,0.6290454828674459,0.7494660382698705,0.7680540204750461,0.5228703207642236,0.660156325168516,0.4469441641217378,0.7320084830621715,0.46295888466927904,0.5975509570425159,0.41931969322709617,0.5123006517740222,0.7405454722416894,0.34100603383425193,0.7065005277391627,0.4655516619852232,0.6967701431838293,0.5924285418092987,0.5767205902500139,0.6536624884116433,0.7635712225816852,0.7060403460846434,0.6141544263978119,0.7543069303310215,0.6764120278885805,0.6418197926183714,0.655515012337121,0.6191447606930421,0.7702304765512393,0.7106283824158173,0.7315323300915823,0.2265728646825829,0.9426795239251596,0.7846492196129458,0.7256838069941807,0.3975088552240405,0.5063344138617497,0.5985865148603908,0.4575328908009059,0.766202614110665,0.6012765753836251,0.7607148961412401,0.33293181238790565,0.4062370640183126,0.5279757482347645,0.6733535872321192,0.5807499843117211,0.6718683446470398,0.21050194795719407,0.44173912614899785,0.5216833011078631,0.7011672681804171,0.6317618649738622,0.7406402804522201,0.7202550414348085,0.406038867386933,0.9767102180350643,0.1654154742528025,0.9671947832680358,0.21540533932594524,0.7577137407196479,0.9457234433774435,0.2855767366624839,0.5670151162673361,0.8150918672810118,0.7732940327808309,0.7269659782089096,0.7384424072341794,0.8659219816126773,0.9319854993035429,0.8883055658152699,0.7774335528970959,0.7476710956822261,0.6721952813729524,0.7798939364158454,0.5893885040484992,0.9565305029838476,0.9573999205607483,0.42744607441008164,0.6110757076592425,0.5200771881465254,0.6030412519565864,0.7337264622559199,0.5712791433812254,0.30153183873841427,0.6230887516416979,0.7225046184422663,0.6268848199909042,0.3477621231892239,0.3723645095045392,0.4803508646799753,0.6559796303753289,0.6336718751025319,0.2904722481450033,0.5766685821041228,0.7559440944231994,0.8064431270431535,0.7020707210891087
GSLC,0.7104651081153044,0.7687352638731435,0.6134558127746238,0.767393520200651,0.8009852366766397,0.7717241665439843,0.7436367158285329,0.6891829954588495,0.6681016618455448,0.9753931309997992,0.7547594716102064,0.7437967653452016,0.6655427655642654,0.6477012735951976,0.6742870713784641,0.2171457852430444,0.1615296691584974,0.1318102233922481,0.8333528615544623,0.7144391697359002,0.8958628485782137,0.5734867645935122,0.8379988518730941,0.9720932568534467,0.5604539401012074,0.1606096691590775,0.43296385717687613,0.48176796939857147,0.6022035754998314,0.5003510313737934,0.7841882946592162,0.6690757743342063,0.3885461456321633,0.6170258491911794,0.6697917140046543,0.5504614944043903,0.7556159475688929,0.6545545795322658,0.9941322034910677,0.7187632707075112,0.6676855977195923,0.6833649072093118,0.4358238902771783,0.64738191798094,0.5449842207809547,0.4886971382525008,0.7413195102108779,0.5655434418082643,0.6413649596955527,0.6301408124941054,0.6700228244158217,0.6185162933184198,0.4869077687435203,0.5278112229333852,0.5260770314453873,0.8369175379617206,0.7159562125670147,0.8213522035087659,0.7196945406416182,0.6177327366434806,0.7194869104193976,0.7165483495729019,0.2933225538868318,0.31823639100202744,0.13598600465494773,0.5861820593740494,0.04904529986367755,0.765227397671362,1.0,0.7999312019235509,0.19353481227904895,0.6019953612441479,0.516880374880533,0.7284470974612411,0.7415033219604481,0.5915742559716831,0.49651785179230984,0.3396746911162224,0.8576796832370163,0.8602233034090371,0.9082392263792239,0.6685459392405353,0.9440247894647092,0.9642073423148506,0.6218459107979305,0.8136842500932808,0.5136035715113306,0.8457727265135637,0.4756164332655464,0.5220634587914814,0.3350421014604129,0.3832169016544224,0.9845450959552741,0.41329731097896055,0.8408701206108085,0.49039320637582634,0.8096379400897017,0.6281728732798234,0.569802123390217,0.7404549819991022,0.6147609388992684,0.8411324557433719,0.6757058445602808,0.8916230512848127,0.9240829842903012,0.8517243064316286,0.8440948442373197,0.6133123669139806,0.890197538577621,0.8212683060662349,0.8444821671691235,0.12026825038796328,0.7106388021543762,0.6591988648118429,0.7587830555357099,0.24710413710705947,0.3405425172460676,0.76864781144899,0.427435482267512,0.993021976481917,0.6211030097584288,0.9909087484870267,0.19568502163312645,0.3182506934854934,0.479967434544002,0.8690065587877879,0.4709247839568929,0.944719989222488,0.21676570998886396,0.4561330174313443,0.49331383934668654,0.7199897834731824,0.7537449440413811,0.883847892593372,0.8179432942287781,0.3411759658259818,0.7658124123628209,0.014390461185148716,0.7135403351814672,0.1100409529337023,0.9191776897000836,0.7413379106718652,0.15468741524048035,0.5732660243630135,0.5834822677580274,0.9121299402999661,0.8012963347658798,0.9256957829908565,0.704560710597468,0.7516539839346268,0.958704714524061,0.9936143133037727,0.8397516992602866,0.940750312702258,0.6705738221673494,0.520052834152331,0.765487673748058,0.6925634635992594,0.6454523698786955,0.6818626863835738,0.5528841718259956,0.6319520603253806,0.7228914250787808,0.7805311293943752,0.34354187902722094,0.7598731743539079,0.8309471496491037,0.8705983873114822,0.32161851817531834,0.3480793897078077,0.5037417764743763,0.850996620319911,0.6155100121351224,0.3778607066847728,0.6879353480940013,0.6661347644800777,0.8898468133656732,0.8653078145757429
HEFA,0.6140021118273622,0.5871376514970452,0.5099115045354236,0.5974912430097955,0.6679762294909067,0.5793318106182536,0.8606423457144806,0.7917407635058578,0.7052613780710966,0.8185810892767024,0.676968765231668,0.7107009619705955,0.7970611100977484,0.61193270799964,0.5450199122107895,0.15965571882184518,0.09618268679949857,0.10112710986010455,0.7617704560072325,0.5207727976004967,0.771871376620909,0.5367296243187826,0.7337025587690793,0.7730751642121122,0.6185091660053088,0.09815711322975014,0.4013580673556974,0.5215721465317276,0.6503379984792313,0.6528877186624363,0.8786148715807806,0.8357431721163295,0.37756363253511693,0.5439503590503483,0.6868628209587356,0.5977979992479883,0.8841058857688079,0.6892936906302856,0.8006786283892964,0.7388115751371291,0.7537698746830419,0.7971786195996364,0.5024491894892394,0.7827197874005846,0.6751437518289223,0.44582187000332163,0.7955799771625002,0.70393246217196,0.7821766160841401,0.6699073069290874,0.6526386356409595,0.7627716552650184,0.5541752762875434,0.5447699782935922,0.5588023961436998,0.604208430539683,0.8374369607729801,0.7241134307705815,0.7971976801416509,0.6707561261517834,0.8550766193650843,0.6114109173175377,0.31652381150721015,0.3374010106048067,0.16410878281285096,0.6356955950133749,-0.003409961669444759,0.8786695560438117,0.7999312019235509,1.0,0.16906184265232385,0.5477804043081568,0.5192506642913693,0.6383648676142883,0.4973203423295522,0.4840741495203431,0.513460327884624,0.35336030537174107,0.7018161885565369,0.748204766455983,0.730830537656676,0.6372258400196147,0.789294121267555,0.7914616174392876,0.5494617772103476,0.6851607292859088,0.46886180831960134,0.725034928176011,0.45067778802871644,0.5412776409463154,0.26169095050411423,0.44209809539796663,0.7816084796036968,0.36169712439545526,0.6982828239357808,0.4771506575774183,0.7291557458554263,0.5667983889665534,0.5405227587662786,0.6447351922780152,0.6756851751364765,0.7268276578282508,0.595931157796891,0.7587760521413276,0.7212828293992868,0.6882073531483552,0.7048607377748835,0.5624750396815236,0.7719517537343994,0.7453907654468865,0.7388776876342398,0.04374172602051735,0.8047392264436234,0.6784388949135365,0.6610528975268932,0.2735181974021835,0.35801545334438506,0.6549834355840278,0.42648511358804675,0.8019070719463784,0.5604819424480001,0.7934890503870144,0.12850564701271094,0.24512761954556186,0.46367336525374253,0.7057161248313158,0.4621056708201704,0.7127464399206691,0.21580759052467047,0.4380706422969087,0.47981235258404037,0.62090145424613,0.6120836515690565,0.7484514439147021,0.7263671289033494,0.27187897262514665,0.8725334700845107,-0.05008733094933454,0.845420020961795,0.0635760092824449,0.7751671579730893,0.838295314077846,0.09837962668391337,0.48978521697729643,0.6499832977096603,0.777142422845259,0.7136286510833634,0.7592635157108467,0.7994190317635028,0.8360200215036787,0.8708619718045795,0.8090647788805844,0.7593536219730598,0.7146325276035765,0.7038261618300435,0.4541617632786653,0.8560372245703485,0.8265989172792747,0.4332840877200678,0.6220638449946687,0.4897058924208603,0.5685539990581335,0.701442387367619,0.5906343615327391,0.32205921795733045,0.6632174921436125,0.7563417391456844,0.6795586889076017,0.28445813103114775,0.3163557120397883,0.4622421194497481,0.6681612518531096,0.5933244494772588,0.32674839818724094,0.5745821053085992,0.6911168674211389,0.7887802409125636,0.7485267781171071
HYD,0.5053539691793087,0.164133190829935,0.21676860367821393,0.18373640587010454,0.1775771953342301,0.14586974555937812,0.29253192337611006,0.25363770104210265,0.23259141225026558,0.17526906301002068,0.13121344183458028,0.2511903670375095,0.2056994690046026,0.21146495265143597,0.12855840423087758,0.7185226009037482,0.717152781125394,0.6097106791762603,0.22619368008261811,0.14242902326915555,0.19266871417820663,0.20857887837389932,0.15905693862842712,0.19761187473953404,0.26159374645014455,0.7156428757048019,0.5008331860031641,0.22564780992381217,0.2577111954552299,0.35534999388435096,0.30254824801302316,0.2722487591637298,0.15045174737263056,0.1933113306064618,0.22421384087445068,0.21279992928951527,0.2974856641920762,0.2346394719006195,0.1961909105591147,0.2868097472275593,0.2899571714764202,0.29421216002361594,0.16912163237384645,0.2698131988620457,0.3328036678124087,0.2160384529031966,0.2215363376859472,0.28201211475154964,0.2829513632079016,0.2425934708950791,0.20687644248606127,0.2918516940586061,0.23930039313373763,0.17873404126192816,0.2622297237479678,0.15033820422197555,0.2699793720955877,0.20441511695253056,0.31996844270659325,0.2326019714995048,0.27266210260062235,0.20088791611266402,0.21705146781496762,0.21682226296942972,0.2015338813962845,0.14241099141594085,0.6715860299715201,0.29771379926337244,0.19353481227904895,0.16906184265232385,1.0,0.21561854879898548,0.2681997956129005,0.19546256442256957,0.1540682486340779,0.1682692927441009,0.1786111483840364,-0.041496054934438954,0.15577626556392543,0.19588534551316777,0.14190426181512794,0.16306666541133366,0.17063023003912686,0.21727760789319464,0.08989918536428411,0.15481129280185232,0.07666302615097743,0.20968481674415682,0.08163516049126147,0.18962321110464994,0.7110621853693491,0.14595202131472804,0.17836195763798451,0.041851284508906544,0.23861219236839032,-0.02886366729191552,0.14515571100933397,0.2068082798269349,0.39806360717072764,0.24146415498821,0.1720807306559829,0.1593714486058548,0.208239038322117,0.2193775882378873,0.16580437918243665,0.1441830270545024,0.12506901613617044,0.36485359341238166,0.23275783476326362,0.14360093180125108,0.19811751628426305,0.6223494521418117,0.32471662648585,0.2793203056822087,0.4547543661851897,0.11680009712429323,0.18836999536580898,0.10827862293657185,0.12200581544434132,0.1881438706327891,0.2462644268337008,0.19300624364597097,0.6338491067531612,0.7111450859939104,0.22620509161236732,0.17615875579118068,0.23915859297117353,0.17055691095489905,0.008437921950147571,0.08259740303898719,0.10816211065972618,0.483451421217271,0.22063913108101643,0.21185376680543438,0.19855727257501976,0.7005874813537655,0.29768007248434497,0.6548908999746469,0.3108653544233287,0.708719212623108,0.2039652822114959,0.3228581035948104,0.6929201287479626,0.3705505160418263,0.38326169121729287,0.22493967919807628,0.22191032490660917,0.19953118045238422,0.24324035381037304,0.2951713043289374,0.24496809953616933,0.19584145040068876,0.18620747241334568,0.1691071424604004,0.24425850941922592,0.6345754769718427,0.2915230160110332,0.278227244213662,0.15554899733153665,0.14230795936584972,0.20910127167435147,0.3105078538941382,0.20430772580277448,0.16761258695112122,-0.07071226476760815,0.09822272704291585,0.15639794684070607,0.13713422445587586,0.17739584091794905,0.2467175005247825,0.17262855171190528,0.22414370817452248,0.09757187652000908,-0.07838979837217223,0.19801113263090214,0.24076161949071623,0.2564537666275581,0.13121178918335968
IBB,0.5468732180800677,0.4775920977863167,0.7522339584660572,0.5825980719337381,0.507559039257203,0.4586471761796121,0.5598489373054205,0.5070142135896493,0.4623723896967763,0.6149598519802382,0.5442421307968448,0.5311862599463635,0.4601627190409422,0.3958557470681472,0.43537323258641447,0.2813035628732296,0.25884189262661506,0.20860000579842944,0.5024653806756321,0.3738813577783137,0.6304590762759404,0.5069334735352351,0.5874953156116935,0.5651238358178676,0.4321239724524001,0.2514230381959701,0.4062419700565876,0.3898883746349151,0.45107777989052955,0.4982668828542058,0.5785794402452147,0.5334934558118962,0.30679533538941844,0.40505818325415266,0.44572848415987326,0.3986911021961737,0.574056369132462,0.4567234289514675,0.5970564232974599,0.540947484780224,0.5038269939176983,0.47945727162971963,0.3657926900265186,0.462395725982553,0.5637372675516646,0.3778062126650621,0.47371130160092983,0.4397365205936117,0.4959584661016589,0.4650074564863304,0.400168888030464,0.5312022499387117,0.34581206997572256,0.34718538360391,0.4449020345256794,0.45203356894469177,0.5057088240287131,0.6113200914880024,0.5444820157137953,0.44870429358002734,0.5399582660853061,0.5874656417651681,0.3128972610757189,0.31683878509705127,0.187173872373179,0.45675471840205567,0.18445655057832477,0.575396837073223,0.6019953612441479,0.5477804043081568,0.21561854879898548,1.0,0.4370443133698642,0.48155845204699443,0.3788837622627255,0.5395187596578476,0.3858985640324606,0.19906945887111488,0.42569026122708786,0.6185701264625958,0.48079783266231246,0.4842561263339126,0.559169196009,0.6180482220829999,0.4260839977144672,0.5229553935104498,0.3521124045300929,0.612019901865562,0.34050501242960585,0.4170770595198096,0.35560724531385246,0.3034881432823916,0.5659248016355555,0.24735742523119497,0.6578336847975556,0.2961380280823741,0.5286171814311655,0.500619226948596,0.4170482972064042,0.5876374250084723,0.4596738820986706,0.5752750417104816,0.4980183521782787,0.6896126386552356,0.4893090914630799,0.4558818844696412,0.45531440343937807,0.537093249443337,0.6600009691037654,0.5827112462152796,0.6534538567216321,0.19726748807067782,0.5426600655258413,0.5432687870701018,0.5632167176631855,0.22674063184898602,0.3174046027583854,0.3842122284530999,0.3341939623806384,0.5917065003490931,0.5431051855896031,0.593311742286029,0.2619783438679999,0.34982028459623304,0.423771095287858,0.4886025219592588,0.362632592596375,0.4922454345493053,0.13441027037356104,0.3242844423051052,0.2943460135768972,0.5425894082921431,0.6018277107430098,0.6660788222891424,0.6219261742703692,0.35706800924370147,0.5680957157383465,0.1638549328650936,0.5612138031791881,0.21129052856887778,0.6433714794886745,0.6086942838952076,0.2459417830352066,0.5218770808575989,0.5227094327127684,0.6317660087104444,0.6098291044032945,0.5891202781711091,0.4902412298269494,0.5543955887097818,0.6224100941603155,0.6133470673072788,0.6418498363832054,0.49164096163549736,0.4780311673545166,0.42565502134917393,0.5637709990259752,0.539571028910081,0.39518338529398606,0.48398430838605583,0.8991873962433239,0.5127641172717748,0.557708502049822,0.4402675620492221,0.19616277238027807,0.48396800309076443,0.556648653244878,0.4273204490646681,0.32904346582203803,0.3160130252219883,0.73881937241096,0.5115528338138727,0.45703162866202685,0.22303762157704332,0.5402389628693703,0.4554157261904994,0.6375003740542778,0.5002804137462405
ICLN,0.5261939320527015,0.45321373673532717,0.5114043055238832,0.5195622862379944,0.573581483627459,0.47617903734594014,0.643147981020969,0.6256722777160162,0.6648114833917157,0.5571641435392498,0.46653095084946294,0.571428134955879,0.5023909416153493,0.36363021425355274,0.4678879393223795,0.29571492763047547,0.28845904248473986,0.23272689948255879,0.5775521046921115,0.3605443132516858,0.46020058688356213,0.3919634767077626,0.4208852182516712,0.5244189393057075,0.5734308227032987,0.28438080199559546,0.5257802871515083,0.5209689264921142,0.6259691728022199,0.47525540535453503,0.6227092782893859,0.585077645559915,0.3141002333155516,0.46227821627485555,0.6428500059721619,0.4814700026310338,0.6268692761253007,0.6470558658424753,0.5345606405419133,0.582984851078365,0.5777637835578531,0.5555783421284586,0.4557892919501338,0.55181973961707,0.4693369444976946,0.42320135690352245,0.6197277063413915,0.5647606908325248,0.5343453343194232,0.48372667664796004,0.5771129360381926,0.5355062817027337,0.4723931055231726,0.555638228360262,0.5430297687104523,0.3946069510042336,0.5854993477672206,0.5416382873174116,0.6514362533543812,0.6128613554833747,0.6363093352290968,0.29690943582955187,0.42050513104909043,0.43300172923679053,0.29693227535226463,0.5507457326732524,0.20254677131088247,0.612046725496946,0.516880374880533,0.5192506642913693,0.2681997956129005,0.4370443133698642,1.0,0.6550984700198443,0.2982010954439542,0.2373127921608035,0.39220820640905507,0.2322274413251281,0.5337602692584215,0.4116839738819526,0.4861625876308249,0.41739901279859093,0.549194220749915,0.5182360133067273,0.3229306906987224,0.41280218780803324,0.10644908439839748,0.675821012038621,0.3541793810995097,0.5957009534714003,0.3714406063098175,0.4183294268041175,0.5101168138403362,0.21374085287146255,0.4735003504216504,0.31205599246157445,0.5184788055130488,0.8025451944136377,0.4736726364728901,0.4400405095661425,0.5875780542056299,0.4211785848575776,0.8456633298650217,0.6334764643144695,0.5163447345008463,0.5252169664259,0.4363018552497797,0.46868842848861936,0.5289037349171204,0.4842781659189988,0.5980132056308065,0.22618289951192178,0.634142491191395,0.5860725013721355,0.5107148048535914,0.33736842281919527,0.4343767953827648,0.512436824859988,0.35818512376861916,0.5273417621525903,0.41753303913108125,0.5225011548095877,0.29023412893542755,0.36111865518543385,0.8968856314112835,0.5436210143200021,0.42217458146529924,0.44633586722328317,0.19188501626706017,0.2907340149596196,0.48934149110589414,0.5204475292212383,0.3418237406821046,0.6243002245389819,0.5099095562576773,0.35557903867460405,0.6561121123969601,0.20064118549939808,0.609006570957429,0.23354223308882271,0.4851515432485033,0.5517696894095308,0.28355828033583214,0.4190362663143656,0.5740231605679035,0.5673100995769753,0.5011081469679456,0.5690234200615817,0.6153602508484912,0.6712417549657961,0.6262590155678848,0.5467352600243003,0.48814053587373,0.4791574801359032,0.6368467425204095,0.4777277487195916,0.6776130286883468,0.6143375914228987,0.28790222417943023,0.46578960870107816,0.4505561518984655,0.4545712815581223,0.5040834705153919,0.3184874091382428,0.1814765406428096,0.31180750032223353,0.5079297835504227,0.5073410907122671,0.13309174744047647,0.35567742378066414,0.21835396670675808,0.45044941499148095,0.5492383819548213,0.21147409633036304,0.4348518000878836,0.6506459212262272,0.6742271487331744,0.4090406844660016
ICVT,0.5570097720566005,0.7084694387376615,0.6234631901015649,0.7513651072380587,0.8101498820845364,0.7424681849865222,0.6509471953096166,0.6247254014659412,0.7314002435835695,0.7570500049822935,0.607935818881111,0.6102695226609454,0.5969850266654841,0.4902991905538012,0.737169842299211,0.19268592406756502,0.16438874782454393,0.1592187246137106,0.760248863207036,0.5876097032649907,0.6325342510031274,0.3593951887171417,0.5459829393186758,0.7409338454579818,0.513585870856091,0.16387739939437942,0.4209277260103641,0.473461343603394,0.6908760720084011,0.35544216104074966,0.6940713574193506,0.5475558097834673,0.32645533972017515,0.5682960892339579,0.748441978726344,0.45978852588713337,0.6467003794829246,0.7251683050825938,0.7438955637043368,0.6016471376463347,0.5698874466658266,0.5731566943877555,0.43458680083270423,0.5242404571045243,0.4000742065463076,0.41755341617659464,0.698681819968208,0.4732531464892606,0.5157390565420147,0.5185769541299148,0.6843941783286475,0.4868854811205557,0.4585133328959364,0.6783008571913484,0.5285001867204273,0.6510622143094403,0.6007244239907364,0.686930907169992,0.6464521699180401,0.6109957851005176,0.6456618429328911,0.330924188012517,0.38293593398286796,0.4038241867011699,0.2514282314560849,0.509676736249838,0.0754164261147667,0.630617647593857,0.7284470974612411,0.6383648676142883,0.19546256442256957,0.48155845204699443,0.6550984700198443,1.0,0.5572971946323079,0.31297052203578885,0.38722049830788785,0.198569034511993,0.7648424630107635,0.5377510632977321,0.7341838732668414,0.5683270492374568,0.809057931073979,0.7140928526526955,0.46572170817595626,0.6277435432343486,0.206664541293743,0.8665612777737854,0.37667911227035944,0.5904984035687474,0.28688871833865653,0.4026768687555611,0.7261693775061707,0.25258738298827577,0.5683681076945836,0.39423073285716936,0.6938888878785211,0.7658619948295562,0.5150921240326836,0.49391091943800997,0.6249036534224749,0.5833607627061985,0.792508070554223,0.8221242696444038,0.7534709771730278,0.7824349435565995,0.6457528116511448,0.45825792350836664,0.6488224063028479,0.6697179077278811,0.7880145652284937,0.11192232555647989,0.6221514787765455,0.5325848334733708,0.5816552379114839,0.33198333806515234,0.42471927642266516,0.7211555150361506,0.350382198158058,0.732403590823287,0.38456275212178653,0.7279928808750877,0.18434314441054342,0.2672761864545305,0.5766574009112632,0.7296093983983511,0.4353879224349274,0.6766033672464702,0.21576862337184488,0.40118956029601355,0.5996796256401459,0.563242611764981,0.40423901390957995,0.8351925416481666,0.6383366314535098,0.2811805969430997,0.6961024485045607,0.05841137008578155,0.5895975234928674,0.11396062205642006,0.6189197818454711,0.5683200541794713,0.16829543140221312,0.3836880267205103,0.505541859153746,0.7336932894419134,0.5715058072354384,0.8149875367429917,0.7151671817832578,0.7244711367606627,0.7833384697847046,0.7557414239458089,0.5972987943441854,0.7149674769171139,0.6743525409063946,0.4377196867820599,0.7162340429368823,0.5753403189803963,0.4885294726390579,0.671058918918225,0.5225253232781497,0.49207678670157773,0.5352752438918714,0.4746079046526561,0.18329284148753955,0.4818666992141801,0.6794692916145534,0.7552533417967515,0.022055793653391442,0.24064153208559627,0.22052752260195704,0.6071624563070707,0.6784454402735585,0.24351767699672086,0.5175212913512197,0.7364195281772743,0.7927602546681456,0.5937984948134921
IGV,0.49299276170939993,0.769878648207895,0.5188775307871475,0.7026002915047885,0.6552973905206455,0.7576834990636513,0.4543289849738846,0.4210234424437971,0.43444944420945214,0.672039935581835,0.4702467189230382,0.5123514100430042,0.4201878875111347,0.463258075345313,0.5759973033162459,0.14082995516575883,0.10804167388509049,0.07331603555813504,0.6731370154392006,0.8836743873828695,0.6053499300229171,0.27594621621244,0.5127587341018335,0.7573071062457677,0.3329547323795292,0.10077927155218863,0.2886652522876824,0.26660204172972474,0.38141372089590586,0.27556164599123356,0.5275383889671703,0.36410228413883045,0.2650762735430736,0.46251301659705796,0.43189110364368544,0.3487376394112434,0.47162536580148745,0.42505906780169894,0.7505650249227768,0.4627456901447035,0.4565328004983193,0.487179090367584,0.2546344468722924,0.38342557919455045,0.2928497601225827,0.31371370407129473,0.48837929602115815,0.3145047312260413,0.385608502930373,0.4231300286313018,0.48357302166622973,0.33443434852513304,0.2895421310424285,0.33113274002924814,0.34304540707839504,0.8529203010950301,0.4598848268979287,0.5382104555727157,0.4532150487824806,0.3971566852850689,0.4233190435477932,0.42784860205181413,0.19335581888760725,0.2256952528398852,0.08129941372076772,0.32176090988996686,0.02300979352141434,0.48040847779570556,0.7415033219604481,0.4973203423295522,0.1540682486340779,0.3788837622627255,0.2982010954439542,0.5572971946323079,1.0,0.4221584809673465,0.3294724362735621,0.15800748295716563,0.7044004648683192,0.5455796566844783,0.7061071570243675,0.4380602292370165,0.7011076487053026,0.7460979823005619,0.38168287705091924,0.6416244742063109,0.3180783342872028,0.6572114580618174,0.3049359069569055,0.3579499814420585,0.23163511363038403,0.2531382621907987,0.7462313863097549,0.2611155674572284,0.6681431300294104,0.27079238926962457,0.4668434419021098,0.4584872025496752,0.3907512550410924,0.4782269015757373,0.36611724276257684,0.5615898401917105,0.45088923280828985,0.6943334000905855,0.746903061104712,0.7669603588190095,0.6365692810206829,0.39032582259450466,0.58814041842541,0.5764861413235094,0.5755510318579051,0.080075213125354,0.45585800346098854,0.39867482547618704,0.5442382273591859,0.1792434445865646,0.2356380294749441,0.5584232392229919,0.28751575510013705,0.73319378057685,0.3148869998172091,0.7389254892978001,0.1368151125647718,0.21488322124617248,0.30915628612688834,0.7182065208816292,0.31650848499940687,0.7808481856628106,0.13824340752682646,0.28492808177588885,0.37790372382932746,0.5179883921940756,0.5390998156757438,0.6816992597842463,0.5131679592214095,0.2323487201813198,0.4774460308069646,0.00601579223028306,0.43686243233537925,0.062452039709840264,0.6045021328642486,0.5019382896693405,0.11453779140049701,0.32700887060090655,0.33330819693794617,0.6393361290418927,0.46399418921174335,0.7403407176616588,0.43646894143831166,0.4850915674008436,0.6782942818659012,0.7372038344276914,0.4662058227734519,0.7888743327308805,0.44765713882754027,0.35656430374110076,0.4838947838025405,0.3869544058543143,0.8924996388135097,0.4765439674001765,0.3824895621886808,0.3396571836292778,0.39767105273413084,0.6193094923831668,0.1684504610803604,0.5120880811159241,0.4772860875337171,0.7436291372195311,0.05904853559655869,0.07659561440210656,0.2545488860411587,0.6387261743873771,0.41123836801941477,0.24509306870976683,0.45348434646023966,0.44237979097550884,0.7119376881472783,0.6176906014223355
IHI,0.5198786359702253,0.46978174931964944,0.4792753551169998,0.45588840503989425,0.40367963996652995,0.4197772126259334,0.47792902695929057,0.4260572841693772,0.3065317811791105,0.570524101332549,0.48108325417246356,0.48734637621353116,0.3753893126995094,0.4125650658187513,0.3379759419058233,0.22137360956477056,0.20204893312750932,0.13722186197303013,0.46418853971389806,0.3688780214997723,0.594204779537316,0.5089544860312897,0.5912277721418072,0.541162668331384,0.3382624261339498,0.20473687906447502,0.33096713981245324,0.30320177192383096,0.2986333120877844,0.4613280890725797,0.49954399264230037,0.4702967385007376,0.2806420233423475,0.35432450921971514,0.2835952173281497,0.3514768645748244,0.49656315294099795,0.30343029425898577,0.5741851342444187,0.47358546589995515,0.45865046067105103,0.4783822500188124,0.28240698046588164,0.4465837289449259,0.49568069354551764,0.33674889830517735,0.4093718140826903,0.405707528823418,0.46337678693953427,0.4526357448469629,0.26059628979058685,0.4790976218332986,0.2994572197137326,0.19141786981059902,0.37059843165231504,0.48465173806769607,0.47467922886143704,0.5480284859595905,0.47213798301211074,0.3291436422587208,0.4474966355666172,0.6737554528668329,0.21679705609726135,0.21748195436747889,0.11545718342148367,0.3465567088234988,0.1336419296314202,0.5119803504542434,0.5915742559716831,0.4840741495203431,0.1682692927441009,0.5395187596578476,0.2373127921608035,0.31297052203578885,0.4221584809673465,1.0,0.3278327757062101,0.1869952003224124,0.3329708175739001,0.6523560968207864,0.4408985215489328,0.46978261208431077,0.49537958977390123,0.6046830686458253,0.4164218498586059,0.5397572415181241,0.4624414593438874,0.4768811545443523,0.3144372626579415,0.23281137728963772,0.2973001149534104,0.23303449789456437,0.5438481901168267,0.28282134456474883,0.6731917737455669,0.2386419487149564,0.45573054786688955,0.2920350562812661,0.387403948368976,0.6027904917899289,0.32419422517238766,0.6091351340504344,0.2985984590850554,0.5607253037428319,0.43614869823879515,0.38363328109964134,0.4297889648850666,0.4973379675020982,0.6641065326526088,0.5159222963695851,0.5147479523821801,0.1679894128014182,0.4717124453448545,0.4713592542523038,0.5430030042225421,0.12548872773703967,0.21961593900567125,0.27633514543815174,0.28822365596973004,0.5727704478702889,0.56044283300984,0.579227790430812,0.22888794208871013,0.2930227466730656,0.25762666229619474,0.4284682068382931,0.3049106407494745,0.49998250963318874,0.09318464350452195,0.2797096234939243,0.20401228707606714,0.5220286408991914,0.6466604482186648,0.54448778314999,0.5699437427396384,0.2931242782877015,0.47490405217513815,0.11993441640246842,0.5035351940966805,0.15642404736790588,0.6458191779540722,0.5493513186910629,0.18863633778428107,0.550095254813989,0.45449101129110525,0.6272193782093943,0.6197331233766155,0.57052664601632,0.3635952640791484,0.4368649510712421,0.560714653405528,0.5821863055847422,0.6145073572762639,0.4820496207666671,0.3553614473119656,0.3823293663635818,0.4564901129610121,0.4696301159631693,0.43119921262754624,0.4091198031536967,0.4379015943577098,0.46112326048570795,0.5338439000575678,0.5267703892813022,0.2047427156987001,0.5501795049208507,0.5194960072297995,0.3429530009349104,0.46108568021900825,0.3483528793778269,0.6983167045586292,0.5138379628844543,0.3002557612294207,0.20089367270519493,0.5029140052670978,0.3044102763942725,0.5208205948835383,0.5099062179508963
INDA,0.42581414047838767,0.38510700054306995,0.3418696983091044,0.38671326455628174,0.3999204892819877,0.37867598920297274,0.5457308189126513,0.5188204526047779,0.566062483707416,0.4964908783394913,0.3921446134013365,0.4702545086702971,0.48594689286078113,0.40322206657421267,0.3524137936488402,0.16960802180664716,0.15709887699572697,0.19047693955729852,0.4721736795803681,0.34059174700874884,0.47592225885944084,0.3123242580289129,0.4362511154260452,0.4836651602362725,0.46694293001614906,0.15335494474753852,0.4219953058155898,0.37991622020233107,0.5843370662196343,0.44969228444091963,0.5434383085111374,0.5189677502888358,0.3393194052003653,0.35302294617967644,0.5947105489722184,0.4417801791937057,0.550901521490325,0.5381551883916045,0.49614791645343903,0.500042452659928,0.5032716747324847,0.4993822696361845,0.2730578337930867,0.4714015181124728,0.44529670802236954,0.40293947498331134,0.4788254120654986,0.4701502513853921,0.4700163597617093,0.44750158553872776,0.44719482120960374,0.47900353556850295,0.32610199121372624,0.39389326961896237,0.44967161263752103,0.4067589029693256,0.5067467357549691,0.4429147854742021,0.5459784732101849,0.49246305026659726,0.5300189575164116,0.39073717807043784,0.28316581205750574,0.2981806181438883,0.17811959634051255,0.36381560644764105,0.09433896361150487,0.5513175246269613,0.49651785179230984,0.513460327884624,0.1786111483840364,0.3858985640324606,0.39220820640905507,0.38722049830788785,0.3294724362735621,0.3278327757062101,1.0,0.10473685430429544,0.43756968132180507,0.4493684113271637,0.43647050299003115,0.4247539853582675,0.47529255362426664,0.48890686389848576,0.3373588336872308,0.41794718327849273,0.29808285751470753,0.4483875935531278,0.371586617869046,0.28982200830136245,0.23672793762927008,0.24460007808856937,0.48861336688982,0.1400321593179314,0.43745323237792716,0.22433121085754165,0.4139152899357859,0.35707132995149804,0.33961946674862065,0.3918095701459561,0.44556634096218983,0.43483831900542624,0.377987197901929,0.47262719127838715,0.44641928179424817,0.4165304502903685,0.41283146120169173,0.3710262520874682,0.46265095997303574,0.4310559282192597,0.4494371645148371,0.11664328047017629,0.5475518349486298,0.4203611248564371,0.43782166176239184,0.20575236790348622,0.283635668819794,0.38151700137375216,0.8581827592776282,0.4950640847535742,0.3401164676588573,0.49518739839994164,0.20425536323519566,0.22901930173865256,0.32258595631246056,0.45357574054282906,0.3998367789041472,0.45564767800805855,0.19282413557291056,0.4067081727053576,0.32109864233980834,0.4212881124274485,0.3926114067909989,0.4639237056991596,0.4361085619661032,0.22867413877956108,0.5584549291249316,0.09199455151126362,0.5299312253935614,0.11048895542579008,0.4767750455910163,0.5608740817610941,0.14321683985763536,0.3321632237558038,0.5024326130827708,0.46998921291481127,0.4191556224157216,0.46928946324010096,0.5207294813450866,0.5821944051137447,0.5598095863422069,0.50172518828338,0.44523537220604087,0.45595601380488754,0.5816990495803079,0.3472208760231097,0.5840475803652335,0.5388671750032671,0.28128328884838927,0.3565180161658807,0.3694134504235061,0.36661064233929963,0.40643182349765555,0.3824777425821067,0.09031943453701921,0.41079929085868705,0.4300662442301942,0.4103174205785902,0.19309347455751408,0.18758003456752567,0.30897954724394344,0.43615585546720703,0.35257053095782814,0.08050336679339078,0.3898690602864795,0.5628139377112304,0.4960938177357068,0.4377203651132045
IXC,0.28614640522591817,0.18428632799098052,0.14724483401827632,0.19048252869902224,0.23407443902502878,0.17944694882886225,0.3821776774917548,0.40367710599097684,0.2506945614885706,0.4336928977615763,0.5232807678403902,0.4888522829885036,0.2703605515663533,0.35004244624621306,0.18003540170994803,-0.05593853111148472,-0.09891953591059459,-0.20743390014047888,0.21000862518665664,0.2046013961785152,0.36877925790197225,0.5594330711999673,0.4716750653978831,0.2853678950522187,0.39673507803308433,-0.10256748575430272,0.10741007853350501,0.21512460503312816,0.16863853178632082,0.2965350227882228,0.23068914784522848,0.4204738405380884,0.16357565998810072,0.11681917730030686,0.19767975058563167,0.29272584933199153,0.3306675494374957,0.22951872663571485,0.33503295522246673,0.40437358329124834,0.25969306439786677,0.22216574370041708,0.2686495082942872,0.32295661733445397,0.19534576606915252,0.19488048891098908,0.21882972232369474,0.26275576808741,0.27433944002303845,0.3383594589453127,0.19820268738565108,0.42000163287212006,0.2729226467789541,0.12784670799041908,0.20834667010526892,0.16874543496352143,0.26708253297390355,0.4074877137919442,0.3249462259906644,0.35977507019988747,0.4220206522806555,0.38296760952777886,0.11803867645488794,0.12538011625987677,0.08535212760072573,0.7290071297357864,-0.1530260703568271,0.36206014136436543,0.3396746911162224,0.35336030537174107,-0.041496054934438954,0.19906945887111488,0.2322274413251281,0.198569034511993,0.15800748295716563,0.1869952003224124,0.10473685430429544,1.0,0.17648970720396687,0.4091641882131637,0.23342439497772258,0.14402210002594815,0.32315534637056736,0.35813939964504177,0.3756494752619016,0.3461160507859096,0.3353880814588613,0.2995440272253914,0.25179254594656325,0.2723471994796239,0.010718519926299743,0.23892413371794843,0.3048580173303093,0.6781047822059996,0.3231317836364436,0.8228241618212889,0.36009241906074185,0.2772726361979462,0.2883770578674307,0.28323475600266823,0.38581585683939945,0.4850319130591229,0.2597486125507894,0.2988201192944555,0.19681728415269495,0.19403210361667342,0.2672570596840145,0.32046372301571097,0.4479631708146151,0.4130639666192481,0.3765929211980288,-0.002115515726664072,0.29948445221076037,0.5053453177990048,0.31492194825422637,0.14788472034950753,0.14877978214824605,0.1728980814230618,0.08169246331300685,0.3437598585178892,0.48572616534114066,0.3065100814747538,-0.033775241933384714,0.007730580967245441,0.23210705339599094,0.27600369133571967,0.1998167733588746,0.20913611052689313,0.014700005705047077,0.048621430316605714,0.22313489885165194,0.29402397364343436,0.3739529291953574,0.3314895889229921,0.4464054370213997,0.0202485334323178,0.33100218941178183,-0.18061576593632123,0.3087838041385527,-0.11504562218938398,0.4052845630532509,0.30894599710841086,-0.10319658302926533,0.2890048547791435,0.24302200223090012,0.4305396643463921,0.5061906587512974,0.31295771379957643,0.2726168885771975,0.2618516736916105,0.35893989251689873,0.3531669888360198,0.5163427639017516,0.1981177533587471,0.2766215777926027,0.12749797091295145,0.3297562690384234,0.44520806420721504,0.1717962024769667,0.2649851249627598,0.15510321399856827,0.18562875789859953,0.4267716403508413,0.20262646222895658,0.9746513058117297,0.3931538796024027,0.36145894772968507,0.1886109143736278,0.19964136746465524,0.26999960269324846,0.22490596801197515,0.19770635744035728,0.3839459624927916,0.9173466730142006,0.26789625808151674,0.21595934149852536,0.2684119851533842,0.3649498031926724
IXN,0.5627397701250701,0.6856167367709571,0.521242432848313,0.6995394338524851,0.7837130844177267,0.727993887879657,0.6555824307104272,0.6109792006980082,0.7582871865908198,0.8174876604328293,0.5279711152511644,0.5794491812909711,0.6501602087105722,0.5174525979171377,0.656538493440444,0.15802388592309402,0.12187080063781495,0.11547177388966032,0.8514496352595105,0.6956237721777204,0.6553199267887365,0.2630716343523621,0.5636064114092181,0.8978166943662387,0.514259010869046,0.12228187630947256,0.4103661880200291,0.4404248407877692,0.6790665859554303,0.348372216179293,0.7537358936270576,0.5389485414425133,0.33458541867640995,0.5861751845107984,0.79280845034957,0.4808872579974448,0.6784763664286554,0.7460271646622268,0.8802456630732719,0.6074454156717299,0.5829235515438195,0.6077973172630683,0.3860337779056406,0.5404151163788814,0.39629982720618867,0.4309438774455251,0.779944430212504,0.4742465415676215,0.5422331582605572,0.5379172324280533,0.8026902296227122,0.46796614785482354,0.4309456099916054,0.6995058276996031,0.5061812783834501,0.7472339548478988,0.6583934635123835,0.6093355470025413,0.6432602681518563,0.6204211883751368,0.6540397333449041,0.35634993037209567,0.3163909233026053,0.34584998396207217,0.18530068496176313,0.46365858959021883,0.02842263407668769,0.6603928130538002,0.8576796832370163,0.7018161885565369,0.15577626556392543,0.42569026122708786,0.5337602692584215,0.7648424630107635,0.7044004648683192,0.3329708175739001,0.43756968132180507,0.17648970720396687,1.0,0.5898605098685338,0.9161928861482366,0.5082400368315982,0.8872952955788751,0.8176668072325792,0.3665389722081999,0.5972067242548992,0.1679487820155697,0.7736073073604679,0.38521669752910837,0.528108067109118,0.25955431785294736,0.36796748418017755,0.8964728451722949,0.2347363393776904,0.6100093656581514,0.3639334295054739,0.6607501506131569,0.6196096231152499,0.4296981444606775,0.4873414232822073,0.5881172680926711,0.551222431992957,0.6858128832802005,0.7975057094308147,0.9557083881879573,0.9335601338906293,0.8349152126472338,0.39158708571380096,0.6271457935346297,0.6647225570030727,0.6941454786114908,0.07609364829833803,0.6210017036598144,0.4836811790945836,0.6026506811264345,0.2959826652397754,0.3661124745937317,0.934708298724002,0.38265205492264326,0.8772719199478353,0.2801225711687683,0.8770365714445238,0.1458660502400239,0.24277967194727823,0.4702198977625946,0.8979999995505047,0.4616203740491267,0.8916834925065669,0.1938298063988784,0.40189798446390473,0.5478890182937526,0.5700179319797914,0.4488383809768149,0.7677206607687481,0.5660811355956893,0.25995480107304564,0.7183363111369058,0.008326147405140743,0.6148208144681943,0.07026691878919071,0.6883818794062877,0.6062393482685609,0.125154391216642,0.2927667505536068,0.4477191446068513,0.6971746208073532,0.4988606387025486,0.8163446042028152,0.7438989416602837,0.7499798605148915,0.8669881280377082,0.8678780094173567,0.5647199378232398,0.9219859597198149,0.6950623469258348,0.4268201194939677,0.7375306830364403,0.5706441612909423,0.5455826355196919,0.5707648579851956,0.4354435625649428,0.44847826719092615,0.5054319006979442,0.5804535104487036,0.16007588157924227,0.44443866915381475,0.647211252888347,0.9879956444061343,0.0009191467211964051,0.1375658867280842,0.20063513020858154,0.6752667843211023,0.5750255643256302,0.22490202247718014,0.4623398383423667,0.7599429241612319,0.8606947724082495,0.7472969941482197
JEPI,0.6725378400384907,0.5782942418148322,0.4956085529767557,0.5706727718243516,0.6046392731552691,0.5515761331089682,0.694021841011964,0.6360886250879257,0.5211121928160876,0.8562019142413672,0.7056989085776201,0.7031957801467316,0.5798536112355996,0.6142115298714846,0.502186366121531,0.22300647362712112,0.16959538221615097,0.11304780838749436,0.6283594495561124,0.5265651002684996,0.8828135832962221,0.6841658480189848,0.8797519346541569,0.7984425700558989,0.518434988982237,0.16849214807808852,0.3793119638974821,0.4142639590056471,0.48169617504141277,0.5757565527677633,0.690636863875303,0.6733005990363418,0.37816794784277674,0.4824317253239517,0.5057037181625629,0.5010557218332409,0.7041360680551143,0.5081471881657877,0.8424518015105954,0.6799220857607933,0.6158712423199912,0.6294116389430255,0.40111210544539966,0.6220852492970109,0.5974611253114196,0.4675625110651368,0.60184817561489,0.556076484445691,0.6198127256701408,0.5999868997346881,0.48658808612317533,0.6549575909786834,0.4580871064108945,0.3680448392091042,0.4612907364518556,0.6313923955398407,0.6506840328523523,0.7590686182169829,0.6567884997583475,0.5303607689957061,0.6734709653558756,0.8594693965726714,0.2606973053366041,0.27393421479247954,0.1140376720064969,0.5826583938967618,0.07339678714912651,0.7279995518890393,0.8602233034090371,0.748204766455983,0.19588534551316777,0.6185701264625958,0.4116839738819526,0.5377510632977321,0.5455796566844783,0.6523560968207864,0.4493684113271637,0.4091641882131637,0.5898605098685338,1.0,0.7515634261152907,0.6200279741317622,0.7890834750730643,0.8678624957887229,0.5929832689531369,0.7451597746226502,0.6423053149339981,0.6835890400987286,0.46037701229832695,0.4285303138693283,0.32335822424293725,0.3287458602648818,0.8117471232869237,0.46082113527353186,0.8223544777896994,0.4851077701400413,0.7509864421032382,0.47953008082780585,0.5359724878897704,0.7695764813904987,0.5241928667683295,0.8439319204210755,0.5179454588948809,0.7518004957420885,0.6816757470795402,0.6110160026458578,0.7456877636357295,0.6091236683630662,0.8944857847584738,0.7905690220313007,0.740072911871302,0.13445089918996925,0.6532267350061389,0.6476038964635967,0.7001612489297108,0.1823214084508367,0.2861094097690668,0.5155154448610267,0.3778337617494616,0.8481098679953982,0.7374645055017731,0.8426002645264516,0.20161071369213426,0.3140403685497893,0.3891114037208677,0.6868646122804662,0.4310259098235999,0.7308775959928683,0.17932215305111118,0.428260248357497,0.3496640070609767,0.6581079348630876,0.8635289060591477,0.7466642811368408,0.7926408473691688,0.3326779620649944,0.6921474199615697,0.032941347436066824,0.6842407758752818,0.13024865826041307,0.9219785561765418,0.7303387677089802,0.16039519891349696,0.6797469828461996,0.5826787328120995,0.8690313215750796,0.8622672734438984,0.7902864218802235,0.5903594412134879,0.644071775362748,0.8260598164469765,0.8493852148469281,0.8983111832701435,0.7063981174446664,0.5537308174957873,0.4734761719124711,0.6769697863836137,0.6863695266284752,0.4914327739963767,0.6188074340358616,0.5041383009349941,0.6177577249860707,0.7586480104575042,0.6738650852971849,0.4164620369994889,0.7932920832437979,0.8216371732631509,0.6055491036925152,0.556049459001344,0.503525032750384,0.6681113983909129,0.7243043464417577,0.4958947479744233,0.4073370101798307,0.6351443426303424,0.5110471284645984,0.7231861422483604,0.8465456574002699
JEPQ,0.6028899566110886,0.7238894717271895,0.536824436949778,0.7302642410254746,0.7861049882099377,0.7527340525618763,0.6646441759116173,0.6202579670546515,0.6805687868788505,0.868245914059306,0.5793077783112995,0.6173374149560414,0.6521149105205247,0.5765879362164429,0.6602386034580086,0.15691796350312734,0.11179889383246817,0.08719527318609309,0.8183260144388456,0.6790384093116504,0.7386110588201714,0.34910922757225493,0.6713074711830808,0.9218063238788363,0.5084192139470427,0.11293538406152304,0.3773629647073569,0.4307888873102104,0.6061569893111861,0.3855876255610279,0.7436973559873926,0.566453736720049,0.35383645770985833,0.5957861559937664,0.6981250904400401,0.48449225752345065,0.6845152088394361,0.6684249700432686,0.923153744756181,0.6297573524529994,0.5832110621568071,0.6104547346347828,0.39418476812803677,0.5602003714254055,0.427977916373376,0.43687380537981074,0.7381925863527119,0.49101870822289684,0.5473532541940069,0.5703477304322041,0.710575471702321,0.5012881447953793,0.4465610204665174,0.5839850723293507,0.4861020233822878,0.80382858984797,0.6493430776871304,0.6537283872533148,0.6431010518175853,0.5895175358999784,0.647188623826141,0.4775885953894468,0.29635281927599183,0.3271250192529468,0.16390726882657541,0.4847632729908194,0.009980473157234078,0.683420955748587,0.9082392263792239,0.730830537656676,0.14190426181512794,0.48079783266231246,0.4861625876308249,0.7341838732668414,0.7061071570243675,0.4408985215489328,0.43647050299003115,0.23342439497772258,0.9161928861482366,0.7515634261152907,1.0,0.5598220820724055,0.8981382326619367,0.8563490735549933,0.42985768567495847,0.6648457010693359,0.2848595449656078,0.7801254243848075,0.41330893170022165,0.5094916646093268,0.26396596217617374,0.35893279282290397,0.9377319224641008,0.3025979930981564,0.6712411440190699,0.4053697208161012,0.6879858665033115,0.5965073094945191,0.46128167624075,0.5472824949486991,0.5638881618462721,0.6442837679526436,0.663094946599388,0.8043524317545064,0.9541566353875555,0.8891833380628554,0.9291221352609559,0.4481282379438525,0.7019114935324485,0.749451296086136,0.7204033486974684,0.07904168499607268,0.629284820005558,0.5248021493384069,0.6471467706439774,0.26630580501041856,0.34859179417074404,0.8486935652881521,0.37912551276072753,0.9261087849095272,0.3739648982920214,0.9236167681374873,0.13899219764332965,0.24558087899588102,0.436311425493699,0.8514606401434484,0.4711931775362683,0.9267355264834157,0.20245832344087422,0.4238027512351895,0.5113032603448053,0.6057959495651333,0.5530230228111452,0.7888172835411981,0.6247564565024439,0.2698869463281097,0.7062083559674984,-0.015200390866779602,0.6228922741137403,0.06349510169166478,0.7595267226898713,0.6357105778015003,0.11338438830135363,0.37608815347568153,0.468991643325996,0.7533598621763374,0.5832991583021142,0.8428101490084423,0.7012486742889562,0.7115896116025567,0.8877183688248788,0.9144642800347095,0.6482761818557489,0.9418982221887227,0.6528351513615929,0.4400679106852823,0.7160735642483099,0.5921219336618314,0.5643722156095037,0.5957881856188756,0.46210896209593044,0.4774753834288539,0.5549216316839317,0.7046455988257352,0.22603671453322377,0.5626886423972213,0.6979369988605326,0.9226441612740975,0.12718624779875753,0.20904061643985097,0.3172443960265521,0.7784950375972349,0.5588728208106446,0.28717139365089667,0.514769315808295,0.6817134469960933,0.8522633922706935,0.866500675816722
JETS,0.5510821942201359,0.5900308999710272,0.5526129483478602,0.6137282656209345,0.6018528156798976,0.5724774556934299,0.6040140545826479,0.5662135216274513,0.514760703014522,0.712775509205436,0.6980243950223792,0.5756456488939596,0.5055461923269823,0.5215769910508232,0.5419368374104552,0.2063273583609248,0.1403980299429932,0.14027740351541496,0.5914179725094375,0.4242147704933067,0.6875854821085545,0.4889378224904119,0.6175244476668649,0.6315084975673364,0.4394778684845665,0.14629721481147104,0.38119296648041034,0.42544466689497307,0.4830421811590553,0.3877348444840961,0.6089393222823571,0.5694903205503766,0.30699087266107117,0.4679789096423722,0.5133626533586938,0.4335585050004652,0.6078588034823141,0.5121359230134191,0.6560210926957192,0.5569856190536462,0.554620870534107,0.5801390345546373,0.3553715085694653,0.5680632664735279,0.4639652585035955,0.37403798044058384,0.57467215682668,0.514996586570007,0.5824081524453636,0.4964474249622988,0.48473325696784814,0.49910394786443796,0.41264841038400824,0.3983252678174706,0.4580564541750333,0.5526519056536747,0.606386512945015,0.7445559599514067,0.5888569602323932,0.47296635988641894,0.5827219585064496,0.5260027770413519,0.21224412079436697,0.2366243284756837,0.08820875454016647,0.42821682450187454,0.06411826496222789,0.6290454828674459,0.6685459392405353,0.6372258400196147,0.16306666541133366,0.4842561263339126,0.41739901279859093,0.5683270492374568,0.4380602292370165,0.46978261208431077,0.4247539853582675,0.14402210002594815,0.5082400368315982,0.6200279741317622,0.5598220820724055,1.0,0.6379923027066592,0.6560938977825389,0.6308937403667716,0.6838901983045558,0.43892010519212626,0.6832861047867578,0.3606099956891358,0.4365222968773382,0.28750920415509645,0.31357397746136567,0.6223374194722775,0.216522567401763,0.686406369744644,0.334055307915593,0.6798233910461667,0.5465646323126042,0.4719322148877767,0.631036982519695,0.50791417887567,0.7126250204444274,0.5499283305164329,0.7033991648685712,0.5588157913623614,0.5480458508338097,0.5420957262726392,0.5439177033524214,0.7222862033536156,0.6819383601795782,0.7312705793300178,0.06994116223392846,0.5899203326239086,0.5630790253596147,0.5914219962286241,0.15370416692730673,0.25370437396667583,0.48168797804594315,0.3625835454560533,0.6576168917581146,0.5562424120910155,0.6566278401080262,0.15602712393035328,0.2710526487771284,0.43171577977932435,0.5684108732541224,0.3825900072226404,0.5709239610571667,0.1825365379465775,0.39335033644927203,0.3355059723292838,0.5611029556998975,0.472064918036995,0.7135498893966288,0.7415821596179571,0.30473475594843585,0.611427614927355,0.014394618050820374,0.5968264180436905,0.12321918930521406,0.6438576126380197,0.5686756259509904,0.13154271589107797,0.4747197785619063,0.5080125536917188,0.714928126086073,0.6750311632973507,0.6829908625694362,0.5396815244452061,0.5949956109671112,0.6848588475103432,0.6817036258716054,0.6549441114636273,0.5668172332183935,0.5258869532747548,0.4194893442572432,0.607147097646558,0.5749667132257256,0.4568016434099998,0.5651271125097057,0.4791475311391726,0.612482240278565,0.6144470785959538,0.5234863473148633,0.16352299056013112,0.6425076566125921,0.6866025357349269,0.5056232570049596,0.2312262472565872,0.22134336373990177,0.36417332021626164,0.6612601771777934,0.5141811485426285,0.18918688256199054,0.6699152709535159,0.5169954093657794,0.6333774485508465,0.5953770679353797
JMOM,0.6636708813940394,0.7362314375912565,0.5974640165421619,0.7462696322179765,0.8250963845292115,0.7507420245052341,0.7402802926772639,0.6917239809385038,0.7164077750331243,0.9417059668009561,0.7264012016318759,0.7217732414967509,0.6818138250619621,0.604594440536953,0.6858988913742452,0.18703781181360613,0.13465891592918522,0.12021585819440378,0.8461977095130351,0.7181841760238362,0.8324431545886544,0.5012302926905019,0.7749881743464353,0.9262466041568649,0.5419818215994621,0.13583193299238572,0.41435522608170533,0.4748926384845442,0.6527045017038678,0.45831858080789384,0.7953105754292804,0.644327177798037,0.35783603567562466,0.6163674737012831,0.7405902811096569,0.5364017994301805,0.750537187671255,0.7004838267953639,0.9457184497418334,0.6972190439428474,0.654969820811329,0.6632809326386129,0.4070025160032677,0.6239547895660764,0.505262328372563,0.4556054229358121,0.7708705672437562,0.5408524076142698,0.6151808324540137,0.6037745934784383,0.7229943489646508,0.5941130931626928,0.4998057494967994,0.6207415470858323,0.5261593553104011,0.7719666378754133,0.7047366713211052,0.7950413741076607,0.7130408856822011,0.6154108398249577,0.7219046005316054,0.6098913281565692,0.3288476542744275,0.3555622532299463,0.173474798851784,0.5777223346923727,0.028249667214497735,0.7494660382698705,0.9440247894647092,0.789294121267555,0.17063023003912686,0.559169196009,0.549194220749915,0.809057931073979,0.7011076487053026,0.49537958977390123,0.47529255362426664,0.32315534637056736,0.8872952955788751,0.7890834750730643,0.8981382326619367,0.6379923027066592,1.0,0.9358640949318906,0.5730229632048452,0.7631105869939279,0.44078683382587003,0.8666133678680179,0.4503097592920875,0.5363844110998454,0.29889927552806156,0.35777015445277743,0.9309415720069435,0.3874328806191067,0.7340578265286507,0.5009036405057888,0.8391392841160803,0.6579844687560744,0.5425981327107973,0.6815607256128664,0.6351206164095956,0.7831392874387225,0.7116423383976223,0.8981389750984591,0.9108005907149783,0.889039973372818,0.8319991927976307,0.5414896519776747,0.8343946408817843,0.8027019123895879,0.855115529690264,0.09129582794679932,0.6956889860792121,0.5993831576347164,0.7046661219837387,0.2722972138152796,0.37514041225641315,0.8416059496667244,0.41428139970116623,0.9415729663602667,0.5252651405069737,0.9378306018797594,0.16508557541718558,0.28043793328331934,0.49250304147399615,0.8849091413058757,0.4658011485654912,0.8797919204785587,0.20880473055903093,0.4510902707846028,0.5590783397265524,0.6672035544704074,0.6727756375684311,0.9041603073213748,0.779934260494697,0.30330300079534195,0.7769046314697513,-0.0019218168850648378,0.6964825621075751,0.08793107385202642,0.8617397004922497,0.7059647072450381,0.13112939332562432,0.5024634980617257,0.5478644154465853,0.8893146882777881,0.7465906556268626,0.9371778967240957,0.7505834960970299,0.7710102861320377,0.9346613414881068,0.9489763667767438,0.8037929679536119,0.8914563400039818,0.6785895762132221,0.481123771519771,0.7772619177229798,0.6689792948854001,0.5840526737013197,0.7309918671222323,0.5410806895004352,0.6030618117065765,0.6812893821148793,0.6573093486723561,0.32384488871250033,0.6844554743381741,0.8511908558469482,0.8945102356893968,0.20864010036002525,0.3249122810269366,0.41729704133952616,0.7546090481514416,0.6608516454736371,0.36500847869431297,0.6215696280455805,0.7126573947968883,0.8829858739846552,0.816462017741042
JQUA,0.7099328767360313,0.7319050480718801,0.6103580218931334,0.7297698901866441,0.7630531359582441,0.7277143133833285,0.7451643494922187,0.6844758013236509,0.6702941363369971,0.9509374754755442,0.7596673791011389,0.7405482915262535,0.6530361437906987,0.6287445797124822,0.627921668197963,0.245439237513571,0.19176378825014073,0.1468541488174415,0.8047574240589819,0.7416732474746988,0.8903407035308712,0.603544134902227,0.8395574972012838,0.931088071181338,0.5589201482212276,0.18956665569563333,0.4405308761083798,0.4653039962618418,0.6163549507154265,0.5367678735386093,0.7876074468960603,0.6764896616598823,0.37815878578503487,0.597582590931148,0.6695445487620321,0.5462193800320646,0.7611562803412443,0.6560690841056279,0.9572319063274815,0.715237791857022,0.6822073545609746,0.692178678644662,0.43588569406446936,0.6443189997596164,0.5722828544681596,0.4813202358050057,0.7377421364819354,0.563377668267815,0.6497098944923273,0.6272345533199639,0.6567201425792599,0.6347946987678359,0.4836520379486686,0.5388269295150582,0.5288945875286494,0.8028592063244366,0.7183329722672331,0.831232793236024,0.7232858511506166,0.6162757082763938,0.7303645895536616,0.7668159199231147,0.2940069332506877,0.3168370788126929,0.1376858240607236,0.5984215545038729,0.08398937521977388,0.7680540204750461,0.9642073423148506,0.7914616174392876,0.21727760789319464,0.6180482220829999,0.5182360133067273,0.7140928526526955,0.7460979823005619,0.6046830686458253,0.48890686389848576,0.35813939964504177,0.8176668072325792,0.8678624957887229,0.8563490735549933,0.6560938977825389,0.9358640949318906,1.0,0.6170801517923433,0.7937140144506004,0.549789587402565,0.832866798157803,0.46594292488638306,0.5253702231976326,0.3590129542181255,0.3845065805546912,0.934204364408636,0.4154149021296094,0.8691741645023319,0.49334067549078414,0.8018794014957449,0.6154685091474051,0.5731122029175327,0.7798571591421657,0.6108609118328447,0.8521997644077054,0.6634202573490571,0.8953343702071943,0.8810235021970827,0.8524402539085439,0.8010121233808613,0.6242346552818736,0.9170223668902907,0.8039400450907039,0.8518621744253635,0.1475145425591286,0.7117210956186879,0.6611869803446846,0.752242466428269,0.24010079561723927,0.3308901004591075,0.7377359372296348,0.41567167551204826,0.9541262728594069,0.6595619555388442,0.9501000584612185,0.2198922324265153,0.34267347655293445,0.4827323675966789,0.8643659615431756,0.4668700775978907,0.8825595971768343,0.20004781852440467,0.4330291946165082,0.4583807648697491,0.7188929649281247,0.8136395398418503,0.8847930323853578,0.8304707058380295,0.3637734766503929,0.7725294899980208,0.04593579216513298,0.7246652425177688,0.14088778985870004,0.9324544571967619,0.7518586911147783,0.18610801016146375,0.6051498660361234,0.5995885557430023,0.9283979807396128,0.830313752135203,0.9259050356142934,0.7081559824896434,0.755975364340358,0.9373843619434294,0.9597023606212248,0.8688978297579372,0.8757357832485426,0.6637276296721603,0.526799049032373,0.7688021065470797,0.697423016400559,0.6745585288934949,0.660133834438542,0.5523776976546398,0.6588034319685043,0.74773830327235,0.7367684779716027,0.36353015074685097,0.7585748478400749,0.8372888918876809,0.8345774143235628,0.3740015697287675,0.35637897549535197,0.5418097862999677,0.8035942213900484,0.5984967781652327,0.38742668399131724,0.695078312696901,0.666011435167883,0.8856666957368242,0.8275831863119248
KBE,0.5245795173285074,0.5202714763233303,0.47908187981270406,0.531451191494792,0.5185011555445073,0.4946068151107434,0.5193230835260375,0.5005576489169862,0.3458448288171035,0.7220733772349796,0.8792461586453696,0.5936828365022999,0.42384062856851384,0.5158883210115721,0.45896244871285824,0.11907011350128288,0.06234374398493838,0.03163710802764987,0.4757964745463047,0.4134857442355107,0.6906077848296187,0.6996630604997482,0.6536679444870602,0.5675725411806001,0.36497679451726583,0.06905720430904332,0.26382455985161585,0.3569392989076612,0.30606005489313237,0.35887066859736627,0.4505627330762843,0.5200746276742069,0.23681361915629248,0.41062419951097495,0.3449014371476693,0.3935234161733659,0.4955027639138872,0.34364419777592414,0.6047182781998232,0.5084843845012078,0.45604553539309983,0.44457462213405985,0.26040027918170966,0.47523528170010054,0.3712926531514976,0.27780331306633343,0.4189864381942017,0.42709565040471487,0.4407433824151635,0.4173441642076038,0.3203206312554074,0.47408208118246375,0.3356861830894181,0.22373038373813686,0.3243206558992575,0.47065455555920577,0.4531049292218219,0.8389732782542128,0.5005268076089933,0.35718284347679463,0.5019006432713674,0.5915087039612539,0.06769985651566757,0.0906922866657311,-0.023358531413333723,0.4714338546236873,-0.020149630057377226,0.5228703207642236,0.6218459107979305,0.5494617772103476,0.08989918536428411,0.4260839977144672,0.3229306906987224,0.46572170817595626,0.38168287705091924,0.4164218498586059,0.3373588336872308,0.3756494752619016,0.3665389722081999,0.5929832689531369,0.42985768567495847,0.6308937403667716,0.5730229632048452,0.6170801517923433,1.0,0.7797905304969251,0.6394017670906617,0.6261949173428106,0.3380693610256309,0.3405868721240263,0.20899014320017256,0.21305430253946336,0.5552403138755744,0.432013763205893,0.6592363524789054,0.5095092544156096,0.695585117942034,0.4877536009470025,0.5631742347713148,0.6584322095148858,0.4262467858225192,0.7829884742338687,0.4774851374671583,0.5907992173404604,0.44142259261323036,0.4315998140992358,0.4039126246034333,0.6794353901440945,0.757097406898592,0.6757270666908173,0.7895309483891975,0.05649727295231197,0.5139134558742751,0.6048677582071008,0.5731144753666807,0.0507541435654958,0.11731318914143454,0.33718386084831736,0.278358436149943,0.5998414162713445,0.7524046350028593,0.5933667156082726,0.1002579465086904,0.19571857441163337,0.3439570498731735,0.47911938645504865,0.2379195161872226,0.4800383642672954,0.16717463772624727,0.3088193126491721,0.23815514553621953,0.553277962783969,0.5277890464332539,0.6759060884307205,0.857648528162733,0.2165782284834709,0.4983574479220052,-0.05873162539555281,0.48306212216303523,0.03824358164424704,0.6641506228783995,0.486173222898509,0.06969725704233039,0.5711668765087144,0.4743212647430735,0.734046571470886,0.776633204177306,0.6160008926094509,0.41615961865681866,0.4601043495754729,0.6074204233781845,0.6383888026330059,0.7353095957058419,0.455888224585612,0.37824695867417235,0.3352852531267769,0.4801279326907133,0.5216816090171917,0.4629605957644626,0.5150867752742837,0.41978770396205556,0.5944391865219212,0.6046130737267066,0.47870262218090237,0.40649625918976523,0.8112097433551072,0.6571909264565091,0.3827928880389269,0.2557198262643771,0.28206629947639994,0.3537120884512495,0.5680222347632842,0.48908467853917786,0.42993151459087625,0.6819619280127053,0.3508685070251125,0.5314407046103966,0.5024976494887924
KCE,0.6360104938864308,0.7510591887071819,0.5938082152847943,0.7257422993055246,0.6889359508610268,0.7197295087248256,0.6472400906983329,0.6178103702038915,0.5051098538614742,0.8497369739299838,0.8163681019563895,0.7003365988950397,0.5464444038127013,0.6066726436406776,0.6705341472662005,0.18928279555836305,0.13466101314986917,0.1130421195214759,0.6762304974473919,0.6177185637564329,0.8139739159651087,0.6276787204852082,0.7653348377783813,0.7758434485074733,0.47389785427437414,0.13843327925694496,0.36255036042205235,0.41650311595770345,0.45605504441943256,0.42783140930352354,0.6301583341739585,0.6064963306297724,0.32308038775846437,0.5250253965169076,0.5051345174466934,0.48398519523851224,0.6378794564561376,0.4989489125113479,0.8021365831779212,0.6302247778831007,0.5880656034160062,0.5942226081849896,0.36672847225307886,0.5835088159778741,0.46684695430598344,0.38820155845056226,0.5828233619172632,0.516740978650277,0.5478149041338602,0.5459060470450312,0.5027087483412139,0.5604982781502736,0.41270638205088717,0.36578380966053037,0.444029126680337,0.6962535038805581,0.5941582722315303,0.8433572810632024,0.6243312649341104,0.4940458548855783,0.6165077443655144,0.671078114458101,0.2189008371723877,0.24561126424600183,0.07081717796296373,0.5395284680298901,0.033922221718649476,0.660156325168516,0.8136842500932808,0.6851607292859088,0.15481129280185232,0.5229553935104498,0.41280218780803324,0.6277435432343486,0.6416244742063109,0.5397572415181241,0.41794718327849273,0.3461160507859096,0.5972067242548992,0.7451597746226502,0.6648457010693359,0.6838901983045558,0.7631105869939279,0.7937140144506004,0.7797905304969251,1.0,0.6063433643811895,0.7793117251422377,0.4161665293491722,0.43178204293701544,0.2946440507253503,0.3023031416837947,0.7634865079310206,0.4333556645263199,0.788641331621016,0.4967265727006815,0.7677940541355919,0.5766108992113417,0.5836404512256068,0.7171940833439675,0.5371823978434824,0.8447723272151322,0.5746074561794211,0.7667772888000428,0.6660510769287882,0.6451401172515424,0.6256266605190202,0.6420782556983361,0.8428285063475999,0.7748422355525487,0.835510442144856,0.10098265812453926,0.6347007857488131,0.6425474095481701,0.6848378897117705,0.18035100704806137,0.2667754687370293,0.5263485631670961,0.3559107865957658,0.7935039482453954,0.682838657073172,0.7898641746834336,0.16387592944825063,0.27764396941340386,0.4102132370125492,0.6731275922598522,0.36472996249694645,0.7118805300823425,0.18540333146513305,0.3906939835491259,0.41603942367802177,0.6576100950975093,0.6528540656230186,0.8191756825502216,0.8521894488055414,0.3016344970900921,0.6420595023780811,0.0002611137584582127,0.6138956241428226,0.09633298066743215,0.7941219478950299,0.6362577276047517,0.13965894471683726,0.5916970222823793,0.539194790327588,0.8563699220233457,0.8077781241896732,0.814980526777172,0.5584889896911236,0.6151170216421347,0.7893611330353698,0.8207229231473469,0.7928306449210261,0.7000916196702743,0.5315107822140397,0.4446016818724894,0.6329270589882554,0.6165734413637701,0.6378836436329111,0.6423197345340876,0.5065449503859533,0.606270325802243,0.6825496502721549,0.642918014636326,0.3671747918409829,0.8595265601074645,0.7556285204120557,0.6098757080382949,0.25010294239113673,0.3062427596904442,0.41305719879617325,0.7107710189726639,0.5907426964607948,0.39838435449851717,0.6874002196037309,0.5055289319837406,0.7217349316059135,0.6975093529517884
KIE,0.4062625159178593,0.34320853197692136,0.24337943731782613,0.2943949769893523,0.28273369957975253,0.294586901582629,0.41799130100388354,0.37714339341501985,0.1580371113735881,0.547152756078169,0.5968163268936084,0.47982597364591745,0.29448116084414966,0.437696880542673,0.24792644019414728,0.07724724117176564,0.019820365113316925,-0.0037913555961777293,0.2744176886626859,0.32995434428102155,0.632222439651863,0.6297765154787449,0.6405839347320734,0.42058924183266,0.25612492955896304,0.020947552359390432,0.15781363596493203,0.2324832700935682,0.1563449833234618,0.4325403293098841,0.34197688213346744,0.4626133951643512,0.17267209442960976,0.2558612737659979,0.13514060433572544,0.3076743322532151,0.4112575251285563,0.14768666482733542,0.47621690632472935,0.40964809844460454,0.36181535973110246,0.3935532439966447,0.16490184273422692,0.42968530025365725,0.4028914667326377,0.23124334835068502,0.2644678959463736,0.3899772062890775,0.38774299531541584,0.3622645211422623,0.11877863508432622,0.4612777376371284,0.2679495002907589,0.019347022020880483,0.18492584323406466,0.3324856860342414,0.3736976478864598,0.5827437729905548,0.37703855461251495,0.2184896012507763,0.3877009782619326,0.7454259399884918,0.03159714433521008,0.04355098092527223,-0.06234620702697945,0.34647280480916526,-0.03587281319143848,0.4469441641217378,0.5136035715113306,0.46886180831960134,0.07666302615097743,0.3521124045300929,0.10644908439839748,0.206664541293743,0.3180783342872028,0.4624414593438874,0.29808285751470753,0.3353880814588613,0.1679487820155697,0.6423053149339981,0.2848595449656078,0.43892010519212626,0.44078683382587003,0.549789587402565,0.6394017670906617,0.6063433643811895,1.0,0.3735638885286476,0.26330698961437254,0.14255663189823753,0.1347934803688044,0.1309225547916657,0.4314583411666229,0.4135314035595048,0.5478842539262656,0.3454151055318155,0.4991427081981451,0.1960234004424684,0.39382186545448206,0.5909448198599238,0.24396923702155987,0.6942512462308635,0.1777596600039228,0.4187815155273912,0.26700497968643083,0.22019096264905175,0.30988271653448096,0.4914559703176298,0.6599051797484154,0.5253887643618148,0.5140243986036236,0.02065144320958199,0.3980189574061044,0.44155797738371527,0.4432561611325499,-0.027487955150977503,0.04695181342709859,0.10077109086739096,0.24164892453932088,0.47555941353612186,0.6547287688933042,0.47221826132115347,0.04600183811354553,0.12881065392076793,0.11291562272884634,0.29424687873539934,0.14260455091715765,0.36294522038813104,0.0745233113387315,0.23179121051019536,0.11572792542348244,0.4155242219117634,0.7187234941991408,0.45215388680999535,0.6438927125402626,0.15208424254176614,0.37834659824240335,-0.0815998913336942,0.423353808458576,0.014654010950917345,0.6362759103507335,0.4557169224488393,0.02214649489387443,0.5337723543630629,0.3806734039247422,0.6154808087049725,0.7084603845896036,0.46397522479389464,0.2483577527624754,0.31363956362024836,0.46065650086299165,0.49616502443401955,0.6833028142545008,0.312080368005915,0.22157994517109655,0.2383786141846491,0.34402164095616233,0.4489951909791284,0.35434662750617346,0.41123682773676734,0.28615004775775593,0.4258847769138401,0.5324179180090726,0.4245069062458056,0.3595835951842047,0.7833949349495014,0.5442720479632659,0.191548874246795,0.4734025816719658,0.3823140307178336,0.49282007288304647,0.4244397127454409,0.26479003182636046,0.3265245915431666,0.45816659704401197,0.14962735991151058,0.3328655062056543,0.476088482944473
KOMP,0.6742105014196699,0.8223104638543685,0.7611694847249746,0.8686844109584088,0.905368024657188,0.8385054335725914,0.7408484043111425,0.710829729142902,0.7228832690797387,0.8810050033103834,0.7861116653135746,0.7330634364820872,0.6439460826423828,0.5655461509832734,0.8138625679034011,0.23776309273028584,0.198320289553756,0.17915873366624233,0.8391244859975223,0.6734258561693156,0.7680397790007538,0.5423872043522454,0.6922557841783314,0.8345996739477001,0.5809770872576191,0.20250329699759637,0.47880491807669495,0.5242465321685993,0.6616926313670605,0.4711674052697712,0.7680061942916911,0.6477163803263344,0.3622632955451555,0.6351259182486676,0.7162559051976115,0.5433091788295804,0.7358992320871673,0.7168052559415168,0.851539333875249,0.6986655640744904,0.6756273608863809,0.665346178711033,0.4829393899888636,0.6260214755106737,0.5112519739286847,0.4670696596879797,0.7423538676514466,0.5548794672412447,0.6207142897292062,0.5977388764950112,0.6823735522337168,0.5893869048936435,0.5088476131567296,0.6000119366463792,0.5710217824729983,0.7470230613198992,0.6918744959658583,0.8560259136503666,0.7342209901183134,0.6549075741349243,0.7190635972527678,0.5287623920796642,0.3780676147838573,0.4090108762287255,0.22821656790387884,0.6115613761300404,0.09327939424695376,0.7320084830621715,0.8457727265135637,0.725034928176011,0.20968481674415682,0.612019901865562,0.675821012038621,0.8665612777737854,0.6572114580618174,0.4768811545443523,0.4483875935531278,0.2995440272253914,0.7736073073604679,0.6835890400987286,0.7801254243848075,0.6832861047867578,0.8666133678680179,0.832866798157803,0.6261949173428106,0.7793117251422377,0.3735638885286476,1.0,0.4472211981039923,0.6335946282939231,0.3481295932164632,0.44708229492257856,0.8231969058937781,0.3588572758267054,0.7549856818675253,0.5000438851736263,0.8153322870741633,0.8507181622392526,0.5760541740065602,0.691854114717861,0.6747399938245932,0.7524093878070369,0.8430118362724929,0.9137875843796432,0.8063521056652766,0.8093308336021596,0.7112646636974845,0.6152845669308329,0.814846127810656,0.7976105439368738,0.9163563888472724,0.14318878525011997,0.7236137678575114,0.6716612704140305,0.7066879269303399,0.31810806799954916,0.43061344133990603,0.7251383229294991,0.3880760089416288,0.8404913052844748,0.5725723886699722,0.8382234426431705,0.22389163858855468,0.3269544604918205,0.640766288891389,0.7971142924061793,0.4681484754565632,0.7718047106263702,0.22132780269143426,0.42056706921234677,0.5892754057748419,0.6887665715143775,0.5661211274723164,0.9504735131895056,0.8202267789559184,0.34567225084025077,0.7647531005470467,0.07058083401019796,0.6931919821389834,0.14016116983758786,0.767533957571709,0.6883131422226937,0.19654245088927114,0.5315368392728821,0.6081013701175149,0.8703056870902106,0.7430735635468557,0.9006913941156673,0.7228935827911159,0.7700481034427408,0.8808436310700178,0.8719728764064218,0.7415934130420726,0.7918663537575341,0.708777900513848,0.5136466185663773,0.7772804856445888,0.6730779740774404,0.6322437659075432,0.7866405428254322,0.6362289256966455,0.6414947315053359,0.68431303761144,0.6174971141212349,0.2930999936493678,0.6351820456962601,0.7989511821265353,0.7727127361664213,0.15178041505194664,0.30315835455018136,0.369424534687146,0.7546735172763303,0.7454320808824212,0.3544466810719471,0.7010547927693644,0.7265359356446526,0.8924476742592845,0.6953948827961035
KSA,0.3770527766851002,0.3743343790989162,0.32052733638385067,0.3792283062294866,0.398705373044202,0.3709096272210563,0.4680172485095824,0.4614328475250535,0.4464072187262949,0.49016354769662807,0.41694197579971326,0.4311457243784456,0.38324431203061077,0.40581658982846275,0.34379700861535256,0.1040760119888655,0.07941355428901152,0.046612685523996944,0.4059951152129661,0.29779589568198733,0.47576430745312354,0.3889075295712322,0.45284505938152825,0.4514378170302314,0.43865439477023804,0.0807979489367687,0.31310147853690073,0.34018612681294413,0.49594536161003705,0.36847816944869105,0.4406241284970218,0.4559402728886592,0.30398820184288095,0.3747799864287739,0.4542399709168595,0.40848656774396114,0.4619246072933246,0.45736253310534986,0.47640619457137806,0.4583722962003819,0.42503554755706763,0.41799488413052793,0.2998994893292547,0.41793352201692596,0.3513584197661364,0.3417945973830077,0.41137440709480727,0.39457496220927274,0.40363468140851005,0.39835301323221484,0.38288226577073403,0.4191873188537367,0.357308824225615,0.31919745321245496,0.431594414177283,0.3756152540906157,0.43508632595353597,0.444686369194525,0.45845020981445844,0.4736059811475438,0.46575524955234804,0.3824444936897331,0.2212588622458215,0.2331195922024593,0.1280893997895321,0.40945717398418496,0.034682559459058196,0.46295888466927904,0.4756164332655464,0.45067778802871644,0.08163516049126147,0.34050501242960585,0.3541793810995097,0.37667911227035944,0.3049359069569055,0.3144372626579415,0.371586617869046,0.25179254594656325,0.38521669752910837,0.46037701229832695,0.41330893170022165,0.3606099956891358,0.4503097592920875,0.46594292488638306,0.3380693610256309,0.4161665293491722,0.26330698961437254,0.4472211981039923,1.0,0.3443374417613763,0.17484131665197958,0.3088327261644448,0.4634083192591003,0.2530195695301359,0.44301850579509283,0.32206089065149623,0.4057391480837145,0.3645044972506081,0.2868172579198089,0.3849838972380228,0.418443450144703,0.43976577421431207,0.3716364761661627,0.453702817796817,0.4093238808018182,0.38033805262382536,0.4001304877769261,0.38095115047977557,0.4778764665820272,0.4345142360701662,0.45528489382081083,0.057446612517919944,0.4563587237461681,0.4571944847468249,0.3957429754510127,0.20363352056303552,0.23896766031320835,0.3397732153907423,0.2889994432710931,0.4767062223768336,0.40238829489987665,0.4725107354766071,0.12977101761814455,0.16388819211321048,0.32077325141206714,0.41862073231150476,0.2952824290788156,0.41502521714340224,0.19890020164220626,0.4454362312568155,0.2922384850033648,0.3748089963679909,0.40389423225582316,0.45173957182111285,0.4478592741827897,0.1701059444121254,0.4693649774564624,0.009299256762148695,0.44545515958548065,0.04221899967409856,0.481387186665539,0.43512688631030955,0.07658865068612541,0.3314047637579063,0.41281604340738953,0.46825391734033694,0.45602143477078366,0.43515967970472375,0.4235458996175836,0.4723027143082761,0.5121331366146403,0.4818618966515697,0.47347777515017553,0.41043264123900397,0.4918247709728981,0.2943447547032642,0.49188609218400375,0.4926519450872205,0.2771780494461751,0.3512493384271259,0.32974102748721296,0.32309630825545904,0.427800351428092,0.36493172958736775,0.23711878017303387,0.40371389693804394,0.42508147671206215,0.37978519174864017,0.25111770557160124,0.2376463744850061,0.29442636808440614,0.4021473130305672,0.35577582812621295,0.23431023319771843,0.38893701442495615,0.4552392192753457,0.44905528228150676,0.4367706960807183
LIT,0.45081448125767204,0.4768566675127758,0.4868918341265642,0.5402053965732955,0.5823591816281478,0.5060486173067068,0.6303589629268285,0.6243837189365113,0.6914567699407727,0.5589325705423079,0.49113829149634464,0.5596732796832651,0.5100403653113792,0.39238578915755573,0.47634597464398676,0.18264058678469525,0.16560653479112608,0.09715137658360579,0.5863281370512086,0.3796452744612928,0.4693078321368186,0.3672987316141467,0.43057065769005404,0.5357727396603379,0.6311459464478375,0.16274626799498304,0.4662768210560089,0.596333986366621,0.6350210287148538,0.4079357640572552,0.6059438830021918,0.5732759700736665,0.3337281917511593,0.3987205210876381,0.5966433777433267,0.46352883072962486,0.6085318810046474,0.6913806955811076,0.5377661154907204,0.5944715828322408,0.552138863122102,0.5312841339639607,0.5939008124678705,0.5120863073255383,0.41584966176756427,0.41100117570380035,0.6079321654831851,0.4698937692116493,0.5222299990227149,0.5145885446210335,0.5701047845185949,0.5266831224533487,0.4491697111644269,0.5322884480414274,0.572289207230347,0.4338643896376172,0.5653160141029463,0.5396701870243088,0.6348215745397605,0.7012892426303143,0.6297464264534741,0.3152323027502086,0.4016482962231325,0.41989356671438127,0.29437282449903923,0.621657610555499,0.08980496720021643,0.5975509570425159,0.5220634587914814,0.5412776409463154,0.18962321110464994,0.4170770595198096,0.5957009534714003,0.5904984035687474,0.3579499814420585,0.23281137728963772,0.28982200830136245,0.2723471994796239,0.528108067109118,0.4285303138693283,0.5094916646093268,0.4365222968773382,0.5363844110998454,0.5253702231976326,0.3405868721240263,0.43178204293701544,0.14255663189823753,0.6335946282939231,0.3443374417613763,1.0,0.25718770625702553,0.6306904046589641,0.5171663504728895,0.2063266987545248,0.5054899549328017,0.38614591581335994,0.5203002748830678,0.6782885147762621,0.3879229944162285,0.4385410127740837,0.7071838234108832,0.4547162471411646,0.6845479797102287,0.6153176060235119,0.5304527208819764,0.5503154168724794,0.47916417482512286,0.41831510527509047,0.5311500664213822,0.489415097002143,0.5732285867901259,0.12892213118089563,0.6092965178442648,0.6038624708662959,0.4612025952437532,0.38751973567995573,0.43364816748303703,0.5111097929660167,0.22199705286625374,0.5324883842798609,0.38614809994375277,0.5272430652271138,0.17489984200352207,0.24431370570341807,0.5914274456621124,0.5210808057785666,0.4511138698136578,0.4779309370709604,0.1811994728118446,0.2794781422110229,0.4689122209431657,0.45432947896465853,0.32154120670246106,0.596456142074487,0.518925483395252,0.25206720348972433,0.6354954369128587,0.06883367819697336,0.5760153879763802,0.1197455596409585,0.47989131203458874,0.5389302574073606,0.1720785681242868,0.35100336068981686,0.5397298630466397,0.5527952853049709,0.4895199769923857,0.5510385632157863,0.6141361244272945,0.6707426028409307,0.6302698865399347,0.5491647410242235,0.4762531231466304,0.4944223017184739,0.7113266000044869,0.3912826319574348,0.6812630042265324,0.6157720988853077,0.3505638207945084,0.43573800112054467,0.39148977129552104,0.431971046954717,0.5723805798964847,0.34776641312216217,0.22653388335268554,0.33754742840502944,0.49284323170088845,0.5098432378685331,0.11061460627864352,0.18176851379774162,0.22041837967581007,0.5078046920406404,0.6059880726391901,0.26387764017533216,0.4452138688663462,0.6974395196260623,0.6778158210623652,0.45479215261018935
LQD,0.7273528016787412,0.28980532881597537,0.3508649966320187,0.31811615288250833,0.2917383197663881,0.2670577942330432,0.4034262078728564,0.3589815106535642,0.3289102095508818,0.32454392828257417,0.2800005151803787,0.354654553740404,0.315476542759617,0.2617064937431825,0.23370437251205148,0.9648128077002652,0.9477111415531153,0.7558299454246122,0.320546350251142,0.2144700661546038,0.3343658552215721,0.33810578555819976,0.2907807743557987,0.32759389590639554,0.3552680263986533,0.9411463277066211,0.6571215411108953,0.27612135045045894,0.3407148205247887,0.45371773870098053,0.4166324462110482,0.3869625648840669,0.25177859048865825,0.2605318465896783,0.32723625469022605,0.32668664855450424,0.4184828252114735,0.3260488682175037,0.3378561832010978,0.4281059710591272,0.36840197990650897,0.40484629995295157,0.22145323084348542,0.34745153720339367,0.4406499651282486,0.2903382233556536,0.33629211100093964,0.37284685518732125,0.38646662237917834,0.36132854996878966,0.2925413511051717,0.37882939340838345,0.28435505904685293,0.2771295176400041,0.3717871751202773,0.2697457849428217,0.3836140753467732,0.35909993037056503,0.4400232558599708,0.3211868523843844,0.39399600776158883,0.3131818970297543,0.27994928867172514,0.28031574697139605,0.2375325444272811,0.23440020170208398,0.8510853734895925,0.41931969322709617,0.3350421014604129,0.26169095050411423,0.7110621853693491,0.35560724531385246,0.3714406063098175,0.28688871833865653,0.23163511363038403,0.2973001149534104,0.23672793762927008,0.010718519926299743,0.25955431785294736,0.32335822424293725,0.26396596217617374,0.28750920415509645,0.29889927552806156,0.3590129542181255,0.20899014320017256,0.2946440507253503,0.1347934803688044,0.3481295932164632,0.17484131665197958,0.25718770625702553,1.0,0.17890224159132517,0.314615373524437,0.09549580960675258,0.38900494603514324,0.04727471261267574,0.27812203153150067,0.30943347217558637,0.5314978958951415,0.37332402772607093,0.2746732625325559,0.30371352066239504,0.322605815208457,0.3510716439200357,0.29224984002510657,0.261333083585311,0.2307484358217938,0.47902127510601916,0.3793521714934193,0.2744741715609107,0.35358508344858397,0.8339827618767416,0.4323215515551836,0.4232261072150425,0.6688000169766996,0.1683206868764707,0.24564402584140585,0.20936532057410986,0.18779997532853754,0.33434411451301577,0.3696166022692433,0.3359867211564662,0.8484654365886193,0.9895129395258434,0.32602765132862105,0.29344670392561234,0.33732381894950125,0.2923704779905132,0.06700619133821979,0.1775166893715253,0.17504603637006047,0.7017416581429738,0.3363935613249205,0.3637190238264743,0.34955897856584,0.9854019206583687,0.41916921877606955,0.8411914323277859,0.4203447663995749,0.9184016308028496,0.3523441438218168,0.4322098970912031,0.8916727028983674,0.47240927580355524,0.4899211099136476,0.3666002923297668,0.3559384101578642,0.3346250316854773,0.366260431699044,0.40774987608498675,0.38350299166965635,0.34213416823692044,0.32250951328334465,0.29274527466167055,0.32537461035045406,0.8625185548432902,0.40893005806251337,0.39530046587189827,0.24061642968483507,0.25283432086664825,0.3210939603993935,0.4548450286042001,0.32540494124167546,0.291385404962511,-0.011660499604256629,0.2133141969089708,0.2802264637981944,0.2437814813563954,0.24311592120530287,0.32184759263896406,0.2815926365080306,0.35531050969949396,0.2186727062076888,-0.018129003643125866,0.3323373771883855,0.3275339950099948,0.3848007846312488,0.23685126860662475
MCHI,0.3320416126992808,0.3373870534722375,0.31492839726477884,0.3513568065600794,0.382562997194577,0.34289841392201054,0.5323637445019864,0.5106224786670119,0.697468968851117,0.3948036716792078,0.3184446389802606,0.4468293993816918,0.37441243952656406,0.32134057024291124,0.32844348958824304,0.10740908906576284,0.10914931023207172,0.07424349957201441,0.4369704989259799,0.2566221661383408,0.34641380428186935,0.29918164485657134,0.34015801980980426,0.3895766903395237,0.6870224371193473,0.11332423342456824,0.44890122059377624,0.4374907151409068,0.6210108469451441,0.4116282096375859,0.5046256406665589,0.5115468132652574,0.26309282295086944,0.2828942296372762,0.4588780634471819,0.4404736868129418,0.5248467506935377,0.7276827865158106,0.39298561330439585,0.5045695325348984,0.4817036507129737,0.46010725003612735,0.8215875830781946,0.455443862971827,0.3858650492371542,0.3934922988817659,0.5139074518332437,0.4065076221258162,0.4881335170372949,0.4989180380287369,0.4327000487504906,0.48640241194106415,0.44528257312840186,0.386362169425998,0.5659931138861257,0.34157130288159965,0.5122575550420354,0.36248267430107395,0.535525308231642,0.8279748066215338,0.5246172173231067,0.2545134695245223,0.32565431953673235,0.3364950798849193,0.2442334572698548,0.5125207349974731,0.059985096323284415,0.5123006517740222,0.3832169016544224,0.44209809539796663,0.14595202131472804,0.3034881432823916,0.4183294268041175,0.4026768687555611,0.2531382621907987,0.23303449789456437,0.24460007808856937,0.23892413371794843,0.36796748418017755,0.3287458602648818,0.35893279282290397,0.31357397746136567,0.35777015445277743,0.3845065805546912,0.21305430253946336,0.3023031416837947,0.1309225547916657,0.44708229492257856,0.3088327261644448,0.6306904046589641,0.17890224159132517,1.0,0.3825477857710787,0.19158842796599856,0.3878048749240634,0.2650569239864244,0.32077271540492913,0.4271467525812279,0.26317443453246064,0.30415440875823757,0.5810457092557743,0.33202712124089206,0.4064959465190069,0.47104181275943646,0.37483415503022866,0.3934397905256256,0.34298151824444095,0.33002067524377554,0.38422743808367543,0.34599151697951325,0.3631832421838711,0.08351657282290122,0.510969445563229,0.5859852448091019,0.35636903179895557,0.3126887311708154,0.3501324330674004,0.3555561175159522,0.1840773473486683,0.38978557139750075,0.2954507353588626,0.3861033743314516,0.1421028172247005,0.16901481607592234,0.43084078410417054,0.3778464027994888,0.42895162280982674,0.3535301869548564,0.1255916022666309,0.18876145153801105,0.33078695840620165,0.3467072970179376,0.264158940545515,0.3876103711924585,0.34997567894109755,0.16575308545168835,0.5277484674974438,0.05006624232714357,0.5122676601132139,0.05605355764873385,0.3537268059451182,0.481518925851974,0.11975468642079612,0.268024335527795,0.5469743963580915,0.3876874372330365,0.34609451690214615,0.38322439863109753,0.4763488295383633,0.6107037997709468,0.5088505508276148,0.3976764379817866,0.34515138329949624,0.363133465178,0.8095593456143009,0.29892017674008703,0.6254432491507176,0.5880283603485233,0.25172089683169774,0.26557204446501126,0.2710771192106039,0.2717538350558977,0.4152282013671246,0.3157567321568005,0.18622653872864753,0.2531799963063805,0.32243137801554245,0.3468228969021252,0.1425507367007343,0.13905620637101682,0.19328541979266445,0.3434728120581202,0.3958878912789395,0.194994682389621,0.2882922619326598,0.7060620904944965,0.5267920740274555,0.35005871402240163
MGC,0.6813646911981622,0.7641595492156703,0.5884997793278921,0.7670507390028132,0.8076852541682851,0.7808889236576132,0.7199294298657689,0.6669808239765099,0.680723505771985,0.9491951017128556,0.6849859435953886,0.7041848266214562,0.6596604919947213,0.6272536709246828,0.6777247188289237,0.1985938943268952,0.1461598925870928,0.12090729480019462,0.8379830352063337,0.71175668474876,0.8557458322679492,0.49196518857459237,0.7907027472537697,0.9789333486974043,0.5513329481197039,0.1447867347613669,0.4230477711850032,0.468216514013022,0.6113912025567942,0.4614144850285838,0.7737155801142908,0.6382219164400853,0.38233823467404376,0.6151026262501047,0.6864169353683182,0.5357076701699311,0.735108455210321,0.6669047332998502,0.9918263477857154,0.6952464084941511,0.6416025208619163,0.6645914794788554,0.4254012841443088,0.6260051375338144,0.5106341864496302,0.47766814643521727,0.7426972148228455,0.5452034499580375,0.6159359799808081,0.6130687034277239,0.6922320609032957,0.5836538313587116,0.4700936680435712,0.5512470023140488,0.5183499482244903,0.8454150128207836,0.7005849036340356,0.7530998528088739,0.695627297809529,0.6168863115559752,0.6982430223758893,0.6368619204699878,0.29166169788919527,0.31805869382000446,0.14138785832333925,0.5513431115592533,0.03595012737047292,0.7405454722416894,0.9845450959552741,0.7816084796036968,0.17836195763798451,0.5659248016355555,0.5101168138403362,0.7261693775061707,0.7462313863097549,0.5438481901168267,0.48861336688982,0.3048580173303093,0.8964728451722949,0.8117471232869237,0.9377319224641008,0.6223374194722775,0.9309415720069435,0.934204364408636,0.5552403138755744,0.7634865079310206,0.4314583411666229,0.8231969058937781,0.4634083192591003,0.5171663504728895,0.314615373524437,0.3825477857710787,1.0,0.373951724747584,0.7901415928384288,0.45830030998696725,0.7525640952724015,0.6162497585945915,0.5388123985188483,0.659483083305267,0.6026421419468866,0.7666060543288427,0.6695429502760073,0.8564928468083035,0.9581566881375946,0.8714349445632114,0.8668421646838032,0.5607243781131492,0.820557238306008,0.78238703260348,0.7910217041293305,0.10765690275410592,0.6856222593722745,0.6162508582319481,0.7310600020587918,0.257668131249191,0.34007889727200014,0.8034036695897605,0.4231669668480638,0.9933234018474376,0.5314344997286482,0.991946906793545,0.18116212425573142,0.29808940820469537,0.46508262047778315,0.8750070147232913,0.474352877406499,0.9729548620801717,0.21991391514221661,0.45085117094338895,0.50637493487694,0.6919102907289822,0.6884176092984234,0.8425255223289987,0.7403711031148829,0.3206796180210966,0.7495590209557376,0.0033715738826479084,0.688823872870055,0.09322924281428961,0.8764688423345132,0.7109701237189892,0.14098641872073125,0.49595542189713354,0.5463529813762997,0.8479020063337859,0.7134379240572947,0.8913575424137019,0.7036566771843875,0.7443499954371834,0.9496453659401697,0.9858421273597899,0.7742192745197461,0.9727224922998216,0.6754492336455065,0.501719417595986,0.7544980184707344,0.664178685312595,0.6219087177629639,0.654421697250436,0.5282073546729762,0.5553216223791343,0.6570151923942461,0.7803482035177818,0.3030641495699119,0.7001726551026521,0.7776978597740336,0.9068788011552787,0.2574200695688035,0.2945289297902284,0.44996259391827076,0.844847846197846,0.59337727187677,0.343695287413454,0.6199330806647766,0.6795890003370587,0.8862555359937125,0.8634631597154505
MLPA,0.3494749329841415,0.28008863738061984,0.22073014467009733,0.2819847904965296,0.30121125240564506,0.27931670912842443,0.3482558164809764,0.3494444757787536,0.22593182746117763,0.4678700339456095,0.5089530085227929,0.4578616230149417,0.2598174715168366,0.38303481743757334,0.2666821651526912,0.02958099318476448,-0.007752585857356262,-0.08068218282574358,0.27807218538545353,0.29649194435303494,0.41815627800142424,0.6003151548801074,0.4666043030589485,0.3719333061876606,0.3173136888290155,-0.008541571987796844,0.14773122998890229,0.21655729201431625,0.15014764453831872,0.2731149352228732,0.2513039755646895,0.36351909612055655,0.16238446027431697,0.196273503149638,0.18594417387435352,0.2930053536559727,0.316257952600382,0.20569836279805223,0.4070798087438483,0.3703066370150269,0.26113039134494237,0.26113656359399756,0.20956722673598802,0.2929542686286781,0.21856181908155375,0.21910839989917957,0.2339456749866897,0.2598123361038628,0.25813469711017545,0.3093306237676911,0.20443124389801373,0.35819319585153686,0.2734808067991503,0.09960033793393584,0.18992912643045365,0.28138613602087736,0.268472224038963,0.44681610553092216,0.31169225541567663,0.29489370563604833,0.3577143607214629,0.4187427474784355,0.07814956656263858,0.08385576584261965,0.023188055420212014,0.5080566048085393,-0.07576744854395472,0.34100603383425193,0.41329731097896055,0.36169712439545526,0.041851284508906544,0.24735742523119497,0.21374085287146255,0.25258738298827577,0.2611155674572284,0.28282134456474883,0.1400321593179314,0.6781047822059996,0.2347363393776904,0.46082113527353186,0.3025979930981564,0.216522567401763,0.3874328806191067,0.4154149021296094,0.432013763205893,0.4333556645263199,0.4135314035595048,0.3588572758267054,0.2530195695301359,0.2063266987545248,0.09549580960675258,0.19158842796599856,0.373951724747584,1.0,0.3829061620636274,0.5908287331625752,0.39402318528395724,0.2869279069374288,0.33923375655053434,0.3397716366096721,0.2895905921874213,0.49730666161677434,0.2777421771811363,0.3591752146588232,0.28144424283452385,0.2604273605777974,0.31573522827711303,0.399968427038814,0.4886423502824101,0.45487572925632014,0.4242810594327608,0.03985949731900208,0.303658793159579,0.4647163454975471,0.3829516313777059,0.07026575121333642,0.11380727909986327,0.2205680887839372,0.12132938025017936,0.4050114293367441,0.506044868227731,0.3870668131219163,0.04902512559670879,0.0921983209676017,0.22376775304476512,0.3303700528278483,0.17990164416653293,0.31080993284643815,0.041915186682835365,0.08959325769211916,0.19551399382375545,0.36137078036568937,0.444481714035891,0.3925560309369976,0.47950593247404005,0.10357890704748698,0.3110723037967315,-0.08996127650892703,0.2977560125677805,-0.03061013916625795,0.455161260931175,0.31620246778535693,-0.00786980296044241,0.3793148259078195,0.2562087706921504,0.48860417055338284,0.5266844604104661,0.39826491364364447,0.24568668258620974,0.2652750138408512,0.39464997918582173,0.4164697824776958,0.5174174324336763,0.29473143471863855,0.2606320810342329,0.20178391741160248,0.3078662487590984,0.383449060069981,0.27241899756329063,0.3198540421081552,0.21923782107694625,0.2287599543383633,0.3791869090856208,0.30289997862676643,0.6812969499818015,0.45371064038732006,0.3975873213039836,0.25724710076707386,0.23709091305689275,0.33934718524023916,0.26055163227424566,0.2926780288091683,0.3169546913888175,0.6633504817300081,0.30633788018015723,0.20407273170407209,0.33208319939217745,0.4137617730750744
MOAT,0.7102966886827223,0.6837626069662214,0.656332857329494,0.6905419746229424,0.6580474740485662,0.6552241000289886,0.6792096389920653,0.6260799637093589,0.5456622584479839,0.8474381718831205,0.7669418438553051,0.6889398121718739,0.5494087140079411,0.5855140833914648,0.5486289056500069,0.28623228384682786,0.2368114724406419,0.16945848394215213,0.6936556499607153,0.6326571091659087,0.8340521152393273,0.6776816994392216,0.7747567889912926,0.8078546707699311,0.5330157884676305,0.23587214026027428,0.4520726556374891,0.4522006194640099,0.5045697691011474,0.5373165922471267,0.6927295037647727,0.6439441886619627,0.3908211789893997,0.5149762967562312,0.5187067185108294,0.5099850861938622,0.6915692574529729,0.5416186831259165,0.8318494060881445,0.6575541987037413,0.6469694632084182,0.6508550925514943,0.4460811864414446,0.6075352431698195,0.591529129273803,0.4577956097579028,0.6336025132897745,0.5393940258733823,0.6356370354546786,0.5808811971905536,0.5100355579094146,0.6089646970845424,0.4283087128588782,0.3874719750778325,0.507310521894477,0.7359297324806027,0.665029203449699,0.834420911482922,0.6742274808762125,0.559481521591185,0.6618552194897243,0.7806115582818711,0.2587714537882274,0.2726884381741322,0.12047012334249114,0.5720439481336246,0.13828626280109343,0.7065005277391627,0.8408701206108085,0.6982828239357808,0.23861219236839032,0.6578336847975556,0.4735003504216504,0.5683681076945836,0.6681431300294104,0.6731917737455669,0.43745323237792716,0.3231317836364436,0.6100093656581514,0.8223544777896994,0.6712411440190699,0.686406369744644,0.7340578265286507,0.8691741645023319,0.6592363524789054,0.788641331621016,0.5478842539262656,0.7549856818675253,0.44301850579509283,0.5054899549328017,0.38900494603514324,0.3878048749240634,0.7901415928384288,0.3829061620636274,1.0,0.4470844503313745,0.7265176334173039,0.5869055253838896,0.5755197396861779,0.8231280495476264,0.5521672518227464,0.8457378595329581,0.5994297716014908,0.8256609649935648,0.7013138013823157,0.6877523885334821,0.6393970552578033,0.6929117249982483,0.9176845541621588,0.7422812582190078,0.8042659108724666,0.18403096104359437,0.6731277123564507,0.70151796170939,0.7389193725521205,0.20369337235276666,0.2884300076355596,0.5371513533567344,0.36119683562169713,0.8265929203295777,0.7699995385830872,0.825395228631599,0.2571993682105388,0.37574391233873644,0.4836812358878937,0.7254937814880552,0.4288790859234293,0.739483070285387,0.18482666637906148,0.3861538751468919,0.33337210611112517,0.7179663848837246,0.7718928381545463,0.8119882716133571,0.8490969120135781,0.39393405730140235,0.6851519317633938,0.0957398293986719,0.6832406942399926,0.18867229725905227,0.8625926250560146,0.7152115888397402,0.22587235560361615,0.6801083833256468,0.6103024084689701,0.8811382675813907,0.8497884616910614,0.8166985311094246,0.5767002483841045,0.6598791288803315,0.8230256004196412,0.8430991437019222,0.8269471775987269,0.7222276834871038,0.5859887471223613,0.5187445789077483,0.6801568149210905,0.6565497103397651,0.6902505518368239,0.5852780732943279,0.5626987255117837,0.7067406429642207,0.7643039783706292,0.7086274422367513,0.3373760405551163,0.7419411222046709,0.7602405506712508,0.625279397657263,0.4520286364082606,0.35498083367824596,0.6161651856658654,0.7699819004886378,0.5324763583785679,0.3647959896420839,0.7584768241509959,0.546194089430765,0.8039261007824884,0.7129731106778994
OIH,0.38039319169503993,0.325897522126331,0.30361023481153104,0.3564491896677753,0.426045974937568,0.32892107310050633,0.4851677349193037,0.507573092307326,0.40239350485844794,0.5949646475264414,0.6856906704846624,0.5397931835699875,0.40407705262226834,0.4240106904885973,0.33105116517962524,-0.03575347560590364,-0.08508408524133472,-0.13912527653236312,0.4072878326991967,0.3275590694341994,0.5034566422603777,0.5605449982821585,0.5412434105131093,0.45411917204994395,0.44583441707150545,-0.08217545621207971,0.18547292104369953,0.33048032131374383,0.3312629739206997,0.2898025566232378,0.382809869355899,0.47982799268207454,0.23068163292287008,0.2470715909878316,0.3824451978186012,0.3613547674021967,0.44395208896975474,0.3862008318557237,0.48815270326366866,0.47893177968265316,0.36284304873060885,0.33141695885903766,0.29877449791800115,0.4073187921074045,0.25800224230643526,0.2710572236436789,0.3792795200433371,0.3219464893227885,0.3529122835273858,0.3952092879786727,0.3662718435553059,0.4547850998134272,0.3359402065794643,0.29353646717445536,0.3187899858342221,0.3061622449286409,0.37652948888783455,0.5900367936157656,0.4422076895522942,0.4367536114699168,0.5113519614658747,0.4097851423708449,0.18530050536877585,0.20354132522408527,0.10572889703962735,0.7147701795568052,-0.15181120342147444,0.4655516619852232,0.49039320637582634,0.4771506575774183,-0.02886366729191552,0.2961380280823741,0.31205599246157445,0.39423073285716936,0.27079238926962457,0.2386419487149564,0.22433121085754165,0.8228241618212889,0.3639334295054739,0.4851077701400413,0.4053697208161012,0.334055307915593,0.5009036405057888,0.49334067549078414,0.5095092544156096,0.4967265727006815,0.3454151055318155,0.5000438851736263,0.32206089065149623,0.38614591581335994,0.04727471261267574,0.2650569239864244,0.45830030998696725,0.5908287331625752,0.4470844503313745,1.0,0.5625418661783236,0.41928384408041464,0.36237700924913946,0.42490144246509004,0.5019912657430012,0.5890779156816243,0.416443980431322,0.4721956988519062,0.3770707338237334,0.38405643245528853,0.41543146126107927,0.3985267055476761,0.5643681832476476,0.5633806050240394,0.5787959150265966,-0.03286475720326344,0.4109692531424763,0.5502735784049805,0.4111317348287649,0.1975621157150231,0.23180166245568506,0.3678932136952518,0.19327140728180164,0.4939871676422878,0.49343309972141514,0.46316886359775666,-0.016457207184637553,0.04019752407060899,0.30931238444008763,0.429910095147948,0.2964090133831001,0.36215771406412406,0.09504539758392885,0.21007564864606382,0.31636514108513863,0.3817758355825434,0.3843566090609968,0.5289447420471921,0.6017764720184592,0.05686890212701429,0.4573810193732062,-0.1767020408730232,0.4054696622925712,-0.10698300811557698,0.5112220975413588,0.3990397589560771,-0.0899359486056337,0.31062523940652675,0.30395684675242046,0.56494171830666,0.5919153755588417,0.4811271518215723,0.4255748347889807,0.4097155629842465,0.5169710523310826,0.5119121263826614,0.5977482163133201,0.3642385240667603,0.4073133767926007,0.18298952867355114,0.4624194166294018,0.503930120895995,0.27387053052890403,0.43664820476093796,0.2748806402915972,0.3535579634138569,0.536352395861455,0.28238556079953286,0.825360427308413,0.4777186262012829,0.5401602412540726,0.37209368121222214,0.1268804673705606,0.2001650068421856,0.23642717577576988,0.3533536353386541,0.5319827995370436,0.8085276941038329,0.413923601145124,0.3822127155645273,0.43711981864044497,0.47692669557076306
PAVE,0.6203126075016898,0.5992473370299546,0.5695272095127873,0.6353292011115975,0.7230423885932823,0.5970137608138765,0.7029921774024313,0.6702671777921171,0.6045262423444174,0.877683803829535,0.8504670499299071,0.6946071957853422,0.6132531181588214,0.5450040393999958,0.5923026115296498,0.17974543799739068,0.12277557612149098,0.12091150101206986,0.7212358006563806,0.5090426390226301,0.8002257112988406,0.6097785361097681,0.7502217083299142,0.773115151434061,0.5031896606184295,0.13058628783285808,0.37777512100710325,0.47075972143043127,0.5404799827420049,0.4380554263587848,0.6999069102033354,0.6340049878861003,0.3186558390538531,0.5275534283073592,0.617799609973086,0.4992710124912433,0.6909752899989638,0.5925294204921354,0.7976529216354558,0.6510282773413248,0.6290166929191346,0.6031725430469218,0.4017071007769673,0.5949338837533529,0.49038575635565507,0.4108279926286283,0.6711677284955396,0.5103471468309795,0.6070453674697277,0.5251791481282473,0.591040496096693,0.5781866871521726,0.49292219320634156,0.4901732164890329,0.4781571804055544,0.5800309558173564,0.6510012245616462,0.8817645345654965,0.6805987275099811,0.5482689900727707,0.6831339972044139,0.6360948166586293,0.27614577728751905,0.3027370440808706,0.1263858240432459,0.6124241162091447,0.03097450957690199,0.6967701431838293,0.8096379400897017,0.7291557458554263,0.14515571100933397,0.5286171814311655,0.5184788055130488,0.6938888878785211,0.4668434419021098,0.45573054786688955,0.4139152899357859,0.36009241906074185,0.6607501506131569,0.7509864421032382,0.6879858665033115,0.6798233910461667,0.8391392841160803,0.8018794014957449,0.695585117942034,0.7677940541355919,0.4991427081981451,0.8153322870741633,0.4057391480837145,0.5203002748830678,0.27812203153150067,0.32077271540492913,0.7525640952724015,0.39402318528395724,0.7265176334173039,0.5625418661783236,1.0,0.6504824035072597,0.539971369199752,0.828925638872786,0.6320363787099695,0.8247074089777463,0.6832674170748997,0.803787661350537,0.6883139402580886,0.6761986389845555,0.6397601093310552,0.5997254454681171,0.8557123979863164,0.7769935892985778,0.8892662276186446,0.07620847668563971,0.6678191789905084,0.6257870220717958,0.650203429953029,0.2039636603593607,0.3251622859108486,0.6567502544309045,0.3531534209476421,0.7930305515606009,0.6425064048094351,0.7855205926097334,0.14428728789757075,0.26214296517862345,0.49549381068950765,0.7138235069214918,0.38543624747287114,0.6693676420151318,0.1976173028611856,0.3956664268406441,0.4806175878636236,0.6276565957635282,0.5980793244715575,0.8647132765157927,0.8863424632473312,0.2848134384257451,0.7095517120860044,-0.006650603945260749,0.6560111967478691,0.08891398709073597,0.8116989192066458,0.653337279011284,0.11886142964282138,0.563187181747194,0.5436788854648639,0.885540657463137,0.8348709234011117,0.8410567057911537,0.6566844396155819,0.6865691464121804,0.8198184637505109,0.8210123892026941,0.8297628793755559,0.6731753105080508,0.5905608960348323,0.4463985457591198,0.7024935413032191,0.6472822967405443,0.44088280424962445,0.7280974659740986,0.5029737569712641,0.7823833696743755,0.7963853185003984,0.530656039515677,0.37147056890173163,0.7019484069796628,0.9371995729748641,0.6593541454005137,0.2381811490742338,0.3722490305477253,0.3992284206750587,0.683161088152291,0.7060996184256252,0.3993715064275911,0.691365291504603,0.6023565869744555,0.7578586775124204,0.6742636541054285
PBW,0.5521965753832071,0.6441767910828802,0.6820594216221026,0.7286160073089025,0.7794773984376787,0.6710760066715591,0.615775946696329,0.604372382088625,0.6430030282132608,0.6860010014215848,0.644743375320533,0.6104170293358483,0.5165921551205624,0.427991569104174,0.6476076681679516,0.22287723329957113,0.19300801499528633,0.14484424308475827,0.6835794591247427,0.49060004309063865,0.5533616270116104,0.44399310304099204,0.49094756692262326,0.6343384263990283,0.5230017125964375,0.1983428102385038,0.43234429198522184,0.49363569938311974,0.5691444593984456,0.3597478194584978,0.616280477913946,0.5364582320500451,0.29647495435378013,0.5016631953142092,0.6205398342351028,0.460856183204814,0.5996386926913825,0.6362382178873413,0.6451079977220295,0.5753915677580759,0.5672659019497117,0.5324749859229784,0.4490822965262712,0.5041277118719889,0.3956415454920206,0.38223606173742203,0.6325151867437031,0.46716352649030757,0.5012733008741119,0.4906402845540284,0.5942599912984282,0.475855857381617,0.4488201220213089,0.526857210985664,0.5131094924913746,0.5483548435406506,0.562259385659152,0.7009677028226938,0.6234214684086139,0.5943478827256367,0.6078301035926634,0.32890596137218275,0.3489565618202004,0.37537330927087553,0.2316282660848286,0.5655383827957552,0.09118644541837911,0.5924285418092987,0.6281728732798234,0.5667983889665534,0.2068082798269349,0.500619226948596,0.8025451944136377,0.7658619948295562,0.4584872025496752,0.2920350562812661,0.35707132995149804,0.2772726361979462,0.6196096231152499,0.47953008082780585,0.5965073094945191,0.5465646323126042,0.6579844687560744,0.6154685091474051,0.4877536009470025,0.5766108992113417,0.1960234004424684,0.8507181622392526,0.3645044972506081,0.6782885147762621,0.30943347217558637,0.4271467525812279,0.6162497585945915,0.2869279069374288,0.5869055253838896,0.41928384408041464,0.6504824035072597,1.0,0.5006475525305663,0.5304692862264705,0.6124737297578033,0.5535893134133525,0.9259468032217977,0.7566196326302594,0.6245670790977075,0.6495193052562878,0.5429447832016804,0.5307553465689097,0.6348462391651896,0.639906898039563,0.7670592919143574,0.1374646910206674,0.6089988673038063,0.5973858012789788,0.565979479145861,0.309488818380842,0.4032915391982262,0.6019579505771606,0.3123218930609526,0.6352204250844021,0.47001353328701284,0.6293542502069441,0.19764683544438458,0.2908557736676149,0.8090376729369024,0.6438875809921994,0.4027797825918839,0.5631760629111342,0.21923780675944568,0.3136280317344788,0.5612114049163476,0.55873410448971,0.3538313069861478,0.7880943976764809,0.6612565193802139,0.30617287489562917,0.6318633781735913,0.08580539278108677,0.5636136648963234,0.14581610359564753,0.5607116651596398,0.5374724488934572,0.19251838589513304,0.4330250676362458,0.5221181121047123,0.6846152931255979,0.5851446806095267,0.7070052223360289,0.6029428719367983,0.648321204381324,0.6954178320876435,0.667638244161426,0.5619993144562078,0.5964762310057263,0.6289577790481531,0.43956758530074963,0.6555478987982457,0.564382056015845,0.47048590622265896,0.6015213067025528,0.53876646847491,0.5270139912132561,0.557322900474212,0.42222824919566987,0.25473686114108407,0.4291565920949648,0.6066891162308837,0.6107253020089242,0.07235967400440435,0.27166122957678673,0.2249553226231681,0.593516981715164,0.681574211873667,0.33049267662858783,0.6023644027387023,0.6434997286226799,0.7602739687584096,0.5087055296913979
PFFD,0.6920954003713091,0.48322714704199454,0.4486151719796521,0.4891411773085936,0.4958381691622913,0.47035860108566285,0.5791668152710168,0.5507640041747636,0.4601014067181905,0.6106131435454916,0.5940946372747615,0.5724385153621184,0.4527921814650402,0.534760816064993,0.41320273005116753,0.46015793949762623,0.3972185282866016,0.27468453213113525,0.5148053548440438,0.3890292661301494,0.5544660167877054,0.548186757287707,0.5204391527891299,0.5492171265712884,0.45608741665877794,0.40144450495049444,0.4855286801170242,0.4106143406986906,0.41318572093571615,0.4568302743626748,0.540521301118308,0.5634384856648701,0.3191513016094223,0.38925603127224934,0.4592769252353419,0.4381378840587548,0.569401420541309,0.4540153548623506,0.5686467871142832,0.5631640515323012,0.5210998781603797,0.5272203870386177,0.32375970260845416,0.5178126728095386,0.46748622006926704,0.3474920399564902,0.5009127261930193,0.5061343940817061,0.5119720609261824,0.4736242075443083,0.4181740325326871,0.5197385087090615,0.41370193439581376,0.36134912110447104,0.42778537656056365,0.46251640430979357,0.5314230498222815,0.6208264889789733,0.5742435794981028,0.43359799825752254,0.5706297449439763,0.4659939492933095,0.22053635491212864,0.24082732582291286,0.12256651960772356,0.4667924128848923,0.270270294044083,0.5767205902500139,0.569802123390217,0.5405227587662786,0.39806360717072764,0.4170482972064042,0.4736726364728901,0.5150921240326836,0.3907512550410924,0.387403948368976,0.33961946674862065,0.2883770578674307,0.4296981444606775,0.5359724878897704,0.46128167624075,0.4719322148877767,0.5425981327107973,0.5731122029175327,0.5631742347713148,0.5836404512256068,0.39382186545448206,0.5760541740065602,0.2868172579198089,0.3879229944162285,0.5314978958951415,0.26317443453246064,0.5388123985188483,0.33923375655053434,0.5755197396861779,0.36237700924913946,0.539971369199752,0.5006475525305663,1.0,0.5160367788699384,0.45485777755372064,0.5965265944975534,0.5052468648800519,0.5685543939528735,0.4707324769811803,0.44714349460192415,0.4166612664659126,0.6212054666715165,0.6257360902265711,0.5788790570960083,0.6132903450912083,0.3143294606750318,0.5769270090733569,0.5805026414642181,0.7145306107831251,0.1656096678132137,0.2468906075719424,0.3821788564604251,0.2758955730292916,0.5650707056990913,0.5811648115090211,0.5579169831402664,0.3733786713218871,0.5190172202548295,0.4332344984090587,0.4753035746858502,0.32526254016208106,0.4813521213437199,0.16721023781470348,0.2701113320688153,0.3298483869661573,0.7232541904425858,0.4603063353782908,0.5952857606413504,0.6282151264745264,0.5362074989060911,0.576108383833446,0.24239177362124278,0.5618309107869542,0.3879120969813146,0.560771448949021,0.5472184636459171,0.38959407113498756,0.5238073826396756,0.5340280907469953,0.6225673960863836,0.6150490092326499,0.5659597126931827,0.4983628405515664,0.5522198495628383,0.6068812529584164,0.5861902024033823,0.5808942525016129,0.48727208361685315,0.46162502034785824,0.6051710148939133,0.5648952045087678,0.5608932184831025,0.3887022253637117,0.4597784424416819,0.3876192414406294,0.5360387200910827,0.5193817083738751,0.4638615664385954,0.27801825907772093,0.5506601349791931,0.5298000691541827,0.42153557051114654,0.24873387768939292,0.33047329553661264,0.32440456732118417,0.5241227432126875,0.44916144513209055,0.28565501895113043,0.526455764571826,0.45794664253514344,0.56101464897025,0.48161553428585246
PHO,0.6403397038024287,0.5441120014668531,0.5684163193475332,0.5600779310862111,0.5637312386796238,0.5097853950084765,0.6360329521249504,0.581414352526244,0.4697059455210339,0.7770146044959745,0.7850961598313243,0.6472927432764505,0.4994467452884914,0.5061378980156138,0.4552059559056254,0.283328667817137,0.24411416454486162,0.19196473255918745,0.5958230537761909,0.48360688935399715,0.7761213903344806,0.6766306094434825,0.7367259171695026,0.6819659271126095,0.46261761097742377,0.24529120882537953,0.4041450176948376,0.4198462749571498,0.43149519072821163,0.5257871012546725,0.6337392772899147,0.606004721648568,0.3310699657100737,0.4466661563275458,0.4554789939178169,0.46427571822995917,0.6396325249669769,0.4638885392666954,0.716518459940677,0.6188357541075253,0.6072231702601378,0.5897677692185219,0.37461357575048587,0.563905928935094,0.5629985909358459,0.39340415618415414,0.5629721438212901,0.5040236971869292,0.6008177210343862,0.5142036876223626,0.43307640605857683,0.5896960230289664,0.41701713792157163,0.32615799947077445,0.44962638068228905,0.5523260723425746,0.6121850316244148,0.8384706048299169,0.6298313154692735,0.4775303619475809,0.6121797407837924,0.7799910570598843,0.23709586197200425,0.2527813959122789,0.0962382871961646,0.5302173416705572,0.15541453691643162,0.6536624884116433,0.7404549819991022,0.6447351922780152,0.24146415498821,0.5876374250084723,0.4400405095661425,0.49391091943800997,0.4782269015757373,0.6027904917899289,0.3918095701459561,0.28323475600266823,0.4873414232822073,0.7695764813904987,0.5472824949486991,0.631036982519695,0.6815607256128664,0.7798571591421657,0.6584322095148858,0.7171940833439675,0.5909448198599238,0.691854114717861,0.3849838972380228,0.4385410127740837,0.37332402772607093,0.30415440875823757,0.659483083305267,0.3397716366096721,0.8231280495476264,0.42490144246509004,0.828925638872786,0.5304692862264705,0.5160367788699384,1.0,0.5046672113788925,0.8073099809203932,0.5486627547131823,0.7328237531762859,0.5545992350487954,0.5404175001206772,0.5186630915027541,0.6663216262165343,0.8717599931476485,0.6942170578294802,0.795011338203329,0.18698719192131807,0.6255934601210641,0.6403995246109828,0.6548946812411061,0.13991392098564057,0.25964919982016454,0.44690405916785164,0.3242269920641824,0.7086296607479121,0.7411605766294339,0.7072671940764195,0.25960219768627446,0.3599727937481945,0.43903071963533563,0.6062192539087198,0.33726846823707013,0.5855594186739578,0.16812734104343147,0.35308262388142436,0.2844391820251433,0.6431323311628204,0.725921544464932,0.7667565403644612,0.8626606231466158,0.37327736376160225,0.6333465271955273,0.12335156922426105,0.6398765864674492,0.199331083340189,0.8107539148039943,0.6599981161452012,0.23516199090317627,0.683040137881983,0.5825886690012743,0.8448960053371091,0.8527169433782805,0.7466014657652136,0.5238419407646129,0.6001761414131409,0.728628092658122,0.7362431072719285,0.8124545429347483,0.5682261352632993,0.49965878034855865,0.4865998262868977,0.6191923771368558,0.613918489402622,0.5102425715147275,0.5881602421588178,0.5080539192126137,0.8095577490385005,0.7997182923789935,0.5501190242470543,0.29480884406018865,0.6949703557708351,0.8182697946205958,0.4948027978000818,0.4446912067062594,0.4129792512617503,0.5666892311354067,0.6620511239248522,0.525485298497041,0.31216468271794867,0.7257964127223019,0.4645500317219637,0.6811457273397623,0.5992515056813008
PICK,0.5297946557946638,0.4858354088834625,0.4683840420713109,0.522012847910052,0.6048711040542986,0.4942592336015442,0.8077789328292045,0.8116494045755467,0.7893232031797931,0.6635681931124896,0.5878122316040473,0.7285011718754276,0.6518277041837107,0.4433666931335031,0.51020452645823,0.18490533994154884,0.16761962475275974,0.1379531893619495,0.6456575383470177,0.3908266364365881,0.5923576863269798,0.46925046588557884,0.5888081305186715,0.609596483984859,0.7774626839033355,0.16742462792791374,0.5908423018842057,0.6323584911266869,0.7321724587851673,0.5619082314303874,0.7399320194797072,0.7641278461561721,0.4254408289441204,0.4658174309496132,0.7349853910005832,0.616034620023478,0.7722550806864762,0.7695729994502866,0.6217802873562162,0.7757692683304754,0.6980552115120867,0.6692923838916031,0.6054267288683305,0.6637287510280578,0.5626290230101451,0.5285882574327155,0.6863456425969593,0.6157626663039723,0.6696491340181048,0.6114829868480656,0.6440027174126021,0.7184320768314127,0.5927240918469286,0.6222638250992742,0.7406663551555326,0.4453452212655381,0.7067546588936034,0.6250557734886689,0.775203701070157,0.7979421192393158,0.8143013650310131,0.4168485428639398,0.6203629450586738,0.6395359331761944,0.4897255911281096,0.8546402132414334,0.08876939052640688,0.7635712225816852,0.6147609388992684,0.6756851751364765,0.1720807306559829,0.4596738820986706,0.5875780542056299,0.6249036534224749,0.36611724276257684,0.32419422517238766,0.44556634096218983,0.38581585683939945,0.5881172680926711,0.5241928667683295,0.5638881618462721,0.50791417887567,0.6351206164095956,0.6108609118328447,0.4262467858225192,0.5371823978434824,0.24396923702155987,0.6747399938245932,0.418443450144703,0.7071838234108832,0.2746732625325559,0.5810457092557743,0.6026421419468866,0.2895905921874213,0.5521672518227464,0.5019912657430012,0.6320363787099695,0.6124737297578033,0.45485777755372064,0.5046672113788925,1.0,0.5632597597969984,0.6202778042882338,0.6611475046948542,0.5710879832458524,0.5728869299572033,0.535920954285475,0.47965925773431134,0.6207245993127266,0.585489519342271,0.6451705146400973,0.1467897672611536,0.7524836194156095,0.7305734343606419,0.5336413583128774,0.5961647881060077,0.6531478149758475,0.5630184642172132,0.38992915072367584,0.6210210106900311,0.4710462902552353,0.6135911330437177,0.20296081141723682,0.2597076084483606,0.5288118644714921,0.5879057274953878,0.5419733327609846,0.5278086295919515,0.208344970420031,0.3690166911249269,0.5982232837302547,0.5224819397107732,0.42195218713409227,0.6487974931728147,0.6155234990299128,0.26404400812774115,0.8029522704540298,0.07376011726189591,0.736757455906558,0.11149196132003893,0.5844227798663675,0.6872670802234516,0.17375886882832645,0.39678176889135086,0.6545318637319149,0.6362964514968329,0.5913344573215369,0.610349637626997,0.7607212527798868,0.7962738281307711,0.7479834474060562,0.6366238692318829,0.6054386450892812,0.5448400496653601,0.7842559192914278,0.4250827811585306,0.8275994394044619,0.8002697525860225,0.3072728584769455,0.5315249290568583,0.4253970651991917,0.489652325031599,0.7300026487977146,0.41570929417768543,0.3284423660311162,0.4547696802813669,0.5998977588369803,0.5569029609003163,0.17620149975960628,0.25244687108850716,0.29427275546767984,0.5131591524524582,0.8244549533955828,0.3181310646488092,0.47943565934501353,0.7653721163543762,0.6891198079204688,0.5427175106328115
PKW,0.6723103755959458,0.6410594872005726,0.5533536897778425,0.6330850501251258,0.6397465808771614,0.6075378865071714,0.6885651816961396,0.6498739643961052,0.5072238773077808,0.8901127620370927,0.8800805495284775,0.7342325032654323,0.5669639392953113,0.6270367510530818,0.5530204321031604,0.19836259223937827,0.13475534329416392,0.08910847228037062,0.6422703192825026,0.5613985450846057,0.8782754796263136,0.7568486080497421,0.856370485283776,0.765605858938424,0.5146938624792284,0.13825278952232695,0.37166621754404644,0.44391513204621696,0.46118524811716816,0.5058601085298179,0.6538541233509373,0.6674657020535014,0.34167800447955327,0.4955863139937653,0.490021610406394,0.5027048943386513,0.681040426863669,0.49705645726600556,0.816351219835664,0.6681599405309758,0.6206662898572747,0.6101108984875757,0.39891392987389246,0.6143129011607664,0.5396848972836858,0.4268597029706581,0.5895348242656787,0.5431769827507879,0.6069221789310264,0.5728804254451628,0.4691614688717062,0.6282919740141183,0.4544606452114713,0.346401616129049,0.4512399815525417,0.6499524528865516,0.631213258289582,0.8910559198968809,0.6585867953773602,0.5236184863178168,0.6679382176493689,0.8067117643788716,0.2049684091264435,0.22494089015317226,0.05251083479502556,0.6377158243925319,0.031248877763791972,0.7060403460846434,0.8411324557433719,0.7268276578282508,0.1593714486058548,0.5752750417104816,0.4211785848575776,0.5833607627061985,0.5615898401917105,0.6091351340504344,0.43483831900542624,0.4850319130591229,0.551222431992957,0.8439319204210755,0.6442837679526436,0.7126250204444274,0.7831392874387225,0.8521997644077054,0.7829884742338687,0.8447723272151322,0.6942512462308635,0.7524093878070369,0.43976577421431207,0.4547162471411646,0.30371352066239504,0.33202712124089206,0.7666060543288427,0.49730666161677434,0.8457378595329581,0.5890779156816243,0.8247074089777463,0.5535893134133525,0.5965265944975534,0.8073099809203932,0.5632597597969984,1.0,0.5687678665014492,0.7929755079814003,0.6393710356298673,0.6096654706409539,0.6221348743444592,0.6866381359272058,0.9381296574785838,0.7942605429339487,0.8530139923060122,0.10633349206650701,0.6606519185024662,0.7048560439557122,0.7113816189008766,0.1415920641974638,0.246422112403669,0.4935105725110188,0.37347819287300404,0.8132092426943532,0.8040576219660585,0.8032676589480076,0.1707640697355387,0.2919585662393963,0.4251267012469796,0.6746654481797274,0.38197055558470994,0.6801632427717923,0.15842988296021948,0.3877072648788702,0.3693896899466073,0.6824513721682098,0.7729962243988436,0.8208163146460934,0.9208158053805368,0.31418532981926095,0.6756994889042162,-0.00857584664712636,0.6608991030248563,0.09976530135771787,0.877617858134327,0.6842155355388161,0.1281882315527242,0.6599771132318893,0.5769006567273895,0.9151443790954938,0.9160568159522883,0.8215341080960438,0.5744247545901662,0.6299592203060683,0.8115859287468958,0.8370259962117775,0.907490599561322,0.6594286367874246,0.5423270785124069,0.4605009164041151,0.6606008446471751,0.6770209836327131,0.5733884250003601,0.6514550583468994,0.5038270718368001,0.7131887165589929,0.7873177653843308,0.6560168370844455,0.5104775033357821,0.8660472282097919,0.8381076050812563,0.5684078115515914,0.4241340368252777,0.39936494222571234,0.5550119609251426,0.740425993575272,0.5958877247143555,0.5149718957362217,0.770926574289571,0.5031235230190912,0.7137496511145527,0.7259456620333448
QCLN,0.5769179459832909,0.6298583473422845,0.6451923140409375,0.7296686831359966,0.7865135847136188,0.6760939391966987,0.6368412866744607,0.6154671879545383,0.6782438748633316,0.7261934358751986,0.637657767402903,0.6045418895062542,0.5474364538186308,0.4555865625401031,0.6331858240900254,0.23086437366629178,0.19888847756988873,0.1500321432460605,0.7063103526163675,0.49688450741564094,0.5734127627330554,0.4273043084627177,0.5043095259116215,0.689377713947539,0.5378007542033657,0.2034778165147614,0.4352387961706859,0.5241830491021356,0.6032928133923298,0.3609771327205907,0.6525720816149524,0.5466824960509755,0.31325711375365417,0.5242722392690883,0.6717035454510143,0.46772093358394506,0.6257117952997474,0.6669639820865967,0.6949558184891671,0.5916147190437622,0.5799392220732911,0.5496882269494046,0.4446658696639511,0.5214146226942917,0.40065708512452425,0.39968513738646283,0.6802629438052562,0.48076342140819905,0.5171872650311425,0.492637702184625,0.6401904391032234,0.48506314646732407,0.4574269948336431,0.5756483642047646,0.516943754770127,0.5642143909278838,0.589000692398175,0.7034546151517596,0.6374283836091073,0.6049319349012209,0.6292907162114468,0.33991639572021665,0.3402985249405983,0.3597648361922244,0.21527741140777013,0.5638270719323293,0.10194685563838234,0.6141544263978119,0.6757058445602808,0.595931157796891,0.208239038322117,0.4980183521782787,0.8456633298650217,0.792508070554223,0.45088923280828985,0.2985984590850554,0.377987197901929,0.2597486125507894,0.6858128832802005,0.5179454588948809,0.663094946599388,0.5499283305164329,0.7116423383976223,0.6634202573490571,0.4774851374671583,0.5746074561794211,0.1777596600039228,0.8430118362724929,0.3716364761661627,0.6845479797102287,0.322605815208457,0.4064959465190069,0.6695429502760073,0.2777421771811363,0.5994297716014908,0.416443980431322,0.6832674170748997,0.9259468032217977,0.5052468648800519,0.5486627547131823,0.6202778042882338,0.5687678665014492,1.0,0.7823440976110693,0.6980435111709097,0.7201659890181739,0.5992420113279492,0.5185135406203962,0.6602091161784417,0.6452228053511414,0.771205944798643,0.14489558511969833,0.6212715832958862,0.5910392607519179,0.5849798142213259,0.2890865350335767,0.38268295134738,0.6875201147999976,0.3289851087126097,0.6873456683079475,0.4628618763080481,0.6813760088142125,0.2099919356104082,0.30533830948108065,0.8187243811882029,0.7052567741494044,0.4151022506134252,0.6189419609253064,0.22094794957999495,0.33280333057297956,0.5275348338203629,0.5786924184352864,0.3738171469313579,0.8017322855730611,0.6656415268525873,0.31743986418285114,0.6605149781738178,0.08839593297159101,0.584538746808079,0.1507941416335064,0.5967054027748421,0.5503002302209937,0.1988631506276349,0.4359668445649716,0.5202833879906863,0.7114988516908076,0.6018729011833117,0.741059355853377,0.6440848108766986,0.6799898293946649,0.736743252129358,0.7122902481748657,0.5895617092658243,0.6509880249748258,0.6457278679408962,0.4571844811757905,0.6829453985120081,0.5762705079227978,0.44435967766883727,0.5834111851419554,0.5203826884479692,0.5551657906834598,0.5830643275696024,0.44451462020442895,0.2381684281988907,0.4323292399191829,0.642042145209687,0.6770710715976219,0.08174801235406749,0.27791692984368077,0.2208647161461501,0.6613818028550573,0.6569334588253879,0.3092697702578438,0.5858878448657562,0.674266682555002,0.8026647435421518,0.5495173024362459
QQQJ,0.6960608652957194,0.7737351855749611,0.7406820271997965,0.8127231458978424,0.8355982110500639,0.777817691919687,0.7474124028743803,0.6992322777068346,0.7242322648408783,0.9037663271089527,0.7603946517804834,0.7337678149686702,0.6390763487466222,0.5987723788016267,0.6972783818529492,0.23656362882606122,0.192405895908559,0.1629456838316911,0.8250290866827196,0.7058382242963698,0.8025258022995125,0.5549292018848735,0.7304857146013946,0.8707529715860898,0.5903063371071973,0.19424316362487826,0.47945807866962736,0.5298157035970301,0.6612465727432513,0.49552227426317513,0.7891059541224548,0.6607543936826822,0.375394262294518,0.6314090020899119,0.707009954637194,0.5586968886064748,0.7543606721229638,0.7173590677873131,0.8908939493107958,0.7067953131501499,0.6912567789023295,0.6829040296302036,0.5050935915653926,0.6316937321887794,0.5474928721297041,0.48922735453410815,0.7647422398227921,0.5612200549360659,0.6465777985512448,0.6336296659523071,0.6875306142861672,0.6147135922412239,0.5137112509265849,0.5832861624796581,0.5774200815442831,0.7781041445908226,0.7174812619439669,0.8471091295376031,0.7345425747070528,0.668634633539704,0.7243949411934516,0.6139747041087787,0.36219226831635637,0.3849113703676568,0.19841257685116123,0.6101863767801544,0.08842615030617718,0.7543069303310215,0.8916230512848127,0.7587760521413276,0.2193775882378873,0.6896126386552356,0.6334764643144695,0.8221242696444038,0.6943334000905855,0.5607253037428319,0.47262719127838715,0.2988201192944555,0.7975057094308147,0.7518004957420885,0.8043524317545064,0.7033991648685712,0.8981389750984591,0.8953343702071943,0.5907992173404604,0.7667772888000428,0.4187815155273912,0.9137875843796432,0.453702817796817,0.6153176060235119,0.3510716439200357,0.47104181275943646,0.8564928468083035,0.3591752146588232,0.8256609649935648,0.4721956988519062,0.803787661350537,0.7566196326302594,0.5685543939528735,0.7328237531762859,0.6611475046948542,0.7929755079814003,0.7823440976110693,1.0,0.829371254312587,0.8411545944785145,0.7457091399396817,0.6157221426058006,0.8669592098478603,0.807631547674865,0.8906191742847004,0.13608681977669682,0.7225306590260395,0.6793685538691451,0.7326540474041441,0.2898448369457341,0.40289155145968825,0.7522089302193595,0.4057468077477679,0.8802927007544844,0.5992546941588098,0.8789064438802439,0.21824278197804375,0.3329334636909132,0.6016793762450796,0.8413404618964696,0.48891054594271816,0.804822445182491,0.20895849393048904,0.42296320858651293,0.5270489463860328,0.7044855152196611,0.653552664987188,0.9480507249482303,0.8282725763272801,0.35149888911831395,0.7724155458538212,0.05861362376193891,0.7174176695888573,0.13748904215128843,0.8251056500200277,0.7255294645290546,0.1880789207854574,0.5680143585562151,0.6143617144868869,0.9046859763707077,0.7818161594130751,0.9300935101409193,0.7139365209555796,0.7792864917594423,0.9060103565105672,0.9036761721389488,0.7804396024322892,0.8226855063362178,0.720367522652803,0.5209013316456695,0.7860973650264798,0.6881735615638563,0.6654988751525632,0.7196388411928718,0.6584770893101619,0.6610263837038808,0.7198726711594687,0.6503229524053571,0.29477757739657917,0.6534606719326205,0.8084204474391777,0.8026491709546789,0.22542616142388877,0.3111506882387671,0.47722564798352635,0.7667192578356279,0.687107883077164,0.3563428624288674,0.7166334007950885,0.7253879182681482,0.9133819267889437,0.747675893381251
QQQM,0.6191243497381281,0.7585852588503724,0.5710963561086523,0.7711663846203584,0.8193654230255806,0.7960253972144512,0.6634731978672741,0.615024967514826,0.7045004205587537,0.8795125253125071,0.588041427435541,0.6136937601052432,0.6431451567394033,0.5520161355047862,0.681585903033967,0.18190259787893648,0.1401466799462649,0.12388579900838394,0.8520672348816197,0.7223850866177189,0.7269910332656805,0.3422598139921749,0.6424465757350822,0.9467067126121774,0.5116726022838624,0.13867740816059104,0.4063487801672911,0.44646653634746636,0.6297475765384002,0.3773512727878638,0.7536179108252953,0.554319122879116,0.3475735519525837,0.6110862420444343,0.7212814037463979,0.49460315088567586,0.6854478639794478,0.6933424201901728,0.9426771900466252,0.6274522152176949,0.6018170672323295,0.6218015203227942,0.3977231587234195,0.5566891071277307,0.42796699568558716,0.4341449355689007,0.7621939927022594,0.4815935948263311,0.5565405478716173,0.5598113821002249,0.7330491913027859,0.48581448298557445,0.44310462622015884,0.6113436067534607,0.49582164637841336,0.8482314626817086,0.6631271627454236,0.6693363405216088,0.6507056711692858,0.6006925686442339,0.6469448246049866,0.46911340956381425,0.2885852450388087,0.3169497188843868,0.1518674196203032,0.47033136772606965,0.03522235575650874,0.6764120278885805,0.9240829842903012,0.7212828293992868,0.16580437918243665,0.4893090914630799,0.5163447345008463,0.7534709771730278,0.746903061104712,0.43614869823879515,0.44641928179424817,0.19681728415269495,0.9557083881879573,0.6816757470795402,0.9541566353875555,0.5588157913623614,0.9108005907149783,0.8810235021970827,0.44142259261323036,0.6660510769287882,0.26700497968643083,0.8063521056652766,0.4093238808018182,0.5304527208819764,0.29224984002510657,0.37483415503022866,0.9581566881375946,0.28144424283452385,0.7013138013823157,0.3770707338237334,0.6883139402580886,0.6245670790977075,0.4707324769811803,0.5545992350487954,0.5710879832458524,0.6393710356298673,0.6980435111709097,0.829371254312587,1.0,0.9415194758228702,0.8664397255167007,0.4681272123332,0.7098500064327218,0.7089094418804317,0.7376707182341395,0.09792526594196473,0.6374404293356922,0.5278769519944564,0.6683378537965188,0.2669364601363117,0.3375421565339732,0.8900119775206731,0.38815551200005866,0.9410227675114041,0.37781913605748924,0.9417517600698506,0.1697928824769926,0.27430560478737703,0.46932812271977264,0.8917763434997827,0.4543743340829582,0.9627407068983012,0.20982541272244662,0.41475757858903256,0.5127649915931778,0.6367684811389378,0.5466830500366393,0.8108964811252579,0.6336750096467142,0.29363935850689993,0.7119831168846291,0.013819683857167095,0.6280598495675709,0.08419379561899787,0.7614213341255623,0.634137842092724,0.13941077985313877,0.37781372927297574,0.4796132312810657,0.7651741060269487,0.5793911868646048,0.8637367957882401,0.7066886925888106,0.7283608232998985,0.9033895290926583,0.9317381324584442,0.6366460902429248,0.9749103313761921,0.671326773470382,0.467405295623501,0.7251758368748721,0.583062325902343,0.6109142020481881,0.5940655134114289,0.48102548374263343,0.4925396194804245,0.5550125967164016,0.7343585440807769,0.1904722442754591,0.5421485326775826,0.6894740293672134,0.9628525975795672,0.11826840737116615,0.1878384006172779,0.2930475566700153,0.8079640705842781,0.5639197553320868,0.25664883878263434,0.5444670376418309,0.7092274921875004,0.8939479387485417,0.7968154490423078
QTEC,0.5800483845046769,0.7393165714650666,0.5852182449409167,0.7511667198280719,0.7999136839404102,0.7708100653222949,0.6345730223783314,0.5884828569936451,0.7169200530512837,0.8270209441672708,0.588026481699844,0.5814435778789241,0.6169744298951932,0.5268464374066492,0.660629436202907,0.15297874163548936,0.11519636289176574,0.1039743303393116,0.8386766026754289,0.7723319416336067,0.6666454484682238,0.30256026274254577,0.5657204162539746,0.8793888912255994,0.49934017938342085,0.11407169020310177,0.3885706903880481,0.42679496137186745,0.6386626234145077,0.33175256034229156,0.7343996604544709,0.5172275387982243,0.3033829935125588,0.5847107748341421,0.7294883429343972,0.47913774790521546,0.6573532754008418,0.7061509481668897,0.8719680953262584,0.5903678511483297,0.5878978977505941,0.5992220737432393,0.39991511476350666,0.5153295620034315,0.38526417614636255,0.39887345402355867,0.7738382541060155,0.4401328801414575,0.5287147067358147,0.533307356178497,0.74260417583029,0.4516795989044119,0.42712131503464507,0.6357866688819667,0.48644220294720736,0.8101392600817545,0.6438833512004284,0.667122217762051,0.6242269241869842,0.6053237116929859,0.6250444621451908,0.3970064199133405,0.28273441639346486,0.3114534382860776,0.1606263981047544,0.46691240376246956,0.0176050054727852,0.6418197926183714,0.8517243064316286,0.6882073531483552,0.1441830270545024,0.4558818844696412,0.5252169664259,0.7824349435565995,0.7669603588190095,0.38363328109964134,0.4165304502903685,0.19403210361667342,0.9335601338906293,0.6110160026458578,0.8891833380628554,0.5480458508338097,0.889039973372818,0.8524402539085439,0.4315998140992358,0.6451401172515424,0.22019096264905175,0.8093308336021596,0.38033805262382536,0.5503154168724794,0.261333083585311,0.3934397905256256,0.8714349445632114,0.2604273605777974,0.6877523885334821,0.38405643245528853,0.6761986389845555,0.6495193052562878,0.44714349460192415,0.5404175001206772,0.5728869299572033,0.6096654706409539,0.7201659890181739,0.8411545944785145,0.9415194758228702,1.0,0.804538015489565,0.43103484042629564,0.6849584205900551,0.6859910042367409,0.7430038227703101,0.07383344463363661,0.6068961164129921,0.5022673725687199,0.6246456163006965,0.2736269307526231,0.33200588431060296,0.9163371483557905,0.3552534407543395,0.8634643054112392,0.33696605027636034,0.8622177446929976,0.14784682135725644,0.2431341197039581,0.4884714718887978,0.9034407062628448,0.4360189034402656,0.8680469418516665,0.19886081461631488,0.38071710335329395,0.5022037730978606,0.5981757253157801,0.48448226261140565,0.8183716094570743,0.6233480771806759,0.25986518765161054,0.689573576059657,0.0002382550867897859,0.5989946961394375,0.05941295328709072,0.6998498849572254,0.594234409388771,0.11997172587897834,0.33707367322037884,0.450349506501291,0.7500742602591038,0.550037444920578,0.862540623226164,0.6974781803417585,0.7172587551679832,0.8528149324697318,0.8653951838360034,0.5962568328929282,0.8932644625934737,0.6724707533134681,0.423753225115721,0.7090100372660264,0.5483629463151083,0.6652405655387992,0.5700252992134818,0.4636974099698929,0.48541876089086455,0.5347697124330182,0.6192260951459818,0.18771913862514977,0.4968731367256438,0.6635024491971121,0.9438952539862087,0.019064492094179798,0.11225349527025803,0.23730829942818696,0.7161431448662658,0.574260371061074,0.26807039761630447,0.5274018742688252,0.7226515277699119,0.9007154076831875,0.7228518278758003
QYLD,0.5652288209238174,0.6513862014417543,0.49178589099214515,0.6597041771411059,0.7081086594655451,0.6745245094030702,0.6328103472035272,0.5958183897392272,0.6280113377988391,0.8122352487034777,0.5507853186719893,0.5878426370241082,0.6156522056472038,0.584409440533462,0.5907058953866494,0.1344475291186844,0.082044110565067,0.055388589862168214,0.7519155844631649,0.6225796238439535,0.705143440872631,0.3622626119047488,0.6526514820252307,0.8513340287065152,0.49041208691791877,0.08600280476133514,0.3346888861003454,0.39940878475779545,0.5618881928802151,0.38156629655409735,0.6937494410834768,0.5522008616415771,0.3398924611883987,0.530564181540289,0.6410931620436162,0.4680333874617894,0.6478729468462603,0.6174610639042704,0.856741253079289,0.6010835418235752,0.5436058762161806,0.5778283674720256,0.3733524203562802,0.5416400436864877,0.40927984160030517,0.42080209348141034,0.6768770272592001,0.4802787502933829,0.5250200367652607,0.5474564426913917,0.6519075096110456,0.5033542114144737,0.4349324087647601,0.5249132514116903,0.4556694962872706,0.7253049775233616,0.6105115890430756,0.6135836588347161,0.6063569160409555,0.5582771949680245,0.6184600873017779,0.4802646108159297,0.29078371311470125,0.3181743089585961,0.16382801003604083,0.48697818020783085,-0.008736162855356881,0.655515012337121,0.8440948442373197,0.7048607377748835,0.12506901613617044,0.45531440343937807,0.4363018552497797,0.6457528116511448,0.6365692810206829,0.4297889648850666,0.41283146120169173,0.2672570596840145,0.8349152126472338,0.7456877636357295,0.9291221352609559,0.5420957262726392,0.8319991927976307,0.8010121233808613,0.4039126246034333,0.6256266605190202,0.30988271653448096,0.7112646636974845,0.4001304877769261,0.47916417482512286,0.2307484358217938,0.34298151824444095,0.8668421646838032,0.31573522827711303,0.6393970552578033,0.41543146126107927,0.6397601093310552,0.5429447832016804,0.4166612664659126,0.5186630915027541,0.535920954285475,0.6221348743444592,0.5992420113279492,0.7457091399396817,0.8664397255167007,0.804538015489565,1.0,0.4206231174853694,0.6740357658258405,0.7710134433166065,0.6692736763953144,0.06994844320524982,0.5923340779275895,0.5082212876866429,0.6129052949786427,0.25277929230214397,0.3409587059771637,0.7724346794956863,0.35605251468531895,0.8647090578568346,0.38186242946929166,0.8590595215204704,0.1063866253550338,0.2155912898776494,0.39471880643730767,0.7758931311993678,0.47393299329341354,0.8465536933848451,0.18481205831135541,0.40575846015673456,0.4508957187153322,0.5599751943074113,0.5471507147347136,0.7281028683463349,0.5951049868226825,0.24348507068423986,0.6663107978857515,-0.04198895880212414,0.5942527140543464,0.04479552071316392,0.7230400488929344,0.606492879412426,0.08195250679575017,0.37571604135179054,0.4445617585601721,0.7112753062262758,0.5691959940050902,0.7801896949744941,0.65554723409068,0.6619783167253105,0.8271890467347611,0.8522648809150584,0.6334340329515089,0.8604278386593786,0.6119866206695208,0.3966383691169993,0.6745902431116654,0.5751026882875458,0.5163201450750462,0.5524452807973934,0.4298225044854428,0.43565262435656416,0.5523463024846393,0.6477362257561922,0.26278737396969293,0.5513911041317678,0.6608672003614231,0.840410334649073,0.15849216848245629,0.21174373086443438,0.32764396687659536,0.7154615615388518,0.5260370930629926,0.31481633493211714,0.4844696401038009,0.6268350331423299,0.7805386262611619,0.9242915469689715
REM,0.676392355357658,0.5105137203684432,0.5366224991236661,0.5376171658952548,0.5134209550094245,0.48237195883401,0.6102710350463827,0.5809538986167647,0.45941053164773477,0.6635908222295249,0.7033045486221853,0.6397685720219384,0.4536584250436882,0.4974248163151307,0.4156681757725085,0.4020393022923282,0.37305624713353963,0.273901408718665,0.5154911817293752,0.3899972790594341,0.6247615820179754,0.7379887445816598,0.5893420324091901,0.5705413987517731,0.492975215672043,0.3747627084963444,0.4869936249143334,0.4466934148766841,0.4315439529374162,0.5290353322876177,0.5565260310556288,0.6102109300113233,0.2996300975683666,0.4110088632627003,0.4360632842321139,0.4565535821097805,0.5969096212191419,0.4595653313451207,0.6049043910631058,0.5999266729861895,0.5607639033728117,0.5462836511170999,0.3853929019638345,0.5637549519245608,0.533127032431865,0.37399460045363675,0.502436924596701,0.5345066363753902,0.5499007857842189,0.5113601495931108,0.39850538776559896,0.575982243763307,0.42747245673774564,0.30755210127277693,0.47298699222271345,0.48381386087014705,0.5535018297233236,0.7494579942198508,0.6148403143901877,0.48444001487099053,0.5965627672916991,0.5922605554200396,0.2452790149401518,0.26089176507279105,0.1375969603718934,0.5236651010529001,0.2799249375212632,0.6191447606930421,0.6133123669139806,0.5624750396815236,0.36485359341238166,0.537093249443337,0.46868842848861936,0.45825792350836664,0.39032582259450466,0.4973379675020982,0.3710262520874682,0.32046372301571097,0.39158708571380096,0.6091236683630662,0.4481282379438525,0.5439177033524214,0.5414896519776747,0.6242346552818736,0.6794353901440945,0.6420782556983361,0.4914559703176298,0.6152845669308329,0.38095115047977557,0.41831510527509047,0.47902127510601916,0.33002067524377554,0.5607243781131492,0.399968427038814,0.6929117249982483,0.3985267055476761,0.5997254454681171,0.5307553465689097,0.6212054666715165,0.6663216262165343,0.47965925773431134,0.6866381359272058,0.5185135406203962,0.6157221426058006,0.4681272123332,0.43103484042629564,0.4206231174853694,1.0,0.7358944829734628,0.6332723360971796,0.7096197125632355,0.3204808009552288,0.6149482629742165,0.771700931060693,0.6791189729629733,0.19629364718610645,0.26616872942320063,0.33804763622313977,0.3105653358201124,0.6004638952536081,0.7507154885751821,0.5983820453117803,0.37313986516367803,0.4701806296164741,0.457433652403632,0.492540919879567,0.3300010604839946,0.4963468259905169,0.17512921388364527,0.305256518559987,0.277043529059115,0.6745542872244755,0.5794870542827633,0.6578557648608123,0.7623813534768656,0.4752436653777339,0.5992449886192172,0.24977686239845162,0.6026949083040969,0.3263908932685168,0.6495771374382039,0.5987325351159364,0.38163886853784,0.7189432652054925,0.636799765699941,0.710986115331491,0.7369769150216086,0.6100661738863654,0.49045840274579006,0.5706759210419444,0.6442472199561783,0.6290449476825456,0.6791129028421018,0.48495572170585904,0.497603114361825,0.5851408494001703,0.5910564436602611,0.6227402432468208,0.44566040759747494,0.46760474951059294,0.5011081455964765,0.6556565112605635,0.6227310667841786,0.5165617763909816,0.3082101854798441,0.6115751172855243,0.5886275084480271,0.39180287928790647,0.3686216140387231,0.41259530364712954,0.447679023818704,0.5892889029996141,0.4578978388552704,0.31329228024232114,0.6402184518688514,0.4570204793627792,0.6031027602584368,0.5150158756200396
RSP,0.735522898930736,0.6752191038508353,0.635237375070809,0.6914812605665243,0.701564640202559,0.6517084101133467,0.7541768961288203,0.7049236328104004,0.5944394257874698,0.9283322965925502,0.8746524784398868,0.7805315277151832,0.6133158585188828,0.6330902343709937,0.5816271928853127,0.2703635491185423,0.2123857708247882,0.15615221200581966,0.7092147338382274,0.6002933294304621,0.9061007781444951,0.7883406545466828,0.8758734620852595,0.8319859333922638,0.5738928396851756,0.21361463540448802,0.4484125081332629,0.4984930586883715,0.5469135257338306,0.5852123071513952,0.7359299759011935,0.720596075935854,0.37836878240593974,0.5481994111455712,0.5754336556451293,0.5525678750751595,0.7515723455019385,0.5830752810182126,0.8730738304386506,0.7306869495258579,0.6845423251274732,0.6789623143280668,0.45288889391808895,0.6673268042408239,0.6199332092732265,0.4756109809751225,0.6694969587374222,0.5925963488582476,0.6705355753778133,0.6260634293047552,0.5487968332110239,0.6875929092644428,0.49818427230765183,0.43622034569557105,0.5289519071718698,0.6805498611451646,0.7005153039186905,0.922717443259974,0.7345859336930463,0.5947267565460934,0.7373735008164609,0.8479874966761957,0.2898161383803097,0.3072151621277671,0.12855735943711094,0.6734642647295339,0.10765729923207082,0.7702304765512393,0.890197538577621,0.7719517537343994,0.23275783476326362,0.6600009691037654,0.5289037349171204,0.6488224063028479,0.58814041842541,0.6641065326526088,0.46265095997303574,0.4479631708146151,0.6271457935346297,0.8944857847584738,0.7019114935324485,0.7222862033536156,0.8343946408817843,0.9170223668902907,0.757097406898592,0.8428285063475999,0.6599051797484154,0.814846127810656,0.4778764665820272,0.5311500664213822,0.3793521714934193,0.38422743808367543,0.820557238306008,0.4886423502824101,0.9176845541621588,0.5643681832476476,0.8557123979863164,0.6348462391651896,0.6257360902265711,0.8717599931476485,0.6207245993127266,0.9381296574785838,0.6602091161784417,0.8669592098478603,0.7098500064327218,0.6849584205900551,0.6740357658258405,0.7358944829734628,1.0,0.8250114715303488,0.8974825648181687,0.1688546718969267,0.7279586496866814,0.7560045379148975,0.7658299263516922,0.21249960360716963,0.3253769090485093,0.5727940385053761,0.3902570852079593,0.870078018296232,0.8606751271166625,0.8626269643819585,0.23736121526674514,0.3650712748940189,0.5164069005886852,0.750382913303884,0.4387627603342786,0.7318961633054648,0.19242689806995406,0.4112882142311844,0.39884157530388226,0.740263028125468,0.8393038485695812,0.8791499346779593,0.9478376633001958,0.3853779980314546,0.752722353001821,0.0628238579115618,0.7335248591946718,0.16852005283802632,0.9375520769606561,0.7575114431685638,0.2033258824226515,0.7560662687871107,0.6601297808622362,0.9740648275891354,0.9666622505120093,0.8800900325152444,0.6480767806989763,0.7136488728442296,0.8794444244999243,0.8917547338517023,0.9538165268326587,0.7148387953740865,0.6187102225226769,0.5351923217186269,0.7406581610454137,0.735404018287012,0.5962745737289914,0.6752394460272401,0.5800658431889321,0.7602035876226155,0.8516935846480892,0.6821651438797421,0.45995925029777046,0.8373407870727348,0.8829953165535678,0.6409202494597384,0.49234213781263814,0.49263742958992235,0.6252127958500175,0.7755994203963098,0.6254060041671394,0.4715180452801678,0.7920975955872064,0.5868075479059619,0.8130852298869857,0.7619193457341985
RYLD,0.6451423474578281,0.6740230312033458,0.6075053404443738,0.6923631397451742,0.7223505187954371,0.6674104447248871,0.6946386382273404,0.6572905752018983,0.584567279084861,0.8611547955362377,0.8057258917100752,0.7133819485124363,0.6063552680523241,0.6307621417230039,0.6131843029635259,0.16622354340170067,0.10516901410940653,0.053054794878295314,0.7046114682947767,0.5830798000843174,0.7752505061063354,0.6321504067199024,0.7365834087968636,0.7820034989153472,0.535935880243184,0.11148291569582415,0.3686172571397872,0.4448425003543226,0.517083134382264,0.48081714066744013,0.6813944359230781,0.6558537395704839,0.3516962015994932,0.5275588791406078,0.5828577346205175,0.519147138330708,0.6910971449094593,0.5721773379817388,0.8142968690991618,0.6729254208709357,0.5950047035565461,0.6195247342006949,0.40259797979591433,0.6233527315108277,0.490506263368319,0.43154099794452166,0.6393384841554061,0.5503708778579444,0.5885161488631314,0.6153597074029808,0.5617525659474281,0.60396454452232,0.4853272466302107,0.4566304998166872,0.48501655485189693,0.6517944813962472,0.6442537356555423,0.8338863366400843,0.6669825791614347,0.5601569964238315,0.6841573008465662,0.6219604356753069,0.2768692712031737,0.3046105210759874,0.13289388818207204,0.6070119988745198,0.0020109291510961706,0.7106283824158173,0.8212683060662349,0.7453907654468865,0.14360093180125108,0.5827112462152796,0.4842781659189988,0.6697179077278811,0.5764861413235094,0.5159222963695851,0.4310559282192597,0.4130639666192481,0.6647225570030727,0.7905690220313007,0.749451296086136,0.6819383601795782,0.8027019123895879,0.8039400450907039,0.6757270666908173,0.7748422355525487,0.5253887643618148,0.7976105439368738,0.4345142360701662,0.489415097002143,0.2744741715609107,0.34599151697951325,0.78238703260348,0.45487572925632014,0.7422812582190078,0.5633806050240394,0.7769935892985778,0.639906898039563,0.5788790570960083,0.6942170578294802,0.585489519342271,0.7942605429339487,0.6452228053511414,0.807631547674865,0.7089094418804317,0.6859910042367409,0.7710134433166065,0.6332723360971796,0.8250114715303488,1.0,0.8484366315431859,0.08099599838691955,0.6546429216657081,0.6733470863522187,0.6939740825692838,0.21426710727461365,0.33338594574061853,0.6120748183887726,0.3668574081224636,0.8154736055157904,0.6406083462185899,0.8069250080056098,0.14208937227112978,0.2598131589149291,0.4688329600645831,0.7141238921118409,0.42518890196487724,0.7130384663112616,0.18918319133315623,0.4147041502414422,0.4548455966226903,0.6484474176653899,0.6303180375444077,0.8444743081597604,0.8299963983734933,0.2876021497193245,0.6999551381439815,-0.039549704690428546,0.6534379065880477,0.06795403088808373,0.7898638021898409,0.6666245456478901,0.10979102589132768,0.5709176019675167,0.5523948306806745,0.8399675934890695,0.7822715003164133,0.811633077056962,0.6362001034849951,0.6656710916817522,0.8215215949314028,0.836588134673959,0.7838002287016418,0.7176649957195165,0.5908122959133711,0.43536098863508077,0.6944294868015576,0.6704033621017144,0.552516876168719,0.6606121670078016,0.5718324023027098,0.6054987923462009,0.6925970273168629,0.6091503147634482,0.4127199877251964,0.7139123795720997,0.7674224871482792,0.6715206615544491,0.2742256170224804,0.32331142615025776,0.44389431566384907,0.7015251253196702,0.6315165571917679,0.45505121306293217,0.6814995011248204,0.5766522085331552,0.7607221279186807,0.8446597092937196
SCHA,0.6946785889277627,0.7274063856066068,0.7412657266554483,0.7824544986265752,0.8005086784741728,0.7273504207382073,0.7327539065735961,0.7023510180453298,0.6563245833483285,0.9173913991425309,0.9285968836113748,0.7467425288086542,0.6363694148877712,0.5911037559065772,0.6921324857252569,0.24175547088347646,0.19524458967600836,0.16026561709723705,0.7698848222846293,0.6130254332612399,0.8209342738137183,0.6895924426827852,0.7513681360833994,0.8095261019953593,0.5558322679588642,0.19937341447129814,0.4428845721638054,0.5098214570922137,0.6032187488944952,0.4857191863784092,0.731801826962121,0.6679238887301655,0.3583264679110641,0.5897520790737978,0.6633712891654071,0.5334086337200228,0.7238439098145277,0.6451737421320642,0.8372135149354182,0.6960794598753798,0.6577839163816263,0.639543126225384,0.43127868995833246,0.6243387258893467,0.5267038329728851,0.437890569005774,0.6953558945112245,0.5524223311148595,0.6217069659149991,0.5810098362335014,0.6218270786708293,0.6024156317326568,0.4885310481810931,0.5426490251881498,0.5301353617201624,0.6804105392338967,0.6710662094584312,0.9699225354108006,0.7263123049882861,0.5949934162182741,0.7197719166099781,0.6315145350389954,0.30889106022341334,0.3386648898797654,0.1518112873919986,0.6338842543691514,0.09058517031761544,0.7315323300915823,0.8444821671691235,0.7388776876342398,0.19811751628426305,0.6534538567216321,0.5980132056308065,0.7880145652284937,0.5755510318579051,0.5147479523821801,0.4494371645148371,0.3765929211980288,0.6941454786114908,0.740072911871302,0.7204033486974684,0.7312705793300178,0.855115529690264,0.8518621744253635,0.7895309483891975,0.835510442144856,0.5140243986036236,0.9163563888472724,0.45528489382081083,0.5732285867901259,0.35358508344858397,0.3631832421838711,0.7910217041293305,0.4242810594327608,0.8042659108724666,0.5787959150265966,0.8892662276186446,0.7670592919143574,0.6132903450912083,0.795011338203329,0.6451705146400973,0.8530139923060122,0.771205944798643,0.8906191742847004,0.7376707182341395,0.7430038227703101,0.6692736763953144,0.7096197125632355,0.8974825648181687,0.8484366315431859,1.0,0.1467165662798499,0.7139054488456444,0.72208053871092,0.7325875089250707,0.24186200239900588,0.3616211705008906,0.657495499631387,0.389238798143334,0.8289425792303229,0.7179997029223374,0.8209567959356435,0.22588265692962844,0.3357428343426929,0.5814929785479188,0.7558394285788178,0.4340073506647503,0.710694175341171,0.20855947222905283,0.4237053607442391,0.4855983876881851,0.7085009377800042,0.6327401153808184,0.9610035859832735,0.9472893313864876,0.35419479009860805,0.7493990157997661,0.05889803812515381,0.6856280210820459,0.14150560577674953,0.8203250818680167,0.6897380778685424,0.19286552045302313,0.6406985897705322,0.6222853576223772,0.9207088476420459,0.8562938075141199,0.8862620321648564,0.699107224498267,0.732094631627818,0.8636306694096322,0.8678863481298289,0.8397765835012087,0.7203550104224217,0.6382205785646038,0.5126606952570786,0.7453398702666253,0.6843828469996802,0.6028770591254135,0.728045744989237,0.6681530928174594,0.7564689008571243,0.759702886857568,0.5973153679395597,0.38627147895081004,0.7312264607130586,0.8463518504656984,0.69782191937245,0.24749068848342928,0.3552633187212381,0.44224867183371785,0.7453381169816865,0.7195363218993981,0.4436901174709139,0.8049856956995115,0.6546782343062691,0.834372035896989,0.6910808719018863
SCHP,0.5217254993605506,0.11668680437415227,0.18731447435832452,0.13779475315435066,0.10893278187767995,0.09429088713917941,0.22796575601771268,0.20656812989627624,0.17130065588897342,0.1084702811385528,0.0982967797808701,0.2078564315104466,0.1608119045629533,0.07442788531957835,0.08124485684351278,0.8424153491482597,0.8895668035883443,0.7125652364408264,0.11968925993569571,0.06612427847089912,0.13571371294452636,0.21397264529362187,0.11911555077590189,0.11773338680980781,0.234561555117668,0.8783550269460926,0.5584522507300256,0.17993015040843122,0.20160764173956808,0.3323101484157222,0.21554153519714703,0.22010510701641092,0.1574441259663757,0.12015620960003007,0.1744224171336107,0.17383023831973063,0.2266948697414203,0.17077629667802843,0.12367206981265623,0.26675629970101206,0.20101998807628527,0.2211914981932934,0.11235396763531269,0.17323746298377687,0.2805942457608792,0.16378298779958916,0.13244305149412525,0.2024765765344224,0.20049595730592515,0.19026588391421284,0.131639984107541,0.23663917209339608,0.18284606433454567,0.15242994135171553,0.27167093850293017,0.09356218502759302,0.1842448516789793,0.15430041806024306,0.2632181791764464,0.17895969606200957,0.22236225683102465,0.15747952267307136,0.2767385092679806,0.27008357133566535,0.26398160528298104,0.14269653401648236,0.8477347008876945,0.2265728646825829,0.12026825038796328,0.04374172602051735,0.6223494521418117,0.19726748807067782,0.22618289951192178,0.11192232555647989,0.080075213125354,0.1679894128014182,0.11664328047017629,-0.002115515726664072,0.07609364829833803,0.13445089918996925,0.07904168499607268,0.06994116223392846,0.09129582794679932,0.1475145425591286,0.05649727295231197,0.10098265812453926,0.02065144320958199,0.14318878525011997,0.057446612517919944,0.12892213118089563,0.8339827618767416,0.08351657282290122,0.10765690275410592,0.03985949731900208,0.18403096104359437,-0.03286475720326344,0.07620847668563971,0.1374646910206674,0.3143294606750318,0.18698719192131807,0.1467897672611536,0.10633349206650701,0.14489558511969833,0.13608681977669682,0.09792526594196473,0.07383344463363661,0.06994844320524982,0.3204808009552288,0.1688546718969267,0.08099599838691955,0.1467165662798499,1.0,0.2557157587183833,0.2777788744578374,0.4469096046155315,0.17104939523054552,0.2353472810047585,0.03940055631976974,0.08667395080414018,0.1209464901312552,0.22505139686956507,0.126834430797429,0.8009442979354319,0.8403305133182496,0.18312670476378112,0.10236577537631945,0.21273836225020656,0.09592226232856489,-0.018947234607304766,0.032436489514045555,0.08258402955766003,0.4859680506562284,0.20093845345729044,0.14991836159707508,0.14327479637898968,0.8029200138376431,0.23218223514577296,0.8717420974713082,0.2296631486657011,0.846366015846056,0.14736248962544593,0.2551853464212303,0.8548592076607209,0.3310937335530105,0.3445442511739936,0.1567401410438177,0.16806666172925114,0.12426112083555314,0.20610989865517798,0.21928330307910313,0.168567544239659,0.12607592640343293,0.14191429791528348,0.0923123920207781,0.1656475422531545,0.7119338401656236,0.22199358481442724,0.2291614979341956,0.10568563423763994,0.09563112763662354,0.16938477025595228,0.2580689237448235,0.1592953276923366,0.12593163370989865,-0.030169933580261727,0.041358776268405326,0.07836786741597897,0.06239471674825277,0.1705636703391629,0.2499060786787406,0.16430523445310088,0.15559325237697746,0.09817140695457358,-0.04707187650770379,0.1349735829617612,0.16850679329703827,0.17463259062342448,0.062288829888910734
SCZ,0.6814882697427973,0.5870052901882953,0.5584704130768907,0.5991502747618562,0.646669942291603,0.5711785583541582,0.9639190760947175,0.9595467794023425,0.7648471727279692,0.734807170994774,0.6375981428122883,0.781811875288281,0.8355122694436201,0.5427096284629205,0.551402604866641,0.3262032369159358,0.3216835455445043,0.28381606519675884,0.7577832028447563,0.4851569547792093,0.6817362778844441,0.5723426766454107,0.6608896580651351,0.6968853001079858,0.7124020576288128,0.32334140121188676,0.7022461880078028,0.6216168207583632,0.7423206049344694,0.8217230870139056,0.9104949941690327,0.9241086458968951,0.46357792315395574,0.5800272220006396,0.7373055768060012,0.6908677822466849,0.947055484714073,0.7526971276955092,0.7123574058739699,0.8395382304708167,0.8580901026378015,0.8601815962035533,0.5572005689777498,0.8334780397862855,0.7620015267325598,0.556741428950821,0.7994198204977037,0.7894257873910374,0.8377981652039511,0.7198294079950394,0.6709558133435164,0.8370683993134482,0.6056791681716105,0.5930298102372483,0.7138320860879318,0.5536115776378844,0.8632048293128636,0.7071688688175675,0.9756947054236372,0.7467128560657252,0.9341703439483422,0.5616397071785327,0.50805076237351,0.5289403637563171,0.37233868683757027,0.7005708878579023,0.22512383967578647,0.9426795239251596,0.7106388021543762,0.8047392264436234,0.32471662648585,0.5426600655258413,0.634142491191395,0.6221514787765455,0.45585800346098854,0.4717124453448545,0.5475518349486298,0.29948445221076037,0.6210017036598144,0.6532267350061389,0.629284820005558,0.5899203326239086,0.6956889860792121,0.7117210956186879,0.5139134558742751,0.6347007857488131,0.3980189574061044,0.7236137678575114,0.4563587237461681,0.6092965178442648,0.4323215515551836,0.510969445563229,0.6856222593722745,0.303658793159579,0.6731277123564507,0.4109692531424763,0.6678191789905084,0.6089988673038063,0.5769270090733569,0.6255934601210641,0.7524836194156095,0.6606519185024662,0.6212715832958862,0.7225306590260395,0.6374404293356922,0.6068961164129921,0.5923340779275895,0.6149482629742165,0.7279586496866814,0.6546429216657081,0.7139054488456444,0.2557157587183833,1.0,0.7751076002892608,0.6938328910033521,0.40813243169213925,0.5214958312590996,0.562343279467511,0.4632680160197949,0.7069550785602174,0.5839859116989691,0.7069919981420952,0.365897669367609,0.4207532077157028,0.5551313939202758,0.6356310969607755,0.5631485126493866,0.6285020199682575,0.22381741702951496,0.4257442674172417,0.5178010112914342,0.6866960786691131,0.5753453441281371,0.7177278226536585,0.6947079054367333,0.4095368655101988,0.9484170627694266,0.2176476631567147,0.91574238076635,0.2424316066833822,0.6950005827718775,0.9057850697505482,0.3233283053246804,0.5732125063766839,0.8594256945440435,0.7396801353210931,0.6931021857549389,0.7039866080536584,0.870352429994185,0.9196734617516368,0.8461280606567265,0.72518165994842,0.6904638683453654,0.6305365772710368,0.7762843430569443,0.5986044532935287,0.9336239794228719,0.9194848151539842,0.4242419189656112,0.5967947020716999,0.5180965313286903,0.5963383786584965,0.6956043322000293,0.5512329974933643,0.2430013144527267,0.576668149388101,0.6803479535738454,0.584043724431029,0.3031664675396373,0.35701486204054167,0.4137650246554792,0.6308972270022666,0.6266347440997267,0.24216801730566867,0.5639883621381306,0.7541166264099721,0.7911091185569014,0.6217823161885526
SDIV,0.6782593202130809,0.533160410985373,0.5316349689068594,0.5567756336806298,0.5656177770992318,0.5156533974311479,0.7960749043805714,0.7830261660289778,0.6887307099688141,0.714746849935339,0.7245099367958403,0.7702164494403119,0.5767038382471305,0.5387186403580481,0.48448952297891656,0.3259548260344107,0.3009123566937149,0.20213099371237542,0.5884727923913178,0.41450624156777455,0.6636174158126642,0.754927128929808,0.6735731925887393,0.6260361569175877,0.809847466667296,0.3023484044708233,0.619260013046881,0.5978363822077524,0.6347791385635354,0.6822538251734054,0.7028987258897529,0.7939197865443155,0.4361809676729902,0.4807566490530655,0.5995893733248614,0.6094806377689165,0.769014596280072,0.676314205614895,0.6551424028417482,0.7855496164946029,0.6954163352757555,0.6790837250898697,0.6289798728379014,0.7087855232172654,0.6402864265135537,0.51738510365137,0.6442838534643824,0.6667753646248705,0.7026617361149754,0.6623690828321942,0.5373401965735535,0.7602309955811357,0.5866035526760183,0.4613333236882097,0.6611076630053903,0.49577185044048955,0.7106660642084834,0.7529738223954341,0.7863930800899751,0.7759107198742795,0.7900229974448936,0.5865470384993628,0.41973913914050676,0.43851713396336744,0.2882640477530932,0.7800968342770114,0.20080659753671087,0.7846492196129458,0.6591988648118429,0.6784388949135365,0.2793203056822087,0.5432687870701018,0.5860725013721355,0.5325848334733708,0.39867482547618704,0.4713592542523038,0.4203611248564371,0.5053453177990048,0.4836811790945836,0.6476038964635967,0.5248021493384069,0.5630790253596147,0.5993831576347164,0.6611869803446846,0.6048677582071008,0.6425474095481701,0.44155797738371527,0.6716612704140305,0.4571944847468249,0.6038624708662959,0.4232261072150425,0.5859852448091019,0.6162508582319481,0.4647163454975471,0.70151796170939,0.5502735784049805,0.6257870220717958,0.5973858012789788,0.5805026414642181,0.6403995246109828,0.7305734343606419,0.7048560439557122,0.5910392607519179,0.6793685538691451,0.5278769519944564,0.5022673725687199,0.5082212876866429,0.771700931060693,0.7560045379148975,0.6733470863522187,0.72208053871092,0.2777788744578374,0.7751076002892608,1.0,0.6827757622162228,0.3608388762230496,0.44804627092762705,0.4339338865389321,0.3534194291450928,0.6517306163854801,0.7312364729549717,0.6439729831319843,0.3336130116131401,0.41248797157623585,0.5453976828492964,0.5658718575718049,0.5068919699994456,0.5372346386229973,0.18365200076243227,0.3379767994962085,0.42949137822876343,0.6743013692780687,0.5918463780403762,0.6859159668179441,0.756190048490886,0.415068331045294,0.77168045233677,0.17990142488156824,0.7651191692441466,0.23953888735046133,0.6793768214557274,0.7394105854333531,0.30063382074151107,0.6660683676937639,0.7750041959979518,0.7383260637712198,0.7533473428166,0.6442595994285174,0.6575916151172949,0.7500847037581593,0.7537794901840678,0.677361767469499,0.7193368838561937,0.5329059967790071,0.7343929073701329,0.5718987994843432,0.788752280024493,0.8349595341443791,0.43397947508077445,0.5119123136405311,0.49902085448909195,0.5901781820182229,0.7109184163692048,0.5200646369727775,0.4492203658030483,0.5985764198232766,0.6241473123049397,0.4677363476383207,0.3708984448974453,0.42491533978282064,0.43770168112156443,0.5926478947911642,0.6275112097477757,0.4506336903784943,0.6132695291077677,0.6619540874727173,0.6951334046087387,0.5879019193038186
SHYG,0.9452773900217742,0.6362656568898011,0.5691872342283416,0.6464813721826396,0.6383865036043677,0.6214797001072414,0.7008111632611934,0.6525548554018862,0.5706914319103776,0.7699512724188569,0.6703376841119848,0.6647548095296192,0.5888998072182139,0.6644020206451959,0.542182111929726,0.5426599738084712,0.5172503621928015,0.3805675522561285,0.6763216143172189,0.525576452328874,0.7068209481975101,0.5997420040761152,0.6611876956231265,0.7305501624513416,0.5562141518391576,0.5159813042643703,0.6169465488022376,0.4707596944145099,0.5282560138847735,0.5739757619887254,0.697610802527838,0.667628371061354,0.36944554569221283,0.4913607281383964,0.5558760929356589,0.5412435086624466,0.7072534619263638,0.5619857125548643,0.758373121685273,0.6940090169352418,0.6334960543195401,0.6560119369035352,0.38738670734214303,0.6436107092804539,0.5760898027447571,0.4316204704160965,0.6405508511273194,0.5902407046697091,0.6353075476245683,0.610399692680634,0.5226353460854869,0.6150684774445315,0.4647662700154942,0.42969464726345374,0.526055727963123,0.6365399814050732,0.6699959788224104,0.7264715528098368,0.6948158955950363,0.5497848248568062,0.6829224363826716,0.6099883385164282,0.2934879416866051,0.31705871981548917,0.18667328368821703,0.5341796806000785,0.38130993142778097,0.7256838069941807,0.7587830555357099,0.6610528975268932,0.4547543661851897,0.5632167176631855,0.5107148048535914,0.5816552379114839,0.5442382273591859,0.5430030042225421,0.43782166176239184,0.31492194825422637,0.6026506811264345,0.7001612489297108,0.6471467706439774,0.5914219962286241,0.7046661219837387,0.752242466428269,0.5731144753666807,0.6848378897117705,0.4432561611325499,0.7066879269303399,0.3957429754510127,0.4612025952437532,0.6688000169766996,0.35636903179895557,0.7310600020587918,0.3829516313777059,0.7389193725521205,0.4111317348287649,0.650203429953029,0.565979479145861,0.7145306107831251,0.6548946812411061,0.5336413583128774,0.7113816189008766,0.5849798142213259,0.7326540474041441,0.6683378537965188,0.6246456163006965,0.6129052949786427,0.6791189729629733,0.7658299263516922,0.6939740825692838,0.7325875089250707,0.4469096046155315,0.6938328910033521,0.6827757622162228,1.0,0.21697400829991634,0.311628982978887,0.5314423649244246,0.3691818351983654,0.7591238663328125,0.6310066569049825,0.7518478718660753,0.5494632519653618,0.6561675979771934,0.4693263235431468,0.6417926655888749,0.45717576613593197,0.6869755280634472,0.15855495684694745,0.37331783710958055,0.38508232763366035,0.9772079623551051,0.6160159222096327,0.7442868278798289,0.7258169470392607,0.6543998198820079,0.7086808967447715,0.37124069305706636,0.690051409542001,0.439807155389503,0.7324655871545126,0.6954297344428358,0.4998526624443539,0.6213347245853665,0.6279189579294158,0.7676169519835554,0.7159856669033912,0.738427003132473,0.6244177989623546,0.6789511948596914,0.7800756051752183,0.7709234997851541,0.6990588739349145,0.686686968989501,0.5848632626338159,0.7774908828640427,0.6990675266460021,0.6772608181098206,0.5294251516519997,0.5606801482030134,0.5353673718151002,0.6074764782932154,0.6186463284639272,0.6272667337593539,0.3044603122484794,0.6264575076309501,0.6673098644175102,0.6006497593430642,0.31573668947750766,0.3830336205318692,0.44549449014717735,0.6957684330789139,0.49731448552057267,0.32444307318178744,0.6191909156882281,0.5682417133220615,0.7431769075202219,0.6690048657718903
SLV,0.23533051629803914,0.2519022869732339,0.2442127274974933,0.2633200804760407,0.29610497317780665,0.25727691634306427,0.4497961918808869,0.48979487719030207,0.45502955071603396,0.2522689803465695,0.16379985785537685,0.44524966107354924,0.3350665859716217,0.11131969777458033,0.27693876072273516,0.12762488836892139,0.1656245406620113,0.18613124133932718,0.3130532477668821,0.16841093799849083,0.2256454699980283,0.132846575005817,0.22899988416138073,0.2557092167425238,0.45252959570419343,0.16098640311098175,0.4155681153594424,0.370081664730204,0.44617376381653745,0.3232991391491709,0.3952075421467768,0.3902357821633008,0.2456076089091864,0.207335574169966,0.43295070201362473,0.3383509671603156,0.4051909240722934,0.43863860318022946,0.25887162390750124,0.4107047292057709,0.3635630774059935,0.35352137938014777,0.33961569932312136,0.34216611895170973,0.30537746105407954,0.3106249740422489,0.3475696698301005,0.3276995300222485,0.3329243135851451,0.3251686635531454,0.35420628645276636,0.3950572158643042,0.3489106260082678,0.3820714523067751,0.6045807276777193,0.2015354231864955,0.3658329996397309,0.2097571969763043,0.4300459082743803,0.465794075416678,0.433422210401718,0.10031693407915067,0.7678506457738548,0.7769536751971867,0.7817367773704619,0.5217975704917714,0.12867365907980538,0.3975088552240405,0.24710413710705947,0.2735181974021835,0.11680009712429323,0.22674063184898602,0.33736842281919527,0.33198333806515234,0.1792434445865646,0.12548872773703967,0.20575236790348622,0.14788472034950753,0.2959826652397754,0.1823214084508367,0.26630580501041856,0.15370416692730673,0.2722972138152796,0.24010079561723927,0.0507541435654958,0.18035100704806137,-0.027487955150977503,0.31810806799954916,0.20363352056303552,0.38751973567995573,0.1683206868764707,0.3126887311708154,0.257668131249191,0.07026575121333642,0.20369337235276666,0.1975621157150231,0.2039636603593607,0.309488818380842,0.1656096678132137,0.13991392098564057,0.5961647881060077,0.1415920641974638,0.2890865350335767,0.2898448369457341,0.2669364601363117,0.2736269307526231,0.25277929230214397,0.19629364718610645,0.21249960360716963,0.21426710727461365,0.24186200239900588,0.17104939523054552,0.40813243169213925,0.3608388762230496,0.21697400829991634,1.0,0.7925816232323649,0.26860323645656226,0.17201604699984666,0.2570421793307352,0.13199996586183935,0.25569192976925775,0.19513523627859194,0.16744674843451937,0.2631912413553268,0.2645634131594925,0.37190701488206546,0.22790918302840585,0.12739536088319886,0.19670812066842122,0.43418605304242136,0.2151711881318061,0.16004187569205972,0.2809142238852346,0.1874135720838827,0.14336862772250333,0.43591884359840155,0.16220304362398316,0.38336830473421635,0.1049432027745984,0.21738909737237108,0.35947855573963383,0.17526054578713432,0.15639038150921536,0.3654805302308757,0.24732087795491725,0.20172014671385383,0.26023310186616416,0.4191646624451161,0.44709023737451525,0.3539075668442147,0.26134382978342546,0.2137079777373105,0.24850119421945152,0.4387929678798524,0.22012774020800338,0.4563019155137413,0.4268218850686051,0.10148427524359341,0.25511104039863636,0.21507234833148092,0.15007978367338384,0.34796085067059107,0.1622364588293789,0.09189793501803856,0.09524101627474917,0.20066973992774986,0.27285337720086067,0.04724563481630195,0.17233171381430926,0.1170655252315737,0.1786464299121809,0.53109386783984,0.08465919608495678,0.1334794367205542,0.4307419764692621,0.32827186708628053,0.2105719461804816
SLVP,0.33549372102072744,0.32528877100940395,0.34935339331716786,0.34720895702491256,0.38628704204418585,0.32824514729116716,0.5626044842219878,0.6048272277760084,0.5372920872623643,0.351216682322086,0.26639914655766767,0.5669650239443768,0.4245030411711501,0.2033560587920989,0.3582998288306118,0.19289029959002582,0.23050855641080206,0.24189931217653685,0.40064082372988347,0.2372577996069474,0.3219929142601494,0.24393544992920602,0.33618110242659865,0.3479902473516018,0.5026121685117291,0.22758027138422066,0.5198761667025003,0.4658830351829264,0.5216361492276589,0.42786167331159086,0.5007299524870353,0.4876418312486853,0.29615379955468624,0.2679004091929308,0.5137161493063387,0.42413455001706546,0.5091079238052667,0.5185236718058293,0.35140071334380624,0.5177471284713872,0.4626229142562414,0.4573684640926695,0.38545947317267265,0.43051015951831506,0.4070675438897406,0.37943093987489795,0.42796871470089126,0.42820979441818213,0.41981190918142586,0.4301933039384761,0.4230792160222557,0.47827013072143965,0.4670206800967127,0.43900724120266293,0.6780740441705883,0.26327905369127585,0.4518146639934943,0.3250726313998989,0.5500199652820319,0.5278320719219471,0.528326996857796,0.18898762369577526,0.9346356396711105,0.9546001701436745,0.7651607726459778,0.5940655169089505,0.1802431989205893,0.5063344138617497,0.3405425172460676,0.35801545334438506,0.18836999536580898,0.3174046027583854,0.4343767953827648,0.42471927642266516,0.2356380294749441,0.21961593900567125,0.283635668819794,0.14877978214824605,0.3661124745937317,0.2861094097690668,0.34859179417074404,0.25370437396667583,0.37514041225641315,0.3308901004591075,0.11731318914143454,0.2667754687370293,0.04695181342709859,0.43061344133990603,0.23896766031320835,0.43364816748303703,0.24564402584140585,0.3501324330674004,0.34007889727200014,0.11380727909986327,0.2884300076355596,0.23180166245568506,0.3251622859108486,0.4032915391982262,0.2468906075719424,0.25964919982016454,0.6531478149758475,0.246422112403669,0.38268295134738,0.40289155145968825,0.3375421565339732,0.33200588431060296,0.3409587059771637,0.26616872942320063,0.3253769090485093,0.33338594574061853,0.3616211705008906,0.2353472810047585,0.5214958312590996,0.44804627092762705,0.311628982978887,0.7925816232323649,1.0,0.33538033791389904,0.2641312568241319,0.34726136146496234,0.2272387455288787,0.349937737699843,0.2557584316807162,0.24043366821633222,0.34762913362363845,0.3566375296342378,0.44637772746485593,0.29542521044836256,0.13485698314814573,0.24069509832972832,0.5365307793214857,0.31460540819461247,0.26547229958667035,0.3983226708194489,0.30297740833156805,0.21953277487143333,0.5450780282757907,0.21579278970022836,0.48469416363976786,0.160361336635949,0.3213228373171071,0.47984193698034894,0.23857672968660054,0.2530329970885575,0.4729651859502052,0.35922367269809036,0.31223308325042864,0.3648185619905953,0.5120451147273556,0.5434970755168269,0.4581489846816307,0.3587114763197173,0.32457292534538135,0.3150926154338698,0.5209685933975051,0.32562905287019484,0.559304425887244,0.5238467603100186,0.16907810312654484,0.36687687127838126,0.31291456605244916,0.2560533789914507,0.46372128170768817,0.21846774815538617,0.09565379764752878,0.17792330020556266,0.3177048128910339,0.3418988744350983,0.09807483656018032,0.26726970395590927,0.1866922518493534,0.2532861339924296,0.6677099127458844,0.10299827429611143,0.23143318092694648,0.5099944638598806,0.42941885194980967,0.3094468246397559
SMH,0.49692773393020956,0.5912471740480557,0.4805327210889863,0.6252211406620749,0.7447192513636374,0.641649920591867,0.6030059435452683,0.5605489168368929,0.7209378114962415,0.7526295724000057,0.5084681805044012,0.5104112266491875,0.6000145300869969,0.4565868710239051,0.6025382962066528,0.11695771324822787,0.07810045673906245,0.08233304969314312,0.8064933552649539,0.5856489626013581,0.5568842001254766,0.22259535293212823,0.46974236023890464,0.8216796090509675,0.47420136789844136,0.08321220960376086,0.3530548371302446,0.4058975287384473,0.6243381866524305,0.2838141806302411,0.7035347605545441,0.4832061448019631,0.2814799892306968,0.5423861263659687,0.7508632627358636,0.43682843908001723,0.6226485105374561,0.708116847124207,0.7939978090168848,0.5452200049209105,0.5339565302256342,0.541868752246339,0.3724471707470893,0.4797429725678673,0.34048630320691664,0.36959486335348213,0.7800083447566486,0.41012556121223354,0.4931041470333142,0.47409167743286834,0.7789046885079824,0.41614217588010277,0.41745344093173303,0.6557637302794855,0.4696533187074204,0.6318293135678695,0.616615386950338,0.5769803205936053,0.5844534238368685,0.5885166667471861,0.5964277271234945,0.2700754583456489,0.2846435032202521,0.3117558623141601,0.17149729409470152,0.4401806739892254,-0.007323132431628366,0.5985865148603908,0.76864781144899,0.6549834355840278,0.10827862293657185,0.3842122284530999,0.512436824859988,0.7211555150361506,0.5584232392229919,0.27633514543815174,0.38151700137375216,0.1728980814230618,0.934708298724002,0.5155154448610267,0.8486935652881521,0.48168797804594315,0.8416059496667244,0.7377359372296348,0.33718386084831736,0.5263485631670961,0.10077109086739096,0.7251383229294991,0.3397732153907423,0.5111097929660167,0.20936532057410986,0.3555561175159522,0.8034036695897605,0.2205680887839372,0.5371513533567344,0.3678932136952518,0.6567502544309045,0.6019579505771606,0.3821788564604251,0.44690405916785164,0.5630184642172132,0.4935105725110188,0.6875201147999976,0.7522089302193595,0.8900119775206731,0.9163371483557905,0.7724346794956863,0.33804763622313977,0.5727940385053761,0.6120748183887726,0.657495499631387,0.03940055631976974,0.562343279467511,0.4339338865389321,0.5314423649244246,0.26860323645656226,0.33538033791389904,1.0,0.3284925909695269,0.790514093306636,0.23044531899032963,0.7887951961857232,0.09803791788320876,0.1907223312377547,0.4563157574894054,0.867333341179369,0.4185992941220316,0.7908798371150588,0.19462568099390085,0.34919929060908855,0.5166566271477148,0.5049221250379965,0.3388167157582562,0.7242728128521243,0.5332419355637001,0.21065220235797166,0.658208057645606,-0.023731771969606807,0.5625618343701635,0.03621859331167833,0.6078232683575262,0.5337642148880978,0.08035434055560545,0.2353403627724107,0.3925331184853198,0.6402937954588517,0.453116910623238,0.7538473415002767,0.6867390855455449,0.6964482986302418,0.7909682196731669,0.785505650084253,0.5175157309008019,0.8242973181334468,0.658812218245339,0.3644754281148845,0.6831530179464518,0.514701255782788,0.4178340280001058,0.5307297710636816,0.3950913658484923,0.44106262517214123,0.4736884592889695,0.48337049347910604,0.15812733814297003,0.36784270714591855,0.6208738513883023,0.9250740377534861,-0.05962404736137174,0.10424714725951059,0.15444501058386645,0.6012009955132982,0.5584876822108239,0.22542331379270603,0.4214028474029361,0.7214873118980064,0.8197704105565724,0.6665340529155558
SMIN,0.3658394839498866,0.3297724898235772,0.2791428135413384,0.32876417651332557,0.35328442322664916,0.31977613773480135,0.45599219625340537,0.44554245424443367,0.4929304579655301,0.42659976640462116,0.3340059446119322,0.3929288782403493,0.41673253683036016,0.33127673358707765,0.3036070096153949,0.12325481176528602,0.12401346310094258,0.14440145917963562,0.4013000722954754,0.2866942138899364,0.40680084050716536,0.26642654635175683,0.3762700850571647,0.4209271256065109,0.3932771415919714,0.1217610711140881,0.35899709637990923,0.32738763853187447,0.4858302781008281,0.35291157280955876,0.449853344316519,0.4324623980213828,0.2631148247555007,0.30678445804543486,0.5077436713318129,0.3596514060404917,0.4583399295085803,0.4441827861784332,0.4296440118993673,0.41640239113379857,0.4091363306481066,0.41567681354331887,0.2089529866250261,0.40119130725632624,0.3523414221202925,0.3678352525834686,0.4013930760927305,0.4090039365808625,0.37963798479362887,0.3848843014112432,0.3814847000141284,0.38968557076841476,0.2737252508534535,0.3276965672370323,0.37167989782513017,0.3452476751350097,0.41597941933770627,0.379235149676231,0.4603368642067213,0.40498940124601945,0.44210666728827536,0.3180199542287753,0.2502708577743894,0.26321482033339993,0.1440473504277976,0.3009341616936898,0.07886205094607103,0.4575328908009059,0.427435482267512,0.42648511358804675,0.12200581544434132,0.3341939623806384,0.35818512376861916,0.350382198158058,0.28751575510013705,0.28822365596973004,0.8581827592776282,0.08169246331300685,0.38265205492264326,0.3778337617494616,0.37912551276072753,0.3625835454560533,0.41428139970116623,0.41567167551204826,0.278358436149943,0.3559107865957658,0.24164892453932088,0.3880760089416288,0.2889994432710931,0.22199705286625374,0.18779997532853754,0.1840773473486683,0.4231669668480638,0.12132938025017936,0.36119683562169713,0.19327140728180164,0.3531534209476421,0.3123218930609526,0.2758955730292916,0.3242269920641824,0.38992915072367584,0.37347819287300404,0.3289851087126097,0.4057468077477679,0.38815551200005866,0.3552534407543395,0.35605251468531895,0.3105653358201124,0.3902570852079593,0.3668574081224636,0.389238798143334,0.08667395080414018,0.4632680160197949,0.3534194291450928,0.3691818351983654,0.17201604699984666,0.2641312568241319,0.3284925909695269,1.0,0.4271891026035975,0.2813486651883923,0.4296728163652429,0.17621892032979536,0.18253644301428745,0.2823926064564122,0.3974845064337308,0.3531201103805862,0.3907611939896319,0.1419037617194101,0.3603743055671286,0.3117321874217194,0.3569864476211954,0.33462335766714574,0.39872780829019355,0.36727871370935256,0.17598676895550575,0.4670487010713748,0.07394920760137466,0.43623720063803684,0.0725501726790138,0.4073274658424346,0.4549549396769111,0.11792221706912774,0.28448960650120025,0.42905282267455586,0.4018922129879285,0.35360516968909367,0.405658224373461,0.444060472066353,0.48922704957618146,0.4769011749477963,0.43244938089730606,0.37921697255483944,0.3976072223065685,0.4988164857839336,0.2922587080414423,0.4902828438882797,0.4456852855730536,0.23256982872422075,0.31855850798426805,0.3238442872825339,0.30157894826650417,0.33848171918610254,0.32678845374780857,0.07331276663252881,0.33862225264438617,0.3758177502413487,0.36160848685219693,0.13723922584446002,0.18022563600948163,0.261801074450359,0.36614107088655196,0.3127247170248337,0.06045077854107743,0.33146205627825504,0.47520161695572827,0.42125446768788866,0.3751380326285138
SPY,0.7092615320732681,0.7635213781542836,0.6064046616668287,0.769401302187465,0.8094536730436896,0.7728808682383908,0.74317816834947,0.6907058700662982,0.6837756130237731,0.970322378334049,0.7328338646636148,0.7340363046346775,0.6718226788617871,0.6495810693035035,0.6757598300236386,0.21608197712540417,0.15973045317878928,0.12405301087686875,0.8391439636438377,0.7073847040813999,0.8832977222406602,0.5520272513612707,0.8226379106940408,0.9782432192984202,0.5684916603157397,0.15963618320563985,0.4360422503404625,0.4832781816810105,0.6146382483909348,0.48791735035896694,0.7859302456992504,0.6673302571746204,0.3935424743596515,0.6166003079272713,0.6870919013341117,0.5526425154546835,0.7556210254950462,0.6705905618092356,0.9967758881641282,0.717163535697768,0.661128771487374,0.6817633822990423,0.43771654428235013,0.6480555038921747,0.5360636629975193,0.4865269927241723,0.7510725409985534,0.5657541202877205,0.6387501988120928,0.6322202485512151,0.6879980370330139,0.6128778851769762,0.48920329343718577,0.5479345814328548,0.5310830282625433,0.8337034131916612,0.7167625938108131,0.7987833195556279,0.7182866641840752,0.6276387394193392,0.7229240189193289,0.6830039805755571,0.2997095031877848,0.32548168173333,0.1438057754651255,0.5887613883493857,0.048045606603155745,0.766202614110665,0.993021976481917,0.8019070719463784,0.1881438706327891,0.5917065003490931,0.5273417621525903,0.732403590823287,0.73319378057685,0.5727704478702889,0.4950640847535742,0.3437598585178892,0.8772719199478353,0.8481098679953982,0.9261087849095272,0.6576168917581146,0.9415729663602667,0.9541262728594069,0.5998414162713445,0.7935039482453954,0.47555941353612186,0.8404913052844748,0.4767062223768336,0.5324883842798609,0.33434411451301577,0.38978557139750075,0.9933234018474376,0.4050114293367441,0.8265929203295777,0.4939871676422878,0.7930305515606009,0.6352204250844021,0.5650707056990913,0.7086296607479121,0.6210210106900311,0.8132092426943532,0.6873456683079475,0.8802927007544844,0.9410227675114041,0.8634643054112392,0.8647090578568346,0.6004638952536081,0.870078018296232,0.8154736055157904,0.8289425792303229,0.1209464901312552,0.7069550785602174,0.6517306163854801,0.7591238663328125,0.2570421793307352,0.34726136146496234,0.790514093306636,0.4271891026035975,1.0,0.5962253892066418,0.9949746091197573,0.19293412241141386,0.3177004380628229,0.48601509841949625,0.8775487253334107,0.48427474778449214,0.9542608865553452,0.21865191377944138,0.4543769532618096,0.5029333268790382,0.7185675360413835,0.7255155634742538,0.8707010423174605,0.7924281946873488,0.34199412297409054,0.768899082474416,0.010987726864736315,0.7112180307989536,0.10835689256927418,0.9065770186909846,0.7333815881654022,0.15345595121349925,0.5504044328292508,0.5747072151266094,0.8908717891730069,0.7737372996229458,0.9142507732868211,0.7145415319409574,0.7563109439610584,0.961207618871455,0.9953822977084942,0.8231079586372076,0.9531040420026832,0.6820319435565197,0.5199468992323037,0.7708715107831294,0.6923353052984852,0.6264274079942468,0.6745759492082591,0.5461443848045896,0.601677487915742,0.7071684335891701,0.7769285709579347,0.34375458917904683,0.7365756752636593,0.8185073575134595,0.888495507376933,0.2960525651879203,0.33776289665379955,0.48321662850919367,0.8494425618189589,0.6149871552394196,0.38092185092847286,0.6588606142686206,0.6810481205115781,0.8942804741286455,0.8769920888563375
SPYD,0.6234769624436396,0.4438366385390133,0.4636319169011606,0.4582175945256626,0.42994116455406495,0.4078192152700041,0.5941830555396813,0.5663021349106468,0.37457934338710147,0.6909175393701394,0.7794014920275322,0.6658383255172123,0.4165897847693518,0.4960830553294152,0.3673664290606611,0.29281568749776055,0.24512810511776648,0.16358755055408297,0.41205719896943754,0.33573162826271047,0.7170944835706218,0.8996347134727629,0.7365227913832757,0.5470549654593825,0.4792941217166734,0.24735483100098937,0.3797214240087876,0.39479128409122893,0.34979152413685183,0.5620566228791742,0.4988809404643543,0.6221207064843262,0.3187351394538994,0.3722720689947561,0.3332210763239797,0.43781529145609765,0.5711355500753401,0.36518130664809595,0.5978746496534534,0.5991792312911522,0.5329492233368452,0.5130526509338489,0.36805830004118517,0.5419211055018255,0.5504831750776784,0.3756876058618383,0.41667978074553413,0.5106208956754394,0.5321305947983446,0.4961490100880626,0.29236204445614844,0.6056138325936307,0.39472560768305087,0.21297535900724376,0.41450770816655846,0.40308754578286193,0.5125978823241834,0.7950321617686206,0.5834006010609146,0.4421631598494144,0.586170027010305,0.7834891440390068,0.21105469007052977,0.21644441937602008,0.07535006474922862,0.6105507311170724,0.16350913858844401,0.6012765753836251,0.6211030097584288,0.5604819424480001,0.2462644268337008,0.5431051855896031,0.41753303913108125,0.38456275212178653,0.3148869998172091,0.56044283300984,0.3401164676588573,0.48572616534114066,0.2801225711687683,0.7374645055017731,0.3739648982920214,0.5562424120910155,0.5252651405069737,0.6595619555388442,0.7524046350028593,0.682838657073172,0.6547287688933042,0.5725723886699722,0.40238829489987665,0.38614809994375277,0.3696166022692433,0.2954507353588626,0.5314344997286482,0.506044868227731,0.7699995385830872,0.49343309972141514,0.6425064048094351,0.47001353328701284,0.5811648115090211,0.7411605766294339,0.4710462902552353,0.8040576219660585,0.4628618763080481,0.5992546941588098,0.37781913605748924,0.33696605027636034,0.38186242946929166,0.7507154885751821,0.8606751271166625,0.6406083462185899,0.7179997029223374,0.22505139686956507,0.5839859116989691,0.7312364729549717,0.6310066569049825,0.13199996586183935,0.2272387455288787,0.23044531899032963,0.2813486651883923,0.5962253892066418,1.0,0.5876721444045446,0.25288148396905713,0.36013324494220733,0.4237377363568715,0.45770060949029917,0.31351563723904374,0.4255423572003548,0.1390611235326617,0.27686078876383696,0.18697615960164485,0.6250289087987412,0.7592959102270329,0.633338498380414,0.8437595959574407,0.3732635078642077,0.5622410743329096,0.12050476278271256,0.5816531693392559,0.21579579320882214,0.7547053258536371,0.6063576756403009,0.23378268955047227,0.8524806511575949,0.631625007580785,0.7933673618054614,0.9133057365789917,0.5956338464198236,0.43131257378148274,0.503955921635336,0.6228550363093625,0.6248596981757213,0.8502353475572055,0.38883963212815714,0.4268119091857592,0.46652167686478413,0.5423586568840191,0.6280300173939277,0.4058620078319376,0.4558663594886166,0.4630307411103797,0.6516765793246548,0.7498344867419966,0.515636739620363,0.49499865655396785,0.7365906979561132,0.6662474271438371,0.290218297186836,0.6170010349758562,0.6168873307169956,0.5948880682237323,0.5566601893062607,0.45580115700644264,0.4722202558236823,0.6993010683338164,0.3615694520254386,0.541886333877587,0.5296217216747923
SPYX,0.7040166443928204,0.768471481673261,0.6087633864439235,0.7724146303448487,0.8088752179398363,0.7780252695493672,0.7387488393532973,0.6846533928350164,0.6772700583675573,0.9627118857963773,0.7207566659159788,0.7300606978049691,0.6662207941010647,0.6402547327736527,0.6787153395704446,0.2186967710901705,0.16646905693773575,0.1374808812169213,0.8370542465588675,0.709424815579196,0.8784912349971619,0.5409228706385394,0.8163037539717088,0.9782532647458771,0.5597603248357945,0.165773712664293,0.4399154247902559,0.48163945241888234,0.6112117614852185,0.4911291563989342,0.7864761363929712,0.6605577522230103,0.39195712331194216,0.6224326821175684,0.681667046677713,0.5484571640778094,0.7523085756107806,0.6648879599809225,0.994452964976265,0.7148041470227919,0.6637432099188544,0.6829581151624013,0.43250503383582534,0.6428909640934034,0.5388250161831888,0.490500755887271,0.7478312512043374,0.5631359517911456,0.6362726599294553,0.6274461674708534,0.6826701105006413,0.6093085517340131,0.4866416354608293,0.5425531092253799,0.5290559310708458,0.8375931417569319,0.715191331775864,0.7917965639811709,0.7156410801815892,0.6198428800120831,0.714263505323884,0.6805122134519742,0.30276454742290987,0.3285500829362266,0.14549642149355407,0.5673473327213453,0.05609972212602731,0.7607148961412401,0.9909087484870267,0.7934890503870144,0.19300624364597097,0.593311742286029,0.5225011548095877,0.7279928808750877,0.7389254892978001,0.579227790430812,0.49518739839994164,0.3065100814747538,0.8770365714445238,0.8426002645264516,0.9236167681374873,0.6566278401080262,0.9378306018797594,0.9501000584612185,0.5933667156082726,0.7898641746834336,0.47221826132115347,0.8382234426431705,0.4725107354766071,0.5272430652271138,0.3359867211564662,0.3861033743314516,0.991946906793545,0.3870668131219163,0.825395228631599,0.46316886359775666,0.7855205926097334,0.6293542502069441,0.5579169831402664,0.7072671940764195,0.6135911330437177,0.8032676589480076,0.6813760088142125,0.8789064438802439,0.9417517600698506,0.8622177446929976,0.8590595215204704,0.5983820453117803,0.8626269643819585,0.8069250080056098,0.8209567959356435,0.126834430797429,0.7069919981420952,0.6439729831319843,0.7518478718660753,0.25569192976925775,0.349937737699843,0.7887951961857232,0.4296728163652429,0.9949746091197573,0.5876721444045446,1.0,0.1997638572552429,0.31957879178050375,0.4806705187119092,0.8751711369712005,0.47574010096424507,0.9586501739044524,0.22062387501309516,0.45621862021040965,0.5022041757161538,0.713047743884992,0.7263407341164542,0.865595709521763,0.7843760780319947,0.3405354933473174,0.7648482903896682,0.022844718192269308,0.7097174275542905,0.11262499651471772,0.9029986111569553,0.734356262102857,0.16126637354569173,0.5510194511352088,0.5766457265065292,0.8850215436093892,0.7649122019891962,0.9113317997640638,0.7088181611562624,0.7549921686129534,0.9577094804162422,0.9915579222840497,0.8126645590026617,0.9559007272381975,0.6774609600449525,0.5198811581443589,0.7663319824249902,0.6855024128374917,0.6306628465133531,0.6717840268843788,0.5475504410474377,0.5997347117166223,0.6981929061723114,0.7812238596078173,0.3065113039139146,0.7311122616802908,0.8113591490329168,0.8885618851988007,0.2994959478149264,0.33618378424228074,0.4888157908694906,0.8523846941047108,0.6079284634669134,0.346579581876229,0.6573522540235347,0.6758368361789098,0.8949700804017022,0.867717493018655
SUSB,0.6093854469147203,0.18516017936662482,0.25056136919738103,0.20264243963362458,0.18264558193587896,0.16745360055526626,0.3280728579493354,0.300611787720376,0.25955146323191386,0.1825652117941794,0.16102039455490533,0.2688297311182001,0.24582258784146868,0.14341958300951246,0.14529335521565936,0.7712474617434457,0.8835726781155689,0.7085693834638186,0.20750343990347994,0.12960000779790026,0.20440734328327723,0.24778815989018196,0.17234564769078298,0.18889286988585202,0.292040727712075,0.8727073845259993,0.6314277029236558,0.2286956841633814,0.29320213966308895,0.4325345961645511,0.32811707432244563,0.3151952177735595,0.23629315933748546,0.17530603268777908,0.2569942796224954,0.2618658939242085,0.33296474365369594,0.25575117600691116,0.19711471104774994,0.3514190268095374,0.30271585833171094,0.32630895298158974,0.18466314370421982,0.2738273779547769,0.3891716156917497,0.2570154518055141,0.23723830555139866,0.2927894874496363,0.3104993184094451,0.31512483625988735,0.2085342344302083,0.3143073491126511,0.21004870999707714,0.2121475278592549,0.3299468516975296,0.17174710519604197,0.2959289580841962,0.23317055608880974,0.3727250020468633,0.25343883876462026,0.3133244993066966,0.21711367299890633,0.3047228711853817,0.3049734629874797,0.3005674244737847,0.16362294825265683,0.8169232375840836,0.33293181238790565,0.19568502163312645,0.12850564701271094,0.6338491067531612,0.2619783438679999,0.29023412893542755,0.18434314441054342,0.1368151125647718,0.22888794208871013,0.20425536323519566,-0.033775241933384714,0.1458660502400239,0.20161071369213426,0.13899219764332965,0.15602712393035328,0.16508557541718558,0.2198922324265153,0.1002579465086904,0.16387592944825063,0.04600183811354553,0.22389163858855468,0.12977101761814455,0.17489984200352207,0.8484654365886193,0.1421028172247005,0.18116212425573142,0.04902512559670879,0.2571993682105388,-0.016457207184637553,0.14428728789757075,0.19764683544438458,0.3733786713218871,0.25960219768627446,0.20296081141723682,0.1707640697355387,0.2099919356104082,0.21824278197804375,0.1697928824769926,0.14784682135725644,0.1063866253550338,0.37313986516367803,0.23736121526674514,0.14208937227112978,0.22588265692962844,0.8009442979354319,0.365897669367609,0.3336130116131401,0.5494632519653618,0.19513523627859194,0.2557584316807162,0.09803791788320876,0.17621892032979536,0.19293412241141386,0.25288148396905713,0.1997638572552429,1.0,0.8627447666115067,0.24073004547778323,0.16874851596547727,0.28161361542114877,0.1698956278457809,0.04071518691140283,0.14968353719733526,0.12898586452664965,0.5919980668875052,0.24490299384420158,0.23131087640859402,0.21416509618254745,0.7719758261091144,0.33584248524179894,0.8940326939003423,0.33719668339788755,0.7412837854668308,0.21708742553564792,0.3540002629326707,0.8629173335931508,0.365393399061698,0.4374766405129096,0.22790956743766244,0.22285333843901275,0.2022781808521916,0.2955478054514597,0.3240947534030313,0.258413724067859,0.20016154595467978,0.19342672340794295,0.16972197034849054,0.259749542902613,0.7434636122822221,0.326320191073951,0.32311516274268187,0.15319933271138794,0.16117938738016246,0.2460448366600113,0.3303777461807819,0.2058976875220355,0.2029630162360478,-0.06803645160259342,0.08285318223989195,0.15365594398891663,0.1285508767354944,0.20276635778772203,0.24651791563289854,0.21337291069534925,0.2207439129745976,0.13988856987485532,-0.07930049576924954,0.2226288399738864,0.2539813331005122,0.26820198747363544,0.10986870570347557
SUSC,0.7181746222021201,0.2700237719118903,0.3389029778695657,0.29851958602558304,0.27076305096496317,0.2454824643041329,0.39084004144409346,0.34727678817462576,0.31317955165866723,0.30737780057456093,0.26410977614383224,0.3400827614212527,0.3042614139885753,0.2503820730758991,0.2121860196440701,0.956498666229879,0.9517135825431176,0.7635128580431998,0.3021722026858022,0.2034381314328227,0.3219167985278596,0.33077145977018874,0.2793623196365007,0.30876078621494824,0.34325174627924954,0.9456188677345296,0.6556181903718361,0.28050850545843253,0.32731606371832783,0.44928287672124045,0.4027671164067916,0.3770299284223002,0.24903935580291905,0.24385583886438153,0.3125761511417555,0.31220290323033134,0.4064998140550585,0.310557051220302,0.32088215209160015,0.41618335895519326,0.3557457722017327,0.39238892962651234,0.2124060375606587,0.33705066316232196,0.4356721431014384,0.28594225043270177,0.32215567011979773,0.36266567353286366,0.3767205042388951,0.3516226356697474,0.27690230904404567,0.37072400127148425,0.27914486975008845,0.2647847250061044,0.36301238417714354,0.25367064461088984,0.36997240994678926,0.3416088026506844,0.42852361729719646,0.30663748489948967,0.38123260534997655,0.30838878070993436,0.27789297440126814,0.2779405223727141,0.2377207189119016,0.22238863565952477,0.8602550316760608,0.4062370640183126,0.3182506934854934,0.24512761954556186,0.7111450859939104,0.34982028459623304,0.36111865518543385,0.2672761864545305,0.21488322124617248,0.2930227466730656,0.22901930173865256,0.007730580967245441,0.24277967194727823,0.3140403685497893,0.24558087899588102,0.2710526487771284,0.28043793328331934,0.34267347655293445,0.19571857441163337,0.27764396941340386,0.12881065392076793,0.3269544604918205,0.16388819211321048,0.24431370570341807,0.9895129395258434,0.16901481607592234,0.29808940820469537,0.0921983209676017,0.37574391233873644,0.04019752407060899,0.26214296517862345,0.2908557736676149,0.5190172202548295,0.3599727937481945,0.2597076084483606,0.2919585662393963,0.30533830948108065,0.3329334636909132,0.27430560478737703,0.2431341197039581,0.2155912898776494,0.4701806296164741,0.3650712748940189,0.2598131589149291,0.3357428343426929,0.8403305133182496,0.4207532077157028,0.41248797157623585,0.6561675979771934,0.16744674843451937,0.24043366821633222,0.1907223312377547,0.18253644301428745,0.3177004380628229,0.36013324494220733,0.31957879178050375,0.8627447666115067,1.0,0.31440251389926493,0.2784618662196416,0.3287812239428441,0.2763674993805421,0.04892624884672716,0.17344438515277177,0.16962933880972508,0.6914830948139629,0.3299451473400139,0.34408302077241565,0.3334665514338705,0.9720210357784238,0.40579201246530394,0.857285639384888,0.4086872499757296,0.9137402220227754,0.3401410088665938,0.4217564166443923,0.8980220178637516,0.46439083110976737,0.48199069807579903,0.34971162820870644,0.3423155677749572,0.3161888315945535,0.35315273216589027,0.39199989696168996,0.3664666775358314,0.3251103360542974,0.3123646868291088,0.27499528086522307,0.3105039984512402,0.8526232903423411,0.39416665236547416,0.3833352214692268,0.22513908049449768,0.23667830454113203,0.3168728679825031,0.4438756811612047,0.31447900755507224,0.28367641407482497,-0.013658849933020384,0.20183520843483316,0.265614210600049,0.2268204884708685,0.2413501437391858,0.3189089243421487,0.28173279565846443,0.33708831784488613,0.20073085710766436,-0.022017650588665984,0.3160093967699597,0.31257786001493193,0.36851226633553646,0.22294264441772238
TAN,0.4828385388016741,0.44281393782488204,0.519424859409698,0.5068718562110595,0.5315232090381246,0.45419882375065723,0.5526741803674988,0.5474888829258302,0.5860861001045787,0.5263637186226964,0.4808506400005982,0.5124442782180283,0.4219880165532277,0.3265782415786738,0.43416468720735696,0.256230094069389,0.23926141578373275,0.1749963627164987,0.5311730568692262,0.3544355532499666,0.4208243090701135,0.39027074213542773,0.38602005006856416,0.47979279984949424,0.5020911101813129,0.23572417800121037,0.4431690472333115,0.46253054789437437,0.5306601121087938,0.38535524476937877,0.5346697859924693,0.5015719598516931,0.2639742127211695,0.44030260947010397,0.5345404807084823,0.41329548915541153,0.538843727656353,0.5718305998371127,0.49328183384233243,0.512172009264944,0.5139518369177075,0.48257091889170656,0.4549411905157141,0.469085208537628,0.40387404357906487,0.3556263917590252,0.5454532900552252,0.4631062379293408,0.46393557115047396,0.43521349294250133,0.5045788109337896,0.45371704322579276,0.4235701959482147,0.4583014263149853,0.4731581624384473,0.3878800996450379,0.5089858865261389,0.5414768461595829,0.571252870309197,0.5594596478454362,0.5486299154463098,0.28349822703447314,0.32002702260485305,0.33636874129997396,0.2182710927926095,0.5076934148657273,0.14833175783410993,0.5279757482347645,0.479967434544002,0.46367336525374253,0.22620509161236732,0.423771095287858,0.8968856314112835,0.5766574009112632,0.30915628612688834,0.25762666229619474,0.32258595631246056,0.23210705339599094,0.4702198977625946,0.3891114037208677,0.436311425493699,0.43171577977932435,0.49250304147399615,0.4827323675966789,0.3439570498731735,0.4102132370125492,0.11291562272884634,0.640766288891389,0.32077325141206714,0.5914274456621124,0.32602765132862105,0.43084078410417054,0.46508262047778315,0.22376775304476512,0.4836812358878937,0.30931238444008763,0.49549381068950765,0.8090376729369024,0.4332344984090587,0.43903071963533563,0.5288118644714921,0.4251267012469796,0.8187243811882029,0.6016793762450796,0.46932812271977264,0.4884714718887978,0.39471880643730767,0.457433652403632,0.5164069005886852,0.4688329600645831,0.5814929785479188,0.18312670476378112,0.5551313939202758,0.5453976828492964,0.4693263235431468,0.2631912413553268,0.34762913362363845,0.4563157574894054,0.2823926064564122,0.48601509841949625,0.4237377363568715,0.4806705187119092,0.24073004547778323,0.31440251389926493,1.0,0.5003274248452689,0.3696742585693719,0.40896590307663183,0.18377833036008842,0.2490314995414793,0.39766458382965203,0.47647191995865057,0.30268265979743225,0.5968449878076891,0.5151514160627996,0.3162756869316175,0.5626228840072665,0.14809716626537267,0.5239477865239434,0.19603526046037625,0.4457861686379235,0.48092323325156083,0.2381140608857576,0.40043763393513504,0.5062441990953308,0.5402290379042709,0.48460175024098484,0.5339678128052383,0.5194108436809088,0.5836997901736889,0.5645621853434509,0.5090454017263161,0.45426865632749047,0.4397391696346179,0.5784690824728644,0.43073416624476035,0.5894208789718789,0.5326478564056106,0.33690055246461625,0.4033187809617308,0.4313756312349772,0.46678409701349366,0.4857418518244888,0.3187938475061972,0.1997436398483904,0.28982264757300086,0.46810272507424944,0.45319772071687575,0.12927125348925186,0.2946222415233754,0.21982972385470262,0.44503048809698204,0.4918055294571854,0.24659584919052635,0.4626024440228996,0.578967145504438,0.6382600260757049,0.37274908199835777
TDIV,0.6089156420250288,0.6773925668336608,0.557842974506372,0.6964127396532392,0.7742254142672085,0.7054113509473966,0.6646898702030326,0.6203333308202245,0.7006517663024088,0.8515809790336067,0.6410613703832807,0.6420118850894397,0.6115140404088677,0.5421596948472297,0.6396161418071472,0.18891067652267565,0.14381171646564142,0.12196902058355304,0.8003437397612899,0.7261602457159964,0.7231052662819001,0.428879361874084,0.6552021777542512,0.8796903330205862,0.5267961674398017,0.147361450375803,0.4123836294376292,0.43451974190310716,0.6183002832541297,0.39835791130983206,0.7333538331922157,0.5659016282631479,0.3451019961215802,0.5657986796765373,0.7119700253507871,0.4880283575551111,0.6796980767282977,0.6851566744620142,0.8829824496671017,0.6386419438385885,0.609969839155039,0.6114984749223424,0.4131772208548957,0.5455361887301934,0.4429224504179766,0.43451674453391237,0.7492478626275224,0.47636998164052974,0.5632182394474339,0.5637580645875554,0.7359634509246723,0.5097190726113953,0.445717681699521,0.5879053676086138,0.5146436725276241,0.7466037376642425,0.6545409271836464,0.7090792734048645,0.6503429192718195,0.6205336656556397,0.6556367674577953,0.49901674426665765,0.31068373865035365,0.33637389782656674,0.15995233973288106,0.5325872798388509,0.04749473535399776,0.6733535872321192,0.8690065587877879,0.7057161248313158,0.17615875579118068,0.4886025219592588,0.5436210143200021,0.7296093983983511,0.7182065208816292,0.4284682068382931,0.45357574054282906,0.27600369133571967,0.8979999995505047,0.6868646122804662,0.8514606401434484,0.5684108732541224,0.8849091413058757,0.8643659615431756,0.47911938645504865,0.6731275922598522,0.29424687873539934,0.7971142924061793,0.41862073231150476,0.5210808057785666,0.29344670392561234,0.3778464027994888,0.8750070147232913,0.3303700528278483,0.7254937814880552,0.429910095147948,0.7138235069214918,0.6438875809921994,0.4753035746858502,0.6062192539087198,0.5879057274953878,0.6746654481797274,0.7052567741494044,0.8413404618964696,0.8917763434997827,0.9034407062628448,0.7758931311993678,0.492540919879567,0.750382913303884,0.7141238921118409,0.7558394285788178,0.10236577537631945,0.6356310969607755,0.5658718575718049,0.6417926655888749,0.2645634131594925,0.3566375296342378,0.867333341179369,0.3974845064337308,0.8775487253334107,0.45770060949029917,0.8751711369712005,0.16874851596547727,0.2784618662196416,0.5003274248452689,1.0,0.44773956254982183,0.839256198707362,0.19349934853583797,0.39305454367255765,0.5144480171661845,0.6130597601154681,0.5847321108059083,0.8113643395882261,0.6856800785081716,0.29556099409417397,0.7043839597732967,0.023367514874761266,0.6310431159878879,0.09365744167945515,0.794250618108305,0.6411640474996386,0.14098832108082263,0.4240020249605254,0.49650571903442187,0.7876819238362833,0.644962784248693,0.8439660536167913,0.6830829118527004,0.7208834621635,0.8662295565747186,0.8792101172644918,0.6936970676019113,0.8551774517759113,0.6756455933951346,0.4496567651183587,0.720648627855244,0.6003848282224357,0.6005332878011512,0.5911917995354706,0.4721678435570082,0.5222438710663204,0.6003473417695181,0.6201729809570181,0.2697299540501472,0.5510506310795299,0.7085465492553356,0.9097247761768733,0.12626353237987417,0.23525201203434512,0.31238279788350753,0.6976849331121908,0.5998525678461888,0.3325557466574559,0.5623750560561239,0.6987726941866148,0.868721517058428,0.7373972172137458
THD,0.4572438147159267,0.35259805719076004,0.36751285321944904,0.391413525751976,0.43864389824270467,0.3646648909973368,0.5849621925000219,0.5725283448913754,0.6196400087652061,0.4713785426972667,0.3601568359481853,0.4979947726120901,0.4804007059984634,0.36283644398445963,0.3381846935283565,0.26783100562876,0.2640174480853758,0.20934768846070045,0.509742035020104,0.3248408830603664,0.43403229394574255,0.30563874359631243,0.41671550256426115,0.47623651381902116,0.5772547843559012,0.2629241543444132,0.5550389204482062,0.41688964014185614,0.618208115409383,0.48440943319479607,0.5673180486383592,0.5529804949862351,0.4506308705845995,0.3289380273453357,0.5950593663600022,0.47952358135584766,0.5802200565891125,0.6177823476799974,0.4806593004062362,0.5768386506991428,0.5053498310421508,0.5255644614010202,0.4659635932105667,0.5097626044813082,0.4578492059683025,0.5155566957955648,0.5164464999601835,0.46744587765029066,0.5114940896775202,0.5369033297109578,0.5295689811572621,0.5099491307781007,0.4397800371069212,0.4895981750658873,0.5753200031098524,0.37276368884176564,0.5401443695203473,0.4153382823031666,0.6044151894408182,0.6112456932414365,0.5908855006768827,0.3236148907090665,0.44486718197872377,0.45723271999973397,0.36882259407873785,0.4903843633237353,0.21141056617383563,0.5807499843117211,0.4709247839568929,0.4621056708201704,0.23915859297117353,0.362632592596375,0.42217458146529924,0.4353879224349274,0.31650848499940687,0.3049106407494745,0.3998367789041472,0.1998167733588746,0.4616203740491267,0.4310259098235999,0.4711931775362683,0.3825900072226404,0.4658011485654912,0.4668700775978907,0.2379195161872226,0.36472996249694645,0.14260455091715765,0.4681484754565632,0.2952824290788156,0.4511138698136578,0.33732381894950125,0.42895162280982674,0.474352877406499,0.17990164416653293,0.4288790859234293,0.2964090133831001,0.38543624747287114,0.4027797825918839,0.32526254016208106,0.33726846823707013,0.5419733327609846,0.38197055558470994,0.4151022506134252,0.48891054594271816,0.4543743340829582,0.4360189034402656,0.47393299329341354,0.3300010604839946,0.4387627603342786,0.42518890196487724,0.4340073506647503,0.21273836225020656,0.5631485126493866,0.5068919699994456,0.45717576613593197,0.37190701488206546,0.44637772746485593,0.4185992941220316,0.3531201103805862,0.48427474778449214,0.31351563723904374,0.47574010096424507,0.28161361542114877,0.3287812239428441,0.3696742585693719,0.44773956254982183,1.0,0.43373967478516684,0.16814688610253728,0.3619084833303643,0.38333322864320996,0.43596113021320665,0.3465809513695335,0.4623814168275317,0.3973875554469743,0.3246888768142785,0.597925554052659,0.19492915656494578,0.5520925099235302,0.21008134631686198,0.4405146906606205,0.5411934335631029,0.2561648985064477,0.32487575394085494,0.5197286120843543,0.44792681540572676,0.3882226427363715,0.4573828280948428,0.5726507599136403,0.6175863140360083,0.564815948912109,0.4861610369611655,0.408878025231994,0.45087704532085643,0.630205912277361,0.42793091708440817,0.6269372489825198,0.591008490783177,0.2741804765953327,0.36141990841545024,0.342273964377115,0.3247854927886416,0.4306554014003031,0.3556695840624537,0.16216710170036297,0.28736233266287864,0.39885363201171803,0.4336646405413596,0.18840821787332046,0.2239499775556709,0.26302936734290744,0.40224955793859163,0.4239372856754391,0.1635448654890682,0.338263601372003,0.6137159835348948,0.5307510260643866,0.46505759849273925
TMFC,0.6339895456778456,0.7726720576307836,0.5538956738601418,0.7603626050757956,0.7816690255287171,0.7939936656051944,0.6494030152040347,0.5969398911445689,0.6219827352203369,0.8854433829343672,0.5967989268028708,0.629240163164286,0.6110474608881061,0.5815457200695224,0.664829918161049,0.18207993172603645,0.13699864856266217,0.12180737382283352,0.8231344726345898,0.7250493272514645,0.7729745480444117,0.38184627526985804,0.6991101454596402,0.9525535429895791,0.4880232817255217,0.1344685668031836,0.38996051365170475,0.4271839424652584,0.5491364368410376,0.4010515113996482,0.7226483885627503,0.5591723741468894,0.35181514647135254,0.5939504619178202,0.6271709100217064,0.48945299935599845,0.6695023502294959,0.6113816918374894,0.9555551970105921,0.6283930697279578,0.5975783117899055,0.621077142463839,0.38045902171506607,0.5632462916707153,0.44470300107987826,0.43473096988259097,0.7028103403823142,0.4834540673678388,0.5581313470357324,0.5619559465112077,0.6541841626369722,0.5029395603613263,0.42120518775084925,0.49708379313693135,0.46711832905542083,0.8822785171876434,0.6486588754961347,0.6712849786909206,0.6310768418524909,0.5603473280109823,0.6199398972806542,0.5541342024496493,0.2478995512326263,0.2750091435378905,0.1116700205268593,0.45167116993066586,0.03732296285673061,0.6718683446470398,0.944719989222488,0.7127464399206691,0.17055691095489905,0.4922454345493053,0.44633586722328317,0.6766033672464702,0.7808481856628106,0.49998250963318874,0.45564767800805855,0.20913611052689313,0.8916834925065669,0.7308775959928683,0.9267355264834157,0.5709239610571667,0.8797919204785587,0.8825595971768343,0.4800383642672954,0.7118805300823425,0.36294522038813104,0.7718047106263702,0.41502521714340224,0.4779309370709604,0.2923704779905132,0.3535301869548564,0.9729548620801717,0.31080993284643815,0.739483070285387,0.36215771406412406,0.6693676420151318,0.5631760629111342,0.4813521213437199,0.5855594186739578,0.5278086295919515,0.6801632427717923,0.6189419609253064,0.804822445182491,0.9627407068983012,0.8680469418516665,0.8465536933848451,0.4963468259905169,0.7318961633054648,0.7130384663112616,0.710694175341171,0.09592226232856489,0.6285020199682575,0.5372346386229973,0.6869755280634472,0.22790918302840585,0.29542521044836256,0.7908798371150588,0.3907611939896319,0.9542608865553452,0.4255423572003548,0.9586501739044524,0.1698956278457809,0.2763674993805421,0.40896590307663183,0.839256198707362,0.43373967478516684,1.0,0.21794953966619554,0.41487021789364803,0.4703761685415334,0.6523945842069127,0.6071051907137359,0.7852516132890992,0.6498087238119358,0.2952668004336583,0.6790607492659355,0.007787966961929436,0.6244542855042571,0.08372260190044781,0.7939552529446416,0.6504942164485364,0.13559803708299314,0.42361982959303374,0.48498798054858994,0.7734884169067013,0.6087318659562033,0.8501750703949597,0.6389716770394512,0.6829945136536935,0.8955027547773007,0.9431644273718129,0.6551649376748453,0.9861180729587221,0.6242819359327746,0.47595218732815897,0.68630118436638,0.5826687637410622,0.6529288106986908,0.5847231539600964,0.4702837215217258,0.4940513810310209,0.5631100698063678,0.8002225567409281,0.2064473711982741,0.6276792810225971,0.6863450302900876,0.9050899979532459,0.18565895320920447,0.20842281358018222,0.360190360316161,0.8427169367729271,0.519670506270729,0.26439142162054097,0.5659952296182295,0.6267581328089107,0.8568032244429956,0.8205887582382106
TUR,0.1627649546962023,0.18950504387906278,0.14497742189739304,0.19354503613410567,0.2277345336587541,0.2048625775641077,0.21488753259296972,0.21000643491219695,0.23226761058459833,0.22253963111548675,0.19092767243098563,0.17164786346429425,0.186104358132876,0.16152528451936332,0.18060055347550122,0.039820910280134125,0.03128008834396723,0.016744306005671963,0.2160020794524898,0.1272597048195883,0.19684050921172958,0.13534672354830288,0.17720961261103393,0.22377558279976892,0.19118371094286116,0.023814824368220418,0.13472733025179356,0.149652158319371,0.22782539434311555,0.13677539943795566,0.21830745140238655,0.18797362186928843,0.19390960159231782,0.19713946249763037,0.23599950154675867,0.2023263971250454,0.21507829948024698,0.22115797190945388,0.22135526844823575,0.19132263804377345,0.1797860390798866,0.19495814974083767,0.14465249935393792,0.17846486838285208,0.15304828514780894,0.16892056729846378,0.21185274669898083,0.15168766265070907,0.19610934888561685,0.16061934167867345,0.19211531011095986,0.17465205713104384,0.15288019146742654,0.1714861957828,0.17460591783031876,0.1829775771280958,0.20888429794263125,0.2044179681848343,0.227424607125073,0.2267677372241292,0.2051524299826996,0.12547215277858143,0.09794603186891564,0.12091291725130751,0.07599226436203244,0.14339719267313858,-0.00500789298060563,0.21050194795719407,0.21676570998886396,0.21580759052467047,0.008437921950147571,0.13441027037356104,0.19188501626706017,0.21576862337184488,0.13824340752682646,0.09318464350452195,0.19282413557291056,0.014700005705047077,0.1938298063988784,0.17932215305111118,0.20245832344087422,0.1825365379465775,0.20880473055903093,0.20004781852440467,0.16717463772624727,0.18540333146513305,0.0745233113387315,0.22132780269143426,0.19890020164220626,0.1811994728118446,0.06700619133821979,0.1255916022666309,0.21991391514221661,0.041915186682835365,0.18482666637906148,0.09504539758392885,0.1976173028611856,0.21923780675944568,0.16721023781470348,0.16812734104343147,0.208344970420031,0.15842988296021948,0.22094794957999495,0.20895849393048904,0.20982541272244662,0.19886081461631488,0.18481205831135541,0.17512921388364527,0.19242689806995406,0.18918319133315623,0.20855947222905283,-0.018947234607304766,0.22381741702951496,0.18365200076243227,0.15855495684694745,0.12739536088319886,0.13485698314814573,0.19462568099390085,0.1419037617194101,0.21865191377944138,0.1390611235326617,0.22062387501309516,0.04071518691140283,0.04892624884672716,0.18377833036008842,0.19349934853583797,0.16814688610253728,0.21794953966619554,1.0,0.22170705565927784,0.15124763529674626,0.13835702380763631,0.10770772710187734,0.20798162509985593,0.197792897440134,0.06604707030208258,0.22159962986963794,-0.008984391820908173,0.20639671596793843,0.017657393925073536,0.1901557143908713,0.18645756470523803,0.034978283716112314,0.14194682949064188,0.20528010864265808,0.19373872730053673,0.17333981084119005,0.19341265966821305,0.2065692374038809,0.23681407739906593,0.24079724311008902,0.22460098056905325,0.1822094039530073,0.2081662886455751,0.23930320649432096,0.1593966936297599,0.23692168583982515,0.20938684756275575,0.11912862783050555,0.1416793870517741,0.10421387288586995,0.15984875708795776,0.16891703152134518,0.16157848457172164,0.017640716846877656,0.16495784938748312,0.19636035258063128,0.18694760450129536,0.06664417061325548,0.05018779409550671,0.08556652205394034,0.20847085149780306,0.20140817285977414,0.017209485893081043,0.17635424852351958,0.22753869534373924,0.22153316367448686,0.19044675189266366
UAE,0.35620060983619684,0.3559473157909158,0.31458731319804306,0.35967237586387635,0.3951784057814492,0.34698654543711677,0.4315174136733591,0.41253232630155573,0.42786423067327417,0.45269404146614534,0.3494182352515056,0.3612092680417125,0.3949146992009138,0.30389834897715584,0.3453160476911516,0.10481688884707434,0.0962423613942124,0.11128387173809533,0.3980968472979946,0.28586219627229964,0.4409434570976197,0.25347666441172795,0.3986407852796541,0.43640662729163643,0.33529347025280615,0.0903038955744898,0.31285353942800304,0.3255605600643948,0.48737105614092446,0.31771069778677596,0.44752109191510187,0.4090640657704882,0.3013502932857617,0.37006214556759504,0.46654059269223314,0.35522450975202835,0.4469523330526619,0.4250491492681135,0.45418816392089495,0.4101517660806506,0.3817626728449024,0.40986504828874176,0.24191174486213238,0.40906910740452473,0.3575216300795285,0.3732186546509565,0.3969087079858524,0.37210197245479243,0.38490228672018106,0.3576182278596887,0.3738992151321288,0.37186923778069614,0.2962074696382614,0.37604156782605513,0.3809300330067538,0.34864656056252535,0.4205189753416443,0.39909943324900027,0.4327807670807383,0.3712086416764068,0.422979278302674,0.32516791368038644,0.22915311068361957,0.24493076582508022,0.14080145689241028,0.26598883799992107,0.04903609221765137,0.44173912614899785,0.4561330174313443,0.4380706422969087,0.08259740303898719,0.3242844423051052,0.2907340149596196,0.40118956029601355,0.28492808177588885,0.2797096234939243,0.4067081727053576,0.048621430316605714,0.40189798446390473,0.428260248357497,0.4238027512351895,0.39335033644927203,0.4510902707846028,0.4330291946165082,0.3088193126491721,0.3906939835491259,0.23179121051019536,0.42056706921234677,0.4454362312568155,0.2794781422110229,0.1775166893715253,0.18876145153801105,0.45085117094338895,0.08959325769211916,0.3861538751468919,0.21007564864606382,0.3956664268406441,0.3136280317344788,0.2701113320688153,0.35308262388142436,0.3690166911249269,0.3877072648788702,0.33280333057297956,0.42296320858651293,0.41475757858903256,0.38071710335329395,0.40575846015673456,0.305256518559987,0.4112882142311844,0.4147041502414422,0.4237053607442391,0.032436489514045555,0.4257442674172417,0.3379767994962085,0.37331783710958055,0.19670812066842122,0.24069509832972832,0.34919929060908855,0.3603743055671286,0.4543769532618096,0.27686078876383696,0.45621862021040965,0.14968353719733526,0.17344438515277177,0.2490314995414793,0.39305454367255765,0.3619084833303643,0.41487021789364803,0.22170705565927784,1.0,0.31799479543668707,0.3408005991755746,0.33282160234738656,0.42660902121681665,0.388916370651586,0.16844865197348188,0.45567976835673146,0.03151464674499762,0.4207292235728449,0.04757238195532518,0.43015560702208044,0.4139079246451927,0.0881698285443941,0.2527023271559529,0.4082217032140684,0.41887869796708355,0.37058921603186,0.4282106558516408,0.44387646722549806,0.46736065987547626,0.48738248011603474,0.4579913198266923,0.3971885358394139,0.42001704038282256,0.4236300247851678,0.26906304841293066,0.46528965834865155,0.42654040918588393,0.23181285627262052,0.3597817750579358,0.3086923584969743,0.3283065567149298,0.3578048676641151,0.3209311266693562,0.06391989206136206,0.3716552749899803,0.4063329274271362,0.3910653322544151,0.18928583215208844,0.16960232459096986,0.23304878850358896,0.38732341854934627,0.311295046356817,0.03854660990204111,0.31866492033856947,0.4220084979592601,0.4108624911912777,0.41421297382459377
URA,0.37836693347058165,0.4904890274146707,0.39689239120032543,0.5050054010942181,0.6231569248523142,0.49448992639716416,0.553849148573203,0.5625327892421839,0.5765569152009266,0.5050500027123244,0.3741188315057215,0.5757267911247296,0.5086554317227674,0.30962640496936245,0.5084818577586505,0.09610651429440518,0.09724908584187238,0.10136985317804471,0.5714249057008082,0.3729742586830038,0.43336732812221945,0.22099740383673327,0.40429166668540484,0.5160105707078189,0.47205897931873875,0.09286541997079537,0.39556034472724283,0.4124554678817396,0.5273643467169151,0.3442028125712697,0.5398850475311655,0.470729344627841,0.25776589302737746,0.3742798811709271,0.5804804239511059,0.38021086382802777,0.5268142058143043,0.5624699991049205,0.5086407590837234,0.5254171858830862,0.46060268821285083,0.4454163143268186,0.3469895318245213,0.42627123554565083,0.312039982675585,0.35245719156288985,0.5025680089756606,0.3880210195978981,0.40519823766522145,0.45252758225341627,0.5221281121341861,0.433769153164707,0.43672572362244,0.5084888682044328,0.5263514778558688,0.41177048060547705,0.46179238173001047,0.40944962443991273,0.54959529530558,0.5197626264418103,0.5387390741468688,0.21025948328947688,0.5110006464576557,0.534914128787885,0.40584106498680245,0.5024788685215577,0.02233031908176687,0.5216833011078631,0.49331383934668654,0.47981235258404037,0.10816211065972618,0.2943460135768972,0.48934149110589414,0.5996796256401459,0.37790372382932746,0.20401228707606714,0.32109864233980834,0.22313489885165194,0.5478890182937526,0.3496640070609767,0.5113032603448053,0.3355059723292838,0.5590783397265524,0.4583807648697491,0.23815514553621953,0.41603942367802177,0.11572792542348244,0.5892754057748419,0.2922384850033648,0.4689122209431657,0.17504603637006047,0.33078695840620165,0.50637493487694,0.19551399382375545,0.33337210611112517,0.31636514108513863,0.4806175878636236,0.5612114049163476,0.3298483869661573,0.2844391820251433,0.5982232837302547,0.3693896899466073,0.5275348338203629,0.5270489463860328,0.5127649915931778,0.5022037730978606,0.4508957187153322,0.277043529059115,0.39884157530388226,0.4548455966226903,0.4855983876881851,0.08258402955766003,0.5178010112914342,0.42949137822876343,0.38508232763366035,0.43418605304242136,0.5365307793214857,0.5166566271477148,0.3117321874217194,0.5029333268790382,0.18697615960164485,0.5022041757161538,0.12898586452664965,0.16962933880972508,0.39766458382965203,0.5144480171661845,0.38333322864320996,0.4703761685415334,0.15124763529674626,0.31799479543668707,1.0,0.37575477051848644,0.26702051021347645,0.5438046301753464,0.3882339852735228,0.16544737540979162,0.5655024501877793,0.041277042870328066,0.4696317029330978,0.03458935977668565,0.4145622532586902,0.47123835305466943,0.10204445737981319,0.1792454491291964,0.40758042656567983,0.4665535207390843,0.34314750851429177,0.5348256391816775,0.5780185460609227,0.5737558499396332,0.5715368351689974,0.5163894034520355,0.392042017649518,0.49924025106424513,0.5452763647808468,0.2930217876448165,0.5804532908503172,0.5030618939061188,0.2669835330861461,0.5493983835622164,0.3232470298658074,0.2773866879626295,0.40876207492285555,0.31940480873016086,0.17470433541718045,0.3020517630659705,0.46540521630396364,0.5294564687816754,-0.006736486234142454,0.20683251640021394,0.10990715021472496,0.38168619800114667,0.6837140524835222,0.19558514983725062,0.28639813589508434,0.5617964647590219,0.5422828231415773,0.40684289645801275
USHY,0.9486315854704434,0.6213047773279333,0.5653088894166325,0.6327052907057075,0.6188468154670466,0.6050827923552935,0.685056465054948,0.6391907407855666,0.5538513156800714,0.7339293463065524,0.6469994704967423,0.6521213548863677,0.5639138103744862,0.6295807080341952,0.5248017587359518,0.5784454416537265,0.5628176857717975,0.42187217311001773,0.6499216417884417,0.49923029732974855,0.6701270471121995,0.590942324913407,0.6263449576748696,0.6973829592681575,0.5440296436718546,0.5616408490697278,0.6417609291777058,0.4649206849788896,0.5111185281849061,0.5729946672087225,0.6800724748500899,0.6498253417278752,0.36130963576934677,0.47821423236376476,0.5384105327427975,0.5206949153954593,0.6890917307669143,0.545124288338,0.7213314972335564,0.6798881075033015,0.6266485328108305,0.6396370623962689,0.38103740210731796,0.6218892409853409,0.5695497350263791,0.41275062308567523,0.6271145708787478,0.577247191568824,0.6202305156215471,0.5864145957745269,0.5010399864025259,0.6015930357349155,0.45843377676339037,0.41876890120130184,0.5257459779737115,0.6147719436612014,0.6519824973415232,0.7053596929087756,0.6840563479716829,0.5337085314842083,0.664191318828472,0.5845181532255194,0.30164185358703166,0.3224056639568228,0.1937872840270441,0.5205341178091233,0.42961596565536375,0.7011672681804171,0.7199897834731824,0.62090145424613,0.483451421217271,0.5425894082921431,0.5204475292212383,0.563242611764981,0.5179883921940756,0.5220286408991914,0.4212881124274485,0.29402397364343436,0.5700179319797914,0.6581079348630876,0.6057959495651333,0.5611029556998975,0.6672035544704074,0.7188929649281247,0.553277962783969,0.6576100950975093,0.4155242219117634,0.6887665715143775,0.3748089963679909,0.45432947896465853,0.7017416581429738,0.3467072970179376,0.6919102907289822,0.36137078036568937,0.7179663848837246,0.3817758355825434,0.6276565957635282,0.55873410448971,0.7232541904425858,0.6431323311628204,0.5224819397107732,0.6824513721682098,0.5786924184352864,0.7044855152196611,0.6367684811389378,0.5981757253157801,0.5599751943074113,0.6745542872244755,0.740263028125468,0.6484474176653899,0.7085009377800042,0.4859680506562284,0.6866960786691131,0.6743013692780687,0.9772079623551051,0.2151711881318061,0.31460540819461247,0.5049221250379965,0.3569864476211954,0.7185675360413835,0.6250289087987412,0.713047743884992,0.5919980668875052,0.6914830948139629,0.47647191995865057,0.6130597601154681,0.43596113021320665,0.6523945842069127,0.13835702380763631,0.3408005991755746,0.37575477051848644,1.0,0.5908212965784094,0.7198713031343478,0.7027859893381241,0.6806792363601982,0.691436837158945,0.4244754816229105,0.6758711295292037,0.47924824033073704,0.6983082017668185,0.6776984213876391,0.5484166894782116,0.6276970559876923,0.6362904174187582,0.7442087174446154,0.6966462503794718,0.7107879482562308,0.6041653494480893,0.6615217345714197,0.7493115261351774,0.7330090261310482,0.6696941807897592,0.6513003136742166,0.5656403451489147,0.8009536963317829,0.6800015450872656,0.6581371395440764,0.5132061818922712,0.5378839770374956,0.520632817886648,0.60494353569348,0.6035536852849411,0.604370309557442,0.2807557509959734,0.5938597708771487,0.6391528397990179,0.5664403142088899,0.3030681316550153,0.38587041725757326,0.4248548814783441,0.6733493374701515,0.4876706173476195,0.3004899945996847,0.6006724986218469,0.5527035995647013,0.7244757889933054,0.6113775460450102
USMV,0.596284755775275,0.487292380938942,0.43019752036544606,0.46681531238294205,0.4679551709603906,0.45207025015319097,0.6005152609816485,0.5459059039693991,0.4062100079123465,0.7306465355592833,0.6098413603812761,0.6585435418841308,0.47132093561410043,0.49198710820024893,0.3827709497419588,0.25545508727362126,0.22281319053775941,0.1666632678885401,0.4885975751321394,0.5429669640185257,0.8157077756114381,0.7086172374439635,0.8351374883847903,0.6813124417477109,0.4389503024052175,0.21633033301037635,0.36087380711767586,0.3423759953646612,0.4018953733851851,0.6050076242392415,0.585090412160372,0.5926908285023125,0.3072668284068339,0.3982391936125504,0.3860353064721669,0.435713664592357,0.6081852430566843,0.39108939665131276,0.7271270138268913,0.6002419820931856,0.5297535769536981,0.5526985647435052,0.3225692340272133,0.5315068828676283,0.5842396017035247,0.4167696292488279,0.4653729081950152,0.4788425251210157,0.5267242877679092,0.5237423182339291,0.3562651988323554,0.6128578096208358,0.38900584673166294,0.2648369986626437,0.40034433990212165,0.5436269148138477,0.541367578096637,0.6651463262785854,0.5773845290992723,0.4320039430110521,0.5799810978836493,0.9166010001991678,0.2684713919637562,0.2719408666387337,0.12762929894116215,0.5125590185463239,0.14307240988953954,0.6317618649738622,0.7537449440413811,0.6120836515690565,0.22063913108101643,0.6018277107430098,0.3418237406821046,0.40423901390957995,0.5390998156757438,0.6466604482186648,0.3926114067909989,0.3739529291953574,0.4488383809768149,0.8635289060591477,0.5530230228111452,0.472064918036995,0.6727756375684311,0.8136395398418503,0.5277890464332539,0.6528540656230186,0.7187234941991408,0.5661211274723164,0.40389423225582316,0.32154120670246106,0.3363935613249205,0.264158940545515,0.6884176092984234,0.444481714035891,0.7718928381545463,0.3843566090609968,0.5980793244715575,0.3538313069861478,0.4603063353782908,0.725921544464932,0.42195218713409227,0.7729962243988436,0.3738171469313579,0.653552664987188,0.5466830500366393,0.48448226261140565,0.5471507147347136,0.5794870542827633,0.8393038485695812,0.6303180375444077,0.6327401153808184,0.20093845345729044,0.5753453441281371,0.5918463780403762,0.6160159222096327,0.16004187569205972,0.26547229958667035,0.3388167157582562,0.33462335766714574,0.7255155634742538,0.7592959102270329,0.7263407341164542,0.24490299384420158,0.3299451473400139,0.30268265979743225,0.5847321108059083,0.3465809513695335,0.6071051907137359,0.10770772710187734,0.33282160234738656,0.26702051021347645,0.5908212965784094,1.0,0.6347867951201239,0.7061248608308349,0.3375588787623109,0.5949819337819032,0.11348159913246318,0.6008151143961743,0.17887114752565603,0.8757623918325648,0.6789788066518807,0.2120017609263112,0.68872644403113,0.5503387802540097,0.7988533813623357,0.8283010777109538,0.687666472764191,0.48223105668012,0.5417306224413432,0.7062701775271553,0.7300682878111112,0.8596920273797362,0.568273484835427,0.44393772189127817,0.4400557197698143,0.5723793710027926,0.6056864903858022,0.5070627927194168,0.522156097178506,0.475258731808316,0.5159655155328301,0.6877297673540896,0.5925142243479897,0.3824115073869363,0.7458016355409952,0.6959290014370367,0.47652345013179725,0.672119122002016,0.5694088954925478,0.727719564214427,0.5889545698691055,0.40771837352816853,0.34583088904578546,0.5664895555839837,0.39337732237174194,0.6104145135839786,0.6657853676185553
VBK,0.7067160139835124,0.8082744312465563,0.7720632482245776,0.8489666871002737,0.8642503467336411,0.8084845936176032,0.7385952996880861,0.7018931198322753,0.683955192679009,0.922452176052034,0.8426309601088501,0.7492469260221358,0.644451476388295,0.5921254659966175,0.7420746867830289,0.25041378559671174,0.20560912182275454,0.16896067946859028,0.8282935367955082,0.6943275179958779,0.8107961271094685,0.6015147070728399,0.734323061966862,0.8576274096336337,0.5593884413497484,0.20757525160967408,0.46045000619726856,0.5107955486165111,0.6237046485923543,0.48172235627869747,0.765706502505322,0.652231519140073,0.37287324023334145,0.6162374333737025,0.6886993446007704,0.5400862560973677,0.7373928004056469,0.6738758663167417,0.8824845577491303,0.7071720645378247,0.6763892994735522,0.6635765857375076,0.44439269676790516,0.6230468621131087,0.5220509432084087,0.4586932256984678,0.7332712438994272,0.5465766865603494,0.6265101993484069,0.6116464327158543,0.6601241379769218,0.5943599003012283,0.4973019770989987,0.565023141416347,0.5529212378346875,0.7711816856232178,0.6915688594379445,0.9139461563872284,0.7304618017424135,0.6158401837587537,0.7149464939323416,0.6078600997407171,0.35018651546698704,0.3793995862944864,0.18857872701142697,0.6145780380278651,0.09799846987424861,0.7406402804522201,0.883847892593372,0.7484514439147021,0.21185376680543438,0.6660788222891424,0.6243002245389819,0.8351925416481666,0.6816992597842463,0.54448778314999,0.4639237056991596,0.3314895889229921,0.7677206607687481,0.7466642811368408,0.7888172835411981,0.7135498893966288,0.9041603073213748,0.8847930323853578,0.6759060884307205,0.8191756825502216,0.45215388680999535,0.9504735131895056,0.45173957182111285,0.596456142074487,0.3637190238264743,0.3876103711924585,0.8425255223289987,0.3925560309369976,0.8119882716133571,0.5289447420471921,0.8647132765157927,0.7880943976764809,0.5952857606413504,0.7667565403644612,0.6487974931728147,0.8208163146460934,0.8017322855730611,0.9480507249482303,0.8108964811252579,0.8183716094570743,0.7281028683463349,0.6578557648608123,0.8791499346779593,0.8444743081597604,0.9610035859832735,0.14991836159707508,0.7177278226536585,0.6859159668179441,0.7442868278798289,0.2809142238852346,0.3983226708194489,0.7242728128521243,0.39872780829019355,0.8707010423174605,0.633338498380414,0.865595709521763,0.23131087640859402,0.34408302077241565,0.5968449878076891,0.8113643395882261,0.4623814168275317,0.7852516132890992,0.20798162509985593,0.42660902121681665,0.5438046301753464,0.7198713031343478,0.6347867951201239,1.0,0.8863346925905957,0.3641954345558589,0.7598934400388127,0.06859907660023873,0.6949461388989022,0.150139318652242,0.8209499695402884,0.7079697474601448,0.20249371073245212,0.6046887737470982,0.6107385586093861,0.9255584899189615,0.8093501386172318,0.9405431321277886,0.7099461893531294,0.7519992478811837,0.8953905455192124,0.9041375047171188,0.7977763915832776,0.8026419932199872,0.6690569444459225,0.5272940345058683,0.7625371058283591,0.673775996129647,0.6774813809985815,0.7639436608448853,0.6790523918419947,0.7156780992204435,0.7335269723069144,0.6387113268622338,0.3351092585585114,0.6860492589780015,0.8404966838589284,0.7739283147730104,0.20825622223052195,0.33265397040719125,0.43860880623256704,0.7796563581765376,0.7224099991561963,0.4002838543833294,0.7619018998223975,0.6851711674165969,0.8936328964993964,0.7284752176277012
VBR,0.6929101511703464,0.6474789464914996,0.6489162205689158,0.6801144892592176,0.6924849074599068,0.626694325545047,0.7144302652313628,0.6822326680746196,0.5585605043327323,0.8982134157292666,0.9639501690798119,0.7535216741008963,0.5834134133076928,0.6047603634165609,0.5836673988628569,0.24413545682673662,0.18461766799233714,0.13676350669724932,0.6748532767104288,0.5449090334642779,0.845287319312111,0.7984100359225552,0.8027447119194935,0.7594850898326052,0.5444055674787008,0.19033802663266963,0.4177005974908117,0.49067936180944927,0.501865710893569,0.5224056172598212,0.6757915629809815,0.6846352914491858,0.34725479149786526,0.5268320093117553,0.5453319768078868,0.5299520196448966,0.6995816624139543,0.547935137923309,0.798436050654953,0.6893477269389056,0.6408522893370441,0.6247599848680214,0.4248400855995247,0.629508807460955,0.5487474637853808,0.4317483732880285,0.6232604052675674,0.5548418221814547,0.6302206048127691,0.5751437993787369,0.5176287496103534,0.6385116562706645,0.4784574729289898,0.4059041010997863,0.5011064997883569,0.617235103044628,0.6524584057362616,0.9824197283313043,0.700671383668977,0.5581969562562202,0.7001568660676037,0.7483148214900183,0.25520458232805676,0.27946628468864126,0.10394893068698836,0.6630979235191283,0.0849105827146996,0.7202550414348085,0.8179432942287781,0.7263671289033494,0.19855727257501976,0.6219261742703692,0.5099095562576773,0.6383366314535098,0.5131679592214095,0.5699437427396384,0.4361085619661032,0.4464054370213997,0.5660811355956893,0.7926408473691688,0.6247564565024439,0.7415821596179571,0.779934260494697,0.8304707058380295,0.857648528162733,0.8521894488055414,0.6438927125402626,0.8202267789559184,0.4478592741827897,0.518925483395252,0.34955897856584,0.34997567894109755,0.7403711031148829,0.47950593247404005,0.8490969120135781,0.6017764720184592,0.8863424632473312,0.6612565193802139,0.6282151264745264,0.8626606231466158,0.6155234990299128,0.9208158053805368,0.6656415268525873,0.8282725763272801,0.6336750096467142,0.6233480771806759,0.5951049868226825,0.7623813534768656,0.9478376633001958,0.8299963983734933,0.9472893313864876,0.14327479637898968,0.6947079054367333,0.756190048490886,0.7258169470392607,0.1874135720838827,0.30297740833156805,0.5332419355637001,0.36727871370935256,0.7924281946873488,0.8437595959574407,0.7843760780319947,0.21416509618254745,0.3334665514338705,0.5151514160627996,0.6856800785081716,0.3973875554469743,0.6498087238119358,0.197792897440134,0.388916370651586,0.3882339852735228,0.7027859893381241,0.7061248608308349,0.8863346925905957,1.0,0.355918297108446,0.7061284726265378,0.04027790264214038,0.6807440100521345,0.14537929814122824,0.852536199860535,0.6908159565545742,0.17930893088487207,0.7214916537499406,0.6285356563731607,0.928641452405999,0.9365190831574475,0.824330102701503,0.6121355425587846,0.6691890283926999,0.8190230975816989,0.8303109419198863,0.895757775582298,0.6376725690247603,0.5788450095594599,0.5029794017269835,0.6949999116199862,0.6963349391368017,0.5622095761646574,0.6727702922903231,0.5827608747292933,0.8022449768332196,0.8262786588509459,0.6053993025869647,0.46271415298544777,0.8072065235606533,0.8530750425926161,0.5740780510602336,0.3823439314399922,0.4164277061708993,0.520471569262031,0.7365988811226334,0.6632760750804445,0.4976687569601508,0.8411457002456956,0.5522290105882599,0.7561550972645095,0.6775555487338409
VCLT,0.7090271785703586,0.28766136660075514,0.34868030485254786,0.3173273515265781,0.28759009754354636,0.26390038995825876,0.3845130348248448,0.3399635432531415,0.31395923806851916,0.3317309898931362,0.28536009733396045,0.3429193772061021,0.3039997032331888,0.27246373554789605,0.23112605370351175,0.9738109695208604,0.9168514784016311,0.7273834931166023,0.3161376702232175,0.21295416536649078,0.3435922456184012,0.33791928077751904,0.3017720849590228,0.33217125109252693,0.3437558789013617,0.9113205454803648,0.6203666096537795,0.2631400683147383,0.3202315262920513,0.4235103992043352,0.40185899384620066,0.37129059542147996,0.23787954611601894,0.2554401808690056,0.3140650484991554,0.31404947513526127,0.4032169134897213,0.31109843930025993,0.3438544502596964,0.4100374033900231,0.3477318101814106,0.3913799317052607,0.20515561382493333,0.3349457361891722,0.42266289333101714,0.27524638276371755,0.3277007612262712,0.3604877200443879,0.3751356289062653,0.3437591777783897,0.2878006553022494,0.3613894827085892,0.28419195471090924,0.2652716178298369,0.34996094077202583,0.26663093554454587,0.3726560976482806,0.36104711802246137,0.4189254659316431,0.30888710573742195,0.37888807463925184,0.3193725986185309,0.24658776837396584,0.2478867010593671,0.1997368915290193,0.2293667576321518,0.820214081907256,0.406038867386933,0.3411759658259818,0.27187897262514665,0.7005874813537655,0.35706800924370147,0.35557903867460405,0.2811805969430997,0.2323487201813198,0.2931242782877015,0.22867413877956108,0.0202485334323178,0.25995480107304564,0.3326779620649944,0.2698869463281097,0.30473475594843585,0.30330300079534195,0.3637734766503929,0.2165782284834709,0.3016344970900921,0.15208424254176614,0.34567225084025077,0.1701059444121254,0.25206720348972433,0.9854019206583687,0.16575308545168835,0.3206796180210966,0.10357890704748698,0.39393405730140235,0.05686890212701429,0.2848134384257451,0.30617287489562917,0.5362074989060911,0.37327736376160225,0.26404400812774115,0.31418532981926095,0.31743986418285114,0.35149888911831395,0.29363935850689993,0.25986518765161054,0.24348507068423986,0.4752436653777339,0.3853779980314546,0.2876021497193245,0.35419479009860805,0.8029200138376431,0.4095368655101988,0.415068331045294,0.6543998198820079,0.14336862772250333,0.21953277487143333,0.21065220235797166,0.17598676895550575,0.34199412297409054,0.3732635078642077,0.3405354933473174,0.7719758261091144,0.9720210357784238,0.3162756869316175,0.29556099409417397,0.3246888768142785,0.2952668004336583,0.06604707030208258,0.16844865197348188,0.16544737540979162,0.6806792363601982,0.3375588787623109,0.3641954345558589,0.355918297108446,1.0,0.4023387669584947,0.7812440682071952,0.4051087754808599,0.9275305037515996,0.35953089770728314,0.4166551683200651,0.8517345223751882,0.4656269275484434,0.4623771621922766,0.3693000763128549,0.36134463462025923,0.3354814289417606,0.34890379301959185,0.3909140035155269,0.3806591926408611,0.34874217617993714,0.3307039094482388,0.2952325487819972,0.3113251721011667,0.8405719191583251,0.39235898481415465,0.3792716091044656,0.23865029015186331,0.2524730189046137,0.3189636738947355,0.4539084212253792,0.32937564139652803,0.2868831150792241,0.003000073345113264,0.22825983883003245,0.2851062761507019,0.24607525787532264,0.2433547579377542,0.3173499290868683,0.2843426986248825,0.3610580406268684,0.21407539245492743,-0.004089323290652568,0.33460595521062825,0.3138772879261662,0.3766950463101571,0.2523374864181626
VEA,0.6888448715491735,0.6018958220647589,0.5649104694292731,0.6239495203929475,0.6893909726440057,0.5955381041134686,0.9818366754643304,0.9312332123573238,0.8497729019856649,0.7882114801486869,0.6493950301973062,0.8111935218985209,0.8528430350349534,0.5682018089619133,0.583811696505441,0.30936110454446863,0.29496377130998225,0.2511734338020246,0.7975766829944565,0.510035558077303,0.7270624003260742,0.5503538831902455,0.6964570883454738,0.7541486139456958,0.7479598429262474,0.29388111076610246,0.6948984365408261,0.6333908476687404,0.8181553586588045,0.8151190163448394,0.9665809973541613,0.9432277723554011,0.4682070766203715,0.581507332416082,0.8375114735718299,0.7096383970218092,0.9865988000003225,0.8375333019575883,0.7704873026929138,0.8719472963075502,0.8614633516303466,0.8930941261135221,0.5815703243401859,0.8711319423894129,0.7892035819127642,0.579554989729323,0.8683937850775993,0.8196012243663213,0.8796123971892433,0.7554373183677391,0.748972619945355,0.863898773417082,0.6329922661808467,0.722537768985682,0.735974890102202,0.5726672117431554,0.923009877508034,0.721173174146989,0.9576147068917782,0.7922562220438036,0.9796137611642386,0.5666252211194202,0.5305863850335257,0.5505004584767997,0.38132012449428315,0.7376847009831253,0.19661766941149228,0.9767102180350643,0.7658124123628209,0.8725334700845107,0.29768007248434497,0.5680957157383465,0.6561121123969601,0.6961024485045607,0.4774460308069646,0.47490405217513815,0.5584549291249316,0.33100218941178183,0.7183363111369058,0.6921474199615697,0.7062083559674984,0.611427614927355,0.7769046314697513,0.7725294899980208,0.4983574479220052,0.6420595023780811,0.37834659824240335,0.7647531005470467,0.4693649774564624,0.6354954369128587,0.41916921877606955,0.5277484674974438,0.7495590209557376,0.3110723037967315,0.6851519317633938,0.4573810193732062,0.7095517120860044,0.6318633781735913,0.576108383833446,0.6333465271955273,0.8029522704540298,0.6756994889042162,0.6605149781738178,0.7724155458538212,0.7119831168846291,0.689573576059657,0.6663107978857515,0.5992449886192172,0.752722353001821,0.6999551381439815,0.7493990157997661,0.23218223514577296,0.9484170627694266,0.77168045233677,0.7086808967447715,0.43591884359840155,0.5450780282757907,0.658208057645606,0.4670487010713748,0.768899082474416,0.5622410743329096,0.7648482903896682,0.33584248524179894,0.40579201246530394,0.5626228840072665,0.7043839597732967,0.597925554052659,0.6790607492659355,0.22159962986963794,0.45567976835673146,0.5655024501877793,0.691436837158945,0.5949819337819032,0.7598934400388127,0.7061284726265378,0.4023387669584947,1.0,0.18029864337707383,0.9527163355227155,0.2202392589657632,0.7390104825922038,0.926955054479763,0.2970116676382434,0.5391015747826463,0.8178149606825784,0.7700118843437673,0.7009459076606627,0.755707678563264,0.9306736854181391,0.9711854023106722,0.9049186268940872,0.7816128955330425,0.7311063448422292,0.6887893965059306,0.8247324278211998,0.5879579061807683,0.986096893811253,0.946189220518739,0.4135248272727522,0.6264157635973544,0.5265840923608096,0.6059410921515225,0.7242521035188398,0.5509056455096714,0.2703118938066863,0.5794841616876107,0.7258975277644057,0.6748557040939932,0.2929558344503144,0.3532956736605475,0.4356176172448814,0.6451718258737824,0.6722440800527804,0.26566101807252246,0.5634558215852367,0.836652330689637,0.8348864984515907,0.6816665102973705
VGIT,0.46186114074345636,0.05075216740623073,0.15739982708098552,0.07481393287735455,0.04161054689182226,0.02798565742654749,0.1666608508023038,0.14403846953665203,0.1309503220968719,-0.009528776313688137,-0.017924960472464915,0.12565591952391522,0.117445733235013,-0.06251194782182803,0.024699085013054674,0.8465257757094387,0.9554756802787727,0.814453416836843,0.05980560178360535,-0.0018476826703806074,0.03527045503128487,0.10545052066635588,0.00014241680997941926,0.020259036571553826,0.1583266237083398,0.9460814081822921,0.5710219258140558,0.12940264633623774,0.18014734542243196,0.3154838626675889,0.18063362734241376,0.15189522108490597,0.14271207194482408,0.08009168224634183,0.13813735480059605,0.13374337758993432,0.1746090802056502,0.13327239206859384,0.017681311837706982,0.20780291585139957,0.1695162399817189,0.17678007533835477,0.0843397962310165,0.10881450566564027,0.27625887865306675,0.16586234985652729,0.09685824194824341,0.1530705732916493,0.15811287102211113,0.14647153772489746,0.09286479328420186,0.17113693230332244,0.10403455111710941,0.1399069840637294,0.23977291486178737,0.015190060246380421,0.13593110568091102,0.0626418521328314,0.22190064235864357,0.12032537745400422,0.15405781890105286,0.07153631094000168,0.2753141660967134,0.26482979941480184,0.27929567929876187,0.010972727429422091,0.9275526505498608,0.1654154742528025,0.014390461185148716,-0.05008733094933454,0.6548908999746469,0.1638549328650936,0.20064118549939808,0.05841137008578155,0.00601579223028306,0.11993441640246842,0.09199455151126362,-0.18061576593632123,0.008326147405140743,0.032941347436066824,-0.015200390866779602,0.014394618050820374,-0.0019218168850648378,0.04593579216513298,-0.05873162539555281,0.0002611137584582127,-0.0815998913336942,0.07058083401019796,0.009299256762148695,0.06883367819697336,0.8411914323277859,0.05006624232714357,0.0033715738826479084,-0.08996127650892703,0.0957398293986719,-0.1767020408730232,-0.006650603945260749,0.08580539278108677,0.24239177362124278,0.12335156922426105,0.07376011726189591,-0.00857584664712636,0.08839593297159101,0.05861362376193891,0.013819683857167095,0.0002382550867897859,-0.04198895880212414,0.24977686239845162,0.0628238579115618,-0.039549704690428546,0.05889803812515381,0.8717420974713082,0.2176476631567147,0.17990142488156824,0.37124069305706636,0.16220304362398316,0.21579278970022836,-0.023731771969606807,0.07394920760137466,0.010987726864736315,0.12050476278271256,0.022844718192269308,0.8940326939003423,0.857285639384888,0.14809716626537267,0.023367514874761266,0.19492915656494578,0.007787966961929436,-0.008984391820908173,0.03151464674499762,0.041277042870328066,0.4244754816229105,0.11348159913246318,0.06859907660023873,0.04027790264214038,0.7812440682071952,0.18029864337707383,1.0,0.18037209745480803,0.8686009266239451,0.04630611132448589,0.21147259396844229,0.9308667321338713,0.2820756032745914,0.32478748707377414,0.05462070045650149,0.05994009732321842,0.03866346837111714,0.16765244513706698,0.17742680416274656,0.07810050118299658,0.01741108413650926,0.02556856694445677,0.006987190320761203,0.11947905598761195,0.6907774605806832,0.169060962150302,0.15852018388207595,0.035174798847689946,0.03398238487826732,0.15320917082148985,0.24264141365345707,0.06710442640531483,0.046262369463998906,-0.2064650434215358,-0.08384069524127313,-0.0008432832456066405,-0.012823690147182796,0.13575445577163547,0.21794950429603202,0.12651454158749983,0.06860609526679785,0.018863163219827988,-0.22422400020342917,0.08109813872646178,0.13245577023756955,0.10744282792809241,-0.06894549800745006
VGK,0.6700707168736865,0.5517197328393901,0.5229753916030606,0.5613231008358619,0.6120015839103604,0.5352639585913458,0.9581078558866479,0.8792971664421665,0.7489320768739015,0.7315047251615797,0.614256703413073,0.7641651011456002,0.7164465982832587,0.5585095663208591,0.5210156062127662,0.3149631034600341,0.29453495983419675,0.23904154254624954,0.7110133730859168,0.46286563754401366,0.7030068958315641,0.5611107717703467,0.6872388125807808,0.694386851841492,0.7119639490093526,0.29305188160950807,0.6849188571267691,0.6100671009355705,0.7230593354952617,0.8486797974478063,0.9398858268523942,0.9453854195177442,0.4432665643336346,0.5431557133425076,0.7160128573746042,0.72146356457744,0.9703103215016163,0.7379095950418143,0.7131303557221628,0.8332168235650576,0.8900265318108318,0.9385111976165444,0.5586735949931643,0.917274284429457,0.8595901432123173,0.5521487378448324,0.8586963432282207,0.8716642118148042,0.9431642364891933,0.7271377323287169,0.6516449305986158,0.9090993711735207,0.6163410947740938,0.5768967038403814,0.7075217710452811,0.5267768185441597,0.9649328779280569,0.6826354027710966,0.9097164682905264,0.738243321356045,0.9317561664661363,0.5992760577903051,0.4730802217458645,0.4896707334282374,0.32305583524183834,0.6969909069570953,0.2009512218936743,0.9671947832680358,0.7135403351814672,0.845420020961795,0.3108653544233287,0.5612138031791881,0.609006570957429,0.5895975234928674,0.43686243233537925,0.5035351940966805,0.5299312253935614,0.3087838041385527,0.6148208144681943,0.6842407758752818,0.6228922741137403,0.5968264180436905,0.6964825621075751,0.7246652425177688,0.48306212216303523,0.6138956241428226,0.423353808458576,0.6931919821389834,0.44545515958548065,0.5760153879763802,0.4203447663995749,0.5122676601132139,0.688823872870055,0.2977560125677805,0.6832406942399926,0.4054696622925712,0.6560111967478691,0.5636136648963234,0.5618309107869542,0.6398765864674492,0.736757455906558,0.6608991030248563,0.584538746808079,0.7174176695888573,0.6280598495675709,0.5989946961394375,0.5942527140543464,0.6026949083040969,0.7335248591946718,0.6534379065880477,0.6856280210820459,0.2296631486657011,0.91574238076635,0.7651191692441466,0.690051409542001,0.38336830473421635,0.48469416363976786,0.5625618343701635,0.43623720063803684,0.7112180307989536,0.5816531693392559,0.7097174275542905,0.33719668339788755,0.4086872499757296,0.5239477865239434,0.6310431159878879,0.5520925099235302,0.6244542855042571,0.20639671596793843,0.4207292235728449,0.4696317029330978,0.6758711295292037,0.6008151143961743,0.6949461388989022,0.6807440100521345,0.4051087754808599,0.9527163355227155,0.18037209745480803,1.0,0.2276983482538474,0.7172608632457685,0.9207933169285891,0.29165313367562967,0.5552047990150442,0.801300291861655,0.7326483833605464,0.6915706848325699,0.6929408269319396,0.7866044081569824,0.910762111519212,0.8454898380333983,0.7240387648985532,0.7057499048094151,0.6244256631741544,0.761469523230926,0.5761684014293951,0.9327332432003559,0.9353138289957814,0.39345420349832955,0.5673128519385969,0.4980993225400615,0.5981929590672128,0.709182057270095,0.536223279586288,0.2413945320035259,0.581327984273925,0.6840967433612919,0.577827396115846,0.35131816450584796,0.35881410721868523,0.47900743698963083,0.618211373852736,0.5894819778770722,0.2274779168906818,0.5554063369501584,0.7354784236750012,0.7782717001341043,0.6378301465463255
VGLT,0.5213913538400864,0.10659493108756908,0.20499564463548758,0.1314579107213265,0.09647083718735683,0.07685088927001046,0.20155089211747562,0.16942129393529323,0.15322975600381927,0.09337604406026595,0.07569751011945526,0.1699232207155425,0.14738620997635965,0.07103693876682746,0.065971538474706,0.9827915092471808,0.9500027320683418,0.7902633676923376,0.1224306005290377,0.04696383982962696,0.13120628588734048,0.18326549135877507,0.09909722798528085,0.10908324214301493,0.19435456018878453,0.9448536528173682,0.5428169502482008,0.15722954000713912,0.1810527276983284,0.3027361433037523,0.2224883879891984,0.19430008601933949,0.13709853959304538,0.12145123575938639,0.16369264645978565,0.17081899205469034,0.21899004684798906,0.15670636935894924,0.11264545394251295,0.24081022811469632,0.19088771751465267,0.22212495769312804,0.09485287986145474,0.1616358530050091,0.30023487157468126,0.15531281508880682,0.1462586147664764,0.2041525658031526,0.205406382579119,0.16906552520566515,0.133664395175946,0.2048831465282643,0.15713802370741559,0.15464029126396758,0.23564841623100347,0.07264018840449417,0.18919213028176582,0.15133664534608288,0.24751050075207323,0.14710795304307486,0.1983756753680931,0.15071445155027885,0.19971685721182628,0.1921495931148685,0.1854689470919489,0.06554021205305041,0.9009692202312429,0.21540533932594524,0.1100409529337023,0.0635760092824449,0.708719212623108,0.21129052856887778,0.23354223308882271,0.11396062205642006,0.062452039709840264,0.15642404736790588,0.11048895542579008,-0.11504562218938398,0.07026691878919071,0.13024865826041307,0.06349510169166478,0.12321918930521406,0.08793107385202642,0.14088778985870004,0.03824358164424704,0.09633298066743215,0.014654010950917345,0.14016116983758786,0.04221899967409856,0.1197455596409585,0.9184016308028496,0.05605355764873385,0.09322924281428961,-0.03061013916625795,0.18867229725905227,-0.10698300811557698,0.08891398709073597,0.14581610359564753,0.3879120969813146,0.199331083340189,0.11149196132003893,0.09976530135771787,0.1507941416335064,0.13748904215128843,0.08419379561899787,0.05941295328709072,0.04479552071316392,0.3263908932685168,0.16852005283802632,0.06795403088808373,0.14150560577674953,0.846366015846056,0.2424316066833822,0.23953888735046133,0.439807155389503,0.1049432027745984,0.160361336635949,0.03621859331167833,0.0725501726790138,0.10835689256927418,0.21579579320882214,0.11262499651471772,0.7412837854668308,0.9137402220227754,0.19603526046037625,0.09365744167945515,0.21008134631686198,0.08372260190044781,0.017657393925073536,0.04757238195532518,0.03458935977668565,0.47924824033073704,0.17887114752565603,0.150139318652242,0.14537929814122824,0.9275305037515996,0.2202392589657632,0.8686009266239451,0.2276983482538474,1.0,0.14350948116771742,0.2464481951241618,0.8913937081089723,0.3453762367519638,0.3336720908302109,0.1515769082787709,0.16534965548090264,0.11841032556806297,0.19017804300797897,0.21529923773459192,0.15506777072806596,0.11436935389774308,0.126867478909943,0.08147585076874661,0.14468573660835807,0.748969081547807,0.2072539986953319,0.1978391243278855,0.0855281107566291,0.08945161763906956,0.18438499262682415,0.3184532434443414,0.15670624869784108,0.10278797417831012,-0.12971094747561224,0.033411740529301286,0.08714996501285292,0.05065741685718488,0.17317612187708,0.2581464426453738,0.17545725062425088,0.15698859761533707,0.059640988046371135,-0.152166532020533,0.15664056838449295,0.1587466427138831,0.1683067138526842,0.03851931086725755
VIG,0.7023800314277959,0.6342752485427726,0.5569018176572891,0.6414759007047652,0.6847698230086091,0.6199587977351739,0.7338793515712596,0.6744547989378173,0.5852449585087238,0.9213166859821434,0.7787430122706919,0.7514012909383952,0.6169779779742353,0.6160315458293605,0.5644648881233746,0.2448663308889899,0.18842770438599699,0.146139708087594,0.69851857846385,0.6139822154161104,0.9375363531166162,0.6983989936965744,0.9193265314147905,0.858177385757748,0.5428317379984264,0.18817905212199804,0.419251377154495,0.4500611569241737,0.5448680288905354,0.5772613843495069,0.7374898418902243,0.6955968152204719,0.3715577519738126,0.5401834820043998,0.5741227460160522,0.540671671669146,0.7412214413730162,0.5700821779328004,0.9052841622779132,0.714067367476157,0.6554826181205139,0.6587046217293174,0.42545069357475496,0.6436901157359148,0.6113444721980258,0.48195950897344625,0.666054309561523,0.5764181965087465,0.6437561958734463,0.6102896166859111,0.5589210938879835,0.6740730748402005,0.47303761653795817,0.43233074538364674,0.5065908409661505,0.6725418474168642,0.6880103764181615,0.8299929621525758,0.7020870053226608,0.5746518443588875,0.7124408988830475,0.8658055659086856,0.29286114454277257,0.3074616369612631,0.13655824171315084,0.6197890990096232,0.09107619380876589,0.7577137407196479,0.9191776897000836,0.7751671579730893,0.2039652822114959,0.6433714794886745,0.4851515432485033,0.6189197818454711,0.6045021328642486,0.6458191779540722,0.4767750455910163,0.4052845630532509,0.6883818794062877,0.9219785561765418,0.7595267226898713,0.6438576126380197,0.8617397004922497,0.9324544571967619,0.6641506228783995,0.7941219478950299,0.6362759103507335,0.767533957571709,0.481387186665539,0.47989131203458874,0.3523441438218168,0.3537268059451182,0.8764688423345132,0.455161260931175,0.8625926250560146,0.5112220975413588,0.8116989192066458,0.5607116651596398,0.560771448949021,0.8107539148039943,0.5844227798663675,0.877617858134327,0.5967054027748421,0.8251056500200277,0.7614213341255623,0.6998498849572254,0.7230400488929344,0.6495771374382039,0.9375520769606561,0.7898638021898409,0.8203250818680167,0.14736248962544593,0.6950005827718775,0.6793768214557274,0.7324655871545126,0.21738909737237108,0.3213228373171071,0.6078232683575262,0.4073274658424346,0.9065770186909846,0.7547053258536371,0.9029986111569553,0.21708742553564792,0.3401410088665938,0.4457861686379235,0.794250618108305,0.4405146906606205,0.7939552529446416,0.1901557143908713,0.43015560702208044,0.4145622532586902,0.6983082017668185,0.8757623918325648,0.8209499695402884,0.852536199860535,0.35953089770728314,0.7390104825922038,0.04630611132448589,0.7172608632457685,0.14350948116771742,1.0,0.7550233103342294,0.17515214875265728,0.6682025836174948,0.6122592899305166,0.919702185007568,0.8934741193363721,0.8507411165277815,0.6429220639734857,0.7013061859627032,0.8886551213298581,0.9130892580734468,0.9449794028631079,0.7694594713222057,0.6065729438945793,0.507317184988095,0.7267712265638652,0.7142053956836754,0.544764848403134,0.6650038975156368,0.5481169076756015,0.6675030357891627,0.796150297166102,0.6711574503225529,0.41211072855365094,0.8287946532959795,0.863396455773992,0.7050316663512234,0.5208352369128746,0.4715803440752214,0.6652822325685286,0.7542484241811557,0.5867587204955497,0.40824312774466726,0.701375180099918,0.5752547981144285,0.7971757085730373,0.8040629269472366
VIGI,0.674829973054859,0.580400115104207,0.5570516005215151,0.5847298793772874,0.6123789397479433,0.5521692995758648,0.929695385161535,0.8574967149685577,0.7082857335816403,0.7428977159686672,0.6203204519833846,0.8073282657614046,0.8079636298184982,0.5422601934407602,0.5213731477255692,0.3304988605465264,0.31869790869389714,0.2763119959770238,0.7262562845558627,0.5111980766212348,0.7353635574682436,0.5840863627630022,0.7171339318027743,0.7173372968609483,0.6742988760880274,0.3154975918433005,0.6485193552451167,0.5515824823620383,0.6875438518073257,0.8689318121264229,0.92752346300872,0.9045007873565422,0.458188860786566,0.5159865141259324,0.6775475079020066,0.6516976913272751,0.9476775727149258,0.6976452323988367,0.7371829641610301,0.8317962660518086,0.8251001988207626,0.8562761977133962,0.5418204852186193,0.8127286132015361,0.8418624326236214,0.5493357943242683,0.7759298186645894,0.7563601513276276,0.841285736578019,0.727272465310552,0.626141250074463,0.8560629365777644,0.5831847739209407,0.5274165448732601,0.6638348494710189,0.5639892461388402,0.8657145191260192,0.6925049891373234,0.8979902080094267,0.7082985208486684,0.9019338392935841,0.6608933433818734,0.4737423990525253,0.49044757859184296,0.3210585432750942,0.6676272663666587,0.22630100108287854,0.9457234433774435,0.7413379106718652,0.838295314077846,0.3228581035948104,0.6086942838952076,0.5517696894095308,0.5683200541794713,0.5019382896693405,0.5493513186910629,0.5608740817610941,0.30894599710841086,0.6062393482685609,0.7303387677089802,0.6357105778015003,0.5686756259509904,0.7059647072450381,0.7518586911147783,0.486173222898509,0.6362577276047517,0.4557169224488393,0.6883131422226937,0.43512688631030955,0.5389302574073606,0.4322098970912031,0.481518925851974,0.7109701237189892,0.31620246778535693,0.7152115888397402,0.3990397589560771,0.653337279011284,0.5374724488934572,0.5472184636459171,0.6599981161452012,0.6872670802234516,0.6842155355388161,0.5503002302209937,0.7255294645290546,0.634137842092724,0.594234409388771,0.606492879412426,0.5987325351159364,0.7575114431685638,0.6666245456478901,0.6897380778685424,0.2551853464212303,0.9057850697505482,0.7394105854333531,0.6954297344428358,0.35947855573963383,0.47984193698034894,0.5337642148880978,0.4549549396769111,0.7333815881654022,0.6063576756403009,0.734356262102857,0.3540002629326707,0.4217564166443923,0.48092323325156083,0.6411640474996386,0.5411934335631029,0.6504942164485364,0.18645756470523803,0.4139079246451927,0.47123835305466943,0.6776984213876391,0.6789788066518807,0.7079697474601448,0.6908159565545742,0.4166551683200651,0.926955054479763,0.21147259396844229,0.9207933169285891,0.2464481951241618,0.7550233103342294,1.0,0.31722887729728433,0.5962213374210078,0.7993618484978995,0.7522538287262791,0.7136830080166339,0.7094296977545231,0.815963237115521,0.8881306865309408,0.8493325054582834,0.745744274758762,0.7325352322949842,0.6439370298643894,0.7339351641758913,0.5790516600326738,0.9055975176048531,0.9031552764600111,0.4577890080444313,0.575875499266246,0.5354409248687761,0.5961514315745038,0.7047836787371314,0.5730691444042831,0.25765824632073475,0.608337836304532,0.6873808726542017,0.5781561771993654,0.40697859247409734,0.3887198793156933,0.5572839619520326,0.6344000918970609,0.5714546921230691,0.24554379233338294,0.5623644300224119,0.6963613825759123,0.7766697728903763,0.6570673729237005
VMBS,0.5783534328478286,0.16830206983053142,0.24100272160459996,0.18912831547498007,0.1557792389998291,0.14428053648640735,0.27953231686268676,0.2490820537745661,0.23052543822202462,0.1378200242285429,0.1123695062228349,0.2350282259188561,0.21772462022348696,0.08230021990803647,0.12045784338565028,0.8879392234404118,0.965496764106663,0.7920119545132293,0.18152740931891934,0.09589713195009904,0.16249395043217477,0.20998518361933569,0.12086890070376427,0.15808072527254047,0.2585944019073418,0.9562531787303832,0.6259575166583133,0.21661748472801903,0.2628308190100984,0.38575365021000335,0.2939256087820866,0.26401460614932076,0.1888225674420243,0.1593775796255459,0.2318534040248488,0.2235763843536841,0.291734915916786,0.23116659774292198,0.15911189615627383,0.31900555543623293,0.2660307313035204,0.28374721380739465,0.1585679443520641,0.21912581335356282,0.34908311136454495,0.2220421401914771,0.21300137176263442,0.24755717818170592,0.261588805236667,0.2504473623746232,0.19250652833134105,0.2711837535568615,0.19823847548075715,0.21368414322969254,0.31239046866681225,0.13314622591323405,0.25011471194953294,0.19537773114057536,0.3297371211605946,0.2175633939950091,0.2709005868042165,0.17224552804948068,0.28530685360649016,0.280738887031621,0.261547297635791,0.11649261023906742,0.8977513493535986,0.2855767366624839,0.15468741524048035,0.09837962668391337,0.6929201287479626,0.2459417830352066,0.28355828033583214,0.16829543140221312,0.11453779140049701,0.18863633778428107,0.14321683985763536,-0.10319658302926533,0.125154391216642,0.16039519891349696,0.11338438830135363,0.13154271589107797,0.13112939332562432,0.18610801016146375,0.06969725704233039,0.13965894471683726,0.02214649489387443,0.19654245088927114,0.07658865068612541,0.1720785681242868,0.8916727028983674,0.11975468642079612,0.14098641872073125,-0.00786980296044241,0.22587235560361615,-0.0899359486056337,0.11886142964282138,0.19251838589513304,0.38959407113498756,0.23516199090317627,0.17375886882832645,0.1281882315527242,0.1988631506276349,0.1880789207854574,0.13941077985313877,0.11997172587897834,0.08195250679575017,0.38163886853784,0.2033258824226515,0.10979102589132768,0.19286552045302313,0.8548592076607209,0.3233283053246804,0.30063382074151107,0.4998526624443539,0.17526054578713432,0.23857672968660054,0.08035434055560545,0.11792221706912774,0.15345595121349925,0.23378268955047227,0.16126637354569173,0.8629173335931508,0.8980220178637516,0.2381140608857576,0.14098832108082263,0.2561648985064477,0.13559803708299314,0.034978283716112314,0.0881698285443941,0.10204445737981319,0.5484166894782116,0.2120017609263112,0.20249371073245212,0.17930893088487207,0.8517345223751882,0.2970116676382434,0.9308667321338713,0.29165313367562967,0.8913937081089723,0.17515214875265728,0.31722887729728433,1.0,0.3676372326785218,0.4045121333947766,0.19491044700157945,0.19472215100363524,0.16999324111820371,0.2722611402126067,0.29028065689894106,0.21830426708186762,0.16210573676040163,0.15528271226663745,0.13531882292977868,0.22152148598731022,0.7777927170586558,0.28563694615574425,0.27341141014107523,0.13656719084638397,0.12649033149562255,0.2319686065277674,0.3412139854891794,0.1877033715789527,0.15535546761679023,-0.12988252523688698,0.05384165549996116,0.11854841428836042,0.10591608890042042,0.17314498174275295,0.268900319054272,0.1812397247310955,0.19150907237264572,0.10674050422059846,-0.14359619300823262,0.18644896018697907,0.2306988450259124,0.2390730480045042,0.07043577104714131
VNQ,0.6336330483028031,0.4518178734361425,0.4695720278596194,0.45769514719984133,0.41249708498799187,0.41719054065698663,0.5572107367915026,0.5252191988595575,0.36140900677128035,0.5998715957303377,0.6173028181710373,0.6113796052163176,0.396424326069066,0.42739615167086403,0.3619837494197523,0.4071453819405253,0.3854554783910331,0.30481162000344453,0.41586271527987645,0.3284118466144365,0.6142046998455922,0.7776874415135576,0.6210013412331613,0.520182730520608,0.4331495515423679,0.38679310428105695,0.43441167343490705,0.36170160753244524,0.34569721312927276,0.562223622243875,0.5027217277242476,0.561659051182032,0.335966176573639,0.3520510656306196,0.3285015317416457,0.3863613017462922,0.5470921517765163,0.3551261971811779,0.5562560405149614,0.5797769141774856,0.5185106480558148,0.49118129776478225,0.3349639467482235,0.49808686344878117,0.5437298057052037,0.3595602562129655,0.41443239847163976,0.4770258351342849,0.5025118486416333,0.4667906653839953,0.2927886752858264,0.5579623876476477,0.3548588030931961,0.23144096088041907,0.39188335395024537,0.40600016779466547,0.48793460439405134,0.6974044455470428,0.5685449835693858,0.4075096059248494,0.5294201848597488,0.6855041427641296,0.2566989404481661,0.2527467093218536,0.12801641152753646,0.4686684974623528,0.31526224683882925,0.5670151162673361,0.5732660243630135,0.48978521697729643,0.3705505160418263,0.5218770808575989,0.4190362663143656,0.3836880267205103,0.32700887060090655,0.550095254813989,0.3321632237558038,0.2890048547791435,0.2927667505536068,0.6797469828461996,0.37608815347568153,0.4747197785619063,0.5024634980617257,0.6051498660361234,0.5711668765087144,0.5916970222823793,0.5337723543630629,0.5315368392728821,0.3314047637579063,0.35100336068981686,0.47240927580355524,0.268024335527795,0.49595542189713354,0.3793148259078195,0.6801083833256468,0.31062523940652675,0.563187181747194,0.4330250676362458,0.5238073826396756,0.683040137881983,0.39678176889135086,0.6599771132318893,0.4359668445649716,0.5680143585562151,0.37781372927297574,0.33707367322037884,0.37571604135179054,0.7189432652054925,0.7560662687871107,0.5709176019675167,0.6406985897705322,0.3310937335530105,0.5732125063766839,0.6660683676937639,0.6213347245853665,0.15639038150921536,0.2530329970885575,0.2353403627724107,0.28448960650120025,0.5504044328292508,0.8524806511575949,0.5510194511352088,0.365393399061698,0.46439083110976737,0.40043763393513504,0.4240020249605254,0.32487575394085494,0.42361982959303374,0.14194682949064188,0.2527023271559529,0.1792454491291964,0.6276970559876923,0.68872644403113,0.6046887737470982,0.7214916537499406,0.4656269275484434,0.5391015747826463,0.2820756032745914,0.5552047990150442,0.3453762367519638,0.6682025836174948,0.5962213374210078,0.3676372326785218,1.0,0.675957235065271,0.7246628870255264,0.7927613849907078,0.5837665730750123,0.42123729942751637,0.490949069877367,0.5816631391463625,0.5747312832442029,0.7159174767494243,0.4003977617724397,0.4037044387446277,0.5336641680600615,0.518474635899421,0.5694155167337083,0.398675916741782,0.4251766983390532,0.47345477523245777,0.621984111241421,0.6371699115662246,0.4688631677373052,0.2830754466784438,0.5860389603562279,0.595292853587406,0.2974409968243404,0.547821865701585,0.611976207157024,0.5446178481864898,0.5305830664034337,0.3676201812688411,0.274909304606593,0.5876169049342733,0.3519823342487969,0.5375450912169843,0.48515417611262834
VNQI,0.6338880440140843,0.5063469183338707,0.5080943822904161,0.5134547816947725,0.5113177626894535,0.4742241299070324,0.827124736460455,0.8034164357100471,0.6870556036140909,0.607282796876678,0.5584257678784262,0.7245673422714544,0.6566720613303685,0.4370494164385605,0.4619474155624646,0.40275619849075656,0.4089835292736609,0.38038151934924086,0.5796131865310927,0.35123821462796695,0.5944955846038263,0.6082677170166672,0.5856169204435346,0.5595247851182922,0.7039734582236572,0.4115886442044468,0.7026437112901102,0.5592305060950984,0.6839268435056435,0.7988882786622279,0.7659261815985662,0.8200311470702429,0.458065800695416,0.49038555411332607,0.6232589223623567,0.5902079806677292,0.8169500523830334,0.6840119112308604,0.5791364543081767,0.7841156041310321,0.7494675636794903,0.7276800820829766,0.6223227314630456,0.7194053991807156,0.7224792068366477,0.5373297568487195,0.6572596141011341,0.7068894108547605,0.7362468795314965,0.6600717911895431,0.526813673867724,0.7679419849566962,0.5710132367794915,0.49956057476474214,0.6832549383587473,0.4426077169496986,0.7294770927183674,0.6376951262609571,0.8536687295108206,0.7157494820512078,0.8028445671074371,0.539832805314724,0.47865161384146415,0.4859467493834384,0.35693619676717586,0.6207721967598877,0.3318359019117333,0.8150918672810118,0.5834822677580274,0.6499832977096603,0.38326169121729287,0.5227094327127684,0.5740231605679035,0.505541859153746,0.33330819693794617,0.45449101129110525,0.5024326130827708,0.24302200223090012,0.4477191446068513,0.5826787328120995,0.468991643325996,0.5080125536917188,0.5478644154465853,0.5995885557430023,0.4743212647430735,0.539194790327588,0.3806734039247422,0.6081013701175149,0.41281604340738953,0.5397298630466397,0.4899211099136476,0.5469743963580915,0.5463529813762997,0.2562087706921504,0.6103024084689701,0.30395684675242046,0.5436788854648639,0.5221181121047123,0.5340280907469953,0.5825886690012743,0.6545318637319149,0.5769006567273895,0.5202833879906863,0.6143617144868869,0.4796132312810657,0.450349506501291,0.4445617585601721,0.636799765699941,0.6601297808622362,0.5523948306806745,0.6222853576223772,0.3445442511739936,0.8594256945440435,0.7750041959979518,0.6279189579294158,0.3654805302308757,0.4729651859502052,0.3925331184853198,0.42905282267455586,0.5747072151266094,0.631625007580785,0.5766457265065292,0.4374766405129096,0.48199069807579903,0.5062441990953308,0.49650571903442187,0.5197286120843543,0.48498798054858994,0.20528010864265808,0.4082217032140684,0.40758042656567983,0.6362904174187582,0.5503387802540097,0.6107385586093861,0.6285356563731607,0.4623771621922766,0.8178149606825784,0.32478748707377414,0.801300291861655,0.3336720908302109,0.6122592899305166,0.7993618484978995,0.4045121333947766,0.675957235065271,1.0,0.6584593602585141,0.6556497632231331,0.5887914672656303,0.7261975542596469,0.80361278939987,0.7140948132687664,0.5952412783472586,0.6304254203263249,0.4798100256631115,0.7214971095236844,0.6180442683289673,0.8177213509165862,0.8350863535473245,0.3529381564560006,0.4709239653207659,0.4883911833582072,0.5739483769910927,0.6291074360770909,0.48191741409020356,0.18578800024087522,0.5089603842884683,0.5631502348569001,0.4129227766717556,0.39363838262798156,0.44032077686326504,0.4290888869696951,0.5321069971316273,0.514046305690057,0.17289903640743043,0.5263877470809812,0.6737942727781305,0.6618246465972676,0.49718824236852593
VO,0.7339069102280515,0.7422538524785045,0.6610979322961946,0.7531805133130716,0.7673224097002126,0.7287363326160361,0.7659850516068651,0.7206822225079171,0.6352094440755056,0.9457272670654063,0.8621175453750803,0.7973557666710549,0.6344702389947819,0.631787323153844,0.6550504131645875,0.25365480715513633,0.20082363365043487,0.15725503812228311,0.7660598718833602,0.6546957390579776,0.8859525891199476,0.7331680309100576,0.8476919910410898,0.8622899723344762,0.5747507127691411,0.20206601077200942,0.45281012970807855,0.505293014238609,0.5796444696146426,0.5617579540093507,0.7587406596920117,0.7098412658544019,0.37855807339494674,0.573995598851033,0.6258180689893668,0.5553782883180391,0.7608013561152914,0.6238263644393374,0.8989109303703039,0.7380341108694988,0.6955162416726712,0.6840893899127332,0.45296927776757695,0.666488861724259,0.5892446682534926,0.4743657059738752,0.7045211557640373,0.592571947873223,0.6647131078405991,0.6347915169578017,0.5989104289827737,0.6719935392000647,0.5114044740583578,0.4857413877009806,0.5406484588563409,0.736405987771038,0.7086148227107987,0.9185452201125818,0.7458455604720651,0.6112630024506126,0.7430098892946743,0.7847514650219173,0.32146347946874776,0.3411575386260245,0.15821458721184542,0.6666187661695596,0.09177978686763096,0.7732940327808309,0.9121299402999661,0.777142422845259,0.22493967919807628,0.6317660087104444,0.5673100995769753,0.7336932894419134,0.6393361290418927,0.6272193782093943,0.46998921291481127,0.4305396643463921,0.6971746208073532,0.8690313215750796,0.7533598621763374,0.714928126086073,0.8893146882777881,0.9283979807396128,0.734046571470886,0.8563699220233457,0.6154808087049725,0.8703056870902106,0.46825391734033694,0.5527952853049709,0.3666002923297668,0.3876874372330365,0.8479020063337859,0.48860417055338284,0.8811382675813907,0.56494171830666,0.885540657463137,0.6846152931255979,0.6225673960863836,0.8448960053371091,0.6362964514968329,0.9151443790954938,0.7114988516908076,0.9046859763707077,0.7651741060269487,0.7500742602591038,0.7112753062262758,0.710986115331491,0.9740648275891354,0.8399675934890695,0.9207088476420459,0.1567401410438177,0.7396801353210931,0.7383260637712198,0.7676169519835554,0.24732087795491725,0.35922367269809036,0.6402937954588517,0.4018922129879285,0.8908717891730069,0.7933673618054614,0.8850215436093892,0.22790956743766244,0.34971162820870644,0.5402290379042709,0.7876819238362833,0.44792681540572676,0.7734884169067013,0.19373872730053673,0.41887869796708355,0.4665535207390843,0.7442087174446154,0.7988533813623357,0.9255584899189615,0.928641452405999,0.3693000763128549,0.7700118843437673,0.05462070045650149,0.7326483833605464,0.1515769082787709,0.919702185007568,0.7522538287262791,0.19491044700157945,0.7246628870255264,0.6584593602585141,1.0,0.94176809488432,0.9467020602318924,0.6817154819141635,0.7405819410094246,0.9047495605588451,0.915991680428626,0.9223444440441628,0.768459728135927,0.6452089997004933,0.5355475713769882,0.7619052935088171,0.7285897029133365,0.6353033195995981,0.7210801283831599,0.5863276780576252,0.7370675196753739,0.8228774254766247,0.6759383767346907,0.4383607289318604,0.8126650733633445,0.8993115417726277,0.7084114050601632,0.40267395044088466,0.48622343632819665,0.5460959051842009,0.784254621949956,0.6637266291595415,0.46321804534620103,0.7683527881454111,0.6303341569034826,0.8554288821789217,0.7744428290927566
VOE,0.6937406888829553,0.5805299709540196,0.561235593282711,0.5969668957889082,0.6141238386473163,0.5540650193008714,0.7198380686557846,0.6816229112615013,0.5205253535944063,0.8619411771987429,0.8715312158463805,0.7654234484212922,0.5615100387536255,0.5946065515716547,0.5127676621341161,0.25763827201734274,0.20217567716647122,0.14049154147872378,0.6035008891569399,0.48981693768672807,0.8536238829683717,0.8437327596683001,0.8508717995897436,0.7279184485514038,0.5486766437929025,0.2048297617284918,0.4175003646264048,0.4790982888816509,0.4791669749912998,0.5912234392105654,0.6592652101368668,0.7086879397371623,0.34954448525614035,0.4839091778203832,0.49751062945953445,0.5262045348431118,0.7037654278413452,0.5083441570762655,0.7772295907467034,0.70253420987369,0.6392142294674188,0.6238725873443522,0.4202211708632116,0.6380283617063737,0.5994044767053094,0.44354544861467193,0.5858080652441746,0.5772024446278181,0.6298774019135439,0.5875166450844478,0.4605830248530141,0.6819497990648342,0.4820648158314562,0.36102753862093667,0.49033289373688316,0.5560354580010227,0.6415610117727988,0.898865995577308,0.6958295285041469,0.5471296901267526,0.705442667756102,0.8484960063373624,0.2830683978255439,0.2954269181578782,0.12943911011690426,0.689396836272128,0.10545110751192506,0.7269659782089096,0.8012963347658798,0.7136286510833634,0.22191032490660917,0.6098291044032945,0.5011081469679456,0.5715058072354384,0.46399418921174335,0.6197331233766155,0.4191556224157216,0.5061906587512974,0.4988606387025486,0.8622672734438984,0.5832991583021142,0.6750311632973507,0.7465906556268626,0.830313752135203,0.776633204177306,0.8077781241896732,0.7084603845896036,0.7430735635468557,0.45602143477078366,0.4895199769923857,0.3559384101578642,0.34609451690214615,0.7134379240572947,0.5266844604104661,0.8497884616910614,0.5919153755588417,0.8348709234011117,0.5851446806095267,0.6150490092326499,0.8527169433782805,0.5913344573215369,0.9160568159522883,0.6018729011833117,0.7818161594130751,0.5793911868646048,0.550037444920578,0.5691959940050902,0.7369769150216086,0.9666622505120093,0.7822715003164133,0.8562938075141199,0.16806666172925114,0.6931021857549389,0.7533473428166,0.7159856669033912,0.20172014671385383,0.31223308325042864,0.453116910623238,0.35360516968909367,0.7737372996229458,0.9133057365789917,0.7649122019891962,0.22285333843901275,0.3423155677749572,0.48460175024098484,0.644962784248693,0.3882226427363715,0.6087318659562033,0.17333981084119005,0.37058921603186,0.34314750851429177,0.6966462503794718,0.8283010777109538,0.8093501386172318,0.9365190831574475,0.36134463462025923,0.7009459076606627,0.05994009732321842,0.6915706848325699,0.16534965548090264,0.8934741193363721,0.7136830080166339,0.19472215100363524,0.7927613849907078,0.6556497632231331,0.94176809488432,1.0,0.7898051524371406,0.5868755318660532,0.6498569213552939,0.7963611117703013,0.8011365005647422,0.9521336214900454,0.5835988878874618,0.5522994548495909,0.49854412475015925,0.6838448526070319,0.7196865487645433,0.4958133277793131,0.6351289646089617,0.535533202044919,0.7409201434629706,0.8494715178242059,0.5940739765110302,0.517433478075401,0.8330761239643284,0.8515320887042316,0.5112861505283813,0.5406951680012124,0.5778226519862365,0.6063924294617051,0.6822567169964028,0.602795414162024,0.5075718768303934,0.7570421181426831,0.5078851325631927,0.7091873855003143,0.6903011482655803
VOT,0.6960254738609646,0.8161748676366984,0.686019238223691,0.8216840622183597,0.8347252365002568,0.8156083853057674,0.7291326647240214,0.682164775366357,0.6771752751201165,0.9298418807925022,0.7620766899363038,0.7426447124451687,0.6422460274231581,0.6025333539780667,0.7202765605997941,0.2191245844965371,0.17351773370921264,0.15196905846830094,0.8411539779873468,0.7418778362042135,0.8281785465176132,0.5502080489082882,0.7584711753070899,0.9027586649683007,0.534898319429891,0.1745476476723255,0.4353005881271155,0.47636838590926434,0.614883337657775,0.4691592840016019,0.7737052555084215,0.6371945848731176,0.3685364184211447,0.6002917216335186,0.683785715977241,0.5252462377510501,0.7354886264083913,0.66829148906593,0.9244519074257117,0.695544196000986,0.6727218455550693,0.6698677221095238,0.43573419788003714,0.623051815255241,0.5144588625243973,0.45607510261366574,0.7445830715334912,0.5467030718067774,0.6247997260306628,0.6141630462498686,0.6685252431572166,0.5913351635583045,0.4870910578010586,0.5561769885478657,0.5328002524818726,0.8294177368783608,0.696856367676512,0.8411120093978894,0.7136641386045434,0.6053615777383038,0.7010031159328918,0.6404970407290714,0.3237896437761752,0.34868423881331395,0.1624686849257977,0.572920763520956,0.06133443920834244,0.7384424072341794,0.9256957829908565,0.7592635157108467,0.19953118045238422,0.5891202781711091,0.5690234200615817,0.8149875367429917,0.7403407176616588,0.57052664601632,0.46928946324010096,0.31295771379957643,0.8163446042028152,0.7902864218802235,0.8428101490084423,0.6829908625694362,0.9371778967240957,0.9259050356142934,0.6160008926094509,0.814980526777172,0.46397522479389464,0.9006913941156673,0.43515967970472375,0.5510385632157863,0.3346250316854773,0.38322439863109753,0.8913575424137019,0.39826491364364447,0.8166985311094246,0.4811271518215723,0.8410567057911537,0.7070052223360289,0.5659597126931827,0.7466014657652136,0.610349637626997,0.8215341080960438,0.741059355853377,0.9300935101409193,0.8637367957882401,0.862540623226164,0.7801896949744941,0.6100661738863654,0.8800900325152444,0.811633077056962,0.8862620321648564,0.12426112083555314,0.7039866080536584,0.6442595994285174,0.738427003132473,0.26023310186616416,0.3648185619905953,0.7538473415002767,0.405658224373461,0.9142507732868211,0.5956338464198236,0.9113317997640638,0.2022781808521916,0.3161888315945535,0.5339678128052383,0.8439660536167913,0.4573828280948428,0.8501750703949597,0.19341265966821305,0.4282106558516408,0.5348256391816775,0.7107879482562308,0.687666472764191,0.9405431321277886,0.824330102701503,0.3354814289417606,0.755707678563264,0.03866346837111714,0.6929408269319396,0.11841032556806297,0.8507411165277815,0.7094296977545231,0.16999324111820371,0.5837665730750123,0.5887914672656303,0.9467020602318924,0.7898051524371406,1.0,0.7039593296841085,0.7483830211166653,0.9152613258668499,0.9332619614308496,0.7998861618820657,0.8653848388914649,0.664260261319575,0.51176357367947,0.7563007165464465,0.6602814545609659,0.6961005565629174,0.7360231232823846,0.5741393188122036,0.6517774788350809,0.7089474333975525,0.6821728090550677,0.31735207370859303,0.7114667663721536,0.8548438263906835,0.8261808705665571,0.22659789512588252,0.351708344892359,0.4323218150198707,0.7968029644194872,0.6513965815209024,0.37375796146348267,0.6953969359709842,0.680846623644046,0.9029416316488705,0.782673207696361
VPL,0.6087787798847041,0.5472415783889643,0.5197568610267328,0.586947020665415,0.6685040714196012,0.5581946250127998,0.8845961619397085,0.8668186052336267,0.8667334199031089,0.7256509033567058,0.5716636390533134,0.697170733771027,0.9245783322274782,0.48713008621882165,0.5605559669961435,0.2673338853990756,0.26470743678185604,0.24382620478371306,0.7935330877481871,0.47690092705667736,0.6375136413343963,0.42797775939837573,0.5887448487524498,0.7077497855752164,0.6891705181851653,0.262917799367981,0.6207984099540956,0.5739445431217615,0.8362450084712147,0.6849789254769115,0.887180827592765,0.8282553606526344,0.43312404031431856,0.5399443103071414,0.8828418361388941,0.6024738636303065,0.8900098871916269,0.8541361529662822,0.7150553145309129,0.7902889653576763,0.7201609912249197,0.738670745105987,0.5282433570240389,0.7138920623147692,0.6186904354381372,0.5360040454556697,0.7775346805950315,0.6637139965690321,0.708467785564813,0.6767359685284966,0.7755285166913015,0.6994829138399166,0.5592976416838361,0.8195349875255987,0.6682161689189791,0.5265197825863456,0.7700277791820782,0.64261622167276,0.8921474275343947,0.7515727749178883,0.9172450878813261,0.43172828915376493,0.49537295451749275,0.5165799191218817,0.37678426700064477,0.6519414224519294,0.17568973437331906,0.8659219816126773,0.704560710597468,0.7994190317635028,0.24324035381037304,0.4902412298269494,0.6153602508484912,0.7151671817832578,0.43646894143831166,0.3635952640791484,0.5207294813450866,0.2726168885771975,0.7438989416602837,0.5903594412134879,0.7012486742889562,0.5396815244452061,0.7505834960970299,0.7081559824896434,0.41615961865681866,0.5584889896911236,0.2483577527624754,0.7228935827911159,0.4235458996175836,0.6141361244272945,0.366260431699044,0.4763488295383633,0.7036566771843875,0.24568668258620974,0.5767002483841045,0.4255748347889807,0.6566844396155819,0.6029428719367983,0.4983628405515664,0.5238419407646129,0.7607212527798868,0.5744247545901662,0.6440848108766986,0.7139365209555796,0.7066886925888106,0.6974781803417585,0.65554723409068,0.49045840274579006,0.6480767806989763,0.6362001034849951,0.699107224498267,0.20610989865517798,0.870352429994185,0.6575916151172949,0.6244177989623546,0.4191646624451161,0.5120451147273556,0.6867390855455449,0.444060472066353,0.7145415319409574,0.43131257378148274,0.7088181611562624,0.2955478054514597,0.35315273216589027,0.5194108436809088,0.6830829118527004,0.5726507599136403,0.6389716770394512,0.2065692374038809,0.44387646722549806,0.5780185460609227,0.6041653494480893,0.48223105668012,0.7099461893531294,0.6121355425587846,0.34890379301959185,0.9306736854181391,0.16765244513706698,0.7866044081569824,0.19017804300797897,0.6429220639734857,0.815963237115521,0.2722611402126067,0.42123729942751637,0.7261975542596469,0.6817154819141635,0.5868755318660532,0.7039593296841085,1.0,0.9265106836324949,0.843886227115513,0.7236171952031637,0.6367110733240634,0.6604478425133322,0.7936644455333244,0.5231303018198338,0.9266516326302456,0.8378094662267972,0.3529835064398948,0.589804386641184,0.4772521900575728,0.5315479166209586,0.6195492821116928,0.4764510246470452,0.22684335237132577,0.4650049965687619,0.6602259491640187,0.6929950226860074,0.17598076587672565,0.2757192851046253,0.3181414468903461,0.5769286274933593,0.6441387980137622,0.22818202860027292,0.4753299326036615,0.8559668288442523,0.7824392353713372,0.6270263356753832
VSGX,0.6594123542046139,0.6045628186793798,0.5688636309762277,0.6308128840601285,0.7000150669657528,0.6090752876626465,0.9431624676331575,0.8961736094393871,0.916509196878435,0.7675168684311688,0.6104445946996021,0.7689232732747087,0.8225885270599536,0.5507904351134939,0.5959522288266662,0.3011298937994421,0.2880909174348836,0.26319931378957256,0.8085675691547002,0.5119027403784375,0.6932183235287973,0.4884867727185501,0.6458216666198878,0.7541458364632576,0.7732156032438269,0.28696865993732834,0.699074135234085,0.6393547531348213,0.8827149701867947,0.7521113466973358,0.9457199392392165,0.889529896498451,0.4622771606782697,0.5809715718973568,0.8897385822469255,0.6846381554501549,0.9500889894951872,0.9104536539261056,0.7610355598344397,0.8399109972949019,0.8308122571162937,0.8533741299936859,0.627370153916523,0.8187849295875013,0.7418961487496746,0.5857935542682765,0.8679196447004166,0.7702548012809071,0.8333603973962175,0.7337096318184553,0.8168808437204332,0.8122931780165049,0.6306453576428986,0.7599557576128372,0.7584358471931681,0.5817056151639762,0.8889828891987166,0.6938976137083724,0.933421098266425,0.8548851646129687,0.9396932867405924,0.5030240052755303,0.5254643647418082,0.5473582814067904,0.38099778124058803,0.689959275335998,0.19431188730671697,0.9319854993035429,0.7516539839346268,0.8360200215036787,0.2951713043289374,0.5543955887097818,0.6712417549657961,0.7244711367606627,0.4850915674008436,0.4368649510712421,0.5821944051137447,0.2618516736916105,0.7499798605148915,0.644071775362748,0.7115896116025567,0.5949956109671112,0.7710102861320377,0.755975364340358,0.4601043495754729,0.6151170216421347,0.31363956362024836,0.7700481034427408,0.4723027143082761,0.6707426028409307,0.40774987608498675,0.6107037997709468,0.7443499954371834,0.2652750138408512,0.6598791288803315,0.4097155629842465,0.6865691464121804,0.648321204381324,0.5522198495628383,0.6001761414131409,0.7962738281307711,0.6299592203060683,0.6799898293946649,0.7792864917594423,0.7283608232998985,0.7172587551679832,0.6619783167253105,0.5706759210419444,0.7136488728442296,0.6656710916817522,0.732094631627818,0.21928330307910313,0.9196734617516368,0.7500847037581593,0.6789511948596914,0.44709023737451525,0.5434970755168269,0.6964482986302418,0.48922704957618146,0.7563109439610584,0.503955921635336,0.7549921686129534,0.3240947534030313,0.39199989696168996,0.5836997901736889,0.7208834621635,0.6175863140360083,0.6829945136536935,0.23681407739906593,0.46736065987547626,0.5737558499396332,0.6615217345714197,0.5417306224413432,0.7519992478811837,0.6691890283926999,0.3909140035155269,0.9711854023106722,0.17742680416274656,0.910762111519212,0.21529923773459192,0.7013061859627032,0.8881306865309408,0.29028065689894106,0.490949069877367,0.80361278939987,0.7405819410094246,0.6498569213552939,0.7483830211166653,0.9265106836324949,1.0,0.8975596596123738,0.7690682782731992,0.6820938465811685,0.6996279708091249,0.9000081658616389,0.5781506208226076,0.9870358359731968,0.9128626283805996,0.4133993198223167,0.6020522926932439,0.5211227362555476,0.5866969469908284,0.6802653510598281,0.5334006643245432,0.20763694088218423,0.5292535807163179,0.694014567595936,0.7015817767532493,0.23119933915138596,0.3076086143465997,0.3895609157768787,0.6365723946148255,0.6579047442935594,0.20971014014842965,0.5363118608236485,0.910002287028292,0.8494362721584662,0.6547943816915774
VT,0.7408327530460158,0.7576936892124334,0.6433462216963481,0.7727932639950005,0.8246567031075493,0.7633635131496188,0.8814199984951381,0.8289743262212637,0.8175119688151673,0.95838900443143,0.7588272997371217,0.8141882043919553,0.7752023504656583,0.6521870778865231,0.6946340817326798,0.261311308504033,0.22030476846597827,0.1847280984772984,0.8788576084545757,0.6768329879521452,0.8704740477916564,0.5895010325108158,0.8155190987896902,0.9457744362331072,0.6951091357944786,0.21999760267104648,0.5731595973197405,0.5841672872219716,0.756292487741305,0.6380709064814826,0.9021427277324076,0.8117457848546938,0.4484931119778544,0.6452045554290177,0.8047328415892064,0.6496525509925843,0.8886833794825134,0.8052110430562643,0.9630148993423441,0.8240160811252751,0.7836269352672376,0.7994173369144747,0.5511389586271136,0.7679215907313766,0.660876973131213,0.5636016836604929,0.8449510138840023,0.6933576788490525,0.7677351166035012,0.722339480248025,0.7711922353902837,0.7471778885351694,0.5858262498331969,0.6603196017027938,0.6632834088002526,0.785003761739424,0.8378779028145347,0.8317795974153999,0.8585752644664006,0.7624928510396857,0.8657584050173708,0.6675317679190959,0.4191038256431554,0.4446073040982821,0.2534933997528201,0.6931322855677299,0.10732022529653702,0.8883055658152699,0.958704714524061,0.8708619718045795,0.24496809953616933,0.6224100941603155,0.6262590155678848,0.7833384697847046,0.6782942818659012,0.560714653405528,0.5598095863422069,0.35893989251689873,0.8669881280377082,0.8260598164469765,0.8877183688248788,0.6848588475103432,0.9346613414881068,0.9373843619434294,0.6074204233781845,0.7893611330353698,0.46065650086299165,0.8808436310700178,0.5121331366146403,0.6302698865399347,0.38350299166965635,0.5088505508276148,0.9496453659401697,0.39464997918582173,0.8230256004196412,0.5169710523310826,0.8198184637505109,0.6954178320876435,0.6068812529584164,0.728628092658122,0.7479834474060562,0.8115859287468958,0.736743252129358,0.9060103565105672,0.9033895290926583,0.8528149324697318,0.8271890467347611,0.6442472199561783,0.8794444244999243,0.8215215949314028,0.8636306694096322,0.168567544239659,0.8461280606567265,0.7537794901840678,0.7800756051752183,0.3539075668442147,0.4581489846816307,0.7909682196731669,0.4769011749477963,0.961207618871455,0.6228550363093625,0.9577094804162422,0.258413724067859,0.3664666775358314,0.5645621853434509,0.8662295565747186,0.564815948912109,0.8955027547773007,0.24079724311008902,0.48738248011603474,0.5715368351689974,0.7493115261351774,0.7062701775271553,0.8953905455192124,0.8190230975816989,0.3806591926408611,0.9049186268940872,0.07810050118299658,0.8454898380333983,0.15506777072806596,0.8886551213298581,0.8493325054582834,0.21830426708186762,0.5816631391463625,0.7140948132687664,0.9047495605588451,0.7963611117703013,0.9152613258668499,0.843886227115513,0.8975596596123738,1.0,0.9679474038952707,0.8344488792873178,0.9005093217092343,0.812539404051732,0.5782067755384549,0.9108435752915014,0.8366581019976975,0.5904703989212071,0.7051065345273974,0.581168840361329,0.6521304986521536,0.7623472026988353,0.7257860793147924,0.33591339246440605,0.7162943651780347,0.8354507930654764,0.8560011854922667,0.297995697243936,0.3582588889410552,0.48104288419405805,0.8202658256264478,0.6932056135889784,0.3620085310120828,0.6733176089688179,0.8122792886256437,0.9354439068945591,0.8380286431047289
VTI,0.7222390624767882,0.7854777547982149,0.6419989095978479,0.7954138393349627,0.8296950474130603,0.7933668065249605,0.7582454760909864,0.708058032099513,0.6924400898405694,0.9823185111663161,0.7738294631298087,0.7546737392278324,0.6782438373772531,0.6561523029299666,0.6990054023982674,0.22295579381238906,0.16699933010733714,0.13177816939656328,0.8492797934210764,0.7168075972484051,0.8919512589698383,0.5823027909378208,0.8300593100195963,0.9751800960960089,0.5797345700777825,0.16760886806067984,0.44919697775542794,0.500217771327503,0.6235374648781878,0.5018355946784889,0.7953564573589444,0.6812879639731038,0.3962104228825701,0.6272704738006627,0.69448026352148,0.5631907730919753,0.7672450219854453,0.6794705830514763,0.9956440780625706,0.732054974265191,0.6778850854156472,0.6929174565296816,0.4475453905700163,0.6584561700615217,0.5471336375574233,0.49193258773491877,0.7580917731709288,0.5765511868673667,0.6511154538963185,0.6413374830585693,0.690509098802613,0.6257193304804803,0.5019686557136922,0.5532545763583264,0.5445017389408786,0.8389498974270041,0.7266289579457613,0.8386928162310958,0.7359634940105075,0.63720369847088,0.7364134465280278,0.691989838541122,0.30934009913881666,0.3363789063196746,0.14958129478429025,0.6066986359970938,0.05375624204798444,0.7774335528970959,0.9936143133037727,0.8090647788805844,0.19584145040068876,0.6133470673072788,0.5467352600243003,0.7557414239458089,0.7372038344276914,0.5821863055847422,0.50172518828338,0.3531669888360198,0.8678780094173567,0.8493852148469281,0.9144642800347095,0.6817036258716054,0.9489763667767438,0.9597023606212248,0.6383888026330059,0.8207229231473469,0.49616502443401955,0.8719728764064218,0.4818618966515697,0.5491647410242235,0.34213416823692044,0.3976764379817866,0.9858421273597899,0.4164697824776958,0.8430991437019222,0.5119121263826614,0.8210123892026941,0.667638244161426,0.5861902024033823,0.7362431072719285,0.6366238692318829,0.8370259962117775,0.7122902481748657,0.9036761721389488,0.9317381324584442,0.8653951838360034,0.8522648809150584,0.6290449476825456,0.8917547338517023,0.836588134673959,0.8678863481298289,0.12607592640343293,0.72518165994842,0.677361767469499,0.7709234997851541,0.26134382978342546,0.3587114763197173,0.785505650084253,0.43244938089730606,0.9953822977084942,0.6248596981757213,0.9915579222840497,0.20016154595467978,0.3251103360542974,0.5090454017263161,0.8792101172644918,0.4861610369611655,0.9431644273718129,0.22460098056905325,0.4579913198266923,0.5163894034520355,0.7330090261310482,0.7300682878111112,0.9041375047171188,0.8303109419198863,0.34874217617993714,0.7816128955330425,0.01741108413650926,0.7240387648985532,0.11436935389774308,0.9130892580734468,0.745744274758762,0.16210573676040163,0.5747312832442029,0.5952412783472586,0.915991680428626,0.8011365005647422,0.9332619614308496,0.7236171952031637,0.7690682782731992,0.9679474038952707,1.0,0.8400262983200772,0.9426869290334322,0.6912576585133617,0.5301197102987956,0.7832848257074478,0.7060480569057769,0.6480514285804159,0.6984560089263636,0.5758001831546047,0.6343447016814132,0.7281459629110801,0.7723877474954475,0.3549210551225355,0.7544652001927393,0.8374130714802799,0.8783597683397422,0.2945081894795568,0.3447965916247308,0.49008132359731355,0.8564690134771292,0.6436202888361202,0.3958382703280756,0.6930683881807557,0.6904572948929045,0.9079043835492713,0.8671025350358069
VTV,0.6766301215221281,0.5621357585840315,0.5410610787311667,0.5861131674684165,0.6304549353095362,0.540983260091939,0.7357664372882209,0.6883693280596457,0.5650372229014762,0.8891849115939459,0.8349690839928696,0.7633079861611192,0.6020804285130077,0.5970667767926305,0.5186712838179779,0.22174540461365225,0.1651137553150684,0.12167594750464222,0.6252329792540469,0.5032044980934751,0.9159151477734677,0.795151433526883,0.9158166816029729,0.7681235588786894,0.5543579178440734,0.1658312103571074,0.3977188872462724,0.45946277495882343,0.5306892578950769,0.5869041243074619,0.6951034812786396,0.7198290978156048,0.3472644501424821,0.49240721936348186,0.553538916679957,0.5257462946373657,0.7283750671093058,0.5494946755919989,0.8208629450046826,0.7091769060070434,0.6335309012116983,0.6268200038116188,0.4276935226298392,0.6450283898673208,0.6126024956070075,0.4546415710917387,0.613964798238591,0.5811900431585894,0.6334116120362584,0.5914358506606955,0.5067584471359622,0.69863906234143,0.4885736905831019,0.42349508580550566,0.4984069309809103,0.5526036275865396,0.6570796464419352,0.8600782387806152,0.6993121622082037,0.5664486114062944,0.7280908568456441,0.8654904140715352,0.29481551886690344,0.30603415736220296,0.14003094348760917,0.6878938922003534,0.06953612739512466,0.7476710956822261,0.8397516992602866,0.7593536219730598,0.18620747241334568,0.6418498363832054,0.48814053587373,0.5972987943441854,0.4662058227734519,0.6145073572762639,0.44523537220604087,0.5163427639017516,0.5647199378232398,0.8983111832701435,0.6482761818557489,0.6549441114636273,0.8037929679536119,0.8688978297579372,0.7353095957058419,0.7928306449210261,0.6833028142545008,0.7415934130420726,0.47347777515017553,0.4762531231466304,0.32250951328334465,0.34515138329949624,0.7742192745197461,0.5174174324336763,0.8269471775987269,0.5977482163133201,0.8297628793755559,0.5619993144562078,0.5808942525016129,0.8124545429347483,0.6054386450892812,0.907490599561322,0.5895617092658243,0.7804396024322892,0.6366460902429248,0.5962568328929282,0.6334340329515089,0.6791129028421018,0.9538165268326587,0.7838002287016418,0.8397765835012087,0.14191429791528348,0.6904638683453654,0.7193368838561937,0.6990588739349145,0.2137079777373105,0.32457292534538135,0.5175157309008019,0.37921697255483944,0.8231079586372076,0.8502353475572055,0.8126645590026617,0.19342672340794295,0.3123646868291088,0.45426865632749047,0.6936970676019113,0.408878025231994,0.6551649376748453,0.1822094039530073,0.3971885358394139,0.392042017649518,0.6696941807897592,0.8596920273797362,0.7977763915832776,0.895757775582298,0.3307039094482388,0.7311063448422292,0.02556856694445677,0.7057499048094151,0.126867478909943,0.9449794028631079,0.7325352322949842,0.15528271226663745,0.7159174767494243,0.6304254203263249,0.9223444440441628,0.9521336214900454,0.7998861618820657,0.6367110733240634,0.6820938465811685,0.8344488792873178,0.8400262983200772,1.0,0.6263130679061183,0.5788325210314343,0.4725947318020103,0.7141053595937743,0.7341871090699882,0.4506554964603299,0.6627493928991586,0.5451601703535301,0.68388247603585,0.8307440114901657,0.5951208226606602,0.5282365212294868,0.8551975124821907,0.8757489777714125,0.5762788129574814,0.5430871568822432,0.543175397413199,0.6718633501844222,0.6802577799456065,0.6134874392200175,0.5008803372431083,0.702417146168862,0.5505069551926777,0.725453749698982,0.7416166053519427
VUG,0.6321564926207229,0.7857992006483302,0.5722348045553123,0.7783684586589156,0.8034834327687381,0.8107728093552639,0.6523038143323536,0.6031807111262044,0.6547402928237412,0.8831549643550833,0.5863853694335684,0.6274110943298636,0.6174302941670493,0.5817627561027352,0.6819718474128165,0.180242090355534,0.13684078233687708,0.12071580851554393,0.844457662085404,0.7324124313323439,0.7498547553097706,0.3540186017940737,0.6676938652850561,0.95729767931815,0.49722770075166023,0.13561368443281077,0.3998990683638996,0.43250167038036164,0.5777563004690232,0.3818114206935766,0.7334495572904255,0.5521854982687944,0.3606452935822882,0.60167557997154,0.6639047295604517,0.4927663075807886,0.6724587506520208,0.6437585816659848,0.9548143491217365,0.6285829049824223,0.5968898519561382,0.6230656558951191,0.38590901100374336,0.563680653379251,0.43254283188689274,0.44106976107009016,0.7250431586925812,0.48418714221401765,0.5582820365514962,0.5652482860780687,0.688187863233697,0.4915665509901795,0.42375796835200696,0.538876399400056,0.47933923093598435,0.8828144058401364,0.6546617267961944,0.6669687241482313,0.63712870025537,0.5753584506380043,0.624535620657794,0.5040908508053207,0.26421441130408835,0.2941330035966183,0.12929174478222447,0.4541946590077033,0.03042278522183632,0.6721952813729524,0.940750312702258,0.7146325276035765,0.1691071424604004,0.49164096163549736,0.4791574801359032,0.7149674769171139,0.7888743327308805,0.4820496207666671,0.45595601380488754,0.1981177533587471,0.9219859597198149,0.7063981174446664,0.9418982221887227,0.5668172332183935,0.8914563400039818,0.8757357832485426,0.455888224585612,0.7000916196702743,0.312080368005915,0.7918663537575341,0.41043264123900397,0.4944223017184739,0.29274527466167055,0.363133465178,0.9727224922998216,0.29473143471863855,0.7222276834871038,0.3642385240667603,0.6731753105080508,0.5964762310057263,0.48727208361685315,0.5682261352632993,0.5448400496653601,0.6594286367874246,0.6509880249748258,0.8226855063362178,0.9749103313761921,0.8932644625934737,0.8604278386593786,0.48495572170585904,0.7148387953740865,0.7176649957195165,0.7203550104224217,0.0923123920207781,0.6305365772710368,0.5329059967790071,0.686686968989501,0.24850119421945152,0.3150926154338698,0.8242973181334468,0.3976072223065685,0.9531040420026832,0.38883963212815714,0.9559007272381975,0.16972197034849054,0.27499528086522307,0.4397391696346179,0.8551774517759113,0.45087704532085643,0.9861180729587221,0.2081662886455751,0.42001704038282256,0.49924025106424513,0.6513003136742166,0.568273484835427,0.8026419932199872,0.6376725690247603,0.2952325487819972,0.6887893965059306,0.006987190320761203,0.6244256631741544,0.08147585076874661,0.7694594713222057,0.6439370298643894,0.13531882292977868,0.4003977617724397,0.4798100256631115,0.768459728135927,0.5835988878874618,0.8653848388914649,0.6604478425133322,0.6996279708091249,0.9005093217092343,0.9426869290334322,0.6263130679061183,1.0,0.6450296227223218,0.4757881008509376,0.7000959304855062,0.578883019643004,0.6554004950310862,0.5988373055377508,0.48325550997949956,0.48777201689210226,0.5500699336853635,0.7739802406863118,0.1924737167581551,0.5847239378884144,0.6836790786987529,0.9318136746051225,0.1339980022834083,0.18580713337758334,0.32822032195886464,0.8293760898658884,0.5397069629241168,0.2588278906157849,0.5587470870117656,0.6600781288602037,0.8724697719259815,0.817016605791649
VWO,0.566951184403599,0.5466969338432804,0.4989112143571511,0.5730007938994501,0.6443763643963456,0.5643809348773023,0.802627871379164,0.7782479544858522,0.9564017201915509,0.68460853519144,0.5332894487135564,0.6762289010931711,0.660935770314918,0.5098681292221902,0.5507612337389824,0.22418624864359507,0.21555577996549657,0.19006870752530866,0.7242893530361338,0.4607822189716219,0.5994395116810648,0.4266648688877551,0.5565810348147009,0.6843486346525214,0.8404108420172433,0.21729114967440444,0.6563535939611725,0.6191604953866853,0.8966289442886584,0.5886719623229004,0.7939118650792796,0.7470856746384266,0.45040302613017996,0.5066473083052662,0.8569238750564103,0.6316544521516081,0.7982969206300511,0.9594900108963734,0.6864824953308283,0.7436795199136632,0.7104177742785353,0.7058201025825167,0.7388095033695224,0.6800736213748058,0.5809722178224589,0.585204151040138,0.7696206243701841,0.6339528896644209,0.6965159590847665,0.6900909249692507,0.8131815198612298,0.6901536203838234,0.6165611144566173,0.6927472923099811,0.7611181206600954,0.5463908885061364,0.7562964075007701,0.6049372539998888,0.8049986863181221,0.9590652218230938,0.8014961494498662,0.4038288401249724,0.49635733747565186,0.51791000649597,0.36502377074468334,0.6716801578362043,0.13222204278103517,0.7798939364158454,0.6705738221673494,0.7038261618300435,0.24425850941922592,0.4780311673545166,0.6368467425204095,0.6743525409063946,0.44765713882754027,0.3553614473119656,0.5816990495803079,0.2766215777926027,0.6950623469258348,0.5537308174957873,0.6528351513615929,0.5258869532747548,0.6785895762132221,0.6637276296721603,0.37824695867417235,0.5315107822140397,0.22157994517109655,0.708777900513848,0.4918247709728981,0.7113266000044869,0.32537461035045406,0.8095593456143009,0.6754492336455065,0.2606320810342329,0.5859887471223613,0.4073133767926007,0.5905608960348323,0.6289577790481531,0.46162502034785824,0.49965878034855865,0.7842559192914278,0.5423270785124069,0.6457278679408962,0.720367522652803,0.671326773470382,0.6724707533134681,0.6119866206695208,0.497603114361825,0.6187102225226769,0.5908122959133711,0.6382205785646038,0.1656475422531545,0.7762843430569443,0.7343929073701329,0.5848632626338159,0.4387929678798524,0.5209685933975051,0.658812218245339,0.4988164857839336,0.6820319435565197,0.4268119091857592,0.6774609600449525,0.259749542902613,0.3105039984512402,0.5784690824728644,0.6756455933951346,0.630205912277361,0.6242819359327746,0.23930320649432096,0.4236300247851678,0.5452763647808468,0.5656403451489147,0.44393772189127817,0.6690569444459225,0.5788450095594599,0.3113251721011667,0.8247324278211998,0.11947905598761195,0.761469523230926,0.14468573660835807,0.6065729438945793,0.7339351641758913,0.22152148598731022,0.4037044387446277,0.7214971095236844,0.6452089997004933,0.5522994548495909,0.664260261319575,0.7936644455333244,0.9000081658616389,0.812539404051732,0.6912576585133617,0.5788325210314343,0.6450296227223218,1.0,0.49879317200322026,0.9031442985582396,0.8182697177299794,0.3822941841729211,0.5094505828481803,0.453804044586186,0.4774276967389564,0.6085538689639474,0.4770768201702133,0.22215324435164047,0.4352157246977098,0.5886139171149395,0.6527806158949944,0.1723195098967941,0.24877982993025752,0.2939408097096844,0.5679544164807094,0.618483122574198,0.23503353276626648,0.4682208814547225,0.9543959663622824,0.7884819513751797,0.5971525711655751
VWOB,0.8061310031113352,0.44804604675905024,0.4346336517146074,0.45541491576102233,0.4489896777302623,0.4281001549405089,0.5799763233533197,0.5386723400551965,0.49296674662331835,0.5180901712550535,0.43310047251964107,0.513466796440631,0.46960848186536724,0.41359322769758533,0.37635559644022276,0.8062943882587066,0.8016668592527104,0.6590928983977847,0.49968306971551113,0.34284490142986357,0.48901315694707337,0.4407779424229576,0.44136085922994217,0.5089148451642337,0.48870821405959053,0.7968925667248966,0.72905535477357,0.4264509741173124,0.479396835335336,0.5417011159671853,0.5782054308517858,0.5484897346929516,0.3384983758580091,0.40019979710642983,0.4770293074735315,0.4488556213227725,0.5848102951629277,0.4847383223011716,0.5236984684880835,0.5786786238760713,0.5289140016194258,0.5493697567529651,0.3471807080406908,0.5136037049202499,0.5247843238782727,0.37088718076072585,0.5003617516709379,0.5061009540265402,0.5359136467330569,0.4991652584601224,0.44187612115770747,0.5113942264910655,0.4217969445697848,0.3800133922130044,0.4930366383270969,0.43945136064181173,0.5457862849245522,0.5105467858312962,0.6010568226399768,0.4800625126646257,0.5623751798118518,0.41555948805675413,0.33070221510389575,0.3441748713611826,0.2507340636605637,0.3862730765522799,0.6890772077569834,0.5893885040484992,0.520052834152331,0.4541617632786653,0.6345754769718427,0.42565502134917393,0.4777277487195916,0.4377196867820599,0.35656430374110076,0.3823293663635818,0.3472208760231097,0.12749797091295145,0.4268201194939677,0.4734761719124711,0.4400679106852823,0.4194893442572432,0.481123771519771,0.526799049032373,0.3352852531267769,0.4446016818724894,0.2383786141846491,0.5136466185663773,0.2943447547032642,0.3912826319574348,0.8625185548432902,0.29892017674008703,0.501719417595986,0.20178391741160248,0.5187445789077483,0.18298952867355114,0.4463985457591198,0.43956758530074963,0.6051710148939133,0.4865998262868977,0.4250827811585306,0.4605009164041151,0.4571844811757905,0.5209013316456695,0.467405295623501,0.423753225115721,0.3966383691169993,0.5851408494001703,0.5351923217186269,0.43536098863508077,0.5126606952570786,0.7119338401656236,0.5986044532935287,0.5718987994843432,0.7774908828640427,0.22012774020800338,0.32562905287019484,0.3644754281148845,0.2922587080414423,0.5199468992323037,0.46652167686478413,0.5198811581443589,0.7434636122822221,0.8526232903423411,0.43073416624476035,0.4496567651183587,0.42793091708440817,0.47595218732815897,0.1593966936297599,0.26906304841293066,0.2930217876448165,0.8009536963317829,0.4400557197698143,0.5272940345058683,0.5029794017269835,0.8405719191583251,0.5879579061807683,0.6907774605806832,0.5761684014293951,0.748969081547807,0.507317184988095,0.5790516600326738,0.7777927170586558,0.5336641680600615,0.6180442683289673,0.5355475713769882,0.49854412475015925,0.51176357367947,0.5231303018198338,0.5781506208226076,0.5782067755384549,0.5301197102987956,0.4725947318020103,0.4757881008509376,0.49879317200322026,1.0,0.5832269126856675,0.5660175168934773,0.35623884931588595,0.3806040620600254,0.39912519966644333,0.5407795415690497,0.4611924714500656,0.44103265822927473,0.10164683240282886,0.36749926641284897,0.4506985966166856,0.4108687264365323,0.2511155376643796,0.3641830410085221,0.3301016464097155,0.5119909309990319,0.35274220141079005,0.10271570546262063,0.43628475342398276,0.4867903629519302,0.5631223152600273,0.41511919963759814
VXUS,0.6788150594724391,0.606302682951765,0.5670768335889079,0.6311411445576608,0.7020713925112148,0.6065242710445152,0.9669755701567141,0.9209573889485507,0.9111660862862156,0.7867615986220746,0.6394512952418524,0.8017050207842515,0.8298913194565464,0.5700785612930699,0.5965204184020375,0.29721826113512956,0.2832154104206488,0.24234268809463097,0.8052663737981891,0.5130610501241313,0.7157874179909703,0.5333341480160396,0.6808067325666611,0.7607094506206918,0.8011867391595947,0.28337368667450763,0.7076248673536558,0.6529655487885363,0.8713257631903907,0.7812218423610918,0.9529534140005249,0.9220961343942863,0.4783003088857228,0.5809741328975345,0.8747240576454706,0.7135048691965384,0.9692918426586922,0.902913389188405,0.7733249487982078,0.8678788046271999,0.8480438491233984,0.8712321933230549,0.6466062727234062,0.8477423350467296,0.7578843408977305,0.5988605376451411,0.8726719158756017,0.7962192395253236,0.8585785164330235,0.7626718565136129,0.7951191224187028,0.8468409405824672,0.6516796938422724,0.7413874340507196,0.7692094082068887,0.5838802331739107,0.9085371231063241,0.7137094998099927,0.948297165529878,0.8687958028060345,0.965188871917679,0.5397907604108454,0.5406928780497691,0.5619424213292198,0.39155053718044297,0.7476310092099874,0.18433430328119,0.9565305029838476,0.765487673748058,0.8560372245703485,0.2915230160110332,0.5637709990259752,0.6776130286883468,0.7162340429368823,0.4838947838025405,0.4564901129610121,0.5840475803652335,0.3297562690384234,0.7375306830364403,0.6769697863836137,0.7160735642483099,0.607147097646558,0.7772619177229798,0.7688021065470797,0.4801279326907133,0.6329270589882554,0.34402164095616233,0.7772804856445888,0.49188609218400375,0.6812630042265324,0.40893005806251337,0.6254432491507176,0.7544980184707344,0.3078662487590984,0.6801568149210905,0.4624194166294018,0.7024935413032191,0.6555478987982457,0.5648952045087678,0.6191923771368558,0.8275994394044619,0.6606008446471751,0.6829453985120081,0.7860973650264798,0.7251758368748721,0.7090100372660264,0.6745902431116654,0.5910564436602611,0.7406581610454137,0.6944294868015576,0.7453398702666253,0.22199358481442724,0.9336239794228719,0.788752280024493,0.6990675266460021,0.4563019155137413,0.559304425887244,0.6831530179464518,0.4902828438882797,0.7708715107831294,0.5423586568840191,0.7663319824249902,0.326320191073951,0.39416665236547416,0.5894208789718789,0.720648627855244,0.6269372489825198,0.68630118436638,0.23692168583982515,0.46528965834865155,0.5804532908503172,0.6800015450872656,0.5723793710027926,0.7625371058283591,0.6949999116199862,0.39235898481415465,0.986096893811253,0.169060962150302,0.9327332432003559,0.2072539986953319,0.7267712265638652,0.9055975176048531,0.28563694615574425,0.518474635899421,0.8177213509165862,0.7619052935088171,0.6838448526070319,0.7563007165464465,0.9266516326302456,0.9870358359731968,0.9108435752915014,0.7832848257074478,0.7141053595937743,0.7000959304855062,0.9031442985582396,0.5832269126856675,1.0,0.9446756783015241,0.41680443817199136,0.617199925837918,0.5252755230337174,0.5920277359602831,0.7179712333336585,0.5474512159415691,0.26808231897634693,0.5568547226193801,0.7138492859783298,0.6926770342610165,0.268062993466369,0.3367396394356378,0.4104704089149259,0.6440186673671976,0.6827583678850299,0.26772164824197764,0.5560379825210912,0.9004872544489201,0.8518540689926727,0.6815347122552244
VYMI,0.658693569210892,0.5175052523871967,0.4848318706516704,0.5291569689474692,0.5858250102154495,0.5012145473874957,0.9657270262527637,0.9205733872005699,0.7927215322621414,0.7294742798892617,0.6491501066319959,0.819059132560912,0.7810182886126524,0.5605688395876381,0.49564010314790624,0.2859856843882156,0.2710640162601236,0.1998377531616403,0.6777738488131269,0.42011538836676693,0.7027033336265311,0.6271671352079095,0.7092475881191439,0.6643896406047944,0.8156163660250513,0.2707009527307734,0.701494522481698,0.6434150124675837,0.7653481048540621,0.860841093201183,0.8754903533706613,0.9803286382423758,0.48489951417737515,0.5076212542569878,0.7340508580745246,0.7275715076652522,0.9531974693600261,0.7775574999708602,0.6917487490189475,0.8856877023328296,0.8306085541306836,0.8612054883793093,0.626853235584244,0.8804863549271325,0.7886728134981172,0.585881289030765,0.7742142329874112,0.8450833690192057,0.8673460798829293,0.7648969873315347,0.6602304944984753,0.905416552569796,0.657337814956816,0.5824596351784934,0.7449616379113215,0.4832991571299631,0.8870912794892003,0.6923646398063814,0.9265487100380596,0.8281694757291177,0.9634534104348051,0.6043485916043196,0.5121947355111534,0.5280237634887722,0.37065990985416214,0.797997699072997,0.17975859321545365,0.9573999205607483,0.6925634635992594,0.8265989172792747,0.278227244213662,0.539571028910081,0.6143375914228987,0.5753403189803963,0.3869544058543143,0.4696301159631693,0.5388671750032671,0.44520806420721504,0.5706441612909423,0.6863695266284752,0.5921219336618314,0.5749667132257256,0.6689792948854001,0.697423016400559,0.5216816090171917,0.6165734413637701,0.4489951909791284,0.6730779740774404,0.4926519450872205,0.6157720988853077,0.39530046587189827,0.5880283603485233,0.664178685312595,0.383449060069981,0.6565497103397651,0.503930120895995,0.6472822967405443,0.564382056015845,0.5608932184831025,0.613918489402622,0.8002697525860225,0.6770209836327131,0.5762705079227978,0.6881735615638563,0.583062325902343,0.5483629463151083,0.5751026882875458,0.6227402432468208,0.735404018287012,0.6704033621017144,0.6843828469996802,0.2291614979341956,0.9194848151539842,0.8349595341443791,0.6772608181098206,0.4268218850686051,0.5238467603100186,0.514701255782788,0.4456852855730536,0.6923353052984852,0.6280300173939277,0.6855024128374917,0.32311516274268187,0.3833352214692268,0.5326478564056106,0.6003848282224357,0.591008490783177,0.5826687637410622,0.20938684756275575,0.42654040918588393,0.5030618939061188,0.6581371395440764,0.6056864903858022,0.673775996129647,0.6963349391368017,0.3792716091044656,0.946189220518739,0.15852018388207595,0.9353138289957814,0.1978391243278855,0.7142053956836754,0.9031552764600111,0.27341141014107523,0.5694155167337083,0.8350863535473245,0.7285897029133365,0.7196865487645433,0.6602814545609659,0.8378094662267972,0.9128626283805996,0.8366581019976975,0.7060480569057769,0.7341871090699882,0.578883019643004,0.8182697177299794,0.5660175168934773,0.9446756783015241,1.0,0.35606210777943365,0.5577381530868649,0.48415855606634756,0.5631198144335277,0.7302499117742289,0.5096977100600696,0.3701100734119358,0.6033512276974969,0.6708072727125121,0.5348536084906376,0.375760612753953,0.3939481071176992,0.4616196160562064,0.5826867513674061,0.6307815549005075,0.33875837489555055,0.5466345892417884,0.7667265299533049,0.7422626872717695,0.6404483948379478
WCLD,0.48496024194495463,0.7514929411417582,0.5705376923288898,0.6919337849587321,0.5810025822425355,0.7262220720651499,0.4014468429954442,0.3776499759755498,0.3490028719128833,0.6123887960388997,0.5296450162795998,0.4870017713626633,0.34577090131678345,0.4273290435104324,0.5154200627061162,0.15754587311338797,0.13029561676556867,0.08176749328114749,0.5894454648665824,0.8446425180166656,0.5553454385813179,0.35570242120776735,0.4656201208028856,0.6392974146423791,0.3065093214148799,0.12572449417396708,0.27902343023279175,0.2526730712555595,0.300471223776388,0.2721749212729255,0.44676990588222953,0.33920669313488266,0.22942139185898633,0.43178068993274515,0.3254732783329633,0.31682123981515153,0.4145613531681515,0.34712151511402994,0.6482513562367783,0.4206991592017216,0.42745402808172733,0.44262839859305525,0.25662976520603803,0.3470067242219887,0.27451511340098844,0.26868269630662367,0.4081970417594928,0.2885704248560348,0.3508509756074108,0.40171902188671027,0.3708571737768265,0.30631529400564034,0.25223700787578696,0.2317227522901182,0.29629460510859706,0.818648470321893,0.40354121039546714,0.5895394764483314,0.417013677039233,0.3504511430324532,0.37417502236485733,0.4304121677163691,0.12460299115768521,0.1558319042144338,0.014365071123416347,0.30412812492604413,0.05127549441013715,0.42744607441008164,0.6454523698786955,0.4332840877200678,0.15554899733153665,0.39518338529398606,0.28790222417943023,0.4885294726390579,0.8924996388135097,0.43119921262754624,0.28128328884838927,0.1717962024769667,0.5455826355196919,0.4914327739963767,0.5643722156095037,0.4568016434099998,0.5840526737013197,0.6745585288934949,0.4629605957644626,0.6378836436329111,0.35434662750617346,0.6322437659075432,0.2771780494461751,0.3505638207945084,0.24061642968483507,0.25172089683169774,0.6219087177629639,0.27241899756329063,0.6902505518368239,0.27387053052890403,0.44088280424962445,0.47048590622265896,0.3887022253637117,0.5102425715147275,0.3072728584769455,0.5733884250003601,0.44435967766883727,0.6654988751525632,0.6109142020481881,0.6652405655387992,0.5163201450750462,0.44566040759747494,0.5962745737289914,0.552516876168719,0.6028770591254135,0.10568563423763994,0.4242419189656112,0.43397947508077445,0.5294251516519997,0.10148427524359341,0.16907810312654484,0.4178340280001058,0.23256982872422075,0.6264274079942468,0.4058620078319376,0.6306628465133531,0.15319933271138794,0.22513908049449768,0.33690055246461625,0.6005332878011512,0.2741804765953327,0.6529288106986908,0.11912862783050555,0.23181285627262052,0.2669835330861461,0.5132061818922712,0.5070627927194168,0.6774813809985815,0.5622095761646574,0.23865029015186331,0.4135248272727522,0.035174798847689946,0.39345420349832955,0.0855281107566291,0.544764848403134,0.4577890080444313,0.13656719084638397,0.398675916741782,0.3529381564560006,0.6353033195995981,0.4958133277793131,0.6961005565629174,0.3529835064398948,0.4133993198223167,0.5904703989212071,0.6480514285804159,0.4506554964603299,0.6554004950310862,0.3822941841729211,0.35623884931588595,0.41680443817199136,0.35606210777943365,1.0,0.41129495531132637,0.41521692197731613,0.3856358560540928,0.40146453749837774,0.5680122155099903,0.1898160389199028,0.5136244971817406,0.4362389067359658,0.5815174192374195,0.08847377862555686,0.08577436690216227,0.2636244526315211,0.6104065232823089,0.36715210743291465,0.2762999799965152,0.543939809946315,0.36096997791435337,0.6676102090446353,0.516360372618495
XAR,0.5415491017604499,0.5995474169658264,0.5577018592937362,0.6441650979076893,0.8025233437534957,0.6021361042570343,0.6197045494269832,0.6026037439212586,0.5282493150788743,0.7132852137269567,0.6317722400872464,0.6171175715093623,0.5513014469527386,0.4579568726491159,0.5875203089362503,0.16439190687182648,0.13278274117739872,0.15070617286107968,0.6645882457960663,0.5036216227888841,0.6770844934958994,0.4544091327711739,0.6436933590855132,0.653812681299934,0.4315596028137497,0.13911379996972312,0.3481120242478214,0.40810974625254165,0.5056102457523431,0.4113761119729956,0.6237581208966827,0.5467699208758547,0.28437068064850146,0.48502207006034637,0.5527450063575435,0.4427743470719608,0.6053927345896675,0.5200470111494017,0.6785670555093265,0.5731589561777765,0.5318607285382598,0.5385891881650802,0.3214508584834006,0.5375262713010198,0.44199776807026875,0.37355836485038185,0.5608172798886634,0.46037354681290943,0.5080798454244189,0.49313854731103296,0.5075269983584765,0.5110540242755208,0.4135584633323545,0.45483590355432757,0.4606985736435191,0.5258560281715124,0.5560066826850668,0.6813999790528408,0.5924128163618835,0.46175051325615873,0.5852229091938866,0.5270235690559496,0.34118839021420994,0.36425462557491695,0.23399600711416862,0.48647492046375973,0.05652899018687465,0.6110757076592425,0.6818626863835738,0.6220638449946687,0.14230795936584972,0.48398430838605583,0.46578960870107816,0.671058918918225,0.4765439674001765,0.4091198031536967,0.3565180161658807,0.2649851249627598,0.5707648579851956,0.6188074340358616,0.5957881856188756,0.5651271125097057,0.7309918671222323,0.660133834438542,0.5150867752742837,0.6423197345340876,0.41123682773676734,0.7866405428254322,0.3512493384271259,0.43573800112054467,0.25283432086664825,0.26557204446501126,0.654421697250436,0.3198540421081552,0.5852780732943279,0.43664820476093796,0.7280974659740986,0.6015213067025528,0.4597784424416819,0.5881602421588178,0.5315249290568583,0.6514550583468994,0.5834111851419554,0.7196388411928718,0.5940655134114289,0.5700252992134818,0.5524452807973934,0.46760474951059294,0.6752394460272401,0.6606121670078016,0.728045744989237,0.09563112763662354,0.5967947020716999,0.5119123136405311,0.5606801482030134,0.25511104039863636,0.36687687127838126,0.5307297710636816,0.31855850798426805,0.6745759492082591,0.4558663594886166,0.6717840268843788,0.16117938738016246,0.23667830454113203,0.4033187809617308,0.5911917995354706,0.36141990841545024,0.5847231539600964,0.1416793870517741,0.3597817750579358,0.5493983835622164,0.5378839770374956,0.522156097178506,0.7639436608448853,0.6727702922903231,0.2524730189046137,0.6264157635973544,0.03398238487826732,0.5673128519385969,0.08945161763906956,0.6650038975156368,0.575875499266246,0.12649033149562255,0.4251766983390532,0.4709239653207659,0.7210801283831599,0.6351289646089617,0.7360231232823846,0.589804386641184,0.6020522926932439,0.7051065345273974,0.6984560089263636,0.6627493928991586,0.5988373055377508,0.5094505828481803,0.3806040620600254,0.617199925837918,0.5577381530868649,0.41129495531132637,1.0,0.5045983025073483,0.49930230673795517,0.5769767614092198,0.45425071928756516,0.26557919988676054,0.5821875870500756,0.7957154907168797,0.568855181053642,0.17505970774814414,0.3237301449567256,0.35083811643046287,0.5701490602371162,0.6456397557582677,0.28551918735060455,0.5260061400575523,0.5286387831337119,0.6500384990836711,0.584679623976202
XBI,0.5154968939598501,0.5235123659612945,0.7893245819078725,0.6329847793036791,0.5423340806894956,0.515017182496856,0.5155355413819761,0.4855986145414125,0.4478338653778134,0.577669619338109,0.528246602457429,0.49781534946066275,0.44419626858049926,0.367211796062996,0.4896657480124038,0.25151740367805236,0.23619457973255886,0.20550096105422636,0.5129274381616714,0.3890418839597589,0.5463256391857011,0.43510941713044465,0.48845076507788265,0.5298297436380325,0.3946499589084963,0.22888555948734596,0.38747792635553324,0.3822980359194352,0.4369606954704735,0.43492290951060064,0.5303851268814491,0.4772422978209162,0.2990896830290022,0.40142539041760694,0.4441719335808927,0.3786046652387275,0.5218781285189368,0.4446525603242107,0.5535196010832526,0.49771838053022815,0.47037910188486737,0.4378307142066128,0.31917833753269226,0.42827979899459756,0.46907389069254374,0.33494969458690904,0.4513761643500759,0.40165157113950883,0.4405641141798843,0.42205999084176377,0.3935544883203782,0.4418480909525868,0.316261069625813,0.34690078347509,0.4119522513179147,0.46073114773279117,0.4575545607005794,0.5902683726977341,0.514953083561009,0.4150015987572802,0.4930237700836702,0.4504705139633502,0.29553852750374077,0.31092348863207486,0.17485735440147201,0.3968357968368193,0.1630239516200569,0.5200771881465254,0.5528841718259956,0.4897058924208603,0.20910127167435147,0.8991873962433239,0.4505561518984655,0.5225253232781497,0.3824895621886808,0.4379015943577098,0.3694134504235061,0.15510321399856827,0.4354435625649428,0.5041383009349941,0.46210896209593044,0.4791475311391726,0.5410806895004352,0.5523776976546398,0.41978770396205556,0.5065449503859533,0.28615004775775593,0.6362289256966455,0.32974102748721296,0.39148977129552104,0.3210939603993935,0.2710771192106039,0.5282073546729762,0.21923782107694625,0.5626987255117837,0.2748806402915972,0.5029737569712641,0.53876646847491,0.3876192414406294,0.5080539192126137,0.4253970651991917,0.5038270718368001,0.5203826884479692,0.6584770893101619,0.48102548374263343,0.4636974099698929,0.4298225044854428,0.5011081455964765,0.5800658431889321,0.5718324023027098,0.6681530928174594,0.16938477025595228,0.5180965313286903,0.49902085448909195,0.5353673718151002,0.21507234833148092,0.31291456605244916,0.3950913658484923,0.3238442872825339,0.5461443848045896,0.4630307411103797,0.5475504410474377,0.2460448366600113,0.3168728679825031,0.4313756312349772,0.4721678435570082,0.342273964377115,0.4702837215217258,0.10421387288586995,0.3086923584969743,0.3232470298658074,0.520632817886648,0.475258731808316,0.6790523918419947,0.5827608747292933,0.3189636738947355,0.5265840923608096,0.15320917082148985,0.4980993225400615,0.18438499262682415,0.5481169076756015,0.5354409248687761,0.2319686065277674,0.47345477523245777,0.4883911833582072,0.5863276780576252,0.535533202044919,0.5741393188122036,0.4772521900575728,0.5211227362555476,0.581168840361329,0.5758001831546047,0.5451601703535301,0.48325550997949956,0.453804044586186,0.39912519966644333,0.5252755230337174,0.48415855606634756,0.41521692197731613,0.5045983025073483,1.0,0.46438543478111116,0.4694286663841907,0.4067867184140297,0.1505043633587307,0.4276014489657697,0.508922102516619,0.4360657221312002,0.20754207355365167,0.27137927042888027,0.5445890340642107,0.4794154958057949,0.4574330290923248,0.19720170953947186,0.5145274569591503,0.4485007975218737,0.6181302821516302,0.4458769086314848
XHB,0.6055393046775338,0.4707577571897909,0.5390412060362435,0.5014314443128127,0.5079837450220752,0.4421457641049336,0.5966423725108253,0.5520973643711397,0.4775801187118051,0.6873595076422585,0.741492511592517,0.5666046617833119,0.4891235611608258,0.41476962229159325,0.4237820047142671,0.38680693431756114,0.352255369485175,0.3072188048776272,0.5504542258225713,0.35374799303378274,0.6619290577960669,0.580228629259397,0.6019235576718684,0.5856710917153752,0.42063131786051994,0.35298593788761,0.44246742759381463,0.4201198178200495,0.4505036683599735,0.4791181718046645,0.6010236956985155,0.5650476066075316,0.28427049177766667,0.4287878646545839,0.4762876030069573,0.41222448032773884,0.6016227560735646,0.4715296506437301,0.6092608154461124,0.5574823800244827,0.5750418761266469,0.5482752952817113,0.3476472618911484,0.5286268451939854,0.5254470553776094,0.37425332989619026,0.5581856604364103,0.47865352230881714,0.5770189047414438,0.44347558609615384,0.4461792083187699,0.5095396244750314,0.38867057592630133,0.37906893297782224,0.43221622549301186,0.44785876604694863,0.5858347203952922,0.7962747250660243,0.6100003406692442,0.446144823401679,0.5851769144865545,0.5968737972104438,0.23078993364208714,0.2445155179737659,0.11962508442203823,0.47319124115216854,0.27154356999501567,0.6030412519565864,0.6319520603253806,0.5685539990581335,0.3105078538941382,0.5127641172717748,0.4545712815581223,0.49207678670157773,0.3396571836292778,0.46112326048570795,0.36661064233929963,0.18562875789859953,0.44847826719092615,0.6177577249860707,0.4774753834288539,0.612482240278565,0.6030618117065765,0.6588034319685043,0.5944391865219212,0.606270325802243,0.4258847769138401,0.6414947315053359,0.32309630825545904,0.431971046954717,0.4548450286042001,0.2717538350558977,0.5553216223791343,0.2287599543383633,0.7067406429642207,0.3535579634138569,0.7823833696743755,0.5270139912132561,0.5360387200910827,0.8095577490385005,0.489652325031599,0.7131887165589929,0.5551657906834598,0.6610263837038808,0.4925396194804245,0.48541876089086455,0.43565262435656416,0.6556565112605635,0.7602035876226155,0.6054987923462009,0.7564689008571243,0.2580689237448235,0.5963383786584965,0.5901781820182229,0.6074764782932154,0.15007978367338384,0.2560533789914507,0.44106262517214123,0.30157894826650417,0.601677487915742,0.6516765793246548,0.5997347117166223,0.3303777461807819,0.4438756811612047,0.46678409701349366,0.5222438710663204,0.3247854927886416,0.4940513810310209,0.15984875708795776,0.3283065567149298,0.2773866879626295,0.60494353569348,0.5159655155328301,0.7156780992204435,0.8022449768332196,0.4539084212253792,0.6059410921515225,0.24264141365345707,0.5981929590672128,0.3184532434443414,0.6675030357891627,0.5961514315745038,0.3412139854891794,0.621984111241421,0.5739483769910927,0.7370675196753739,0.7409201434629706,0.6517774788350809,0.5315479166209586,0.5866969469908284,0.6521304986521536,0.6343447016814132,0.68388247603585,0.48777201689210226,0.4774276967389564,0.5407795415690497,0.5920277359602831,0.5631198144335277,0.3856358560540928,0.49930230673795517,0.46438543478111116,1.0,0.7208180387726442,0.46516060805977655,0.19560491023064197,0.5342068965808062,0.7232819977173609,0.43683130077537646,0.3443531019132059,0.31796779469381875,0.4280420969459102,0.6370961645874204,0.49722581907996644,0.21038781125528774,0.736361190511393,0.476950825629684,0.6121648461651346,0.4620038107311951
XLB,0.6146004991376263,0.5054217782529359,0.510658281534112,0.5274010628894864,0.5659582421578656,0.483218445990349,0.740160747655126,0.7141410174749062,0.5839371196292521,0.7757052430612016,0.7546930797927976,0.7418934945910041,0.5678027192146604,0.5264238967847696,0.45763979883335215,0.23985416520080327,0.19350986231919828,0.14422191751178387,0.6004090254623101,0.41592954192269527,0.764768133615,0.6870168552073322,0.7556325863606987,0.6720350669371489,0.6014665684166799,0.1950842240033057,0.46996285120046405,0.5229794044945938,0.542274652174479,0.5789367321352249,0.685849881230942,0.712240679000264,0.375638290264334,0.4568683060969342,0.544980427945127,0.5490389571843469,0.7173756351448756,0.5708378692587756,0.7056201153098748,0.7096037165166117,0.6604832232398604,0.6454047326437636,0.4849567859037065,0.6424939263449515,0.6020936414231085,0.47275496038238823,0.6083589284852665,0.5763802854263846,0.6602447725054482,0.5913310090406352,0.5007120303484028,0.6883640200305141,0.5235531660681584,0.4209737945567592,0.5846404550221899,0.48532701279669854,0.6692604639475004,0.7943703111649917,0.7147699088001676,0.6079909564299699,0.7280723139904146,0.735351731333222,0.45142982243706586,0.45532955113480583,0.2864537101217659,0.7750214702307029,0.1146230097996661,0.7337264622559199,0.7228914250787808,0.701442387367619,0.20430772580277448,0.557708502049822,0.5040834705153919,0.5352752438918714,0.39767105273413084,0.5338439000575678,0.40643182349765555,0.4267716403508413,0.5054319006979442,0.7586480104575042,0.5549216316839317,0.6144470785959538,0.6812893821148793,0.74773830327235,0.6046130737267066,0.6825496502721549,0.5324179180090726,0.68431303761144,0.427800351428092,0.5723805798964847,0.32540494124167546,0.4152282013671246,0.6570151923942461,0.3791869090856208,0.7643039783706292,0.536352395861455,0.7963853185003984,0.557322900474212,0.5193817083738751,0.7997182923789935,0.7300026487977146,0.7873177653843308,0.5830643275696024,0.7198726711594687,0.5550125967164016,0.5347697124330182,0.5523463024846393,0.6227310667841786,0.8516935846480892,0.6925970273168629,0.759702886857568,0.1592953276923366,0.6956043322000293,0.7109184163692048,0.6186463284639272,0.34796085067059107,0.46372128170768817,0.4736884592889695,0.33848171918610254,0.7071684335891701,0.7498344867419966,0.6981929061723114,0.2058976875220355,0.31447900755507224,0.4857418518244888,0.6003473417695181,0.4306554014003031,0.5631100698063678,0.16891703152134518,0.3578048676641151,0.40876207492285555,0.6035536852849411,0.6877297673540896,0.7335269723069144,0.8262786588509459,0.32937564139652803,0.7242521035188398,0.06710442640531483,0.709182057270095,0.15670624869784108,0.796150297166102,0.7047836787371314,0.1877033715789527,0.6371699115662246,0.6291074360770909,0.8228774254766247,0.8494715178242059,0.7089474333975525,0.6195492821116928,0.6802653510598281,0.7623472026988353,0.7281459629110801,0.8307440114901657,0.5500699336853635,0.6085538689639474,0.4611924714500656,0.7179712333336585,0.7302499117742289,0.40146453749837774,0.5769767614092198,0.4694286663841907,0.7208180387726442,1.0,0.5163607849089386,0.41256364705331533,0.6723995219510868,0.7778192412860871,0.4999063252972226,0.4516985245056415,0.42423716450490784,0.5315298774322419,0.6237881220516618,0.7032042321342118,0.4126407484777562,0.6668763796621991,0.5661429039266848,0.6861855905754263,0.6301638614340114
XLC,0.5795999820754575,0.6793524420260245,0.48911012309596347,0.6419109040601865,0.5853756972987711,0.6639973680457869,0.5429433588026364,0.5050300012088536,0.4337834534798806,0.7391281398289594,0.5498123910769308,0.5593520683017905,0.48122152207211083,0.4998424989845168,0.5223833328702577,0.19113516176603476,0.15970793351443768,0.1377818668560196,0.6119612536851914,0.5444004577818073,0.6665931765540294,0.4632451902438904,0.6267668420284712,0.7519818071967971,0.4108584423984124,0.15995854800093925,0.3466697913126973,0.36224078909331997,0.3852264390911125,0.41039842731088916,0.574704809616209,0.498870071171796,0.3183088339334602,0.47845877120213687,0.41558904092971316,0.41770752140396167,0.5575334251849988,0.43346046266720095,0.7757522207189206,0.5427715705771478,0.5336158623608372,0.5298515862674221,0.3320959864647687,0.49136548515655254,0.4241945020306242,0.3616670112352192,0.534227708746049,0.43702853668763936,0.4953597753566324,0.5062838839273467,0.41924138844906633,0.4445742142963434,0.36623155371601984,0.30162108794476955,0.3853521765726234,0.8188333608612709,0.5366240841742715,0.6058671506060783,0.5416663944409184,0.43509393462821777,0.5149597397030234,0.5710793655291512,0.1862596649846079,0.21325339082077,0.0791682190912775,0.3864142741453316,0.05910913346228069,0.5712791433812254,0.7805311293943752,0.5906343615327391,0.16761258695112122,0.4402675620492221,0.3184874091382428,0.4746079046526561,0.6193094923831668,0.5267703892813022,0.3824777425821067,0.20262646222895658,0.5804535104487036,0.6738650852971849,0.7046455988257352,0.5234863473148633,0.6573093486723561,0.7367684779716027,0.47870262218090237,0.642918014636326,0.4245069062458056,0.6174971141212349,0.36493172958736775,0.34776641312216217,0.291385404962511,0.3157567321568005,0.7803482035177818,0.30289997862676643,0.7086274422367513,0.28238556079953286,0.530656039515677,0.42222824919566987,0.4638615664385954,0.5501190242470543,0.41570929417768543,0.6560168370844455,0.44451462020442895,0.6503229524053571,0.7343585440807769,0.6192260951459818,0.6477362257561922,0.5165617763909816,0.6821651438797421,0.6091503147634482,0.5973153679395597,0.12593163370989865,0.5512329974933643,0.5200646369727775,0.6272667337593539,0.1622364588293789,0.21846774815538617,0.48337049347910604,0.32678845374780857,0.7769285709579347,0.515636739620363,0.7812238596078173,0.2029630162360478,0.28367641407482497,0.3187938475061972,0.6201729809570181,0.3556695840624537,0.8002225567409281,0.16157848457172164,0.3209311266693562,0.31940480873016086,0.604370309557442,0.5925142243479897,0.6387113268622338,0.6053993025869647,0.2868831150792241,0.5509056455096714,0.046262369463998906,0.536223279586288,0.10278797417831012,0.6711574503225529,0.5730691444042831,0.15535546761679023,0.4688631677373052,0.48191741409020356,0.6759383767346907,0.5940739765110302,0.6821728090550677,0.4764510246470452,0.5334006643245432,0.7257860793147924,0.7723877474954475,0.5951208226606602,0.7739802406863118,0.4770768201702133,0.44103265822927473,0.5474512159415691,0.5096977100600696,0.5680122155099903,0.45425071928756516,0.4067867184140297,0.46516060805977655,0.5163607849089386,1.0,0.21023972380948425,0.6035633670750451,0.5653055683074968,0.5952314038974592,0.30327846203099523,0.23395573910393122,0.38586946901975683,0.7396415173624314,0.3872313692121193,0.23908188876688666,0.5603451331005387,0.4471576574172793,0.6790039227685235,0.6706016535395047
XLE,0.27211215846885584,0.186768596641229,0.15087783345744585,0.1936352308521213,0.2255339716235532,0.17823088442288018,0.3154890828688392,0.33894493320991487,0.19675846510570805,0.44054782254320546,0.541105528145967,0.4364917439962755,0.23548091949793262,0.340775447215229,0.17290313150357517,-0.07266294881010979,-0.12270811695971001,-0.21523922305093496,0.19560986247393053,0.210190762573605,0.3817500488391103,0.5596387851455086,0.47692543549408756,0.282990846946712,0.32067885941489227,-0.12686108845337674,0.04144202630333819,0.17109720923207064,0.11739684967447998,0.21779532454620248,0.18123226095578607,0.34682568368324795,0.1314714537951219,0.10306725306945952,0.1552540210542482,0.23547344065498035,0.26922606244061353,0.17917265269770707,0.335740356582686,0.3459294793236953,0.2028494411131707,0.16454296602031274,0.21574516532189178,0.25851727723210227,0.1459588480576698,0.1540584385163223,0.17206200705733354,0.19896166237273438,0.20934520885696742,0.2900518088919338,0.1615914266436307,0.3450324227629048,0.22316338374203099,0.09215238870281228,0.15185664735207338,0.17470466185207428,0.20583824888633379,0.42094345483137924,0.2658401713948269,0.29056636141955855,0.35183337402264003,0.39831443085178164,0.059202113547284906,0.06728018824552251,0.030131720908146198,0.6673184377114177,-0.17480232784748692,0.30153183873841427,0.34354187902722094,0.32205921795733045,-0.07071226476760815,0.19616277238027807,0.1814765406428096,0.18329284148753955,0.1684504610803604,0.2047427156987001,0.09031943453701921,0.9746513058117297,0.16007588157924227,0.4164620369994889,0.22603671453322377,0.16352299056013112,0.32384488871250033,0.36353015074685097,0.40649625918976523,0.3671747918409829,0.3595835951842047,0.2930999936493678,0.23711878017303387,0.22653388335268554,-0.011660499604256629,0.18622653872864753,0.3030641495699119,0.6812969499818015,0.3373760405551163,0.825360427308413,0.37147056890173163,0.25473686114108407,0.27801825907772093,0.29480884406018865,0.3284423660311162,0.5104775033357821,0.2381684281988907,0.29477757739657917,0.1904722442754591,0.18771913862514977,0.26278737396969293,0.3082101854798441,0.45995925029777046,0.4127199877251964,0.38627147895081004,-0.030169933580261727,0.2430013144527267,0.4492203658030483,0.3044603122484794,0.09189793501803856,0.09565379764752878,0.15812733814297003,0.07331276663252881,0.34375458917904683,0.49499865655396785,0.3065113039139146,-0.06803645160259342,-0.013658849933020384,0.1997436398483904,0.2697299540501472,0.16216710170036297,0.2064473711982741,0.017640716846877656,0.06391989206136206,0.17470433541718045,0.2807557509959734,0.3824115073869363,0.3351092585585114,0.46271415298544777,0.003000073345113264,0.2703118938066863,-0.2064650434215358,0.2413945320035259,-0.12971094747561224,0.41211072855365094,0.25765824632073475,-0.12988252523688698,0.2830754466784438,0.18578800024087522,0.4383607289318604,0.517433478075401,0.31735207370859303,0.22684335237132577,0.20763694088218423,0.33591339246440605,0.3549210551225355,0.5282365212294868,0.1924737167581551,0.22215324435164047,0.10164683240282886,0.26808231897634693,0.3701100734119358,0.1898160389199028,0.26557919988676054,0.1505043633587307,0.19560491023064197,0.41256364705331533,0.21023972380948425,1.0,0.4174493973085731,0.3718551483075858,0.17819661179701743,0.19936143816784072,0.25359137777683455,0.23176784202466028,0.2061760926569171,0.35920000618931447,0.9306156068082643,0.28096476482794186,0.16888677629601903,0.24468558100286472,0.36392429285449934
XLF,0.5798170705829396,0.5908966131357293,0.4540046379361289,0.5534443483583126,0.5435072322245064,0.5451595712931135,0.6013681641216498,0.5586941134047356,0.3849423924318058,0.7978000148743792,0.7678420477295121,0.6725521935389703,0.48342358738902136,0.612383756759725,0.49072543847845534,0.12245630808124763,0.05198064649287116,0.03676030139872006,0.5315818030974223,0.5016667127220575,0.8494325554285982,0.6669267156537225,0.8370491639850243,0.6852004847717894,0.4144852230119911,0.053999866641943686,0.27719042808176736,0.37788031094511376,0.35829463054606564,0.44999512571242384,0.5520282791684687,0.6023371406397782,0.279721822843048,0.444488553010699,0.37338612358018347,0.44830781633542616,0.5920557049647808,0.3771405601965427,0.7378115217448654,0.5877258060026057,0.5317909107769638,0.5393065872865487,0.31036673841351015,0.5736680713896235,0.48199171214766434,0.34781938627777675,0.4831471024901723,0.5090210468813969,0.5221650680347388,0.5019002153265743,0.34902874474319506,0.5744043539912422,0.3881103548078955,0.230267274909596,0.36216452939998517,0.577046360682325,0.5425769145969964,0.7658492235487363,0.5559531254216961,0.41063323910218813,0.56614453165112,0.7866856899365213,0.1421150847772417,0.15995184805623386,0.00784571225677864,0.5046553269771994,-0.03624292024391521,0.6230887516416979,0.7598731743539079,0.6632174921436125,0.09822272704291585,0.48396800309076443,0.31180750032223353,0.4818666992141801,0.5120880811159241,0.5501795049208507,0.41079929085868705,0.3931538796024027,0.44443866915381475,0.7932920832437979,0.5626886423972213,0.6425076566125921,0.6844554743381741,0.7585748478400749,0.8112097433551072,0.8595265601074645,0.7833949349495014,0.6351820456962601,0.40371389693804394,0.33754742840502944,0.2133141969089708,0.2531799963063805,0.7001726551026521,0.45371064038732006,0.7419411222046709,0.4777186262012829,0.7019484069796628,0.4291565920949648,0.5506601349791931,0.6949703557708351,0.4547696802813669,0.8660472282097919,0.4323292399191829,0.6534606719326205,0.5421485326775826,0.4968731367256438,0.5513911041317678,0.6115751172855243,0.8373407870727348,0.7139123795720997,0.7312264607130586,0.041358776268405326,0.576668149388101,0.5985764198232766,0.6264575076309501,0.09524101627474917,0.17792330020556266,0.36784270714591855,0.33862225264438617,0.7365756752636593,0.7365906979561132,0.7311122616802908,0.08285318223989195,0.20183520843483316,0.28982264757300086,0.5510506310795299,0.28736233266287864,0.6276792810225971,0.16495784938748312,0.3716552749899803,0.3020517630659705,0.5938597708771487,0.7458016355409952,0.6860492589780015,0.8072065235606533,0.22825983883003245,0.5794841616876107,-0.08384069524127313,0.581327984273925,0.033411740529301286,0.8287946532959795,0.608337836304532,0.05384165549996116,0.5860389603562279,0.5089603842884683,0.8126650733633445,0.8330761239643284,0.7114667663721536,0.4650049965687619,0.5292535807163179,0.7162943651780347,0.7544652001927393,0.8551975124821907,0.5847239378884144,0.4352157246977098,0.36749926641284897,0.5568547226193801,0.6033512276974969,0.5136244971817406,0.5821875870500756,0.4276014489657697,0.5342068965808062,0.6723995219510868,0.6035633670750451,0.4174493973085731,1.0,0.7416916392916364,0.46610033260887596,0.3891154708323652,0.36071101121685334,0.5087091134646592,0.6430690200324446,0.48372108085657617,0.4081821962076083,0.6136228875354969,0.3833441884377748,0.5888720510995868,0.6847167763663786
XLI,0.6438334865753194,0.5968798729504683,0.5489417104800756,0.6277206120221148,0.7218808729226495,0.5889173094273016,0.7198113612900238,0.6752562922765871,0.5969124148787993,0.8788872097665874,0.7943233746116102,0.7082029285254503,0.6182352947610041,0.5647223119418106,0.5681439282463007,0.17739183778647205,0.1260672305507759,0.1297347566938458,0.7101694745801601,0.5170660104631318,0.85186327650246,0.6226403925995465,0.8158981015622853,0.782936204077179,0.500063026750884,0.13319281385189846,0.3742894435701877,0.4576822429861595,0.5502199007771414,0.48522793405468234,0.7195121654283618,0.6596567313128103,0.32973133583830816,0.526765053087679,0.6094592516310318,0.5076378723287328,0.7133252577681294,0.585264478155044,0.8191816064406219,0.6635011972189322,0.6418228161451509,0.6260745145240137,0.39784496391352486,0.6266535271570226,0.5451099781856095,0.4251978030783865,0.6685578073112282,0.5406798859580095,0.6275927465452731,0.5559191469603796,0.5747761791824354,0.6165640951191363,0.48306255896162864,0.4809167787781965,0.48058669808456866,0.5892154425823148,0.6680742531895901,0.839742627406758,0.6875932546475271,0.5429083660004717,0.6952695807063355,0.7290206476671276,0.2816348290029851,0.3025380607069876,0.13893078282363583,0.5955210512690611,0.035512639967890204,0.7225046184422663,0.8309471496491037,0.7563417391456844,0.15639794684070607,0.556648653244878,0.5079297835504227,0.6794692916145534,0.4772860875337171,0.5194960072297995,0.4300662442301942,0.36145894772968507,0.647211252888347,0.8216371732631509,0.6979369988605326,0.6866025357349269,0.8511908558469482,0.8372888918876809,0.6571909264565091,0.7556285204120557,0.5442720479632659,0.7989511821265353,0.42508147671206215,0.49284323170088845,0.2802264637981944,0.32243137801554245,0.7776978597740336,0.3975873213039836,0.7602405506712508,0.5401602412540726,0.9371995729748641,0.6066891162308837,0.5298000691541827,0.8182697946205958,0.5998977588369803,0.8381076050812563,0.642042145209687,0.8084204474391777,0.6894740293672134,0.6635024491971121,0.6608672003614231,0.5886275084480271,0.8829953165535678,0.7674224871482792,0.8463518504656984,0.07836786741597897,0.6803479535738454,0.6241473123049397,0.6673098644175102,0.20066973992774986,0.3177048128910339,0.6208738513883023,0.3758177502413487,0.8185073575134595,0.6662474271438371,0.8113591490329168,0.15365594398891663,0.265614210600049,0.46810272507424944,0.7085465492553356,0.39885363201171803,0.6863450302900876,0.19636035258063128,0.4063329274271362,0.46540521630396364,0.6391528397990179,0.6959290014370367,0.8404966838589284,0.8530750425926161,0.2851062761507019,0.7258975277644057,-0.0008432832456066405,0.6840967433612919,0.08714996501285292,0.863396455773992,0.6873808726542017,0.11854841428836042,0.595292853587406,0.5631502348569001,0.8993115417726277,0.8515320887042316,0.8548438263906835,0.6602259491640187,0.694014567595936,0.8354507930654764,0.8374130714802799,0.8757489777714125,0.6836790786987529,0.5886139171149395,0.4506985966166856,0.7138492859783298,0.6708072727125121,0.4362389067359658,0.7957154907168797,0.508922102516619,0.7232819977173609,0.7778192412860871,0.5653055683074968,0.3718551483075858,0.7416916392916364,1.0,0.6493223314191348,0.32857368739856446,0.4159366798856508,0.48475437196907045,0.683652777335058,0.6402978009357301,0.37687759844049046,0.6662856153350086,0.594827468309996,0.756766433284672,0.7189157945934496
XLK,0.5562629623820062,0.6942242116887141,0.520773607056135,0.7062242743570647,0.7859441713407495,0.7379126692800783,0.6199412636769746,0.5758288657713814,0.7055174868820134,0.8260679629670982,0.5374225802661465,0.569569864664518,0.6151529101110439,0.5165270091824157,0.6504602407943499,0.14090433938308544,0.10191749999032142,0.09239803152029626,0.8349994712208572,0.7289286943122515,0.6679708873488559,0.27036581101473744,0.5784499697276397,0.9073163032861956,0.48102204741618537,0.1011078385568255,0.36756176569959453,0.4131294743161205,0.6269092162052684,0.31312089768193846,0.71659881799231,0.5021600436816939,0.3212800686920856,0.5806295073909162,0.7326586153697854,0.46023835617756703,0.6402374710715458,0.6908804319430906,0.8920524268967086,0.5821007930122712,0.5533727811630947,0.5751393424314046,0.36345342884028775,0.5065955320150131,0.36528291872145646,0.40860379240678724,0.7444852798061159,0.4356382433344459,0.5078416596376758,0.510914192189855,0.754537895536402,0.43484402046327336,0.4105322126191442,0.6353908938650175,0.47095542301715776,0.7706615435860712,0.6214156691061877,0.6152189184361065,0.6037306747496584,0.583049206283511,0.6105821656457943,0.37616034662343045,0.287158202110503,0.3171658448651725,0.1542821794420876,0.4474988898355673,0.007670929121505477,0.6268848199909042,0.8705983873114822,0.6795586889076017,0.13713422445587586,0.4273204490646681,0.5073410907122671,0.7552533417967515,0.7436291372195311,0.3429530009349104,0.4103174205785902,0.1886109143736278,0.9879956444061343,0.6055491036925152,0.9226441612740975,0.5056232570049596,0.8945102356893968,0.8345774143235628,0.3827928880389269,0.6098757080382949,0.191548874246795,0.7727127361664213,0.37978519174864017,0.5098432378685331,0.2437814813563954,0.3468228969021252,0.9068788011552787,0.25724710076707386,0.625279397657263,0.37209368121222214,0.6593541454005137,0.6107253020089242,0.42153557051114654,0.4948027978000818,0.5569029609003163,0.5684078115515914,0.6770710715976219,0.8026491709546789,0.9628525975795672,0.9438952539862087,0.840410334649073,0.39180287928790647,0.6409202494597384,0.6715206615544491,0.69782191937245,0.06239471674825277,0.584043724431029,0.4677363476383207,0.6006497593430642,0.27285337720086067,0.3418988744350983,0.9250740377534861,0.36160848685219693,0.888495507376933,0.290218297186836,0.8885618851988007,0.1285508767354944,0.2268204884708685,0.45319772071687575,0.9097247761768733,0.4336646405413596,0.9050899979532459,0.18694760450129536,0.3910653322544151,0.5294564687816754,0.5664403142088899,0.47652345013179725,0.7739283147730104,0.5740780510602336,0.24607525787532264,0.6748557040939932,-0.012823690147182796,0.577827396115846,0.05065741685718488,0.7050316663512234,0.5781561771993654,0.10591608890042042,0.2974409968243404,0.4129227766717556,0.7084114050601632,0.5112861505283813,0.8261808705665571,0.6929950226860074,0.7015817767532493,0.8560011854922667,0.8783597683397422,0.5762788129574814,0.9318136746051225,0.6527806158949944,0.4108687264365323,0.6926770342610165,0.5348536084906376,0.5815174192374195,0.568855181053642,0.4360657221312002,0.43683130077537646,0.4999063252972226,0.5952314038974592,0.17819661179701743,0.46610033260887596,0.6493223314191348,1.0,0.007213485988434751,0.13779209252291327,0.2104754558614582,0.6850713515957347,0.563996184858807,0.2487641675116857,0.46542404561278894,0.7064045192425369,0.8544575794668428,0.7559004230377844
XLP,0.3178876091886051,0.10734732154856273,0.1043565587170368,0.09535776258127665,0.08231639216930625,0.07369046011271702,0.3133611855273477,0.2686535176911166,0.11201969167076523,0.30815119618154124,0.2942843186534334,0.3476887442439571,0.18813401971922655,0.2065770263179145,0.06424834689823425,0.21157369976038895,0.19414729650863577,0.1376964546577274,0.08487093734651541,0.05391714877378843,0.4417618974097767,0.5670732375732817,0.520081348443936,0.24519535298780834,0.25329910736125844,0.18903106247471532,0.2362255596697548,0.17796933649474675,0.14423218206920532,0.4917868093127526,0.2666056728998933,0.3748704165866995,0.19393689406122272,0.12130255062571606,0.07306161414250198,0.23703759515737874,0.32314653056385023,0.107958580626484,0.28649659024821245,0.3426436224753944,0.2723162998129365,0.29888539206565695,0.19097681225179572,0.3032492768067317,0.44094818372229844,0.29190667396744785,0.15709266874027034,0.293274087579806,0.32923266802071954,0.2852325970698944,0.029760813109022434,0.41512403184634367,0.2340543924640427,0.011228089424998504,0.21516057762401866,0.11383770356262404,0.2881052399688215,0.32884695094274763,0.3116265843220296,0.20305018480332304,0.31325338584772455,0.7097376951089773,0.12189007824436462,0.10992164837365932,0.06185601121036236,0.28441100032491806,0.16389101918553717,0.3477621231892239,0.32161851817531834,0.28445813103114775,0.17739584091794905,0.32904346582203803,0.13309174744047647,0.022055793653391442,0.05904853559655869,0.46108568021900825,0.19309347455751408,0.19964136746465524,0.0009191467211964051,0.556049459001344,0.12718624779875753,0.2312262472565872,0.20864010036002525,0.3740015697287675,0.2557198262643771,0.25010294239113673,0.4734025816719658,0.15178041505194664,0.25111770557160124,0.11061460627864352,0.24311592120530287,0.1425507367007343,0.2574200695688035,0.23709091305689275,0.4520286364082606,0.1268804673705606,0.2381811490742338,0.07235967400440435,0.24873387768939292,0.4446912067062594,0.17620149975960628,0.4241340368252777,0.08174801235406749,0.22542616142388877,0.11826840737116615,0.019064492094179798,0.15849216848245629,0.3686216140387231,0.49234213781263814,0.2742256170224804,0.24749068848342928,0.1705636703391629,0.3031664675396373,0.3708984448974453,0.31573668947750766,0.04724563481630195,0.09807483656018032,-0.05962404736137174,0.13723922584446002,0.2960525651879203,0.6170010349758562,0.2994959478149264,0.20276635778772203,0.2413501437391858,0.12927125348925186,0.12626353237987417,0.18840821787332046,0.18565895320920447,0.06664417061325548,0.18928583215208844,-0.006736486234142454,0.3030681316550153,0.672119122002016,0.20825622223052195,0.3823439314399922,0.2433547579377542,0.2929558344503144,0.13575445577163547,0.35131816450584796,0.17317612187708,0.5208352369128746,0.40697859247409734,0.17314498174275295,0.547821865701585,0.39363838262798156,0.40267395044088466,0.5406951680012124,0.22659789512588252,0.17598076587672565,0.23119933915138596,0.297995697243936,0.2945081894795568,0.5430871568822432,0.1339980022834083,0.1723195098967941,0.2511155376643796,0.268062993466369,0.375760612753953,0.08847377862555686,0.17505970774814414,0.20754207355365167,0.3443531019132059,0.4516985245056415,0.30327846203099523,0.19936143816784072,0.3891154708323652,0.32857368739856446,0.007213485988434751,1.0,0.5002726338712697,0.55779576287041,0.3085185196697933,0.09275127462051612,0.11499618154819438,0.41586088126083004,0.0944509158028143,0.19135714292239733,0.289458686405275
XLU,0.40115933341816146,0.19753636813038025,0.22920076926476596,0.2151626924708787,0.2422321784282121,0.18297903204358043,0.3694372979284617,0.3505220349851046,0.23612597935544816,0.36682343332962025,0.3319433210633827,0.43087231100948004,0.24457562656361295,0.21482416899088816,0.20189151260297758,0.2931115694877182,0.2811518713162432,0.22884467430677355,0.20164483942452244,0.10544230592855501,0.40079100316702015,0.584731344928159,0.4506355701089211,0.29762522575516986,0.3000420356444824,0.27776162064600646,0.2950848383447853,0.23508894056350982,0.23200056748062195,0.42509569026304184,0.3096979331099934,0.3817596480132409,0.19898259664540457,0.17823502404971547,0.2201468943563098,0.2501046205925502,0.35418713762191734,0.21898717288740677,0.3369850214182108,0.3926551325983271,0.2991095358995602,0.3011757615515002,0.2020284703316211,0.3232485506976331,0.39127982282889473,0.26719421656891806,0.2223837623752511,0.32817643520447637,0.31031148842444106,0.3282338359695133,0.17745734255794662,0.4189081119170905,0.26146503205494204,0.1597321487900353,0.2839209986197168,0.14512886721931975,0.2946619507434993,0.373772912650237,0.36580904462512165,0.26700677627076647,0.3556140170093089,0.4967689055171465,0.2832101764348557,0.26809571406061955,0.17018982106659755,0.34956669562194637,0.22661617677154305,0.3723645095045392,0.3480793897078077,0.3163557120397883,0.2467175005247825,0.3160130252219883,0.35567742378066414,0.24064153208559627,0.07659561440210656,0.3483528793778269,0.18758003456752567,0.26999960269324846,0.1375658867280842,0.503525032750384,0.20904061643985097,0.22134336373990177,0.3249122810269366,0.35637897549535197,0.28206629947639994,0.3062427596904442,0.3823140307178336,0.30315835455018136,0.2376463744850061,0.18176851379774162,0.32184759263896406,0.13905620637101682,0.2945289297902284,0.33934718524023916,0.35498083367824596,0.2001650068421856,0.3722490305477253,0.27166122957678673,0.33047329553661264,0.4129792512617503,0.25244687108850716,0.39936494222571234,0.27791692984368077,0.3111506882387671,0.1878384006172779,0.11225349527025803,0.21174373086443438,0.41259530364712954,0.49263742958992235,0.32331142615025776,0.3552633187212381,0.2499060786787406,0.35701486204054167,0.42491533978282064,0.3830336205318692,0.17233171381430926,0.26726970395590927,0.10424714725951059,0.18022563600948163,0.33776289665379955,0.6168873307169956,0.33618378424228074,0.24651791563289854,0.3189089243421487,0.2946222415233754,0.23525201203434512,0.2239499775556709,0.20842281358018222,0.05018779409550671,0.16960232459096986,0.20683251640021394,0.38587041725757326,0.5694088954925478,0.33265397040719125,0.4164277061708993,0.3173499290868683,0.3532956736605475,0.21794950429603202,0.35881410721868523,0.2581464426453738,0.4715803440752214,0.3887198793156933,0.268900319054272,0.611976207157024,0.44032077686326504,0.48622343632819665,0.5778226519862365,0.351708344892359,0.2757192851046253,0.3076086143465997,0.3582588889410552,0.3447965916247308,0.543175397413199,0.18580713337758334,0.24877982993025752,0.3641830410085221,0.3367396394356378,0.3939481071176992,0.08577436690216227,0.3237301449567256,0.27137927042888027,0.31796779469381875,0.42423716450490784,0.23395573910393122,0.25359137777683455,0.36071101121685334,0.4159366798856508,0.13779209252291327,0.5002726338712697,1.0,0.390554039692397,0.2426515571955714,0.2559015340511177,0.22067267393446716,0.2866776984224827,0.21238710700148464,0.27767549450610035,0.31126443550351673
XLV,0.4412460545909599,0.27120628778924727,0.45159618681208386,0.31075339805741414,0.26304478300306555,0.22754106516981132,0.44457491437287056,0.3802544762043906,0.24834245007563754,0.48949249369742565,0.4212588668240977,0.44074671830368406,0.3327686925516964,0.32675305274713673,0.20607425754575243,0.2270668843728293,0.20360914855048828,0.14242642122633087,0.3058164297414805,0.2482697704949411,0.6296287454127112,0.535688096466678,0.6338017593863714,0.43207684928471823,0.3129722739211172,0.1950071017272075,0.2805727934582406,0.2336305160474967,0.26513266057944956,0.5091843243690521,0.4482237740264775,0.4632639515693569,0.23220236911517647,0.2710053482452914,0.2208669642520403,0.31005362802058956,0.46657472522077614,0.2401685672340454,0.4811734181737104,0.4353410965402444,0.3862205451620169,0.39709831947175794,0.25818180898341536,0.38781169636634316,0.5532551581567781,0.30860751056525915,0.31102118606825047,0.37220815673793045,0.4201176974895075,0.36900979149081964,0.18129208955527532,0.512438680099276,0.23956779699903533,0.14469069949821534,0.31070806658064104,0.28813706604270534,0.408450810460638,0.4744150337201543,0.4177608685296718,0.29072873300902824,0.42723872877336355,0.7324183726336739,0.20099699294990067,0.1902468789515159,0.10480874580861231,0.3638998735345015,0.15143426848739455,0.4803508646799753,0.5037417764743763,0.4622421194497481,0.17262855171190528,0.73881937241096,0.21835396670675808,0.22052752260195704,0.2545488860411587,0.6983167045586292,0.30897954724394344,0.22490596801197515,0.20063513020858154,0.6681113983909129,0.3172443960265521,0.36417332021626164,0.41729704133952616,0.5418097862999677,0.3537120884512495,0.41305719879617325,0.49282007288304647,0.369424534687146,0.29442636808440614,0.22041837967581007,0.2815926365080306,0.19328541979266445,0.44996259391827076,0.26055163227424566,0.6161651856658654,0.23642717577576988,0.3992284206750587,0.2249553226231681,0.32440456732118417,0.5666892311354067,0.29427275546767984,0.5550119609251426,0.2208647161461501,0.47722564798352635,0.2930475566700153,0.23730829942818696,0.32764396687659536,0.447679023818704,0.6252127958500175,0.44389431566384907,0.44224867183371785,0.16430523445310088,0.4137650246554792,0.43770168112156443,0.44549449014717735,0.1170655252315737,0.1866922518493534,0.15444501058386645,0.261801074450359,0.48321662850919367,0.5948880682237323,0.4888157908694906,0.21337291069534925,0.28173279565846443,0.21982972385470262,0.31238279788350753,0.26302936734290744,0.360190360316161,0.08556652205394034,0.23304878850358896,0.10990715021472496,0.4248548814783441,0.727719564214427,0.43860880623256704,0.520471569262031,0.2843426986248825,0.4356176172448814,0.12651454158749983,0.47900743698963083,0.17545725062425088,0.6652822325685286,0.5572839619520326,0.1812397247310955,0.5446178481864898,0.4290888869696951,0.5460959051842009,0.6063924294617051,0.4323218150198707,0.3181414468903461,0.3895609157768787,0.48104288419405805,0.49008132359731355,0.6718633501844222,0.32822032195886464,0.2939408097096844,0.3301016464097155,0.4104704089149259,0.4616196160562064,0.2636244526315211,0.35083811643046287,0.5445890340642107,0.4280420969459102,0.5315298774322419,0.38586946901975683,0.23176784202466028,0.5087091134646592,0.48475437196907045,0.2104754558614582,0.55779576287041,0.390554039692397,1.0,0.39719548711872144,0.25963142253555216,0.2037382774207002,0.4326277630296026,0.23274314287952216,0.4308709464143274,0.449902501594073
XLY,0.6526844753882517,0.7423592720994202,0.5895605298915925,0.779059726602284,0.762076206512051,0.764616473167835,0.6321619580451655,0.5828952904510278,0.5440919683564496,0.8370752541631157,0.6792877158927197,0.6204810467206513,0.562560411459588,0.5664760018557835,0.6172933145502999,0.25445180964923686,0.20193278782444382,0.1767232217560442,0.7077420952772927,0.5811290865947493,0.7606388975625873,0.4872035924130289,0.6866684658943519,0.8351222523351293,0.4776623695405013,0.20286373657126883,0.40900255248250306,0.4440116495113309,0.4855619937166728,0.4280654816941281,0.6708887114249485,0.5704776345439572,0.3423225076344882,0.534547347974668,0.5356788698867406,0.47834295008178146,0.6451141108561934,0.5395648106217411,0.8516629640297697,0.6072356299378563,0.5968913778613608,0.6076757060441526,0.39234590201948827,0.571891056185069,0.46935376424683783,0.4178193065790203,0.6298659859444774,0.4909960881077805,0.5746585338439851,0.5350430344078928,0.5339349813550098,0.5140653119632571,0.42044627684837477,0.4045223299136708,0.4580342070638079,0.7979496985813815,0.6280298532165094,0.748165372016575,0.6259157870738721,0.5176155110413219,0.6047410453329464,0.6002198685014747,0.21248059100118935,0.23540939369605268,0.08485593466751272,0.4598531027836539,0.10291292346571312,0.6559796303753289,0.850996620319911,0.6681612518531096,0.22414370817452248,0.5115528338138727,0.45044941499148095,0.6071624563070707,0.6387261743873771,0.5138379628844543,0.43615585546720703,0.19770635744035728,0.6752667843211023,0.7243043464417577,0.7784950375972349,0.6612601771777934,0.7546090481514416,0.8035942213900484,0.5680222347632842,0.7107710189726639,0.4244397127454409,0.7546735172763303,0.4021473130305672,0.5078046920406404,0.35531050969949396,0.3434728120581202,0.844847846197846,0.2926780288091683,0.7699819004886378,0.3533536353386541,0.683161088152291,0.593516981715164,0.5241227432126875,0.6620511239248522,0.5131591524524582,0.740425993575272,0.6613818028550573,0.7667192578356279,0.8079640705842781,0.7161431448662658,0.7154615615388518,0.5892889029996141,0.7755994203963098,0.7015251253196702,0.7453381169816865,0.15559325237697746,0.6308972270022666,0.5926478947911642,0.6957684330789139,0.1786464299121809,0.2532861339924296,0.6012009955132982,0.36614107088655196,0.8494425618189589,0.5566601893062607,0.8523846941047108,0.2207439129745976,0.33708831784488613,0.44503048809698204,0.6976849331121908,0.40224955793859163,0.8427169367729271,0.20847085149780306,0.38732341854934627,0.38168619800114667,0.6733493374701515,0.5889545698691055,0.7796563581765376,0.7365988811226334,0.3610580406268684,0.6451718258737824,0.06860609526679785,0.618211373852736,0.15698859761533707,0.7542484241811557,0.6344000918970609,0.19150907237264572,0.5305830664034337,0.5321069971316273,0.784254621949956,0.6822567169964028,0.7968029644194872,0.5769286274933593,0.6365723946148255,0.8202658256264478,0.8564690134771292,0.6802577799456065,0.8293760898658884,0.5679544164807094,0.5119909309990319,0.6440186673671976,0.5826867513674061,0.6104065232823089,0.5701490602371162,0.4794154958057949,0.6370961645874204,0.6237881220516618,0.7396415173624314,0.2061760926569171,0.6430690200324446,0.683652777335058,0.6850713515957347,0.3085185196697933,0.2426515571955714,0.39719548711872144,1.0,0.4989226454265665,0.2534533912904005,0.7181794293902439,0.5522992787626987,0.7890055913490056,0.7173835105917924
XME,0.48430379021730796,0.5419486956061642,0.5430419266531658,0.5896101613875688,0.6832672493286522,0.5524439360882046,0.6780143215282319,0.6971950151602614,0.6411590928706745,0.6828649358364467,0.6686394820222038,0.7015554512279003,0.5617145965344553,0.420506374955654,0.5739681873160634,0.13196786489116324,0.10841539840941904,0.10378705167788435,0.625417798064664,0.43091827269058103,0.5997971024234973,0.46635806069191044,0.5856258072191357,0.6028295619956103,0.5951833345077735,0.10795608631069384,0.4318450839867057,0.5248861098668441,0.5836068625527212,0.4096541335953931,0.6273542300713232,0.6006104070023623,0.3196231381382315,0.4618188835983865,0.6288112589532691,0.4942994097024181,0.6330690854521341,0.6229341703159725,0.6203929210771874,0.6558526050655246,0.5766639053484329,0.5427187545023152,0.4432091590455497,0.5255408688688917,0.4229172176832741,0.41520548735214,0.591427815098676,0.47711402177342843,0.5192711437272292,0.5126497922682375,0.5682153805831988,0.559883261669772,0.49341745094876166,0.5278450786614235,0.6227466389481732,0.4706102948905638,0.5649161812583606,0.6816621813212902,0.649095980280121,0.6149830022583601,0.663469306128263,0.38318417163487123,0.6173337086796539,0.6399777683023465,0.46372804173229487,0.7593319050066226,0.031952898427797964,0.6336718751025319,0.6155100121351224,0.5933244494772588,0.09757187652000908,0.45703162866202685,0.5492383819548213,0.6784454402735585,0.41123836801941477,0.3002557612294207,0.35257053095782814,0.3839459624927916,0.5750255643256302,0.4958947479744233,0.5588728208106446,0.5141811485426285,0.6608516454736371,0.5984967781652327,0.48908467853917786,0.5907426964607948,0.26479003182636046,0.7454320808824212,0.35577582812621295,0.6059880726391901,0.2186727062076888,0.3958878912789395,0.59337727187677,0.3169546913888175,0.5324763583785679,0.5319827995370436,0.7060996184256252,0.681574211873667,0.44916144513209055,0.525485298497041,0.8244549533955828,0.5958877247143555,0.6569334588253879,0.687107883077164,0.5639197553320868,0.574260371061074,0.5260370930629926,0.4578978388552704,0.6254060041671394,0.6315165571917679,0.7195363218993981,0.09817140695457358,0.6266347440997267,0.6275112097477757,0.49731448552057267,0.53109386783984,0.6677099127458844,0.5584876822108239,0.3127247170248337,0.6149871552394196,0.45580115700644264,0.6079284634669134,0.13988856987485532,0.20073085710766436,0.4918055294571854,0.5998525678461888,0.4239372856754391,0.519670506270729,0.20140817285977414,0.311295046356817,0.6837140524835222,0.4876706173476195,0.40771837352816853,0.7224099991561963,0.6632760750804445,0.21407539245492743,0.6722440800527804,0.018863163219827988,0.5894819778770722,0.059640988046371135,0.5867587204955497,0.5714546921230691,0.10674050422059846,0.3676201812688411,0.514046305690057,0.6637266291595415,0.602795414162024,0.6513965815209024,0.6441387980137622,0.6579047442935594,0.6932056135889784,0.6436202888361202,0.6134874392200175,0.5397069629241168,0.618483122574198,0.35274220141079005,0.6827583678850299,0.6307815549005075,0.36715210743291465,0.6456397557582677,0.4574330290923248,0.49722581907996644,0.7032042321342118,0.3872313692121193,0.35920000618931447,0.48372108085657617,0.6402978009357301,0.563996184858807,0.09275127462051612,0.2559015340511177,0.25963142253555216,0.4989226454265665,1.0,0.39586601346730654,0.5160283385944137,0.6226871049063222,0.654003202128942,0.5200990382398344
XOP,0.28648347139560326,0.2636587407060891,0.22789327749077157,0.27841494568745623,0.2885351999000994,0.26415599416852825,0.3051475147038551,0.33835749919153585,0.21362489438901683,0.47556132006175206,0.5874309718682938,0.438686500267462,0.23812317179159212,0.3530946565564407,0.23950520726527788,-0.08838515272531573,-0.1393345674738252,-0.2372874004072483,0.2513960237027205,0.2809563697267953,0.3714315077474398,0.5356662981493883,0.4419577060831827,0.33127061574004096,0.3141981541563805,-0.14043232075984874,0.03582581246259912,0.16967501954214537,0.11680811311448583,0.17315686220060209,0.1933197503798785,0.3143232089981188,0.13703848321894396,0.14409872404617013,0.17106256269422682,0.22266300885370083,0.2596964980071874,0.1976051560626677,0.3753552023353791,0.33373442310952417,0.2006652381030829,0.1541477072878936,0.2200588640876275,0.23750646119928023,0.11608419445891568,0.15334858770879856,0.19830062778990268,0.16993511951045506,0.1986194636269573,0.2892337804432244,0.19544789425065107,0.3069278251331442,0.21835378762870725,0.1060527240904908,0.15624151814659834,0.2539191888104558,0.19866607630711386,0.4672323359479719,0.2642356504285959,0.2941170430148161,0.3365150407377161,0.3545434144434248,0.05731867567662113,0.07147347549999129,0.026248614100356116,0.6433183901370192,-0.19787121118180218,0.2904722481450033,0.3778607066847728,0.32674839818724094,-0.07838979837217223,0.22303762157704332,0.21147409633036304,0.24351767699672086,0.24509306870976683,0.20089367270519493,0.08050336679339078,0.9173466730142006,0.22490202247718014,0.4073370101798307,0.28717139365089667,0.18918688256199054,0.36500847869431297,0.38742668399131724,0.42993151459087625,0.39838435449851717,0.3265245915431666,0.3544466810719471,0.23431023319771843,0.26387764017533216,-0.018129003643125866,0.194994682389621,0.343695287413454,0.6633504817300081,0.3647959896420839,0.8085276941038329,0.3993715064275911,0.33049267662858783,0.28565501895113043,0.31216468271794867,0.3181310646488092,0.5149718957362217,0.3092697702578438,0.3563428624288674,0.25664883878263434,0.26807039761630447,0.31481633493211714,0.31329228024232114,0.4715180452801678,0.45505121306293217,0.4436901174709139,-0.04707187650770379,0.24216801730566867,0.4506336903784943,0.32444307318178744,0.08465919608495678,0.10299827429611143,0.22542331379270603,0.06045077854107743,0.38092185092847286,0.4722202558236823,0.346579581876229,-0.07930049576924954,-0.022017650588665984,0.24659584919052635,0.3325557466574559,0.1635448654890682,0.26439142162054097,0.017209485893081043,0.03854660990204111,0.19558514983725062,0.3004899945996847,0.34583088904578546,0.4002838543833294,0.4976687569601508,-0.004089323290652568,0.26566101807252246,-0.22422400020342917,0.2274779168906818,-0.152166532020533,0.40824312774466726,0.24554379233338294,-0.14359619300823262,0.274909304606593,0.17289903640743043,0.46321804534620103,0.5075718768303934,0.37375796146348267,0.22818202860027292,0.20971014014842965,0.3620085310120828,0.3958382703280756,0.5008803372431083,0.2588278906157849,0.23503353276626648,0.10271570546262063,0.26772164824197764,0.33875837489555055,0.2762999799965152,0.28551918735060455,0.19720170953947186,0.21038781125528774,0.4126407484777562,0.23908188876688666,0.9306156068082643,0.4081821962076083,0.37687759844049046,0.2487641675116857,0.11499618154819438,0.22067267393446716,0.2037382774207002,0.2534533912904005,0.39586601346730654,1.0,0.33081619331175194,0.18889776477485307,0.3064286345129338,0.3919998496027611
XRT,0.5925643597193424,0.6014172677432232,0.6097494424697566,0.6304166171220869,0.5874272722403644,0.5781926140060342,0.5652575683662847,0.5294333471390219,0.44684146464332225,0.7443846288508897,0.8203870306898288,0.6048251569147046,0.44989164058045866,0.48216612160205913,0.5116246051915347,0.24121770033274972,0.19902396440585549,0.15565698505111963,0.5537743014130653,0.46530640603398266,0.6960685314394695,0.6354238193539173,0.6453383974088712,0.6300490034831502,0.4322704100852151,0.20515565216257098,0.3773371946555576,0.42083632597889925,0.39630301725831235,0.42218857008032035,0.5553291280523848,0.5368108432324274,0.27540347689400935,0.45116457610588734,0.43062032511712856,0.4505889134044052,0.5608894339368548,0.4391565659963677,0.6663922274711889,0.5535584947307334,0.5437366730813399,0.5291525161097629,0.34768671145570945,0.5123382315108124,0.4510118380776453,0.3751124495596846,0.5136517269602267,0.4477175810727169,0.5319883211124429,0.46164983431342715,0.40610025696861624,0.492193058884425,0.3704955348008654,0.3199977424131016,0.42099100992067945,0.5882384675397905,0.5462283282102368,0.8481822507418546,0.5683536153893238,0.4448316911491493,0.5539079463002491,0.6289080608797245,0.18841031292436572,0.21242319936485607,0.07034592444122804,0.4958196991442112,0.11437143695434787,0.5766685821041228,0.6879353480940013,0.5745821053085992,0.19801113263090214,0.5402389628693703,0.4348518000878836,0.5175212913512197,0.45348434646023966,0.5029140052670978,0.3898690602864795,0.26789625808151674,0.4623398383423667,0.6351443426303424,0.514769315808295,0.6699152709535159,0.6215696280455805,0.695078312696901,0.6819619280127053,0.6874002196037309,0.45816659704401197,0.7010547927693644,0.38893701442495615,0.4452138688663462,0.3323373771883855,0.2882922619326598,0.6199330806647766,0.30633788018015723,0.7584768241509959,0.413923601145124,0.691365291504603,0.6023644027387023,0.526455764571826,0.7257964127223019,0.47943565934501353,0.770926574289571,0.5858878448657562,0.7166334007950885,0.5444670376418309,0.5274018742688252,0.4844696401038009,0.6402184518688514,0.7920975955872064,0.6814995011248204,0.8049856956995115,0.1349735829617612,0.5639883621381306,0.6132695291077677,0.6191909156882281,0.1334794367205542,0.23143318092694648,0.4214028474029361,0.33146205627825504,0.6588606142686206,0.6993010683338164,0.6573522540235347,0.2226288399738864,0.3160093967699597,0.4626024440228996,0.5623750560561239,0.338263601372003,0.5659952296182295,0.17635424852351958,0.31866492033856947,0.28639813589508434,0.6006724986218469,0.5664895555839837,0.7619018998223975,0.8411457002456956,0.33460595521062825,0.5634558215852367,0.08109813872646178,0.5554063369501584,0.15664056838449295,0.701375180099918,0.5623644300224119,0.18644896018697907,0.5876169049342733,0.5263877470809812,0.7683527881454111,0.7570421181426831,0.6953969359709842,0.4753299326036615,0.5363118608236485,0.6733176089688179,0.6930683881807557,0.702417146168862,0.5587470870117656,0.4682208814547225,0.43628475342398276,0.5560379825210912,0.5466345892417884,0.543939809946315,0.5260061400575523,0.5145274569591503,0.736361190511393,0.6668763796621991,0.5603451331005387,0.28096476482794186,0.6136228875354969,0.6662856153350086,0.46542404561278894,0.41586088126083004,0.2866776984224827,0.4326277630296026,0.7181794293902439,0.5160283385944137,0.33081619331175194,1.0,0.44654760330898263,0.6454494516584453,0.5305130796943144
XSOE,0.5540605362904031,0.5478209181210855,0.50800949449989,0.5876811416544774,0.6690407529698235,0.577068737229861,0.7800976579623943,0.7524377575240686,0.9825107327589772,0.6824958756291534,0.5101916564522373,0.6350249922825726,0.6793449219619078,0.4804056561253305,0.5730947347197591,0.2334016534121104,0.22544891962323127,0.2084758760680572,0.7512462221103989,0.46748569183605915,0.5714409775928316,0.3559626667864598,0.507791604116007,0.6904560672224254,0.7687699059779901,0.22457174208092012,0.6349610949116636,0.5951198372515831,0.9299029548541542,0.5376170646721795,0.8017831893836674,0.7060457298004046,0.4286701702316362,0.5260294463122067,0.9400241613453878,0.6033438050785984,0.7836398708900479,0.9880584277704401,0.6862328708011385,0.7123456203497651,0.6858171929357987,0.6885752330730186,0.6633649690865292,0.655027352621781,0.5493203888826694,0.5609845011490644,0.7877390582143079,0.6065247912305252,0.6692488702045486,0.6512767863649079,0.8579264446418094,0.6368072957942827,0.5838236531048315,0.8428163002196304,0.726119196654892,0.5411645985384809,0.7404943439488938,0.5925763358516952,0.7935076324483824,0.8923856788500771,0.8038444545536965,0.33401431735637344,0.48718888995347787,0.5100296248847946,0.3562320277039557,0.620805482146658,0.14147530171112702,0.7559440944231994,0.6661347644800777,0.6911168674211389,0.24076161949071623,0.4554157261904994,0.6506459212262272,0.7364195281772743,0.44237979097550884,0.3044102763942725,0.5628139377112304,0.21595934149852536,0.7599429241612319,0.5110471284645984,0.6817134469960933,0.5169954093657794,0.7126573947968883,0.666011435167883,0.3508685070251125,0.5055289319837406,0.14962735991151058,0.7265359356446526,0.4552392192753457,0.6974395196260623,0.3275339950099948,0.7060620904944965,0.6795890003370587,0.20407273170407209,0.546194089430765,0.3822127155645273,0.6023565869744555,0.6434997286226799,0.45794664253514344,0.4645500317219637,0.7653721163543762,0.5031235230190912,0.674266682555002,0.7253879182681482,0.7092274921875004,0.7226515277699119,0.6268350331423299,0.4570204793627792,0.5868075479059619,0.5766522085331552,0.6546782343062691,0.16850679329703827,0.7541166264099721,0.6619540874727173,0.5682417133220615,0.4307419764692621,0.5099944638598806,0.7214873118980064,0.47520161695572827,0.6810481205115781,0.3615694520254386,0.6758368361789098,0.2539813331005122,0.31257786001493193,0.578967145504438,0.6987726941866148,0.6137159835348948,0.6267581328089107,0.22753869534373924,0.4220084979592601,0.5617964647590219,0.5527035995647013,0.39337732237174194,0.6851711674165969,0.5522290105882599,0.3138772879261662,0.836652330689637,0.13245577023756955,0.7354784236750012,0.1587466427138831,0.5752547981144285,0.6963613825759123,0.2306988450259124,0.3519823342487969,0.6737942727781305,0.6303341569034826,0.5078851325631927,0.680846623644046,0.8559668288442523,0.910002287028292,0.8122792886256437,0.6904572948929045,0.5505069551926777,0.6600781288602037,0.9543959663622824,0.4867903629519302,0.9004872544489201,0.7667265299533049,0.36096997791435337,0.5286387831337119,0.4485007975218737,0.476950825629684,0.5661429039266848,0.4471576574172793,0.16888677629601903,0.3833441884377748,0.594827468309996,0.7064045192425369,0.0944509158028143,0.21238710700148464,0.23274314287952216,0.5522992787626987,0.6226871049063222,0.18889776477485307,0.44654760330898263,1.0,0.7954744223178668,0.5766770723931988
XT,0.7111873952763189,0.7852444126386592,0.7115621869709758,0.8158248026174731,0.8369949423074372,0.7983431294021756,0.8065381704282085,0.758004483038725,0.7930091121999934,0.8866392803791354,0.6956424088387189,0.7313227648100749,0.7074294987880625,0.5863457861591894,0.7019633943217487,0.26847201844789703,0.23684034685285257,0.19261052430704026,0.8870807163174611,0.7309613327353274,0.762627558455003,0.5052441797533901,0.6792634785447135,0.897440261996258,0.6431959222748218,0.2367384403775241,0.5553903962826344,0.5643845406736101,0.7200452413761123,0.5608444445643007,0.8553741849981141,0.7158412719462321,0.39758794052678587,0.6436257704043064,0.7658984635140925,0.5900085474322959,0.8182741194189778,0.7848210770673356,0.9044362182442138,0.7453752775441905,0.7479662192771417,0.7524280323541401,0.5481436805629112,0.6828295925863914,0.5937346880371143,0.5058860654936131,0.8351506004386844,0.615487729627933,0.6976400727089497,0.6674268917663333,0.7609818541977641,0.6553374626865679,0.5329371033373527,0.640761906626498,0.6277793687187451,0.8095352888631636,0.7822714590323956,0.784288821328886,0.7994254237447251,0.731617593346865,0.7843682582536782,0.5522878975565472,0.3886981035149075,0.4158710084231635,0.23381382097585046,0.6147090411730182,0.12647498626621873,0.8064431270431535,0.8898468133656732,0.7887802409125636,0.2564537666275581,0.6375003740542778,0.6742271487331744,0.7927602546681456,0.7119376881472783,0.5208205948835383,0.4960938177357068,0.2684119851533842,0.8606947724082495,0.7231861422483604,0.8522633922706935,0.6333774485508465,0.8829858739846552,0.8856666957368242,0.5314407046103966,0.7217349316059135,0.3328655062056543,0.8924476742592845,0.44905528228150676,0.6778158210623652,0.3848007846312488,0.5267920740274555,0.8862555359937125,0.33208319939217745,0.8039261007824884,0.43711981864044497,0.7578586775124204,0.7602739687584096,0.56101464897025,0.6811457273397623,0.6891198079204688,0.7137496511145527,0.8026647435421518,0.9133819267889437,0.8939479387485417,0.9007154076831875,0.7805386262611619,0.6031027602584368,0.8130852298869857,0.7607221279186807,0.834372035896989,0.17463259062342448,0.7911091185569014,0.6951334046087387,0.7431769075202219,0.32827186708628053,0.42941885194980967,0.8197704105565724,0.42125446768788866,0.8942804741286455,0.541886333877587,0.8949700804017022,0.26820198747363544,0.36851226633553646,0.6382600260757049,0.868721517058428,0.5307510260643866,0.8568032244429956,0.22153316367448686,0.4108624911912777,0.5422828231415773,0.7244757889933054,0.6104145135839786,0.8936328964993964,0.7561550972645095,0.3766950463101571,0.8348864984515907,0.10744282792809241,0.7782717001341043,0.1683067138526842,0.7971757085730373,0.7766697728903763,0.2390730480045042,0.5375450912169843,0.6618246465972676,0.8554288821789217,0.7091873855003143,0.9029416316488705,0.7824392353713372,0.8494362721584662,0.9354439068945591,0.9079043835492713,0.725453749698982,0.8724697719259815,0.7884819513751797,0.5631223152600273,0.8518540689926727,0.7422626872717695,0.6676102090446353,0.6500384990836711,0.6181302821516302,0.6121648461651346,0.6861855905754263,0.6790039227685235,0.24468558100286472,0.5888720510995868,0.756766433284672,0.8544575794668428,0.19135714292239733,0.27767549450610035,0.4308709464143274,0.7890055913490056,0.654003202128942,0.3064286345129338,0.6454494516584453,0.7954744223178668,1.0,0.7536291011037118
XYLD,0.6177126906801875,0.6314307560982861,0.47177063224570764,0.628648705564528,0.6730237989078812,0.6386460724778956,0.6698553944314731,0.6287876454134611,0.583771381800138,0.844057054692558,0.6231295698356173,0.649985523201279,0.6050185437901214,0.6541300907249238,0.560669362555024,0.13411996768502868,0.0712710245753344,0.02873808854618724,0.7117765587004489,0.5962022209993014,0.7849635912169464,0.5117998333883972,0.754406825351664,0.8410786003885429,0.5211811943092853,0.07564934597072057,0.34463799571171766,0.41338681546623074,0.5240044511701721,0.454552222989008,0.6875055183786286,0.6218867204841669,0.3605979175585528,0.5057223573562687,0.581542155280958,0.4953948780688249,0.6772533065500248,0.5725208721404664,0.865783594274543,0.6465934936301462,0.5719497055386925,0.6099022500045028,0.38441775095042946,0.5992003877896783,0.4798105403104119,0.44085519383351296,0.643998558128917,0.5371900628610712,0.5684363269663776,0.6003696016651514,0.5832344357596438,0.5832647042111319,0.45775803985116603,0.4439507953714306,0.45991528349696215,0.6937288483097517,0.6317270433451787,0.6696820638153664,0.6291539092610516,0.5599249232168082,0.654905185191131,0.62756798045289,0.2635951531390333,0.28627117838931254,0.12975138904177438,0.5479890566161534,-0.022475157828405347,0.7020707210891087,0.8653078145757429,0.7485267781171071,0.13121178918335968,0.5002804137462405,0.4090406844660016,0.5937984948134921,0.6176906014223355,0.5099062179508963,0.4377203651132045,0.3649498031926724,0.7472969941482197,0.8465456574002699,0.866500675816722,0.5953770679353797,0.816462017741042,0.8275831863119248,0.5024976494887924,0.6975093529517884,0.476088482944473,0.6953948827961035,0.4367706960807183,0.45479215261018935,0.23685126860662475,0.35005871402240163,0.8634631597154505,0.4137617730750744,0.7129731106778994,0.47692669557076306,0.6742636541054285,0.5087055296913979,0.48161553428585246,0.5992515056813008,0.5427175106328115,0.7259456620333448,0.5495173024362459,0.747675893381251,0.7968154490423078,0.7228518278758003,0.9242915469689715,0.5150158756200396,0.7619193457341985,0.8446597092937196,0.6910808719018863,0.062288829888910734,0.6217823161885526,0.5879019193038186,0.6690048657718903,0.2105719461804816,0.3094468246397559,0.6665340529155558,0.3751380326285138,0.8769920888563375,0.5296217216747923,0.867717493018655,0.10986870570347557,0.22294264441772238,0.37274908199835777,0.7373972172137458,0.46505759849273925,0.8205887582382106,0.19044675189266366,0.41421297382459377,0.40684289645801275,0.6113775460450102,0.6657853676185553,0.7284752176277012,0.6775555487338409,0.2523374864181626,0.6816665102973705,-0.06894549800745006,0.6378301465463255,0.03851931086725755,0.8040629269472366,0.6570673729237005,0.07043577104714131,0.48515417611262834,0.49718824236852593,0.7744428290927566,0.6903011482655803,0.782673207696361,0.6270263356753832,0.6547943816915774,0.8380286431047289,0.8671025350358069,0.7416166053519427,0.817016605791649,0.5971525711655751,0.41511919963759814,0.6815347122552244,0.6404483948379478,0.516360372618495,0.584679623976202,0.4458769086314848,0.4620038107311951,0.6301638614340114,0.6706016535395047,0.36392429285449934,0.6847167763663786,0.7189157945934496,0.7559004230377844,0.289458686405275,0.31126443550351673,0.449902501594073,0.7173835105917924,0.5200990382398344,0.3919998496027611,0.5305130796943144,0.5766770723931988,0.7536291011037118,1.0
