Date,Strategy,SPY,QQQ,VTI
2020-10-05,0.0,0.0,0.0,0.0
2020-10-06,-0.00345709970378405,-0.014215913709745731,-0.01784656552523267,-0.012337115455557157
2020-10-07,0.0,0.0,-0.0008563150274438769,0.0
2020-10-08,0.0,0.0,0.0,0.0
2020-10-09,0.0,0.0,0.0,0.0
2020-10-12,0.0,0.0,0.0,0.0
2020-10-13,0.0,-0.006526230417094214,-3.3880906682992595e-05,-0.0052793825690304885
2020-10-14,-0.003252274304983427,-0.012768504019599725,-0.008386167712418069,-0.01189244294278935
2020-10-15,-0.008007838263557332,-0.013988525597320667,-0.01504076376998853,-0.011559184330705796
2020-10-16,-0.00942145535019534,-0.014584066950873109,-0.020439193046866144,-0.013337421403676886
2020-10-19,-0.011875792960718834,-0.029566160439346345,-0.036430981001281726,-0.027452201147398547
2020-10-20,-0.00719511518120719,-0.025678611833282128,-0.03435942088095312,-0.024062540123610865
2020-10-21,-0.02062292073266514,-0.027522926328565678,-0.03510683797110414,-0.027396688681403436
2020-10-22,-0.016964571666158945,-0.02218852784500014,-0.03514039722360984,-0.02050597406961252
2020-10-23,-0.015283633033775557,-0.018868892868113885,-0.03323920659922874,-0.01728294235186656
2020-10-26,-0.026228211274486934,-0.03700017232207764,-0.04773712533587404,-0.03512110127174095
2020-10-27,-0.02176092845292954,-0.04031999460557001,-0.040301338499528216,-0.039011017845879126
2020-10-28,-0.03890375674920332,-0.0731207528227108,-0.07771690293774258,-0.07085339111776645
2020-10-29,-0.030033208978295978,-0.0637002607307956,-0.06158980579271289,-0.06207304686878912
2020-10-30,-0.04561509752393211,-0.07346136988559326,-0.0853902849931063,-0.0720199800761715
2020-11-02,-0.036590668414886895,-0.06307615511983888,-0.08335314186975629,-0.06235097683099
2020-11-03,-0.027505938710999933,-0.04653407856388281,-0.0674974136323685,-0.04434582097284878
2020-11-04,-0.010978776320300976,-0.025224861580418145,-0.025871503230426307,-0.023506680199209096
2020-11-05,0.0,-0.006214083958313021,-0.00047497600191770406,-0.0033346080980742876
2020-11-06,0.0,-0.006441099564699626,0.0,-0.0038344960161996733
2020-11-09,-0.01019404829774706,0.0,-0.02043364141934867,0.0
2020-11-10,-0.026327840903609512,-0.001466643518119981,-0.03798218541306475,-0.0016538858795946965
2020-11-11,-0.007444125114597022,0.0,-0.01646229130715926,0.0
2020-11-12,-0.010601278184283025,-0.009700871967072033,-0.021078918819493864,-0.009859447765473428
2020-11-13,-0.0018700876484336604,0.0,-0.012491369950717757,0.0
2020-11-16,0.0,0.0,-0.004786093221575416,0.0
2020-11-17,0.0,-0.0053781119092980445,-0.007942700224378818,-0.0022633534869895833
2020-11-18,-0.004924446996146359,-0.017348275304563843,-0.015274423508420565,-0.012825996567624731
2020-11-19,0.0,-0.013211322164543238,-0.007569361157151899,-0.0073290263007665946
2020-11-20,0.0,-0.019968600522026092,-0.014357850908978453,-0.012556469082996125
2020-11-23,0.0,-0.014093897657292409,-0.014324086393854407,-0.00447251626278411
2020-11-24,0.0,0.0,-0.0004751685572829123,0.0
2020-11-25,0.0,-0.001541448125222833,0.0,-0.00037320216272107576
2020-11-27,0.0,0.0,0.0,0.0
2020-11-30,0.0,-0.004427391889346932,0.0,-0.007864878803507058
2020-12-01,0.0,0.0,0.0,0.0
2020-12-02,-0.0027009304574738824,0.0,0.0,0.0
2020-12-03,0.0,-0.00027274976940905304,0.0,0.0
2020-12-04,0.0,0.0,0.0,0.0
2020-12-07,0.0,-0.002055336941930608,0.0,-0.0010962576196770213
2020-12-08,0.0,0.0,0.0,0.0
2020-12-09,-0.01563400829247996,-0.008969110469142727,-0.022640973305873335,-0.009837233461227779
2020-12-10,-0.005444513271526619,-0.009293225356858503,-0.018716372675011694,-0.008379699754254233
2020-12-11,-0.008731165992514889,-0.010454867380836896,-0.020889376740969356,-0.010149623599581381
2020-12-14,-0.004599580961397121,-0.014885210276555094,-0.013785679561080899,-0.012960015783922696
2020-12-15,0.0,-0.0015671645850049432,-0.003243833919145289,0.0
2020-12-16,0.0,0.0,0.0,0.0
2020-12-17,0.0,0.0,0.0,0.0
2020-12-18,0.0,-0.00399268691629584,-0.0030225404530185296,-0.0028350135165651213
2020-12-21,0.0,-0.007554086680737315,-0.004887728264403424,-0.005721002379900919
2020-12-22,0.0,-0.009226565763443495,-0.0021816879152602997,-0.005514799430337836
2020-12-23,-0.000421885757858953,-0.008336503997341982,-0.007206901306595959,-0.003814030000952373
2020-12-24,-0.004222024542739011,-0.004478505646767106,-0.002825959060300254,-0.0021476135226515813
2020-12-28,-0.003919255971142066,0.0,0.0,0.0
2020-12-29,-0.013261642040155563,-0.0019081018515042514,0.0,-0.004174352342536269
2020-12-30,0.0,-0.00048411229462430594,0.0,-0.001494478240337438
2020-12-31,-0.003022457051244487,0.0,0.0,0.0
2021-01-04,0.0,-0.013614111938781148,-0.014120201151076706,-0.014231423175322333
2021-01-05,0.0,-0.006820329710949813,-0.005992595685612279,-0.006267953245206903
2021-01-06,0.0,-0.0008824840497535513,-0.019761851464405678,0.0
2021-01-07,0.0,0.0,0.0,0.0
2021-01-08,0.0,0.0,0.0,0.0
2021-01-11,-0.012898280616364888,-0.00674089289396429,-0.014450244522838496,-0.005972474123756788
2021-01-12,-0.0027248055271188454,-0.006530986194259514,-0.016017589677476463,-0.002459341583606389
2021-01-13,-0.002777393990503363,-0.0038555593638557317,-0.009372552103876441,-0.001355122096153738
2021-01-14,0.0,-0.007343889758207767,-0.014669789434494929,-0.00230846933949469
2021-01-15,-0.0206923420426125,-0.014583300288472656,-0.022474699968461298,-0.010991187655558732
2021-01-19,-0.004276507290979836,-0.006845716937841084,-0.008212580338419206,-0.0019574536964817035
2021-01-20,-0.00033166341367074637,0.0,0.0,0.0
2021-01-21,0.0,0.0,0.0,-0.0007450288465549182
2021-01-22,0.0,-0.003539456039151956,-0.0028803869620522837,-0.0023835524330001467
2021-01-25,0.0,0.0,0.0,0.0
2021-01-26,-0.004019033452044352,-0.001561010928358919,0.0,-0.0036236475812015945
2021-01-27,-0.023634662507082904,-0.02596329602194869,-0.02787663147776598,-0.0275489281136152
2021-01-28,-0.019035704484385074,-0.01758623266510051,-0.0221246396011594,-0.01990467433286025
2021-01-29,-0.03075511766679273,-0.03725392723741339,-0.04269731581706615,-0.037079368993599204
2021-02-01,-0.013043848446348316,-0.02122836349247126,-0.01877704939892344,-0.02064920681045268
2021-02-02,0.0,-0.007388488653792269,-0.0027694171695420433,-0.006601859254417697
2021-02-03,0.0,-0.0066079404385878115,-0.006725590368195311,-0.005112549010694023
2021-02-04,0.0,0.0,0.0,0.0
2021-02-05,0.0,0.0,0.0,0.0
2021-02-08,0.0,0.0,0.0,0.0
2021-02-09,0.0,-0.0006657221435681926,-0.00020987441647879468,0.0
2021-02-10,-0.009231644762050517,-0.0011007559944029577,-0.002488348946030783,-0.00043694381110470637
2021-02-11,0.0,0.0,0.0,0.0
2021-02-12,0.0,0.0,0.0,0.0
2021-02-16,0.0,-0.0008660171956227369,-0.0027049061757044024,-0.0017831839765256596
2021-02-17,-0.0034883389806870113,-0.0006369152176197712,-0.007490185100240132,-0.0038552561415731157
2021-02-18,-0.024808125748934984,-0.00488982471647903,-0.011829408872459424,-0.009590786189477396
2021-02-19,-0.011327658356076742,-0.00664747299346391,-0.016139120489043424,-0.007325486805176751
2021-02-22,-0.03966465121944118,-0.014288111850649376,-0.041640621018201096,-0.01677186859374158
2021-02-23,-0.059078157655095276,-0.01309095566161067,-0.044494024865911586,-0.016916431768047357
2021-02-24,-0.048223039863806494,-0.002215768527482176,-0.03661774581845545,-0.005879696288727421
2021-02-25,-0.08089703133522819,-0.02625808333636792,-0.07020370320402691,-0.03185684927379828
2021-02-26,-0.08073869002984635,-0.03127564265950844,-0.06631006613720913,-0.035712343575460936
2021-03-01,-0.04823574713528478,-0.007793317705515057,-0.038222926016867054,-0.010940121869693287
2021-03-02,-0.0619991935959624,-0.015536077283622385,-0.05364832078645121,-0.02024178171055946
2021-03-03,-0.08123654759541044,-0.028575554057227115,-0.08111167699498434,-0.034363166668638145
2021-03-04,-0.11187639612889788,-0.04059700443095127,-0.09615097781735227,-0.04964089824776896
2021-03-05,-0.10793565561638974,-0.022947195635260154,-0.08253819154007358,-0.03248313092239641
2021-03-08,-0.12514763112360983,-0.02781174128803554,-0.10851554044533196,-0.03720655997676836
2021-03-09,-0.08865296086365493,-0.013931275265985033,-0.07335410239575002,-0.022266221857713986
2021-03-10,-0.08746163350609759,-0.007793317705515057,-0.07599951581326903,-0.015277652192434599
2021-03-11,-0.056110433064070264,0.0,-0.05471815985057693,-0.0024095450118205575
2021-03-12,-0.060759195273001554,0.0,-0.06238663584660742,-0.00043376890961377423
2021-03-15,-0.054960412189286156,0.0,-0.052370491292134114,0.0
2021-03-16,-0.06533511530915614,-0.0012613840867286008,-0.047168950439066104,-0.0040221977235360695
2021-03-17,-0.0575125557829399,0.0,-0.04324580121661303,-0.00023936958490411442
2021-03-18,-0.08474342243390198,-0.014549672074971154,-0.07255165283061871,-0.01843453395648842
2021-03-19,-0.0745435053248027,-0.01637300373766859,-0.06928226812252491,-0.01718965437555786
2021-03-22,-0.07458027443532778,-0.008518753783957167,-0.05182868559042331,-0.011874782023825303
2021-03-23,-0.09711417796226895,-0.016322454454765323,-0.055964697090982396,-0.023126887648040495
2021-03-24,-0.12072228789258521,-0.02132302778787576,-0.07188636452215436,-0.03121884153323362
2021-03-25,-0.11319298875619876,-0.01581720982188284,-0.07349341850822544,-0.024051161837658097
2021-03-26,-0.10274894518919053,0.0,-0.059595629127954464,-0.008101654860133256
2021-03-29,-0.11485155381142387,-0.0005051403365230467,-0.059863299695097516,-0.012761671968551824
2021-03-30,-0.10298494334436814,-0.003156589367896201,-0.0645952693607239,-0.013049625297871348
2021-03-31,-0.0868518026619497,0.0,-0.050280749605005726,-0.007044564070522896
2021-04-01,-0.07730523828887248,0.0,-0.03409178636422261,0.0
2021-04-05,-0.07283546225892357,0.0,-0.014807513288902285,0.0
2021-04-06,-0.07063641781584895,-0.0005904266558126592,-0.015491633163343566,0.0
2021-04-07,-0.08201473829473815,0.0,-0.013111173320861536,-0.0008498516596485706
2021-04-08,-0.0717970034191221,0.0,-0.002814335375012633,0.0
2021-04-09,-0.07204612099127339,0.0,0.0,0.0
2021-04-12,-0.07821075693464918,0.0,-0.0013050045064401106,0.0
2021-04-13,-0.06938158393241523,0.0,0.0,0.0
2021-04-14,-0.0718316928742897,-0.0034148985044049063,-0.012008279238800323,-0.002234517315674922
2021-04-15,-0.06919528030221822,0.0,0.0,0.0
2021-04-16,-0.07000895017256992,0.0,0.0,0.0
2021-04-19,-0.07872695216515169,-0.004913119512927611,-0.00915180104226454,-0.006539223851420917
2021-04-20,-0.09055866844552918,-0.01219871519333926,-0.016373496431311363,-0.015657121912894256
2021-04-21,-0.07926071392627188,-0.0028520117057545535,-0.007952572863605623,-0.0039142804782235086
2021-04-22,-0.08514237315967577,-0.011958868914783927,-0.019911348428438558,-0.01169687468435654
2021-04-23,-0.07077808494721272,-0.0012461800260259448,-0.007572774317002429,0.0
2021-04-26,-0.05750071549027147,0.0,-0.0011108601212816982,0.0
2021-04-27,-0.058689196153488554,-0.00021532775944288485,-0.005438225481039893,-0.000458854156899946
2021-04-28,-0.058154790896372766,-0.0005028236568412892,-0.008800722114309045,-0.0005965932432238086
2021-04-29,-0.06392381728047603,0.0,-0.005233322047996203,0.0
2021-04-30,-0.07076590872363442,-0.0065705628365978486,-0.011753964181849152,-0.007315990918949966
2021-05-03,-0.06707594494884117,-0.004427894754327477,-0.017017018399150263,-0.005578631682469193
2021-05-04,-0.07336645658931185,-0.010569768002272273,-0.034706462484906275,-0.013031470418914282
2021-05-05,-0.06818090269806021,-0.010260397145771316,-0.03795168734203069,-0.013214634804371017
2021-05-06,-0.06568588442609746,-0.00235681791134823,-0.03070053593385813,-0.008184745604561616
2021-05-07,-0.05641767112319673,0.0,-0.022835410627032315,0.0
2021-05-10,-0.06563367521619423,-0.0099023869984054,-0.047513295250382725,-0.011748586860612309
2021-05-11,-0.07256169791877431,-0.01873870694144919,-0.048828966754648095,-0.019702709560670106
2021-05-12,-0.09741718390956766,-0.03958580070389772,-0.07344793933974703,-0.04178308519603591
2021-05-13,-0.09295514994977416,-0.028048808596146335,-0.06628451163853344,-0.03122284354632976
2021-05-14,-0.08006700836908653,-0.013124102637648849,-0.045671189454303485,-0.01467434470461726
2021-05-17,-0.08265103029859178,-0.015635339723216846,-0.05146021771311948,-0.016777176867329713
2021-05-18,-0.08044389663541496,-0.024116226375617944,-0.05786358807082781,-0.02445714110740005
2021-05-19,-0.08725751363285261,-0.02667480282959045,-0.0567817237183732,-0.02729148778133561
2021-05-20,-0.08193282835871063,-0.016203877777201003,-0.038536757521916765,-0.01673154633251661
2021-05-21,-0.085800015368513,-0.017009112673206817,-0.0438581714771108,-0.017280088403156757
2021-05-24,-0.07789505610001424,-0.006988299648268637,-0.027776749885443763,-0.007359799994160698
2021-05-25,-0.07910801892309005,-0.009191753233686484,-0.026431530311992857,-0.010102810548248242
2021-05-26,-0.07138762059591486,-0.007225384517900335,-0.023039853809777133,-0.0065370244133113875
2021-05-27,-0.06577383814151416,-0.006704185832320686,-0.026695069633108748,-0.004708500811029803
2021-05-28,-0.06401285798166823,-0.004927407406717821,-0.02362501603972289,-0.003017169014074561
2021-06-01,-0.05577787036133697,-0.005803884171896145,-0.026870424996966902,-0.0026056686483173497
2021-06-02,-0.055099113697964164,-0.004240443326200771,-0.024969867412934943,-0.0012798314311974757
2021-06-03,-0.059892075446632775,-0.007936095888141481,-0.03511571705063521,-0.005714173782240262
2021-06-04,-0.05463152121326453,0.0,-0.01874194446914479,0.0
2021-06-07,-0.05469955285333905,-0.0009705172066034606,-0.015818158420730533,0.0
2021-06-08,-0.05501662948319508,-0.0007574995321829592,-0.01535017591686938,0.0
2021-06-09,-0.05837968260570292,-0.0022482356663834357,-0.015116552865177879,-0.0028179864029880264
2021-06-10,-0.05753801735996544,0.0,-0.004853523501392898,0.0
2021-06-11,-0.05355075777948182,0.0,-0.002251176261688914,0.0
2021-06-14,-0.057176523081981845,0.0,0.0,0.0
2021-06-15,-0.05729825332007399,-0.0018339897272541261,-0.006530802841799965,-0.0026199642671465018
2021-06-16,-0.06360004220954618,-0.007407445067740048,-0.010159036796363985,-0.007589263530907275
2021-06-17,-0.07477469260673697,-0.007736450869365696,0.0,-0.00853798636693004
2021-06-18,-0.08751081058302579,-0.021122388155359828,-0.007847534143287094,-0.020825697395091325
2021-06-21,-0.07611908261350397,-0.007109021168068441,-0.0016813995764412004,-0.007318411764400623
2021-06-22,-0.07504114727753264,-0.0018007116878482332,0.0,-0.0016713155964487303
2021-06-23,-0.0718026190180514,-0.003003882283865611,0.0,-0.0020780382381583307
2021-06-24,-0.06435234381557764,0.0,0.0,0.0
2021-06-25,-0.060722910431616706,0.0,-0.0012291887435178506,0.0
2021-06-28,-0.06347899741030127,0.0,0.0,0.0
2021-06-29,-0.06384579847992489,0.0,0.0,0.0
2021-06-30,-0.061465276831667026,0.0,-0.0015772830144086258,0.0
2021-07-01,-0.05955651279213503,0.0,-0.001182917970033115,0.0
2021-07-02,-0.05886257903427383,0.0,0.0,0.0
2021-07-06,-0.06717466625314306,-0.0018213367496039412,0.0,-0.0021753007603962926
2021-07-07,-0.06590958145873937,0.0,0.0,-0.0008434557958396649
2021-07-08,-0.07524579585566904,-0.008147822864423393,-0.00603942983475203,-0.009277868443564152
2021-07-09,-0.058336540569414286,0.0,0.0,0.0
2021-07-12,-0.054372670837010695,0.0,0.0,0.0
2021-07-13,-0.06329031301779697,-0.0034089344532397536,0.0,-0.005562463785384497
2021-07-14,-0.06612174626981215,-0.0019217838098175566,0.0,-0.006931023093462829
2021-07-15,-0.06659792384574159,-0.005330643558147163,-0.007023911682568995,-0.010418826115724533
2021-07-16,-0.07624589611048171,-0.013132376129360912,-0.015066012540460028,-0.01818883242598235
2021-07-19,-0.0921148170729934,-0.027706482316862235,-0.023135828653208512,-0.03213975548455206
2021-07-20,-0.07768737075216525,-0.013772821322813433,-0.011788337212891853,-0.015407419889242213
2021-07-21,-0.06763252052149771,-0.005788136427003265,-0.004159020432032534,-0.006577755593083046
2021-07-22,-0.0701503289372798,-0.003706259995050032,0.0,-0.005739061406764945
2021-07-23,-0.06789112555910459,0.0,0.0,0.0
2021-07-26,-0.06170821322361575,0.0,0.0,0.0
2021-07-27,-0.06929226792983256,-0.004557600059822309,-0.011017935292585657,-0.005396708949695461
2021-07-28,-0.06299112002426088,-0.004965842802111875,-0.0072187649658467246,-0.0038610396276648196
2021-07-29,-0.0529942199172182,-0.0008390669202699153,-0.005454779120742881,0.0
2021-07-30,-0.05758760048995992,-0.005691484281470038,-0.010637932923651117,-0.005920035771562859
2021-08-02,-0.05829549094663877,-0.007777416639334733,-0.010556266122153213,-0.00732326576283171
2021-08-03,-0.05446891566636425,0.0,-0.0045592604008689586,-0.00021940944623322078
2021-08-04,-0.059094827527981564,-0.004918859214280924,-0.0031207470541071425,-0.0046921467280035545
2021-08-05,-0.05558721131279376,0.0,0.0,0.0
2021-08-06,-0.055240942138227056,0.0,-0.004382319478558605,0.0
2021-08-09,-0.056597303230895624,-0.0008133304131558994,-0.0025428136995331307,-0.0003931043616633989
2021-08-10,-0.053622689755548514,0.0,-0.007655491403234405,0.0
2021-08-11,-0.049884000977382215,0.0,-0.009359830722936335,0.0
2021-08-12,-0.049385944395288095,0.0,-0.005789105447276288,0.0
2021-08-13,-0.051189352649247954,0.0,-0.002299446021670093,0.0
2021-08-16,-0.053245829670864664,0.0,-0.0018666411475114497,0.0
2021-08-17,-0.0618425438540674,-0.006555313631962378,-0.01065833040926345,-0.00742695633196766
2021-08-18,-0.06699879279682763,-0.017428433777890828,-0.020180037640754156,-0.017329517383259052
2021-08-19,-0.0731176058204851,-0.015907127638863483,-0.015446404457345797,-0.018068111296648093
2021-08-20,-0.06759468752517406,-0.008076692822904907,-0.0052479292268760025,-0.009251048710943843
2021-08-23,-0.06268832956949999,0.0,0.0,0.0
2021-08-24,-0.05621421363306012,0.0,0.0,0.0
2021-08-25,-0.05378911697202193,0.0,0.0,0.0
2021-08-26,-0.060354833490860904,-0.005903053670313518,-0.00634977127298797,-0.0066868451891860525
2021-08-27,-0.048251999407710966,0.0,0.0,0.0
2021-08-30,-0.046837070347115484,0.0,0.0,0.0
2021-08-31,-0.04567405930900381,-0.001481589838315478,-0.0008152063353555894,-0.0018835336672183844
2021-09-01,-0.04217240227204255,-0.0009507590151528467,0.0,-0.00012835268852628978
2021-09-02,-0.04036960580533966,0.0,-0.0004731127996429052,0.0
2021-09-03,-0.039919071317583654,-0.0002428781266956559,0.0,-0.00034135017402003864
2021-09-07,-0.04519330613094463,-0.003817675259335962,0.0,-0.0046506167837298
2021-09-08,-0.04987779393276026,-0.0050311292521593165,-0.003480729132762983,-0.006997469064442097
2021-09-09,-0.050780159669381986,-0.009289818161303809,-0.006908954360033692,-0.010453360239101483
2021-09-10,-0.055362675325059896,-0.017101113024499903,-0.014445980517430068,-0.018304414241565037
2021-09-13,-0.054401093451694194,-0.014585728521623098,-0.015126556220284915,-0.01608549844178664
2021-09-14,-0.057560095309547754,-0.019903397764844177,-0.0179266273556703,-0.02201645771538674
2021-09-15,-0.05187408852190545,-0.011717158442637654,-0.010625292711330392,-0.0139519201855135
2021-09-16,-0.053714742229066026,-0.013283581863726357,-0.009944552419430042,-0.014848243729611021
2021-09-17,-0.06015352270839924,-0.02289531621312746,-0.021669299954235832,-0.02274175700085601
2021-09-20,-0.07445309390105315,-0.03918782015548394,-0.04188453798661662,-0.03968070071201679
2021-09-21,-0.07381339713464852,-0.04009528085134029,-0.040705668948721185,-0.03976603825552194
2021-09-22,-0.06534808633064104,-0.030731612176876366,-0.03174535902096509,-0.030080646073641915
2021-09-23,-0.057185191754813514,-0.018955013077305072,-0.022811465635000583,-0.01826167563548875
2021-09-24,-0.060543623523485635,-0.017339019750797657,-0.021894375473862082,-0.017088808169721803
2021-09-27,-0.05879675182368027,-0.020150310651283365,-0.02970198602194607,-0.019228881018094945
2021-09-28,-0.07297486427842281,-0.03989620868757293,-0.05715897746422105,-0.039774069202741846
2021-09-29,-0.07143663827308688,-0.03828014331178453,-0.05870463318985841,-0.03913201243106823
2021-09-30,-0.07925563938394475,-0.050034695331329426,-0.06216322509601102,-0.04953313659607672
2021-10-01,-0.07222641346752412,-0.03874500527364744,-0.05634689511406743,-0.03643549969182103
2021-10-04,-0.07610173909566709,-0.05114137228951543,-0.07615345854664435,-0.05094553579197636
2021-10-05,-0.07037798474775714,-0.0412686754438546,-0.0636827934579478,-0.042085305978390886
2021-10-06,-0.07092913372497378,-0.03728406200013612,-0.05768294669034901,-0.03810467969579634
2021-10-07,-0.06633722625951033,-0.028960640846654395,-0.04903700183936521,-0.02885959292455431
2021-10-08,-0.06609251571686092,-0.030731612176876477,-0.05377905912178438,-0.030999595938603686
2021-10-11,-0.06952360767742682,-0.037748923961999026,-0.06103644849099443,-0.03797653371189158
2021-10-12,-0.06859174993856076,-0.04011754407921031,-0.06431144131696942,-0.038661259255317826
2021-10-13,-0.06578971734174188,-0.03666436613312052,-0.05681836043470323,-0.03429535700912467
2021-10-14,-0.05853878393556278,-0.020460194609431603,-0.03944812634711026,-0.018244496391870202
2021-10-15,-0.05648788940325444,-0.013000212041034631,-0.033395940263064694,-0.012423386509377687
2021-10-18,-0.05646762714112097,-0.010078325494011664,-0.023676051890647254,-0.008828106024705185
2021-10-19,-0.05425342672728295,-0.00244117374331132,-0.016287731935797356,-0.0015945969463128096
2021-10-20,-0.050697899555059434,0.0,-0.01757144419563217,0.0
2021-10-21,-0.05100508085645272,0.0,-0.011571679722556127,0.0
2021-10-22,-0.05090433682814122,-0.0010361546206755223,-0.019876925249499133,-0.0019163727718866097
2021-10-25,-0.05089274512643249,0.0,-0.00984275409483204,0.0
2021-10-26,-0.05012026989268026,0.0,-0.006724861512720337,-0.0003817344791410271
2021-10-27,-0.05560641288315593,-0.0044300942604078575,-0.004419462753376124,-0.007209640660333472
2021-10-28,-0.0517234705697307,0.0,0.0,0.0
2021-10-29,-0.051980779326188054,0.0,0.0,0.0
2021-11-01,-0.047841145919482186,0.0,0.0,0.0
2021-11-02,-0.04536866227797398,0.0,0.0,0.0
2021-11-03,-0.044025880994587374,0.0,0.0,0.0
2021-11-04,-0.04388123295668411,0.0,0.0,0.0
2021-11-05,-0.04128204736297181,0.0,0.0,0.0
2021-11-08,-0.03602020175780496,0.0,-0.0013548537025140917,0.0
2021-11-09,-0.03808071474364183,-0.0033054424408592853,-0.008229043956188509,-0.002883251113630525
2021-11-10,-0.04330466862805815,-0.011323585275424541,-0.022805009735671566,-0.012687245821083715
2021-11-11,-0.038637532024045296,-0.01100382017610202,-0.020095459935912996,-0.01149261205547103
2021-11-12,-0.03523935272584977,-0.0035400432734423726,-0.009784213956718912,-0.004160349893612025
2021-11-15,-0.035684223123600645,-0.0031987615297113248,-0.010010141111090332,-0.004160349893612025
2021-11-16,-0.03510413944401658,0.0,-0.0029603785867707844,0.0
2021-11-17,-0.03982974935921013,-0.002428874448344831,-0.00243358297220031,-0.004118708863731779
2021-11-18,-0.04242866458602257,0.0,0.0,-0.002553545735241469
2021-11-19,-0.04757367956044256,-0.0017884523668220131,0.0,-0.005395448131182312
2021-11-22,-0.055784100745815746,-0.004598521164484559,-0.011609274699652672,-0.010173325133996047
2021-11-23,-0.0496302810721988,-0.0032785406295203767,-0.016114260771679767,-0.009843774664625049
2021-11-24,-0.04936303453644375,-0.0006175845936027269,-0.012945896704178339,-0.006507479364287638
2021-11-26,-0.0694643711089481,-0.02290696299086381,-0.03165914902639477,-0.028007825076438952
2021-11-29,-0.06848289652336403,-0.010921401152755195,-0.010643837236434028,-0.018863874756844368
2021-11-30,-0.07559298552155047,-0.030166370900949313,-0.02517383822309771,-0.038469372470453456
2021-12-01,-0.08122600986364392,-0.040938312840375635,-0.04175841639954603,-0.052020186713458094
2021-12-02,-0.06852409190380371,-0.026249181421519996,-0.0348523157475783,-0.036615919881604175
2021-12-03,-0.07521549662924554,-0.034722139939971086,-0.05163500414841915,-0.047777762023031634
2021-12-06,-0.06790740046277288,-0.023290069152429038,-0.04403575096487411,-0.03554508245717014
2021-12-07,-0.059300570593008084,-0.003087091484213045,-0.015247878420657557,-0.01490980672711728
2021-12-08,-0.05727094971085722,-0.0004472689949184261,-0.010841791958295932,-0.010667650838052434
2021-12-09,-0.06294411238672859,-0.007195868689583551,-0.025396517847375732,-0.020099554616304194
2021-12-10,-0.05984143551879639,0.0,-0.014802285918305458,-0.013427031215969665
2021-12-13,-0.06597593341272245,-0.008858429069752205,-0.029035510324707636,-0.022406004699857762
2021-12-14,-0.0687336040209151,-0.015677455830408138,-0.0390850946392296,-0.029737427437912745
2021-12-15,-0.06547026688330293,-0.0002973091242578496,-0.017178597844564547,-0.014786426902124505
2021-12-16,-0.06862375110035035,-0.00911328521673238,-0.0424516466823891,-0.025824687617537867
2021-12-17,-0.07314448570927146,-0.019659392987417923,-0.0472288399347921,-0.030273014150980826
2021-12-20,-0.08530730679313325,-0.030083534875501083,-0.056471055108775814,-0.043906148810987755
2021-12-21,-0.07556455809774865,-0.012858827049128774,-0.03535466667371667,-0.025165788279817303
2021-12-22,-0.0707737641581726,-0.0029888555403312367,-0.023606605965217464,-0.015527579456506735
2021-12-23,-0.06732658992575591,0.0,-0.016245504907776986,-0.008731676231179542
2021-12-27,-0.06024152756187584,0.0,0.0,0.0
2021-12-28,-0.061032026010682916,-0.0008170631435612252,-0.004634692034394261,-0.002057928599011216
2021-12-29,-0.06033983665798259,0.0,-0.004783428250831112,-0.0014816684431118166
2021-12-30,-0.06028845410681927,-0.0027645618211287193,-0.00775745282737228,-0.003086926355330366
2021-12-31,-0.060880183614755556,-0.005277929519194813,-0.013953292007523821,-0.006256290299150091
2022-01-03,-0.0567483010730796,0.0,-0.004461075739933706,0.0
2022-01-04,-0.05705299773668504,-0.00033485479984340927,-0.017373836234350515,-0.001893443645261117
2022-01-05,-0.06630614167429993,-0.019530752461916046,-0.04756130140224135,-0.02354205240780094
2022-01-06,-0.06454569179424674,-0.020451603161485643,-0.048230420000597296,-0.02378902040888431
2022-01-07,-0.06424374519440246,-0.02432443112025917,-0.058540491082980206,-0.02823397605233391
2022-01-10,-0.06585598013321714,-0.025538313716853,-0.05792113264067211,-0.029921468056485545
2022-01-11,-0.05917805544035093,-0.016662760479964067,-0.043769111009932304,-0.020249636406361904
2022-01-12,-0.05876189593247383,-0.014004426166689399,-0.03997699836786728,-0.018726745129022837
2022-01-13,-0.06270151613209096,-0.027589876467637775,-0.06399311568241117,-0.033090567334544185
2022-01-14,-0.06340452370111027,-0.02719208363059744,-0.058168844917497964,-0.032720349520944936
2022-01-18,-0.0738631978390909,-0.044420268030491816,-0.0816149751945624,-0.05152906045905126
2022-01-19,-0.07615347135531614,-0.054342548041343974,-0.0917021363278997,-0.061489277935419695
2022-01-20,-0.08025912916604605,-0.06480927262639424,-0.10349949182440643,-0.07243716668352806
2022-01-21,-0.08796001743901971,-0.08316749013427616,-0.12835811078103554,-0.09079329253376445
2022-01-24,-0.09401025065218094,-0.07927409019570697,-0.1243678127674609,-0.08494896306894972
2022-01-25,-0.09487400168953974,-0.09051514953181461,-0.14466645767401132,-0.09774881072629327
2022-01-26,-0.09780733178100931,-0.0927968061424268,-0.1460047726209669,-0.10124737910143522
2022-01-27,-0.09971603516494754,-0.0972766093466586,-0.15460488259091176,-0.10791464528944827
2022-01-28,-0.09002510888465398,-0.07485702134570382,-0.12808567392667336,-0.08593663434068977
2022-01-31,-0.0810369686397957,-0.058194328760062586,-0.10020334798769936,-0.06651040303357791
2022-02-01,-0.0782741419488624,-0.05183052599361326,-0.09408152703966877,-0.05939021720337201
2022-02-02,-0.0760048904064693,-0.04261998216823526,-0.0867206004558031,-0.05317546919236449
2022-02-03,-0.08014835772173379,-0.06512314808050557,-0.123748376574909,-0.0756885663249931
2022-02-04,-0.07997332227153542,-0.060727194364880166,-0.11269446890985457,-0.0695559179447981
2022-02-07,-0.08000653601304264,-0.06374149861237621,-0.11983233004418703,-0.07190201358879367
2022-02-08,-0.08072609215081239,-0.05603814085790748,-0.10994343203260282,-0.06338245393722286
2022-02-09,-0.07601189256703422,-0.042222257225517756,-0.09108254463485999,-0.048154277183341976
2022-02-10,-0.0803399405222498,-0.05942946227967971,-0.11165354864552846,-0.06428782484555662
2022-02-11,-0.08251400261886932,-0.0779762902161838,-0.13983334701737626,-0.08243846743073557
2022-02-14,-0.08708702548896874,-0.08099059446367984,-0.13876770217551404,-0.08581325070644519
2022-02-15,-0.08206049350553368,-0.06616980696014596,-0.11735388552178505,-0.06955591794479843
2022-02-16,-0.07842245721057939,-0.06512314808050557,-0.11757702872156206,-0.06869176412903233
2022-02-17,-0.08419930371244966,-0.0850935162822809,-0.1438236450309508,-0.08984657071113433
2022-02-18,-0.08570324261389772,-0.09101743173157983,-0.153588764654366,-0.09713155800074635
2022-02-22,-0.08958328635191681,-0.10077235223683301,-0.16208982081367806,-0.10750321038328159
2022-02-23,-0.0915182342428823,-0.11672351231996825,-0.183552931121992,-0.12392494313914737
2022-02-24,-0.09403574952413118,-0.10343089023307606,-0.15611689158257192,-0.10857338275102146
2022-02-25,-0.08316079318261993,-0.08364892877695473,-0.14303043704345053,-0.08873544889428453
2022-02-28,-0.08013945739135575,-0.08599365921340918,-0.14047781878843968,-0.08972325398775371
2022-03-01,-0.08198745018220499,-0.09991416799716935,-0.15363829155968212,-0.10392234164473324
2022-03-02,-0.074759102313252,-0.08335603266857572,-0.13943689852411356,-0.08692443943415895
2022-03-03,-0.07350097288189716,-0.08791934588980022,-0.15172983407475948,-0.09388002453755229
2022-03-04,-0.07090057159505514,-0.0953297396415671,-0.16402292512589312,-0.10293453655126417
2022-03-07,-0.07175944574018622,-0.12199869751531256,-0.19485478431460346,-0.13059241005975408
2022-03-08,-0.07096867638668358,-0.1286554642844634,-0.19859698130013326,-0.13549008461280287
2022-03-09,-0.07190197963788991,-0.10529391044956116,-0.16974814208017341,-0.11149538020626759
2022-03-10,-0.0694109033912097,-0.10933396212528801,-0.17896792149340157,-0.11548775076184725
2022-03-11,-0.07195911651029951,-0.12065900673864749,-0.19599483613980595,-0.12750567805596658
2022-03-14,-0.07656978543122128,-0.12708547596500253,-0.2114354125614536,-0.13610747116007937
2022-03-15,-0.07779358688269178,-0.10788978198589827,-0.1867005719929935,-0.11808054676346824
2022-03-16,-0.0725233323261989,-0.08810775263545412,-0.1565379869031266,-0.09602023545130334
2022-03-17,-0.07021610917398324,-0.07669933379374749,-0.14632681413088877,-0.08391987397204859
2022-03-18,-0.07047058078767054,-0.06658647441891308,-0.12885376858541797,-0.07321928777934628
2022-03-21,-0.06605303095606296,-0.06685947749072374,-0.13127584418104699,-0.07408344159511226
2022-03-22,-0.06559853540449956,-0.05594037303313548,-0.11420305689078614,-0.06272405102997236
2022-03-23,-0.06404938641670177,-0.06809827730376983,-0.12693310431221483,-0.07548943959206866
2022-03-24,-0.06013867016253038,-0.05405053455916087,-0.10752788745745478,-0.06231937412112576
2022-03-25,-0.05844102004639817,-0.04943100483869267,-0.10827226829183312,-0.058314691966467436
2022-03-28,-0.06063306726312745,-0.042669409235203126,-0.09447509877390947,-0.05220432490417026
2022-03-29,-0.05967004682412991,-0.03082646672784406,-0.07889146190362428,-0.03783702333369199
2022-03-30,-0.05823131355370481,-0.03681094391304329,-0.08906547005931387,-0.04564010144757635
2022-03-31,-0.06010992955391459,-0.05163566928729724,-0.10035620496705844,-0.06004875393235143
2022-04-01,-0.05780540124014144,-0.04894800462659088,-0.10206865408729893,-0.05629164197655756
2022-04-04,-0.055947332941577166,-0.04080075378992898,-0.08358135661113397,-0.04828221075637651
2022-04-05,-0.06018033443673687,-0.05291663147477599,-0.10392952842300085,-0.06219565593255816
2022-04-06,-0.05931175085559004,-0.06238693897902681,-0.12338458318405254,-0.07297118229356525
2022-04-07,-0.055945425944514904,-0.05766230884692891,-0.1213002546475983,-0.06946177435836509
2022-04-08,-0.0515855043914758,-0.06018207084745408,-0.13358362691825387,-0.07235172150948777
2022-04-11,-0.053861622793674124,-0.07624559603475412,-0.1540807681972889,-0.08684314273372107
2022-04-12,-0.05145245238541485,-0.079668488316609,-0.1576540139029874,-0.08965072261057294
2022-04-13,-0.04725981640464649,-0.06912735155381589,-0.14053177745765388,-0.07771897651000426
2022-04-14,-0.048911380241806746,-0.0807183382294192,-0.1601852508409466,-0.08894869381963089
2022-04-18,-0.046022250826028954,-0.08034023474597884,-0.15954023481817625,-0.09051741903919219
2022-04-19,-0.04840148580550718,-0.06549466581463814,-0.14075507615791882,-0.07449869042055901
2022-04-20,-0.044870627103430705,-0.06618759527270834,-0.15328678270735052,-0.07569592652009449
2022-04-21,-0.05431602895943566,-0.08015128484574263,-0.17080616739814092,-0.09080647397408248
2022-04-22,-0.06201478961390838,-0.10539120301407323,-0.19251940024083913,-0.11557787969640676
2022-04-25,-0.06640988907180045,-0.10020461990992846,-0.18214666246193345,-0.11074745056223867
2022-04-26,-0.07129242133186753,-0.12626347939936866,-0.21301661927011806,-0.1360968323326145
2022-04-27,-0.06795736458496782,-0.12380672333036302,-0.2139595742272249,-0.13440425510275633
2022-04-28,-0.06133316641045361,-0.10167446410332093,-0.18604264942974869,-0.11330719259676791
2022-04-29,-0.0683632900443576,-0.13487275110239993,-0.22266946754145045,-0.14588160952211193
2022-05-02,-0.06998344790257838,-0.12966518865252308,-0.2096913968422207,-0.1394410373432211
2022-05-03,-0.062945052886211,-0.12567551456428283,-0.2088474956957468,-0.13535385409256295
2022-05-04,-0.05234332675932851,-0.09904980537413455,-0.18209705780637364,-0.11000440541132261
2022-05-05,-0.06008273514175255,-0.13107209480871884,-0.22328975898668457,-0.1428264594463956
2022-05-06,-0.05609834385724388,-0.1362586779128635,-0.232595530169583,-0.14972128948477037
2022-05-09,-0.08016833984964311,-0.1639132576700898,-0.2626216635815374,-0.17985974947501748
2022-05-10,-0.08192390816207173,-0.16198139261032796,-0.2536635914890233,-0.1782081216942688
2022-05-11,-0.0826516635303246,-0.17529431509972482,-0.275798541654227,-0.1930712327711216
2022-05-12,-0.09113998582007421,-0.17615528300662164,-0.2775106797734922,-0.19220413487731514
2022-05-13,-0.07819642287092754,-0.15645893629149843,-0.2507355173065827,-0.17057051414843616
2022-05-16,-0.07391836103898553,-0.15988169278470765,-0.25942060829302793,-0.17465776430995905
2022-05-17,-0.06850491672908954,-0.14260014344712535,-0.2402384568878012,-0.157028758824874
2022-05-18,-0.07735172078518693,-0.17716331001661256,-0.2775354821012723,-0.19001614960626978
2022-05-19,-0.07553964950237135,-0.1822027661233403,-0.28140674449155123,-0.19360792481574085
2022-05-20,-0.07570450717691168,-0.18184577777427768,-0.2836401202454174,-0.19360792481574085
2022-05-23,-0.07055313929091178,-0.16653812008224478,-0.2717287828914635,-0.1798184654715851
2022-05-24,-0.06988352277731358,-0.17290056496223893,-0.2872132882008722,-0.18803424979806282
2022-05-25,-0.06164074359770477,-0.16559330268674166,-0.2772377764176672,-0.17899278540293984
2022-05-26,-0.05815907997614833,-0.14892049384700934,-0.25721203486694166,-0.1621893930756354
2022-05-27,-0.0506419481374103,-0.128027170221659,-0.2329677205867723,-0.14096854547021476
2022-05-31,-0.0519367495679407,-0.1329198388025835,-0.2350025999681541,-0.14802851152231844
2022-06-01,-0.04942770003111885,-0.1399333902378287,-0.24066048521128225,-0.153643403632564
2022-06-02,-0.04759247062241512,-0.123554699604285,-0.21986540499791063,-0.13638588726750478
2022-06-03,-0.04722695316661718,-0.13793845135222438,-0.24016397215421714,-0.15017548043338969
2022-06-06,-0.04691127376379023,-0.13531379262303767,-0.23763296846698967,-0.14765702240229273
2022-06-07,-0.04025594865247828,-0.12701941478895884,-0.2310570083447787,-0.13840873652482077
2022-06-08,-0.04404884145633603,-0.13651056585029642,-0.23659072644851864,-0.148069728614886
2022-06-09,-0.052533168017508736,-0.15704683323226143,-0.2570384185724811,-0.1684648961516616
2022-06-10,-0.06053720922363459,-0.1814889252138605,-0.2832428942497167,-0.1931537338671212
2022-06-13,-0.08092235106831125,-0.21256612567565059,-0.3165695255120323,-0.22609970682335567
2022-06-14,-0.08419042440167801,-0.21493916804469526,-0.315328709370833,-0.22828775900526543
2022-06-15,-0.08627589210804987,-0.20374678893800524,-0.29823135300352344,-0.21705804169563903
2022-06-16,-0.10245791621352718,-0.23009983452795657,-0.3265452705459688,-0.24438925636335695
2022-06-17,-0.11428646435095324,-0.22844015780813232,-0.3183561483648816,-0.24154045939393742
2022-06-21,-0.1013385140989661,-0.2090172215307563,-0.3011587274337697,-0.22316834184707168
2022-06-22,-0.11259021074410813,-0.2104510817330867,-0.3021779553800684,-0.22329226076823305
2022-06-23,-0.11958167477185766,-0.20271146841026522,-0.2917855467894752,-0.2162499591843725
2022-06-24,-0.11223155862849132,-0.1773625798539077,-0.26751938469079095,-0.19092346092967571
2022-06-27,-0.10610952086924863,-0.1805049327941255,-0.272889827282499,-0.19341060467615945
2022-06-28,-0.1027025595342671,-0.19724950593301316,-0.2950425045032947,-0.21003213327359538
2022-06-29,-0.11047714604155445,-0.1979031924725292,-0.29439616672637947,-0.21135864116345693
2022-06-30,-0.11519616094021501,-0.20441968957086165,-0.30314788967178263,-0.2181567180916808
2022-07-01,-0.11146954347325944,-0.1960052745741463,-0.29854810749686567,-0.20990794670897595
2022-07-05,-0.12724339081547054,-0.19448688593998187,-0.2865395823381308,-0.20708925962860747
2022-07-06,-0.13234150078509,-0.19176642832138335,-0.2819646024909941,-0.20551404405518403
2022-07-07,-0.11974371580682364,-0.17966134583385485,-0.26659944380585643,-0.1924157070310475
2022-07-08,-0.1202243721556795,-0.18033607961342601,-0.2656794251706781,-0.1932446657320559
2022-07-11,-0.12465753315424821,-0.18969958934797826,-0.2813681026203706,-0.20344154693636574
2022-07-12,-0.13194241518827676,-0.19686990877447208,-0.28832954845146463,-0.21032245951491235
2022-07-13,-0.1313585954746591,-0.20108757199853444,-0.2897965400519503,-0.21376274852702426
2022-07-14,-0.13772479721223618,-0.20302778805999577,-0.28726040484863025,-0.21724458918602663
2022-07-15,-0.1299600191971767,-0.18780180723824103,-0.27433186105471696,-0.20203220339618133
2022-07-18,-0.12238676568962115,-0.1945078652857143,-0.280472964063216,-0.2075452571705697
2022-07-19,-0.11197464269667301,-0.17274427223124922,-0.2583453224209319,-0.18541054097701626
2022-07-20,-0.1105091887651386,-0.16747214228042906,-0.24658497604048568,-0.17881995463978662
2022-07-21,-0.11556453757502916,-0.15899411030328925,-0.23576968387372943,-0.1706954367325657
2022-07-22,-0.11817378927532829,-0.16679706902924418,-0.2491707158993659,-0.17969039807682097
2022-07-25,-0.10576713533785198,-0.16578476467691927,-0.2534470570599717,-0.17857104622363096
2022-07-26,-0.10616996530695244,-0.17565435869331125,-0.26811619556238997,-0.18872650960277937
2022-07-27,-0.09629427218694664,-0.15424917976868668,-0.23718691531816716,-0.16742081902109907
2022-07-28,-0.09283413767233539,-0.14364143867526757,-0.229728101177326,-0.1565607173272907
2022-07-29,-0.08216167271643482,-0.13115682692352082,-0.21568057587428657,-0.14507887988000978
2022-08-01,-0.08569875179210995,-0.1337296143901202,-0.21615321960649725,-0.14706854134850522
2022-08-02,-0.08640227544791124,-0.1394446869026149,-0.2184901586851382,-0.15166960003896857
2022-08-03,-0.09107257827692838,-0.12596881803859838,-0.19720766219322916,-0.13803222908995305
2022-08-04,-0.09676737119264889,-0.12655936285794922,-0.19345349167015025,-0.1388612547018261
2022-08-05,-0.09335515522564586,-0.12803572490632642,-0.20004212508210462,-0.1391513802105494
2022-08-08,-0.09000890250462301,-0.1290479613643285,-0.20262770944049724,-0.13836397315643145
2022-08-09,-0.08688892936423609,-0.1325064302713086,-0.21165280224318828,-0.14379405745876783
2022-08-10,-0.0794672657062413,-0.1142856308726895,-0.1896495609910237,-0.12427060466545325
2022-08-11,-0.07427311427236827,-0.1142856308726895,-0.19424910991520916,-0.12422918684029183
2022-08-12,-0.06845936070893921,-0.09929130548018561,-0.17856058796600438,-0.10905828578647248
2022-08-15,-0.07063976727510812,-0.09557965864363993,-0.17192234989848976,-0.1055763782166056
2022-08-16,-0.07146892873119881,-0.09380829576287852,-0.17386151872972333,-0.10366961930929752
2022-08-17,-0.07219130453985234,-0.10024046811234522,-0.18328453728030958,-0.11171116774446654
2022-08-18,-0.06868293985078477,-0.0976253824826675,-0.1813204106208084,-0.10938969529862819
2022-08-19,-0.07321491741759178,-0.1097514443159282,-0.19728238017754496,-0.12211527189631244
2022-08-22,-0.07584128249941391,-0.12828856336427785,-0.21841559620131046,-0.14089240090634758
2022-08-23,-0.06991486079571607,-0.13039756471211594,-0.2190618562279819,-0.1425089673940677
2022-08-24,-0.065810585546202,-0.1276137616903842,-0.21679947963316892,-0.13890273943785214
2022-08-25,-0.05976590267960791,-0.11529793522501419,-0.2029508394538334,-0.1264262719889171
2022-08-26,-0.06626210011871925,-0.145244152058298,-0.2356205589060737,-0.155358663645507
2022-08-29,-0.06476373443632177,-0.15089594706198195,-0.24315401328098651,-0.16153493790939377
2022-08-30,-0.07366186002792185,-0.16021729442210142,-0.25158245071256624,-0.17086124185494012
2022-08-31,-0.07571901197386177,-0.16660723650281262,-0.25593343210724395,-0.176954546646775
2022-09-01,-0.08046667905810612,-0.16399208297881207,-0.2556103798441519,-0.1764570643687866
2022-09-02,-0.07604168756640195,-0.17280741395141452,-0.26612687782388966,-0.1846228662794398
2022-09-06,-0.07468502390427911,-0.17592844807428654,-0.2713979556039895,-0.1879391025486612
2022-09-07,-0.06611372219089828,-0.16112402310253726,-0.2566792901962549,-0.17293380588462282
2022-09-08,-0.06404145553489304,-0.1556408097022619,-0.2528256771113242,-0.1663846373725546
2022-09-09,-0.060662366013057856,-0.14252362654537687,-0.23649081738520417,-0.15254011038686754
2022-09-12,-0.05418316505119125,-0.13330778696282375,-0.22741596442646528,-0.14342096247799263
2022-09-13,-0.06934526438474908,-0.17099375290757446,-0.2697820722865796,-0.18022916435824143
2022-09-14,-0.05990694720888168,-0.16783048851594706,-0.2639889793694401,-0.1770375161188268
2022-09-15,-0.07057417992044568,-0.17727825510504214,-0.2762464608089019,-0.18582512069381707
2022-09-16,-0.07372627120675912,-0.1835548815610698,-0.2806717714366761,-0.19324466573205523
2022-09-19,-0.07460793723397086,-0.1772231928092851,-0.2750703328705647,-0.18752452283186016
2022-09-20,-0.08041399572075048,-0.18666756468224244,-0.2808486532413773,-0.19697534789634874
2022-09-21,-0.08506230681065974,-0.20085516973173323,-0.29372580412412264,-0.21069542067395786
2022-09-22,-0.09020769821309915,-0.2075678814228369,-0.3024182813837313,-0.2195243092523803
2022-09-23,-0.10464494134032298,-0.2208448199211721,-0.3137763480026283,-0.2329864406471186
2022-09-26,-0.1148718372171268,-0.22855272659526538,-0.31661555365637717,-0.241394995174388
2022-09-27,-0.11241413213492701,-0.2305221372155125,-0.3163416395473825,-0.24251923152069088
2022-09-28,-0.10363361079070132,-0.21538163534611032,-0.3027421888995052,-0.22657591144641442
2022-09-29,-0.11425086945123653,-0.23177139275426362,-0.32284241518381485,-0.24264388646136226
2022-09-30,-0.11420977481709915,-0.24365099819591207,-0.3343247266923437,-0.25292561064193164
2022-10-03,-0.10038805529582395,-0.2236825989294966,-0.31870781271770154,-0.23394380129721382
2022-10-04,-0.08975603906876084,-0.19962689353871443,-0.29728746504349146,-0.20934254990346046
2022-10-05,-0.09027409203409265,-0.2014903890154589,-0.29766113271531325,-0.210841152536965
2022-10-06,-0.0908142199949118,-0.20972780351274356,-0.3031905745556429,-0.21837544970792022
2022-10-07,-0.0948670165033767,-0.2317713927542635,-0.32974173857009315,-0.2407290982503072
2022-10-10,-0.09767689822950987,-0.23763698698031288,-0.3364418658316922,-0.24676485969862227
2022-10-11,-0.10015474264001922,-0.2424650880602942,-0.345558004169902,-0.251593682972041
2022-10-12,-0.10106657523053952,-0.24496387071508718,-0.34578215812284885,-0.2536333268563612
2022-10-13,-0.09473142014177294,-0.22503756592878188,-0.3304394692581767,-0.23510945546867823
2022-10-14,-0.1019791719594535,-0.24269803348167762,-0.35056438124490064,-0.2531339041633007
2022-10-17,-0.09321912430803003,-0.22323775532678458,-0.3291191146175445,-0.2331945334358938
2022-10-18,-0.08999859957795797,-0.21411092520136743,-0.3238139822306494,-0.22382855134766455
2022-10-19,-0.08967599264867243,-0.21968016070857732,-0.32627983121355175,-0.23044724024800856
2022-10-20,-0.08974148983802055,-0.2262234760643993,-0.32971685849206933,-0.23710761461697216
2022-10-21,-0.08416947617674497,-0.20741960022193262,-0.3140004242053315,-0.2195411038793843
2022-10-24,-0.08449271417202675,-0.19772116779321414,-0.3064533635377491,-0.21113248244125038
2022-10-25,-0.0811346872713028,-0.18490978066603203,-0.29210657754622815,-0.19685464069668612
2022-10-26,-0.0771368218101296,-0.19105089005383435,-0.30774868259986954,-0.2018080519999117
2022-10-27,-0.07729154225962753,-0.19537080212797064,-0.32035191937362006,-0.2055544582173764
2022-10-28,-0.07665418588310335,-0.17622799782629484,-0.2995541179017148,-0.18707220538744818
2022-10-31,-0.07422684871708507,-0.18217839206146935,-0.307698844693578,-0.19231728114928204
2022-11-01,-0.0720115210780996,-0.18575689813108598,-0.31477248412651115,-0.1948149299015014
2022-11-02,-0.07761931938790467,-0.20619139192323654,-0.3382603662845095,-0.21600279045069504
2022-11-03,-0.0725900616606886,-0.21436512154577392,-0.351187121822815,-0.22349553597475968
2022-11-04,-0.06565010015979877,-0.20305752577336333,-0.3407510953454359,-0.21350514169847568
2022-11-07,-0.0589979812260224,-0.19543421542542672,-0.33350298436535997,-0.20634534463645138
2022-11-08,-0.05897087044383875,-0.19109318821691268,-0.3286459266336269,-0.20218268593057176
2022-11-09,-0.07232302597618301,-0.20775839289249598,-0.34413836246790563,-0.21937449582663504
2022-11-10,-0.06176531063012913,-0.16422136210676586,-0.29574318970064395,-0.17520857454699956
2022-11-11,-0.05696460875490139,-0.15613236459903068,-0.28276659625604694,-0.16680008693059456
2022-11-14,-0.05827303746497814,-0.16331089923857844,-0.2890430624390449,-0.17433445101241418
2022-11-15,-0.053965401089858256,-0.15617486644507728,-0.2792047020859466,-0.165967648864629
2022-11-16,-0.058402855388447694,-0.1626120629744281,-0.28904306243904465,-0.17445937359654395
2022-11-17,-0.060681064830034326,-0.16517432682099997,-0.29061229561016,-0.1779143160879939
2022-11-18,-0.06099524753212915,-0.16138392257005485,-0.29058749328237976,-0.17404305419726407
2022-11-21,-0.06374983182117833,-0.1644331923937714,-0.29788513116777215,-0.17753968215733384
2022-11-22,-0.0519015375818741,-0.15318894202449418,-0.2877728567056794,-0.16675840146197474
2022-11-23,-0.05475294569619449,-0.1478527198329903,-0.2806243437879429,-0.16167979993116122
2022-11-25,-0.053398899538179334,-0.14804336709129529,-0.2853568456290687,-0.1610555884756999
2022-11-28,-0.06045737121453043,-0.16163798312581612,-0.2958427877629831,-0.1746673994744542
2022-11-29,-0.05633429618759256,-0.16307795381719492,-0.3011730334786338,-0.1759577754974544
2022-11-30,-0.051693389378663857,-0.13671438460721597,-0.2693166593270445,-0.1505657715063552
2022-12-01,-0.05384778285239489,-0.13734967178526447,-0.268419810264526,-0.15006614808070096
2022-12-02,-0.05521320531835805,-0.13834479887393147,-0.2713338116528343,-0.15085703449977594
2022-12-05,-0.06810463624476959,-0.15384548012556598,-0.28356345850500675,-0.16754935479191413
2022-12-06,-0.07387539815609778,-0.16604255942043178,-0.2984084680589567,-0.1800373978204176
2022-12-07,-0.07786861679563373,-0.16746134708311,-0.3012726315409734,-0.18136925857944386
2022-12-08,-0.07797243627680417,-0.1609392147559887,-0.2930034266087468,-0.17429283245465887
2022-12-09,-0.08453854862590993,-0.167207218633026,-0.2975116967466819,-0.18120285125928826
2022-12-12,-0.07420317043442526,-0.15520065080781975,-0.2886943525954907,-0.16942259135607873
2022-12-13,-0.06716274597526395,-0.14880561665290182,-0.28104777161581285,-0.16322015494414988
2022-12-14,-0.07035409211632371,-0.15424782188223118,-0.2863781728319511,-0.16788223634309007
2022-12-15,-0.0759598567341696,-0.17493624044149736,-0.31033908747337946,-0.18861235966784284
2022-12-16,-0.07975050594875888,-0.184677038927617,-0.3169144255936398,-0.19789523846229107
2022-12-19,-0.08055906240614397,-0.1915907857084076,-0.32651432594892726,-0.20597071070579087
2022-12-20,-0.07569679171504995,-0.19048465140203097,-0.32703875134352534,-0.20430576766299535
2022-12-21,-0.06758765986773929,-0.17838031575205293,-0.3172765084791317,-0.192275595680662
2022-12-22,-0.07482695947108176,-0.19010165952735192,-0.333979515609762,-0.2037320739102756
2022-12-23,-0.06685138838462779,-0.18544288688832944,-0.3324814239117464,-0.19934031240414962
2022-12-27,-0.06732595844601086,-0.18865510308666555,-0.3419191372584155,-0.20268632400809927
2022-12-28,-0.0769151740357914,-0.1987383605367774,-0.3506074937551015,-0.21272489410686513
2022-12-29,-0.06898372992701407,-0.18431536587028385,-0.3347783216148177,-0.19825267630075993
2022-12-30,-0.07013350373841698,-0.18646388171396733,-0.3351781911188084,-0.2003022899038992
2023-01-03,-0.07417900611427564,-0.1898890824027959,-0.33967192196114837,-0.20356466292715147
2023-01-04,-0.07117511449678149,-0.18363472528463298,-0.3365262248462423,-0.19649586464092617
2023-01-05,-0.07318030036577916,-0.19295227056267783,-0.3469124134173296,-0.20590701156273195
2023-01-06,-0.05893082312352038,-0.17444495712201913,-0.32888640813777714,-0.18838138336338905
2023-01-09,-0.06062795173047941,-0.17491281690014593,-0.32454172451284924,-0.1880467621297347
2023-01-10,-0.05886947284543598,-0.16912665903172341,-0.31882459358392656,-0.1816473401325469
2023-01-11,-0.05756568326123568,-0.15861797575520864,-0.30703991137716324,-0.17085575516404583
2023-01-12,-0.04980808320932539,-0.15555451601803572,-0.3032951486335872,-0.16684036727105822
2023-01-13,-0.04790529699651436,-0.15227868283927515,-0.2985013796003275,-0.16328499157190657
2023-01-17,-0.04500105923595388,-0.153831493895078,-0.297078239137359,-0.16441431314391575
2023-01-18,-0.05139041887781981,-0.16719085610124162,-0.30621630304432734,-0.1775899991274814
2023-01-19,-0.05076224224597081,-0.17325361544058093,-0.3130322004189816,-0.18428228997883922
2023-01-20,-0.044187050019882546,-0.15785205990017348,-0.2942320359616658,-0.1686389313103761
2023-01-23,-0.04301946108308485,-0.14774755152703822,-0.27855284404172,-0.1580983289948319
2023-01-24,-0.04204721292116009,-0.14866229173755952,-0.2800256669104926,-0.15947870013066257
2023-01-25,-0.040707108554908,-0.14834312052627308,-0.2816235121713354,-0.15906050722717524
2023-01-26,-0.037102700719165105,-0.13898300550785891,-0.2676172722477671,-0.15040224135337565
2023-01-27,-0.04045718903021134,-0.13700476862565303,-0.2603266318843189,-0.1469722566144056
2023-01-30,-0.04667117164569767,-0.14783262311345413,-0.2752821245347439,-0.15839119784900213
2023-01-31,-0.04273098679056786,-0.13530292953139578,-0.26442150397583786,-0.14492284374385989
2023-02-01,-0.04528079927418771,-0.1261130934744591,-0.24869208539838128,-0.1345076323884974
2023-02-02,-0.04925113402116632,-0.11339180211357702,-0.22172767883800248,-0.12158319670134676
2023-02-03,-0.05238442223734319,-0.12281573779538413,-0.23555936946418432,-0.1306597223894983
2023-02-06,-0.057570700027533506,-0.12817660562604916,-0.2420260127435776,-0.13718473607946113
2023-02-07,-0.054699105893191824,-0.11677429727339095,-0.22632178524512025,-0.12630964635199182
2023-02-08,-0.05968563930939874,-0.12643206100277715,-0.2400786023864987,-0.13563715469310023
2023-02-09,-0.06233108204133331,-0.1340053332348411,-0.24679474619832564,-0.14404437100307843
2023-02-10,-0.0578954041380616,-0.13198432292929763,-0.2517381844509481,-0.14249685652758204
2023-02-13,-0.053706260207296186,-0.12179467507542363,-0.23975383961804264,-0.13229080853482778
2023-02-14,-0.04980946118362084,-0.12219884997880315,-0.2341363845017035,-0.13195638803376708
2023-02-15,-0.0471745112668327,-0.1193481710491544,-0.22826911785195536,-0.12806639110096119
2023-02-16,-0.04849200878068982,-0.1314738934108015,-0.2427501785145615,-0.1396943618764367
2023-02-17,-0.05447590056257978,-0.1336434564945399,-0.24809278651898015,-0.1422039207625475
2023-02-21,-0.06273040389830531,-0.1510234526001215,-0.26589448234509827,-0.15998066543657652
2023-02-22,-0.06424603188848987,-0.1521934754642138,-0.2653451768724763,-0.1606915264616402
2023-02-23,-0.06179968423276583,-0.14768352718067734,-0.25892868250035006,-0.15621619328568126
2023-02-24,-0.06703078886774316,-0.15678842743984345,-0.27133707716307565,-0.16562727329662252
2023-02-27,-0.062338131795977025,-0.15391656548149424,-0.2661189472990203,-0.1626575014840821
2023-02-28,-0.0645264177712166,-0.15704364219909162,-0.26706788902490164,-0.16545992922436303
2023-03-01,-0.05604882078929796,-0.16027724510909658,-0.2729601135029176,-0.16345233564416595
2023-03-02,-0.05764578399465481,-0.1537464223086622,-0.2669431776338067,-0.16215560308903287
2023-03-03,-0.04704681273213429,-0.1401743471892971,-0.25178817785772756,-0.14851983800076662
2023-03-06,-0.04710231995872882,-0.1395786424014165,-0.2509390674449171,-0.14964922648364043
2023-03-07,-0.05757309263682853,-0.15276786143474808,-0.26012712475866484,-0.162323014072157
2023-03-08,-0.05608314805593273,-0.15138519355177726,-0.25643212217113676,-0.1612353779687674
2023-03-09,-0.06736229592923548,-0.16704176016846473,-0.26931502657192496,-0.17779909557922513
2023-03-10,-0.07728498808048989,-0.17906102423202674,-0.27957619275094203,-0.1916440240300995
2023-03-13,-0.09009882865248597,-0.18023111499044153,-0.27423350699627935,-0.19499010254491378
2023-03-14,-0.08414652129794631,-0.16668022289977713,-0.25755553544416054,-0.18064334260985482
2023-03-15,-0.10616535138829652,-0.1718921305863106,-0.25366055922951525,-0.18695925984807404
2023-03-16,-0.09698406082234579,-0.15736288130470033,-0.233986559781853,-0.17290516803459155
2023-03-17,-0.11008953497628726,-0.1672155696347255,-0.23760668888457803,-0.1835712951320465
2023-03-20,-0.10335966578738931,-0.15920777373700912,-0.23490121365020766,-0.17646061064460772
2023-03-21,-0.09019590361787577,-0.14816761370194298,-0.2239737278816124,-0.16470731581981524
2023-03-22,-0.09641631061182099,-0.1626883761932083,-0.23452614647399705,-0.17963954581975639
2023-03-23,-0.09901854018606127,-0.16042484736677254,-0.22544911650843125,-0.1781444894620734
2023-03-24,-0.09880415975532353,-0.15491563044088086,-0.2225982483181087,-0.17297903762906375
2023-03-27,-0.09150638104781772,-0.15333539007868358,-0.22792460652156799,-0.17087924087750594
2023-03-28,-0.08643427744163235,-0.15523582006700853,-0.2320255431321051,-0.1720551324112476
2023-03-29,-0.07838807738143261,-0.14295733547915557,-0.21802233546804595,-0.1601284046255207
2023-03-30,-0.07701892289006962,-0.13793919818977385,-0.21062066775641597,-0.15559278476059502
2023-03-31,-0.07480038882243589,-0.1257885586116746,-0.1974926945870923,-0.14286807800415002
2023-04-03,-0.0732433910868392,-0.1224575952428344,-0.19944313720368023,-0.14060026807168724
2023-04-04,-0.07539616615080302,-0.1273260934448569,-0.20214363642244582,-0.14635373258243234
2023-04-05,-0.08253772228099643,-0.12961107687728424,-0.2100205136243326,-0.1494614076868266
2023-04-06,-0.0817297889829347,-0.12621588547911478,-0.20469431092136114,-0.14664787274302893
2023-04-10,-0.07744447808236588,-0.12531900147547892,-0.20514440708286275,-0.14471588843978256
2023-04-11,-0.07364351039421269,-0.1250840192244128,-0.21024567833044938,-0.1438340032449088
2023-04-12,-0.07158853161306167,-0.12865010063296467,-0.21722212995860168,-0.14744558407028918
2023-04-13,-0.06659277216602189,-0.1170764270096647,-0.20189351388806165,-0.13635878836735837
2023-04-14,-0.06935089103393843,-0.11923302227775634,-0.2033940158436358,-0.1387524576360547
2023-04-17,-0.06797520897545473,-0.11607267734200744,-0.20271891047650537,-0.13530902381330856
2023-04-18,-0.06677261193402428,-0.11549618664746752,-0.20266883931948232,-0.1348890243164783
2023-04-19,-0.06855760445316672,-0.11564562205185835,-0.20304390649569293,-0.13446902481964795
2023-04-20,-0.06832989633977093,-0.12047161840783416,-0.20912024355108594,-0.13984437603477606
2023-04-21,-0.07104423978675845,-0.11978826204927295,-0.20829492471288613,-0.1390884839978649
2023-04-24,-0.06900319249388176,-0.11887005922829108,-0.20994532913855446,-0.1387524576360547
2023-04-25,-0.0771912373458793,-0.13285703655403147,-0.22484888462610453,-0.153115075446014
2023-04-26,-0.0798641297815107,-0.13652977994363646,-0.22014794938397153,-0.15693655565351272
2023-04-27,-0.0716951661298234,-0.11933982004745491,-0.19894289213491212,-0.1411043076144025
2023-04-28,-0.06993018019048214,-0.11182317168057143,-0.1934167935550669,-0.13362909273685197
2023-05-01,-0.07089523823057897,-0.11272025936717556,-0.19434202145658164,-0.1340490253228177
2023-05-02,-0.07493638038545247,-0.12269244170525506,-0.20136854424175699,-0.14463198221562712
2023-05-03,-0.07307371681115626,-0.1287142607679712,-0.20659483788141375,-0.1496294208677319
2023-05-04,-0.07382788300109311,-0.13488537944643264,-0.20939540166398185,-0.1559707642344832
2023-05-05,-0.06806195213952759,-0.11887005922829086,-0.19259131921637918,-0.1403903017787047
2023-05-08,-0.06701197912946144,-0.11863528066019302,-0.19059119419398718,-0.13946639656088844
2023-05-09,-0.06651541949224449,-0.12250023287752654,-0.19571719001911003,-0.14299407116211305
2023-05-10,-0.06508615502940407,-0.11840016262048136,-0.18696531157321927,-0.13921454406669242
2023-05-11,-0.07007425100983133,-0.11993776534798628,-0.18431449476025785,-0.14034848248835607
2023-05-12,-0.07042587393896826,-0.12109095042003437,-0.18724023643538368,-0.14236410537230004
2023-05-15,-0.06622153267497755,-0.11805858628268473,-0.18283926163392672,-0.13871050452397737
2023-05-16,-0.07113471163302143,-0.12395222086403346,-0.1819141114826558,-0.1453877404308097
2023-05-17,-0.06945509859491517,-0.11331806887906137,-0.17201184042913398,-0.13430101163874353
2023-05-18,-0.0704865585737845,-0.10477648781581994,-0.15663338645230251,-0.12569179142866482
2023-05-19,-0.07118051321014451,-0.10607904039793614,-0.1585337579118674,-0.12779158818022263
2023-05-22,-0.07291764612125229,-0.10571594155982533,-0.155708080800544,-0.12627987101726468
2023-05-23,-0.0787088001868167,-0.11575228403291149,-0.1664106351137542,-0.13551878937369843
2023-05-24,-0.08313290711552235,-0.1221585886454074,-0.17068650977289712,-0.1421961591022597
2023-05-25,-0.08489049398255677,-0.11455646132617114,-0.15050690048964255,-0.13635878836735893
2023-05-26,-0.07908248999987266,-0.1030894496839242,-0.1288020646732776,-0.12497798632556056
2023-05-30,-0.08250780073394326,-0.1027479412404505,-0.12485118603332213,-0.12468391307582838
2023-05-31,-0.08785704218176849,-0.10772330510649442,-0.1298273571385946,-0.1299336056873166
2023-06-01,-0.07897820131069633,-0.09924574838961397,-0.11977502811449081,-0.12124034543135298
2023-06-02,-0.07207040800739106,-0.08621988309683881,-0.11317348816206152,-0.10670978135135334
2023-06-05,-0.07363547562698747,-0.0879707418921275,-0.11254837620171043,-0.10906156441883652
2023-06-06,-0.06496263848610784,-0.08598496874009554,-0.112698511922536,-0.10498803098454801
2023-06-07,-0.06783636937076876,-0.08914531367584444,-0.1277518143796924,-0.10675173446343111
2023-06-08,-0.0628756135133498,-0.08363596096130732,-0.11692431542465576,-0.10255227478204454
2023-06-09,-0.06174274018640358,-0.08199162835842633,-0.11354871083875984,-0.10158634954128598
2023-06-12,-0.058854011011119534,-0.07366364283458204,-0.098570126365919,-0.0935230550751357
2023-06-13,-0.05452904332898012,-0.0675562769251905,-0.09164351264405834,-0.08684601990089702
2023-06-14,-0.049800606191555796,-0.06644586527648022,-0.08504212819211676,-0.08684601990089702
2023-06-15,-0.044088016210355296,-0.054872123758857305,-0.07413960025178923,-0.07571700344243015
2023-06-16,-0.04583839764592801,-0.05809140096676024,-0.07996597027328556,-0.07920285875330624
2023-06-20,-0.05148586146846201,-0.06297816274160484,-0.08128298165343317,-0.08373821097477363
2023-06-21,-0.05085156081355535,-0.06777930977545121,-0.09380318116677877,-0.08877780347154995
2023-06-22,-0.05409877917020034,-0.06441426345658641,-0.08311096763599723,-0.08634177962558853
2023-06-23,-0.062434075643062914,-0.07148729031856782,-0.09220035989033126,-0.09390043235124268
2023-06-26,-0.06131447345114416,-0.07528088560268253,-0.10437006130451476,-0.09706217143419982
2023-06-27,-0.05283662146134416,-0.06514297322275031,-0.08897030376087511,-0.0860594157771537
2023-06-28,-0.05327527521383302,-0.06467151504551738,-0.0871925444358218,-0.08530084730566001
2023-06-29,-0.05170972607122892,-0.06098498910839234,-0.08902037491789816,-0.08091644599463532
2023-06-30,-0.046877147828011556,-0.049903956691025764,-0.07497284961485906,-0.07138927563368602
2023-07-03,-0.04294379802644743,-0.0488108580946186,-0.0727945210336205,-0.06860692115277245
2023-07-05,-0.05158331495673585,-0.050225368414962945,-0.07281940111164442,-0.07143149638922197
2023-07-06,-0.06449263671268579,-0.057662648318542176,-0.07988075600605338,-0.07969411832089046
2023-07-07,-0.05737127773155859,-0.060041936965280596,-0.08293564083617211,-0.08083220521615675
2023-07-10,-0.05131112494096923,-0.057662648318542065,-0.08263521389403317,-0.0768273892397694
2023-07-11,-0.04505697237918871,-0.051661333341298854,-0.07810291893075627,-0.06957645958021719
2023-07-12,-0.03183145240412344,-0.04403130145540912,-0.06645943116677855,-0.0624522590981379
2023-07-13,-0.02225410706275399,-0.036443703521243376,-0.0506091109601744,-0.054526934834706164
2023-07-14,-0.025606574535335103,-0.037043957228748536,-0.050809473338510824,-0.05591807861973075
2023-07-17,-0.021341588358366304,-0.033700297621552466,-0.04194524579029324,-0.05233466726832936
2023-07-18,-0.016119043685097423,-0.02652013351825855,-0.034107787962025515,-0.044788861428670335
2023-07-19,-0.01777531708649649,-0.024355255142790466,-0.03433303041838587,-0.042301650771321864
2023-07-20,-0.028391786335985714,-0.030828231980234988,-0.05659339172687894,-0.0492152158517728
2023-07-21,-0.028477238045956366,-0.030828231980234988,-0.059423189601124915,-0.04929945663025126
2023-07-24,-0.027568822923356495,-0.026498814700912643,-0.05792066613921132,-0.04592688141307211
2023-07-25,-0.024045574697120653,-0.02384102354221984,-0.051535505115346214,-0.04352417917766038
2023-07-26,-0.02178456353361813,-0.023690773405956156,-0.05469061000975517,-0.04280763072910909
2023-07-27,-0.02265527646307741,-0.030163818137723286,-0.056943967576284615,-0.050184754279217536
2023-07-28,-0.01358766279395951,-0.02066872920566576,-0.03976676170856708,-0.04027819931622467
2023-07-31,-0.013309061784778642,-0.018804147419757222,-0.03926605013833562,-0.037369249479567324
2023-08-01,-0.021057164365033354,-0.02161178134877717,-0.04149429437610952,-0.03998318931438849
2023-08-02,-0.0378428533148405,-0.035221945183209646,-0.062528067838023,-0.05359955025193275
2023-08-03,-0.04150574109695915,-0.03798694147753745,-0.06403051354969269,-0.05633968397731015
2023-08-04,-0.03750922885926855,-0.04233794915149702,-0.06841251729165643,-0.06034429922110396
2023-08-07,-0.03182289895510415,-0.03397880013350696,-0.06052483280587795,-0.05313572413881695
2023-08-08,-0.039509030100371656,-0.03817982924849361,-0.06851265960570274,-0.057519924717248094
2023-08-09,-0.044089061160370036,-0.04460982897963206,-0.07875399947254458,-0.06426487441901296
2023-08-10,-0.042201696650899345,-0.04426689475538059,-0.07705119138253824,-0.0640962590403269
2023-08-11,-0.04842018422896699,-0.04482423925090273,-0.08293564083617166,-0.06498155668929317
2023-08-14,-0.04533003660314716,-0.03955170193414603,-0.07264415206206298,-0.06034429922110396
2023-08-15,-0.0531927591803345,-0.050739803698502284,-0.08248484492247576,-0.07101002485337149
2023-08-16,-0.06080999757815686,-0.05770555753052564,-0.0922003598903306,-0.078682158405316
2023-08-17,-0.0704078546730621,-0.06488578952814228,-0.10211623723652197,-0.08622803115583955
2023-08-18,-0.06821850646388905,-0.0644357180625782,-0.10324307152027423,-0.08517431886078086
2023-08-21,-0.0633386543674277,-0.05834844887272317,-0.08879513246153736,-0.07990488754424796
2023-08-22,-0.06432991856576764,-0.06089923857874879,-0.09009706029438302,-0.08234974362433123
2023-08-23,-0.05281342442017234,-0.05043971079191101,-0.07574926354969236,-0.07231672712732373
2023-08-24,-0.06467440901680233,-0.06359966737213374,-0.095505600505565,-0.08475278041406575
2023-08-25,-0.06124065360196529,-0.056998370264676135,-0.08849470551939831,-0.07851367684835908
2023-08-28,-0.05377901966423304,-0.05101837410477916,-0.08163363525308198,-0.07261173712915991
2023-08-29,-0.04263849482068571,-0.03730100513471157,-0.061576638104339,-0.05912183772563018
2023-08-30,-0.039587585209037934,-0.033335908791309654,-0.056343269192493994,-0.05494847328142127
2023-08-31,-0.0449563864940874,-0.03475062279462238,-0.0535137045689793,-0.055960165553537555
2023-09-01,-0.04270248008075539,-0.0329502690380431,-0.054515205459686134,-0.052840714136981104
2023-09-05,-0.05115907003537856,-0.03712977565271547,-0.0533131866901555,-0.05848953005555757
2023-09-06,-0.056451808656684976,-0.04360248091286889,-0.06165174483987368,-0.0643913359530276
2023-09-07,-0.060381438650041974,-0.04653884247783846,-0.06836244613463294,-0.06759522888065628
2023-09-08,-0.06015477279007608,-0.04510287755150255,-0.06706028505105566,-0.06658346969767537
2023-09-11,-0.05562124929136658,-0.0388227884850143,-0.05606764457813529,-0.060723817644877
2023-09-12,-0.06083449302739241,-0.04409546159041633,-0.06653453790231267,-0.0652766336019941
2023-09-13,-0.06036606090793806,-0.04298077259937205,-0.06297870825123109,-0.06515017206797946
2023-09-14,-0.05462247670178011,-0.03472903239998548,-0.05531665497303195,-0.05714054011520464
2023-09-15,-0.06315850859265892,-0.046359126205497536,-0.07149235995004266,-0.0682275365507291
2023-09-18,-0.06292365307981407,-0.045799609091647264,-0.0705244471646681,-0.0681431619505215
2023-09-19,-0.06380199822126831,-0.0477785928114034,-0.07250552337732308,-0.07050397798471975
2023-09-20,-0.06616627511682638,-0.05653268310487791,-0.08587110129177544,-0.07872451298258121
2023-09-21,-0.07846601988661184,-0.0721267190503051,-0.10262215807308939,-0.09417630584581482
2023-09-22,-0.07662444092276299,-0.07421297580001918,-0.10249674692980015,-0.0960800537642178
2023-09-25,-0.07619441642911506,-0.0703199153330637,-0.09823370106088836,-0.0924415078604206
2023-09-26,-0.08569780829642704,-0.08397814834800887,-0.11177476127565311,-0.10551528859726444
2023-09-27,-0.083809074582617,-0.08361240163131056,-0.10969346499870802,-0.10458449156039873
2023-09-28,-0.07946165789886916,-0.07829973876980378,-0.10224584689297744,-0.09866107345367647
2023-09-29,-0.08059136921606369,-0.08053672091604103,-0.1015939110985068,-0.10128424698780658
2023-10-02,-0.08375257310503403,-0.08090239973841673,-0.09409622183575328,-0.10246897075566974
2023-10-03,-0.08658132278074493,-0.09320546207110814,-0.10999443619255345,-0.11550059764784215
2023-10-04,-0.08535093399924276,-0.08660212813396784,-0.09788265871001933,-0.10911174756725461
2023-10-05,-0.08527308102871822,-0.08694635235035186,-0.10054070629565648,-0.10957711263025527
2023-10-06,-0.0810463929323254,-0.076105801624195,-0.08546975453315186,-0.0989572878510745
2023-10-09,-0.08375035253603957,-0.07019091611982298,-0.0808057506568356,-0.09328766265362054
2023-10-10,-0.08097918576304086,-0.06535140879361823,-0.07571513119265294,-0.08766019130083813
2023-10-11,-0.07951822487047266,-0.06152284793328311,-0.06912020001094876,-0.08406399997430614
2023-10-12,-0.0804648527868097,-0.06724403093482578,-0.07235507665552188,-0.09142606857988911
2023-10-13,-0.0833357373850715,-0.07189003944116978,-0.08401543622240937,-0.09654555264894749
2023-10-16,-0.08073976473090849,-0.062124934787502806,-0.07365902599470697,-0.08605252395810414
2023-10-17,-0.08090342914119919,-0.06216811557677715,-0.07669322925996847,-0.0848679340119699
2023-10-18,-0.08442511181475276,-0.07466481251797497,-0.08880516224299029,-0.09840721363354343
2023-10-19,-0.08559881627474564,-0.08279508977394712,-0.09733102073008237,-0.10691158451885985
2023-10-20,-0.09049543815118655,-0.09406595471774548,-0.11079697420931245,-0.11795462051636962
2023-10-23,-0.09239461452941977,-0.09563601093152907,-0.10811373554467585,-0.12036628880763212
2023-10-24,-0.08984802151181925,-0.08881765567421351,-0.09943727483529496,-0.11372364581777639
2023-10-25,-0.09486757530332235,-0.10189505275796218,-0.12147939120937201,-0.12688220262001526
2023-10-26,-0.09747533400134434,-0.11264951348286167,-0.13823029249019836,-0.135936580811998
2023-10-27,-0.09799912189445592,-0.1166717089517032,-0.13409265776457602,-0.14059076672892046
2023-10-30,-0.09574609139259926,-0.10611074704666468,-0.12433803442407709,-0.1306899661002796
2023-10-31,-0.09365285883062768,-0.10049683707507973,-0.12015025079118768,-0.12506282930182
2023-11-01,-0.08877821512788664,-0.09090398031825042,-0.10487885890010273,-0.116304397863777
2023-11-02,-0.08210261684980424,-0.07348175394391321,-0.08862960219243365,-0.0987457826082071
2023-11-03,-0.07980278841832888,-0.06502870707754838,-0.07792191636313084,-0.08859112215943332
2023-11-06,-0.08210676885813772,-0.06287788282689111,-0.07416074831810793,-0.08821039934009844
2023-11-07,-0.08223209002679621,-0.06021058646301214,-0.06540886987221717,-0.08550251665143804
2023-11-08,-0.08427608508249973,-0.059522545396180515,-0.06480716073525727,-0.08562944656150451
2023-11-09,-0.08424503851075715,-0.06685703329510373,-0.07200403430465274,-0.09341459256368734
2023-11-10,-0.08067323246385205,-0.0522955342101834,-0.051140689377203064,-0.07991753369764998
2023-11-13,-0.07934352053973437,-0.05319873238583572,-0.054099708156685855,-0.08046747409345179
2023-11-14,-0.07430212548228399,-0.034830194940894676,-0.03373769680141836,-0.06007404623915469
2023-11-15,-0.07496973412591179,-0.03278691529748645,-0.033010343270437725,-0.057746886369829054
2023-11-16,-0.07496570896182986,-0.031603788829101975,-0.032183002925898374,-0.05838146900929675
2023-11-17,-0.07215107796511422,-0.03039934354337137,-0.03195721621783132,-0.056012222206164086
2023-11-20,-0.07055209102244331,-0.022935720642561885,-0.020171367757410574,-0.04890387959898501
2023-11-21,-0.07135858537929052,-0.025065226075872915,-0.02586385185904072,-0.0514849661993082
2023-11-22,-0.0705435621361008,-0.021301164822158047,-0.021876741605462935,-0.04742314216631727
2023-11-24,-0.06967636689621548,-0.02069894217929269,-0.02325579768018282,-0.04640776979665018
2023-11-27,-0.07011213994033749,-0.022462497212937138,-0.024108484604209002,-0.04763464740918488
2023-11-28,-0.06991603485291764,-0.021494799430664457,-0.02155057933261806,-0.047042352436117874
2023-11-29,-0.07052177197015264,-0.0221829083918188,-0.02250356407117815,-0.046619275039517905
2023-11-30,-0.0675462661201065,-0.018332892925492228,-0.024960938277503675,-0.04268451473832269
2023-12-01,-0.06575020506494211,-0.012525348345400977,-0.022177479548577073,-0.0346030874278771
2023-12-04,-0.06474926708859552,-0.017709079887989865,-0.031254976015605895,-0.038072415755207256
2023-12-05,-0.06571014560835364,-0.017902646602173555,-0.028822792888279603,-0.03993421056153257
2023-12-06,-0.06821029987579597,-0.021860274570072002,-0.03443985925339976,-0.04399590077279414
2023-12-07,-0.06562636780475506,-0.014396651669262628,-0.020948792445414366,-0.03633788541327143
2023-12-08,-0.0637322374114142,-0.010159366985922902,-0.016585604262456255,-0.03172598716274977
2023-12-11,-0.06497016504238595,-0.006309215730950668,-0.008185079168409604,-0.02774887228428924
2023-12-12,-0.06430430819561217,-0.0017709555148240907,-0.0002858876465450244,-0.02406763724890426
2023-12-13,-0.057958988998859984,0.0,0.0,-0.008920623373732006
2023-12-14,-0.052519890910633804,0.0,-0.0008668714863021565,-0.003039492933410548
2023-12-15,-0.055193085730326885,-0.001646595592390887,0.0,-0.004393367366876233
2023-12-18,-0.051496318865726476,0.0,0.0,-7.761660288796435e-05
2023-12-19,-0.05046632568341447,0.0,0.0,0.0
2023-12-20,-0.057491974914503086,-0.013857132046325327,-0.014859595262753378,-0.014912289442514548
2023-12-21,-0.04897566819618315,-0.004506644931027481,-0.003397112027481275,-0.004019798731058288
2023-12-22,-0.047265880473596256,-0.0025059059175303044,-0.001906266964195269,-0.00174172235142811
2023-12-26,-0.0449630669053821,0.0,0.0,0.0
2023-12-27,-0.04376344662651488,0.0,0.0,0.0
2023-12-28,-0.04492298184651511,0.0,-0.00048627162020353776,-0.0005036301356146078
2023-12-29,-0.04680791460119127,-0.002894986310545189,-0.004811909460883945,-0.004323155796660538
2024-01-02,-0.0502658196643867,-0.008475036810566161,-0.021652765837066212,-0.010996849932297437
2024-01-03,-0.05529244642510012,-0.016572701840812054,-0.03200501513642551,-0.020482743364557243
2024-01-04,-0.05342663766908362,-0.0197403296997396,-0.036986931769628084,-0.023001026229017674
2024-01-05,-0.05307603606504585,-0.018397632727432667,-0.035844681988506766,-0.021532171093335273
2024-01-08,-0.04593043526802598,-0.004384292417359936,-0.015917466403102876,-0.007555179059349881
2024-01-09,-0.045131730429931904,-0.005894834755083789,-0.013973432132903696,-0.00940182288993685
2024-01-10,-0.042027143566644054,-0.00027270749941032957,-0.007290541881702639,-0.004281186618692812
2024-01-11,-0.04271267587729588,-0.0007131944132096057,-0.005224977285403054,-0.004952693466178992
2024-01-12,-0.03816685943759279,-2.090647577124294e-05,-0.004714805452645354,-0.004784948940694811
2024-01-16,-0.04460063240257672,-0.0036921363819769626,-0.004811909460883834,-0.00940182288993685
2024-01-17,-0.04927949561937672,-0.009230307979428143,-0.010425453095043502,-0.01536204100011962
2024-01-18,-0.04656626498894301,-0.00041951448700072724,0.0,-0.006673561949249507
2024-01-19,-0.04109598360123301,0.0,0.0,0.0
2024-01-22,-0.03896064352204398,0.0,0.0,0.0
2024-01-23,-0.04280297458334348,0.0,0.0,0.0
2024-01-24,-0.04143207083385969,0.0,0.0,-0.00016594735457375887
2024-01-25,-0.039677800566569665,0.0,0.0,0.0
2024-01-26,-0.03611405857444239,-0.001270334286663788,-0.005957719991512844,-0.0008255451642542599
2024-01-29,-0.030633598751351965,0.0,0.0,0.0
2024-01-30,-0.029543531428677605,-0.0007734921111419713,-0.006656469951546118,-0.0013917578596550628
2024-01-31,-0.03421497264311635,-0.017078132430270898,-0.026112287821860147,-0.01821408476484676
2024-02-01,-0.02596095999359882,-0.004213538601300693,-0.014644450598880088,-0.004993609669733168
2024-02-02,-0.024751536055917844,0.0,0.0,0.0
2024-02-05,-0.03282809041605361,-0.0036411961637197177,-0.0013051958907631667,-0.004731140641946352
2024-02-06,-0.03062135422562473,-0.0007484497284270253,-0.0033099565936758335,-0.0013458365866013677
2024-02-07,-0.024049793482811888,0.0,0.0,0.0
2024-02-08,-0.02476388241513172,0.0,0.0,0.0
2024-02-09,-0.020938205426655143,0.0,0.0,0.0
2024-02-12,-0.017695527641966358,-0.00043908088327782036,-0.003912551328795533,0.0
2024-02-13,-0.03257707174442992,-0.014206085623406861,-0.019448472498634906,-0.016015006709446222
2024-02-14,-0.017934655419824752,-0.0052475183618923005,-0.008763223347875937,-0.005137556762939033
2024-02-15,-0.0129087375948167,0.0,-0.005811578774257087,0.0
2024-02-16,-0.01572109041403913,-0.004979911268401915,-0.014826651826947201,-0.005244824461792863
2024-02-20,-0.017565906519808605,-0.010457938912921572,-0.022262834569489298,-0.011490548447042337
2024-02-21,-0.02126045843152158,-0.009561592459392365,-0.02617545666246157,-0.01129044419613201
2024-02-22,-0.013767011547688002,0.0,0.0,0.0
2024-02-23,-0.01386132116775285,0.0,-0.002944771849192729,0.0
2024-02-26,-0.009288701300022573,-0.0036623936883167785,-0.0034697490367593398,-0.003015993337895262
2024-02-27,-0.005141666311339499,-0.0018115112149894586,-0.0010728285828757178,-0.0002382001119641819
2024-02-28,-0.011591034869232741,-0.003130695987276333,-0.00639157607880303,-0.0019048510527576168
2024-02-29,-0.009156847953789682,0.0,0.0,0.0
2024-03-01,-0.00020866057007751238,0.0,0.0,0.0
2024-03-04,-0.0033071047103302442,-0.0010724601789007249,-0.0035681020972749833,-0.0009807559085354134
2024-03-05,-0.013358806312950944,-0.011055994742830366,-0.021453586910805122,-0.011572993851928115
2024-03-06,-0.004165589586209495,-0.006044641806269513,-0.015304735768887356,-0.00572768616601671
2024-03-07,0.0,0.0,-0.0003588923545031486,0.0
2024-03-08,-0.006600601974829368,-0.0060023313154979885,-0.014788641483819753,-0.0057832267411057625
2024-03-11,-0.010997861790750685,-0.006856910870173705,-0.018446414616101192,-0.0073852790614420405
2024-03-12,-0.005467998085541104,0.0,-0.004375904865417057,0.0
2024-03-13,-0.011527822762040452,-0.0015676510887688844,-0.01202841155951262,-0.0012474350146942648
2024-03-14,-0.016978698877108123,-0.0035412525720178722,-0.014519281354671065,-0.00510667558200284
2024-03-15,-0.01742157663354882,-0.010383460389784105,-0.026233566672357767,-0.010992859935366917
2024-03-18,-0.015936242720625216,-0.004502137703264908,-0.016946368114867827,-0.0059642027523245655
2024-03-19,-0.017495731793237268,0.0,-0.014497071810397277,-0.00023399381340483139
2024-03-20,-0.003444717585263435,0.0,-0.0028122835436994453,0.0
2024-03-21,0.0,0.0,0.0,0.0
2024-03-22,-0.004821899336191815,-0.0018959333639739784,0.0,-0.002812239789582227
2024-03-25,-0.00482950824657169,-0.004653349080163238,-0.003629203986519558,-0.005049549995629565
2024-03-26,-0.0049056660905918426,-0.006491786269313238,-0.00685528609648145,-0.006824216823390961
2024-03-27,0.0,0.0,-0.003472618884107881,0.0
2024-03-28,0.0,-0.00019115878345854487,-0.005309570408114084,0.0
2024-04-01,0.0,-0.0019306378167666116,-0.0032036633856216135,-0.0007694841600373037
2024-04-02,-0.003995386398929601,-0.008276558296030578,-0.011806295302342895,-0.01000383745886324
2024-04-03,0.0,-0.007187234786657171,-0.009588225464556954,-0.00846474838803779
2024-04-04,-0.010704494669073417,-0.019305359772392228,-0.024732419724187382,-0.020353988071274864
2024-04-05,-0.0025862394089927188,-0.009060303317650398,-0.013239986562604167,-0.010465648705636599
2024-04-08,0.0,-0.008506056666268913,-0.012948681533371476,-0.009311150776391108
2024-04-09,-0.005196109523763037,-0.007359103965517644,-0.009297197209699126,-0.007887559798790633
2024-04-10,-0.012736169503851591,-0.01729852202690163,-0.017944528187913034,-0.018968856207832285
2024-04-11,-0.009077131986115594,-0.009882268114841053,-0.002262838092872088,-0.012312350314350518
2024-04-12,-0.025832162546366333,-0.023548773256029887,-0.018168507850531923,-0.026548682717983496
2024-04-15,-0.037111074342792705,-0.035781917002103425,-0.03432071438233797,-0.038514780254160996
2024-04-16,-0.04294918603291309,-0.0375405059231968,-0.034231039484977854,-0.04140054207427102
2024-04-17,-0.045083830781471934,-0.043236570406547825,-0.04601477767579376,-0.04701804813173249
2024-04-18,-0.04300719553899501,-0.04520530818767654,-0.05145858365557332,-0.04898030820904675
2024-04-19,-0.044663456642902166,-0.0535390164302505,-0.07108320149070646,-0.0564448177520992
2024-04-22,-0.03462202214834065,-0.04482299062075945,-0.061741236025921076,-0.047172005339115364
2024-04-23,-0.02355299533765587,-0.03348825122301824,-0.04773977396528739,-0.03582155550634292
2024-04-24,-0.027040303405082677,-0.033947008341077,-0.044513761048919354,-0.035590619695268555
2024-04-25,-0.02842321688000371,-0.03761694547433858,-0.04912869697046218,-0.04016924666746047
2024-04-26,-0.02074832188069886,-0.028499372398936518,-0.03445508834119082,-0.03124280778340016
2024-04-29,-0.01894818254274855,-0.025058813824704318,-0.03053457932543857,-0.02743354422049471
2024-04-30,-0.036992159459413254,-0.040503137585980675,-0.0488150424104834,-0.04343978075527666
2024-05-01,-0.036781069723775706,-0.04361870825665204,-0.0556925396505239,-0.04582533258983068
2024-05-02,-0.025898206498699117,-0.03467330388813161,-0.04364005354200262,-0.03593687247344135
2024-05-03,-0.01697245514531931,-0.022707818382262546,-0.024418695970614634,-0.024509444036977635
2024-05-06,-0.004247735288140264,-0.01261546131299085,-0.01373285253011547,-0.014043795331341258
2024-05-07,-0.008752923820608216,-0.01152577836999158,-0.01357619823411027,-0.01315881307807898
2024-05-08,-0.010101694648745996,-0.01143052845908632,-0.0141585315182009,-0.013851499760551111
2024-05-09,-0.003978764109531907,-0.005734463975735293,-0.012007925434215694,-0.00804139625542244
2024-05-10,-0.008654796754298588,-0.004453622249277478,-0.009678038749104334,-0.007118196389504172
2024-05-13,-0.009137109464168458,-0.004319972845988174,-0.0073929203190792325,-0.006579466914415022
2024-05-14,-0.0002464400711628123,0.0,-0.0010082198529566266,-0.0017313846416154854
2024-05-15,0.0,0.0,0.0,0.0
2024-05-16,-0.0038527745601473207,-0.002057639461244154,-0.002031398393458228,-0.002703543499471772
2024-05-17,0.0,-0.000622935527770041,-0.0025171690570565675,-0.0012946251815439958
2024-05-20,0.0,0.0,0.0,-0.0002665246635685792
2024-05-21,-0.0021652135286555074,0.0,0.0,0.0
2024-05-22,-0.00938165844816563,-0.002879396361312958,-0.00019746308053669726,-0.003382652424367416
2024-05-23,-0.01810338251611543,-0.010162526819237128,-0.004694932076834024,-0.011858099522943255
2024-05-24,-0.007976069448615286,-0.0036132537403015252,0.0,-0.004712716677408468
2024-05-28,-0.008729336231789064,-0.0029170270483243055,0.0,-0.004712716677408468
2024-05-29,-0.018768712740130367,-0.00989899404562189,-0.007048400134114341,-0.012884125234059685
2024-05-30,-0.019045926229206533,-0.016467023485795207,-0.017686243390864886,-0.017711229107115867
2024-05-31,-0.01404191823677825,-0.007509032544527949,-0.01951351928835998,-0.010147659079161486
2024-06-03,-0.010154861862211373,-0.006699913791516909,-0.014249056461783649,-0.009843620537236641
2024-06-04,-0.02369317914985558,-0.005589277684270977,-0.011551514801304341,-0.009957888455307984
2024-06-05,-0.007940073105998646,0.0,0.0,0.0
2024-06-06,-0.0024865314901861835,-1.875747881197043e-05,-0.00034522830645555835,-0.0008721766138599651
2024-06-07,-0.015209168026800057,-0.0012342421058270103,-0.001229721751715429,-0.0027684585325722377
2024-06-10,-0.009134002815189612,0.0,0.0,0.0
2024-06-11,-0.015923632067861404,0.0,0.0,0.0
2024-06-12,-0.002147953633359845,0.0,0.0,0.0
2024-06-13,-0.0066918782540517086,0.0,0.0,0.0
2024-06-14,-0.006847950242412693,0.0,0.0,-0.000749507246608494
2024-06-17,0.0,0.0,0.0,0.0
2024-06-18,0.0,0.0,0.0,0.0
2024-06-20,0.0,-0.0027163301738238887,-0.007707942643185195,-0.002524046120369716
2024-06-21,-0.007377245381681052,-0.004053410532010582,-0.01036667265035296,-0.004046139008575311
2024-06-24,-0.007392760775875695,-0.007290973484782248,-0.021633189852177548,-0.0057165270327587114
2024-06-25,-0.006341262076159482,-0.0034682950248382527,-0.010444969820578742,-0.002449956798702968
2024-06-26,-0.008522680015430995,-0.0022243531702347275,-0.008401477333924268,-0.0024870014595362866
2024-06-27,-0.004671016463678401,-0.0006513981232192378,-0.005841732773667951,-7.408932166663718e-05
2024-06-28,-0.006096072234257677,-0.004584014301503125,-0.011002407478844178,-0.003493847382753712
2024-07-01,-0.0035645347986609233,-0.002535310063792595,-0.005201732977367923,-0.0014822524039127538
2024-07-02,-0.0013147955758129326,0.0,0.0,0.0
2024-07-03,0.0,0.0,0.0,0.0
2024-07-05,0.0,0.0,0.0,0.0
2024-07-08,-0.0001840925747100819,0.0,0.0,0.0
2024-07-09,-0.0006788737585353699,0.0,0.0,-0.0002566137135011637
2024-07-10,0.0,0.0,0.0,0.0
2024-07-11,-0.0021944517353632564,-0.008622786297442286,-0.021930116870412464,-0.0044717467735253535
2024-07-12,0.0,-0.0023694379789284126,-0.016184236059655688,0.0
2024-07-15,0.0,0.0,-0.013539837197488969,0.0
2024-07-16,0.0,0.0,-0.013162092208158671,0.0
2024-07-17,-0.019231027389514654,-0.014021015983044616,-0.04213061417435793,-0.01411664233013954
2024-07-18,-0.026863538337520754,-0.021598131902786144,-0.046663737983175135,-0.02271566062242336
2024-07-19,-0.033738223057198535,-0.02809534675796843,-0.05511367450963178,-0.02880673929080746
2024-07-22,-0.023193013623762138,-0.018075263009500686,-0.041037109567199304,-0.018667079894622463
2024-07-23,-0.03008449787430756,-0.019615418947524166,-0.044417133227610206,-0.019383618066218578
2024-07-24,-0.047565139499856524,-0.041833307653006635,-0.0786941341617029,-0.04145467445076967
2024-07-25,-0.056485881521160075,-0.04682576228261648,-0.08885400901106622,-0.045145154162711254
2024-07-26,-0.04539354934390405,-0.03615052601900104,-0.0795092809938962,-0.03371538991777534
2024-07-29,-0.046784750849406476,-0.03558397339658259,-0.0776602250957924,-0.03364379212392865
2024-07-30,-0.05214523988788422,-0.04047024088883955,-0.09032531991983994,-0.037656742024745005
2024-07-31,-0.0327248141853429,-0.024873341420516448,-0.063404628280475,-0.02339656796703471
2024-08-01,-0.05396466506915987,-0.03868220435205805,-0.08609029644183308,-0.038695862431841754
2024-08-02,-0.06856120323099235,-0.05658037818770234,-0.10778184721039785,-0.05804373762444992
2024-08-05,-0.0877203395775854,-0.08405613406037638,-0.134384512026251,-0.0857040718640164
2024-08-06,-0.08367834421648179,-0.07561171257398436,-0.1261134847481088,-0.0764241462271209
2024-08-07,-0.0850906932146076,-0.08179020009970572,-0.13557728122320412,-0.08348257943881643
2024-08-08,-0.07375151565778937,-0.06056350195445226,-0.10913390572439019,-0.06202066453509136
2024-08-09,-0.07134368054658324,-0.05642098687007169,-0.10448146820850646,-0.05797191573735172
2024-08-12,-0.06955145373864302,-0.055925336284156524,-0.10255282896416806,-0.058581113241490734
2024-08-13,-0.06555636571708068,-0.04039944946393814,-0.08028469746525746,-0.04292360571419851
2024-08-14,-0.06530562728890987,-0.03737200993336476,-0.07998641319759137,-0.040200648615507095
2024-08-15,-0.058398548673674555,-0.0208722985743387,-0.05674396817401828,-0.023575730521590454
2024-08-16,-0.05361161128524217,-0.018677321955971937,-0.05553114985979335,-0.021246617312368987
2024-08-19,-0.04769394111569403,-0.009294471643223279,-0.043124792879435714,-0.012002770688961162
2024-08-20,-0.04840164552372972,-0.010905308394547286,-0.04513277022086759,-0.014403593738655185
2024-08-21,-0.044765086342921534,-0.007506324494840011,-0.04067922975828486,-0.009459088191450915
2024-08-22,-0.04902819064127195,-0.015295814689287313,-0.05588909098099282,-0.017842864915691647
2024-08-23,-0.04189919076192827,-0.004833063311979191,-0.04564975540996552,-0.005410283370398394
2024-08-26,-0.04137039714668045,-0.0072052397158035575,-0.05491483876861569,-0.00791822299429823
2024-08-27,-0.039798933186431795,-0.00584217295163636,-0.052091530658134766,-0.007022410221520614
2024-08-28,-0.043030256457529004,-0.011613443866769435,-0.06284791273054524,-0.013077633969668434
2024-08-29,-0.04281782071236284,-0.011524954585641956,-0.06421977511266863,-0.012110223403044351
2024-08-30,-0.03874372260556391,-0.002088900092615309,-0.05306590549508239,-0.002579649464372391
2024-09-03,-0.04749547162130885,-0.022625050010270487,-0.08181566522756467,-0.024041620391410334
2024-09-04,-0.044908376248485427,-0.02462535021015666,-0.08420157149518237,-0.02622708982643529
2024-09-05,-0.04555349219911542,-0.026997858448785328,-0.08334651036530127,-0.029236662193765417
2024-09-06,-0.05566851670419892,-0.04337357420263166,-0.10790116091746449,-0.04536005959087741
2024-09-09,-0.04968331011849081,-0.03266283161496386,-0.09642908053951105,-0.035148466260968125
2024-09-10,-0.047172932455814776,-0.028449525105681217,-0.0880785312274196,-0.03138661284843125
2024-09-11,-0.0462719758070359,-0.018482534925889804,-0.06827576671779068,-0.021748474149050567
2024-09-12,-0.03881613322682087,-0.010214870778549878,-0.05912987444163631,-0.013615121633335003
2024-09-13,-0.030187655774381317,-0.005045437586684964,-0.054914838768615915,-0.006735794952882124
2024-09-16,-0.02653225505067658,-0.003576073073563557,-0.05909020539308962,-0.004765342992648858
2024-09-17,-0.02702771366123191,-0.003168801157174328,-0.05859314669669291,-0.0037621895524142523
2024-09-18,-0.03037638160053957,-0.006125228039642772,-0.06266900348223081,-0.006270017129688332
2024-09-19,-0.023229136345459755,0.0,-0.03896929143537842,0.0
2024-09-20,-0.018930791545544334,-0.001728493464093095,-0.04079835952849575,-0.002091873227182517
2024-09-23,-0.016829096616570283,0.0,-0.03825592299667413,0.0
2024-09-24,-0.013137420247048892,0.0,-0.03361685155897143,0.0
2024-09-25,-0.014572747691664278,-0.002205682811472598,-0.03272089513483889,-0.0032877444706492787
2024-09-26,-0.012758795383125854,0.0,-0.025453672590556753,0.0
2024-09-27,-0.01373349453168693,-0.0014503989358952696,-0.03086926412075519,-0.0009881886664068196
2024-09-30,-0.014513942652434109,0.0,-0.028241051701890507,0.0
2024-10-01,-0.015750639663541288,-0.008958604559465067,-0.041780030527386325,-0.009111360745476804
2024-10-02,-0.01680718001589543,-0.0085402034206844,-0.04042613264483674,-0.00889930732519062
2024-10-03,-0.022264854830212455,-0.010352876958364843,-0.041142934571513856,-0.011018300122090485
2024-10-04,-0.017723730664300108,-0.0013594237311392865,-0.029734373721063467,-0.0014478206006044436
2024-10-07,-0.026349503051045664,-0.010387725626125,-0.040127480503459156,-0.010559291446507135
2024-10-08,-0.02984372537286284,-0.0010284156688292745,-0.025792116405051857,-0.002224689205765351
2024-10-09,-0.028851790492170015,0.0,-0.0181266705681713,0.0
2024-10-10,-0.02912284762140116,-0.0017499291458934474,-0.019241634475161806,-0.0020737268863117997
2024-10-11,-0.022807049398627766,0.0,-0.017708459470586413,0.0
2024-10-14,-0.02018485382864077,0.0,-0.009465697155937147,0.0
2024-10-15,-0.022927601016265453,-0.007769709751462295,-0.02270590121548477,-0.006866966432621191
2024-10-16,-0.017352392980595766,-0.003456959052906994,-0.022586587508418243,-0.0018033747402762534
2024-10-17,-0.020023282257575548,-0.0033714651690243125,-0.021909638567143563,-0.0020114023798405434
2024-10-18,-0.01218207726812115,0.0,-0.015498519461591642,0.0
2024-10-21,-0.018108273525491825,-0.0016422798462758514,-0.01360703546210551,-0.003150085550884585
2024-10-22,-0.01980923386208977,-0.002172693722533592,-0.012531924540517436,-0.00429249067735471
2024-10-23,-0.024094858142983067,-0.011290101228284222,-0.0276637352241218,-0.013292627191853645
2024-10-24,-0.02451127563351474,-0.009151823673293924,-0.019779159279812886,-0.010661728403055681
2024-10-25,-0.030823613101482072,-0.009494173971489217,-0.013806177764547178,-0.011596286158131353
2024-10-28,-0.02689945885728029,-0.0064318809213388395,-0.013646888447507832,-0.007580817392702666
2024-10-29,-0.028654791210477537,-0.004824017242606393,-0.004169603269660871,-0.006265637789803269
2024-10-30,-0.03051138908443296,-0.007834632765640559,-0.011695624969918161,-0.00872333043577267
2024-10-31,-0.036168640054124124,-0.02728402949177866,-0.03664322595814962,-0.027207825248491413
2024-11-01,-0.037606979813097574,-0.02317891590990151,-0.029515304925920582,-0.02305389948539971
2024-11-04,-0.0376084465207035,-0.02528288384895061,-0.03234253702265655,-0.024819307143053693
2024-11-05,-0.028958328579598125,-0.013496784911952164,-0.019998228074956326,-0.012427136060709665
2024-11-06,-0.026598910240346108,0.0,0.0,0.0
2024-11-07,-0.01895521836805769,0.0,0.0,0.0
2024-11-08,-0.022264688108827313,0.0,0.0,0.0
2024-11-11,-0.02448793807565075,0.0,-0.0005834360231047331,0.0
2024-11-12,-0.03074240437977238,-0.0031065437781114813,-0.0023923212847597464,-0.003932261867328202
2024-11-13,-0.03398632979861027,-0.0026221801108793352,-0.0036759284514935597,-0.004402825645903996
2024-11-14,-0.0367853046119484,-0.009035525411823508,-0.010600195808340818,-0.011763151450810527
2024-11-15,-0.03896949923514592,-0.021728433437238626,-0.03417344287388113,-0.024299259702902476
2024-11-18,-0.031444501934489444,-0.017720053612899522,-0.027463239817062113,-0.020333573242974357
2024-11-19,-0.028833375742897238,-0.014129458257547522,-0.020772502596143938,-0.01582994992283515
2024-11-20,-0.027963636528425928,-0.013795313906355466,-0.02133653267822755,-0.015258588470024259
2024-11-21,-0.023100635527317892,-0.008501019285912959,-0.01781603143954147,-0.008368721664406276
2024-11-22,-0.01882094281735347,-0.005427869136921393,-0.016240616418935705,-0.003461802868039543
2024-11-25,-0.0170080313528852,-0.002054384385846264,-0.014684607339351063,0.0
2024-11-26,-0.015924887548535382,0.0,-0.009394332195450605,0.0
2024-11-27,-0.013341795288235314,-0.0030300887114236286,-0.01719372363951499,-0.002842174309738321
2024-11-29,-0.009932165862490239,0.0,-0.008558019990275612,0.0
2024-12-02,-0.014535339987610363,0.0,0.0,0.0
2024-12-03,-0.013751797343511729,0.0,0.0,0.0
2024-12-04,-0.012138652462314603,0.0,0.0,0.0
2024-12-05,-0.012076109504605914,-0.0016456371446975648,-0.002770820940301788,-0.0027776506478882634
2024-12-06,-0.012669275917479461,0.0,0.0,-1.1102230246251565e-16
2024-12-09,-0.013126641569849551,-0.005149468635669563,-0.007787495086753915,-0.0063813707020993204
2024-12-10,-0.01641882332871969,-0.008242552188483132,-0.011168510303779078,-0.010117443279110128
2024-12-11,-0.01377908728121735,-0.0005756361512210262,0.0,-0.0021490792428777716
2024-12-12,-0.018987288364402,-0.005725309749023855,-0.006453727405590914,-0.007836217670010304
2024-12-13,-0.02177201863072209,-0.005922790764406161,0.0,-0.008332127317354665
2024-12-16,-0.02186559339851435,-0.0016781274659505296,0.0,-0.004298261564044115
2024-12-17,-0.025568729447704275,-0.005791307555928826,-0.004403918093211723,-0.00922478529823234
2024-12-18,-0.04869451107518219,-0.03542206827288641,-0.04032190876581332,-0.03987449599870707
2024-12-19,-0.04848521542616302,-0.035718341036493406,-0.044595593014888135,-0.0412300785745181
2024-12-20,-0.04120837959701673,-0.024136340811035106,-0.03625238723900581,-0.030319138628341458
2024-12-23,-0.04085226325020852,-0.01829256294899506,-0.026862961952491493,-0.024809810249362907
2024-12-24,-0.03379885954222872,-0.007380993861384022,-0.013667343852138636,-0.014460750055353078
2024-12-26,-0.03252152122417573,-0.007314893573412307,-0.014337395835812838,-0.013896911815699298
2024-12-27,-0.038973632507841804,-0.017764170569487314,-0.027439973413069585,-0.02457747178644154
2024-12-30,-0.04571681373628411,-0.028973242193504833,-0.040374894943173034,-0.0353577084624388
2024-12-31,-0.04544546716208553,-0.03250576455999754,-0.048526698166929894,-0.03870775284795003
2025-01-02,-0.0446868159401127,-0.03488291538138322,-0.05038785195181372,-0.04053203240286629
2025-01-03,-0.038818238964831386,-0.02281576978653188,-0.03484728079057642,-0.027927619250241564
2025-01-06,-0.037891769366619976,-0.017186587278000376,-0.0237548591643425,-0.022487868716192794
2025-01-07,-0.040658911381187934,-0.02829635474846015,-0.04117535243246584,-0.03340056099327893
2025-01-08,-0.04060423790352041,-0.0268767870135993,-0.04100763916481853,-0.03250501682031526
2025-01-10,-0.04836352753753226,-0.041733774685126956,-0.05604569994854702,-0.047033489311400056
2025-01-13,-0.04934176229069409,-0.04024800418122765,-0.05907947331510788,-0.04547443019352748
2025-01-14,-0.0443667777676513,-0.03892733067565779,-0.059972799666014986,-0.043318341627012424
2025-01-15,-0.03512488901173094,-0.021445495444716633,-0.03834642843409897,-0.025771530683726618
2025-01-16,-0.03207628063498069,-0.02332745775218026,-0.04508351216644979,-0.026501531124901723
2025-01-17,-0.028905386459607163,-0.013521761854497494,-0.028966158426609767,-0.017512382794831804
2025-01-21,-0.021576462911080285,-0.004491950112216814,-0.023271002667847873,-0.0077603520494644584
2025-01-22,-0.02254279033538753,0.0,-0.010782629872210236,-0.002917630964058282
2025-01-23,-0.021619100565120952,0.0,-0.008679547839079094,0.0
2025-01-24,-0.018508814616692293,-0.0029189598199631517,-0.014281777515733007,-0.002912102869002897
2025-01-27,-0.021744916998049146,-0.017023328872595167,-0.04298043013331887,-0.016811051449413084
2025-01-28,-0.01964312376682298,-0.008577180677809548,-0.0288355812595098,-0.008372360022999015
2025-01-29,-0.020714726212441192,-0.013021696617142364,-0.030659656164340632,-0.01260831429690612
2025-01-30,-0.014853272210455626,-0.007724400508572926,-0.02652822206312344,-0.00642015997489076
2025-01-31,-0.016793354045493203,-0.013005304830221665,-0.027942483790578065,-0.011847200007486847
2025-02-03,-0.017449921997260698,-0.019647236527987277,-0.03572195326046912,-0.019061382875041777
2025-02-04,-0.01304757592253547,-0.013070871977904241,-0.023885093008479297,-0.011946440014146797
2025-02-05,-0.009533257295594066,-0.009069239722451328,-0.019455769015972013,-0.0073796514382450384
2025-02-06,-0.00970137030313123,-0.005625233659322659,-0.014337395835812505,-0.004930737159911658
2025-02-07,-0.010507002308805968,-0.014727256955615387,-0.02676992142939505,-0.013832720016380473
2025-02-10,-0.005205368335388538,-0.008036048084746894,-0.014989022820448117,-0.00751200572691979
2025-02-11,-0.007059320959277859,-0.007281618637034137,-0.017333918660838665,-0.008041525721004472
2025-02-12,-0.00839354373114598,-0.01047974789635342,-0.01675702164124815,-0.011317680013402165
2025-02-13,-0.00018650916966100883,-3.278357384117747e-05,-0.0026121155469450708,-0.0009926057453693016
2025-02-14,-0.0001667680287126272,-8.185712226183028e-05,0.0,-0.0011251657128142911
2025-02-18,0.0,0.0,0.0,0.0
2025-02-19,-0.0005431185773145941,0.0,0.0,0.0
2025-02-20,-0.003025049841860361,-0.004160346116164559,-0.004244730045244061,-0.0053773009437010355
2025-02-21,-0.012066629183969502,-0.021193294951382113,-0.024911062853323784,-0.02375296668597482
2025-02-24,-0.014591959767943141,-0.02564716241930065,-0.03642154805683129,-0.028734538632274598
2025-02-25,-0.018474122447298735,-0.03049299939421979,-0.04856166517782745,-0.03355095010841569
2025-02-26,-0.01598561368436835,-0.030003392004855134,-0.046263329174917156,-0.03322114177042612
2025-02-27,-0.022389794946268027,-0.04548639009959976,-0.07274992495020038,-0.04819876667879841
2025-02-28,-0.016069045935135695,-0.030590839844804485,-0.05810723607715085,-0.033518041038942514
2025-03-03,-0.02094065301937098,-0.04757476717061937,-0.07871823604136396,-0.05083795102597366
2025-03-04,-0.02659666845628139,-0.05884860020801741,-0.08149844076490831,-0.0626815252994879
2025-03-05,-0.01760005364404671,-0.04873315354053309,-0.0695248350443014,-0.05202565062050524
2025-03-06,-0.02929910564338034,-0.06561913913165285,-0.09512166045487569,-0.06964235735558721
2025-03-07,-0.02747478485224597,-0.06038214292261568,-0.08846752982104045,-0.065254686466786
2025-03-10,-0.042780220378275224,-0.08540944658665961,-0.12379529970570424,-0.09072312810444783
2025-03-11,-0.04419728685767954,-0.09301223704492656,-0.1258897418719982,-0.0970902641439797
2025-03-12,-0.04149640450412373,-0.08819921612175641,-0.11602909857953547,-0.09263657007530124
2025-03-13,-0.04519757505352051,-0.10035401835085744,-0.13193219099598408,-0.10537073963389931
2025-03-14,-0.03146898086030636,-0.08177101749105664,-0.11095050086765978,-0.08620351337635779
2025-03-17,-0.022019843673428463,-0.07469034662157226,-0.10518619758395464,-0.07864857522182855
2025-03-18,-0.026364622928097603,-0.08469154481259744,-0.12044045399601122,-0.08857881004495516
2025-03-19,-0.02045035524082439,-0.07472296010510038,-0.10867068512659972,-0.078219834634489
2025-03-20,-0.023767760899883417,-0.0773986837319588,-0.1116919381813033,-0.08043038091479016
2025-03-21,-0.027275028978245963,-0.07709442626450924,-0.10876345739211435,-0.08006735594593073
2025-03-24,-0.019721612915748366,-0.06056648000342735,-0.08920577595110346,-0.0630442427069502
2025-03-25,-0.01858043297470169,-0.058308148195263976,-0.0840082496654383,-0.061461019155948815
2025-03-26,-0.022168414273173287,-0.06955038059023722,-0.10086316957014962,-0.07244659965245537
2025-03-27,-0.019474184709120768,-0.07202151031421677,-0.10598644385215039,-0.07636975031140569
2025-03-28,-0.029017578128734067,-0.09070934022821542,-0.12952381614497255,-0.09477668479570212
2025-03-31,-0.02566537877354802,-0.0846055546029223,-0.12956097063951533,-0.09010872295381955
2025-04-01,-0.023629790760419822,-0.08202007511837328,-0.12254424177136203,-0.08702982832948014
2025-04-02,-0.01912113491809364,-0.0762106211177167,-0.11614016316521625,-0.07981269510926103
2025-04-03,-0.03213306423079487,-0.12173580303157516,-0.16345641196538818,-0.12612836587503773
2025-04-04,-0.06064465486031123,-0.17315197265491078,-0.21541309757476867,-0.17740982043540432
2025-04-07,-0.07216106630566466,-0.1746247449033076,-0.21351975695945846,-0.1800913969951251
2025-04-08,-0.07848762838343148,-0.18755234489427297,-0.22768308447040142,-0.19303593854923284
2025-04-09,-0.04855804292361876,-0.10222980007428162,-0.1349812529361738,-0.1111641711476653
2025-04-10,-0.055973906396279194,-0.14156905494936445,-0.1717724084341159,-0.1477466001650578
2025-04-11,-0.04596801104298032,-0.12625216279557105,-0.1565139351008995,-0.13347785301640835
2025-04-14,-0.04016881395927818,-0.11777549303332446,-0.1507965878041625,-0.12549930029782186
2025-04-15,-0.03797595079874361,-0.12024662275730402,-0.14985000297463902,-0.12702213929455664
2025-04-16,-0.03820896626439463,-0.13980184979222077,-0.17548495163191435,-0.14516436593655013
2025-04-17,-0.03508472876309465,-0.13857459022727847,-0.17563345563924304,-0.1433766140565811
2025-04-21,-0.038909607957742454,-0.1590787987339891,-0.19603383748715264,-0.16373692223310077
2025-04-22,-0.029517727527882176,-0.1371999622817972,-0.1749280331117209,-0.14244967526642494
2025-04-23,-0.02686547175246745,-0.12383035843332524,-0.15621687010082108,-0.1278497870137325
2025-04-24,-0.019740036111580817,-0.10538793991867101,-0.13247531904427712,-0.10947586411937471
2025-04-25,-0.022370745049050456,-0.09892398799702284,-0.12280420926231939,-0.10401326614825468
2025-04-28,-0.01961973793731331,-0.09858043229476288,-0.12308264002970559,-0.10272212340388442
2025-04-29,-0.01775960332399107,-0.09290203993288126,-0.11729109771472535,-0.09732585617403877
2025-04-30,-0.01957452624776146,-0.09254217748885718,-0.11740250421293241,-0.09679603040757023
2025-05-01,-0.020872385165959906,-0.08611104161895788,-0.10587515132478598,-0.09116816944582584
2025-05-02,-0.01232829787891776,-0.07254514916465438,-0.09260279087239465,-0.07699871336815634
2025-05-05,-0.010007660075439961,-0.07786347651429126,-0.09798597565993139,-0.0822294100459805
2025-05-06,-0.006827336449727661,-0.08557089345853541,-0.10637622413232317,-0.08967834203902969
2025-05-07,-0.008154305139197349,-0.08172533835729534,-0.10286797366908851,-0.08590425613713149
2025-05-08,-0.009530516338651207,-0.07532701853914492,-0.09360510744373207,-0.07872013450685111
2025-05-09,-0.008372322188669012,-0.07650525659468443,-0.09419918045846831,-0.07974646688845288
2025-05-12,-0.0084085684597891,-0.045986125899997954,-0.05729661846231915,-0.04895772568599033
2025-05-13,-0.0069351434074894636,-0.03968584910065276,-0.04292916917307543,-0.04250201196413861
2025-05-14,-0.009185223645018725,-0.03845838696748971,-0.037193358599909354,-0.04187294638692274
2025-05-15,-0.005515316667553893,-0.033761944055316406,-0.03613525330133649,-0.03796640404340745
2025-05-16,-0.004208394609933719,-0.027641851688259167,-0.03193998660158803,-0.03137843892086989
2025-05-19,-0.001866748208819602,-0.026578165961509748,-0.031011922033914785,-0.030616814381571378
2025-05-20,-0.00040325969931986894,-0.02985116198701998,-0.03424185570060534,-0.03379494881665801
2025-05-21,-0.004228562313545958,-0.0461988225317036,-0.04766266317490431,-0.05061291860387673
2025-05-22,-0.005341396881525684,-0.045822450777694645,-0.04588061508695884,-0.05077859167636378
2025-05-23,-0.003030538525697457,-0.052335424208745485,-0.054716489552179115,-0.05634032693776536
2025-05-27,-0.0003293414245651993,-0.03263282879328966,-0.03247849883077336,-0.03694017418227147
2025-05-28,-0.0021239768312960594,-0.03822938359401984,-0.03676642382519446,-0.04260125177488594
2025-05-29,-0.0003383072284101063,-0.034432951286292646,-0.03487302622446298,-0.0395224596710122
2025-05-30,-0.0010936718520246913,-0.03551294375480618,-0.036395220792293514,-0.040316993279783775
2025-06-02,0.0,-0.03008016536048952,-0.02878424795314094,-0.0354173351855368
2025-06-03,-0.000565823833708845,-0.024548938810926124,-0.021192422215470463,-0.02876293680125941
2025-06-04,0.0,-0.02481085952025519,-0.018463618341738153,-0.02886217661200663
2025-06-05,0.0,-0.029523811742413364,-0.025851550242792398,-0.034225329731447984
2025-06-06,-0.001263265810364178,-0.01955796170589541,-0.016328944468163242,-0.022969402767027747
2025-06-09,-0.0004962183018070165,-0.018674460411433946,-0.014881058889418153,-0.02217476663779039
2025-06-10,-0.0011656445502862267,-0.013110417810121788,-0.00836545981422332,-0.017010195660308924
2025-06-11,-0.0008468912651614646,-0.015925204520471525,-0.011706856964541879,-0.019625697779919626
2025-06-12,0.0,-0.012014118599844026,-0.00938663855993771,-0.01648057493477162
2025-06-13,-0.005412494524001277,-0.023059859820765194,-0.021823364797643907,-0.02810075711363902
2025-06-16,0.0,-0.013765017015223702,-0.008217183748578716,-0.018500023067104854
2025-06-17,-0.0037202801832388888,-0.022192563983957414,-0.01788817955969446,-0.026677260448117135
2025-06-18,-0.005195179367784353,-0.022339932364496384,-0.01805526081429465,-0.026313107754135645
2025-06-20,-0.004949361259686147,-0.024635941861704813,-0.022064755041329653,-0.028564354659298963
2025-06-23,0.0,-0.0150017972865375,-0.012009221608780929,-0.019228328455068056
2025-06-24,0.0,-0.004120237608471133,0.0,-0.00777361430775636
2025-06-25,-0.0008628081443627922,-0.003562263444629732,0.0,-0.008932198090043975
2025-06-26,0.0,0.0,0.0,-0.00039080801505020357
2025-06-27,-0.002034336488835664,0.0,0.0,0.0
2025-06-30,0.0,0.0,0.0,0.0
2025-07-01,-0.00026657081521686,-0.0003237141327537829,-0.008429363446313398,0.0
2025-07-02,0.0,0.0,-0.0015226663381787686,0.0
2025-07-03,0.0,0.0,0.0,0.0
2025-07-07,-0.0031841937302138357,-0.0074520706056897534,-0.007532999876067037,-0.007888820620966408
2025-07-08,-0.005524166758080651,-0.007995625508040893,-0.006975522601866402,-0.007953970269709454
2025-07-09,-0.0011049349531498942,-0.002046916445999747,0.0,-0.0017206523384214467
2025-07-10,-0.00270388029554236,0.0,-0.0014382709964962936,0.0
2025-07-11,-0.0034800065148413717,-0.003515507092989867,-0.0036854798466754435,-0.004216424639733374
2025-07-14,-0.002923630121479892,-0.001613932416789532,-7.199624075970856e-05,-0.0019460421414153606
2025-07-15,-0.006772029047979133,-0.0058803465394032806,0.0,-0.007200375950427773
2025-07-16,-0.0014360485614719476,-0.0025567324312655293,0.0,-0.003438067864739769
2025-07-17,0.0,0.0,0.0,0.0
2025-07-18,0.0,-0.0007325310505222893,-0.0009610921430169839,-0.0005495729802967864
2025-07-21,0.0,0.0,0.0,0.0
2025-07-22,0.0,0.0,-0.005175531054490756,0.0
2025-07-23,0.0,0.0,-0.0006380002469817958,0.0
2025-07-24,-0.001882961861682797,0.0,0.0,-0.00035221230140003446
2025-07-25,-0.00038838604195501336,0.0,0.0,0.0
2025-07-28,-0.007423193831380459,-0.0002510690047468067,0.0,-0.0002868010025239842
2025-07-29,-0.0067194161057230195,-0.0028880684589234207,-0.0015488262955902776,-0.0034427930913830673
2025-07-30,-0.012354967322074084,-0.004143800934825137,-0.00021114470547645148,-0.004590587632026688
2025-07-31,-0.015474859480809178,-0.007879421010853038,-0.0055091928367539955,-0.008925869224057803
2025-08-01,-0.015159238187591906,-0.0241406916311786,-0.02509944904833228,-0.025343405816037112
2025-08-04,-0.0036180890610997274,-0.009307860290560188,-0.0071108053087134415,-0.010073663764701313
2025-08-05,-0.003725602600176292,-0.014330596468083101,-0.013852215330034112,-0.014440932428050335
2025-08-06,0.0,-0.006780703525960052,-0.0014431459956614212,-0.007778271526930225
2025-08-07,0.0,-0.00761266019330975,0.0,-0.00835216879725198
2025-08-08,0.0,0.0,0.0,-0.0021038634968957304
2025-08-11,-0.0028201467056512275,-0.001977404495101198,-0.002958912426759608,-0.004399255734666818
2025-08-12,0.0,0.0,0.0,0.0
2025-08-13,0.0,0.0,0.0,0.0
2025-08-14,-0.004777230186757797,0.0,-0.0007752531091496095,-0.0014795494542053644
2025-08-15,-0.0035527012107761102,-0.002341293610408912,-0.0051693403881083455,-0.003746157404118211
2025-08-18,-0.0032654473057277533,-0.002558400774658298,-0.005565738208776261,-0.003368470405560653
2025-08-19,-0.009553474434194298,-0.007969622220138417,-0.01905774198443655,-0.009412531491330145
2025-08-20,-0.006627147762634289,-0.010605431410785182,-0.024881862670294574,-0.012025530708062115
2025-08-21,-0.006560351730643399,-0.014574789542878941,-0.02939652843855811,-0.015425296845361092
2025-08-22,0.0,0.0,-0.01442260340477286,0.0
2025-08-25,-0.0039222280493844686,-0.004400924825375907,-0.017265761753813447,-0.0048086579713571
2025-08-26,0.0,-0.00023247823230099218,-0.013319748790939001,-0.0002828508179775202
2025-08-27,-0.002448641465188195,0.0,-0.011803376535869603,0.0
2025-08-28,-0.0009616806812476897,0.0,-0.005617414704192525,0.0
2025-08-29,-0.0019932000955495965,-0.005963734491660877,-0.017127852088131723,-0.005935681750775856
2025-09-02,-0.003547395680194576,-0.013329794393760475,-0.025364387983322856,-0.012839826484921102
2025-09-03,-0.002099401206980267,-0.00798248966681292,-0.017696504893520704,-0.008653763150470617
2025-09-04,-0.0007616317708172282,0.0,-0.008805188700580002,0.0
2025-09-05,0.0,-0.0028961943811888213,-0.007375049615775842,-0.0018431384272951101
2025-09-08,0.0,-0.0004466360688951676,-0.0025329936986374646,0.0
2025-09-09,-0.0026759335877577506,0.0,0.0,0.0
2025-09-10,0.0,0.0,0.0,0.0
2025-09-11,0.0,0.0,0.0,0.0
2025-09-12,0.0,-0.000334630409346115,0.0,-0.001447114032738006
2025-09-15,0.0,0.0,0.0,0.0
2025-09-16,-0.0026650689255580673,-0.0013768848246956678,-0.0008450788899231343,-0.0013501004356870627
2025-09-17,-0.008794781091404302,-0.0026176311661139096,-0.00283935312543393,-0.002240062086998895
2025-09-18,-0.007318586822955719,0.0,0.0,0.0
2025-09-19,-0.0002612083030815171,0.0,0.0,0.0
2025-09-22,0.0,0.0,0.0,0.0
2025-09-23,-0.0013434872057112024,-0.005443470649980853,-0.006642261760471335,-0.005365918582925899
2025-09-24,-0.010736244703571374,-0.008607815584989353,-0.010129558537849803,-0.009003754926246499
2025-09-25,-0.0105252930339782,-0.013181571271498438,-0.014397178913013398,-0.014309116221135287
2025-09-26,0.0,-0.0075280548599657715,-0.01034541653217902,-0.008124785077785579
2025-09-29,0.0,-0.004738765274230339,-0.005762248796784775,-0.005610487661195096
2025-09-30,0.0,-0.0009897806646045337,-0.003038898078507657,-0.002357709560507626
2025-10-01,0.0,0.0,0.0,0.0
2025-10-02,0.0,0.0,0.0,0.0
2025-10-03,0.0,-1.4713447336722751e-05,-0.004209781352692121,0.0
2025-10-06,0.0,0.0,0.0,0.0
2025-10-07,-0.005953943707947884,-0.0037075138893177817,-0.005265569704058781,-0.004800492598473705
2025-10-08,0.0,0.0,0.0,0.0
2025-10-09,-0.011223454678942923,-0.00289697472493311,-0.0012102542195092658,-0.0034658561853406766
2025-10-10,-0.02501073750335503,-0.02984653787017777,-0.0358825348093359,-0.030167943521167695
2025-10-13,-0.002388152236478147,-0.01496038853801529,-0.01542262618352952,-0.014707248262177397
2025-10-14,-0.00362307679474394,-0.016163758522537375,-0.02198084151540669,-0.015008719849941676
2025-10-15,0.0,-0.01179598810234439,-0.01507918649276152,-0.010337162891621898
2025-10-16,0.0,-0.018525973253588957,-0.018726279568324067,-0.01820326088519808
2025-10-17,-0.015105606130922378,-0.01295474142128017,-0.012282477342297926,-0.013592295169356117
2025-10-20,-0.002185141382250677,-0.0026889769499151006,0.0,-0.00259187622684498
2025-10-21,-0.030061525461195115,-0.002703879647641738,-0.0002614443246298226,-0.0027124091885272206
2025-10-22,-0.029746217202979874,-0.007888738470180567,-0.009892913005653203,-0.008770141600712877
2025-10-23,-0.018241818876701066,-0.002005555689141403,-0.001569567479932199,-0.00241103038980206
2025-10-24,-0.016938748042940155,0.0,0.0,0.0
2025-10-27,-0.02054617618218768,0.0,0.0,0.0
2025-10-28,-0.015030543369263683,0.0,0.0,0.0
2025-10-29,-0.014646406794210476,0.0,0.0,-0.0007100585247109548
2025-10-30,-0.012653225972008908,-0.010998097614260183,-0.015288556288274191,-0.011451401896404811
2025-10-31,-0.016825885430415966,-0.007754041551313207,-0.010538469402316064,-0.007486225192592233
2025-11-03,-0.015786097776505525,-0.005891943523074317,-0.005804184342952934,-0.00636192031018834
2025-11-04,-0.034203114865656414,-0.01767565151272743,-0.02598427313572893,-0.01837542909618317
2025-11-05,-0.02527554170650792,-0.014271429414273062,-0.0196454282087849,-0.014173657320690869
2025-11-06,-0.026755554204691778,-0.024847669924390692,-0.03790684765410801,-0.025388373042191992
2025-11-07,-0.022054770850244765,-0.02388756899382516,-0.04094262905973245,-0.023257741951941524
2025-11-10,-0.002879923964069331,-0.008656038648986564,-0.01972424463655653,-0.008965741543799033
2025-11-11,0.0,-0.0063864975645184785,-0.02233520742354389,-0.006539389389754513
2025-11-12,0.0,-0.0058336606336865104,-0.023105931880445185,-0.0061842690241755705
2025-11-13,-0.012724903610589644,-0.022330851819200803,-0.04305014950551356,-0.02379042250031016
2025-11-14,-0.01757473706295609,-0.022491017854708417,-0.042326734175795355,-0.023938465238654505
2025-11-17,-0.02928193439546123,-0.03159783123191173,-0.05050581743282545,-0.03408781986341847
2025-11-18,-0.03187840184382884,-0.03973004010238845,-0.06206649158114308,-0.04062730035639628
2025-11-19,-0.029706523355332082,-0.03602034762207185,-0.05646705651571449,-0.03749070747119365
2025-11-20,-0.04635620252334782,-0.05071354461223976,-0.07880216758665737,-0.05281836932518058
2025-11-21,-0.043377851794374256,-0.041257571068195165,-0.07188144930114004,-0.04187013053269906
2025-11-24,-0.028480039828503,-0.027146218161181568,-0.04814643128753959,-0.027548339370440544
2025-11-25,-0.022626133439470397,-0.01799553594250336,-0.042279521401213604,-0.017132690023104025
2025-11-26,-0.009374461619241936,-0.011216367482660416,-0.03381735420189358,-0.010386131902891615
2025-11-28,0.0,-0.00581915705752567,-0.025984273135729152,-0.004852704308089595
2025-12-01,-0.0010104175140074334,-0.010358060169966099,-0.029256022061662668,-0.009735108267071135
2025-12-02,-4.4167240396353336e-05,-0.008525058822297371,-0.021658812163205643,-0.008551586289329505
2025-12-03,0.0,-0.005091740043272952,-0.019268015069932476,-0.004112946132486139
2025-12-04,-5.834838467166925e-06,-0.004364412557268271,-0.02018028149797868,-0.0025446952414966972
2025-12-05,0.0,-0.0024732178484592193,-0.016185213594928305,-0.0011540045332965043
2025-12-08,-0.0022879268449713663,-0.005470086418932207,-0.01807256834699522,-0.004083428688040791
2025-12-09,0.0,-0.0063283042033784875,-0.016861512502665543,-0.00508948158621636
2025-12-10,0.0,0.0,-0.012834937299026627,0.0
2025-12-11,0.0,0.0,-0.01602786979718851,0.0
2025-12-12,-0.007600457559984508,-0.01075198627826257,-0.034839751653097495,-0.011416150961117255
2025-12-15,-0.004976696575021644,-0.012246550500768727,-0.03968426408821968,-0.013358188417310846
2025-12-16,-0.00854652646297449,-0.01494546363102034,-0.037781011156956756,-0.016212090274756785
2025-12-17,-0.008078763982407922,-0.02578460380073122,-0.05561780468884525,-0.026951544725109744
2025-12-18,-0.003003062042259974,-0.018427958111125187,-0.04193351921034816,-0.01947798888333452
2025-12-19,0.0,-0.00953156390693033,-0.02944477680738955,-0.010739454450352737
2025-12-22,0.0,-0.00336105053300495,-0.02479239145903589,-0.0038614277734726477
2025-12-23,0.0,0.0,-0.02022518181013222,-0.0005567572630732487
2025-12-24,0.0,0.0,-0.01735878827739612,0.0
2025-12-26,0.0,-0.00010140966545202357,-0.017421706525971747,-0.0006178549233282205
2025-12-29,-0.015659599052736506,-0.0036647017840368834,-0.022178056331007112,-0.004383879406281155
2025-12-30,-0.01156204367882463,-0.004881351135810452,-0.024446003857765852,-0.005972778251506661
2025-12-31,-0.02196584767593901,-0.012254127111194113,-0.032509560345971744,-0.013563631830729506
2026-01-02,-0.007550923465298398,-0.010443595739656475,-0.0343837147916759,-0.010503714355913463
2026-01-05,0.0,-0.003853034019876689,-0.02671385503192325,-0.0030600078044835666
2026-01-06,0.0,0.0,-0.018161983560897488,0.0
2026-01-07,-0.004310284847250934,-0.003223412281198157,-0.017216957248447518,-0.0033997127915723624
2026-01-08,-0.006797330149576064,-0.0033246123310797238,-0.02280800963757279,-0.0031358085565076355
2026-01-09,0.0,0.0,-0.01307495162858563,0.0
2026-01-12,0.0,0.0,-0.012256050871090274,0.0
2026-01-13,-0.0012283407503641541,-0.0019995067653818532,-0.013720706761746415,-0.0020114272048886717
2026-01-14,0.0,-0.006904843320334031,-0.024256960054235166,-0.0059178418712484415
2026-01-15,-0.0001506110289501983,-0.00420043826208405,-0.02074481138833817,-0.0028568459722364548
2026-01-16,0.0,-0.005034823882229533,-0.021563808498434645,-0.0034399396911938274
2026-01-20,0.0,-0.025289130990863162,-0.042352749378116505,-0.023088363266223322
2026-01-21,0.0,-0.014039886333605756,-0.029406910235122652,-0.01151500457211696
2026-01-22,0.0,-0.008889962604907375,-0.02235129830794258,-0.0062968751636173215
2026-01-23,0.0,-0.008530452118199139,-0.019264450023688595,-0.0072005585527675775
2026-01-26,0.0,-0.0034956282359696056,-0.014949106074290008,-0.0029151105940385946
2026-01-27,0.0,0.0,-0.006019339701405557,0.0
2026-01-28,0.0,-0.00010066458032476078,-0.0027278384922285737,-0.0005535293960866605
2026-01-29,-0.005001726276975038,-0.0020848419786650974,-0.008696785783212535,-0.0028548486545628693
2026-01-30,-0.058874494484715045,-0.0050611963010487315,-0.02060317306459203,-0.007865501568824929
2026-02-02,-0.06305151736984871,-0.00011495700978392254,-0.01387814691208733,-0.0023013192584762088
2026-02-03,-0.04347047685845762,-0.008569458383974493,-0.029028918980663065,-0.009962903066261242
2026-02-04,-0.04958846426755248,-0.013371802907044983,-0.04599092724636733,-0.014623944345476647
2026-02-05,-0.07707586055613502,-0.02569408272246443,-0.05972415984626778,-0.027296270505138054
2026-02-06,-0.04707983104631441,-0.0070022317363926945,-0.03984864162584656,-0.00672937555194153
2026-02-09,-0.027142616133287056,-0.0022141796427812555,-0.03249375851937708,-0.0018352598493616146
2026-02-10,-0.03247937616047025,-0.004845486486067085,-0.03698234444571147,-0.004282362419458674
2026-02-11,-0.020395023423703695,-0.005075488730507782,-0.03439942026566978,-0.005243637900011366
2026-02-12,-0.0405439565160004,-0.02044593791509819,-0.05403868190797867,-0.02114940213637795
2026-02-13,-0.029959452982681323,-0.01975584295690269,-0.05202288913852837,-0.019285075062306256
2026-02-17,-0.03729850538941626,-0.01817423565498888,-0.05299932639896554,-0.018061568496064884
2026-02-18,-0.025615656586244984,-0.013228084588597144,-0.04592781629258946,-0.012934467807734995
2026-02-19,-0.02086645255873476,-0.015830630123218836,-0.04958179598743506,-0.014798794881806687
2026-02-20,-0.005986392761941017,-0.008713176702422887,-0.04117165919275667,-0.00873948593763385
2026-02-23,-6.23693417951543e-05,-0.01883556930452035,-0.05282608442203007,-0.019838604458392917
2026-02-24,0.0,-0.011703999904011941,-0.042652020557406245,-0.01182740901556123
2026-02-25,0.0,-0.0033644555396049602,-0.028776956928557307,-0.004194981870100367
2026-02-26,0.0,-0.00890021343361369,-0.040494396759007456,-0.008098575992188883
2026-02-27,0.0,-0.013659415993687807,-0.043565443216666666,-0.013109228906450943
2026-03-02,-0.0037696362189238997,-0.013098570474734839,-0.042305536603534866,-0.012089550663635262
2026-03-03,-0.04708068237315843,-0.02179745474769834,-0.052558320543329096,-0.021965162618152956
2026-03-04,-0.03617924576924003,-0.014895975816503815,-0.038116318209091005,-0.014798794881806354
2026-03-05,-0.057521075065681604,-0.02038841529776969,-0.041014122689814525,-0.021178558798701563
2026-03-06,-0.05822821059685357,-0.033228310444272546,-0.05544041955005907,-0.034549929353227316
2026-03-09,-0.04769427979758056,-0.02475942841574985,-0.042825262534341935,-0.026189211712963623
2026-03-10,-0.0488482186125494,-0.026326743288204835,-0.04280946070774705,-0.02843230708440614
2026-03-11,-0.049311527464558136,-0.027548834231815644,-0.042935586262701886,-0.029219000341471735
2026-03-12,-0.07526780849927639,-0.04231547238420341,-0.059361970418403076,-0.0447168396181431
2026-03-13,-0.0855233543037005,-0.04773609681868196,-0.06493722098093369,-0.049931499731059814
2026-03-16,-0.06859706295710033,-0.03804503562167527,-0.05444818046302691,-0.040230738312872605
2026-03-17,-0.061437496302648054,-0.035514569808460905,-0.049833661686940034,-0.03699703192332415
2026-03-18,-0.07712939525698781,-0.04897265664149841,-0.06307867565662184,-0.05025195470378219
2026-03-19,-0.08022846131310135,-0.05131626217326868,-0.06603959109112334,-0.05194152067913782
2026-03-20,-0.10863144757205112,-0.0649163910521634,-0.08330077418351567,-0.06679871832320783
2026-03-23,-0.09019406830874255,-0.05509802136312436,-0.07277801025519315,-0.05558306259076651
2026-03-24,-0.09391501518600298,-0.05826988200452621,-0.07911724059254177,-0.058525291794687684
2026-03-25,-0.07978849941939847,-0.05302191364690634,-0.07306186501829237,-0.05278643782323711
2026-03-26,-0.10226843670963792,-0.06993373959123006,-0.09518596389263378,-0.06910012701929846
2026-03-27,-0.10337388583210294,-0.08579313102311259,-0.11286300481175282,-0.08506161088949304
2026-03-30,-0.11588799154532925,-0.08884968175523789,-0.11964372276774415,-0.08918200178910851
2026-03-31,-0.07949274827455777,-0.06236448659476046,-0.08984022522613255,-0.06250150925974307
2026-04-01,-0.06808229284612055,-0.0552998798730131,-0.07859684019352642,-0.055400430981975335
2026-04-02,-0.07578000878801427,-0.05444921564558769,-0.07754033392150206,-0.053880796474153
2026-04-06,-0.07060386828347187,-0.049979743569112944,-0.07198955691967313,-0.04964351061239747
2026-04-07,-0.06810235484941896,-0.049561734119875855,-0.07184762953812363,-0.049000633039433916
2026-04-08,-0.04315862033607398,-0.02535441696063201,-0.044251762794927374,-0.02483324803966014
2026-04-09,-0.04276616194027305,-0.01973166934164483,-0.037786406902623804,-0.019719205243046156
2026-04-10,-0.04263432375367204,-0.020380386834308095,-0.036398736740316906,-0.020888244302062153
2026-04-13,-0.038308840551067314,-0.010807105843027576,-0.026432698141657718,-0.01030947382241365
2026-04-14,-0.027873373726783113,0.0,-0.008755657222538682,0.0
2026-04-15,-0.03173832330479298,0.0,0.0,0.0
2026-04-16,-0.03130418838318394,0.0,0.0,0.0
2026-04-17,-0.020156025484436402,0.0,0.0,0.0
2026-04-20,-0.025818748232081967,-0.0019997351150196074,-0.003174848913579109,-0.0009129309562785348
2026-04-21,-0.04052528226649943,-0.00853353591203554,-0.00696613494492182,-0.007674085744088899
2026-04-22,-0.029336153631824957,0.0,0.0,0.0
2026-04-23,-0.03728378684936651,-0.0038807408683984024,-0.005632679633709281,-0.004043041658395641
2026-04-24,-0.03334867204247005,0.0,0.0,0.0
2026-04-27,-0.033242536948843604,0.0,0.0,0.0
2026-04-28,-0.03849328885587666,-0.004865992267119368,-0.010056759402575555,-0.005389558373093184
2026-04-29,-0.04263125641139798,-0.005019749750924896,-0.004004673805915626,-0.006581025820134645
2026-04-30,-0.025416703675681163,0.0,0.0,0.0
2026-05-01,-0.0268389310815339,0.0,0.0,0.0
2026-05-04,-0.027388121627065165,-0.0036633921467565944,-0.0018838683316975136,-0.003687132550877714
2026-05-05,-0.016289196683132334,0.0,0.0,0.0
2026-05-06,-0.006814465963053573,0.0,0.0,0.0
2026-05-07,-0.017247894378972894,-0.0030660824190706926,-0.001192941202506459,-0.004587337146274906
2026-05-08,-0.005127164748943924,0.0,0.0,0.0
2026-05-11,0.0,0.0,0.0,0.0
2026-05-12,-0.008857269326593031,-0.0015149526145866732,-0.008481790799397704,-0.00231002610752018
2026-05-13,-0.003341030378733678,0.0,0.0,0.0
2026-05-14,-0.0037545189189378547,0.0,0.0,0.0
2026-05-15,-0.019991535510192615,-0.012029343756796318,-0.015087656778261516,-0.012683732141595794
2026-05-18,-0.0182479657989153,-0.012724390319108991,-0.019325059657848254,-0.013718100115024168
2026-05-19,-0.023401493630671677,-0.019300423939144218,-0.025368390555150944,-0.019978204716391446
2026-05-20,-0.013100156653184647,-0.009249239296974299,-0.009224799838167819,-0.00873710642869241
2026-05-21,-0.01216833705795739,-0.007284493648601287,-0.007335425959710373,-0.006287427843316706
2026-05-22,-0.011485886193594919,-0.0033815839160764583,-0.003125866663361787,-0.0016603034612550083
2026-05-26,0.0,0.0,0.0,0.0
2026-05-27,-0.0064898746966249865,-0.00017324216474590148,-0.0011365676760621835,-0.0002707149093668093
2026-05-28,-0.001933478103032793,0.0,0.0,0.0
2026-05-29,-0.003131047185069513,0.0,0.0,0.0
2026-06-01,0.0,0.0,0.0,0.0
2026-06-02,0.0,0.0,0.0,0.0
2026-06-03,-0.00431590202240828,-0.00701718232049986,-0.002613320951729281,-0.007239056289391588
2026-06-04,-0.005614882702120516,-0.00326501228528564,-0.007438052059240086,-0.0026177576020228743
2026-06-05,-0.0459441841248025,-0.028990115620008083,-0.05508200560693388,-0.029330003663389115
2026-06-08,-0.03337976815401056,-0.026791581636948503,-0.0403264419716719,-0.026418422800227215
2026-06-09,-0.03930272986946448,-0.02964838682468307,-0.05136965352390499,-0.028555386134370697
2026-06-10,-0.049908913027954305,-0.04494652583696368,-0.07031997684181457,-0.04359441173337497
2026-06-11,-0.022373650435391523,-0.02871362721290438,-0.03891926285236247,-0.026872565319878694
2026-06-12,-0.017760908525027763,-0.023460669725494432,-0.033263604922014856,-0.021369878602921943
2026-06-15,-0.012645187911236255,-0.006240404575367786,-0.002894773153373831,-0.00488830669262208
2026-06-16,-0.02422093410872217,-0.01216476485555229,-0.021845178360198614,-0.010658164922489832
2026-06-17,-0.030019221326659906,-0.02450072372774048,-0.031695595973194046,-0.022972498911243533
2026-06-18,-0.018641223183325617,-0.014358465125200892,-0.007424622277141912,-0.011673302216191117
2026-06-22,-0.01519513606580647,-0.01746025902097814,-0.009916092523009401,-0.014825321090207177
2026-06-23,-0.037196190882164304,-0.03172865595295571,-0.0425186082323743,-0.028475267382029212
2026-06-24,-0.03933684394620407,-0.032177466243158204,-0.04658390154004366,-0.028608853138484713
2026-06-25,-0.03171139045031879,-0.030778347896371905,-0.038855880831974665,-0.02772730160123893
2026-06-26,-0.0391745472268461,-0.037787151780292905,-0.05208470753169159,-0.029645409935363243
2026-06-29,-0.032087800875356454,-0.02193482752545195,-0.028525020953325653,-0.01651876990245893
2026-06-30,-0.025471336737918016,-0.014318828675231265,-0.011995661525270651,-0.008696318289893146
2026-07-01,-0.039494060042726375,-0.015651966833958753,-0.027062648705151515,-0.01075913090120606
2026-07-02,-0.04203233753996094,-0.016945468542716835,-0.04392742512998793,-0.012125319136290669
2026-07-06,-0.03253423657871968,-0.008365949485922508,-0.030215535719330222,-0.004329682779610877
2026-07-07,-0.04213065151412909,-0.0130780950045426,-0.04818048972027933,-0.009848311493207085
2026-07-08,-0.04353748144843039,-0.016127120862250877,-0.04548372396393063,-0.013491589125204206
2026-07-09,-0.03752861724101331,-0.007798390969592228,-0.029598338965243,-0.004919046132296212
2026-07-10,-0.03840621198734406,-0.0035218435911849033,-0.026606445558406078,-0.0015972245556132858
2026-07-13,-0.05124304440354199,-0.011151054591395537,-0.045081239945576,-0.009392860912293077
2026-07-14,-0.044324550152382125,-0.007640006293495261,-0.0344149630701458,-0.005695952768524415
2026-07-15,-0.04613061813344932,-0.003706652567262103,-0.037031232022823435,-0.002320500680069615
2026-07-16,-0.05301234944165456,-0.009105185390230641,-0.052862897893120375,-0.007249766040980488
2026-07-17,-0.05726255681084691,-0.018912225967724017,-0.06709797558318142,-0.016813410701887133
2026-07-20,-0.06034348018314739,-0.020496072728697023,-0.06611858415703287,-0.018849408057314276
2026-07-21,-0.047847811121946915,-0.012325727512135787,-0.04879768647436633,-0.010276865064406282
2026-07-22,-0.04927643793294845,-0.013474137256676455,-0.053654518036647114,-0.011830678336862577
2026-07-23,-0.05365824284655063,-0.025657028537519277,-0.07161939014868102,-0.02302850028405401
2026-07-24,-0.057247771205662046,-0.02466708403096607,-0.08199053937362288,-0.022733859484625696
2026-07-27,-0.05688821422322221,-0.024455850754909636,-0.08482143917311802,-0.021715860806912124
2026-07-28,-0.0633175275533856,-0.022119636501529594,-0.0937167044788727,-0.019545950679713764
2026-07-29,-0.0755014054632126,-0.03716674466400394,-0.11217806908394501,-0.03446741427273081
2026-07-30,-0.05651814987740855,-0.021024075356948058,-0.08290286377819833,-0.018795859299371442
2026-07-31,-0.05754458024241915,-0.013975635023057764,-0.07694585463980497,-0.013598768394918248
2026-08-03,-0.05192340825825903,0.0,-0.06073848242643354,0.0
2026-08-04,-0.03994548780161644,0.0,-0.02883366027482681,0.0
2026-08-05,-0.04186015974409596,-0.0019966020100066206,-0.0376215692127152,-0.0030723528313423287
2026-08-06,-0.042690982515790066,-0.003591224858201403,-0.04117694024524843,-0.00459534679466056
2026-08-07,-0.03733503907802371,0.0,-0.02993375596202419,0.0
2026-08-10,-0.03770877930680183,-0.00029741673673222557,-0.032831804672007636,-0.00039288044675966916
2026-08-11,-0.036105523620883595,-0.0034917261631695062,-0.03607861827195491,-0.002959832590564093
2026-08-12,-0.03188179424954629,-0.0009958093287191216,-0.02903486133954647,0.0
2026-08-13,-0.02945953225304121,0.0,-0.01780510683841985,0.0
2026-08-14,-0.02960328998175632,-0.0019797115463531245,-0.019146774825545387,-0.0011709125780549057
2026-08-17,-0.029881653593912594,-0.006697719365393873,-0.020756792787879008,-0.005646585946095017
2026-08-18,-0.03576524295387651,-0.013408228274684353,-0.03733978945540961,-0.013687169958695344
2026-08-19,-0.030725825285741748,-0.011338519140298042,-0.039258364850328964,-0.01121519046447561
2026-08-20,-0.036372598067274775,-0.019643170156015244,-0.046167987739590965,-0.020088476362018937
2026-08-21,-0.030914906506968265,-0.015632275033884646,-0.04280038798967978,-0.015768924671052842
2026-08-24,-0.034311769025645256,-0.018524752004466905,-0.05235305750689967,-0.018813376784818092
2026-08-25,-0.030759991294684652,-0.015388018284496985,-0.046449767496897,-0.016003107186663756
2026-08-26,-0.029864689195628125,-0.015169419086362046,-0.04557765054969931,-0.015794892010016826
2026-08-27,-0.026129886252065693,-0.008716034933815342,-0.032509817457324175,-0.009549786694590057
2026-08-28,-0.02604169184227889,-0.010965739244268247,-0.038788813810401335,-0.009549786694590057
2026-08-31,-0.02604169184227889,-0.013922477788171572,-0.038346040445753515,-0.009549786694590057
2026-09-01,-0.029377517040311885,-0.02069724827078312,-0.05058204593722415,-0.01735494956265382
2026-09-02,-0.02692935449988254,-0.01779198175630403,-0.05134680651655543,-0.01429468754431551
